metric,level_measure,project,b,rank,pack,count_pack,cs_su,ig_su,rf_su,cs_cos,ig_cos,rf_cos
CC,class,Android-Universal-Image-Loader,0.9,0.5,com.nostra13.universalimageloader.core,9880,1,1,0,1,1,0
CCL,class,Android-Universal-Image-Loader,0.9,0.5,com.nostra13.universalimageloader.core,9880,1,1,0,1,1,0
CCO,class,Android-Universal-Image-Loader,0.9,0.5,com.nostra13.universalimageloader.core,9880,1,1,0,1,1,0
CI,class,Android-Universal-Image-Loader,0.9,0.5,com.nostra13.universalimageloader.core,9880,1,1,0,1,1,0
CLC,class,Android-Universal-Image-Loader,0.9,0.5,com.nostra13.universalimageloader.core,9880,1,1,0,1,1,0
CLLC,class,Android-Universal-Image-Loader,0.9,0.5,com.nostra13.universalimageloader.core,9880,1,1,0,1,1,0
LDC,class,Android-Universal-Image-Loader,0.9,0.5,com.nostra13.universalimageloader.core,9880,1,1,0,1,1,0
LLDC,class,Android-Universal-Image-Loader,0.9,0.5,com.nostra13.universalimageloader.core,9880,1,1,0,1,1,0
LCOM5,class,Android-Universal-Image-Loader,0.9,0.5,com.nostra13.universalimageloader.core,9880,0,0,0,1,1,0
NL,class,Android-Universal-Image-Loader,0.9,0.5,com.nostra13.universalimageloader.core,9880,0,0,0,1,1,1
NLE,class,Android-Universal-Image-Loader,0.9,0.5,com.nostra13.universalimageloader.core,9880,0,0,0,1,1,1
WMC,class,Android-Universal-Image-Loader,0.9,0.5,com.nostra13.universalimageloader.core,9880,1,1,1,1,1,1
CBO,class,Android-Universal-Image-Loader,0.9,0.5,com.nostra13.universalimageloader.core,9880,0,0,0,1,1,1
CBOI,class,Android-Universal-Image-Loader,0.9,0.5,com.nostra13.universalimageloader.core,9880,0,0,0,1,1,1
NII,class,Android-Universal-Image-Loader,0.9,0.5,com.nostra13.universalimageloader.core,9880,0,0,0,1,1,0
NOI,class,Android-Universal-Image-Loader,0.9,0.5,com.nostra13.universalimageloader.core,9880,0,0,0,1,1,1
RFC,class,Android-Universal-Image-Loader,0.9,0.5,com.nostra13.universalimageloader.core,9880,0,0,0,1,1,1
AD,class,Android-Universal-Image-Loader,0.9,0.5,com.nostra13.universalimageloader.core,9880,0,0,0,1,1,1
CD,class,Android-Universal-Image-Loader,0.9,0.5,com.nostra13.universalimageloader.core,9880,1,1,1,1,1,1
CLOC,class,Android-Universal-Image-Loader,0.9,0.5,com.nostra13.universalimageloader.core,9880,1,1,1,1,1,1
DLOC,class,Android-Universal-Image-Loader,0.9,0.5,com.nostra13.universalimageloader.core,9880,1,1,1,1,1,1
PDA,class,Android-Universal-Image-Loader,0.9,0.5,com.nostra13.universalimageloader.core,9880,0,0,0,1,1,1
PUA,class,Android-Universal-Image-Loader,0.9,0.5,com.nostra13.universalimageloader.core,9880,0,0,0,1,1,0
TCD,class,Android-Universal-Image-Loader,0.9,0.5,com.nostra13.universalimageloader.core,9880,1,1,1,1,1,1
TCLOC,class,Android-Universal-Image-Loader,0.9,0.5,com.nostra13.universalimageloader.core,9880,1,1,1,1,1,1
DIT,class,Android-Universal-Image-Loader,0.9,0.5,com.nostra13.universalimageloader.core,9880,1,1,0,1,1,0
NOA,class,Android-Universal-Image-Loader,0.9,0.5,com.nostra13.universalimageloader.core,9880,1,1,0,1,1,0
NOC,class,Android-Universal-Image-Loader,0.9,0.5,com.nostra13.universalimageloader.core,9880,0,0,0,1,1,0
NOD,class,Android-Universal-Image-Loader,0.9,0.5,com.nostra13.universalimageloader.core,9880,0,0,0,1,1,0
NOP,class,Android-Universal-Image-Loader,0.9,0.5,com.nostra13.universalimageloader.core,9880,1,1,0,1,1,0
LLOC,class,Android-Universal-Image-Loader,0.9,0.5,com.nostra13.universalimageloader.core,9880,1,1,1,1,1,1
LOC,class,Android-Universal-Image-Loader,0.9,0.5,com.nostra13.universalimageloader.core,9880,1,1,1,1,1,1
NA,class,Android-Universal-Image-Loader,0.9,0.5,com.nostra13.universalimageloader.core,9880,1,1,1,1,1,1
NG,class,Android-Universal-Image-Loader,0.9,0.5,com.nostra13.universalimageloader.core,9880,1,1,1,1,1,1
NLA,class,Android-Universal-Image-Loader,0.9,0.5,com.nostra13.universalimageloader.core,9880,1,1,1,1,1,1
NLG,class,Android-Universal-Image-Loader,0.9,0.5,com.nostra13.universalimageloader.core,9880,1,1,1,1,1,1
NLM,class,Android-Universal-Image-Loader,0.9,0.5,com.nostra13.universalimageloader.core,9880,1,1,1,1,1,1
NLPA,class,Android-Universal-Image-Loader,0.9,0.5,com.nostra13.universalimageloader.core,9880,1,1,0,1,1,0
NLPM,class,Android-Universal-Image-Loader,0.9,0.5,com.nostra13.universalimageloader.core,9880,1,1,1,1,1,1
NLS,class,Android-Universal-Image-Loader,0.9,0.5,com.nostra13.universalimageloader.core,9880,1,1,0,1,1,0
NM,class,Android-Universal-Image-Loader,0.9,0.5,com.nostra13.universalimageloader.core,9880,1,1,1,1,1,1
NOS,class,Android-Universal-Image-Loader,0.9,0.5,com.nostra13.universalimageloader.core,9880,1,1,1,1,1,1
NPA,class,Android-Universal-Image-Loader,0.9,0.5,com.nostra13.universalimageloader.core,9880,1,1,0,1,1,0
NPM,class,Android-Universal-Image-Loader,0.9,0.5,com.nostra13.universalimageloader.core,9880,1,1,1,1,1,1
NS,class,Android-Universal-Image-Loader,0.9,0.5,com.nostra13.universalimageloader.core,9880,1,1,0,1,1,0
TLLOC,class,Android-Universal-Image-Loader,0.9,0.5,com.nostra13.universalimageloader.core,9880,1,1,1,1,1,1
TLOC,class,Android-Universal-Image-Loader,0.9,0.5,com.nostra13.universalimageloader.core,9880,1,1,1,1,1,1
TNA,class,Android-Universal-Image-Loader,0.9,0.5,com.nostra13.universalimageloader.core,9880,0,0,1,0,0,1
TNG,class,Android-Universal-Image-Loader,0.9,0.5,com.nostra13.universalimageloader.core,9880,0,0,1,0,0,1
TNLA,class,Android-Universal-Image-Loader,0.9,0.5,com.nostra13.universalimageloader.core,9880,0,0,1,0,0,1
TNLG,class,Android-Universal-Image-Loader,0.9,0.5,com.nostra13.universalimageloader.core,9880,0,0,1,0,0,1
TNLM,class,Android-Universal-Image-Loader,0.9,0.5,com.nostra13.universalimageloader.core,9880,0,0,1,0,0,1
TNLPA,class,Android-Universal-Image-Loader,0.9,0.5,com.nostra13.universalimageloader.core,9880,0,0,0,0,0,0
TNLPM,class,Android-Universal-Image-Loader,0.9,0.5,com.nostra13.universalimageloader.core,9880,0,0,1,0,0,1
TNLS,class,Android-Universal-Image-Loader,0.9,0.5,com.nostra13.universalimageloader.core,9880,0,0,0,0,0,0
TNM,class,Android-Universal-Image-Loader,0.9,0.5,com.nostra13.universalimageloader.core,9880,0,0,1,0,0,1
TNOS,class,Android-Universal-Image-Loader,0.9,0.5,com.nostra13.universalimageloader.core,9880,0,0,1,0,0,1
TNPA,class,Android-Universal-Image-Loader,0.9,0.5,com.nostra13.universalimageloader.core,9880,0,0,0,0,0,0
TNPM,class,Android-Universal-Image-Loader,0.9,0.5,com.nostra13.universalimageloader.core,9880,0,0,1,0,0,1
TNS,class,Android-Universal-Image-Loader,0.9,0.5,com.nostra13.universalimageloader.core,9880,0,0,0,0,0,0
WarningBlocker,class,Android-Universal-Image-Loader,0.9,0.5,com.nostra13.universalimageloader.core,9880,0,0,0,0,0,0
WarningCritical,class,Android-Universal-Image-Loader,0.9,0.5,com.nostra13.universalimageloader.core,9880,0,0,0,0,0,0
WarningInfo,class,Android-Universal-Image-Loader,0.9,0.5,com.nostra13.universalimageloader.core,9880,0,0,0,0,0,0
WarningMajor,class,Android-Universal-Image-Loader,0.9,0.5,com.nostra13.universalimageloader.core,9880,0,0,0,0,0,0
WarningMinor,class,Android-Universal-Image-Loader,0.9,0.5,com.nostra13.universalimageloader.core,9880,0,0,0,0,0,1
Android Rules,class,Android-Universal-Image-Loader,0.9,0.5,com.nostra13.universalimageloader.core,9880,0,0,0,0,0,0
Basic Rules,class,Android-Universal-Image-Loader,0.9,0.5,com.nostra13.universalimageloader.core,9880,0,0,0,0,0,0
Brace Rules,class,Android-Universal-Image-Loader,0.9,0.5,com.nostra13.universalimageloader.core,9880,0,0,0,0,0,0
Clone Implementation Rules,class,Android-Universal-Image-Loader,0.9,0.5,com.nostra13.universalimageloader.core,9880,0,0,0,0,0,0
Code Size Rules,class,Android-Universal-Image-Loader,0.9,0.5,com.nostra13.universalimageloader.core,9880,0,0,0,0,0,0
Comment Rules,class,Android-Universal-Image-Loader,0.9,0.5,com.nostra13.universalimageloader.core,9880,0,0,0,0,0,0
Controversial Rules,class,Android-Universal-Image-Loader,0.9,0.5,com.nostra13.universalimageloader.core,9880,0,0,0,0,0,0
Coupling Rules,class,Android-Universal-Image-Loader,0.9,0.5,com.nostra13.universalimageloader.core,9880,0,0,0,0,0,0
Design Rules,class,Android-Universal-Image-Loader,0.9,0.5,com.nostra13.universalimageloader.core,9880,0,0,0,0,0,1
Empty Code Rules,class,Android-Universal-Image-Loader,0.9,0.5,com.nostra13.universalimageloader.core,9880,0,0,0,0,0,0
Finalizer Rules,class,Android-Universal-Image-Loader,0.9,0.5,com.nostra13.universalimageloader.core,9880,0,0,0,0,0,0
Import Statement Rules,class,Android-Universal-Image-Loader,0.9,0.5,com.nostra13.universalimageloader.core,9880,0,0,0,0,0,0
J2EE Rules,class,Android-Universal-Image-Loader,0.9,0.5,com.nostra13.universalimageloader.core,9880,0,0,0,0,0,0
JUnit Rules,class,Android-Universal-Image-Loader,0.9,0.5,com.nostra13.universalimageloader.core,9880,0,0,0,0,0,0
Jakarta Commons Logging Rules,class,Android-Universal-Image-Loader,0.9,0.5,com.nostra13.universalimageloader.core,9880,0,0,0,0,0,0
Java Logging Rules,class,Android-Universal-Image-Loader,0.9,0.5,com.nostra13.universalimageloader.core,9880,0,0,0,0,0,0
JavaBean Rules,class,Android-Universal-Image-Loader,0.9,0.5,com.nostra13.universalimageloader.core,9880,0,0,0,0,0,0
MigratingToJUnit4 Rules,class,Android-Universal-Image-Loader,0.9,0.5,com.nostra13.universalimageloader.core,9880,0,0,0,0,0,0
Migration Rules,class,Android-Universal-Image-Loader,0.9,0.5,com.nostra13.universalimageloader.core,9880,0,0,0,0,0,0
Migration13 Rules,class,Android-Universal-Image-Loader,0.9,0.5,com.nostra13.universalimageloader.core,9880,0,0,0,0,0,0
Migration14 Rules,class,Android-Universal-Image-Loader,0.9,0.5,com.nostra13.universalimageloader.core,9880,0,0,0,0,0,0
Migration15 Rules,class,Android-Universal-Image-Loader,0.9,0.5,com.nostra13.universalimageloader.core,9880,0,0,0,0,0,0
Naming Rules,class,Android-Universal-Image-Loader,0.9,0.5,com.nostra13.universalimageloader.core,9880,0,0,0,0,0,1
Optimization Rules,class,Android-Universal-Image-Loader,0.9,0.5,com.nostra13.universalimageloader.core,9880,0,0,0,0,0,1
Security Code Guideline Rules,class,Android-Universal-Image-Loader,0.9,0.5,com.nostra13.universalimageloader.core,9880,0,0,0,0,0,0
Strict Exception Rules,class,Android-Universal-Image-Loader,0.9,0.5,com.nostra13.universalimageloader.core,9880,0,0,0,0,0,0
String and StringBuffer Rules,class,Android-Universal-Image-Loader,0.9,0.5,com.nostra13.universalimageloader.core,9880,0,0,0,0,0,0
Type Resolution Rules,class,Android-Universal-Image-Loader,0.9,0.5,com.nostra13.universalimageloader.core,9880,0,0,0,0,0,0
Unnecessary and Unused Code Rules,class,Android-Universal-Image-Loader,0.9,0.5,com.nostra13.universalimageloader.core,9880,0,0,0,0,0,0
Vulnerability Rules,class,Android-Universal-Image-Loader,0.9,0.5,com.nostra13.universalimageloader.core,9880,0,0,0,0,0,0
CC,class,Android-Universal-Image-Loader,0.9,0.5,com.nostra13.universalimageloader.core.download,760,0,0,0,1,1,1
CCL,class,Android-Universal-Image-Loader,0.9,0.5,com.nostra13.universalimageloader.core.download,760,0,0,0,1,1,1
CCO,class,Android-Universal-Image-Loader,0.9,0.5,com.nostra13.universalimageloader.core.download,760,0,0,0,1,1,1
CI,class,Android-Universal-Image-Loader,0.9,0.5,com.nostra13.universalimageloader.core.download,760,0,0,0,1,1,1
CLC,class,Android-Universal-Image-Loader,0.9,0.5,com.nostra13.universalimageloader.core.download,760,0,0,0,1,1,1
CLLC,class,Android-Universal-Image-Loader,0.9,0.5,com.nostra13.universalimageloader.core.download,760,0,0,0,1,1,1
LDC,class,Android-Universal-Image-Loader,0.9,0.5,com.nostra13.universalimageloader.core.download,760,0,0,0,1,1,1
LLDC,class,Android-Universal-Image-Loader,0.9,0.5,com.nostra13.universalimageloader.core.download,760,0,0,0,1,1,1
LCOM5,class,Android-Universal-Image-Loader,0.9,0.5,com.nostra13.universalimageloader.core.download,760,1,1,1,1,1,1
NL,class,Android-Universal-Image-Loader,0.9,0.5,com.nostra13.universalimageloader.core.download,760,0,0,0,1,1,1
NLE,class,Android-Universal-Image-Loader,0.9,0.5,com.nostra13.universalimageloader.core.download,760,1,1,1,1,1,1
WMC,class,Android-Universal-Image-Loader,0.9,0.5,com.nostra13.universalimageloader.core.download,760,1,1,1,1,1,1
CBO,class,Android-Universal-Image-Loader,0.9,0.5,com.nostra13.universalimageloader.core.download,760,0,0,0,1,1,1
CBOI,class,Android-Universal-Image-Loader,0.9,0.5,com.nostra13.universalimageloader.core.download,760,1,1,1,1,1,1
NII,class,Android-Universal-Image-Loader,0.9,0.5,com.nostra13.universalimageloader.core.download,760,1,1,1,1,1,1
NOI,class,Android-Universal-Image-Loader,0.9,0.5,com.nostra13.universalimageloader.core.download,760,1,1,1,1,1,1
RFC,class,Android-Universal-Image-Loader,0.9,0.5,com.nostra13.universalimageloader.core.download,760,1,1,1,1,1,1
AD,class,Android-Universal-Image-Loader,0.9,0.5,com.nostra13.universalimageloader.core.download,760,1,1,1,1,1,1
CD,class,Android-Universal-Image-Loader,0.9,0.5,com.nostra13.universalimageloader.core.download,760,1,1,1,1,1,1
CLOC,class,Android-Universal-Image-Loader,0.9,0.5,com.nostra13.universalimageloader.core.download,760,1,1,1,1,1,1
DLOC,class,Android-Universal-Image-Loader,0.9,0.5,com.nostra13.universalimageloader.core.download,760,1,1,1,1,1,1
PDA,class,Android-Universal-Image-Loader,0.9,0.5,com.nostra13.universalimageloader.core.download,760,0,0,0,1,1,1
PUA,class,Android-Universal-Image-Loader,0.9,0.5,com.nostra13.universalimageloader.core.download,760,1,1,1,1,1,1
TCD,class,Android-Universal-Image-Loader,0.9,0.5,com.nostra13.universalimageloader.core.download,760,1,1,1,1,1,1
TCLOC,class,Android-Universal-Image-Loader,0.9,0.5,com.nostra13.universalimageloader.core.download,760,1,1,1,1,1,1
DIT,class,Android-Universal-Image-Loader,0.9,0.5,com.nostra13.universalimageloader.core.download,760,1,1,1,1,1,1
NOA,class,Android-Universal-Image-Loader,0.9,0.5,com.nostra13.universalimageloader.core.download,760,1,1,1,1,1,1
NOC,class,Android-Universal-Image-Loader,0.9,0.5,com.nostra13.universalimageloader.core.download,760,1,1,1,1,1,1
NOD,class,Android-Universal-Image-Loader,0.9,0.5,com.nostra13.universalimageloader.core.download,760,1,1,1,1,1,1
NOP,class,Android-Universal-Image-Loader,0.9,0.5,com.nostra13.universalimageloader.core.download,760,0,0,0,1,1,1
LLOC,class,Android-Universal-Image-Loader,0.9,0.5,com.nostra13.universalimageloader.core.download,760,1,1,1,1,1,1
LOC,class,Android-Universal-Image-Loader,0.9,0.5,com.nostra13.universalimageloader.core.download,760,1,1,1,1,1,1
NA,class,Android-Universal-Image-Loader,0.9,0.5,com.nostra13.universalimageloader.core.download,760,1,1,1,1,1,1
NG,class,Android-Universal-Image-Loader,0.9,0.5,com.nostra13.universalimageloader.core.download,760,1,1,1,1,1,1
NLA,class,Android-Universal-Image-Loader,0.9,0.5,com.nostra13.universalimageloader.core.download,760,0,0,0,1,1,1
NLG,class,Android-Universal-Image-Loader,0.9,0.5,com.nostra13.universalimageloader.core.download,760,1,1,1,1,1,1
NLM,class,Android-Universal-Image-Loader,0.9,0.5,com.nostra13.universalimageloader.core.download,760,1,1,1,1,1,1
NLPA,class,Android-Universal-Image-Loader,0.9,0.5,com.nostra13.universalimageloader.core.download,760,1,1,1,1,1,1
NLPM,class,Android-Universal-Image-Loader,0.9,0.5,com.nostra13.universalimageloader.core.download,760,1,1,1,1,1,1
NLS,class,Android-Universal-Image-Loader,0.9,0.5,com.nostra13.universalimageloader.core.download,760,0,0,0,1,1,1
NM,class,Android-Universal-Image-Loader,0.9,0.5,com.nostra13.universalimageloader.core.download,760,1,1,1,1,1,1
NOS,class,Android-Universal-Image-Loader,0.9,0.5,com.nostra13.universalimageloader.core.download,760,1,1,1,1,1,1
NPA,class,Android-Universal-Image-Loader,0.9,0.5,com.nostra13.universalimageloader.core.download,760,0,0,0,1,1,1
NPM,class,Android-Universal-Image-Loader,0.9,0.5,com.nostra13.universalimageloader.core.download,760,1,1,1,1,1,1
NS,class,Android-Universal-Image-Loader,0.9,0.5,com.nostra13.universalimageloader.core.download,760,0,0,0,1,1,1
TLLOC,class,Android-Universal-Image-Loader,0.9,0.5,com.nostra13.universalimageloader.core.download,760,1,1,1,1,1,1
TLOC,class,Android-Universal-Image-Loader,0.9,0.5,com.nostra13.universalimageloader.core.download,760,1,1,1,1,1,1
TNA,class,Android-Universal-Image-Loader,0.9,0.5,com.nostra13.universalimageloader.core.download,760,0,0,0,0,0,0
TNG,class,Android-Universal-Image-Loader,0.9,0.5,com.nostra13.universalimageloader.core.download,760,0,0,0,0,0,0
TNLA,class,Android-Universal-Image-Loader,0.9,0.5,com.nostra13.universalimageloader.core.download,760,0,0,0,0,0,0
TNLG,class,Android-Universal-Image-Loader,0.9,0.5,com.nostra13.universalimageloader.core.download,760,0,0,0,0,0,0
TNLM,class,Android-Universal-Image-Loader,0.9,0.5,com.nostra13.universalimageloader.core.download,760,0,0,0,0,0,0
TNLPA,class,Android-Universal-Image-Loader,0.9,0.5,com.nostra13.universalimageloader.core.download,760,0,0,0,0,0,0
TNLPM,class,Android-Universal-Image-Loader,0.9,0.5,com.nostra13.universalimageloader.core.download,760,0,0,0,0,0,0
TNLS,class,Android-Universal-Image-Loader,0.9,0.5,com.nostra13.universalimageloader.core.download,760,0,0,0,0,0,0
TNM,class,Android-Universal-Image-Loader,0.9,0.5,com.nostra13.universalimageloader.core.download,760,0,0,0,0,0,0
TNOS,class,Android-Universal-Image-Loader,0.9,0.5,com.nostra13.universalimageloader.core.download,760,0,0,0,0,0,0
TNPA,class,Android-Universal-Image-Loader,0.9,0.5,com.nostra13.universalimageloader.core.download,760,0,0,0,0,0,0
TNPM,class,Android-Universal-Image-Loader,0.9,0.5,com.nostra13.universalimageloader.core.download,760,0,0,0,0,0,0
TNS,class,Android-Universal-Image-Loader,0.9,0.5,com.nostra13.universalimageloader.core.download,760,0,0,0,0,0,0
WarningBlocker,class,Android-Universal-Image-Loader,0.9,0.5,com.nostra13.universalimageloader.core.download,760,0,0,0,0,0,0
WarningCritical,class,Android-Universal-Image-Loader,0.9,0.5,com.nostra13.universalimageloader.core.download,760,0,0,0,0,0,0
WarningInfo,class,Android-Universal-Image-Loader,0.9,0.5,com.nostra13.universalimageloader.core.download,760,0,0,0,0,0,0
WarningMajor,class,Android-Universal-Image-Loader,0.9,0.5,com.nostra13.universalimageloader.core.download,760,0,0,0,0,0,0
WarningMinor,class,Android-Universal-Image-Loader,0.9,0.5,com.nostra13.universalimageloader.core.download,760,0,0,0,0,0,0
Android Rules,class,Android-Universal-Image-Loader,0.9,0.5,com.nostra13.universalimageloader.core.download,760,0,0,0,0,0,0
Basic Rules,class,Android-Universal-Image-Loader,0.9,0.5,com.nostra13.universalimageloader.core.download,760,0,0,0,0,0,0
Brace Rules,class,Android-Universal-Image-Loader,0.9,0.5,com.nostra13.universalimageloader.core.download,760,0,0,0,0,0,0
Clone Implementation Rules,class,Android-Universal-Image-Loader,0.9,0.5,com.nostra13.universalimageloader.core.download,760,0,0,0,0,0,0
Code Size Rules,class,Android-Universal-Image-Loader,0.9,0.5,com.nostra13.universalimageloader.core.download,760,0,0,0,0,0,0
Comment Rules,class,Android-Universal-Image-Loader,0.9,0.5,com.nostra13.universalimageloader.core.download,760,0,0,0,0,0,0
Controversial Rules,class,Android-Universal-Image-Loader,0.9,0.5,com.nostra13.universalimageloader.core.download,760,0,0,0,0,0,0
Coupling Rules,class,Android-Universal-Image-Loader,0.9,0.5,com.nostra13.universalimageloader.core.download,760,0,0,0,0,0,0
Design Rules,class,Android-Universal-Image-Loader,0.9,0.5,com.nostra13.universalimageloader.core.download,760,0,0,0,0,0,0
Empty Code Rules,class,Android-Universal-Image-Loader,0.9,0.5,com.nostra13.universalimageloader.core.download,760,0,0,0,0,0,0
Finalizer Rules,class,Android-Universal-Image-Loader,0.9,0.5,com.nostra13.universalimageloader.core.download,760,0,0,0,0,0,0
Import Statement Rules,class,Android-Universal-Image-Loader,0.9,0.5,com.nostra13.universalimageloader.core.download,760,0,0,0,0,0,0
J2EE Rules,class,Android-Universal-Image-Loader,0.9,0.5,com.nostra13.universalimageloader.core.download,760,0,0,0,0,0,0
JUnit Rules,class,Android-Universal-Image-Loader,0.9,0.5,com.nostra13.universalimageloader.core.download,760,0,0,0,0,0,0
Jakarta Commons Logging Rules,class,Android-Universal-Image-Loader,0.9,0.5,com.nostra13.universalimageloader.core.download,760,0,0,0,0,0,0
Java Logging Rules,class,Android-Universal-Image-Loader,0.9,0.5,com.nostra13.universalimageloader.core.download,760,0,0,0,0,0,0
JavaBean Rules,class,Android-Universal-Image-Loader,0.9,0.5,com.nostra13.universalimageloader.core.download,760,0,0,0,0,0,0
MigratingToJUnit4 Rules,class,Android-Universal-Image-Loader,0.9,0.5,com.nostra13.universalimageloader.core.download,760,0,0,0,0,0,0
Migration Rules,class,Android-Universal-Image-Loader,0.9,0.5,com.nostra13.universalimageloader.core.download,760,0,0,0,0,0,0
Migration13 Rules,class,Android-Universal-Image-Loader,0.9,0.5,com.nostra13.universalimageloader.core.download,760,0,0,0,0,0,0
Migration14 Rules,class,Android-Universal-Image-Loader,0.9,0.5,com.nostra13.universalimageloader.core.download,760,0,0,0,0,0,0
Migration15 Rules,class,Android-Universal-Image-Loader,0.9,0.5,com.nostra13.universalimageloader.core.download,760,0,0,0,0,0,0
Naming Rules,class,Android-Universal-Image-Loader,0.9,0.5,com.nostra13.universalimageloader.core.download,760,0,0,0,0,0,0
Optimization Rules,class,Android-Universal-Image-Loader,0.9,0.5,com.nostra13.universalimageloader.core.download,760,0,0,0,0,0,0
Security Code Guideline Rules,class,Android-Universal-Image-Loader,0.9,0.5,com.nostra13.universalimageloader.core.download,760,0,0,0,0,0,0
Strict Exception Rules,class,Android-Universal-Image-Loader,0.9,0.5,com.nostra13.universalimageloader.core.download,760,0,0,0,0,0,0
String and StringBuffer Rules,class,Android-Universal-Image-Loader,0.9,0.5,com.nostra13.universalimageloader.core.download,760,0,0,0,0,0,0
Type Resolution Rules,class,Android-Universal-Image-Loader,0.9,0.5,com.nostra13.universalimageloader.core.download,760,0,0,0,0,0,0
Unnecessary and Unused Code Rules,class,Android-Universal-Image-Loader,0.9,0.5,com.nostra13.universalimageloader.core.download,760,0,0,0,0,0,0
Vulnerability Rules,class,Android-Universal-Image-Loader,0.9,0.5,com.nostra13.universalimageloader.core.download,760,0,0,0,0,0,0
CC,class,Android-Universal-Image-Loader,0.9,0.5,com.nostra13.universalimageloader.core.display,1140,0,0,0,1,1,1
CCL,class,Android-Universal-Image-Loader,0.9,0.5,com.nostra13.universalimageloader.core.display,1140,0,0,0,1,1,1
CCO,class,Android-Universal-Image-Loader,0.9,0.5,com.nostra13.universalimageloader.core.display,1140,0,0,0,1,1,1
CI,class,Android-Universal-Image-Loader,0.9,0.5,com.nostra13.universalimageloader.core.display,1140,0,0,0,1,1,1
CLC,class,Android-Universal-Image-Loader,0.9,0.5,com.nostra13.universalimageloader.core.display,1140,0,0,0,1,1,1
CLLC,class,Android-Universal-Image-Loader,0.9,0.5,com.nostra13.universalimageloader.core.display,1140,0,0,0,1,1,1
LDC,class,Android-Universal-Image-Loader,0.9,0.5,com.nostra13.universalimageloader.core.display,1140,0,0,0,1,1,1
LLDC,class,Android-Universal-Image-Loader,0.9,0.5,com.nostra13.universalimageloader.core.display,1140,0,0,0,1,1,1
LCOM5,class,Android-Universal-Image-Loader,0.9,0.5,com.nostra13.universalimageloader.core.display,1140,0,0,0,1,1,1
NL,class,Android-Universal-Image-Loader,0.9,0.5,com.nostra13.universalimageloader.core.display,1140,1,1,1,1,1,1
NLE,class,Android-Universal-Image-Loader,0.9,0.5,com.nostra13.universalimageloader.core.display,1140,1,1,1,1,1,1
WMC,class,Android-Universal-Image-Loader,0.9,0.5,com.nostra13.universalimageloader.core.display,1140,1,1,1,1,1,1
CBO,class,Android-Universal-Image-Loader,0.9,0.5,com.nostra13.universalimageloader.core.display,1140,0,0,0,1,1,1
CBOI,class,Android-Universal-Image-Loader,0.9,0.5,com.nostra13.universalimageloader.core.display,1140,0,0,0,1,1,1
NII,class,Android-Universal-Image-Loader,0.9,0.5,com.nostra13.universalimageloader.core.display,1140,0,0,0,1,1,1
NOI,class,Android-Universal-Image-Loader,0.9,0.5,com.nostra13.universalimageloader.core.display,1140,0,0,0,1,1,1
RFC,class,Android-Universal-Image-Loader,0.9,0.5,com.nostra13.universalimageloader.core.display,1140,0,0,0,1,1,1
AD,class,Android-Universal-Image-Loader,0.9,0.5,com.nostra13.universalimageloader.core.display,1140,0,0,0,1,1,1
CD,class,Android-Universal-Image-Loader,0.9,0.5,com.nostra13.universalimageloader.core.display,1140,1,1,1,1,1,1
CLOC,class,Android-Universal-Image-Loader,0.9,0.5,com.nostra13.universalimageloader.core.display,1140,1,1,1,1,1,1
DLOC,class,Android-Universal-Image-Loader,0.9,0.5,com.nostra13.universalimageloader.core.display,1140,0,0,0,1,1,1
PDA,class,Android-Universal-Image-Loader,0.9,0.5,com.nostra13.universalimageloader.core.display,1140,0,0,0,1,1,1
PUA,class,Android-Universal-Image-Loader,0.9,0.5,com.nostra13.universalimageloader.core.display,1140,1,1,1,1,1,1
TCD,class,Android-Universal-Image-Loader,0.9,0.5,com.nostra13.universalimageloader.core.display,1140,1,1,1,1,1,1
TCLOC,class,Android-Universal-Image-Loader,0.9,0.5,com.nostra13.universalimageloader.core.display,1140,1,1,1,1,1,1
DIT,class,Android-Universal-Image-Loader,0.9,0.5,com.nostra13.universalimageloader.core.display,1140,0,0,0,1,1,1
NOA,class,Android-Universal-Image-Loader,0.9,0.5,com.nostra13.universalimageloader.core.display,1140,0,0,0,1,1,1
NOC,class,Android-Universal-Image-Loader,0.9,0.5,com.nostra13.universalimageloader.core.display,1140,0,0,0,1,1,1
NOD,class,Android-Universal-Image-Loader,0.9,0.5,com.nostra13.universalimageloader.core.display,1140,0,0,0,1,1,1
NOP,class,Android-Universal-Image-Loader,0.9,0.5,com.nostra13.universalimageloader.core.display,1140,0,0,0,1,1,1
LLOC,class,Android-Universal-Image-Loader,0.9,0.5,com.nostra13.universalimageloader.core.display,1140,1,1,1,1,1,1
LOC,class,Android-Universal-Image-Loader,0.9,0.5,com.nostra13.universalimageloader.core.display,1140,1,1,1,1,1,1
NA,class,Android-Universal-Image-Loader,0.9,0.5,com.nostra13.universalimageloader.core.display,1140,1,1,1,1,1,1
NG,class,Android-Universal-Image-Loader,0.9,0.5,com.nostra13.universalimageloader.core.display,1140,1,1,1,1,1,1
NLA,class,Android-Universal-Image-Loader,0.9,0.5,com.nostra13.universalimageloader.core.display,1140,1,1,1,1,1,1
NLG,class,Android-Universal-Image-Loader,0.9,0.5,com.nostra13.universalimageloader.core.display,1140,1,1,1,1,1,1
NLM,class,Android-Universal-Image-Loader,0.9,0.5,com.nostra13.universalimageloader.core.display,1140,1,1,1,1,1,1
NLPA,class,Android-Universal-Image-Loader,0.9,0.5,com.nostra13.universalimageloader.core.display,1140,0,0,0,1,1,1
NLPM,class,Android-Universal-Image-Loader,0.9,0.5,com.nostra13.universalimageloader.core.display,1140,1,1,1,1,1,1
NLS,class,Android-Universal-Image-Loader,0.9,0.5,com.nostra13.universalimageloader.core.display,1140,0,0,0,1,1,1
NM,class,Android-Universal-Image-Loader,0.9,0.5,com.nostra13.universalimageloader.core.display,1140,1,1,1,1,1,1
NOS,class,Android-Universal-Image-Loader,0.9,0.5,com.nostra13.universalimageloader.core.display,1140,1,1,1,1,1,1
NPA,class,Android-Universal-Image-Loader,0.9,0.5,com.nostra13.universalimageloader.core.display,1140,0,0,0,1,1,1
NPM,class,Android-Universal-Image-Loader,0.9,0.5,com.nostra13.universalimageloader.core.display,1140,1,1,1,1,1,1
NS,class,Android-Universal-Image-Loader,0.9,0.5,com.nostra13.universalimageloader.core.display,1140,0,0,0,1,1,1
TLLOC,class,Android-Universal-Image-Loader,0.9,0.5,com.nostra13.universalimageloader.core.display,1140,1,1,1,1,1,1
TLOC,class,Android-Universal-Image-Loader,0.9,0.5,com.nostra13.universalimageloader.core.display,1140,1,1,1,1,1,1
TNA,class,Android-Universal-Image-Loader,0.9,0.5,com.nostra13.universalimageloader.core.display,1140,0,0,0,0,0,0
TNG,class,Android-Universal-Image-Loader,0.9,0.5,com.nostra13.universalimageloader.core.display,1140,0,0,0,0,0,0
TNLA,class,Android-Universal-Image-Loader,0.9,0.5,com.nostra13.universalimageloader.core.display,1140,0,0,0,0,0,0
TNLG,class,Android-Universal-Image-Loader,0.9,0.5,com.nostra13.universalimageloader.core.display,1140,0,0,0,0,0,0
TNLM,class,Android-Universal-Image-Loader,0.9,0.5,com.nostra13.universalimageloader.core.display,1140,0,0,0,0,0,0
TNLPA,class,Android-Universal-Image-Loader,0.9,0.5,com.nostra13.universalimageloader.core.display,1140,0,0,0,0,0,0
TNLPM,class,Android-Universal-Image-Loader,0.9,0.5,com.nostra13.universalimageloader.core.display,1140,0,0,0,0,0,0
TNLS,class,Android-Universal-Image-Loader,0.9,0.5,com.nostra13.universalimageloader.core.display,1140,0,0,0,0,0,0
TNM,class,Android-Universal-Image-Loader,0.9,0.5,com.nostra13.universalimageloader.core.display,1140,0,0,0,0,0,0
TNOS,class,Android-Universal-Image-Loader,0.9,0.5,com.nostra13.universalimageloader.core.display,1140,0,0,0,0,0,0
TNPA,class,Android-Universal-Image-Loader,0.9,0.5,com.nostra13.universalimageloader.core.display,1140,0,0,0,0,0,0
TNPM,class,Android-Universal-Image-Loader,0.9,0.5,com.nostra13.universalimageloader.core.display,1140,0,0,0,0,0,0
TNS,class,Android-Universal-Image-Loader,0.9,0.5,com.nostra13.universalimageloader.core.display,1140,0,0,0,0,0,0
WarningBlocker,class,Android-Universal-Image-Loader,0.9,0.5,com.nostra13.universalimageloader.core.display,1140,0,0,0,0,0,0
WarningCritical,class,Android-Universal-Image-Loader,0.9,0.5,com.nostra13.universalimageloader.core.display,1140,0,0,0,0,0,0
WarningInfo,class,Android-Universal-Image-Loader,0.9,0.5,com.nostra13.universalimageloader.core.display,1140,0,0,0,0,0,0
WarningMajor,class,Android-Universal-Image-Loader,0.9,0.5,com.nostra13.universalimageloader.core.display,1140,0,0,0,0,0,0
WarningMinor,class,Android-Universal-Image-Loader,0.9,0.5,com.nostra13.universalimageloader.core.display,1140,0,0,0,0,0,0
Android Rules,class,Android-Universal-Image-Loader,0.9,0.5,com.nostra13.universalimageloader.core.display,1140,0,0,0,0,0,0
Basic Rules,class,Android-Universal-Image-Loader,0.9,0.5,com.nostra13.universalimageloader.core.display,1140,0,0,0,0,0,0
Brace Rules,class,Android-Universal-Image-Loader,0.9,0.5,com.nostra13.universalimageloader.core.display,1140,0,0,0,0,0,0
Clone Implementation Rules,class,Android-Universal-Image-Loader,0.9,0.5,com.nostra13.universalimageloader.core.display,1140,0,0,0,0,0,0
Code Size Rules,class,Android-Universal-Image-Loader,0.9,0.5,com.nostra13.universalimageloader.core.display,1140,0,0,0,0,0,0
Comment Rules,class,Android-Universal-Image-Loader,0.9,0.5,com.nostra13.universalimageloader.core.display,1140,0,0,0,0,0,0
Controversial Rules,class,Android-Universal-Image-Loader,0.9,0.5,com.nostra13.universalimageloader.core.display,1140,0,0,0,0,0,0
Coupling Rules,class,Android-Universal-Image-Loader,0.9,0.5,com.nostra13.universalimageloader.core.display,1140,0,0,0,0,0,0
Design Rules,class,Android-Universal-Image-Loader,0.9,0.5,com.nostra13.universalimageloader.core.display,1140,0,0,0,0,0,0
Empty Code Rules,class,Android-Universal-Image-Loader,0.9,0.5,com.nostra13.universalimageloader.core.display,1140,0,0,0,0,0,0
Finalizer Rules,class,Android-Universal-Image-Loader,0.9,0.5,com.nostra13.universalimageloader.core.display,1140,0,0,0,0,0,0
Import Statement Rules,class,Android-Universal-Image-Loader,0.9,0.5,com.nostra13.universalimageloader.core.display,1140,0,0,0,0,0,0
J2EE Rules,class,Android-Universal-Image-Loader,0.9,0.5,com.nostra13.universalimageloader.core.display,1140,0,0,0,0,0,0
JUnit Rules,class,Android-Universal-Image-Loader,0.9,0.5,com.nostra13.universalimageloader.core.display,1140,0,0,0,0,0,0
Jakarta Commons Logging Rules,class,Android-Universal-Image-Loader,0.9,0.5,com.nostra13.universalimageloader.core.display,1140,0,0,0,0,0,0
Java Logging Rules,class,Android-Universal-Image-Loader,0.9,0.5,com.nostra13.universalimageloader.core.display,1140,0,0,0,0,0,0
JavaBean Rules,class,Android-Universal-Image-Loader,0.9,0.5,com.nostra13.universalimageloader.core.display,1140,0,0,0,0,0,0
MigratingToJUnit4 Rules,class,Android-Universal-Image-Loader,0.9,0.5,com.nostra13.universalimageloader.core.display,1140,0,0,0,0,0,0
Migration Rules,class,Android-Universal-Image-Loader,0.9,0.5,com.nostra13.universalimageloader.core.display,1140,0,0,0,0,0,0
Migration13 Rules,class,Android-Universal-Image-Loader,0.9,0.5,com.nostra13.universalimageloader.core.display,1140,0,0,0,0,0,0
Migration14 Rules,class,Android-Universal-Image-Loader,0.9,0.5,com.nostra13.universalimageloader.core.display,1140,0,0,0,0,0,0
Migration15 Rules,class,Android-Universal-Image-Loader,0.9,0.5,com.nostra13.universalimageloader.core.display,1140,0,0,0,0,0,0
Naming Rules,class,Android-Universal-Image-Loader,0.9,0.5,com.nostra13.universalimageloader.core.display,1140,0,0,0,0,0,0
Optimization Rules,class,Android-Universal-Image-Loader,0.9,0.5,com.nostra13.universalimageloader.core.display,1140,0,0,0,0,0,0
Security Code Guideline Rules,class,Android-Universal-Image-Loader,0.9,0.5,com.nostra13.universalimageloader.core.display,1140,0,0,0,0,0,0
Strict Exception Rules,class,Android-Universal-Image-Loader,0.9,0.5,com.nostra13.universalimageloader.core.display,1140,0,0,0,0,0,0
String and StringBuffer Rules,class,Android-Universal-Image-Loader,0.9,0.5,com.nostra13.universalimageloader.core.display,1140,0,0,0,0,0,0
Type Resolution Rules,class,Android-Universal-Image-Loader,0.9,0.5,com.nostra13.universalimageloader.core.display,1140,0,0,0,0,0,0
Unnecessary and Unused Code Rules,class,Android-Universal-Image-Loader,0.9,0.5,com.nostra13.universalimageloader.core.display,1140,0,0,0,0,0,0
Vulnerability Rules,class,Android-Universal-Image-Loader,0.9,0.5,com.nostra13.universalimageloader.core.display,1140,0,0,0,0,0,0
CC,class,Android-Universal-Image-Loader,0.9,0.5,com.nostra13.universalimageloader.cache.memory.impl,380,0,0,0,1,1,1
CCL,class,Android-Universal-Image-Loader,0.9,0.5,com.nostra13.universalimageloader.cache.memory.impl,380,0,0,0,1,1,1
CCO,class,Android-Universal-Image-Loader,0.9,0.5,com.nostra13.universalimageloader.cache.memory.impl,380,0,0,0,1,1,1
CI,class,Android-Universal-Image-Loader,0.9,0.5,com.nostra13.universalimageloader.cache.memory.impl,380,0,0,0,1,1,1
CLC,class,Android-Universal-Image-Loader,0.9,0.5,com.nostra13.universalimageloader.cache.memory.impl,380,0,0,0,1,1,1
CLLC,class,Android-Universal-Image-Loader,0.9,0.5,com.nostra13.universalimageloader.cache.memory.impl,380,0,0,0,1,1,1
LDC,class,Android-Universal-Image-Loader,0.9,0.5,com.nostra13.universalimageloader.cache.memory.impl,380,0,0,0,1,1,1
LLDC,class,Android-Universal-Image-Loader,0.9,0.5,com.nostra13.universalimageloader.cache.memory.impl,380,0,0,0,1,1,1
LCOM5,class,Android-Universal-Image-Loader,0.9,0.5,com.nostra13.universalimageloader.cache.memory.impl,380,0,0,0,1,1,1
NL,class,Android-Universal-Image-Loader,0.9,0.5,com.nostra13.universalimageloader.cache.memory.impl,380,0,0,0,1,1,1
NLE,class,Android-Universal-Image-Loader,0.9,0.5,com.nostra13.universalimageloader.cache.memory.impl,380,0,0,0,1,1,1
WMC,class,Android-Universal-Image-Loader,0.9,0.5,com.nostra13.universalimageloader.cache.memory.impl,380,1,1,1,1,1,1
CBO,class,Android-Universal-Image-Loader,0.9,0.5,com.nostra13.universalimageloader.cache.memory.impl,380,0,0,0,1,1,1
CBOI,class,Android-Universal-Image-Loader,0.9,0.5,com.nostra13.universalimageloader.cache.memory.impl,380,0,0,0,1,1,1
NII,class,Android-Universal-Image-Loader,0.9,0.5,com.nostra13.universalimageloader.cache.memory.impl,380,0,0,0,1,1,1
NOI,class,Android-Universal-Image-Loader,0.9,0.5,com.nostra13.universalimageloader.cache.memory.impl,380,1,1,1,1,1,1
RFC,class,Android-Universal-Image-Loader,0.9,0.5,com.nostra13.universalimageloader.cache.memory.impl,380,1,1,1,1,1,1
AD,class,Android-Universal-Image-Loader,0.9,0.5,com.nostra13.universalimageloader.cache.memory.impl,380,1,1,1,1,1,1
CD,class,Android-Universal-Image-Loader,0.9,0.5,com.nostra13.universalimageloader.cache.memory.impl,380,1,1,1,1,1,1
CLOC,class,Android-Universal-Image-Loader,0.9,0.5,com.nostra13.universalimageloader.cache.memory.impl,380,1,1,1,1,1,1
DLOC,class,Android-Universal-Image-Loader,0.9,0.5,com.nostra13.universalimageloader.cache.memory.impl,380,1,1,1,1,1,1
PDA,class,Android-Universal-Image-Loader,0.9,0.5,com.nostra13.universalimageloader.cache.memory.impl,380,1,1,1,1,1,1
PUA,class,Android-Universal-Image-Loader,0.9,0.5,com.nostra13.universalimageloader.cache.memory.impl,380,1,1,1,1,1,1
TCD,class,Android-Universal-Image-Loader,0.9,0.5,com.nostra13.universalimageloader.cache.memory.impl,380,1,1,1,1,1,1
TCLOC,class,Android-Universal-Image-Loader,0.9,0.5,com.nostra13.universalimageloader.cache.memory.impl,380,1,1,1,1,1,1
DIT,class,Android-Universal-Image-Loader,0.9,0.5,com.nostra13.universalimageloader.cache.memory.impl,380,0,0,0,1,1,1
NOA,class,Android-Universal-Image-Loader,0.9,0.5,com.nostra13.universalimageloader.cache.memory.impl,380,0,0,0,1,1,1
NOC,class,Android-Universal-Image-Loader,0.9,0.5,com.nostra13.universalimageloader.cache.memory.impl,380,0,0,0,1,1,1
NOD,class,Android-Universal-Image-Loader,0.9,0.5,com.nostra13.universalimageloader.cache.memory.impl,380,0,0,0,1,1,1
NOP,class,Android-Universal-Image-Loader,0.9,0.5,com.nostra13.universalimageloader.cache.memory.impl,380,0,0,0,1,1,1
LLOC,class,Android-Universal-Image-Loader,0.9,0.5,com.nostra13.universalimageloader.cache.memory.impl,380,1,1,1,1,1,1
LOC,class,Android-Universal-Image-Loader,0.9,0.5,com.nostra13.universalimageloader.cache.memory.impl,380,1,1,1,1,1,1
NA,class,Android-Universal-Image-Loader,0.9,0.5,com.nostra13.universalimageloader.cache.memory.impl,380,1,1,1,1,1,1
NG,class,Android-Universal-Image-Loader,0.9,0.5,com.nostra13.universalimageloader.cache.memory.impl,380,0,0,0,1,1,1
NLA,class,Android-Universal-Image-Loader,0.9,0.5,com.nostra13.universalimageloader.cache.memory.impl,380,1,1,1,1,1,1
NLG,class,Android-Universal-Image-Loader,0.9,0.5,com.nostra13.universalimageloader.cache.memory.impl,380,0,0,0,1,1,1
NLM,class,Android-Universal-Image-Loader,0.9,0.5,com.nostra13.universalimageloader.cache.memory.impl,380,1,1,1,1,1,1
NLPA,class,Android-Universal-Image-Loader,0.9,0.5,com.nostra13.universalimageloader.cache.memory.impl,380,0,0,0,1,1,1
NLPM,class,Android-Universal-Image-Loader,0.9,0.5,com.nostra13.universalimageloader.cache.memory.impl,380,1,1,1,1,1,1
NLS,class,Android-Universal-Image-Loader,0.9,0.5,com.nostra13.universalimageloader.cache.memory.impl,380,0,0,0,1,1,1
NM,class,Android-Universal-Image-Loader,0.9,0.5,com.nostra13.universalimageloader.cache.memory.impl,380,1,1,1,1,1,1
NOS,class,Android-Universal-Image-Loader,0.9,0.5,com.nostra13.universalimageloader.cache.memory.impl,380,1,1,1,1,1,1
NPA,class,Android-Universal-Image-Loader,0.9,0.5,com.nostra13.universalimageloader.cache.memory.impl,380,0,0,0,1,1,1
NPM,class,Android-Universal-Image-Loader,0.9,0.5,com.nostra13.universalimageloader.cache.memory.impl,380,1,1,1,1,1,1
NS,class,Android-Universal-Image-Loader,0.9,0.5,com.nostra13.universalimageloader.cache.memory.impl,380,0,0,0,1,1,1
TLLOC,class,Android-Universal-Image-Loader,0.9,0.5,com.nostra13.universalimageloader.cache.memory.impl,380,1,1,1,1,1,1
TLOC,class,Android-Universal-Image-Loader,0.9,0.5,com.nostra13.universalimageloader.cache.memory.impl,380,1,1,1,1,1,1
TNA,class,Android-Universal-Image-Loader,0.9,0.5,com.nostra13.universalimageloader.cache.memory.impl,380,0,0,0,0,0,0
TNG,class,Android-Universal-Image-Loader,0.9,0.5,com.nostra13.universalimageloader.cache.memory.impl,380,0,0,0,0,0,0
TNLA,class,Android-Universal-Image-Loader,0.9,0.5,com.nostra13.universalimageloader.cache.memory.impl,380,0,0,0,0,0,0
TNLG,class,Android-Universal-Image-Loader,0.9,0.5,com.nostra13.universalimageloader.cache.memory.impl,380,0,0,0,0,0,0
TNLM,class,Android-Universal-Image-Loader,0.9,0.5,com.nostra13.universalimageloader.cache.memory.impl,380,0,0,0,0,0,0
TNLPA,class,Android-Universal-Image-Loader,0.9,0.5,com.nostra13.universalimageloader.cache.memory.impl,380,0,0,0,0,0,0
TNLPM,class,Android-Universal-Image-Loader,0.9,0.5,com.nostra13.universalimageloader.cache.memory.impl,380,0,0,0,0,0,0
TNLS,class,Android-Universal-Image-Loader,0.9,0.5,com.nostra13.universalimageloader.cache.memory.impl,380,0,0,0,0,0,0
TNM,class,Android-Universal-Image-Loader,0.9,0.5,com.nostra13.universalimageloader.cache.memory.impl,380,0,0,0,0,0,0
TNOS,class,Android-Universal-Image-Loader,0.9,0.5,com.nostra13.universalimageloader.cache.memory.impl,380,0,0,0,0,0,0
TNPA,class,Android-Universal-Image-Loader,0.9,0.5,com.nostra13.universalimageloader.cache.memory.impl,380,0,0,0,0,0,0
TNPM,class,Android-Universal-Image-Loader,0.9,0.5,com.nostra13.universalimageloader.cache.memory.impl,380,0,0,0,0,0,0
TNS,class,Android-Universal-Image-Loader,0.9,0.5,com.nostra13.universalimageloader.cache.memory.impl,380,0,0,0,0,0,0
WarningBlocker,class,Android-Universal-Image-Loader,0.9,0.5,com.nostra13.universalimageloader.cache.memory.impl,380,0,0,0,0,0,0
WarningCritical,class,Android-Universal-Image-Loader,0.9,0.5,com.nostra13.universalimageloader.cache.memory.impl,380,0,0,0,0,0,0
WarningInfo,class,Android-Universal-Image-Loader,0.9,0.5,com.nostra13.universalimageloader.cache.memory.impl,380,0,0,0,0,0,0
WarningMajor,class,Android-Universal-Image-Loader,0.9,0.5,com.nostra13.universalimageloader.cache.memory.impl,380,0,0,0,0,0,0
WarningMinor,class,Android-Universal-Image-Loader,0.9,0.5,com.nostra13.universalimageloader.cache.memory.impl,380,0,0,0,0,0,0
Android Rules,class,Android-Universal-Image-Loader,0.9,0.5,com.nostra13.universalimageloader.cache.memory.impl,380,0,0,0,0,0,0
Basic Rules,class,Android-Universal-Image-Loader,0.9,0.5,com.nostra13.universalimageloader.cache.memory.impl,380,0,0,0,0,0,0
Brace Rules,class,Android-Universal-Image-Loader,0.9,0.5,com.nostra13.universalimageloader.cache.memory.impl,380,0,0,0,0,0,0
Clone Implementation Rules,class,Android-Universal-Image-Loader,0.9,0.5,com.nostra13.universalimageloader.cache.memory.impl,380,0,0,0,0,0,0
Code Size Rules,class,Android-Universal-Image-Loader,0.9,0.5,com.nostra13.universalimageloader.cache.memory.impl,380,0,0,0,0,0,0
Comment Rules,class,Android-Universal-Image-Loader,0.9,0.5,com.nostra13.universalimageloader.cache.memory.impl,380,0,0,0,0,0,0
Controversial Rules,class,Android-Universal-Image-Loader,0.9,0.5,com.nostra13.universalimageloader.cache.memory.impl,380,0,0,0,0,0,0
Coupling Rules,class,Android-Universal-Image-Loader,0.9,0.5,com.nostra13.universalimageloader.cache.memory.impl,380,0,0,0,0,0,0
Design Rules,class,Android-Universal-Image-Loader,0.9,0.5,com.nostra13.universalimageloader.cache.memory.impl,380,0,0,0,0,0,0
Empty Code Rules,class,Android-Universal-Image-Loader,0.9,0.5,com.nostra13.universalimageloader.cache.memory.impl,380,0,0,0,0,0,0
Finalizer Rules,class,Android-Universal-Image-Loader,0.9,0.5,com.nostra13.universalimageloader.cache.memory.impl,380,0,0,0,0,0,0
Import Statement Rules,class,Android-Universal-Image-Loader,0.9,0.5,com.nostra13.universalimageloader.cache.memory.impl,380,0,0,0,0,0,0
J2EE Rules,class,Android-Universal-Image-Loader,0.9,0.5,com.nostra13.universalimageloader.cache.memory.impl,380,0,0,0,0,0,0
JUnit Rules,class,Android-Universal-Image-Loader,0.9,0.5,com.nostra13.universalimageloader.cache.memory.impl,380,0,0,0,0,0,0
Jakarta Commons Logging Rules,class,Android-Universal-Image-Loader,0.9,0.5,com.nostra13.universalimageloader.cache.memory.impl,380,0,0,0,0,0,0
Java Logging Rules,class,Android-Universal-Image-Loader,0.9,0.5,com.nostra13.universalimageloader.cache.memory.impl,380,0,0,0,0,0,0
JavaBean Rules,class,Android-Universal-Image-Loader,0.9,0.5,com.nostra13.universalimageloader.cache.memory.impl,380,0,0,0,0,0,0
MigratingToJUnit4 Rules,class,Android-Universal-Image-Loader,0.9,0.5,com.nostra13.universalimageloader.cache.memory.impl,380,0,0,0,0,0,0
Migration Rules,class,Android-Universal-Image-Loader,0.9,0.5,com.nostra13.universalimageloader.cache.memory.impl,380,0,0,0,0,0,0
Migration13 Rules,class,Android-Universal-Image-Loader,0.9,0.5,com.nostra13.universalimageloader.cache.memory.impl,380,0,0,0,0,0,0
Migration14 Rules,class,Android-Universal-Image-Loader,0.9,0.5,com.nostra13.universalimageloader.cache.memory.impl,380,0,0,0,0,0,0
Migration15 Rules,class,Android-Universal-Image-Loader,0.9,0.5,com.nostra13.universalimageloader.cache.memory.impl,380,0,0,0,0,0,0
Naming Rules,class,Android-Universal-Image-Loader,0.9,0.5,com.nostra13.universalimageloader.cache.memory.impl,380,0,0,0,0,0,0
Optimization Rules,class,Android-Universal-Image-Loader,0.9,0.5,com.nostra13.universalimageloader.cache.memory.impl,380,0,0,0,0,0,0
Security Code Guideline Rules,class,Android-Universal-Image-Loader,0.9,0.5,com.nostra13.universalimageloader.cache.memory.impl,380,0,0,0,0,0,0
Strict Exception Rules,class,Android-Universal-Image-Loader,0.9,0.5,com.nostra13.universalimageloader.cache.memory.impl,380,0,0,0,0,0,0
String and StringBuffer Rules,class,Android-Universal-Image-Loader,0.9,0.5,com.nostra13.universalimageloader.cache.memory.impl,380,0,0,0,0,0,0
Type Resolution Rules,class,Android-Universal-Image-Loader,0.9,0.5,com.nostra13.universalimageloader.cache.memory.impl,380,0,0,0,0,0,0
Unnecessary and Unused Code Rules,class,Android-Universal-Image-Loader,0.9,0.5,com.nostra13.universalimageloader.cache.memory.impl,380,0,0,0,0,0,0
Vulnerability Rules,class,Android-Universal-Image-Loader,0.9,0.5,com.nostra13.universalimageloader.cache.memory.impl,380,0,0,0,0,0,0
CC,class,Android-Universal-Image-Loader,0.9,0.5,com.nostra13.universalimageloader.cache.disc.impl.ext,190,0,0,0,1,1,1
CCL,class,Android-Universal-Image-Loader,0.9,0.5,com.nostra13.universalimageloader.cache.disc.impl.ext,190,0,0,0,1,1,1
CCO,class,Android-Universal-Image-Loader,0.9,0.5,com.nostra13.universalimageloader.cache.disc.impl.ext,190,0,0,0,1,1,1
CI,class,Android-Universal-Image-Loader,0.9,0.5,com.nostra13.universalimageloader.cache.disc.impl.ext,190,0,0,0,1,1,1
CLC,class,Android-Universal-Image-Loader,0.9,0.5,com.nostra13.universalimageloader.cache.disc.impl.ext,190,0,0,0,1,1,1
CLLC,class,Android-Universal-Image-Loader,0.9,0.5,com.nostra13.universalimageloader.cache.disc.impl.ext,190,0,0,0,1,1,1
LDC,class,Android-Universal-Image-Loader,0.9,0.5,com.nostra13.universalimageloader.cache.disc.impl.ext,190,0,0,0,1,1,1
LLDC,class,Android-Universal-Image-Loader,0.9,0.5,com.nostra13.universalimageloader.cache.disc.impl.ext,190,0,0,0,1,1,1
LCOM5,class,Android-Universal-Image-Loader,0.9,0.5,com.nostra13.universalimageloader.cache.disc.impl.ext,190,0,0,0,1,1,1
NL,class,Android-Universal-Image-Loader,0.9,0.5,com.nostra13.universalimageloader.cache.disc.impl.ext,190,0,0,0,1,1,1
NLE,class,Android-Universal-Image-Loader,0.9,0.5,com.nostra13.universalimageloader.cache.disc.impl.ext,190,0,0,0,1,1,1
WMC,class,Android-Universal-Image-Loader,0.9,0.5,com.nostra13.universalimageloader.cache.disc.impl.ext,190,0,0,0,1,1,1
CBO,class,Android-Universal-Image-Loader,0.9,0.5,com.nostra13.universalimageloader.cache.disc.impl.ext,190,0,0,0,1,1,1
CBOI,class,Android-Universal-Image-Loader,0.9,0.5,com.nostra13.universalimageloader.cache.disc.impl.ext,190,0,0,0,1,1,1
NII,class,Android-Universal-Image-Loader,0.9,0.5,com.nostra13.universalimageloader.cache.disc.impl.ext,190,0,0,0,1,1,1
NOI,class,Android-Universal-Image-Loader,0.9,0.5,com.nostra13.universalimageloader.cache.disc.impl.ext,190,0,0,0,1,1,1
RFC,class,Android-Universal-Image-Loader,0.9,0.5,com.nostra13.universalimageloader.cache.disc.impl.ext,190,1,1,1,1,1,1
AD,class,Android-Universal-Image-Loader,0.9,0.5,com.nostra13.universalimageloader.cache.disc.impl.ext,190,1,1,1,1,1,1
CD,class,Android-Universal-Image-Loader,0.9,0.5,com.nostra13.universalimageloader.cache.disc.impl.ext,190,1,1,1,1,1,1
CLOC,class,Android-Universal-Image-Loader,0.9,0.5,com.nostra13.universalimageloader.cache.disc.impl.ext,190,1,1,1,1,1,1
DLOC,class,Android-Universal-Image-Loader,0.9,0.5,com.nostra13.universalimageloader.cache.disc.impl.ext,190,0,0,0,1,1,1
PDA,class,Android-Universal-Image-Loader,0.9,0.5,com.nostra13.universalimageloader.cache.disc.impl.ext,190,1,1,1,1,1,1
PUA,class,Android-Universal-Image-Loader,0.9,0.5,com.nostra13.universalimageloader.cache.disc.impl.ext,190,0,0,0,1,1,1
TCD,class,Android-Universal-Image-Loader,0.9,0.5,com.nostra13.universalimageloader.cache.disc.impl.ext,190,1,1,1,1,1,1
TCLOC,class,Android-Universal-Image-Loader,0.9,0.5,com.nostra13.universalimageloader.cache.disc.impl.ext,190,1,1,1,1,1,1
DIT,class,Android-Universal-Image-Loader,0.9,0.5,com.nostra13.universalimageloader.cache.disc.impl.ext,190,0,0,0,1,1,1
NOA,class,Android-Universal-Image-Loader,0.9,0.5,com.nostra13.universalimageloader.cache.disc.impl.ext,190,0,0,0,1,1,1
NOC,class,Android-Universal-Image-Loader,0.9,0.5,com.nostra13.universalimageloader.cache.disc.impl.ext,190,0,0,0,1,1,1
NOD,class,Android-Universal-Image-Loader,0.9,0.5,com.nostra13.universalimageloader.cache.disc.impl.ext,190,0,0,0,1,1,1
NOP,class,Android-Universal-Image-Loader,0.9,0.5,com.nostra13.universalimageloader.cache.disc.impl.ext,190,0,0,0,1,1,1
LLOC,class,Android-Universal-Image-Loader,0.9,0.5,com.nostra13.universalimageloader.cache.disc.impl.ext,190,1,1,1,1,1,1
LOC,class,Android-Universal-Image-Loader,0.9,0.5,com.nostra13.universalimageloader.cache.disc.impl.ext,190,1,1,1,1,1,1
NA,class,Android-Universal-Image-Loader,0.9,0.5,com.nostra13.universalimageloader.cache.disc.impl.ext,190,0,0,0,1,1,1
NG,class,Android-Universal-Image-Loader,0.9,0.5,com.nostra13.universalimageloader.cache.disc.impl.ext,190,0,0,0,1,1,1
NLA,class,Android-Universal-Image-Loader,0.9,0.5,com.nostra13.universalimageloader.cache.disc.impl.ext,190,0,0,0,1,1,1
NLG,class,Android-Universal-Image-Loader,0.9,0.5,com.nostra13.universalimageloader.cache.disc.impl.ext,190,0,0,0,1,1,1
NLM,class,Android-Universal-Image-Loader,0.9,0.5,com.nostra13.universalimageloader.cache.disc.impl.ext,190,1,1,1,1,1,1
NLPA,class,Android-Universal-Image-Loader,0.9,0.5,com.nostra13.universalimageloader.cache.disc.impl.ext,190,0,0,0,1,1,1
NLPM,class,Android-Universal-Image-Loader,0.9,0.5,com.nostra13.universalimageloader.cache.disc.impl.ext,190,1,1,1,1,1,1
NLS,class,Android-Universal-Image-Loader,0.9,0.5,com.nostra13.universalimageloader.cache.disc.impl.ext,190,1,1,1,1,1,1
NM,class,Android-Universal-Image-Loader,0.9,0.5,com.nostra13.universalimageloader.cache.disc.impl.ext,190,1,1,1,1,1,1
NOS,class,Android-Universal-Image-Loader,0.9,0.5,com.nostra13.universalimageloader.cache.disc.impl.ext,190,1,1,1,1,1,1
NPA,class,Android-Universal-Image-Loader,0.9,0.5,com.nostra13.universalimageloader.cache.disc.impl.ext,190,0,0,0,1,1,1
NPM,class,Android-Universal-Image-Loader,0.9,0.5,com.nostra13.universalimageloader.cache.disc.impl.ext,190,1,1,1,1,1,1
NS,class,Android-Universal-Image-Loader,0.9,0.5,com.nostra13.universalimageloader.cache.disc.impl.ext,190,1,1,1,1,1,1
TLLOC,class,Android-Universal-Image-Loader,0.9,0.5,com.nostra13.universalimageloader.cache.disc.impl.ext,190,1,1,1,1,1,1
TLOC,class,Android-Universal-Image-Loader,0.9,0.5,com.nostra13.universalimageloader.cache.disc.impl.ext,190,1,1,1,1,1,1
TNA,class,Android-Universal-Image-Loader,0.9,0.5,com.nostra13.universalimageloader.cache.disc.impl.ext,190,0,0,0,0,0,0
TNG,class,Android-Universal-Image-Loader,0.9,0.5,com.nostra13.universalimageloader.cache.disc.impl.ext,190,0,0,0,0,0,0
TNLA,class,Android-Universal-Image-Loader,0.9,0.5,com.nostra13.universalimageloader.cache.disc.impl.ext,190,0,0,0,0,0,0
TNLG,class,Android-Universal-Image-Loader,0.9,0.5,com.nostra13.universalimageloader.cache.disc.impl.ext,190,0,0,0,0,0,0
TNLM,class,Android-Universal-Image-Loader,0.9,0.5,com.nostra13.universalimageloader.cache.disc.impl.ext,190,0,0,0,0,0,0
TNLPA,class,Android-Universal-Image-Loader,0.9,0.5,com.nostra13.universalimageloader.cache.disc.impl.ext,190,0,0,0,0,0,0
TNLPM,class,Android-Universal-Image-Loader,0.9,0.5,com.nostra13.universalimageloader.cache.disc.impl.ext,190,0,0,0,0,0,0
TNLS,class,Android-Universal-Image-Loader,0.9,0.5,com.nostra13.universalimageloader.cache.disc.impl.ext,190,0,0,0,0,0,0
TNM,class,Android-Universal-Image-Loader,0.9,0.5,com.nostra13.universalimageloader.cache.disc.impl.ext,190,0,0,0,0,0,0
TNOS,class,Android-Universal-Image-Loader,0.9,0.5,com.nostra13.universalimageloader.cache.disc.impl.ext,190,0,0,0,0,0,0
TNPA,class,Android-Universal-Image-Loader,0.9,0.5,com.nostra13.universalimageloader.cache.disc.impl.ext,190,0,0,0,0,0,0
TNPM,class,Android-Universal-Image-Loader,0.9,0.5,com.nostra13.universalimageloader.cache.disc.impl.ext,190,0,0,0,0,0,0
TNS,class,Android-Universal-Image-Loader,0.9,0.5,com.nostra13.universalimageloader.cache.disc.impl.ext,190,0,0,0,0,0,0
WarningBlocker,class,Android-Universal-Image-Loader,0.9,0.5,com.nostra13.universalimageloader.cache.disc.impl.ext,190,0,0,0,0,0,0
WarningCritical,class,Android-Universal-Image-Loader,0.9,0.5,com.nostra13.universalimageloader.cache.disc.impl.ext,190,0,0,0,0,0,0
WarningInfo,class,Android-Universal-Image-Loader,0.9,0.5,com.nostra13.universalimageloader.cache.disc.impl.ext,190,0,0,0,0,0,0
WarningMajor,class,Android-Universal-Image-Loader,0.9,0.5,com.nostra13.universalimageloader.cache.disc.impl.ext,190,0,0,0,0,0,0
WarningMinor,class,Android-Universal-Image-Loader,0.9,0.5,com.nostra13.universalimageloader.cache.disc.impl.ext,190,0,0,0,0,0,0
Android Rules,class,Android-Universal-Image-Loader,0.9,0.5,com.nostra13.universalimageloader.cache.disc.impl.ext,190,0,0,0,0,0,0
Basic Rules,class,Android-Universal-Image-Loader,0.9,0.5,com.nostra13.universalimageloader.cache.disc.impl.ext,190,0,0,0,0,0,0
Brace Rules,class,Android-Universal-Image-Loader,0.9,0.5,com.nostra13.universalimageloader.cache.disc.impl.ext,190,0,0,0,0,0,0
Clone Implementation Rules,class,Android-Universal-Image-Loader,0.9,0.5,com.nostra13.universalimageloader.cache.disc.impl.ext,190,0,0,0,0,0,0
Code Size Rules,class,Android-Universal-Image-Loader,0.9,0.5,com.nostra13.universalimageloader.cache.disc.impl.ext,190,0,0,0,0,0,0
Comment Rules,class,Android-Universal-Image-Loader,0.9,0.5,com.nostra13.universalimageloader.cache.disc.impl.ext,190,0,0,0,0,0,0
Controversial Rules,class,Android-Universal-Image-Loader,0.9,0.5,com.nostra13.universalimageloader.cache.disc.impl.ext,190,0,0,0,0,0,0
Coupling Rules,class,Android-Universal-Image-Loader,0.9,0.5,com.nostra13.universalimageloader.cache.disc.impl.ext,190,0,0,0,0,0,0
Design Rules,class,Android-Universal-Image-Loader,0.9,0.5,com.nostra13.universalimageloader.cache.disc.impl.ext,190,0,0,0,0,0,0
Empty Code Rules,class,Android-Universal-Image-Loader,0.9,0.5,com.nostra13.universalimageloader.cache.disc.impl.ext,190,0,0,0,0,0,0
Finalizer Rules,class,Android-Universal-Image-Loader,0.9,0.5,com.nostra13.universalimageloader.cache.disc.impl.ext,190,0,0,0,0,0,0
Import Statement Rules,class,Android-Universal-Image-Loader,0.9,0.5,com.nostra13.universalimageloader.cache.disc.impl.ext,190,0,0,0,0,0,0
J2EE Rules,class,Android-Universal-Image-Loader,0.9,0.5,com.nostra13.universalimageloader.cache.disc.impl.ext,190,0,0,0,0,0,0
JUnit Rules,class,Android-Universal-Image-Loader,0.9,0.5,com.nostra13.universalimageloader.cache.disc.impl.ext,190,0,0,0,0,0,0
Jakarta Commons Logging Rules,class,Android-Universal-Image-Loader,0.9,0.5,com.nostra13.universalimageloader.cache.disc.impl.ext,190,0,0,0,0,0,0
Java Logging Rules,class,Android-Universal-Image-Loader,0.9,0.5,com.nostra13.universalimageloader.cache.disc.impl.ext,190,0,0,0,0,0,0
JavaBean Rules,class,Android-Universal-Image-Loader,0.9,0.5,com.nostra13.universalimageloader.cache.disc.impl.ext,190,0,0,0,0,0,0
MigratingToJUnit4 Rules,class,Android-Universal-Image-Loader,0.9,0.5,com.nostra13.universalimageloader.cache.disc.impl.ext,190,0,0,0,0,0,0
Migration Rules,class,Android-Universal-Image-Loader,0.9,0.5,com.nostra13.universalimageloader.cache.disc.impl.ext,190,0,0,0,0,0,0
Migration13 Rules,class,Android-Universal-Image-Loader,0.9,0.5,com.nostra13.universalimageloader.cache.disc.impl.ext,190,0,0,0,0,0,0
Migration14 Rules,class,Android-Universal-Image-Loader,0.9,0.5,com.nostra13.universalimageloader.cache.disc.impl.ext,190,0,0,0,0,0,0
Migration15 Rules,class,Android-Universal-Image-Loader,0.9,0.5,com.nostra13.universalimageloader.cache.disc.impl.ext,190,0,0,0,0,0,0
Naming Rules,class,Android-Universal-Image-Loader,0.9,0.5,com.nostra13.universalimageloader.cache.disc.impl.ext,190,0,0,0,0,0,0
Optimization Rules,class,Android-Universal-Image-Loader,0.9,0.5,com.nostra13.universalimageloader.cache.disc.impl.ext,190,0,0,0,0,0,0
Security Code Guideline Rules,class,Android-Universal-Image-Loader,0.9,0.5,com.nostra13.universalimageloader.cache.disc.impl.ext,190,0,0,0,0,0,0
Strict Exception Rules,class,Android-Universal-Image-Loader,0.9,0.5,com.nostra13.universalimageloader.cache.disc.impl.ext,190,0,0,0,0,0,0
String and StringBuffer Rules,class,Android-Universal-Image-Loader,0.9,0.5,com.nostra13.universalimageloader.cache.disc.impl.ext,190,0,0,0,0,0,0
Type Resolution Rules,class,Android-Universal-Image-Loader,0.9,0.5,com.nostra13.universalimageloader.cache.disc.impl.ext,190,0,0,0,0,0,0
Unnecessary and Unused Code Rules,class,Android-Universal-Image-Loader,0.9,0.5,com.nostra13.universalimageloader.cache.disc.impl.ext,190,0,0,0,0,0,0
Vulnerability Rules,class,Android-Universal-Image-Loader,0.9,0.5,com.nostra13.universalimageloader.cache.disc.impl.ext,190,0,0,0,0,0,0
CC,class,Android-Universal-Image-Loader,0.9,0.5,com.nostra13.universalimageloader.utils,1900,1,1,1,1,1,1
CCL,class,Android-Universal-Image-Loader,0.9,0.5,com.nostra13.universalimageloader.utils,1900,1,1,1,1,1,1
CCO,class,Android-Universal-Image-Loader,0.9,0.5,com.nostra13.universalimageloader.utils,1900,1,1,1,1,1,1
CI,class,Android-Universal-Image-Loader,0.9,0.5,com.nostra13.universalimageloader.utils,1900,1,1,1,1,1,1
CLC,class,Android-Universal-Image-Loader,0.9,0.5,com.nostra13.universalimageloader.utils,1900,1,1,1,1,1,1
CLLC,class,Android-Universal-Image-Loader,0.9,0.5,com.nostra13.universalimageloader.utils,1900,1,1,1,1,1,1
LDC,class,Android-Universal-Image-Loader,0.9,0.5,com.nostra13.universalimageloader.utils,1900,1,1,1,1,1,1
LLDC,class,Android-Universal-Image-Loader,0.9,0.5,com.nostra13.universalimageloader.utils,1900,1,1,1,1,1,1
LCOM5,class,Android-Universal-Image-Loader,0.9,0.5,com.nostra13.universalimageloader.utils,1900,0,0,0,1,1,1
NL,class,Android-Universal-Image-Loader,0.9,0.5,com.nostra13.universalimageloader.utils,1900,1,1,1,1,1,1
NLE,class,Android-Universal-Image-Loader,0.9,0.5,com.nostra13.universalimageloader.utils,1900,1,1,1,1,1,1
WMC,class,Android-Universal-Image-Loader,0.9,0.5,com.nostra13.universalimageloader.utils,1900,1,1,1,1,1,1
CBO,class,Android-Universal-Image-Loader,0.9,0.5,com.nostra13.universalimageloader.utils,1900,1,1,1,1,1,1
CBOI,class,Android-Universal-Image-Loader,0.9,0.5,com.nostra13.universalimageloader.utils,1900,1,1,1,1,1,1
NII,class,Android-Universal-Image-Loader,0.9,0.5,com.nostra13.universalimageloader.utils,1900,1,1,1,1,1,1
NOI,class,Android-Universal-Image-Loader,0.9,0.5,com.nostra13.universalimageloader.utils,1900,0,0,0,1,1,1
RFC,class,Android-Universal-Image-Loader,0.9,0.5,com.nostra13.universalimageloader.utils,1900,0,0,0,1,1,1
AD,class,Android-Universal-Image-Loader,0.9,0.5,com.nostra13.universalimageloader.utils,1900,0,0,0,1,1,1
CD,class,Android-Universal-Image-Loader,0.9,0.5,com.nostra13.universalimageloader.utils,1900,1,1,1,1,1,1
CLOC,class,Android-Universal-Image-Loader,0.9,0.5,com.nostra13.universalimageloader.utils,1900,1,1,1,1,1,1
DLOC,class,Android-Universal-Image-Loader,0.9,0.5,com.nostra13.universalimageloader.utils,1900,1,1,1,1,1,1
PDA,class,Android-Universal-Image-Loader,0.9,0.5,com.nostra13.universalimageloader.utils,1900,1,1,1,1,1,1
PUA,class,Android-Universal-Image-Loader,0.9,0.5,com.nostra13.universalimageloader.utils,1900,0,0,0,1,1,1
TCD,class,Android-Universal-Image-Loader,0.9,0.5,com.nostra13.universalimageloader.utils,1900,1,1,1,1,1,1
TCLOC,class,Android-Universal-Image-Loader,0.9,0.5,com.nostra13.universalimageloader.utils,1900,1,1,1,1,1,1
DIT,class,Android-Universal-Image-Loader,0.9,0.5,com.nostra13.universalimageloader.utils,1900,0,0,0,1,1,1
NOA,class,Android-Universal-Image-Loader,0.9,0.5,com.nostra13.universalimageloader.utils,1900,0,0,0,1,1,1
NOC,class,Android-Universal-Image-Loader,0.9,0.5,com.nostra13.universalimageloader.utils,1900,0,0,0,1,1,1
NOD,class,Android-Universal-Image-Loader,0.9,0.5,com.nostra13.universalimageloader.utils,1900,0,0,0,1,1,1
NOP,class,Android-Universal-Image-Loader,0.9,0.5,com.nostra13.universalimageloader.utils,1900,0,0,0,1,1,1
LLOC,class,Android-Universal-Image-Loader,0.9,0.5,com.nostra13.universalimageloader.utils,1900,1,1,1,1,1,1
LOC,class,Android-Universal-Image-Loader,0.9,0.5,com.nostra13.universalimageloader.utils,1900,1,1,1,1,1,1
NA,class,Android-Universal-Image-Loader,0.9,0.5,com.nostra13.universalimageloader.utils,1900,1,1,1,1,1,1
NG,class,Android-Universal-Image-Loader,0.9,0.5,com.nostra13.universalimageloader.utils,1900,1,1,1,1,1,1
NLA,class,Android-Universal-Image-Loader,0.9,0.5,com.nostra13.universalimageloader.utils,1900,1,1,1,1,1,1
NLG,class,Android-Universal-Image-Loader,0.9,0.5,com.nostra13.universalimageloader.utils,1900,1,1,1,1,1,1
NLM,class,Android-Universal-Image-Loader,0.9,0.5,com.nostra13.universalimageloader.utils,1900,1,1,1,1,1,1
NLPA,class,Android-Universal-Image-Loader,0.9,0.5,com.nostra13.universalimageloader.utils,1900,0,0,0,1,1,1
NLPM,class,Android-Universal-Image-Loader,0.9,0.5,com.nostra13.universalimageloader.utils,1900,1,1,1,1,1,1
NLS,class,Android-Universal-Image-Loader,0.9,0.5,com.nostra13.universalimageloader.utils,1900,0,0,0,1,1,1
NM,class,Android-Universal-Image-Loader,0.9,0.5,com.nostra13.universalimageloader.utils,1900,1,1,1,1,1,1
NOS,class,Android-Universal-Image-Loader,0.9,0.5,com.nostra13.universalimageloader.utils,1900,1,1,1,1,1,1
NPA,class,Android-Universal-Image-Loader,0.9,0.5,com.nostra13.universalimageloader.utils,1900,0,0,0,1,1,1
NPM,class,Android-Universal-Image-Loader,0.9,0.5,com.nostra13.universalimageloader.utils,1900,1,1,1,1,1,1
NS,class,Android-Universal-Image-Loader,0.9,0.5,com.nostra13.universalimageloader.utils,1900,0,0,0,1,1,1
TLLOC,class,Android-Universal-Image-Loader,0.9,0.5,com.nostra13.universalimageloader.utils,1900,1,1,1,1,1,1
TLOC,class,Android-Universal-Image-Loader,0.9,0.5,com.nostra13.universalimageloader.utils,1900,1,1,1,1,1,1
TNA,class,Android-Universal-Image-Loader,0.9,0.5,com.nostra13.universalimageloader.utils,1900,0,0,0,0,0,0
TNG,class,Android-Universal-Image-Loader,0.9,0.5,com.nostra13.universalimageloader.utils,1900,0,0,0,0,0,0
TNLA,class,Android-Universal-Image-Loader,0.9,0.5,com.nostra13.universalimageloader.utils,1900,0,0,0,0,0,0
TNLG,class,Android-Universal-Image-Loader,0.9,0.5,com.nostra13.universalimageloader.utils,1900,0,0,0,0,0,0
TNLM,class,Android-Universal-Image-Loader,0.9,0.5,com.nostra13.universalimageloader.utils,1900,0,0,0,0,0,0
TNLPA,class,Android-Universal-Image-Loader,0.9,0.5,com.nostra13.universalimageloader.utils,1900,0,0,0,0,0,0
TNLPM,class,Android-Universal-Image-Loader,0.9,0.5,com.nostra13.universalimageloader.utils,1900,0,0,0,0,0,0
TNLS,class,Android-Universal-Image-Loader,0.9,0.5,com.nostra13.universalimageloader.utils,1900,0,0,0,0,0,0
TNM,class,Android-Universal-Image-Loader,0.9,0.5,com.nostra13.universalimageloader.utils,1900,0,0,0,0,0,0
TNOS,class,Android-Universal-Image-Loader,0.9,0.5,com.nostra13.universalimageloader.utils,1900,0,0,0,0,0,0
TNPA,class,Android-Universal-Image-Loader,0.9,0.5,com.nostra13.universalimageloader.utils,1900,0,0,0,0,0,0
TNPM,class,Android-Universal-Image-Loader,0.9,0.5,com.nostra13.universalimageloader.utils,1900,0,0,0,0,0,0
TNS,class,Android-Universal-Image-Loader,0.9,0.5,com.nostra13.universalimageloader.utils,1900,0,0,0,0,0,0
WarningBlocker,class,Android-Universal-Image-Loader,0.9,0.5,com.nostra13.universalimageloader.utils,1900,0,0,0,0,0,0
WarningCritical,class,Android-Universal-Image-Loader,0.9,0.5,com.nostra13.universalimageloader.utils,1900,0,0,0,0,0,0
WarningInfo,class,Android-Universal-Image-Loader,0.9,0.5,com.nostra13.universalimageloader.utils,1900,0,0,0,0,0,0
WarningMajor,class,Android-Universal-Image-Loader,0.9,0.5,com.nostra13.universalimageloader.utils,1900,0,0,0,0,0,0
WarningMinor,class,Android-Universal-Image-Loader,0.9,0.5,com.nostra13.universalimageloader.utils,1900,0,0,0,0,0,0
Android Rules,class,Android-Universal-Image-Loader,0.9,0.5,com.nostra13.universalimageloader.utils,1900,0,0,0,0,0,0
Basic Rules,class,Android-Universal-Image-Loader,0.9,0.5,com.nostra13.universalimageloader.utils,1900,0,0,0,0,0,0
Brace Rules,class,Android-Universal-Image-Loader,0.9,0.5,com.nostra13.universalimageloader.utils,1900,0,0,0,0,0,0
Clone Implementation Rules,class,Android-Universal-Image-Loader,0.9,0.5,com.nostra13.universalimageloader.utils,1900,0,0,0,0,0,0
Code Size Rules,class,Android-Universal-Image-Loader,0.9,0.5,com.nostra13.universalimageloader.utils,1900,0,0,0,0,0,0
Comment Rules,class,Android-Universal-Image-Loader,0.9,0.5,com.nostra13.universalimageloader.utils,1900,0,0,0,0,0,0
Controversial Rules,class,Android-Universal-Image-Loader,0.9,0.5,com.nostra13.universalimageloader.utils,1900,0,0,0,0,0,0
Coupling Rules,class,Android-Universal-Image-Loader,0.9,0.5,com.nostra13.universalimageloader.utils,1900,0,0,0,0,0,0
Design Rules,class,Android-Universal-Image-Loader,0.9,0.5,com.nostra13.universalimageloader.utils,1900,0,0,0,0,0,0
Empty Code Rules,class,Android-Universal-Image-Loader,0.9,0.5,com.nostra13.universalimageloader.utils,1900,0,0,0,0,0,0
Finalizer Rules,class,Android-Universal-Image-Loader,0.9,0.5,com.nostra13.universalimageloader.utils,1900,0,0,0,0,0,0
Import Statement Rules,class,Android-Universal-Image-Loader,0.9,0.5,com.nostra13.universalimageloader.utils,1900,0,0,0,0,0,0
J2EE Rules,class,Android-Universal-Image-Loader,0.9,0.5,com.nostra13.universalimageloader.utils,1900,0,0,0,0,0,0
JUnit Rules,class,Android-Universal-Image-Loader,0.9,0.5,com.nostra13.universalimageloader.utils,1900,0,0,0,0,0,0
Jakarta Commons Logging Rules,class,Android-Universal-Image-Loader,0.9,0.5,com.nostra13.universalimageloader.utils,1900,0,0,0,0,0,0
Java Logging Rules,class,Android-Universal-Image-Loader,0.9,0.5,com.nostra13.universalimageloader.utils,1900,0,0,0,0,0,0
JavaBean Rules,class,Android-Universal-Image-Loader,0.9,0.5,com.nostra13.universalimageloader.utils,1900,0,0,0,0,0,0
MigratingToJUnit4 Rules,class,Android-Universal-Image-Loader,0.9,0.5,com.nostra13.universalimageloader.utils,1900,0,0,0,0,0,0
Migration Rules,class,Android-Universal-Image-Loader,0.9,0.5,com.nostra13.universalimageloader.utils,1900,0,0,0,0,0,0
Migration13 Rules,class,Android-Universal-Image-Loader,0.9,0.5,com.nostra13.universalimageloader.utils,1900,0,0,0,0,0,0
Migration14 Rules,class,Android-Universal-Image-Loader,0.9,0.5,com.nostra13.universalimageloader.utils,1900,0,0,0,0,0,0
Migration15 Rules,class,Android-Universal-Image-Loader,0.9,0.5,com.nostra13.universalimageloader.utils,1900,0,0,0,0,0,0
Naming Rules,class,Android-Universal-Image-Loader,0.9,0.5,com.nostra13.universalimageloader.utils,1900,0,0,0,0,0,0
Optimization Rules,class,Android-Universal-Image-Loader,0.9,0.5,com.nostra13.universalimageloader.utils,1900,0,0,0,0,0,0
Security Code Guideline Rules,class,Android-Universal-Image-Loader,0.9,0.5,com.nostra13.universalimageloader.utils,1900,0,0,0,0,0,0
Strict Exception Rules,class,Android-Universal-Image-Loader,0.9,0.5,com.nostra13.universalimageloader.utils,1900,0,0,0,0,0,0
String and StringBuffer Rules,class,Android-Universal-Image-Loader,0.9,0.5,com.nostra13.universalimageloader.utils,1900,0,0,0,0,0,0
Type Resolution Rules,class,Android-Universal-Image-Loader,0.9,0.5,com.nostra13.universalimageloader.utils,1900,0,0,0,0,0,0
Unnecessary and Unused Code Rules,class,Android-Universal-Image-Loader,0.9,0.5,com.nostra13.universalimageloader.utils,1900,0,0,0,0,0,0
Vulnerability Rules,class,Android-Universal-Image-Loader,0.9,0.5,com.nostra13.universalimageloader.utils,1900,0,0,0,0,0,0
CC,class,Android-Universal-Image-Loader,0.9,0.5,com.nostra13.universalimageloader.core.assist,380,1,1,1,1,1,1
CCL,class,Android-Universal-Image-Loader,0.9,0.5,com.nostra13.universalimageloader.core.assist,380,1,1,1,1,1,1
CCO,class,Android-Universal-Image-Loader,0.9,0.5,com.nostra13.universalimageloader.core.assist,380,1,1,1,1,1,1
CI,class,Android-Universal-Image-Loader,0.9,0.5,com.nostra13.universalimageloader.core.assist,380,1,1,1,1,1,1
CLC,class,Android-Universal-Image-Loader,0.9,0.5,com.nostra13.universalimageloader.core.assist,380,1,1,1,1,1,1
CLLC,class,Android-Universal-Image-Loader,0.9,0.5,com.nostra13.universalimageloader.core.assist,380,1,1,1,1,1,1
LDC,class,Android-Universal-Image-Loader,0.9,0.5,com.nostra13.universalimageloader.core.assist,380,1,1,1,1,1,1
LLDC,class,Android-Universal-Image-Loader,0.9,0.5,com.nostra13.universalimageloader.core.assist,380,1,1,1,1,1,1
LCOM5,class,Android-Universal-Image-Loader,0.9,0.5,com.nostra13.universalimageloader.core.assist,380,1,1,1,1,1,1
NL,class,Android-Universal-Image-Loader,0.9,0.5,com.nostra13.universalimageloader.core.assist,380,1,1,1,1,1,1
NLE,class,Android-Universal-Image-Loader,0.9,0.5,com.nostra13.universalimageloader.core.assist,380,1,1,1,1,1,1
WMC,class,Android-Universal-Image-Loader,0.9,0.5,com.nostra13.universalimageloader.core.assist,380,1,1,1,1,1,1
CBO,class,Android-Universal-Image-Loader,0.9,0.5,com.nostra13.universalimageloader.core.assist,380,1,1,1,1,1,1
CBOI,class,Android-Universal-Image-Loader,0.9,0.5,com.nostra13.universalimageloader.core.assist,380,1,1,1,1,1,1
NII,class,Android-Universal-Image-Loader,0.9,0.5,com.nostra13.universalimageloader.core.assist,380,0,0,0,1,1,1
NOI,class,Android-Universal-Image-Loader,0.9,0.5,com.nostra13.universalimageloader.core.assist,380,1,1,1,1,1,1
RFC,class,Android-Universal-Image-Loader,0.9,0.5,com.nostra13.universalimageloader.core.assist,380,1,1,1,1,1,1
AD,class,Android-Universal-Image-Loader,0.9,0.5,com.nostra13.universalimageloader.core.assist,380,1,1,1,1,1,1
CD,class,Android-Universal-Image-Loader,0.9,0.5,com.nostra13.universalimageloader.core.assist,380,1,1,1,1,1,1
CLOC,class,Android-Universal-Image-Loader,0.9,0.5,com.nostra13.universalimageloader.core.assist,380,1,1,1,1,1,1
DLOC,class,Android-Universal-Image-Loader,0.9,0.5,com.nostra13.universalimageloader.core.assist,380,1,1,1,1,1,1
PDA,class,Android-Universal-Image-Loader,0.9,0.5,com.nostra13.universalimageloader.core.assist,380,1,1,1,1,1,1
PUA,class,Android-Universal-Image-Loader,0.9,0.5,com.nostra13.universalimageloader.core.assist,380,1,1,1,1,1,1
TCD,class,Android-Universal-Image-Loader,0.9,0.5,com.nostra13.universalimageloader.core.assist,380,1,1,1,1,1,1
TCLOC,class,Android-Universal-Image-Loader,0.9,0.5,com.nostra13.universalimageloader.core.assist,380,1,1,1,1,1,1
DIT,class,Android-Universal-Image-Loader,0.9,0.5,com.nostra13.universalimageloader.core.assist,380,0,0,0,1,1,1
NOA,class,Android-Universal-Image-Loader,0.9,0.5,com.nostra13.universalimageloader.core.assist,380,0,0,0,1,1,1
NOC,class,Android-Universal-Image-Loader,0.9,0.5,com.nostra13.universalimageloader.core.assist,380,0,0,0,1,1,1
NOD,class,Android-Universal-Image-Loader,0.9,0.5,com.nostra13.universalimageloader.core.assist,380,0,0,0,1,1,1
NOP,class,Android-Universal-Image-Loader,0.9,0.5,com.nostra13.universalimageloader.core.assist,380,0,0,0,1,1,1
LLOC,class,Android-Universal-Image-Loader,0.9,0.5,com.nostra13.universalimageloader.core.assist,380,1,1,1,1,1,1
LOC,class,Android-Universal-Image-Loader,0.9,0.5,com.nostra13.universalimageloader.core.assist,380,1,1,1,1,1,1
NA,class,Android-Universal-Image-Loader,0.9,0.5,com.nostra13.universalimageloader.core.assist,380,1,1,1,1,1,1
NG,class,Android-Universal-Image-Loader,0.9,0.5,com.nostra13.universalimageloader.core.assist,380,0,0,0,1,1,1
NLA,class,Android-Universal-Image-Loader,0.9,0.5,com.nostra13.universalimageloader.core.assist,380,1,1,1,1,1,1
NLG,class,Android-Universal-Image-Loader,0.9,0.5,com.nostra13.universalimageloader.core.assist,380,0,0,0,1,1,1
NLM,class,Android-Universal-Image-Loader,0.9,0.5,com.nostra13.universalimageloader.core.assist,380,1,1,1,1,1,1
NLPA,class,Android-Universal-Image-Loader,0.9,0.5,com.nostra13.universalimageloader.core.assist,380,0,0,0,1,1,1
NLPM,class,Android-Universal-Image-Loader,0.9,0.5,com.nostra13.universalimageloader.core.assist,380,1,1,1,1,1,1
NLS,class,Android-Universal-Image-Loader,0.9,0.5,com.nostra13.universalimageloader.core.assist,380,1,1,1,1,1,1
NM,class,Android-Universal-Image-Loader,0.9,0.5,com.nostra13.universalimageloader.core.assist,380,1,1,1,1,1,1
NOS,class,Android-Universal-Image-Loader,0.9,0.5,com.nostra13.universalimageloader.core.assist,380,1,1,1,1,1,1
NPA,class,Android-Universal-Image-Loader,0.9,0.5,com.nostra13.universalimageloader.core.assist,380,0,0,0,1,1,1
NPM,class,Android-Universal-Image-Loader,0.9,0.5,com.nostra13.universalimageloader.core.assist,380,1,1,1,1,1,1
NS,class,Android-Universal-Image-Loader,0.9,0.5,com.nostra13.universalimageloader.core.assist,380,1,1,1,1,1,1
TLLOC,class,Android-Universal-Image-Loader,0.9,0.5,com.nostra13.universalimageloader.core.assist,380,1,1,1,1,1,1
TLOC,class,Android-Universal-Image-Loader,0.9,0.5,com.nostra13.universalimageloader.core.assist,380,1,1,1,1,1,1
TNA,class,Android-Universal-Image-Loader,0.9,0.5,com.nostra13.universalimageloader.core.assist,380,0,0,0,0,0,0
TNG,class,Android-Universal-Image-Loader,0.9,0.5,com.nostra13.universalimageloader.core.assist,380,0,0,0,0,0,0
TNLA,class,Android-Universal-Image-Loader,0.9,0.5,com.nostra13.universalimageloader.core.assist,380,0,0,0,0,0,0
TNLG,class,Android-Universal-Image-Loader,0.9,0.5,com.nostra13.universalimageloader.core.assist,380,0,0,0,0,0,0
TNLM,class,Android-Universal-Image-Loader,0.9,0.5,com.nostra13.universalimageloader.core.assist,380,0,0,0,0,0,0
TNLPA,class,Android-Universal-Image-Loader,0.9,0.5,com.nostra13.universalimageloader.core.assist,380,0,0,0,0,0,0
TNLPM,class,Android-Universal-Image-Loader,0.9,0.5,com.nostra13.universalimageloader.core.assist,380,0,0,0,0,0,0
TNLS,class,Android-Universal-Image-Loader,0.9,0.5,com.nostra13.universalimageloader.core.assist,380,0,0,0,0,0,0
TNM,class,Android-Universal-Image-Loader,0.9,0.5,com.nostra13.universalimageloader.core.assist,380,0,0,0,0,0,0
TNOS,class,Android-Universal-Image-Loader,0.9,0.5,com.nostra13.universalimageloader.core.assist,380,0,0,0,0,0,0
TNPA,class,Android-Universal-Image-Loader,0.9,0.5,com.nostra13.universalimageloader.core.assist,380,0,0,0,0,0,0
TNPM,class,Android-Universal-Image-Loader,0.9,0.5,com.nostra13.universalimageloader.core.assist,380,0,0,0,0,0,0
TNS,class,Android-Universal-Image-Loader,0.9,0.5,com.nostra13.universalimageloader.core.assist,380,0,0,0,0,0,0
WarningBlocker,class,Android-Universal-Image-Loader,0.9,0.5,com.nostra13.universalimageloader.core.assist,380,0,0,0,0,0,0
WarningCritical,class,Android-Universal-Image-Loader,0.9,0.5,com.nostra13.universalimageloader.core.assist,380,0,0,0,0,0,0
WarningInfo,class,Android-Universal-Image-Loader,0.9,0.5,com.nostra13.universalimageloader.core.assist,380,0,0,0,0,0,0
WarningMajor,class,Android-Universal-Image-Loader,0.9,0.5,com.nostra13.universalimageloader.core.assist,380,0,0,0,0,0,0
WarningMinor,class,Android-Universal-Image-Loader,0.9,0.5,com.nostra13.universalimageloader.core.assist,380,0,0,0,0,0,0
Android Rules,class,Android-Universal-Image-Loader,0.9,0.5,com.nostra13.universalimageloader.core.assist,380,0,0,0,0,0,0
Basic Rules,class,Android-Universal-Image-Loader,0.9,0.5,com.nostra13.universalimageloader.core.assist,380,0,0,0,0,0,0
Brace Rules,class,Android-Universal-Image-Loader,0.9,0.5,com.nostra13.universalimageloader.core.assist,380,0,0,0,0,0,0
Clone Implementation Rules,class,Android-Universal-Image-Loader,0.9,0.5,com.nostra13.universalimageloader.core.assist,380,0,0,0,0,0,0
Code Size Rules,class,Android-Universal-Image-Loader,0.9,0.5,com.nostra13.universalimageloader.core.assist,380,0,0,0,0,0,0
Comment Rules,class,Android-Universal-Image-Loader,0.9,0.5,com.nostra13.universalimageloader.core.assist,380,0,0,0,0,0,0
Controversial Rules,class,Android-Universal-Image-Loader,0.9,0.5,com.nostra13.universalimageloader.core.assist,380,0,0,0,0,0,0
Coupling Rules,class,Android-Universal-Image-Loader,0.9,0.5,com.nostra13.universalimageloader.core.assist,380,0,0,0,0,0,0
Design Rules,class,Android-Universal-Image-Loader,0.9,0.5,com.nostra13.universalimageloader.core.assist,380,0,0,0,0,0,0
Empty Code Rules,class,Android-Universal-Image-Loader,0.9,0.5,com.nostra13.universalimageloader.core.assist,380,0,0,0,0,0,0
Finalizer Rules,class,Android-Universal-Image-Loader,0.9,0.5,com.nostra13.universalimageloader.core.assist,380,0,0,0,0,0,0
Import Statement Rules,class,Android-Universal-Image-Loader,0.9,0.5,com.nostra13.universalimageloader.core.assist,380,0,0,0,0,0,0
J2EE Rules,class,Android-Universal-Image-Loader,0.9,0.5,com.nostra13.universalimageloader.core.assist,380,0,0,0,0,0,0
JUnit Rules,class,Android-Universal-Image-Loader,0.9,0.5,com.nostra13.universalimageloader.core.assist,380,0,0,0,0,0,0
Jakarta Commons Logging Rules,class,Android-Universal-Image-Loader,0.9,0.5,com.nostra13.universalimageloader.core.assist,380,0,0,0,0,0,0
Java Logging Rules,class,Android-Universal-Image-Loader,0.9,0.5,com.nostra13.universalimageloader.core.assist,380,0,0,0,0,0,0
JavaBean Rules,class,Android-Universal-Image-Loader,0.9,0.5,com.nostra13.universalimageloader.core.assist,380,0,0,0,0,0,0
MigratingToJUnit4 Rules,class,Android-Universal-Image-Loader,0.9,0.5,com.nostra13.universalimageloader.core.assist,380,0,0,0,0,0,0
Migration Rules,class,Android-Universal-Image-Loader,0.9,0.5,com.nostra13.universalimageloader.core.assist,380,0,0,0,0,0,0
Migration13 Rules,class,Android-Universal-Image-Loader,0.9,0.5,com.nostra13.universalimageloader.core.assist,380,0,0,0,0,0,0
Migration14 Rules,class,Android-Universal-Image-Loader,0.9,0.5,com.nostra13.universalimageloader.core.assist,380,0,0,0,0,0,0
Migration15 Rules,class,Android-Universal-Image-Loader,0.9,0.5,com.nostra13.universalimageloader.core.assist,380,0,0,0,0,0,0
Naming Rules,class,Android-Universal-Image-Loader,0.9,0.5,com.nostra13.universalimageloader.core.assist,380,0,0,0,0,0,0
Optimization Rules,class,Android-Universal-Image-Loader,0.9,0.5,com.nostra13.universalimageloader.core.assist,380,0,0,0,0,0,0
Security Code Guideline Rules,class,Android-Universal-Image-Loader,0.9,0.5,com.nostra13.universalimageloader.core.assist,380,0,0,0,0,0,0
Strict Exception Rules,class,Android-Universal-Image-Loader,0.9,0.5,com.nostra13.universalimageloader.core.assist,380,0,0,0,0,0,0
String and StringBuffer Rules,class,Android-Universal-Image-Loader,0.9,0.5,com.nostra13.universalimageloader.core.assist,380,0,0,0,0,0,0
Type Resolution Rules,class,Android-Universal-Image-Loader,0.9,0.5,com.nostra13.universalimageloader.core.assist,380,0,0,0,0,0,0
Unnecessary and Unused Code Rules,class,Android-Universal-Image-Loader,0.9,0.5,com.nostra13.universalimageloader.core.assist,380,0,0,0,0,0,0
Vulnerability Rules,class,Android-Universal-Image-Loader,0.9,0.5,com.nostra13.universalimageloader.core.assist,380,0,0,0,0,0,0
CC,class,Android-Universal-Image-Loader,0.9,0.5,com.nostra13.universalimageloader.cache.disc,570,1,1,1,1,1,1
CCL,class,Android-Universal-Image-Loader,0.9,0.5,com.nostra13.universalimageloader.cache.disc,570,1,1,1,1,1,1
CCO,class,Android-Universal-Image-Loader,0.9,0.5,com.nostra13.universalimageloader.cache.disc,570,1,1,1,1,1,1
CI,class,Android-Universal-Image-Loader,0.9,0.5,com.nostra13.universalimageloader.cache.disc,570,1,1,1,1,1,1
CLC,class,Android-Universal-Image-Loader,0.9,0.5,com.nostra13.universalimageloader.cache.disc,570,1,1,1,1,1,1
CLLC,class,Android-Universal-Image-Loader,0.9,0.5,com.nostra13.universalimageloader.cache.disc,570,1,1,1,1,1,1
LDC,class,Android-Universal-Image-Loader,0.9,0.5,com.nostra13.universalimageloader.cache.disc,570,1,1,1,1,1,1
LLDC,class,Android-Universal-Image-Loader,0.9,0.5,com.nostra13.universalimageloader.cache.disc,570,1,1,1,1,1,1
LCOM5,class,Android-Universal-Image-Loader,0.9,0.5,com.nostra13.universalimageloader.cache.disc,570,0,0,0,1,1,1
NL,class,Android-Universal-Image-Loader,0.9,0.5,com.nostra13.universalimageloader.cache.disc,570,1,1,1,1,1,1
NLE,class,Android-Universal-Image-Loader,0.9,0.5,com.nostra13.universalimageloader.cache.disc,570,1,1,1,1,1,1
WMC,class,Android-Universal-Image-Loader,0.9,0.5,com.nostra13.universalimageloader.cache.disc,570,1,1,1,1,1,1
CBO,class,Android-Universal-Image-Loader,0.9,0.5,com.nostra13.universalimageloader.cache.disc,570,1,1,1,1,1,1
CBOI,class,Android-Universal-Image-Loader,0.9,0.5,com.nostra13.universalimageloader.cache.disc,570,1,1,1,1,1,1
NII,class,Android-Universal-Image-Loader,0.9,0.5,com.nostra13.universalimageloader.cache.disc,570,1,1,1,1,1,1
NOI,class,Android-Universal-Image-Loader,0.9,0.5,com.nostra13.universalimageloader.cache.disc,570,1,1,1,1,1,1
RFC,class,Android-Universal-Image-Loader,0.9,0.5,com.nostra13.universalimageloader.cache.disc,570,1,1,1,1,1,1
AD,class,Android-Universal-Image-Loader,0.9,0.5,com.nostra13.universalimageloader.cache.disc,570,1,1,1,1,1,1
CD,class,Android-Universal-Image-Loader,0.9,0.5,com.nostra13.universalimageloader.cache.disc,570,1,1,1,1,1,1
CLOC,class,Android-Universal-Image-Loader,0.9,0.5,com.nostra13.universalimageloader.cache.disc,570,1,1,1,1,1,1
DLOC,class,Android-Universal-Image-Loader,0.9,0.5,com.nostra13.universalimageloader.cache.disc,570,1,1,1,1,1,1
PDA,class,Android-Universal-Image-Loader,0.9,0.5,com.nostra13.universalimageloader.cache.disc,570,1,1,1,1,1,1
PUA,class,Android-Universal-Image-Loader,0.9,0.5,com.nostra13.universalimageloader.cache.disc,570,1,1,1,1,1,1
TCD,class,Android-Universal-Image-Loader,0.9,0.5,com.nostra13.universalimageloader.cache.disc,570,1,1,1,1,1,1
TCLOC,class,Android-Universal-Image-Loader,0.9,0.5,com.nostra13.universalimageloader.cache.disc,570,0,0,0,1,1,1
DIT,class,Android-Universal-Image-Loader,0.9,0.5,com.nostra13.universalimageloader.cache.disc,570,1,1,1,1,1,1
NOA,class,Android-Universal-Image-Loader,0.9,0.5,com.nostra13.universalimageloader.cache.disc,570,1,1,1,1,1,1
NOC,class,Android-Universal-Image-Loader,0.9,0.5,com.nostra13.universalimageloader.cache.disc,570,1,1,1,1,1,1
NOD,class,Android-Universal-Image-Loader,0.9,0.5,com.nostra13.universalimageloader.cache.disc,570,1,1,1,1,1,1
NOP,class,Android-Universal-Image-Loader,0.9,0.5,com.nostra13.universalimageloader.cache.disc,570,1,1,1,1,1,1
LLOC,class,Android-Universal-Image-Loader,0.9,0.5,com.nostra13.universalimageloader.cache.disc,570,1,1,1,1,1,1
LOC,class,Android-Universal-Image-Loader,0.9,0.5,com.nostra13.universalimageloader.cache.disc,570,1,1,1,1,1,1
NA,class,Android-Universal-Image-Loader,0.9,0.5,com.nostra13.universalimageloader.cache.disc,570,1,1,1,1,1,1
NG,class,Android-Universal-Image-Loader,0.9,0.5,com.nostra13.universalimageloader.cache.disc,570,1,1,1,1,1,1
NLA,class,Android-Universal-Image-Loader,0.9,0.5,com.nostra13.universalimageloader.cache.disc,570,1,1,1,1,1,1
NLG,class,Android-Universal-Image-Loader,0.9,0.5,com.nostra13.universalimageloader.cache.disc,570,1,1,1,1,1,1
NLM,class,Android-Universal-Image-Loader,0.9,0.5,com.nostra13.universalimageloader.cache.disc,570,1,1,1,1,1,1
NLPA,class,Android-Universal-Image-Loader,0.9,0.5,com.nostra13.universalimageloader.cache.disc,570,0,0,0,1,1,1
NLPM,class,Android-Universal-Image-Loader,0.9,0.5,com.nostra13.universalimageloader.cache.disc,570,1,1,1,1,1,1
NLS,class,Android-Universal-Image-Loader,0.9,0.5,com.nostra13.universalimageloader.cache.disc,570,0,0,0,1,1,1
NM,class,Android-Universal-Image-Loader,0.9,0.5,com.nostra13.universalimageloader.cache.disc,570,1,1,1,1,1,1
NOS,class,Android-Universal-Image-Loader,0.9,0.5,com.nostra13.universalimageloader.cache.disc,570,1,1,1,1,1,1
NPA,class,Android-Universal-Image-Loader,0.9,0.5,com.nostra13.universalimageloader.cache.disc,570,0,0,0,1,1,1
NPM,class,Android-Universal-Image-Loader,0.9,0.5,com.nostra13.universalimageloader.cache.disc,570,1,1,1,1,1,1
NS,class,Android-Universal-Image-Loader,0.9,0.5,com.nostra13.universalimageloader.cache.disc,570,0,0,0,1,1,1
TLLOC,class,Android-Universal-Image-Loader,0.9,0.5,com.nostra13.universalimageloader.cache.disc,570,1,1,1,1,1,1
TLOC,class,Android-Universal-Image-Loader,0.9,0.5,com.nostra13.universalimageloader.cache.disc,570,1,1,1,1,1,1
TNA,class,Android-Universal-Image-Loader,0.9,0.5,com.nostra13.universalimageloader.cache.disc,570,0,0,0,0,0,0
TNG,class,Android-Universal-Image-Loader,0.9,0.5,com.nostra13.universalimageloader.cache.disc,570,0,0,0,0,0,0
TNLA,class,Android-Universal-Image-Loader,0.9,0.5,com.nostra13.universalimageloader.cache.disc,570,0,0,0,0,0,0
TNLG,class,Android-Universal-Image-Loader,0.9,0.5,com.nostra13.universalimageloader.cache.disc,570,0,0,0,0,0,0
TNLM,class,Android-Universal-Image-Loader,0.9,0.5,com.nostra13.universalimageloader.cache.disc,570,0,0,0,0,0,0
TNLPA,class,Android-Universal-Image-Loader,0.9,0.5,com.nostra13.universalimageloader.cache.disc,570,0,0,0,0,0,0
TNLPM,class,Android-Universal-Image-Loader,0.9,0.5,com.nostra13.universalimageloader.cache.disc,570,0,0,0,0,0,0
TNLS,class,Android-Universal-Image-Loader,0.9,0.5,com.nostra13.universalimageloader.cache.disc,570,0,0,0,0,0,0
TNM,class,Android-Universal-Image-Loader,0.9,0.5,com.nostra13.universalimageloader.cache.disc,570,0,0,0,0,0,0
TNOS,class,Android-Universal-Image-Loader,0.9,0.5,com.nostra13.universalimageloader.cache.disc,570,0,0,0,0,0,0
TNPA,class,Android-Universal-Image-Loader,0.9,0.5,com.nostra13.universalimageloader.cache.disc,570,0,0,0,0,0,0
TNPM,class,Android-Universal-Image-Loader,0.9,0.5,com.nostra13.universalimageloader.cache.disc,570,0,0,0,0,0,0
TNS,class,Android-Universal-Image-Loader,0.9,0.5,com.nostra13.universalimageloader.cache.disc,570,0,0,0,0,0,0
WarningBlocker,class,Android-Universal-Image-Loader,0.9,0.5,com.nostra13.universalimageloader.cache.disc,570,0,0,0,0,0,0
WarningCritical,class,Android-Universal-Image-Loader,0.9,0.5,com.nostra13.universalimageloader.cache.disc,570,0,0,0,0,0,0
WarningInfo,class,Android-Universal-Image-Loader,0.9,0.5,com.nostra13.universalimageloader.cache.disc,570,0,0,0,0,0,0
WarningMajor,class,Android-Universal-Image-Loader,0.9,0.5,com.nostra13.universalimageloader.cache.disc,570,0,0,0,0,0,0
WarningMinor,class,Android-Universal-Image-Loader,0.9,0.5,com.nostra13.universalimageloader.cache.disc,570,0,0,0,0,0,0
Android Rules,class,Android-Universal-Image-Loader,0.9,0.5,com.nostra13.universalimageloader.cache.disc,570,0,0,0,0,0,0
Basic Rules,class,Android-Universal-Image-Loader,0.9,0.5,com.nostra13.universalimageloader.cache.disc,570,0,0,0,0,0,0
Brace Rules,class,Android-Universal-Image-Loader,0.9,0.5,com.nostra13.universalimageloader.cache.disc,570,0,0,0,0,0,0
Clone Implementation Rules,class,Android-Universal-Image-Loader,0.9,0.5,com.nostra13.universalimageloader.cache.disc,570,0,0,0,0,0,0
Code Size Rules,class,Android-Universal-Image-Loader,0.9,0.5,com.nostra13.universalimageloader.cache.disc,570,0,0,0,0,0,0
Comment Rules,class,Android-Universal-Image-Loader,0.9,0.5,com.nostra13.universalimageloader.cache.disc,570,0,0,0,0,0,0
Controversial Rules,class,Android-Universal-Image-Loader,0.9,0.5,com.nostra13.universalimageloader.cache.disc,570,0,0,0,0,0,0
Coupling Rules,class,Android-Universal-Image-Loader,0.9,0.5,com.nostra13.universalimageloader.cache.disc,570,0,0,0,0,0,0
Design Rules,class,Android-Universal-Image-Loader,0.9,0.5,com.nostra13.universalimageloader.cache.disc,570,0,0,0,0,0,0
Empty Code Rules,class,Android-Universal-Image-Loader,0.9,0.5,com.nostra13.universalimageloader.cache.disc,570,0,0,0,0,0,0
Finalizer Rules,class,Android-Universal-Image-Loader,0.9,0.5,com.nostra13.universalimageloader.cache.disc,570,0,0,0,0,0,0
Import Statement Rules,class,Android-Universal-Image-Loader,0.9,0.5,com.nostra13.universalimageloader.cache.disc,570,0,0,0,0,0,0
J2EE Rules,class,Android-Universal-Image-Loader,0.9,0.5,com.nostra13.universalimageloader.cache.disc,570,0,0,0,0,0,0
JUnit Rules,class,Android-Universal-Image-Loader,0.9,0.5,com.nostra13.universalimageloader.cache.disc,570,0,0,0,0,0,0
Jakarta Commons Logging Rules,class,Android-Universal-Image-Loader,0.9,0.5,com.nostra13.universalimageloader.cache.disc,570,0,0,0,0,0,0
Java Logging Rules,class,Android-Universal-Image-Loader,0.9,0.5,com.nostra13.universalimageloader.cache.disc,570,0,0,0,0,0,0
JavaBean Rules,class,Android-Universal-Image-Loader,0.9,0.5,com.nostra13.universalimageloader.cache.disc,570,0,0,0,0,0,0
MigratingToJUnit4 Rules,class,Android-Universal-Image-Loader,0.9,0.5,com.nostra13.universalimageloader.cache.disc,570,0,0,0,0,0,0
Migration Rules,class,Android-Universal-Image-Loader,0.9,0.5,com.nostra13.universalimageloader.cache.disc,570,0,0,0,0,0,0
Migration13 Rules,class,Android-Universal-Image-Loader,0.9,0.5,com.nostra13.universalimageloader.cache.disc,570,0,0,0,0,0,0
Migration14 Rules,class,Android-Universal-Image-Loader,0.9,0.5,com.nostra13.universalimageloader.cache.disc,570,0,0,0,0,0,0
Migration15 Rules,class,Android-Universal-Image-Loader,0.9,0.5,com.nostra13.universalimageloader.cache.disc,570,0,0,0,0,0,0
Naming Rules,class,Android-Universal-Image-Loader,0.9,0.5,com.nostra13.universalimageloader.cache.disc,570,0,0,0,0,0,0
Optimization Rules,class,Android-Universal-Image-Loader,0.9,0.5,com.nostra13.universalimageloader.cache.disc,570,0,0,0,0,0,0
Security Code Guideline Rules,class,Android-Universal-Image-Loader,0.9,0.5,com.nostra13.universalimageloader.cache.disc,570,0,0,0,0,0,0
Strict Exception Rules,class,Android-Universal-Image-Loader,0.9,0.5,com.nostra13.universalimageloader.cache.disc,570,0,0,0,0,0,0
String and StringBuffer Rules,class,Android-Universal-Image-Loader,0.9,0.5,com.nostra13.universalimageloader.cache.disc,570,0,0,0,0,0,0
Type Resolution Rules,class,Android-Universal-Image-Loader,0.9,0.5,com.nostra13.universalimageloader.cache.disc,570,0,0,0,0,0,0
Unnecessary and Unused Code Rules,class,Android-Universal-Image-Loader,0.9,0.5,com.nostra13.universalimageloader.cache.disc,570,0,0,0,0,0,0
Vulnerability Rules,class,Android-Universal-Image-Loader,0.9,0.5,com.nostra13.universalimageloader.cache.disc,570,0,0,0,0,0,0
CC,class,Android-Universal-Image-Loader,0.9,0.5,com.nostra13.universalimageloader.cache.memory,570,0,0,0,1,1,1
CCL,class,Android-Universal-Image-Loader,0.9,0.5,com.nostra13.universalimageloader.cache.memory,570,0,0,0,1,1,1
CCO,class,Android-Universal-Image-Loader,0.9,0.5,com.nostra13.universalimageloader.cache.memory,570,0,0,0,1,1,1
CI,class,Android-Universal-Image-Loader,0.9,0.5,com.nostra13.universalimageloader.cache.memory,570,0,0,0,1,1,1
CLC,class,Android-Universal-Image-Loader,0.9,0.5,com.nostra13.universalimageloader.cache.memory,570,0,0,0,1,1,1
CLLC,class,Android-Universal-Image-Loader,0.9,0.5,com.nostra13.universalimageloader.cache.memory,570,0,0,0,1,1,1
LDC,class,Android-Universal-Image-Loader,0.9,0.5,com.nostra13.universalimageloader.cache.memory,570,0,0,0,1,1,1
LLDC,class,Android-Universal-Image-Loader,0.9,0.5,com.nostra13.universalimageloader.cache.memory,570,0,0,0,1,1,1
LCOM5,class,Android-Universal-Image-Loader,0.9,0.5,com.nostra13.universalimageloader.cache.memory,570,0,0,0,1,1,1
NL,class,Android-Universal-Image-Loader,0.9,0.5,com.nostra13.universalimageloader.cache.memory,570,1,1,1,1,1,1
NLE,class,Android-Universal-Image-Loader,0.9,0.5,com.nostra13.universalimageloader.cache.memory,570,1,1,1,1,1,1
WMC,class,Android-Universal-Image-Loader,0.9,0.5,com.nostra13.universalimageloader.cache.memory,570,1,1,1,1,1,1
CBO,class,Android-Universal-Image-Loader,0.9,0.5,com.nostra13.universalimageloader.cache.memory,570,1,1,1,1,1,1
CBOI,class,Android-Universal-Image-Loader,0.9,0.5,com.nostra13.universalimageloader.cache.memory,570,1,1,1,1,1,1
NII,class,Android-Universal-Image-Loader,0.9,0.5,com.nostra13.universalimageloader.cache.memory,570,1,1,1,1,1,1
NOI,class,Android-Universal-Image-Loader,0.9,0.5,com.nostra13.universalimageloader.cache.memory,570,1,1,1,1,1,1
RFC,class,Android-Universal-Image-Loader,0.9,0.5,com.nostra13.universalimageloader.cache.memory,570,1,1,1,1,1,1
AD,class,Android-Universal-Image-Loader,0.9,0.5,com.nostra13.universalimageloader.cache.memory,570,1,1,1,1,1,1
CD,class,Android-Universal-Image-Loader,0.9,0.5,com.nostra13.universalimageloader.cache.memory,570,1,1,1,1,1,1
CLOC,class,Android-Universal-Image-Loader,0.9,0.5,com.nostra13.universalimageloader.cache.memory,570,1,1,1,1,1,1
DLOC,class,Android-Universal-Image-Loader,0.9,0.5,com.nostra13.universalimageloader.cache.memory,570,1,1,1,1,1,1
PDA,class,Android-Universal-Image-Loader,0.9,0.5,com.nostra13.universalimageloader.cache.memory,570,1,1,1,1,1,1
PUA,class,Android-Universal-Image-Loader,0.9,0.5,com.nostra13.universalimageloader.cache.memory,570,1,1,1,1,1,1
TCD,class,Android-Universal-Image-Loader,0.9,0.5,com.nostra13.universalimageloader.cache.memory,570,1,1,1,1,1,1
TCLOC,class,Android-Universal-Image-Loader,0.9,0.5,com.nostra13.universalimageloader.cache.memory,570,1,1,1,1,1,1
DIT,class,Android-Universal-Image-Loader,0.9,0.5,com.nostra13.universalimageloader.cache.memory,570,1,1,1,1,1,1
NOA,class,Android-Universal-Image-Loader,0.9,0.5,com.nostra13.universalimageloader.cache.memory,570,1,1,1,1,1,1
NOC,class,Android-Universal-Image-Loader,0.9,0.5,com.nostra13.universalimageloader.cache.memory,570,1,1,1,1,1,1
NOD,class,Android-Universal-Image-Loader,0.9,0.5,com.nostra13.universalimageloader.cache.memory,570,1,1,1,1,1,1
NOP,class,Android-Universal-Image-Loader,0.9,0.5,com.nostra13.universalimageloader.cache.memory,570,0,0,0,1,1,1
LLOC,class,Android-Universal-Image-Loader,0.9,0.5,com.nostra13.universalimageloader.cache.memory,570,1,1,1,1,1,1
LOC,class,Android-Universal-Image-Loader,0.9,0.5,com.nostra13.universalimageloader.cache.memory,570,1,1,1,1,1,1
NA,class,Android-Universal-Image-Loader,0.9,0.5,com.nostra13.universalimageloader.cache.memory,570,1,1,1,1,1,1
NG,class,Android-Universal-Image-Loader,0.9,0.5,com.nostra13.universalimageloader.cache.memory,570,1,1,1,1,1,1
NLA,class,Android-Universal-Image-Loader,0.9,0.5,com.nostra13.universalimageloader.cache.memory,570,1,1,1,1,1,1
NLG,class,Android-Universal-Image-Loader,0.9,0.5,com.nostra13.universalimageloader.cache.memory,570,1,1,1,1,1,1
NLM,class,Android-Universal-Image-Loader,0.9,0.5,com.nostra13.universalimageloader.cache.memory,570,1,1,1,1,1,1
NLPA,class,Android-Universal-Image-Loader,0.9,0.5,com.nostra13.universalimageloader.cache.memory,570,0,0,0,1,1,1
NLPM,class,Android-Universal-Image-Loader,0.9,0.5,com.nostra13.universalimageloader.cache.memory,570,1,1,1,1,1,1
NLS,class,Android-Universal-Image-Loader,0.9,0.5,com.nostra13.universalimageloader.cache.memory,570,0,0,0,1,1,1
NM,class,Android-Universal-Image-Loader,0.9,0.5,com.nostra13.universalimageloader.cache.memory,570,1,1,1,1,1,1
NOS,class,Android-Universal-Image-Loader,0.9,0.5,com.nostra13.universalimageloader.cache.memory,570,1,1,1,1,1,1
NPA,class,Android-Universal-Image-Loader,0.9,0.5,com.nostra13.universalimageloader.cache.memory,570,0,0,0,1,1,1
NPM,class,Android-Universal-Image-Loader,0.9,0.5,com.nostra13.universalimageloader.cache.memory,570,1,1,1,1,1,1
NS,class,Android-Universal-Image-Loader,0.9,0.5,com.nostra13.universalimageloader.cache.memory,570,0,0,0,1,1,1
TLLOC,class,Android-Universal-Image-Loader,0.9,0.5,com.nostra13.universalimageloader.cache.memory,570,1,1,1,1,1,1
TLOC,class,Android-Universal-Image-Loader,0.9,0.5,com.nostra13.universalimageloader.cache.memory,570,1,1,1,1,1,1
TNA,class,Android-Universal-Image-Loader,0.9,0.5,com.nostra13.universalimageloader.cache.memory,570,0,0,0,0,0,0
TNG,class,Android-Universal-Image-Loader,0.9,0.5,com.nostra13.universalimageloader.cache.memory,570,0,0,0,0,0,0
TNLA,class,Android-Universal-Image-Loader,0.9,0.5,com.nostra13.universalimageloader.cache.memory,570,0,0,0,0,0,0
TNLG,class,Android-Universal-Image-Loader,0.9,0.5,com.nostra13.universalimageloader.cache.memory,570,0,0,0,0,0,0
TNLM,class,Android-Universal-Image-Loader,0.9,0.5,com.nostra13.universalimageloader.cache.memory,570,0,0,0,0,0,0
TNLPA,class,Android-Universal-Image-Loader,0.9,0.5,com.nostra13.universalimageloader.cache.memory,570,0,0,0,0,0,0
TNLPM,class,Android-Universal-Image-Loader,0.9,0.5,com.nostra13.universalimageloader.cache.memory,570,0,0,0,0,0,0
TNLS,class,Android-Universal-Image-Loader,0.9,0.5,com.nostra13.universalimageloader.cache.memory,570,0,0,0,0,0,0
TNM,class,Android-Universal-Image-Loader,0.9,0.5,com.nostra13.universalimageloader.cache.memory,570,0,0,0,0,0,0
TNOS,class,Android-Universal-Image-Loader,0.9,0.5,com.nostra13.universalimageloader.cache.memory,570,0,0,0,0,0,0
TNPA,class,Android-Universal-Image-Loader,0.9,0.5,com.nostra13.universalimageloader.cache.memory,570,0,0,0,0,0,0
TNPM,class,Android-Universal-Image-Loader,0.9,0.5,com.nostra13.universalimageloader.cache.memory,570,0,0,0,0,0,0
TNS,class,Android-Universal-Image-Loader,0.9,0.5,com.nostra13.universalimageloader.cache.memory,570,0,0,0,0,0,0
WarningBlocker,class,Android-Universal-Image-Loader,0.9,0.5,com.nostra13.universalimageloader.cache.memory,570,0,0,0,0,0,0
WarningCritical,class,Android-Universal-Image-Loader,0.9,0.5,com.nostra13.universalimageloader.cache.memory,570,0,0,0,0,0,0
WarningInfo,class,Android-Universal-Image-Loader,0.9,0.5,com.nostra13.universalimageloader.cache.memory,570,0,0,0,0,0,0
WarningMajor,class,Android-Universal-Image-Loader,0.9,0.5,com.nostra13.universalimageloader.cache.memory,570,0,0,0,0,0,0
WarningMinor,class,Android-Universal-Image-Loader,0.9,0.5,com.nostra13.universalimageloader.cache.memory,570,0,0,0,0,0,0
Android Rules,class,Android-Universal-Image-Loader,0.9,0.5,com.nostra13.universalimageloader.cache.memory,570,0,0,0,0,0,0
Basic Rules,class,Android-Universal-Image-Loader,0.9,0.5,com.nostra13.universalimageloader.cache.memory,570,0,0,0,0,0,0
Brace Rules,class,Android-Universal-Image-Loader,0.9,0.5,com.nostra13.universalimageloader.cache.memory,570,0,0,0,0,0,0
Clone Implementation Rules,class,Android-Universal-Image-Loader,0.9,0.5,com.nostra13.universalimageloader.cache.memory,570,0,0,0,0,0,0
Code Size Rules,class,Android-Universal-Image-Loader,0.9,0.5,com.nostra13.universalimageloader.cache.memory,570,0,0,0,0,0,0
Comment Rules,class,Android-Universal-Image-Loader,0.9,0.5,com.nostra13.universalimageloader.cache.memory,570,0,0,0,0,0,0
Controversial Rules,class,Android-Universal-Image-Loader,0.9,0.5,com.nostra13.universalimageloader.cache.memory,570,0,0,0,0,0,0
Coupling Rules,class,Android-Universal-Image-Loader,0.9,0.5,com.nostra13.universalimageloader.cache.memory,570,0,0,0,0,0,0
Design Rules,class,Android-Universal-Image-Loader,0.9,0.5,com.nostra13.universalimageloader.cache.memory,570,0,0,0,0,0,0
Empty Code Rules,class,Android-Universal-Image-Loader,0.9,0.5,com.nostra13.universalimageloader.cache.memory,570,0,0,0,0,0,0
Finalizer Rules,class,Android-Universal-Image-Loader,0.9,0.5,com.nostra13.universalimageloader.cache.memory,570,0,0,0,0,0,0
Import Statement Rules,class,Android-Universal-Image-Loader,0.9,0.5,com.nostra13.universalimageloader.cache.memory,570,0,0,0,0,0,0
J2EE Rules,class,Android-Universal-Image-Loader,0.9,0.5,com.nostra13.universalimageloader.cache.memory,570,0,0,0,0,0,0
JUnit Rules,class,Android-Universal-Image-Loader,0.9,0.5,com.nostra13.universalimageloader.cache.memory,570,0,0,0,0,0,0
Jakarta Commons Logging Rules,class,Android-Universal-Image-Loader,0.9,0.5,com.nostra13.universalimageloader.cache.memory,570,0,0,0,0,0,0
Java Logging Rules,class,Android-Universal-Image-Loader,0.9,0.5,com.nostra13.universalimageloader.cache.memory,570,0,0,0,0,0,0
JavaBean Rules,class,Android-Universal-Image-Loader,0.9,0.5,com.nostra13.universalimageloader.cache.memory,570,0,0,0,0,0,0
MigratingToJUnit4 Rules,class,Android-Universal-Image-Loader,0.9,0.5,com.nostra13.universalimageloader.cache.memory,570,0,0,0,0,0,0
Migration Rules,class,Android-Universal-Image-Loader,0.9,0.5,com.nostra13.universalimageloader.cache.memory,570,0,0,0,0,0,0
Migration13 Rules,class,Android-Universal-Image-Loader,0.9,0.5,com.nostra13.universalimageloader.cache.memory,570,0,0,0,0,0,0
Migration14 Rules,class,Android-Universal-Image-Loader,0.9,0.5,com.nostra13.universalimageloader.cache.memory,570,0,0,0,0,0,0
Migration15 Rules,class,Android-Universal-Image-Loader,0.9,0.5,com.nostra13.universalimageloader.cache.memory,570,0,0,0,0,0,0
Naming Rules,class,Android-Universal-Image-Loader,0.9,0.5,com.nostra13.universalimageloader.cache.memory,570,0,0,0,0,0,0
Optimization Rules,class,Android-Universal-Image-Loader,0.9,0.5,com.nostra13.universalimageloader.cache.memory,570,0,0,0,0,0,0
Security Code Guideline Rules,class,Android-Universal-Image-Loader,0.9,0.5,com.nostra13.universalimageloader.cache.memory,570,0,0,0,0,0,0
Strict Exception Rules,class,Android-Universal-Image-Loader,0.9,0.5,com.nostra13.universalimageloader.cache.memory,570,0,0,0,0,0,0
String and StringBuffer Rules,class,Android-Universal-Image-Loader,0.9,0.5,com.nostra13.universalimageloader.cache.memory,570,0,0,0,0,0,0
Type Resolution Rules,class,Android-Universal-Image-Loader,0.9,0.5,com.nostra13.universalimageloader.cache.memory,570,0,0,0,0,0,0
Unnecessary and Unused Code Rules,class,Android-Universal-Image-Loader,0.9,0.5,com.nostra13.universalimageloader.cache.memory,570,0,0,0,0,0,0
Vulnerability Rules,class,Android-Universal-Image-Loader,0.9,0.5,com.nostra13.universalimageloader.cache.memory,570,0,0,0,0,0,0
CC,class,Android-Universal-Image-Loader,0.9,0.5,com.nostra13.universalimageloader.core.imageaware,380,1,1,1,1,1,1
CCL,class,Android-Universal-Image-Loader,0.9,0.5,com.nostra13.universalimageloader.core.imageaware,380,1,1,1,1,1,1
CCO,class,Android-Universal-Image-Loader,0.9,0.5,com.nostra13.universalimageloader.core.imageaware,380,1,1,1,1,1,1
CI,class,Android-Universal-Image-Loader,0.9,0.5,com.nostra13.universalimageloader.core.imageaware,380,1,1,1,1,1,1
CLC,class,Android-Universal-Image-Loader,0.9,0.5,com.nostra13.universalimageloader.core.imageaware,380,1,1,1,1,1,1
CLLC,class,Android-Universal-Image-Loader,0.9,0.5,com.nostra13.universalimageloader.core.imageaware,380,1,1,1,1,1,1
LDC,class,Android-Universal-Image-Loader,0.9,0.5,com.nostra13.universalimageloader.core.imageaware,380,1,1,1,1,1,1
LLDC,class,Android-Universal-Image-Loader,0.9,0.5,com.nostra13.universalimageloader.core.imageaware,380,1,1,1,1,1,1
LCOM5,class,Android-Universal-Image-Loader,0.9,0.5,com.nostra13.universalimageloader.core.imageaware,380,0,0,0,1,1,1
NL,class,Android-Universal-Image-Loader,0.9,0.5,com.nostra13.universalimageloader.core.imageaware,380,1,1,1,1,1,1
NLE,class,Android-Universal-Image-Loader,0.9,0.5,com.nostra13.universalimageloader.core.imageaware,380,1,1,1,1,1,1
WMC,class,Android-Universal-Image-Loader,0.9,0.5,com.nostra13.universalimageloader.core.imageaware,380,1,1,1,1,1,1
CBO,class,Android-Universal-Image-Loader,0.9,0.5,com.nostra13.universalimageloader.core.imageaware,380,0,0,0,1,1,1
CBOI,class,Android-Universal-Image-Loader,0.9,0.5,com.nostra13.universalimageloader.core.imageaware,380,0,0,0,1,1,1
NII,class,Android-Universal-Image-Loader,0.9,0.5,com.nostra13.universalimageloader.core.imageaware,380,1,1,1,1,1,1
NOI,class,Android-Universal-Image-Loader,0.9,0.5,com.nostra13.universalimageloader.core.imageaware,380,1,1,1,1,1,1
RFC,class,Android-Universal-Image-Loader,0.9,0.5,com.nostra13.universalimageloader.core.imageaware,380,1,1,1,1,1,1
AD,class,Android-Universal-Image-Loader,0.9,0.5,com.nostra13.universalimageloader.core.imageaware,380,1,1,1,1,1,1
CD,class,Android-Universal-Image-Loader,0.9,0.5,com.nostra13.universalimageloader.core.imageaware,380,1,1,1,1,1,1
CLOC,class,Android-Universal-Image-Loader,0.9,0.5,com.nostra13.universalimageloader.core.imageaware,380,1,1,1,1,1,1
DLOC,class,Android-Universal-Image-Loader,0.9,0.5,com.nostra13.universalimageloader.core.imageaware,380,1,1,1,1,1,1
PDA,class,Android-Universal-Image-Loader,0.9,0.5,com.nostra13.universalimageloader.core.imageaware,380,1,1,1,1,1,1
PUA,class,Android-Universal-Image-Loader,0.9,0.5,com.nostra13.universalimageloader.core.imageaware,380,1,1,1,1,1,1
TCD,class,Android-Universal-Image-Loader,0.9,0.5,com.nostra13.universalimageloader.core.imageaware,380,1,1,1,1,1,1
TCLOC,class,Android-Universal-Image-Loader,0.9,0.5,com.nostra13.universalimageloader.core.imageaware,380,1,1,1,1,1,1
DIT,class,Android-Universal-Image-Loader,0.9,0.5,com.nostra13.universalimageloader.core.imageaware,380,0,0,0,1,1,1
NOA,class,Android-Universal-Image-Loader,0.9,0.5,com.nostra13.universalimageloader.core.imageaware,380,0,0,0,1,1,1
NOC,class,Android-Universal-Image-Loader,0.9,0.5,com.nostra13.universalimageloader.core.imageaware,380,0,0,0,1,1,1
NOD,class,Android-Universal-Image-Loader,0.9,0.5,com.nostra13.universalimageloader.core.imageaware,380,0,0,0,1,1,1
NOP,class,Android-Universal-Image-Loader,0.9,0.5,com.nostra13.universalimageloader.core.imageaware,380,0,0,0,1,1,1
LLOC,class,Android-Universal-Image-Loader,0.9,0.5,com.nostra13.universalimageloader.core.imageaware,380,1,1,1,1,1,1
LOC,class,Android-Universal-Image-Loader,0.9,0.5,com.nostra13.universalimageloader.core.imageaware,380,1,1,1,1,1,1
NA,class,Android-Universal-Image-Loader,0.9,0.5,com.nostra13.universalimageloader.core.imageaware,380,1,1,1,1,1,1
NG,class,Android-Universal-Image-Loader,0.9,0.5,com.nostra13.universalimageloader.core.imageaware,380,1,1,1,1,1,1
NLA,class,Android-Universal-Image-Loader,0.9,0.5,com.nostra13.universalimageloader.core.imageaware,380,1,1,1,1,1,1
NLG,class,Android-Universal-Image-Loader,0.9,0.5,com.nostra13.universalimageloader.core.imageaware,380,1,1,1,1,1,1
NLM,class,Android-Universal-Image-Loader,0.9,0.5,com.nostra13.universalimageloader.core.imageaware,380,1,1,1,1,1,1
NLPA,class,Android-Universal-Image-Loader,0.9,0.5,com.nostra13.universalimageloader.core.imageaware,380,0,0,0,1,1,1
NLPM,class,Android-Universal-Image-Loader,0.9,0.5,com.nostra13.universalimageloader.core.imageaware,380,1,1,1,1,1,1
NLS,class,Android-Universal-Image-Loader,0.9,0.5,com.nostra13.universalimageloader.core.imageaware,380,0,0,0,1,1,1
NM,class,Android-Universal-Image-Loader,0.9,0.5,com.nostra13.universalimageloader.core.imageaware,380,1,1,1,1,1,1
NOS,class,Android-Universal-Image-Loader,0.9,0.5,com.nostra13.universalimageloader.core.imageaware,380,1,1,1,1,1,1
NPA,class,Android-Universal-Image-Loader,0.9,0.5,com.nostra13.universalimageloader.core.imageaware,380,0,0,0,1,1,1
NPM,class,Android-Universal-Image-Loader,0.9,0.5,com.nostra13.universalimageloader.core.imageaware,380,1,1,1,1,1,1
NS,class,Android-Universal-Image-Loader,0.9,0.5,com.nostra13.universalimageloader.core.imageaware,380,0,0,0,1,1,1
TLLOC,class,Android-Universal-Image-Loader,0.9,0.5,com.nostra13.universalimageloader.core.imageaware,380,1,1,1,1,1,1
TLOC,class,Android-Universal-Image-Loader,0.9,0.5,com.nostra13.universalimageloader.core.imageaware,380,1,1,1,1,1,1
TNA,class,Android-Universal-Image-Loader,0.9,0.5,com.nostra13.universalimageloader.core.imageaware,380,0,0,0,0,0,0
TNG,class,Android-Universal-Image-Loader,0.9,0.5,com.nostra13.universalimageloader.core.imageaware,380,0,0,0,0,0,0
TNLA,class,Android-Universal-Image-Loader,0.9,0.5,com.nostra13.universalimageloader.core.imageaware,380,0,0,0,0,0,0
TNLG,class,Android-Universal-Image-Loader,0.9,0.5,com.nostra13.universalimageloader.core.imageaware,380,0,0,0,0,0,0
TNLM,class,Android-Universal-Image-Loader,0.9,0.5,com.nostra13.universalimageloader.core.imageaware,380,0,0,0,0,0,0
TNLPA,class,Android-Universal-Image-Loader,0.9,0.5,com.nostra13.universalimageloader.core.imageaware,380,0,0,0,0,0,0
TNLPM,class,Android-Universal-Image-Loader,0.9,0.5,com.nostra13.universalimageloader.core.imageaware,380,0,0,0,0,0,0
TNLS,class,Android-Universal-Image-Loader,0.9,0.5,com.nostra13.universalimageloader.core.imageaware,380,0,0,0,0,0,0
TNM,class,Android-Universal-Image-Loader,0.9,0.5,com.nostra13.universalimageloader.core.imageaware,380,0,0,0,0,0,0
TNOS,class,Android-Universal-Image-Loader,0.9,0.5,com.nostra13.universalimageloader.core.imageaware,380,0,0,0,0,0,0
TNPA,class,Android-Universal-Image-Loader,0.9,0.5,com.nostra13.universalimageloader.core.imageaware,380,0,0,0,0,0,0
TNPM,class,Android-Universal-Image-Loader,0.9,0.5,com.nostra13.universalimageloader.core.imageaware,380,0,0,0,0,0,0
TNS,class,Android-Universal-Image-Loader,0.9,0.5,com.nostra13.universalimageloader.core.imageaware,380,0,0,0,0,0,0
WarningBlocker,class,Android-Universal-Image-Loader,0.9,0.5,com.nostra13.universalimageloader.core.imageaware,380,0,0,0,0,0,0
WarningCritical,class,Android-Universal-Image-Loader,0.9,0.5,com.nostra13.universalimageloader.core.imageaware,380,0,0,0,0,0,0
WarningInfo,class,Android-Universal-Image-Loader,0.9,0.5,com.nostra13.universalimageloader.core.imageaware,380,0,0,0,0,0,0
WarningMajor,class,Android-Universal-Image-Loader,0.9,0.5,com.nostra13.universalimageloader.core.imageaware,380,0,0,0,0,0,0
WarningMinor,class,Android-Universal-Image-Loader,0.9,0.5,com.nostra13.universalimageloader.core.imageaware,380,0,0,0,0,0,0
Android Rules,class,Android-Universal-Image-Loader,0.9,0.5,com.nostra13.universalimageloader.core.imageaware,380,0,0,0,0,0,0
Basic Rules,class,Android-Universal-Image-Loader,0.9,0.5,com.nostra13.universalimageloader.core.imageaware,380,0,0,0,0,0,0
Brace Rules,class,Android-Universal-Image-Loader,0.9,0.5,com.nostra13.universalimageloader.core.imageaware,380,0,0,0,0,0,0
Clone Implementation Rules,class,Android-Universal-Image-Loader,0.9,0.5,com.nostra13.universalimageloader.core.imageaware,380,0,0,0,0,0,0
Code Size Rules,class,Android-Universal-Image-Loader,0.9,0.5,com.nostra13.universalimageloader.core.imageaware,380,0,0,0,0,0,0
Comment Rules,class,Android-Universal-Image-Loader,0.9,0.5,com.nostra13.universalimageloader.core.imageaware,380,0,0,0,0,0,0
Controversial Rules,class,Android-Universal-Image-Loader,0.9,0.5,com.nostra13.universalimageloader.core.imageaware,380,0,0,0,0,0,0
Coupling Rules,class,Android-Universal-Image-Loader,0.9,0.5,com.nostra13.universalimageloader.core.imageaware,380,0,0,0,0,0,0
Design Rules,class,Android-Universal-Image-Loader,0.9,0.5,com.nostra13.universalimageloader.core.imageaware,380,0,0,0,0,0,0
Empty Code Rules,class,Android-Universal-Image-Loader,0.9,0.5,com.nostra13.universalimageloader.core.imageaware,380,0,0,0,0,0,0
Finalizer Rules,class,Android-Universal-Image-Loader,0.9,0.5,com.nostra13.universalimageloader.core.imageaware,380,0,0,0,0,0,0
Import Statement Rules,class,Android-Universal-Image-Loader,0.9,0.5,com.nostra13.universalimageloader.core.imageaware,380,0,0,0,0,0,0
J2EE Rules,class,Android-Universal-Image-Loader,0.9,0.5,com.nostra13.universalimageloader.core.imageaware,380,0,0,0,0,0,0
JUnit Rules,class,Android-Universal-Image-Loader,0.9,0.5,com.nostra13.universalimageloader.core.imageaware,380,0,0,0,0,0,0
Jakarta Commons Logging Rules,class,Android-Universal-Image-Loader,0.9,0.5,com.nostra13.universalimageloader.core.imageaware,380,0,0,0,0,0,0
Java Logging Rules,class,Android-Universal-Image-Loader,0.9,0.5,com.nostra13.universalimageloader.core.imageaware,380,0,0,0,0,0,0
JavaBean Rules,class,Android-Universal-Image-Loader,0.9,0.5,com.nostra13.universalimageloader.core.imageaware,380,0,0,0,0,0,0
MigratingToJUnit4 Rules,class,Android-Universal-Image-Loader,0.9,0.5,com.nostra13.universalimageloader.core.imageaware,380,0,0,0,0,0,0
Migration Rules,class,Android-Universal-Image-Loader,0.9,0.5,com.nostra13.universalimageloader.core.imageaware,380,0,0,0,0,0,0
Migration13 Rules,class,Android-Universal-Image-Loader,0.9,0.5,com.nostra13.universalimageloader.core.imageaware,380,0,0,0,0,0,0
Migration14 Rules,class,Android-Universal-Image-Loader,0.9,0.5,com.nostra13.universalimageloader.core.imageaware,380,0,0,0,0,0,0
Migration15 Rules,class,Android-Universal-Image-Loader,0.9,0.5,com.nostra13.universalimageloader.core.imageaware,380,0,0,0,0,0,0
Naming Rules,class,Android-Universal-Image-Loader,0.9,0.5,com.nostra13.universalimageloader.core.imageaware,380,0,0,0,0,0,0
Optimization Rules,class,Android-Universal-Image-Loader,0.9,0.5,com.nostra13.universalimageloader.core.imageaware,380,0,0,0,0,0,0
Security Code Guideline Rules,class,Android-Universal-Image-Loader,0.9,0.5,com.nostra13.universalimageloader.core.imageaware,380,0,0,0,0,0,0
Strict Exception Rules,class,Android-Universal-Image-Loader,0.9,0.5,com.nostra13.universalimageloader.core.imageaware,380,0,0,0,0,0,0
String and StringBuffer Rules,class,Android-Universal-Image-Loader,0.9,0.5,com.nostra13.universalimageloader.core.imageaware,380,0,0,0,0,0,0
Type Resolution Rules,class,Android-Universal-Image-Loader,0.9,0.5,com.nostra13.universalimageloader.core.imageaware,380,0,0,0,0,0,0
Unnecessary and Unused Code Rules,class,Android-Universal-Image-Loader,0.9,0.5,com.nostra13.universalimageloader.core.imageaware,380,0,0,0,0,0,0
Vulnerability Rules,class,Android-Universal-Image-Loader,0.9,0.5,com.nostra13.universalimageloader.core.imageaware,380,0,0,0,0,0,0
CC,class,Android-Universal-Image-Loader,0.9,0.5,com.nostra13.example.universalimageloader,380,0,0,0,1,1,1
CCL,class,Android-Universal-Image-Loader,0.9,0.5,com.nostra13.example.universalimageloader,380,1,1,1,1,1,1
CCO,class,Android-Universal-Image-Loader,0.9,0.5,com.nostra13.example.universalimageloader,380,1,1,1,1,1,1
CI,class,Android-Universal-Image-Loader,0.9,0.5,com.nostra13.example.universalimageloader,380,1,1,1,1,1,1
CLC,class,Android-Universal-Image-Loader,0.9,0.5,com.nostra13.example.universalimageloader,380,1,1,1,1,1,1
CLLC,class,Android-Universal-Image-Loader,0.9,0.5,com.nostra13.example.universalimageloader,380,1,1,1,1,1,1
LDC,class,Android-Universal-Image-Loader,0.9,0.5,com.nostra13.example.universalimageloader,380,1,1,1,1,1,1
LLDC,class,Android-Universal-Image-Loader,0.9,0.5,com.nostra13.example.universalimageloader,380,1,1,1,1,1,1
LCOM5,class,Android-Universal-Image-Loader,0.9,0.5,com.nostra13.example.universalimageloader,380,1,1,1,1,1,1
NL,class,Android-Universal-Image-Loader,0.9,0.5,com.nostra13.example.universalimageloader,380,0,0,0,1,1,1
NLE,class,Android-Universal-Image-Loader,0.9,0.5,com.nostra13.example.universalimageloader,380,0,0,0,1,1,1
WMC,class,Android-Universal-Image-Loader,0.9,0.5,com.nostra13.example.universalimageloader,380,1,1,1,1,1,1
CBO,class,Android-Universal-Image-Loader,0.9,0.5,com.nostra13.example.universalimageloader,380,1,1,1,1,1,1
CBOI,class,Android-Universal-Image-Loader,0.9,0.5,com.nostra13.example.universalimageloader,380,0,0,0,1,1,1
NII,class,Android-Universal-Image-Loader,0.9,0.5,com.nostra13.example.universalimageloader,380,0,0,0,1,1,1
NOI,class,Android-Universal-Image-Loader,0.9,0.5,com.nostra13.example.universalimageloader,380,1,1,1,1,1,1
RFC,class,Android-Universal-Image-Loader,0.9,0.5,com.nostra13.example.universalimageloader,380,1,1,1,1,1,1
AD,class,Android-Universal-Image-Loader,0.9,0.5,com.nostra13.example.universalimageloader,380,1,1,1,1,1,1
CD,class,Android-Universal-Image-Loader,0.9,0.5,com.nostra13.example.universalimageloader,380,1,1,1,1,1,1
CLOC,class,Android-Universal-Image-Loader,0.9,0.5,com.nostra13.example.universalimageloader,380,0,0,0,1,1,1
DLOC,class,Android-Universal-Image-Loader,0.9,0.5,com.nostra13.example.universalimageloader,380,0,0,0,1,1,1
PDA,class,Android-Universal-Image-Loader,0.9,0.5,com.nostra13.example.universalimageloader,380,0,0,0,1,1,1
PUA,class,Android-Universal-Image-Loader,0.9,0.5,com.nostra13.example.universalimageloader,380,1,1,1,1,1,1
TCD,class,Android-Universal-Image-Loader,0.9,0.5,com.nostra13.example.universalimageloader,380,1,1,1,1,1,1
TCLOC,class,Android-Universal-Image-Loader,0.9,0.5,com.nostra13.example.universalimageloader,380,0,0,0,1,1,1
DIT,class,Android-Universal-Image-Loader,0.9,0.5,com.nostra13.example.universalimageloader,380,0,0,0,1,1,1
NOA,class,Android-Universal-Image-Loader,0.9,0.5,com.nostra13.example.universalimageloader,380,0,0,0,1,1,1
NOC,class,Android-Universal-Image-Loader,0.9,0.5,com.nostra13.example.universalimageloader,380,0,0,0,1,1,1
NOD,class,Android-Universal-Image-Loader,0.9,0.5,com.nostra13.example.universalimageloader,380,0,0,0,1,1,1
NOP,class,Android-Universal-Image-Loader,0.9,0.5,com.nostra13.example.universalimageloader,380,0,0,0,1,1,1
LLOC,class,Android-Universal-Image-Loader,0.9,0.5,com.nostra13.example.universalimageloader,380,1,1,1,1,1,1
LOC,class,Android-Universal-Image-Loader,0.9,0.5,com.nostra13.example.universalimageloader,380,1,1,1,1,1,1
NA,class,Android-Universal-Image-Loader,0.9,0.5,com.nostra13.example.universalimageloader,380,0,0,0,1,1,1
NG,class,Android-Universal-Image-Loader,0.9,0.5,com.nostra13.example.universalimageloader,380,0,0,0,1,1,1
NLA,class,Android-Universal-Image-Loader,0.9,0.5,com.nostra13.example.universalimageloader,380,0,0,0,1,1,1
NLG,class,Android-Universal-Image-Loader,0.9,0.5,com.nostra13.example.universalimageloader,380,0,0,0,1,1,1
NLM,class,Android-Universal-Image-Loader,0.9,0.5,com.nostra13.example.universalimageloader,380,1,1,1,1,1,1
NLPA,class,Android-Universal-Image-Loader,0.9,0.5,com.nostra13.example.universalimageloader,380,0,0,0,1,1,1
NLPM,class,Android-Universal-Image-Loader,0.9,0.5,com.nostra13.example.universalimageloader,380,1,1,1,1,1,1
NLS,class,Android-Universal-Image-Loader,0.9,0.5,com.nostra13.example.universalimageloader,380,0,0,0,1,1,1
NM,class,Android-Universal-Image-Loader,0.9,0.5,com.nostra13.example.universalimageloader,380,1,1,1,1,1,1
NOS,class,Android-Universal-Image-Loader,0.9,0.5,com.nostra13.example.universalimageloader,380,1,1,1,1,1,1
NPA,class,Android-Universal-Image-Loader,0.9,0.5,com.nostra13.example.universalimageloader,380,0,0,0,1,1,1
NPM,class,Android-Universal-Image-Loader,0.9,0.5,com.nostra13.example.universalimageloader,380,1,1,1,1,1,1
NS,class,Android-Universal-Image-Loader,0.9,0.5,com.nostra13.example.universalimageloader,380,0,0,0,1,1,1
TLLOC,class,Android-Universal-Image-Loader,0.9,0.5,com.nostra13.example.universalimageloader,380,1,1,1,1,1,1
TLOC,class,Android-Universal-Image-Loader,0.9,0.5,com.nostra13.example.universalimageloader,380,1,1,1,1,1,1
TNA,class,Android-Universal-Image-Loader,0.9,0.5,com.nostra13.example.universalimageloader,380,0,0,0,0,0,0
TNG,class,Android-Universal-Image-Loader,0.9,0.5,com.nostra13.example.universalimageloader,380,0,0,0,0,0,0
TNLA,class,Android-Universal-Image-Loader,0.9,0.5,com.nostra13.example.universalimageloader,380,0,0,0,0,0,0
TNLG,class,Android-Universal-Image-Loader,0.9,0.5,com.nostra13.example.universalimageloader,380,0,0,0,0,0,0
TNLM,class,Android-Universal-Image-Loader,0.9,0.5,com.nostra13.example.universalimageloader,380,0,0,0,0,0,0
TNLPA,class,Android-Universal-Image-Loader,0.9,0.5,com.nostra13.example.universalimageloader,380,0,0,0,0,0,0
TNLPM,class,Android-Universal-Image-Loader,0.9,0.5,com.nostra13.example.universalimageloader,380,0,0,0,0,0,0
TNLS,class,Android-Universal-Image-Loader,0.9,0.5,com.nostra13.example.universalimageloader,380,0,0,0,0,0,0
TNM,class,Android-Universal-Image-Loader,0.9,0.5,com.nostra13.example.universalimageloader,380,0,0,0,0,0,0
TNOS,class,Android-Universal-Image-Loader,0.9,0.5,com.nostra13.example.universalimageloader,380,0,0,0,0,0,0
TNPA,class,Android-Universal-Image-Loader,0.9,0.5,com.nostra13.example.universalimageloader,380,0,0,0,0,0,0
TNPM,class,Android-Universal-Image-Loader,0.9,0.5,com.nostra13.example.universalimageloader,380,0,0,0,0,0,0
TNS,class,Android-Universal-Image-Loader,0.9,0.5,com.nostra13.example.universalimageloader,380,0,0,0,0,0,0
WarningBlocker,class,Android-Universal-Image-Loader,0.9,0.5,com.nostra13.example.universalimageloader,380,0,0,0,0,0,0
WarningCritical,class,Android-Universal-Image-Loader,0.9,0.5,com.nostra13.example.universalimageloader,380,0,0,0,0,0,0
WarningInfo,class,Android-Universal-Image-Loader,0.9,0.5,com.nostra13.example.universalimageloader,380,0,0,0,0,0,0
WarningMajor,class,Android-Universal-Image-Loader,0.9,0.5,com.nostra13.example.universalimageloader,380,0,0,0,0,0,0
WarningMinor,class,Android-Universal-Image-Loader,0.9,0.5,com.nostra13.example.universalimageloader,380,0,0,0,0,0,0
Android Rules,class,Android-Universal-Image-Loader,0.9,0.5,com.nostra13.example.universalimageloader,380,0,0,0,0,0,0
Basic Rules,class,Android-Universal-Image-Loader,0.9,0.5,com.nostra13.example.universalimageloader,380,0,0,0,0,0,0
Brace Rules,class,Android-Universal-Image-Loader,0.9,0.5,com.nostra13.example.universalimageloader,380,0,0,0,0,0,0
Clone Implementation Rules,class,Android-Universal-Image-Loader,0.9,0.5,com.nostra13.example.universalimageloader,380,0,0,0,0,0,0
Code Size Rules,class,Android-Universal-Image-Loader,0.9,0.5,com.nostra13.example.universalimageloader,380,0,0,0,0,0,0
Comment Rules,class,Android-Universal-Image-Loader,0.9,0.5,com.nostra13.example.universalimageloader,380,0,0,0,0,0,0
Controversial Rules,class,Android-Universal-Image-Loader,0.9,0.5,com.nostra13.example.universalimageloader,380,0,0,0,0,0,0
Coupling Rules,class,Android-Universal-Image-Loader,0.9,0.5,com.nostra13.example.universalimageloader,380,0,0,0,0,0,0
Design Rules,class,Android-Universal-Image-Loader,0.9,0.5,com.nostra13.example.universalimageloader,380,0,0,0,0,0,0
Empty Code Rules,class,Android-Universal-Image-Loader,0.9,0.5,com.nostra13.example.universalimageloader,380,0,0,0,0,0,0
Finalizer Rules,class,Android-Universal-Image-Loader,0.9,0.5,com.nostra13.example.universalimageloader,380,0,0,0,0,0,0
Import Statement Rules,class,Android-Universal-Image-Loader,0.9,0.5,com.nostra13.example.universalimageloader,380,0,0,0,0,0,0
J2EE Rules,class,Android-Universal-Image-Loader,0.9,0.5,com.nostra13.example.universalimageloader,380,0,0,0,0,0,0
JUnit Rules,class,Android-Universal-Image-Loader,0.9,0.5,com.nostra13.example.universalimageloader,380,0,0,0,0,0,0
Jakarta Commons Logging Rules,class,Android-Universal-Image-Loader,0.9,0.5,com.nostra13.example.universalimageloader,380,0,0,0,0,0,0
Java Logging Rules,class,Android-Universal-Image-Loader,0.9,0.5,com.nostra13.example.universalimageloader,380,0,0,0,0,0,0
JavaBean Rules,class,Android-Universal-Image-Loader,0.9,0.5,com.nostra13.example.universalimageloader,380,0,0,0,0,0,0
MigratingToJUnit4 Rules,class,Android-Universal-Image-Loader,0.9,0.5,com.nostra13.example.universalimageloader,380,0,0,0,0,0,0
Migration Rules,class,Android-Universal-Image-Loader,0.9,0.5,com.nostra13.example.universalimageloader,380,0,0,0,0,0,0
Migration13 Rules,class,Android-Universal-Image-Loader,0.9,0.5,com.nostra13.example.universalimageloader,380,0,0,0,0,0,0
Migration14 Rules,class,Android-Universal-Image-Loader,0.9,0.5,com.nostra13.example.universalimageloader,380,0,0,0,0,0,0
Migration15 Rules,class,Android-Universal-Image-Loader,0.9,0.5,com.nostra13.example.universalimageloader,380,0,0,0,0,0,0
Naming Rules,class,Android-Universal-Image-Loader,0.9,0.5,com.nostra13.example.universalimageloader,380,0,0,0,0,0,0
Optimization Rules,class,Android-Universal-Image-Loader,0.9,0.5,com.nostra13.example.universalimageloader,380,0,0,0,0,0,0
Security Code Guideline Rules,class,Android-Universal-Image-Loader,0.9,0.5,com.nostra13.example.universalimageloader,380,0,0,0,0,0,0
Strict Exception Rules,class,Android-Universal-Image-Loader,0.9,0.5,com.nostra13.example.universalimageloader,380,0,0,0,0,0,0
String and StringBuffer Rules,class,Android-Universal-Image-Loader,0.9,0.5,com.nostra13.example.universalimageloader,380,0,0,0,0,0,0
Type Resolution Rules,class,Android-Universal-Image-Loader,0.9,0.5,com.nostra13.example.universalimageloader,380,0,0,0,0,0,0
Unnecessary and Unused Code Rules,class,Android-Universal-Image-Loader,0.9,0.5,com.nostra13.example.universalimageloader,380,0,0,0,0,0,0
Vulnerability Rules,class,Android-Universal-Image-Loader,0.9,0.5,com.nostra13.example.universalimageloader,380,0,0,0,0,0,0
CC,class,Android-Universal-Image-Loader,0.9,0.5,com.nostra13.universalimageloader.cache.disc.impl,380,0,0,0,1,1,1
CCL,class,Android-Universal-Image-Loader,0.9,0.5,com.nostra13.universalimageloader.cache.disc.impl,380,0,0,0,1,1,1
CCO,class,Android-Universal-Image-Loader,0.9,0.5,com.nostra13.universalimageloader.cache.disc.impl,380,0,0,0,1,1,1
CI,class,Android-Universal-Image-Loader,0.9,0.5,com.nostra13.universalimageloader.cache.disc.impl,380,0,0,0,1,1,1
CLC,class,Android-Universal-Image-Loader,0.9,0.5,com.nostra13.universalimageloader.cache.disc.impl,380,0,0,0,1,1,1
CLLC,class,Android-Universal-Image-Loader,0.9,0.5,com.nostra13.universalimageloader.cache.disc.impl,380,0,0,0,1,1,1
LDC,class,Android-Universal-Image-Loader,0.9,0.5,com.nostra13.universalimageloader.cache.disc.impl,380,0,0,0,1,1,1
LLDC,class,Android-Universal-Image-Loader,0.9,0.5,com.nostra13.universalimageloader.cache.disc.impl,380,0,0,0,1,1,1
LCOM5,class,Android-Universal-Image-Loader,0.9,0.5,com.nostra13.universalimageloader.cache.disc.impl,380,0,0,0,1,1,1
NL,class,Android-Universal-Image-Loader,0.9,0.5,com.nostra13.universalimageloader.cache.disc.impl,380,1,1,1,1,1,1
NLE,class,Android-Universal-Image-Loader,0.9,0.5,com.nostra13.universalimageloader.cache.disc.impl,380,0,0,0,1,1,1
WMC,class,Android-Universal-Image-Loader,0.9,0.5,com.nostra13.universalimageloader.cache.disc.impl,380,1,1,1,1,1,1
CBO,class,Android-Universal-Image-Loader,0.9,0.5,com.nostra13.universalimageloader.cache.disc.impl,380,1,1,1,1,1,1
CBOI,class,Android-Universal-Image-Loader,0.9,0.5,com.nostra13.universalimageloader.cache.disc.impl,380,1,1,1,1,1,1
NII,class,Android-Universal-Image-Loader,0.9,0.5,com.nostra13.universalimageloader.cache.disc.impl,380,1,1,1,1,1,1
NOI,class,Android-Universal-Image-Loader,0.9,0.5,com.nostra13.universalimageloader.cache.disc.impl,380,1,1,1,1,1,1
RFC,class,Android-Universal-Image-Loader,0.9,0.5,com.nostra13.universalimageloader.cache.disc.impl,380,1,1,1,1,1,1
AD,class,Android-Universal-Image-Loader,0.9,0.5,com.nostra13.universalimageloader.cache.disc.impl,380,1,1,1,1,1,1
CD,class,Android-Universal-Image-Loader,0.9,0.5,com.nostra13.universalimageloader.cache.disc.impl,380,1,1,1,1,1,1
CLOC,class,Android-Universal-Image-Loader,0.9,0.5,com.nostra13.universalimageloader.cache.disc.impl,380,1,1,1,1,1,1
DLOC,class,Android-Universal-Image-Loader,0.9,0.5,com.nostra13.universalimageloader.cache.disc.impl,380,1,1,1,1,1,1
PDA,class,Android-Universal-Image-Loader,0.9,0.5,com.nostra13.universalimageloader.cache.disc.impl,380,1,1,1,1,1,1
PUA,class,Android-Universal-Image-Loader,0.9,0.5,com.nostra13.universalimageloader.cache.disc.impl,380,1,1,1,1,1,1
TCD,class,Android-Universal-Image-Loader,0.9,0.5,com.nostra13.universalimageloader.cache.disc.impl,380,1,1,1,1,1,1
TCLOC,class,Android-Universal-Image-Loader,0.9,0.5,com.nostra13.universalimageloader.cache.disc.impl,380,1,1,1,1,1,1
DIT,class,Android-Universal-Image-Loader,0.9,0.5,com.nostra13.universalimageloader.cache.disc.impl,380,1,1,1,1,1,1
NOA,class,Android-Universal-Image-Loader,0.9,0.5,com.nostra13.universalimageloader.cache.disc.impl,380,1,1,1,1,1,1
NOC,class,Android-Universal-Image-Loader,0.9,0.5,com.nostra13.universalimageloader.cache.disc.impl,380,1,1,1,1,1,1
NOD,class,Android-Universal-Image-Loader,0.9,0.5,com.nostra13.universalimageloader.cache.disc.impl,380,1,1,1,1,1,1
NOP,class,Android-Universal-Image-Loader,0.9,0.5,com.nostra13.universalimageloader.cache.disc.impl,380,0,0,0,1,1,1
LLOC,class,Android-Universal-Image-Loader,0.9,0.5,com.nostra13.universalimageloader.cache.disc.impl,380,1,1,1,1,1,1
LOC,class,Android-Universal-Image-Loader,0.9,0.5,com.nostra13.universalimageloader.cache.disc.impl,380,1,1,1,1,1,1
NA,class,Android-Universal-Image-Loader,0.9,0.5,com.nostra13.universalimageloader.cache.disc.impl,380,1,1,1,1,1,1
NG,class,Android-Universal-Image-Loader,0.9,0.5,com.nostra13.universalimageloader.cache.disc.impl,380,1,1,1,1,1,1
NLA,class,Android-Universal-Image-Loader,0.9,0.5,com.nostra13.universalimageloader.cache.disc.impl,380,1,1,1,1,1,1
NLG,class,Android-Universal-Image-Loader,0.9,0.5,com.nostra13.universalimageloader.cache.disc.impl,380,1,1,1,1,1,1
NLM,class,Android-Universal-Image-Loader,0.9,0.5,com.nostra13.universalimageloader.cache.disc.impl,380,1,1,1,1,1,1
NLPA,class,Android-Universal-Image-Loader,0.9,0.5,com.nostra13.universalimageloader.cache.disc.impl,380,1,1,1,1,1,1
NLPM,class,Android-Universal-Image-Loader,0.9,0.5,com.nostra13.universalimageloader.cache.disc.impl,380,1,1,1,1,1,1
NLS,class,Android-Universal-Image-Loader,0.9,0.5,com.nostra13.universalimageloader.cache.disc.impl,380,1,1,1,1,1,1
NM,class,Android-Universal-Image-Loader,0.9,0.5,com.nostra13.universalimageloader.cache.disc.impl,380,1,1,1,1,1,1
NOS,class,Android-Universal-Image-Loader,0.9,0.5,com.nostra13.universalimageloader.cache.disc.impl,380,1,1,1,1,1,1
NPA,class,Android-Universal-Image-Loader,0.9,0.5,com.nostra13.universalimageloader.cache.disc.impl,380,1,1,1,1,1,1
NPM,class,Android-Universal-Image-Loader,0.9,0.5,com.nostra13.universalimageloader.cache.disc.impl,380,1,1,1,1,1,1
NS,class,Android-Universal-Image-Loader,0.9,0.5,com.nostra13.universalimageloader.cache.disc.impl,380,1,1,1,1,1,1
TLLOC,class,Android-Universal-Image-Loader,0.9,0.5,com.nostra13.universalimageloader.cache.disc.impl,380,1,1,1,1,1,1
TLOC,class,Android-Universal-Image-Loader,0.9,0.5,com.nostra13.universalimageloader.cache.disc.impl,380,1,1,1,1,1,1
TNA,class,Android-Universal-Image-Loader,0.9,0.5,com.nostra13.universalimageloader.cache.disc.impl,380,0,0,0,0,0,0
TNG,class,Android-Universal-Image-Loader,0.9,0.5,com.nostra13.universalimageloader.cache.disc.impl,380,0,0,0,0,0,0
TNLA,class,Android-Universal-Image-Loader,0.9,0.5,com.nostra13.universalimageloader.cache.disc.impl,380,0,0,0,0,0,0
TNLG,class,Android-Universal-Image-Loader,0.9,0.5,com.nostra13.universalimageloader.cache.disc.impl,380,0,0,0,0,0,0
TNLM,class,Android-Universal-Image-Loader,0.9,0.5,com.nostra13.universalimageloader.cache.disc.impl,380,0,0,0,0,0,0
TNLPA,class,Android-Universal-Image-Loader,0.9,0.5,com.nostra13.universalimageloader.cache.disc.impl,380,0,0,0,0,0,0
TNLPM,class,Android-Universal-Image-Loader,0.9,0.5,com.nostra13.universalimageloader.cache.disc.impl,380,0,0,0,0,0,0
TNLS,class,Android-Universal-Image-Loader,0.9,0.5,com.nostra13.universalimageloader.cache.disc.impl,380,0,0,0,0,0,0
TNM,class,Android-Universal-Image-Loader,0.9,0.5,com.nostra13.universalimageloader.cache.disc.impl,380,0,0,0,0,0,0
TNOS,class,Android-Universal-Image-Loader,0.9,0.5,com.nostra13.universalimageloader.cache.disc.impl,380,0,0,0,0,0,0
TNPA,class,Android-Universal-Image-Loader,0.9,0.5,com.nostra13.universalimageloader.cache.disc.impl,380,0,0,0,0,0,0
TNPM,class,Android-Universal-Image-Loader,0.9,0.5,com.nostra13.universalimageloader.cache.disc.impl,380,0,0,0,0,0,0
TNS,class,Android-Universal-Image-Loader,0.9,0.5,com.nostra13.universalimageloader.cache.disc.impl,380,0,0,0,0,0,0
WarningBlocker,class,Android-Universal-Image-Loader,0.9,0.5,com.nostra13.universalimageloader.cache.disc.impl,380,0,0,0,0,0,0
WarningCritical,class,Android-Universal-Image-Loader,0.9,0.5,com.nostra13.universalimageloader.cache.disc.impl,380,0,0,0,0,0,0
WarningInfo,class,Android-Universal-Image-Loader,0.9,0.5,com.nostra13.universalimageloader.cache.disc.impl,380,0,0,0,0,0,0
WarningMajor,class,Android-Universal-Image-Loader,0.9,0.5,com.nostra13.universalimageloader.cache.disc.impl,380,0,0,0,0,0,0
WarningMinor,class,Android-Universal-Image-Loader,0.9,0.5,com.nostra13.universalimageloader.cache.disc.impl,380,0,0,0,0,0,0
Android Rules,class,Android-Universal-Image-Loader,0.9,0.5,com.nostra13.universalimageloader.cache.disc.impl,380,0,0,0,0,0,0
Basic Rules,class,Android-Universal-Image-Loader,0.9,0.5,com.nostra13.universalimageloader.cache.disc.impl,380,0,0,0,0,0,0
Brace Rules,class,Android-Universal-Image-Loader,0.9,0.5,com.nostra13.universalimageloader.cache.disc.impl,380,0,0,0,0,0,0
Clone Implementation Rules,class,Android-Universal-Image-Loader,0.9,0.5,com.nostra13.universalimageloader.cache.disc.impl,380,0,0,0,0,0,0
Code Size Rules,class,Android-Universal-Image-Loader,0.9,0.5,com.nostra13.universalimageloader.cache.disc.impl,380,0,0,0,0,0,0
Comment Rules,class,Android-Universal-Image-Loader,0.9,0.5,com.nostra13.universalimageloader.cache.disc.impl,380,0,0,0,0,0,0
Controversial Rules,class,Android-Universal-Image-Loader,0.9,0.5,com.nostra13.universalimageloader.cache.disc.impl,380,0,0,0,0,0,0
Coupling Rules,class,Android-Universal-Image-Loader,0.9,0.5,com.nostra13.universalimageloader.cache.disc.impl,380,0,0,0,0,0,0
Design Rules,class,Android-Universal-Image-Loader,0.9,0.5,com.nostra13.universalimageloader.cache.disc.impl,380,0,0,0,0,0,0
Empty Code Rules,class,Android-Universal-Image-Loader,0.9,0.5,com.nostra13.universalimageloader.cache.disc.impl,380,0,0,0,0,0,0
Finalizer Rules,class,Android-Universal-Image-Loader,0.9,0.5,com.nostra13.universalimageloader.cache.disc.impl,380,0,0,0,0,0,0
Import Statement Rules,class,Android-Universal-Image-Loader,0.9,0.5,com.nostra13.universalimageloader.cache.disc.impl,380,0,0,0,0,0,0
J2EE Rules,class,Android-Universal-Image-Loader,0.9,0.5,com.nostra13.universalimageloader.cache.disc.impl,380,0,0,0,0,0,0
JUnit Rules,class,Android-Universal-Image-Loader,0.9,0.5,com.nostra13.universalimageloader.cache.disc.impl,380,0,0,0,0,0,0
Jakarta Commons Logging Rules,class,Android-Universal-Image-Loader,0.9,0.5,com.nostra13.universalimageloader.cache.disc.impl,380,0,0,0,0,0,0
Java Logging Rules,class,Android-Universal-Image-Loader,0.9,0.5,com.nostra13.universalimageloader.cache.disc.impl,380,0,0,0,0,0,0
JavaBean Rules,class,Android-Universal-Image-Loader,0.9,0.5,com.nostra13.universalimageloader.cache.disc.impl,380,0,0,0,0,0,0
MigratingToJUnit4 Rules,class,Android-Universal-Image-Loader,0.9,0.5,com.nostra13.universalimageloader.cache.disc.impl,380,0,0,0,0,0,0
Migration Rules,class,Android-Universal-Image-Loader,0.9,0.5,com.nostra13.universalimageloader.cache.disc.impl,380,0,0,0,0,0,0
Migration13 Rules,class,Android-Universal-Image-Loader,0.9,0.5,com.nostra13.universalimageloader.cache.disc.impl,380,0,0,0,0,0,0
Migration14 Rules,class,Android-Universal-Image-Loader,0.9,0.5,com.nostra13.universalimageloader.cache.disc.impl,380,0,0,0,0,0,0
Migration15 Rules,class,Android-Universal-Image-Loader,0.9,0.5,com.nostra13.universalimageloader.cache.disc.impl,380,0,0,0,0,0,0
Naming Rules,class,Android-Universal-Image-Loader,0.9,0.5,com.nostra13.universalimageloader.cache.disc.impl,380,0,0,0,0,0,0
Optimization Rules,class,Android-Universal-Image-Loader,0.9,0.5,com.nostra13.universalimageloader.cache.disc.impl,380,0,0,0,0,0,0
Security Code Guideline Rules,class,Android-Universal-Image-Loader,0.9,0.5,com.nostra13.universalimageloader.cache.disc.impl,380,0,0,0,0,0,0
Strict Exception Rules,class,Android-Universal-Image-Loader,0.9,0.5,com.nostra13.universalimageloader.cache.disc.impl,380,0,0,0,0,0,0
String and StringBuffer Rules,class,Android-Universal-Image-Loader,0.9,0.5,com.nostra13.universalimageloader.cache.disc.impl,380,0,0,0,0,0,0
Type Resolution Rules,class,Android-Universal-Image-Loader,0.9,0.5,com.nostra13.universalimageloader.cache.disc.impl,380,0,0,0,0,0,0
Unnecessary and Unused Code Rules,class,Android-Universal-Image-Loader,0.9,0.5,com.nostra13.universalimageloader.cache.disc.impl,380,0,0,0,0,0,0
Vulnerability Rules,class,Android-Universal-Image-Loader,0.9,0.5,com.nostra13.universalimageloader.cache.disc.impl,380,0,0,0,0,0,0
CC,class,Android-Universal-Image-Loader,0.9,0.5,com.nostra13.universalimageloader.core.decode,570,1,1,1,1,1,1
CCL,class,Android-Universal-Image-Loader,0.9,0.5,com.nostra13.universalimageloader.core.decode,570,0,0,0,1,1,1
CCO,class,Android-Universal-Image-Loader,0.9,0.5,com.nostra13.universalimageloader.core.decode,570,0,0,0,1,1,1
CI,class,Android-Universal-Image-Loader,0.9,0.5,com.nostra13.universalimageloader.core.decode,570,0,0,0,1,1,1
CLC,class,Android-Universal-Image-Loader,0.9,0.5,com.nostra13.universalimageloader.core.decode,570,1,1,1,1,1,1
CLLC,class,Android-Universal-Image-Loader,0.9,0.5,com.nostra13.universalimageloader.core.decode,570,1,1,1,1,1,1
LDC,class,Android-Universal-Image-Loader,0.9,0.5,com.nostra13.universalimageloader.core.decode,570,0,0,0,1,1,1
LLDC,class,Android-Universal-Image-Loader,0.9,0.5,com.nostra13.universalimageloader.core.decode,570,0,0,0,1,1,1
LCOM5,class,Android-Universal-Image-Loader,0.9,0.5,com.nostra13.universalimageloader.core.decode,570,0,0,0,1,1,1
NL,class,Android-Universal-Image-Loader,0.9,0.5,com.nostra13.universalimageloader.core.decode,570,0,0,0,1,1,1
NLE,class,Android-Universal-Image-Loader,0.9,0.5,com.nostra13.universalimageloader.core.decode,570,0,0,0,1,1,1
WMC,class,Android-Universal-Image-Loader,0.9,0.5,com.nostra13.universalimageloader.core.decode,570,1,1,1,1,1,1
CBO,class,Android-Universal-Image-Loader,0.9,0.5,com.nostra13.universalimageloader.core.decode,570,0,0,0,1,1,1
CBOI,class,Android-Universal-Image-Loader,0.9,0.5,com.nostra13.universalimageloader.core.decode,570,0,0,0,1,1,1
NII,class,Android-Universal-Image-Loader,0.9,0.5,com.nostra13.universalimageloader.core.decode,570,0,0,0,1,1,1
NOI,class,Android-Universal-Image-Loader,0.9,0.5,com.nostra13.universalimageloader.core.decode,570,0,0,0,1,1,1
RFC,class,Android-Universal-Image-Loader,0.9,0.5,com.nostra13.universalimageloader.core.decode,570,0,0,0,1,1,1
AD,class,Android-Universal-Image-Loader,0.9,0.5,com.nostra13.universalimageloader.core.decode,570,0,0,0,1,1,1
CD,class,Android-Universal-Image-Loader,0.9,0.5,com.nostra13.universalimageloader.core.decode,570,1,1,1,1,1,1
CLOC,class,Android-Universal-Image-Loader,0.9,0.5,com.nostra13.universalimageloader.core.decode,570,1,1,1,1,1,1
DLOC,class,Android-Universal-Image-Loader,0.9,0.5,com.nostra13.universalimageloader.core.decode,570,1,1,1,1,1,1
PDA,class,Android-Universal-Image-Loader,0.9,0.5,com.nostra13.universalimageloader.core.decode,570,0,0,0,1,1,1
PUA,class,Android-Universal-Image-Loader,0.9,0.5,com.nostra13.universalimageloader.core.decode,570,0,0,0,1,1,1
TCD,class,Android-Universal-Image-Loader,0.9,0.5,com.nostra13.universalimageloader.core.decode,570,1,1,1,1,1,1
TCLOC,class,Android-Universal-Image-Loader,0.9,0.5,com.nostra13.universalimageloader.core.decode,570,1,1,1,1,1,1
DIT,class,Android-Universal-Image-Loader,0.9,0.5,com.nostra13.universalimageloader.core.decode,570,0,0,0,1,1,1
NOA,class,Android-Universal-Image-Loader,0.9,0.5,com.nostra13.universalimageloader.core.decode,570,0,0,0,1,1,1
NOC,class,Android-Universal-Image-Loader,0.9,0.5,com.nostra13.universalimageloader.core.decode,570,0,0,0,1,1,1
NOD,class,Android-Universal-Image-Loader,0.9,0.5,com.nostra13.universalimageloader.core.decode,570,0,0,0,1,1,1
NOP,class,Android-Universal-Image-Loader,0.9,0.5,com.nostra13.universalimageloader.core.decode,570,0,0,0,1,1,1
LLOC,class,Android-Universal-Image-Loader,0.9,0.5,com.nostra13.universalimageloader.core.decode,570,1,1,1,1,1,1
LOC,class,Android-Universal-Image-Loader,0.9,0.5,com.nostra13.universalimageloader.core.decode,570,1,1,1,1,1,1
NA,class,Android-Universal-Image-Loader,0.9,0.5,com.nostra13.universalimageloader.core.decode,570,1,1,1,1,1,1
NG,class,Android-Universal-Image-Loader,0.9,0.5,com.nostra13.universalimageloader.core.decode,570,0,0,0,1,1,1
NLA,class,Android-Universal-Image-Loader,0.9,0.5,com.nostra13.universalimageloader.core.decode,570,1,1,1,1,1,1
NLG,class,Android-Universal-Image-Loader,0.9,0.5,com.nostra13.universalimageloader.core.decode,570,0,0,0,1,1,1
NLM,class,Android-Universal-Image-Loader,0.9,0.5,com.nostra13.universalimageloader.core.decode,570,1,1,1,1,1,1
NLPA,class,Android-Universal-Image-Loader,0.9,0.5,com.nostra13.universalimageloader.core.decode,570,0,0,0,1,1,1
NLPM,class,Android-Universal-Image-Loader,0.9,0.5,com.nostra13.universalimageloader.core.decode,570,0,0,0,1,1,1
NLS,class,Android-Universal-Image-Loader,0.9,0.5,com.nostra13.universalimageloader.core.decode,570,0,0,0,1,1,1
NM,class,Android-Universal-Image-Loader,0.9,0.5,com.nostra13.universalimageloader.core.decode,570,1,1,1,1,1,1
NOS,class,Android-Universal-Image-Loader,0.9,0.5,com.nostra13.universalimageloader.core.decode,570,1,1,1,1,1,1
NPA,class,Android-Universal-Image-Loader,0.9,0.5,com.nostra13.universalimageloader.core.decode,570,0,0,0,1,1,1
NPM,class,Android-Universal-Image-Loader,0.9,0.5,com.nostra13.universalimageloader.core.decode,570,0,0,0,1,1,1
NS,class,Android-Universal-Image-Loader,0.9,0.5,com.nostra13.universalimageloader.core.decode,570,0,0,0,1,1,1
TLLOC,class,Android-Universal-Image-Loader,0.9,0.5,com.nostra13.universalimageloader.core.decode,570,1,1,1,1,1,1
TLOC,class,Android-Universal-Image-Loader,0.9,0.5,com.nostra13.universalimageloader.core.decode,570,1,1,1,1,1,1
TNA,class,Android-Universal-Image-Loader,0.9,0.5,com.nostra13.universalimageloader.core.decode,570,0,0,0,0,0,0
TNG,class,Android-Universal-Image-Loader,0.9,0.5,com.nostra13.universalimageloader.core.decode,570,0,0,0,0,0,0
TNLA,class,Android-Universal-Image-Loader,0.9,0.5,com.nostra13.universalimageloader.core.decode,570,0,0,0,0,0,0
TNLG,class,Android-Universal-Image-Loader,0.9,0.5,com.nostra13.universalimageloader.core.decode,570,0,0,0,0,0,0
TNLM,class,Android-Universal-Image-Loader,0.9,0.5,com.nostra13.universalimageloader.core.decode,570,0,0,0,0,0,0
TNLPA,class,Android-Universal-Image-Loader,0.9,0.5,com.nostra13.universalimageloader.core.decode,570,0,0,0,0,0,0
TNLPM,class,Android-Universal-Image-Loader,0.9,0.5,com.nostra13.universalimageloader.core.decode,570,0,0,0,0,0,0
TNLS,class,Android-Universal-Image-Loader,0.9,0.5,com.nostra13.universalimageloader.core.decode,570,0,0,0,0,0,0
TNM,class,Android-Universal-Image-Loader,0.9,0.5,com.nostra13.universalimageloader.core.decode,570,0,0,0,0,0,0
TNOS,class,Android-Universal-Image-Loader,0.9,0.5,com.nostra13.universalimageloader.core.decode,570,0,0,0,0,0,0
TNPA,class,Android-Universal-Image-Loader,0.9,0.5,com.nostra13.universalimageloader.core.decode,570,0,0,0,0,0,0
TNPM,class,Android-Universal-Image-Loader,0.9,0.5,com.nostra13.universalimageloader.core.decode,570,0,0,0,0,0,0
TNS,class,Android-Universal-Image-Loader,0.9,0.5,com.nostra13.universalimageloader.core.decode,570,0,0,0,0,0,0
WarningBlocker,class,Android-Universal-Image-Loader,0.9,0.5,com.nostra13.universalimageloader.core.decode,570,0,0,0,0,0,0
WarningCritical,class,Android-Universal-Image-Loader,0.9,0.5,com.nostra13.universalimageloader.core.decode,570,0,0,0,0,0,0
WarningInfo,class,Android-Universal-Image-Loader,0.9,0.5,com.nostra13.universalimageloader.core.decode,570,0,0,0,0,0,0
WarningMajor,class,Android-Universal-Image-Loader,0.9,0.5,com.nostra13.universalimageloader.core.decode,570,0,0,0,0,0,0
WarningMinor,class,Android-Universal-Image-Loader,0.9,0.5,com.nostra13.universalimageloader.core.decode,570,0,0,0,0,0,0
Android Rules,class,Android-Universal-Image-Loader,0.9,0.5,com.nostra13.universalimageloader.core.decode,570,0,0,0,0,0,0
Basic Rules,class,Android-Universal-Image-Loader,0.9,0.5,com.nostra13.universalimageloader.core.decode,570,0,0,0,0,0,0
Brace Rules,class,Android-Universal-Image-Loader,0.9,0.5,com.nostra13.universalimageloader.core.decode,570,0,0,0,0,0,0
Clone Implementation Rules,class,Android-Universal-Image-Loader,0.9,0.5,com.nostra13.universalimageloader.core.decode,570,0,0,0,0,0,0
Code Size Rules,class,Android-Universal-Image-Loader,0.9,0.5,com.nostra13.universalimageloader.core.decode,570,0,0,0,0,0,0
Comment Rules,class,Android-Universal-Image-Loader,0.9,0.5,com.nostra13.universalimageloader.core.decode,570,0,0,0,0,0,0
Controversial Rules,class,Android-Universal-Image-Loader,0.9,0.5,com.nostra13.universalimageloader.core.decode,570,0,0,0,0,0,0
Coupling Rules,class,Android-Universal-Image-Loader,0.9,0.5,com.nostra13.universalimageloader.core.decode,570,0,0,0,0,0,0
Design Rules,class,Android-Universal-Image-Loader,0.9,0.5,com.nostra13.universalimageloader.core.decode,570,0,0,0,0,0,0
Empty Code Rules,class,Android-Universal-Image-Loader,0.9,0.5,com.nostra13.universalimageloader.core.decode,570,0,0,0,0,0,0
Finalizer Rules,class,Android-Universal-Image-Loader,0.9,0.5,com.nostra13.universalimageloader.core.decode,570,0,0,0,0,0,0
Import Statement Rules,class,Android-Universal-Image-Loader,0.9,0.5,com.nostra13.universalimageloader.core.decode,570,0,0,0,0,0,0
J2EE Rules,class,Android-Universal-Image-Loader,0.9,0.5,com.nostra13.universalimageloader.core.decode,570,0,0,0,0,0,0
JUnit Rules,class,Android-Universal-Image-Loader,0.9,0.5,com.nostra13.universalimageloader.core.decode,570,0,0,0,0,0,0
Jakarta Commons Logging Rules,class,Android-Universal-Image-Loader,0.9,0.5,com.nostra13.universalimageloader.core.decode,570,0,0,0,0,0,0
Java Logging Rules,class,Android-Universal-Image-Loader,0.9,0.5,com.nostra13.universalimageloader.core.decode,570,0,0,0,0,0,0
JavaBean Rules,class,Android-Universal-Image-Loader,0.9,0.5,com.nostra13.universalimageloader.core.decode,570,0,0,0,0,0,0
MigratingToJUnit4 Rules,class,Android-Universal-Image-Loader,0.9,0.5,com.nostra13.universalimageloader.core.decode,570,0,0,0,0,0,0
Migration Rules,class,Android-Universal-Image-Loader,0.9,0.5,com.nostra13.universalimageloader.core.decode,570,0,0,0,0,0,0
Migration13 Rules,class,Android-Universal-Image-Loader,0.9,0.5,com.nostra13.universalimageloader.core.decode,570,0,0,0,0,0,0
Migration14 Rules,class,Android-Universal-Image-Loader,0.9,0.5,com.nostra13.universalimageloader.core.decode,570,0,0,0,0,0,0
Migration15 Rules,class,Android-Universal-Image-Loader,0.9,0.5,com.nostra13.universalimageloader.core.decode,570,0,0,0,0,0,0
Naming Rules,class,Android-Universal-Image-Loader,0.9,0.5,com.nostra13.universalimageloader.core.decode,570,0,0,0,0,0,0
Optimization Rules,class,Android-Universal-Image-Loader,0.9,0.5,com.nostra13.universalimageloader.core.decode,570,0,0,0,0,0,0
Security Code Guideline Rules,class,Android-Universal-Image-Loader,0.9,0.5,com.nostra13.universalimageloader.core.decode,570,0,0,0,0,0,0
Strict Exception Rules,class,Android-Universal-Image-Loader,0.9,0.5,com.nostra13.universalimageloader.core.decode,570,0,0,0,0,0,0
String and StringBuffer Rules,class,Android-Universal-Image-Loader,0.9,0.5,com.nostra13.universalimageloader.core.decode,570,0,0,0,0,0,0
Type Resolution Rules,class,Android-Universal-Image-Loader,0.9,0.5,com.nostra13.universalimageloader.core.decode,570,0,0,0,0,0,0
Unnecessary and Unused Code Rules,class,Android-Universal-Image-Loader,0.9,0.5,com.nostra13.universalimageloader.core.decode,570,0,0,0,0,0,0
Vulnerability Rules,class,Android-Universal-Image-Loader,0.9,0.5,com.nostra13.universalimageloader.core.decode,570,0,0,0,0,0,0
McCC,file,Android-Universal-Image-Loader,0.9,0.5,UniversalImageLoader.src.com.nostra13.universalimageloader.core,108,0,0,0,1,1,1
CLOC,file,Android-Universal-Image-Loader,0.9,0.5,UniversalImageLoader.src.com.nostra13.universalimageloader.core,108,0,0,0,1,1,1
PDA,file,Android-Universal-Image-Loader,0.9,0.5,UniversalImageLoader.src.com.nostra13.universalimageloader.core,108,0,0,0,1,1,1
PUA,file,Android-Universal-Image-Loader,0.9,0.5,UniversalImageLoader.src.com.nostra13.universalimageloader.core,108,0,0,0,0,0,0
LLOC,file,Android-Universal-Image-Loader,0.9,0.5,UniversalImageLoader.src.com.nostra13.universalimageloader.core,108,0,0,0,0,0,0
LOC,file,Android-Universal-Image-Loader,0.9,0.5,UniversalImageLoader.src.com.nostra13.universalimageloader.core,108,0,0,0,0,0,0
McCC,file,Android-Universal-Image-Loader,0.9,0.5,library.src.com.nostra13.universalimageloader.core.download,72,0,0,0,1,1,1
CLOC,file,Android-Universal-Image-Loader,0.9,0.5,library.src.com.nostra13.universalimageloader.core.download,72,0,0,0,1,1,1
PDA,file,Android-Universal-Image-Loader,0.9,0.5,library.src.com.nostra13.universalimageloader.core.download,72,0,0,0,1,1,1
PUA,file,Android-Universal-Image-Loader,0.9,0.5,library.src.com.nostra13.universalimageloader.core.download,72,0,0,0,0,0,0
LLOC,file,Android-Universal-Image-Loader,0.9,0.5,library.src.com.nostra13.universalimageloader.core.download,72,0,0,0,0,0,0
LOC,file,Android-Universal-Image-Loader,0.9,0.5,library.src.com.nostra13.universalimageloader.core.download,72,0,0,0,0,0,0
McCC,file,Android-Universal-Image-Loader,0.9,0.5,library.src.com.nostra13.universalimageloader.core,402,0,0,0,1,1,1
CLOC,file,Android-Universal-Image-Loader,0.9,0.5,library.src.com.nostra13.universalimageloader.core,402,0,0,0,1,1,0
PDA,file,Android-Universal-Image-Loader,0.9,0.5,library.src.com.nostra13.universalimageloader.core,402,0,0,0,1,1,0
PUA,file,Android-Universal-Image-Loader,0.9,0.5,library.src.com.nostra13.universalimageloader.core,402,0,0,0,0,0,0
LLOC,file,Android-Universal-Image-Loader,0.9,0.5,library.src.com.nostra13.universalimageloader.core,402,0,0,1,0,0,1
LOC,file,Android-Universal-Image-Loader,0.9,0.5,library.src.com.nostra13.universalimageloader.core,402,0,0,1,0,0,1
McCC,file,Android-Universal-Image-Loader,0.9,0.5,UniversalImageLoader.src.com.nostra13.universalimageloader.utils,24,0,0,0,1,1,1
CLOC,file,Android-Universal-Image-Loader,0.9,0.5,UniversalImageLoader.src.com.nostra13.universalimageloader.utils,24,0,0,0,1,1,1
PDA,file,Android-Universal-Image-Loader,0.9,0.5,UniversalImageLoader.src.com.nostra13.universalimageloader.utils,24,0,0,0,1,1,1
PUA,file,Android-Universal-Image-Loader,0.9,0.5,UniversalImageLoader.src.com.nostra13.universalimageloader.utils,24,0,0,0,0,0,0
LLOC,file,Android-Universal-Image-Loader,0.9,0.5,UniversalImageLoader.src.com.nostra13.universalimageloader.utils,24,0,0,0,0,0,0
LOC,file,Android-Universal-Image-Loader,0.9,0.5,UniversalImageLoader.src.com.nostra13.universalimageloader.utils,24,0,0,0,0,0,0
McCC,file,Android-Universal-Image-Loader,0.9,0.5,library.src.com.nostra13.universalimageloader.cache.disc.impl,24,0,0,0,1,1,1
CLOC,file,Android-Universal-Image-Loader,0.9,0.5,library.src.com.nostra13.universalimageloader.cache.disc.impl,24,0,0,0,1,1,1
PDA,file,Android-Universal-Image-Loader,0.9,0.5,library.src.com.nostra13.universalimageloader.cache.disc.impl,24,0,0,0,1,1,1
PUA,file,Android-Universal-Image-Loader,0.9,0.5,library.src.com.nostra13.universalimageloader.cache.disc.impl,24,0,0,0,0,0,0
LLOC,file,Android-Universal-Image-Loader,0.9,0.5,library.src.com.nostra13.universalimageloader.cache.disc.impl,24,0,0,0,0,0,0
LOC,file,Android-Universal-Image-Loader,0.9,0.5,library.src.com.nostra13.universalimageloader.cache.disc.impl,24,0,0,0,0,0,0
McCC,file,Android-Universal-Image-Loader,0.9,0.5,library.src.com.nostra13.universalimageloader.cache.memory,36,1,1,1,1,1,1
CLOC,file,Android-Universal-Image-Loader,0.9,0.5,library.src.com.nostra13.universalimageloader.cache.memory,36,0,0,0,1,1,1
PDA,file,Android-Universal-Image-Loader,0.9,0.5,library.src.com.nostra13.universalimageloader.cache.memory,36,1,1,1,1,1,1
PUA,file,Android-Universal-Image-Loader,0.9,0.5,library.src.com.nostra13.universalimageloader.cache.memory,36,0,0,0,0,0,0
LLOC,file,Android-Universal-Image-Loader,0.9,0.5,library.src.com.nostra13.universalimageloader.cache.memory,36,0,0,0,0,0,0
LOC,file,Android-Universal-Image-Loader,0.9,0.5,library.src.com.nostra13.universalimageloader.cache.memory,36,0,0,0,0,0,0
McCC,file,Android-Universal-Image-Loader,0.9,0.5,library.src.com.nostra13.universalimageloader.utils,96,0,0,0,1,1,1
CLOC,file,Android-Universal-Image-Loader,0.9,0.5,library.src.com.nostra13.universalimageloader.utils,96,0,0,0,1,1,1
PDA,file,Android-Universal-Image-Loader,0.9,0.5,library.src.com.nostra13.universalimageloader.utils,96,0,0,0,1,1,1
PUA,file,Android-Universal-Image-Loader,0.9,0.5,library.src.com.nostra13.universalimageloader.utils,96,0,0,0,0,0,0
LLOC,file,Android-Universal-Image-Loader,0.9,0.5,library.src.com.nostra13.universalimageloader.utils,96,0,0,0,0,0,0
LOC,file,Android-Universal-Image-Loader,0.9,0.5,library.src.com.nostra13.universalimageloader.utils,96,0,0,0,0,0,0
McCC,file,Android-Universal-Image-Loader,0.9,0.5,library.src.com.nostra13.universalimageloader.cache.disc,24,0,0,0,1,1,1
CLOC,file,Android-Universal-Image-Loader,0.9,0.5,library.src.com.nostra13.universalimageloader.cache.disc,24,0,0,0,1,1,1
PDA,file,Android-Universal-Image-Loader,0.9,0.5,library.src.com.nostra13.universalimageloader.cache.disc,24,0,0,0,1,1,1
PUA,file,Android-Universal-Image-Loader,0.9,0.5,library.src.com.nostra13.universalimageloader.cache.disc,24,0,0,0,0,0,0
LLOC,file,Android-Universal-Image-Loader,0.9,0.5,library.src.com.nostra13.universalimageloader.cache.disc,24,0,0,0,0,0,0
LOC,file,Android-Universal-Image-Loader,0.9,0.5,library.src.com.nostra13.universalimageloader.cache.disc,24,0,0,0,0,0,0
McCC,file,Android-Universal-Image-Loader,0.9,0.5,library.src.com.nostra13.universalimageloader.core.imageaware,30,0,0,0,1,1,1
CLOC,file,Android-Universal-Image-Loader,0.9,0.5,library.src.com.nostra13.universalimageloader.core.imageaware,30,0,0,0,1,1,1
PDA,file,Android-Universal-Image-Loader,0.9,0.5,library.src.com.nostra13.universalimageloader.core.imageaware,30,0,0,0,1,1,1
PUA,file,Android-Universal-Image-Loader,0.9,0.5,library.src.com.nostra13.universalimageloader.core.imageaware,30,0,0,0,0,0,0
LLOC,file,Android-Universal-Image-Loader,0.9,0.5,library.src.com.nostra13.universalimageloader.core.imageaware,30,0,0,0,0,0,0
LOC,file,Android-Universal-Image-Loader,0.9,0.5,library.src.com.nostra13.universalimageloader.core.imageaware,30,0,0,0,0,0,0
McCC,file,Android-Universal-Image-Loader,0.9,0.5,library.src.com.nostra13.universalimageloader.core.display,90,0,0,0,1,1,1
CLOC,file,Android-Universal-Image-Loader,0.9,0.5,library.src.com.nostra13.universalimageloader.core.display,90,0,0,0,1,1,1
PDA,file,Android-Universal-Image-Loader,0.9,0.5,library.src.com.nostra13.universalimageloader.core.display,90,0,0,0,1,1,1
PUA,file,Android-Universal-Image-Loader,0.9,0.5,library.src.com.nostra13.universalimageloader.core.display,90,0,0,0,0,0,0
LLOC,file,Android-Universal-Image-Loader,0.9,0.5,library.src.com.nostra13.universalimageloader.core.display,90,0,0,0,0,0,0
LOC,file,Android-Universal-Image-Loader,0.9,0.5,library.src.com.nostra13.universalimageloader.core.display,90,0,0,0,0,0,0
McCC,file,Android-Universal-Image-Loader,0.9,0.5,library.src.com.nostra13.universalimageloader.cache.memory.impl,12,0,0,0,1,1,1
CLOC,file,Android-Universal-Image-Loader,0.9,0.5,library.src.com.nostra13.universalimageloader.cache.memory.impl,12,0,0,0,1,1,1
PDA,file,Android-Universal-Image-Loader,0.9,0.5,library.src.com.nostra13.universalimageloader.cache.memory.impl,12,0,0,0,1,1,1
PUA,file,Android-Universal-Image-Loader,0.9,0.5,library.src.com.nostra13.universalimageloader.cache.memory.impl,12,0,0,0,0,0,0
LLOC,file,Android-Universal-Image-Loader,0.9,0.5,library.src.com.nostra13.universalimageloader.cache.memory.impl,12,0,0,0,0,0,0
LOC,file,Android-Universal-Image-Loader,0.9,0.5,library.src.com.nostra13.universalimageloader.cache.memory.impl,12,0,0,0,0,0,0
McCC,file,Android-Universal-Image-Loader,0.9,0.5,library.src.com.nostra13.universalimageloader.core.decode,36,0,0,0,1,1,1
CLOC,file,Android-Universal-Image-Loader,0.9,0.5,library.src.com.nostra13.universalimageloader.core.decode,36,0,0,0,1,1,1
PDA,file,Android-Universal-Image-Loader,0.9,0.5,library.src.com.nostra13.universalimageloader.core.decode,36,0,0,0,1,1,1
PUA,file,Android-Universal-Image-Loader,0.9,0.5,library.src.com.nostra13.universalimageloader.core.decode,36,0,0,0,0,0,0
LLOC,file,Android-Universal-Image-Loader,0.9,0.5,library.src.com.nostra13.universalimageloader.core.decode,36,0,0,0,0,0,0
LOC,file,Android-Universal-Image-Loader,0.9,0.5,library.src.com.nostra13.universalimageloader.core.decode,36,0,0,0,0,0,0
McCC,file,Android-Universal-Image-Loader,0.9,0.5,UniversalImageLoader.src.com.nostra13.universalimageloader.cache.memory.impl,12,0,0,0,1,1,1
CLOC,file,Android-Universal-Image-Loader,0.9,0.5,UniversalImageLoader.src.com.nostra13.universalimageloader.cache.memory.impl,12,0,0,0,1,1,1
PDA,file,Android-Universal-Image-Loader,0.9,0.5,UniversalImageLoader.src.com.nostra13.universalimageloader.cache.memory.impl,12,0,0,0,1,1,1
PUA,file,Android-Universal-Image-Loader,0.9,0.5,UniversalImageLoader.src.com.nostra13.universalimageloader.cache.memory.impl,12,0,0,0,0,0,0
LLOC,file,Android-Universal-Image-Loader,0.9,0.5,UniversalImageLoader.src.com.nostra13.universalimageloader.cache.memory.impl,12,0,0,0,0,0,0
LOC,file,Android-Universal-Image-Loader,0.9,0.5,UniversalImageLoader.src.com.nostra13.universalimageloader.cache.memory.impl,12,0,0,0,0,0,0
McCC,file,Android-Universal-Image-Loader,0.9,0.5,library.src.com.nostra13.universalimageloader.core.assist,12,0,0,0,1,1,1
CLOC,file,Android-Universal-Image-Loader,0.9,0.5,library.src.com.nostra13.universalimageloader.core.assist,12,0,0,0,1,1,1
PDA,file,Android-Universal-Image-Loader,0.9,0.5,library.src.com.nostra13.universalimageloader.core.assist,12,0,0,0,1,1,1
PUA,file,Android-Universal-Image-Loader,0.9,0.5,library.src.com.nostra13.universalimageloader.core.assist,12,0,0,0,0,0,0
LLOC,file,Android-Universal-Image-Loader,0.9,0.5,library.src.com.nostra13.universalimageloader.core.assist,12,0,0,0,0,0,0
LOC,file,Android-Universal-Image-Loader,0.9,0.5,library.src.com.nostra13.universalimageloader.core.assist,12,0,0,0,0,0,0
McCC,file,Android-Universal-Image-Loader,0.9,0.5,library.src.com.nostra13.universalimageloader.cache.disc.impl.ext,12,1,1,1,1,1,1
CLOC,file,Android-Universal-Image-Loader,0.9,0.5,library.src.com.nostra13.universalimageloader.cache.disc.impl.ext,12,0,0,0,1,1,1
PDA,file,Android-Universal-Image-Loader,0.9,0.5,library.src.com.nostra13.universalimageloader.cache.disc.impl.ext,12,1,1,1,1,1,1
PUA,file,Android-Universal-Image-Loader,0.9,0.5,library.src.com.nostra13.universalimageloader.cache.disc.impl.ext,12,0,0,0,0,0,0
LLOC,file,Android-Universal-Image-Loader,0.9,0.5,library.src.com.nostra13.universalimageloader.cache.disc.impl.ext,12,0,0,0,0,0,0
LOC,file,Android-Universal-Image-Loader,0.9,0.5,library.src.com.nostra13.universalimageloader.cache.disc.impl.ext,12,0,0,0,0,0,0
McCC,file,Android-Universal-Image-Loader,0.9,0.5,sample.src.com.nostra13.example.universalimageloader,24,0,0,0,1,1,1
CLOC,file,Android-Universal-Image-Loader,0.9,0.5,sample.src.com.nostra13.example.universalimageloader,24,0,0,0,1,1,1
PDA,file,Android-Universal-Image-Loader,0.9,0.5,sample.src.com.nostra13.example.universalimageloader,24,0,0,0,1,1,1
PUA,file,Android-Universal-Image-Loader,0.9,0.5,sample.src.com.nostra13.example.universalimageloader,24,0,0,0,0,0,0
LLOC,file,Android-Universal-Image-Loader,0.9,0.5,sample.src.com.nostra13.example.universalimageloader,24,0,0,0,0,0,0
LOC,file,Android-Universal-Image-Loader,0.9,0.5,sample.src.com.nostra13.example.universalimageloader,24,0,0,0,0,0,0
McCC,file,Android-Universal-Image-Loader,0.9,0.5,library.test.com.nostra13.universalimageloader.core.assist,12,0,0,0,1,1,1
CLOC,file,Android-Universal-Image-Loader,0.9,0.5,library.test.com.nostra13.universalimageloader.core.assist,12,0,0,0,1,1,1
PDA,file,Android-Universal-Image-Loader,0.9,0.5,library.test.com.nostra13.universalimageloader.core.assist,12,0,0,0,1,1,1
PUA,file,Android-Universal-Image-Loader,0.9,0.5,library.test.com.nostra13.universalimageloader.core.assist,12,0,0,0,0,0,0
LLOC,file,Android-Universal-Image-Loader,0.9,0.5,library.test.com.nostra13.universalimageloader.core.assist,12,0,0,0,0,0,0
LOC,file,Android-Universal-Image-Loader,0.9,0.5,library.test.com.nostra13.universalimageloader.core.assist,12,0,0,0,0,0,0
CC,method,Android-Universal-Image-Loader,0.9,0.5,com.nostra13.universalimageloader.core.ImageLoader,3168,0,0,0,1,1,0
CCL,method,Android-Universal-Image-Loader,0.9,0.5,com.nostra13.universalimageloader.core.ImageLoader,3168,0,0,0,1,1,0
CCO,method,Android-Universal-Image-Loader,0.9,0.5,com.nostra13.universalimageloader.core.ImageLoader,3168,0,0,0,1,1,0
CI,method,Android-Universal-Image-Loader,0.9,0.5,com.nostra13.universalimageloader.core.ImageLoader,3168,0,0,0,1,1,0
CLC,method,Android-Universal-Image-Loader,0.9,0.5,com.nostra13.universalimageloader.core.ImageLoader,3168,0,0,0,1,1,0
CLLC,method,Android-Universal-Image-Loader,0.9,0.5,com.nostra13.universalimageloader.core.ImageLoader,3168,0,0,0,1,1,0
LDC,method,Android-Universal-Image-Loader,0.9,0.5,com.nostra13.universalimageloader.core.ImageLoader,3168,0,0,0,1,1,0
LLDC,method,Android-Universal-Image-Loader,0.9,0.5,com.nostra13.universalimageloader.core.ImageLoader,3168,0,0,0,1,1,0
HCPL,method,Android-Universal-Image-Loader,0.9,0.5,com.nostra13.universalimageloader.core.ImageLoader,3168,1,1,1,1,1,1
HDIF,method,Android-Universal-Image-Loader,0.9,0.5,com.nostra13.universalimageloader.core.ImageLoader,3168,1,1,1,1,1,1
HEFF,method,Android-Universal-Image-Loader,0.9,0.5,com.nostra13.universalimageloader.core.ImageLoader,3168,1,1,1,1,1,1
HNDB,method,Android-Universal-Image-Loader,0.9,0.5,com.nostra13.universalimageloader.core.ImageLoader,3168,1,1,1,1,1,1
HPL,method,Android-Universal-Image-Loader,0.9,0.5,com.nostra13.universalimageloader.core.ImageLoader,3168,1,1,1,1,1,1
HPV,method,Android-Universal-Image-Loader,0.9,0.5,com.nostra13.universalimageloader.core.ImageLoader,3168,1,1,1,1,1,1
HTRP,method,Android-Universal-Image-Loader,0.9,0.5,com.nostra13.universalimageloader.core.ImageLoader,3168,1,1,1,1,1,1
HVOL,method,Android-Universal-Image-Loader,0.9,0.5,com.nostra13.universalimageloader.core.ImageLoader,3168,1,1,1,1,1,1
MI,method,Android-Universal-Image-Loader,0.9,0.5,com.nostra13.universalimageloader.core.ImageLoader,3168,1,1,1,1,1,1
MIMS,method,Android-Universal-Image-Loader,0.9,0.5,com.nostra13.universalimageloader.core.ImageLoader,3168,1,1,1,1,1,1
MISEI,method,Android-Universal-Image-Loader,0.9,0.5,com.nostra13.universalimageloader.core.ImageLoader,3168,1,1,1,1,1,1
MISM,method,Android-Universal-Image-Loader,0.9,0.5,com.nostra13.universalimageloader.core.ImageLoader,3168,1,1,1,1,1,1
McCC,method,Android-Universal-Image-Loader,0.9,0.5,com.nostra13.universalimageloader.core.ImageLoader,3168,0,0,0,1,1,1
NL,method,Android-Universal-Image-Loader,0.9,0.5,com.nostra13.universalimageloader.core.ImageLoader,3168,1,1,1,1,1,1
NLE,method,Android-Universal-Image-Loader,0.9,0.5,com.nostra13.universalimageloader.core.ImageLoader,3168,1,1,1,1,1,1
NII,method,Android-Universal-Image-Loader,0.9,0.5,com.nostra13.universalimageloader.core.ImageLoader,3168,0,0,0,1,1,1
NOI,method,Android-Universal-Image-Loader,0.9,0.5,com.nostra13.universalimageloader.core.ImageLoader,3168,0,0,0,1,1,1
CD,method,Android-Universal-Image-Loader,0.9,0.5,com.nostra13.universalimageloader.core.ImageLoader,3168,1,1,1,1,1,1
CLOC,method,Android-Universal-Image-Loader,0.9,0.5,com.nostra13.universalimageloader.core.ImageLoader,3168,1,1,1,1,1,1
DLOC,method,Android-Universal-Image-Loader,0.9,0.5,com.nostra13.universalimageloader.core.ImageLoader,3168,1,1,1,1,1,1
TCD,method,Android-Universal-Image-Loader,0.9,0.5,com.nostra13.universalimageloader.core.ImageLoader,3168,1,1,1,1,1,1
TCLOC,method,Android-Universal-Image-Loader,0.9,0.5,com.nostra13.universalimageloader.core.ImageLoader,3168,1,1,1,1,1,1
LLOC,method,Android-Universal-Image-Loader,0.9,0.5,com.nostra13.universalimageloader.core.ImageLoader,3168,1,1,1,1,1,1
LOC,method,Android-Universal-Image-Loader,0.9,0.5,com.nostra13.universalimageloader.core.ImageLoader,3168,1,1,1,1,1,1
NOS,method,Android-Universal-Image-Loader,0.9,0.5,com.nostra13.universalimageloader.core.ImageLoader,3168,1,1,1,1,1,1
NUMPAR,method,Android-Universal-Image-Loader,0.9,0.5,com.nostra13.universalimageloader.core.ImageLoader,3168,0,0,0,1,1,1
TLLOC,method,Android-Universal-Image-Loader,0.9,0.5,com.nostra13.universalimageloader.core.ImageLoader,3168,1,1,1,1,1,1
TLOC,method,Android-Universal-Image-Loader,0.9,0.5,com.nostra13.universalimageloader.core.ImageLoader,3168,1,1,1,1,1,1
TNOS,method,Android-Universal-Image-Loader,0.9,0.5,com.nostra13.universalimageloader.core.ImageLoader,3168,0,0,1,0,0,1
WarningBlocker,method,Android-Universal-Image-Loader,0.9,0.5,com.nostra13.universalimageloader.core.ImageLoader,3168,0,0,0,0,0,0
WarningCritical,method,Android-Universal-Image-Loader,0.9,0.5,com.nostra13.universalimageloader.core.ImageLoader,3168,0,0,0,0,0,0
WarningInfo,method,Android-Universal-Image-Loader,0.9,0.5,com.nostra13.universalimageloader.core.ImageLoader,3168,0,0,0,0,0,0
WarningMajor,method,Android-Universal-Image-Loader,0.9,0.5,com.nostra13.universalimageloader.core.ImageLoader,3168,0,0,1,0,0,1
WarningMinor,method,Android-Universal-Image-Loader,0.9,0.5,com.nostra13.universalimageloader.core.ImageLoader,3168,0,0,0,0,0,1
Android Rules,method,Android-Universal-Image-Loader,0.9,0.5,com.nostra13.universalimageloader.core.ImageLoader,3168,0,0,0,0,0,0
Basic Rules,method,Android-Universal-Image-Loader,0.9,0.5,com.nostra13.universalimageloader.core.ImageLoader,3168,0,0,0,0,0,0
Brace Rules,method,Android-Universal-Image-Loader,0.9,0.5,com.nostra13.universalimageloader.core.ImageLoader,3168,0,0,0,0,0,1
Clone Implementation Rules,method,Android-Universal-Image-Loader,0.9,0.5,com.nostra13.universalimageloader.core.ImageLoader,3168,0,0,0,0,0,0
Code Size Rules,method,Android-Universal-Image-Loader,0.9,0.5,com.nostra13.universalimageloader.core.ImageLoader,3168,0,0,0,0,0,0
Comment Rules,method,Android-Universal-Image-Loader,0.9,0.5,com.nostra13.universalimageloader.core.ImageLoader,3168,0,0,0,0,0,0
Controversial Rules,method,Android-Universal-Image-Loader,0.9,0.5,com.nostra13.universalimageloader.core.ImageLoader,3168,0,0,0,0,0,0
Coupling Rules,method,Android-Universal-Image-Loader,0.9,0.5,com.nostra13.universalimageloader.core.ImageLoader,3168,0,0,0,0,0,0
Design Rules,method,Android-Universal-Image-Loader,0.9,0.5,com.nostra13.universalimageloader.core.ImageLoader,3168,0,0,0,0,0,1
Empty Code Rules,method,Android-Universal-Image-Loader,0.9,0.5,com.nostra13.universalimageloader.core.ImageLoader,3168,0,0,0,0,0,0
Finalizer Rules,method,Android-Universal-Image-Loader,0.9,0.5,com.nostra13.universalimageloader.core.ImageLoader,3168,0,0,0,0,0,0
Import Statement Rules,method,Android-Universal-Image-Loader,0.9,0.5,com.nostra13.universalimageloader.core.ImageLoader,3168,0,0,0,0,0,1
J2EE Rules,method,Android-Universal-Image-Loader,0.9,0.5,com.nostra13.universalimageloader.core.ImageLoader,3168,0,0,0,0,0,1
JUnit Rules,method,Android-Universal-Image-Loader,0.9,0.5,com.nostra13.universalimageloader.core.ImageLoader,3168,0,0,0,0,0,0
Jakarta Commons Logging Rules,method,Android-Universal-Image-Loader,0.9,0.5,com.nostra13.universalimageloader.core.ImageLoader,3168,0,0,0,0,0,0
Java Logging Rules,method,Android-Universal-Image-Loader,0.9,0.5,com.nostra13.universalimageloader.core.ImageLoader,3168,0,0,0,0,0,0
JavaBean Rules,method,Android-Universal-Image-Loader,0.9,0.5,com.nostra13.universalimageloader.core.ImageLoader,3168,0,0,0,0,0,0
MigratingToJUnit4 Rules,method,Android-Universal-Image-Loader,0.9,0.5,com.nostra13.universalimageloader.core.ImageLoader,3168,0,0,0,0,0,0
Migration Rules,method,Android-Universal-Image-Loader,0.9,0.5,com.nostra13.universalimageloader.core.ImageLoader,3168,0,0,0,0,0,0
Migration13 Rules,method,Android-Universal-Image-Loader,0.9,0.5,com.nostra13.universalimageloader.core.ImageLoader,3168,0,0,0,0,0,0
Migration14 Rules,method,Android-Universal-Image-Loader,0.9,0.5,com.nostra13.universalimageloader.core.ImageLoader,3168,0,0,0,0,0,0
Migration15 Rules,method,Android-Universal-Image-Loader,0.9,0.5,com.nostra13.universalimageloader.core.ImageLoader,3168,0,0,0,0,0,0
Naming Rules,method,Android-Universal-Image-Loader,0.9,0.5,com.nostra13.universalimageloader.core.ImageLoader,3168,0,0,0,0,0,0
Optimization Rules,method,Android-Universal-Image-Loader,0.9,0.5,com.nostra13.universalimageloader.core.ImageLoader,3168,0,0,0,0,0,0
Security Code Guideline Rules,method,Android-Universal-Image-Loader,0.9,0.5,com.nostra13.universalimageloader.core.ImageLoader,3168,0,0,0,0,0,0
Strict Exception Rules,method,Android-Universal-Image-Loader,0.9,0.5,com.nostra13.universalimageloader.core.ImageLoader,3168,0,0,1,0,0,1
String and StringBuffer Rules,method,Android-Universal-Image-Loader,0.9,0.5,com.nostra13.universalimageloader.core.ImageLoader,3168,0,0,0,0,0,0
Type Resolution Rules,method,Android-Universal-Image-Loader,0.9,0.5,com.nostra13.universalimageloader.core.ImageLoader,3168,0,0,0,0,0,0
Unnecessary and Unused Code Rules,method,Android-Universal-Image-Loader,0.9,0.5,com.nostra13.universalimageloader.core.ImageLoader,3168,0,0,0,0,0,0
Vulnerability Rules,method,Android-Universal-Image-Loader,0.9,0.5,com.nostra13.universalimageloader.core.ImageLoader,3168,0,0,0,0,0,0
CC,method,Android-Universal-Image-Loader,0.9,0.5,com.nostra13.universalimageloader.cache.memory.impl.FuzzyKeyMemoryCache,720,0,0,0,1,1,1
CCL,method,Android-Universal-Image-Loader,0.9,0.5,com.nostra13.universalimageloader.cache.memory.impl.FuzzyKeyMemoryCache,720,0,0,0,1,1,1
CCO,method,Android-Universal-Image-Loader,0.9,0.5,com.nostra13.universalimageloader.cache.memory.impl.FuzzyKeyMemoryCache,720,0,0,0,1,1,1
CI,method,Android-Universal-Image-Loader,0.9,0.5,com.nostra13.universalimageloader.cache.memory.impl.FuzzyKeyMemoryCache,720,0,0,0,1,1,1
CLC,method,Android-Universal-Image-Loader,0.9,0.5,com.nostra13.universalimageloader.cache.memory.impl.FuzzyKeyMemoryCache,720,0,0,0,1,1,1
CLLC,method,Android-Universal-Image-Loader,0.9,0.5,com.nostra13.universalimageloader.cache.memory.impl.FuzzyKeyMemoryCache,720,0,0,0,1,1,1
LDC,method,Android-Universal-Image-Loader,0.9,0.5,com.nostra13.universalimageloader.cache.memory.impl.FuzzyKeyMemoryCache,720,0,0,0,1,1,1
LLDC,method,Android-Universal-Image-Loader,0.9,0.5,com.nostra13.universalimageloader.cache.memory.impl.FuzzyKeyMemoryCache,720,0,0,0,1,1,1
HCPL,method,Android-Universal-Image-Loader,0.9,0.5,com.nostra13.universalimageloader.cache.memory.impl.FuzzyKeyMemoryCache,720,1,1,1,1,1,1
HDIF,method,Android-Universal-Image-Loader,0.9,0.5,com.nostra13.universalimageloader.cache.memory.impl.FuzzyKeyMemoryCache,720,1,1,1,1,1,1
HEFF,method,Android-Universal-Image-Loader,0.9,0.5,com.nostra13.universalimageloader.cache.memory.impl.FuzzyKeyMemoryCache,720,1,1,1,1,1,1
HNDB,method,Android-Universal-Image-Loader,0.9,0.5,com.nostra13.universalimageloader.cache.memory.impl.FuzzyKeyMemoryCache,720,1,1,1,1,1,1
HPL,method,Android-Universal-Image-Loader,0.9,0.5,com.nostra13.universalimageloader.cache.memory.impl.FuzzyKeyMemoryCache,720,1,1,1,1,1,1
HPV,method,Android-Universal-Image-Loader,0.9,0.5,com.nostra13.universalimageloader.cache.memory.impl.FuzzyKeyMemoryCache,720,1,1,1,1,1,1
HTRP,method,Android-Universal-Image-Loader,0.9,0.5,com.nostra13.universalimageloader.cache.memory.impl.FuzzyKeyMemoryCache,720,1,1,1,1,1,1
HVOL,method,Android-Universal-Image-Loader,0.9,0.5,com.nostra13.universalimageloader.cache.memory.impl.FuzzyKeyMemoryCache,720,1,1,1,1,1,1
MI,method,Android-Universal-Image-Loader,0.9,0.5,com.nostra13.universalimageloader.cache.memory.impl.FuzzyKeyMemoryCache,720,1,1,1,1,1,1
MIMS,method,Android-Universal-Image-Loader,0.9,0.5,com.nostra13.universalimageloader.cache.memory.impl.FuzzyKeyMemoryCache,720,1,1,1,1,1,1
MISEI,method,Android-Universal-Image-Loader,0.9,0.5,com.nostra13.universalimageloader.cache.memory.impl.FuzzyKeyMemoryCache,720,1,1,1,1,1,1
MISM,method,Android-Universal-Image-Loader,0.9,0.5,com.nostra13.universalimageloader.cache.memory.impl.FuzzyKeyMemoryCache,720,1,1,1,1,1,1
McCC,method,Android-Universal-Image-Loader,0.9,0.5,com.nostra13.universalimageloader.cache.memory.impl.FuzzyKeyMemoryCache,720,1,1,1,1,1,1
NL,method,Android-Universal-Image-Loader,0.9,0.5,com.nostra13.universalimageloader.cache.memory.impl.FuzzyKeyMemoryCache,720,1,1,1,1,1,1
NLE,method,Android-Universal-Image-Loader,0.9,0.5,com.nostra13.universalimageloader.cache.memory.impl.FuzzyKeyMemoryCache,720,1,1,1,1,1,1
NII,method,Android-Universal-Image-Loader,0.9,0.5,com.nostra13.universalimageloader.cache.memory.impl.FuzzyKeyMemoryCache,720,0,0,0,1,1,1
NOI,method,Android-Universal-Image-Loader,0.9,0.5,com.nostra13.universalimageloader.cache.memory.impl.FuzzyKeyMemoryCache,720,1,1,1,1,1,1
CD,method,Android-Universal-Image-Loader,0.9,0.5,com.nostra13.universalimageloader.cache.memory.impl.FuzzyKeyMemoryCache,720,1,1,1,1,1,1
CLOC,method,Android-Universal-Image-Loader,0.9,0.5,com.nostra13.universalimageloader.cache.memory.impl.FuzzyKeyMemoryCache,720,1,1,1,1,1,1
DLOC,method,Android-Universal-Image-Loader,0.9,0.5,com.nostra13.universalimageloader.cache.memory.impl.FuzzyKeyMemoryCache,720,0,0,0,1,1,1
TCD,method,Android-Universal-Image-Loader,0.9,0.5,com.nostra13.universalimageloader.cache.memory.impl.FuzzyKeyMemoryCache,720,1,1,1,1,1,1
TCLOC,method,Android-Universal-Image-Loader,0.9,0.5,com.nostra13.universalimageloader.cache.memory.impl.FuzzyKeyMemoryCache,720,1,1,1,1,1,1
LLOC,method,Android-Universal-Image-Loader,0.9,0.5,com.nostra13.universalimageloader.cache.memory.impl.FuzzyKeyMemoryCache,720,1,1,1,1,1,1
LOC,method,Android-Universal-Image-Loader,0.9,0.5,com.nostra13.universalimageloader.cache.memory.impl.FuzzyKeyMemoryCache,720,1,1,1,1,1,1
NOS,method,Android-Universal-Image-Loader,0.9,0.5,com.nostra13.universalimageloader.cache.memory.impl.FuzzyKeyMemoryCache,720,1,1,1,1,1,1
NUMPAR,method,Android-Universal-Image-Loader,0.9,0.5,com.nostra13.universalimageloader.cache.memory.impl.FuzzyKeyMemoryCache,720,0,0,0,1,1,1
TLLOC,method,Android-Universal-Image-Loader,0.9,0.5,com.nostra13.universalimageloader.cache.memory.impl.FuzzyKeyMemoryCache,720,1,1,1,1,1,1
TLOC,method,Android-Universal-Image-Loader,0.9,0.5,com.nostra13.universalimageloader.cache.memory.impl.FuzzyKeyMemoryCache,720,1,1,1,1,1,1
TNOS,method,Android-Universal-Image-Loader,0.9,0.5,com.nostra13.universalimageloader.cache.memory.impl.FuzzyKeyMemoryCache,720,0,0,0,0,0,0
WarningBlocker,method,Android-Universal-Image-Loader,0.9,0.5,com.nostra13.universalimageloader.cache.memory.impl.FuzzyKeyMemoryCache,720,0,0,0,0,0,0
WarningCritical,method,Android-Universal-Image-Loader,0.9,0.5,com.nostra13.universalimageloader.cache.memory.impl.FuzzyKeyMemoryCache,720,0,0,0,0,0,0
WarningInfo,method,Android-Universal-Image-Loader,0.9,0.5,com.nostra13.universalimageloader.cache.memory.impl.FuzzyKeyMemoryCache,720,0,0,0,0,0,0
WarningMajor,method,Android-Universal-Image-Loader,0.9,0.5,com.nostra13.universalimageloader.cache.memory.impl.FuzzyKeyMemoryCache,720,0,0,0,0,0,0
WarningMinor,method,Android-Universal-Image-Loader,0.9,0.5,com.nostra13.universalimageloader.cache.memory.impl.FuzzyKeyMemoryCache,720,0,0,0,0,0,0
Android Rules,method,Android-Universal-Image-Loader,0.9,0.5,com.nostra13.universalimageloader.cache.memory.impl.FuzzyKeyMemoryCache,720,0,0,0,0,0,0
Basic Rules,method,Android-Universal-Image-Loader,0.9,0.5,com.nostra13.universalimageloader.cache.memory.impl.FuzzyKeyMemoryCache,720,0,0,0,0,0,0
Brace Rules,method,Android-Universal-Image-Loader,0.9,0.5,com.nostra13.universalimageloader.cache.memory.impl.FuzzyKeyMemoryCache,720,0,0,0,0,0,0
Clone Implementation Rules,method,Android-Universal-Image-Loader,0.9,0.5,com.nostra13.universalimageloader.cache.memory.impl.FuzzyKeyMemoryCache,720,0,0,0,0,0,0
Code Size Rules,method,Android-Universal-Image-Loader,0.9,0.5,com.nostra13.universalimageloader.cache.memory.impl.FuzzyKeyMemoryCache,720,0,0,0,0,0,0
Comment Rules,method,Android-Universal-Image-Loader,0.9,0.5,com.nostra13.universalimageloader.cache.memory.impl.FuzzyKeyMemoryCache,720,0,0,0,0,0,0
Controversial Rules,method,Android-Universal-Image-Loader,0.9,0.5,com.nostra13.universalimageloader.cache.memory.impl.FuzzyKeyMemoryCache,720,0,0,0,0,0,0
Coupling Rules,method,Android-Universal-Image-Loader,0.9,0.5,com.nostra13.universalimageloader.cache.memory.impl.FuzzyKeyMemoryCache,720,0,0,0,0,0,0
Design Rules,method,Android-Universal-Image-Loader,0.9,0.5,com.nostra13.universalimageloader.cache.memory.impl.FuzzyKeyMemoryCache,720,0,0,0,0,0,0
Empty Code Rules,method,Android-Universal-Image-Loader,0.9,0.5,com.nostra13.universalimageloader.cache.memory.impl.FuzzyKeyMemoryCache,720,0,0,0,0,0,0
Finalizer Rules,method,Android-Universal-Image-Loader,0.9,0.5,com.nostra13.universalimageloader.cache.memory.impl.FuzzyKeyMemoryCache,720,0,0,0,0,0,0
Import Statement Rules,method,Android-Universal-Image-Loader,0.9,0.5,com.nostra13.universalimageloader.cache.memory.impl.FuzzyKeyMemoryCache,720,0,0,0,0,0,0
J2EE Rules,method,Android-Universal-Image-Loader,0.9,0.5,com.nostra13.universalimageloader.cache.memory.impl.FuzzyKeyMemoryCache,720,0,0,0,0,0,0
JUnit Rules,method,Android-Universal-Image-Loader,0.9,0.5,com.nostra13.universalimageloader.cache.memory.impl.FuzzyKeyMemoryCache,720,0,0,0,0,0,0
Jakarta Commons Logging Rules,method,Android-Universal-Image-Loader,0.9,0.5,com.nostra13.universalimageloader.cache.memory.impl.FuzzyKeyMemoryCache,720,0,0,0,0,0,0
Java Logging Rules,method,Android-Universal-Image-Loader,0.9,0.5,com.nostra13.universalimageloader.cache.memory.impl.FuzzyKeyMemoryCache,720,0,0,0,0,0,0
JavaBean Rules,method,Android-Universal-Image-Loader,0.9,0.5,com.nostra13.universalimageloader.cache.memory.impl.FuzzyKeyMemoryCache,720,0,0,0,0,0,0
MigratingToJUnit4 Rules,method,Android-Universal-Image-Loader,0.9,0.5,com.nostra13.universalimageloader.cache.memory.impl.FuzzyKeyMemoryCache,720,0,0,0,0,0,0
Migration Rules,method,Android-Universal-Image-Loader,0.9,0.5,com.nostra13.universalimageloader.cache.memory.impl.FuzzyKeyMemoryCache,720,0,0,0,0,0,0
Migration13 Rules,method,Android-Universal-Image-Loader,0.9,0.5,com.nostra13.universalimageloader.cache.memory.impl.FuzzyKeyMemoryCache,720,0,0,0,0,0,0
Migration14 Rules,method,Android-Universal-Image-Loader,0.9,0.5,com.nostra13.universalimageloader.cache.memory.impl.FuzzyKeyMemoryCache,720,0,0,0,0,0,0
Migration15 Rules,method,Android-Universal-Image-Loader,0.9,0.5,com.nostra13.universalimageloader.cache.memory.impl.FuzzyKeyMemoryCache,720,0,0,0,0,0,0
Naming Rules,method,Android-Universal-Image-Loader,0.9,0.5,com.nostra13.universalimageloader.cache.memory.impl.FuzzyKeyMemoryCache,720,0,0,0,0,0,0
Optimization Rules,method,Android-Universal-Image-Loader,0.9,0.5,com.nostra13.universalimageloader.cache.memory.impl.FuzzyKeyMemoryCache,720,0,0,0,0,0,0
Security Code Guideline Rules,method,Android-Universal-Image-Loader,0.9,0.5,com.nostra13.universalimageloader.cache.memory.impl.FuzzyKeyMemoryCache,720,0,0,0,0,0,0
Strict Exception Rules,method,Android-Universal-Image-Loader,0.9,0.5,com.nostra13.universalimageloader.cache.memory.impl.FuzzyKeyMemoryCache,720,0,0,0,0,0,0
String and StringBuffer Rules,method,Android-Universal-Image-Loader,0.9,0.5,com.nostra13.universalimageloader.cache.memory.impl.FuzzyKeyMemoryCache,720,0,0,0,0,0,0
Type Resolution Rules,method,Android-Universal-Image-Loader,0.9,0.5,com.nostra13.universalimageloader.cache.memory.impl.FuzzyKeyMemoryCache,720,0,0,0,0,0,0
Unnecessary and Unused Code Rules,method,Android-Universal-Image-Loader,0.9,0.5,com.nostra13.universalimageloader.cache.memory.impl.FuzzyKeyMemoryCache,720,0,0,0,0,0,0
Vulnerability Rules,method,Android-Universal-Image-Loader,0.9,0.5,com.nostra13.universalimageloader.cache.memory.impl.FuzzyKeyMemoryCache,720,0,0,0,0,0,0
CC,method,Android-Universal-Image-Loader,0.9,0.5,com.nostra13.universalimageloader.utils.StorageUtils,1296,0,0,0,1,1,1
CCL,method,Android-Universal-Image-Loader,0.9,0.5,com.nostra13.universalimageloader.utils.StorageUtils,1296,0,0,0,1,1,1
CCO,method,Android-Universal-Image-Loader,0.9,0.5,com.nostra13.universalimageloader.utils.StorageUtils,1296,0,0,0,1,1,1
CI,method,Android-Universal-Image-Loader,0.9,0.5,com.nostra13.universalimageloader.utils.StorageUtils,1296,0,0,0,1,1,1
CLC,method,Android-Universal-Image-Loader,0.9,0.5,com.nostra13.universalimageloader.utils.StorageUtils,1296,0,0,0,1,1,1
CLLC,method,Android-Universal-Image-Loader,0.9,0.5,com.nostra13.universalimageloader.utils.StorageUtils,1296,0,0,0,1,1,1
LDC,method,Android-Universal-Image-Loader,0.9,0.5,com.nostra13.universalimageloader.utils.StorageUtils,1296,0,0,0,1,1,1
LLDC,method,Android-Universal-Image-Loader,0.9,0.5,com.nostra13.universalimageloader.utils.StorageUtils,1296,0,0,0,1,1,1
HCPL,method,Android-Universal-Image-Loader,0.9,0.5,com.nostra13.universalimageloader.utils.StorageUtils,1296,1,1,1,1,1,1
HDIF,method,Android-Universal-Image-Loader,0.9,0.5,com.nostra13.universalimageloader.utils.StorageUtils,1296,1,1,1,1,1,1
HEFF,method,Android-Universal-Image-Loader,0.9,0.5,com.nostra13.universalimageloader.utils.StorageUtils,1296,1,1,1,1,1,1
HNDB,method,Android-Universal-Image-Loader,0.9,0.5,com.nostra13.universalimageloader.utils.StorageUtils,1296,1,1,1,1,1,1
HPL,method,Android-Universal-Image-Loader,0.9,0.5,com.nostra13.universalimageloader.utils.StorageUtils,1296,1,1,1,1,1,1
HPV,method,Android-Universal-Image-Loader,0.9,0.5,com.nostra13.universalimageloader.utils.StorageUtils,1296,1,1,1,1,1,1
HTRP,method,Android-Universal-Image-Loader,0.9,0.5,com.nostra13.universalimageloader.utils.StorageUtils,1296,1,1,1,1,1,1
HVOL,method,Android-Universal-Image-Loader,0.9,0.5,com.nostra13.universalimageloader.utils.StorageUtils,1296,1,1,1,1,1,1
MI,method,Android-Universal-Image-Loader,0.9,0.5,com.nostra13.universalimageloader.utils.StorageUtils,1296,1,1,1,1,1,1
MIMS,method,Android-Universal-Image-Loader,0.9,0.5,com.nostra13.universalimageloader.utils.StorageUtils,1296,1,1,1,1,1,1
MISEI,method,Android-Universal-Image-Loader,0.9,0.5,com.nostra13.universalimageloader.utils.StorageUtils,1296,1,1,1,1,1,1
MISM,method,Android-Universal-Image-Loader,0.9,0.5,com.nostra13.universalimageloader.utils.StorageUtils,1296,1,1,1,1,1,1
McCC,method,Android-Universal-Image-Loader,0.9,0.5,com.nostra13.universalimageloader.utils.StorageUtils,1296,0,0,0,1,1,1
NL,method,Android-Universal-Image-Loader,0.9,0.5,com.nostra13.universalimageloader.utils.StorageUtils,1296,1,1,1,1,1,1
NLE,method,Android-Universal-Image-Loader,0.9,0.5,com.nostra13.universalimageloader.utils.StorageUtils,1296,1,1,1,1,1,1
NII,method,Android-Universal-Image-Loader,0.9,0.5,com.nostra13.universalimageloader.utils.StorageUtils,1296,0,0,0,1,1,1
NOI,method,Android-Universal-Image-Loader,0.9,0.5,com.nostra13.universalimageloader.utils.StorageUtils,1296,0,0,0,1,1,1
CD,method,Android-Universal-Image-Loader,0.9,0.5,com.nostra13.universalimageloader.utils.StorageUtils,1296,1,1,1,1,1,1
CLOC,method,Android-Universal-Image-Loader,0.9,0.5,com.nostra13.universalimageloader.utils.StorageUtils,1296,1,1,1,1,1,1
DLOC,method,Android-Universal-Image-Loader,0.9,0.5,com.nostra13.universalimageloader.utils.StorageUtils,1296,0,0,0,1,1,1
TCD,method,Android-Universal-Image-Loader,0.9,0.5,com.nostra13.universalimageloader.utils.StorageUtils,1296,1,1,1,1,1,1
TCLOC,method,Android-Universal-Image-Loader,0.9,0.5,com.nostra13.universalimageloader.utils.StorageUtils,1296,1,1,1,1,1,1
LLOC,method,Android-Universal-Image-Loader,0.9,0.5,com.nostra13.universalimageloader.utils.StorageUtils,1296,1,1,1,1,1,1
LOC,method,Android-Universal-Image-Loader,0.9,0.5,com.nostra13.universalimageloader.utils.StorageUtils,1296,1,1,1,1,1,1
NOS,method,Android-Universal-Image-Loader,0.9,0.5,com.nostra13.universalimageloader.utils.StorageUtils,1296,1,1,1,1,1,1
NUMPAR,method,Android-Universal-Image-Loader,0.9,0.5,com.nostra13.universalimageloader.utils.StorageUtils,1296,0,0,0,1,1,1
TLLOC,method,Android-Universal-Image-Loader,0.9,0.5,com.nostra13.universalimageloader.utils.StorageUtils,1296,1,1,1,1,1,1
TLOC,method,Android-Universal-Image-Loader,0.9,0.5,com.nostra13.universalimageloader.utils.StorageUtils,1296,1,1,1,1,1,1
TNOS,method,Android-Universal-Image-Loader,0.9,0.5,com.nostra13.universalimageloader.utils.StorageUtils,1296,0,0,0,0,0,0
WarningBlocker,method,Android-Universal-Image-Loader,0.9,0.5,com.nostra13.universalimageloader.utils.StorageUtils,1296,0,0,0,0,0,0
WarningCritical,method,Android-Universal-Image-Loader,0.9,0.5,com.nostra13.universalimageloader.utils.StorageUtils,1296,0,0,0,0,0,0
WarningInfo,method,Android-Universal-Image-Loader,0.9,0.5,com.nostra13.universalimageloader.utils.StorageUtils,1296,0,0,0,0,0,0
WarningMajor,method,Android-Universal-Image-Loader,0.9,0.5,com.nostra13.universalimageloader.utils.StorageUtils,1296,0,0,0,0,0,0
WarningMinor,method,Android-Universal-Image-Loader,0.9,0.5,com.nostra13.universalimageloader.utils.StorageUtils,1296,0,0,0,0,0,0
Android Rules,method,Android-Universal-Image-Loader,0.9,0.5,com.nostra13.universalimageloader.utils.StorageUtils,1296,0,0,0,0,0,0
Basic Rules,method,Android-Universal-Image-Loader,0.9,0.5,com.nostra13.universalimageloader.utils.StorageUtils,1296,0,0,0,0,0,0
Brace Rules,method,Android-Universal-Image-Loader,0.9,0.5,com.nostra13.universalimageloader.utils.StorageUtils,1296,0,0,0,0,0,0
Clone Implementation Rules,method,Android-Universal-Image-Loader,0.9,0.5,com.nostra13.universalimageloader.utils.StorageUtils,1296,0,0,0,0,0,0
Code Size Rules,method,Android-Universal-Image-Loader,0.9,0.5,com.nostra13.universalimageloader.utils.StorageUtils,1296,0,0,0,0,0,0
Comment Rules,method,Android-Universal-Image-Loader,0.9,0.5,com.nostra13.universalimageloader.utils.StorageUtils,1296,0,0,0,0,0,0
Controversial Rules,method,Android-Universal-Image-Loader,0.9,0.5,com.nostra13.universalimageloader.utils.StorageUtils,1296,0,0,0,0,0,0
Coupling Rules,method,Android-Universal-Image-Loader,0.9,0.5,com.nostra13.universalimageloader.utils.StorageUtils,1296,0,0,0,0,0,0
Design Rules,method,Android-Universal-Image-Loader,0.9,0.5,com.nostra13.universalimageloader.utils.StorageUtils,1296,0,0,0,0,0,0
Empty Code Rules,method,Android-Universal-Image-Loader,0.9,0.5,com.nostra13.universalimageloader.utils.StorageUtils,1296,0,0,0,0,0,0
Finalizer Rules,method,Android-Universal-Image-Loader,0.9,0.5,com.nostra13.universalimageloader.utils.StorageUtils,1296,0,0,0,0,0,0
Import Statement Rules,method,Android-Universal-Image-Loader,0.9,0.5,com.nostra13.universalimageloader.utils.StorageUtils,1296,0,0,0,0,0,0
J2EE Rules,method,Android-Universal-Image-Loader,0.9,0.5,com.nostra13.universalimageloader.utils.StorageUtils,1296,0,0,0,0,0,0
JUnit Rules,method,Android-Universal-Image-Loader,0.9,0.5,com.nostra13.universalimageloader.utils.StorageUtils,1296,0,0,0,0,0,0
Jakarta Commons Logging Rules,method,Android-Universal-Image-Loader,0.9,0.5,com.nostra13.universalimageloader.utils.StorageUtils,1296,0,0,0,0,0,0
Java Logging Rules,method,Android-Universal-Image-Loader,0.9,0.5,com.nostra13.universalimageloader.utils.StorageUtils,1296,0,0,0,0,0,0
JavaBean Rules,method,Android-Universal-Image-Loader,0.9,0.5,com.nostra13.universalimageloader.utils.StorageUtils,1296,0,0,0,0,0,0
MigratingToJUnit4 Rules,method,Android-Universal-Image-Loader,0.9,0.5,com.nostra13.universalimageloader.utils.StorageUtils,1296,0,0,0,0,0,0
Migration Rules,method,Android-Universal-Image-Loader,0.9,0.5,com.nostra13.universalimageloader.utils.StorageUtils,1296,0,0,0,0,0,0
Migration13 Rules,method,Android-Universal-Image-Loader,0.9,0.5,com.nostra13.universalimageloader.utils.StorageUtils,1296,0,0,0,0,0,0
Migration14 Rules,method,Android-Universal-Image-Loader,0.9,0.5,com.nostra13.universalimageloader.utils.StorageUtils,1296,0,0,0,0,0,0
Migration15 Rules,method,Android-Universal-Image-Loader,0.9,0.5,com.nostra13.universalimageloader.utils.StorageUtils,1296,0,0,0,0,0,0
Naming Rules,method,Android-Universal-Image-Loader,0.9,0.5,com.nostra13.universalimageloader.utils.StorageUtils,1296,0,0,0,0,0,0
Optimization Rules,method,Android-Universal-Image-Loader,0.9,0.5,com.nostra13.universalimageloader.utils.StorageUtils,1296,0,0,0,0,0,0
Security Code Guideline Rules,method,Android-Universal-Image-Loader,0.9,0.5,com.nostra13.universalimageloader.utils.StorageUtils,1296,0,0,0,0,0,0
Strict Exception Rules,method,Android-Universal-Image-Loader,0.9,0.5,com.nostra13.universalimageloader.utils.StorageUtils,1296,0,0,0,0,0,0
String and StringBuffer Rules,method,Android-Universal-Image-Loader,0.9,0.5,com.nostra13.universalimageloader.utils.StorageUtils,1296,0,0,0,0,0,0
Type Resolution Rules,method,Android-Universal-Image-Loader,0.9,0.5,com.nostra13.universalimageloader.utils.StorageUtils,1296,0,0,0,0,0,0
Unnecessary and Unused Code Rules,method,Android-Universal-Image-Loader,0.9,0.5,com.nostra13.universalimageloader.utils.StorageUtils,1296,0,0,0,0,0,0
Vulnerability Rules,method,Android-Universal-Image-Loader,0.9,0.5,com.nostra13.universalimageloader.utils.StorageUtils,1296,0,0,0,0,0,0
CC,method,Android-Universal-Image-Loader,0.9,0.5,com.nostra13.universalimageloader.core.display.RoundedBitmapDisplayer,1080,0,0,0,1,1,1
CCL,method,Android-Universal-Image-Loader,0.9,0.5,com.nostra13.universalimageloader.core.display.RoundedBitmapDisplayer,1080,0,0,0,1,1,1
CCO,method,Android-Universal-Image-Loader,0.9,0.5,com.nostra13.universalimageloader.core.display.RoundedBitmapDisplayer,1080,0,0,0,1,1,1
CI,method,Android-Universal-Image-Loader,0.9,0.5,com.nostra13.universalimageloader.core.display.RoundedBitmapDisplayer,1080,0,0,0,1,1,1
CLC,method,Android-Universal-Image-Loader,0.9,0.5,com.nostra13.universalimageloader.core.display.RoundedBitmapDisplayer,1080,0,0,0,1,1,1
CLLC,method,Android-Universal-Image-Loader,0.9,0.5,com.nostra13.universalimageloader.core.display.RoundedBitmapDisplayer,1080,0,0,0,1,1,1
LDC,method,Android-Universal-Image-Loader,0.9,0.5,com.nostra13.universalimageloader.core.display.RoundedBitmapDisplayer,1080,0,0,0,1,1,1
LLDC,method,Android-Universal-Image-Loader,0.9,0.5,com.nostra13.universalimageloader.core.display.RoundedBitmapDisplayer,1080,0,0,0,1,1,1
HCPL,method,Android-Universal-Image-Loader,0.9,0.5,com.nostra13.universalimageloader.core.display.RoundedBitmapDisplayer,1080,1,1,1,1,1,1
HDIF,method,Android-Universal-Image-Loader,0.9,0.5,com.nostra13.universalimageloader.core.display.RoundedBitmapDisplayer,1080,1,1,1,1,1,1
HEFF,method,Android-Universal-Image-Loader,0.9,0.5,com.nostra13.universalimageloader.core.display.RoundedBitmapDisplayer,1080,1,1,1,1,1,1
HNDB,method,Android-Universal-Image-Loader,0.9,0.5,com.nostra13.universalimageloader.core.display.RoundedBitmapDisplayer,1080,1,1,1,1,1,1
HPL,method,Android-Universal-Image-Loader,0.9,0.5,com.nostra13.universalimageloader.core.display.RoundedBitmapDisplayer,1080,1,1,1,1,1,1
HPV,method,Android-Universal-Image-Loader,0.9,0.5,com.nostra13.universalimageloader.core.display.RoundedBitmapDisplayer,1080,1,1,1,1,1,1
HTRP,method,Android-Universal-Image-Loader,0.9,0.5,com.nostra13.universalimageloader.core.display.RoundedBitmapDisplayer,1080,1,1,1,1,1,1
HVOL,method,Android-Universal-Image-Loader,0.9,0.5,com.nostra13.universalimageloader.core.display.RoundedBitmapDisplayer,1080,1,1,1,1,1,1
MI,method,Android-Universal-Image-Loader,0.9,0.5,com.nostra13.universalimageloader.core.display.RoundedBitmapDisplayer,1080,1,1,1,1,1,1
MIMS,method,Android-Universal-Image-Loader,0.9,0.5,com.nostra13.universalimageloader.core.display.RoundedBitmapDisplayer,1080,1,1,1,1,1,1
MISEI,method,Android-Universal-Image-Loader,0.9,0.5,com.nostra13.universalimageloader.core.display.RoundedBitmapDisplayer,1080,1,1,1,1,1,1
MISM,method,Android-Universal-Image-Loader,0.9,0.5,com.nostra13.universalimageloader.core.display.RoundedBitmapDisplayer,1080,1,1,1,1,1,1
McCC,method,Android-Universal-Image-Loader,0.9,0.5,com.nostra13.universalimageloader.core.display.RoundedBitmapDisplayer,1080,0,0,0,1,1,1
NL,method,Android-Universal-Image-Loader,0.9,0.5,com.nostra13.universalimageloader.core.display.RoundedBitmapDisplayer,1080,1,1,1,1,1,1
NLE,method,Android-Universal-Image-Loader,0.9,0.5,com.nostra13.universalimageloader.core.display.RoundedBitmapDisplayer,1080,1,1,1,1,1,1
NII,method,Android-Universal-Image-Loader,0.9,0.5,com.nostra13.universalimageloader.core.display.RoundedBitmapDisplayer,1080,0,0,0,1,1,1
NOI,method,Android-Universal-Image-Loader,0.9,0.5,com.nostra13.universalimageloader.core.display.RoundedBitmapDisplayer,1080,0,0,0,1,1,1
CD,method,Android-Universal-Image-Loader,0.9,0.5,com.nostra13.universalimageloader.core.display.RoundedBitmapDisplayer,1080,1,1,1,1,1,1
CLOC,method,Android-Universal-Image-Loader,0.9,0.5,com.nostra13.universalimageloader.core.display.RoundedBitmapDisplayer,1080,1,1,1,1,1,1
DLOC,method,Android-Universal-Image-Loader,0.9,0.5,com.nostra13.universalimageloader.core.display.RoundedBitmapDisplayer,1080,1,1,1,1,1,1
TCD,method,Android-Universal-Image-Loader,0.9,0.5,com.nostra13.universalimageloader.core.display.RoundedBitmapDisplayer,1080,1,1,1,1,1,1
TCLOC,method,Android-Universal-Image-Loader,0.9,0.5,com.nostra13.universalimageloader.core.display.RoundedBitmapDisplayer,1080,1,1,1,1,1,1
LLOC,method,Android-Universal-Image-Loader,0.9,0.5,com.nostra13.universalimageloader.core.display.RoundedBitmapDisplayer,1080,1,1,1,1,1,1
LOC,method,Android-Universal-Image-Loader,0.9,0.5,com.nostra13.universalimageloader.core.display.RoundedBitmapDisplayer,1080,1,1,1,1,1,1
NOS,method,Android-Universal-Image-Loader,0.9,0.5,com.nostra13.universalimageloader.core.display.RoundedBitmapDisplayer,1080,1,1,1,1,1,1
NUMPAR,method,Android-Universal-Image-Loader,0.9,0.5,com.nostra13.universalimageloader.core.display.RoundedBitmapDisplayer,1080,0,0,0,1,1,1
TLLOC,method,Android-Universal-Image-Loader,0.9,0.5,com.nostra13.universalimageloader.core.display.RoundedBitmapDisplayer,1080,1,1,1,1,1,1
TLOC,method,Android-Universal-Image-Loader,0.9,0.5,com.nostra13.universalimageloader.core.display.RoundedBitmapDisplayer,1080,1,1,1,1,1,1
TNOS,method,Android-Universal-Image-Loader,0.9,0.5,com.nostra13.universalimageloader.core.display.RoundedBitmapDisplayer,1080,0,0,0,0,0,0
WarningBlocker,method,Android-Universal-Image-Loader,0.9,0.5,com.nostra13.universalimageloader.core.display.RoundedBitmapDisplayer,1080,0,0,0,0,0,0
WarningCritical,method,Android-Universal-Image-Loader,0.9,0.5,com.nostra13.universalimageloader.core.display.RoundedBitmapDisplayer,1080,0,0,0,0,0,0
WarningInfo,method,Android-Universal-Image-Loader,0.9,0.5,com.nostra13.universalimageloader.core.display.RoundedBitmapDisplayer,1080,0,0,0,0,0,0
WarningMajor,method,Android-Universal-Image-Loader,0.9,0.5,com.nostra13.universalimageloader.core.display.RoundedBitmapDisplayer,1080,0,0,0,0,0,0
WarningMinor,method,Android-Universal-Image-Loader,0.9,0.5,com.nostra13.universalimageloader.core.display.RoundedBitmapDisplayer,1080,0,0,0,0,0,0
Android Rules,method,Android-Universal-Image-Loader,0.9,0.5,com.nostra13.universalimageloader.core.display.RoundedBitmapDisplayer,1080,0,0,0,0,0,0
Basic Rules,method,Android-Universal-Image-Loader,0.9,0.5,com.nostra13.universalimageloader.core.display.RoundedBitmapDisplayer,1080,0,0,0,0,0,0
Brace Rules,method,Android-Universal-Image-Loader,0.9,0.5,com.nostra13.universalimageloader.core.display.RoundedBitmapDisplayer,1080,0,0,0,0,0,0
Clone Implementation Rules,method,Android-Universal-Image-Loader,0.9,0.5,com.nostra13.universalimageloader.core.display.RoundedBitmapDisplayer,1080,0,0,0,0,0,0
Code Size Rules,method,Android-Universal-Image-Loader,0.9,0.5,com.nostra13.universalimageloader.core.display.RoundedBitmapDisplayer,1080,0,0,0,0,0,0
Comment Rules,method,Android-Universal-Image-Loader,0.9,0.5,com.nostra13.universalimageloader.core.display.RoundedBitmapDisplayer,1080,0,0,0,0,0,0
Controversial Rules,method,Android-Universal-Image-Loader,0.9,0.5,com.nostra13.universalimageloader.core.display.RoundedBitmapDisplayer,1080,0,0,0,0,0,0
Coupling Rules,method,Android-Universal-Image-Loader,0.9,0.5,com.nostra13.universalimageloader.core.display.RoundedBitmapDisplayer,1080,0,0,0,0,0,0
Design Rules,method,Android-Universal-Image-Loader,0.9,0.5,com.nostra13.universalimageloader.core.display.RoundedBitmapDisplayer,1080,0,0,0,0,0,0
Empty Code Rules,method,Android-Universal-Image-Loader,0.9,0.5,com.nostra13.universalimageloader.core.display.RoundedBitmapDisplayer,1080,0,0,0,0,0,0
Finalizer Rules,method,Android-Universal-Image-Loader,0.9,0.5,com.nostra13.universalimageloader.core.display.RoundedBitmapDisplayer,1080,0,0,0,0,0,0
Import Statement Rules,method,Android-Universal-Image-Loader,0.9,0.5,com.nostra13.universalimageloader.core.display.RoundedBitmapDisplayer,1080,0,0,0,0,0,0
J2EE Rules,method,Android-Universal-Image-Loader,0.9,0.5,com.nostra13.universalimageloader.core.display.RoundedBitmapDisplayer,1080,0,0,0,0,0,0
JUnit Rules,method,Android-Universal-Image-Loader,0.9,0.5,com.nostra13.universalimageloader.core.display.RoundedBitmapDisplayer,1080,0,0,0,0,0,0
Jakarta Commons Logging Rules,method,Android-Universal-Image-Loader,0.9,0.5,com.nostra13.universalimageloader.core.display.RoundedBitmapDisplayer,1080,0,0,0,0,0,0
Java Logging Rules,method,Android-Universal-Image-Loader,0.9,0.5,com.nostra13.universalimageloader.core.display.RoundedBitmapDisplayer,1080,0,0,0,0,0,0
JavaBean Rules,method,Android-Universal-Image-Loader,0.9,0.5,com.nostra13.universalimageloader.core.display.RoundedBitmapDisplayer,1080,0,0,0,0,0,0
MigratingToJUnit4 Rules,method,Android-Universal-Image-Loader,0.9,0.5,com.nostra13.universalimageloader.core.display.RoundedBitmapDisplayer,1080,0,0,0,0,0,0
Migration Rules,method,Android-Universal-Image-Loader,0.9,0.5,com.nostra13.universalimageloader.core.display.RoundedBitmapDisplayer,1080,0,0,0,0,0,0
Migration13 Rules,method,Android-Universal-Image-Loader,0.9,0.5,com.nostra13.universalimageloader.core.display.RoundedBitmapDisplayer,1080,0,0,0,0,0,0
Migration14 Rules,method,Android-Universal-Image-Loader,0.9,0.5,com.nostra13.universalimageloader.core.display.RoundedBitmapDisplayer,1080,0,0,0,0,0,0
Migration15 Rules,method,Android-Universal-Image-Loader,0.9,0.5,com.nostra13.universalimageloader.core.display.RoundedBitmapDisplayer,1080,0,0,0,0,0,0
Naming Rules,method,Android-Universal-Image-Loader,0.9,0.5,com.nostra13.universalimageloader.core.display.RoundedBitmapDisplayer,1080,0,0,0,0,0,0
Optimization Rules,method,Android-Universal-Image-Loader,0.9,0.5,com.nostra13.universalimageloader.core.display.RoundedBitmapDisplayer,1080,0,0,0,0,0,0
Security Code Guideline Rules,method,Android-Universal-Image-Loader,0.9,0.5,com.nostra13.universalimageloader.core.display.RoundedBitmapDisplayer,1080,0,0,0,0,0,0
Strict Exception Rules,method,Android-Universal-Image-Loader,0.9,0.5,com.nostra13.universalimageloader.core.display.RoundedBitmapDisplayer,1080,0,0,0,0,0,0
String and StringBuffer Rules,method,Android-Universal-Image-Loader,0.9,0.5,com.nostra13.universalimageloader.core.display.RoundedBitmapDisplayer,1080,0,0,0,0,0,0
Type Resolution Rules,method,Android-Universal-Image-Loader,0.9,0.5,com.nostra13.universalimageloader.core.display.RoundedBitmapDisplayer,1080,0,0,0,0,0,0
Unnecessary and Unused Code Rules,method,Android-Universal-Image-Loader,0.9,0.5,com.nostra13.universalimageloader.core.display.RoundedBitmapDisplayer,1080,0,0,0,0,0,0
Vulnerability Rules,method,Android-Universal-Image-Loader,0.9,0.5,com.nostra13.universalimageloader.core.display.RoundedBitmapDisplayer,1080,0,0,0,0,0,0
CC,method,Android-Universal-Image-Loader,0.9,0.5,com.nostra13.universalimageloader.cache.memory.BaseMemoryCache,288,0,0,0,1,1,1
CCL,method,Android-Universal-Image-Loader,0.9,0.5,com.nostra13.universalimageloader.cache.memory.BaseMemoryCache,288,0,0,0,1,1,1
CCO,method,Android-Universal-Image-Loader,0.9,0.5,com.nostra13.universalimageloader.cache.memory.BaseMemoryCache,288,0,0,0,1,1,1
CI,method,Android-Universal-Image-Loader,0.9,0.5,com.nostra13.universalimageloader.cache.memory.BaseMemoryCache,288,0,0,0,1,1,1
CLC,method,Android-Universal-Image-Loader,0.9,0.5,com.nostra13.universalimageloader.cache.memory.BaseMemoryCache,288,0,0,0,1,1,1
CLLC,method,Android-Universal-Image-Loader,0.9,0.5,com.nostra13.universalimageloader.cache.memory.BaseMemoryCache,288,0,0,0,1,1,1
LDC,method,Android-Universal-Image-Loader,0.9,0.5,com.nostra13.universalimageloader.cache.memory.BaseMemoryCache,288,0,0,0,1,1,1
LLDC,method,Android-Universal-Image-Loader,0.9,0.5,com.nostra13.universalimageloader.cache.memory.BaseMemoryCache,288,0,0,0,1,1,1
HCPL,method,Android-Universal-Image-Loader,0.9,0.5,com.nostra13.universalimageloader.cache.memory.BaseMemoryCache,288,1,1,1,1,1,1
HDIF,method,Android-Universal-Image-Loader,0.9,0.5,com.nostra13.universalimageloader.cache.memory.BaseMemoryCache,288,1,1,1,1,1,1
HEFF,method,Android-Universal-Image-Loader,0.9,0.5,com.nostra13.universalimageloader.cache.memory.BaseMemoryCache,288,1,1,1,1,1,1
HNDB,method,Android-Universal-Image-Loader,0.9,0.5,com.nostra13.universalimageloader.cache.memory.BaseMemoryCache,288,1,1,1,1,1,1
HPL,method,Android-Universal-Image-Loader,0.9,0.5,com.nostra13.universalimageloader.cache.memory.BaseMemoryCache,288,1,1,1,1,1,1
HPV,method,Android-Universal-Image-Loader,0.9,0.5,com.nostra13.universalimageloader.cache.memory.BaseMemoryCache,288,1,1,1,1,1,1
HTRP,method,Android-Universal-Image-Loader,0.9,0.5,com.nostra13.universalimageloader.cache.memory.BaseMemoryCache,288,1,1,1,1,1,1
HVOL,method,Android-Universal-Image-Loader,0.9,0.5,com.nostra13.universalimageloader.cache.memory.BaseMemoryCache,288,1,1,1,1,1,1
MI,method,Android-Universal-Image-Loader,0.9,0.5,com.nostra13.universalimageloader.cache.memory.BaseMemoryCache,288,1,1,1,1,1,1
MIMS,method,Android-Universal-Image-Loader,0.9,0.5,com.nostra13.universalimageloader.cache.memory.BaseMemoryCache,288,1,1,1,1,1,1
MISEI,method,Android-Universal-Image-Loader,0.9,0.5,com.nostra13.universalimageloader.cache.memory.BaseMemoryCache,288,1,1,1,1,1,1
MISM,method,Android-Universal-Image-Loader,0.9,0.5,com.nostra13.universalimageloader.cache.memory.BaseMemoryCache,288,1,1,1,1,1,1
McCC,method,Android-Universal-Image-Loader,0.9,0.5,com.nostra13.universalimageloader.cache.memory.BaseMemoryCache,288,0,0,0,1,1,1
NL,method,Android-Universal-Image-Loader,0.9,0.5,com.nostra13.universalimageloader.cache.memory.BaseMemoryCache,288,0,0,0,1,1,1
NLE,method,Android-Universal-Image-Loader,0.9,0.5,com.nostra13.universalimageloader.cache.memory.BaseMemoryCache,288,0,0,0,1,1,1
NII,method,Android-Universal-Image-Loader,0.9,0.5,com.nostra13.universalimageloader.cache.memory.BaseMemoryCache,288,0,0,0,1,1,1
NOI,method,Android-Universal-Image-Loader,0.9,0.5,com.nostra13.universalimageloader.cache.memory.BaseMemoryCache,288,0,0,0,1,1,1
CD,method,Android-Universal-Image-Loader,0.9,0.5,com.nostra13.universalimageloader.cache.memory.BaseMemoryCache,288,0,0,0,1,1,1
CLOC,method,Android-Universal-Image-Loader,0.9,0.5,com.nostra13.universalimageloader.cache.memory.BaseMemoryCache,288,0,0,0,1,1,1
DLOC,method,Android-Universal-Image-Loader,0.9,0.5,com.nostra13.universalimageloader.cache.memory.BaseMemoryCache,288,0,0,0,1,1,1
TCD,method,Android-Universal-Image-Loader,0.9,0.5,com.nostra13.universalimageloader.cache.memory.BaseMemoryCache,288,0,0,0,1,1,1
TCLOC,method,Android-Universal-Image-Loader,0.9,0.5,com.nostra13.universalimageloader.cache.memory.BaseMemoryCache,288,0,0,0,1,1,1
LLOC,method,Android-Universal-Image-Loader,0.9,0.5,com.nostra13.universalimageloader.cache.memory.BaseMemoryCache,288,1,1,1,1,1,1
LOC,method,Android-Universal-Image-Loader,0.9,0.5,com.nostra13.universalimageloader.cache.memory.BaseMemoryCache,288,1,1,1,1,1,1
NOS,method,Android-Universal-Image-Loader,0.9,0.5,com.nostra13.universalimageloader.cache.memory.BaseMemoryCache,288,1,1,1,1,1,1
NUMPAR,method,Android-Universal-Image-Loader,0.9,0.5,com.nostra13.universalimageloader.cache.memory.BaseMemoryCache,288,0,0,0,1,1,1
TLLOC,method,Android-Universal-Image-Loader,0.9,0.5,com.nostra13.universalimageloader.cache.memory.BaseMemoryCache,288,1,1,1,1,1,1
TLOC,method,Android-Universal-Image-Loader,0.9,0.5,com.nostra13.universalimageloader.cache.memory.BaseMemoryCache,288,1,1,1,1,1,1
TNOS,method,Android-Universal-Image-Loader,0.9,0.5,com.nostra13.universalimageloader.cache.memory.BaseMemoryCache,288,0,0,0,0,0,0
WarningBlocker,method,Android-Universal-Image-Loader,0.9,0.5,com.nostra13.universalimageloader.cache.memory.BaseMemoryCache,288,0,0,0,0,0,0
WarningCritical,method,Android-Universal-Image-Loader,0.9,0.5,com.nostra13.universalimageloader.cache.memory.BaseMemoryCache,288,0,0,0,0,0,0
WarningInfo,method,Android-Universal-Image-Loader,0.9,0.5,com.nostra13.universalimageloader.cache.memory.BaseMemoryCache,288,0,0,0,0,0,0
WarningMajor,method,Android-Universal-Image-Loader,0.9,0.5,com.nostra13.universalimageloader.cache.memory.BaseMemoryCache,288,0,0,0,0,0,0
WarningMinor,method,Android-Universal-Image-Loader,0.9,0.5,com.nostra13.universalimageloader.cache.memory.BaseMemoryCache,288,0,0,0,0,0,0
Android Rules,method,Android-Universal-Image-Loader,0.9,0.5,com.nostra13.universalimageloader.cache.memory.BaseMemoryCache,288,0,0,0,0,0,0
Basic Rules,method,Android-Universal-Image-Loader,0.9,0.5,com.nostra13.universalimageloader.cache.memory.BaseMemoryCache,288,0,0,0,0,0,0
Brace Rules,method,Android-Universal-Image-Loader,0.9,0.5,com.nostra13.universalimageloader.cache.memory.BaseMemoryCache,288,0,0,0,0,0,0
Clone Implementation Rules,method,Android-Universal-Image-Loader,0.9,0.5,com.nostra13.universalimageloader.cache.memory.BaseMemoryCache,288,0,0,0,0,0,0
Code Size Rules,method,Android-Universal-Image-Loader,0.9,0.5,com.nostra13.universalimageloader.cache.memory.BaseMemoryCache,288,0,0,0,0,0,0
Comment Rules,method,Android-Universal-Image-Loader,0.9,0.5,com.nostra13.universalimageloader.cache.memory.BaseMemoryCache,288,0,0,0,0,0,0
Controversial Rules,method,Android-Universal-Image-Loader,0.9,0.5,com.nostra13.universalimageloader.cache.memory.BaseMemoryCache,288,0,0,0,0,0,0
Coupling Rules,method,Android-Universal-Image-Loader,0.9,0.5,com.nostra13.universalimageloader.cache.memory.BaseMemoryCache,288,0,0,0,0,0,0
Design Rules,method,Android-Universal-Image-Loader,0.9,0.5,com.nostra13.universalimageloader.cache.memory.BaseMemoryCache,288,0,0,0,0,0,0
Empty Code Rules,method,Android-Universal-Image-Loader,0.9,0.5,com.nostra13.universalimageloader.cache.memory.BaseMemoryCache,288,0,0,0,0,0,0
Finalizer Rules,method,Android-Universal-Image-Loader,0.9,0.5,com.nostra13.universalimageloader.cache.memory.BaseMemoryCache,288,0,0,0,0,0,0
Import Statement Rules,method,Android-Universal-Image-Loader,0.9,0.5,com.nostra13.universalimageloader.cache.memory.BaseMemoryCache,288,0,0,0,0,0,0
J2EE Rules,method,Android-Universal-Image-Loader,0.9,0.5,com.nostra13.universalimageloader.cache.memory.BaseMemoryCache,288,0,0,0,0,0,0
JUnit Rules,method,Android-Universal-Image-Loader,0.9,0.5,com.nostra13.universalimageloader.cache.memory.BaseMemoryCache,288,0,0,0,0,0,0
Jakarta Commons Logging Rules,method,Android-Universal-Image-Loader,0.9,0.5,com.nostra13.universalimageloader.cache.memory.BaseMemoryCache,288,0,0,0,0,0,0
Java Logging Rules,method,Android-Universal-Image-Loader,0.9,0.5,com.nostra13.universalimageloader.cache.memory.BaseMemoryCache,288,0,0,0,0,0,0
JavaBean Rules,method,Android-Universal-Image-Loader,0.9,0.5,com.nostra13.universalimageloader.cache.memory.BaseMemoryCache,288,0,0,0,0,0,0
MigratingToJUnit4 Rules,method,Android-Universal-Image-Loader,0.9,0.5,com.nostra13.universalimageloader.cache.memory.BaseMemoryCache,288,0,0,0,0,0,0
Migration Rules,method,Android-Universal-Image-Loader,0.9,0.5,com.nostra13.universalimageloader.cache.memory.BaseMemoryCache,288,0,0,0,0,0,0
Migration13 Rules,method,Android-Universal-Image-Loader,0.9,0.5,com.nostra13.universalimageloader.cache.memory.BaseMemoryCache,288,0,0,0,0,0,0
Migration14 Rules,method,Android-Universal-Image-Loader,0.9,0.5,com.nostra13.universalimageloader.cache.memory.BaseMemoryCache,288,0,0,0,0,0,0
Migration15 Rules,method,Android-Universal-Image-Loader,0.9,0.5,com.nostra13.universalimageloader.cache.memory.BaseMemoryCache,288,0,0,0,0,0,0
Naming Rules,method,Android-Universal-Image-Loader,0.9,0.5,com.nostra13.universalimageloader.cache.memory.BaseMemoryCache,288,0,0,0,0,0,0
Optimization Rules,method,Android-Universal-Image-Loader,0.9,0.5,com.nostra13.universalimageloader.cache.memory.BaseMemoryCache,288,0,0,0,0,0,0
Security Code Guideline Rules,method,Android-Universal-Image-Loader,0.9,0.5,com.nostra13.universalimageloader.cache.memory.BaseMemoryCache,288,0,0,0,0,0,0
Strict Exception Rules,method,Android-Universal-Image-Loader,0.9,0.5,com.nostra13.universalimageloader.cache.memory.BaseMemoryCache,288,0,0,0,0,0,0
String and StringBuffer Rules,method,Android-Universal-Image-Loader,0.9,0.5,com.nostra13.universalimageloader.cache.memory.BaseMemoryCache,288,0,0,0,0,0,0
Type Resolution Rules,method,Android-Universal-Image-Loader,0.9,0.5,com.nostra13.universalimageloader.cache.memory.BaseMemoryCache,288,0,0,0,0,0,0
Unnecessary and Unused Code Rules,method,Android-Universal-Image-Loader,0.9,0.5,com.nostra13.universalimageloader.cache.memory.BaseMemoryCache,288,0,0,0,0,0,0
Vulnerability Rules,method,Android-Universal-Image-Loader,0.9,0.5,com.nostra13.universalimageloader.cache.memory.BaseMemoryCache,288,0,0,0,0,0,0
CC,method,Android-Universal-Image-Loader,0.9,0.5,com.nostra13.universalimageloader.core.decode.BaseImageDecoder,1368,1,1,1,1,1,1
CCL,method,Android-Universal-Image-Loader,0.9,0.5,com.nostra13.universalimageloader.core.decode.BaseImageDecoder,1368,1,1,1,1,1,1
CCO,method,Android-Universal-Image-Loader,0.9,0.5,com.nostra13.universalimageloader.core.decode.BaseImageDecoder,1368,1,1,1,1,1,1
CI,method,Android-Universal-Image-Loader,0.9,0.5,com.nostra13.universalimageloader.core.decode.BaseImageDecoder,1368,1,1,1,1,1,1
CLC,method,Android-Universal-Image-Loader,0.9,0.5,com.nostra13.universalimageloader.core.decode.BaseImageDecoder,1368,1,1,1,1,1,1
CLLC,method,Android-Universal-Image-Loader,0.9,0.5,com.nostra13.universalimageloader.core.decode.BaseImageDecoder,1368,1,1,1,1,1,1
LDC,method,Android-Universal-Image-Loader,0.9,0.5,com.nostra13.universalimageloader.core.decode.BaseImageDecoder,1368,1,1,1,1,1,1
LLDC,method,Android-Universal-Image-Loader,0.9,0.5,com.nostra13.universalimageloader.core.decode.BaseImageDecoder,1368,1,1,1,1,1,1
HCPL,method,Android-Universal-Image-Loader,0.9,0.5,com.nostra13.universalimageloader.core.decode.BaseImageDecoder,1368,1,1,1,1,1,1
HDIF,method,Android-Universal-Image-Loader,0.9,0.5,com.nostra13.universalimageloader.core.decode.BaseImageDecoder,1368,1,1,1,1,1,1
HEFF,method,Android-Universal-Image-Loader,0.9,0.5,com.nostra13.universalimageloader.core.decode.BaseImageDecoder,1368,1,1,1,1,1,1
HNDB,method,Android-Universal-Image-Loader,0.9,0.5,com.nostra13.universalimageloader.core.decode.BaseImageDecoder,1368,1,1,1,1,1,1
HPL,method,Android-Universal-Image-Loader,0.9,0.5,com.nostra13.universalimageloader.core.decode.BaseImageDecoder,1368,1,1,1,1,1,1
HPV,method,Android-Universal-Image-Loader,0.9,0.5,com.nostra13.universalimageloader.core.decode.BaseImageDecoder,1368,1,1,1,1,1,1
HTRP,method,Android-Universal-Image-Loader,0.9,0.5,com.nostra13.universalimageloader.core.decode.BaseImageDecoder,1368,1,1,1,1,1,1
HVOL,method,Android-Universal-Image-Loader,0.9,0.5,com.nostra13.universalimageloader.core.decode.BaseImageDecoder,1368,1,1,1,1,1,1
MI,method,Android-Universal-Image-Loader,0.9,0.5,com.nostra13.universalimageloader.core.decode.BaseImageDecoder,1368,1,1,1,1,1,1
MIMS,method,Android-Universal-Image-Loader,0.9,0.5,com.nostra13.universalimageloader.core.decode.BaseImageDecoder,1368,1,1,1,1,1,1
MISEI,method,Android-Universal-Image-Loader,0.9,0.5,com.nostra13.universalimageloader.core.decode.BaseImageDecoder,1368,1,1,1,1,1,1
MISM,method,Android-Universal-Image-Loader,0.9,0.5,com.nostra13.universalimageloader.core.decode.BaseImageDecoder,1368,1,1,1,1,1,1
McCC,method,Android-Universal-Image-Loader,0.9,0.5,com.nostra13.universalimageloader.core.decode.BaseImageDecoder,1368,0,0,0,1,1,1
NL,method,Android-Universal-Image-Loader,0.9,0.5,com.nostra13.universalimageloader.core.decode.BaseImageDecoder,1368,1,1,1,1,1,1
NLE,method,Android-Universal-Image-Loader,0.9,0.5,com.nostra13.universalimageloader.core.decode.BaseImageDecoder,1368,1,1,1,1,1,1
NII,method,Android-Universal-Image-Loader,0.9,0.5,com.nostra13.universalimageloader.core.decode.BaseImageDecoder,1368,1,1,1,1,1,1
NOI,method,Android-Universal-Image-Loader,0.9,0.5,com.nostra13.universalimageloader.core.decode.BaseImageDecoder,1368,0,0,0,1,1,1
CD,method,Android-Universal-Image-Loader,0.9,0.5,com.nostra13.universalimageloader.core.decode.BaseImageDecoder,1368,1,1,1,1,1,1
CLOC,method,Android-Universal-Image-Loader,0.9,0.5,com.nostra13.universalimageloader.core.decode.BaseImageDecoder,1368,1,1,1,1,1,1
DLOC,method,Android-Universal-Image-Loader,0.9,0.5,com.nostra13.universalimageloader.core.decode.BaseImageDecoder,1368,1,1,1,1,1,1
TCD,method,Android-Universal-Image-Loader,0.9,0.5,com.nostra13.universalimageloader.core.decode.BaseImageDecoder,1368,1,1,1,1,1,1
TCLOC,method,Android-Universal-Image-Loader,0.9,0.5,com.nostra13.universalimageloader.core.decode.BaseImageDecoder,1368,1,1,1,1,1,1
LLOC,method,Android-Universal-Image-Loader,0.9,0.5,com.nostra13.universalimageloader.core.decode.BaseImageDecoder,1368,1,1,1,1,1,1
LOC,method,Android-Universal-Image-Loader,0.9,0.5,com.nostra13.universalimageloader.core.decode.BaseImageDecoder,1368,1,1,1,1,1,1
NOS,method,Android-Universal-Image-Loader,0.9,0.5,com.nostra13.universalimageloader.core.decode.BaseImageDecoder,1368,0,0,0,1,1,1
NUMPAR,method,Android-Universal-Image-Loader,0.9,0.5,com.nostra13.universalimageloader.core.decode.BaseImageDecoder,1368,1,1,1,1,1,1
TLLOC,method,Android-Universal-Image-Loader,0.9,0.5,com.nostra13.universalimageloader.core.decode.BaseImageDecoder,1368,1,1,1,1,1,1
TLOC,method,Android-Universal-Image-Loader,0.9,0.5,com.nostra13.universalimageloader.core.decode.BaseImageDecoder,1368,1,1,1,1,1,1
TNOS,method,Android-Universal-Image-Loader,0.9,0.5,com.nostra13.universalimageloader.core.decode.BaseImageDecoder,1368,0,0,0,0,0,0
WarningBlocker,method,Android-Universal-Image-Loader,0.9,0.5,com.nostra13.universalimageloader.core.decode.BaseImageDecoder,1368,0,0,0,0,0,0
WarningCritical,method,Android-Universal-Image-Loader,0.9,0.5,com.nostra13.universalimageloader.core.decode.BaseImageDecoder,1368,0,0,0,0,0,0
WarningInfo,method,Android-Universal-Image-Loader,0.9,0.5,com.nostra13.universalimageloader.core.decode.BaseImageDecoder,1368,0,0,0,0,0,0
WarningMajor,method,Android-Universal-Image-Loader,0.9,0.5,com.nostra13.universalimageloader.core.decode.BaseImageDecoder,1368,0,0,0,0,0,0
WarningMinor,method,Android-Universal-Image-Loader,0.9,0.5,com.nostra13.universalimageloader.core.decode.BaseImageDecoder,1368,0,0,0,0,0,0
Android Rules,method,Android-Universal-Image-Loader,0.9,0.5,com.nostra13.universalimageloader.core.decode.BaseImageDecoder,1368,0,0,0,0,0,0
Basic Rules,method,Android-Universal-Image-Loader,0.9,0.5,com.nostra13.universalimageloader.core.decode.BaseImageDecoder,1368,0,0,0,0,0,0
Brace Rules,method,Android-Universal-Image-Loader,0.9,0.5,com.nostra13.universalimageloader.core.decode.BaseImageDecoder,1368,0,0,0,0,0,0
Clone Implementation Rules,method,Android-Universal-Image-Loader,0.9,0.5,com.nostra13.universalimageloader.core.decode.BaseImageDecoder,1368,0,0,0,0,0,0
Code Size Rules,method,Android-Universal-Image-Loader,0.9,0.5,com.nostra13.universalimageloader.core.decode.BaseImageDecoder,1368,0,0,0,0,0,0
Comment Rules,method,Android-Universal-Image-Loader,0.9,0.5,com.nostra13.universalimageloader.core.decode.BaseImageDecoder,1368,0,0,0,0,0,0
Controversial Rules,method,Android-Universal-Image-Loader,0.9,0.5,com.nostra13.universalimageloader.core.decode.BaseImageDecoder,1368,0,0,0,0,0,0
Coupling Rules,method,Android-Universal-Image-Loader,0.9,0.5,com.nostra13.universalimageloader.core.decode.BaseImageDecoder,1368,0,0,0,0,0,0
Design Rules,method,Android-Universal-Image-Loader,0.9,0.5,com.nostra13.universalimageloader.core.decode.BaseImageDecoder,1368,0,0,0,0,0,0
Empty Code Rules,method,Android-Universal-Image-Loader,0.9,0.5,com.nostra13.universalimageloader.core.decode.BaseImageDecoder,1368,0,0,0,0,0,0
Finalizer Rules,method,Android-Universal-Image-Loader,0.9,0.5,com.nostra13.universalimageloader.core.decode.BaseImageDecoder,1368,0,0,0,0,0,0
Import Statement Rules,method,Android-Universal-Image-Loader,0.9,0.5,com.nostra13.universalimageloader.core.decode.BaseImageDecoder,1368,0,0,0,0,0,0
J2EE Rules,method,Android-Universal-Image-Loader,0.9,0.5,com.nostra13.universalimageloader.core.decode.BaseImageDecoder,1368,0,0,0,0,0,0
JUnit Rules,method,Android-Universal-Image-Loader,0.9,0.5,com.nostra13.universalimageloader.core.decode.BaseImageDecoder,1368,0,0,0,0,0,0
Jakarta Commons Logging Rules,method,Android-Universal-Image-Loader,0.9,0.5,com.nostra13.universalimageloader.core.decode.BaseImageDecoder,1368,0,0,0,0,0,0
Java Logging Rules,method,Android-Universal-Image-Loader,0.9,0.5,com.nostra13.universalimageloader.core.decode.BaseImageDecoder,1368,0,0,0,0,0,0
JavaBean Rules,method,Android-Universal-Image-Loader,0.9,0.5,com.nostra13.universalimageloader.core.decode.BaseImageDecoder,1368,0,0,0,0,0,0
MigratingToJUnit4 Rules,method,Android-Universal-Image-Loader,0.9,0.5,com.nostra13.universalimageloader.core.decode.BaseImageDecoder,1368,0,0,0,0,0,0
Migration Rules,method,Android-Universal-Image-Loader,0.9,0.5,com.nostra13.universalimageloader.core.decode.BaseImageDecoder,1368,0,0,0,0,0,0
Migration13 Rules,method,Android-Universal-Image-Loader,0.9,0.5,com.nostra13.universalimageloader.core.decode.BaseImageDecoder,1368,0,0,0,0,0,0
Migration14 Rules,method,Android-Universal-Image-Loader,0.9,0.5,com.nostra13.universalimageloader.core.decode.BaseImageDecoder,1368,0,0,0,0,0,0
Migration15 Rules,method,Android-Universal-Image-Loader,0.9,0.5,com.nostra13.universalimageloader.core.decode.BaseImageDecoder,1368,0,0,0,0,0,0
Naming Rules,method,Android-Universal-Image-Loader,0.9,0.5,com.nostra13.universalimageloader.core.decode.BaseImageDecoder,1368,0,0,0,0,0,0
Optimization Rules,method,Android-Universal-Image-Loader,0.9,0.5,com.nostra13.universalimageloader.core.decode.BaseImageDecoder,1368,0,0,0,0,0,0
Security Code Guideline Rules,method,Android-Universal-Image-Loader,0.9,0.5,com.nostra13.universalimageloader.core.decode.BaseImageDecoder,1368,0,0,0,0,0,0
Strict Exception Rules,method,Android-Universal-Image-Loader,0.9,0.5,com.nostra13.universalimageloader.core.decode.BaseImageDecoder,1368,0,0,0,0,0,0
String and StringBuffer Rules,method,Android-Universal-Image-Loader,0.9,0.5,com.nostra13.universalimageloader.core.decode.BaseImageDecoder,1368,0,0,0,0,0,0
Type Resolution Rules,method,Android-Universal-Image-Loader,0.9,0.5,com.nostra13.universalimageloader.core.decode.BaseImageDecoder,1368,0,0,0,0,0,0
Unnecessary and Unused Code Rules,method,Android-Universal-Image-Loader,0.9,0.5,com.nostra13.universalimageloader.core.decode.BaseImageDecoder,1368,0,0,0,0,0,0
Vulnerability Rules,method,Android-Universal-Image-Loader,0.9,0.5,com.nostra13.universalimageloader.core.decode.BaseImageDecoder,1368,0,0,0,0,0,0
CC,method,Android-Universal-Image-Loader,0.9,0.5,com.nostra13.universalimageloader.core.ImageLoaderConfiguration$Builder,720,0,0,0,1,1,1
CCL,method,Android-Universal-Image-Loader,0.9,0.5,com.nostra13.universalimageloader.core.ImageLoaderConfiguration$Builder,720,0,0,0,1,1,1
CCO,method,Android-Universal-Image-Loader,0.9,0.5,com.nostra13.universalimageloader.core.ImageLoaderConfiguration$Builder,720,0,0,0,1,1,1
CI,method,Android-Universal-Image-Loader,0.9,0.5,com.nostra13.universalimageloader.core.ImageLoaderConfiguration$Builder,720,0,0,0,1,1,1
CLC,method,Android-Universal-Image-Loader,0.9,0.5,com.nostra13.universalimageloader.core.ImageLoaderConfiguration$Builder,720,0,0,0,1,1,1
CLLC,method,Android-Universal-Image-Loader,0.9,0.5,com.nostra13.universalimageloader.core.ImageLoaderConfiguration$Builder,720,0,0,0,1,1,1
LDC,method,Android-Universal-Image-Loader,0.9,0.5,com.nostra13.universalimageloader.core.ImageLoaderConfiguration$Builder,720,0,0,0,1,1,1
LLDC,method,Android-Universal-Image-Loader,0.9,0.5,com.nostra13.universalimageloader.core.ImageLoaderConfiguration$Builder,720,0,0,0,1,1,1
HCPL,method,Android-Universal-Image-Loader,0.9,0.5,com.nostra13.universalimageloader.core.ImageLoaderConfiguration$Builder,720,1,1,1,1,1,1
HDIF,method,Android-Universal-Image-Loader,0.9,0.5,com.nostra13.universalimageloader.core.ImageLoaderConfiguration$Builder,720,1,1,1,1,1,1
HEFF,method,Android-Universal-Image-Loader,0.9,0.5,com.nostra13.universalimageloader.core.ImageLoaderConfiguration$Builder,720,1,1,1,1,1,1
HNDB,method,Android-Universal-Image-Loader,0.9,0.5,com.nostra13.universalimageloader.core.ImageLoaderConfiguration$Builder,720,1,1,1,1,1,1
HPL,method,Android-Universal-Image-Loader,0.9,0.5,com.nostra13.universalimageloader.core.ImageLoaderConfiguration$Builder,720,1,1,1,1,1,1
HPV,method,Android-Universal-Image-Loader,0.9,0.5,com.nostra13.universalimageloader.core.ImageLoaderConfiguration$Builder,720,1,1,1,1,1,1
HTRP,method,Android-Universal-Image-Loader,0.9,0.5,com.nostra13.universalimageloader.core.ImageLoaderConfiguration$Builder,720,1,1,1,1,1,1
HVOL,method,Android-Universal-Image-Loader,0.9,0.5,com.nostra13.universalimageloader.core.ImageLoaderConfiguration$Builder,720,1,1,1,1,1,1
MI,method,Android-Universal-Image-Loader,0.9,0.5,com.nostra13.universalimageloader.core.ImageLoaderConfiguration$Builder,720,1,1,1,1,1,1
MIMS,method,Android-Universal-Image-Loader,0.9,0.5,com.nostra13.universalimageloader.core.ImageLoaderConfiguration$Builder,720,1,1,1,1,1,1
MISEI,method,Android-Universal-Image-Loader,0.9,0.5,com.nostra13.universalimageloader.core.ImageLoaderConfiguration$Builder,720,1,1,1,1,1,1
MISM,method,Android-Universal-Image-Loader,0.9,0.5,com.nostra13.universalimageloader.core.ImageLoaderConfiguration$Builder,720,1,1,1,1,1,1
McCC,method,Android-Universal-Image-Loader,0.9,0.5,com.nostra13.universalimageloader.core.ImageLoaderConfiguration$Builder,720,1,1,1,1,1,1
NL,method,Android-Universal-Image-Loader,0.9,0.5,com.nostra13.universalimageloader.core.ImageLoaderConfiguration$Builder,720,1,1,1,1,1,1
NLE,method,Android-Universal-Image-Loader,0.9,0.5,com.nostra13.universalimageloader.core.ImageLoaderConfiguration$Builder,720,1,1,1,1,1,1
NII,method,Android-Universal-Image-Loader,0.9,0.5,com.nostra13.universalimageloader.core.ImageLoaderConfiguration$Builder,720,0,0,0,1,1,1
NOI,method,Android-Universal-Image-Loader,0.9,0.5,com.nostra13.universalimageloader.core.ImageLoaderConfiguration$Builder,720,0,0,0,1,1,1
CD,method,Android-Universal-Image-Loader,0.9,0.5,com.nostra13.universalimageloader.core.ImageLoaderConfiguration$Builder,720,1,1,1,1,1,1
CLOC,method,Android-Universal-Image-Loader,0.9,0.5,com.nostra13.universalimageloader.core.ImageLoaderConfiguration$Builder,720,1,1,1,1,1,1
DLOC,method,Android-Universal-Image-Loader,0.9,0.5,com.nostra13.universalimageloader.core.ImageLoaderConfiguration$Builder,720,1,1,1,1,1,1
TCD,method,Android-Universal-Image-Loader,0.9,0.5,com.nostra13.universalimageloader.core.ImageLoaderConfiguration$Builder,720,1,1,1,1,1,1
TCLOC,method,Android-Universal-Image-Loader,0.9,0.5,com.nostra13.universalimageloader.core.ImageLoaderConfiguration$Builder,720,1,1,1,1,1,1
LLOC,method,Android-Universal-Image-Loader,0.9,0.5,com.nostra13.universalimageloader.core.ImageLoaderConfiguration$Builder,720,1,1,1,1,1,1
LOC,method,Android-Universal-Image-Loader,0.9,0.5,com.nostra13.universalimageloader.core.ImageLoaderConfiguration$Builder,720,1,1,1,1,1,1
NOS,method,Android-Universal-Image-Loader,0.9,0.5,com.nostra13.universalimageloader.core.ImageLoaderConfiguration$Builder,720,1,1,1,1,1,1
NUMPAR,method,Android-Universal-Image-Loader,0.9,0.5,com.nostra13.universalimageloader.core.ImageLoaderConfiguration$Builder,720,0,0,0,1,1,1
TLLOC,method,Android-Universal-Image-Loader,0.9,0.5,com.nostra13.universalimageloader.core.ImageLoaderConfiguration$Builder,720,1,1,1,1,1,1
TLOC,method,Android-Universal-Image-Loader,0.9,0.5,com.nostra13.universalimageloader.core.ImageLoaderConfiguration$Builder,720,1,1,1,1,1,1
TNOS,method,Android-Universal-Image-Loader,0.9,0.5,com.nostra13.universalimageloader.core.ImageLoaderConfiguration$Builder,720,0,0,0,0,0,0
WarningBlocker,method,Android-Universal-Image-Loader,0.9,0.5,com.nostra13.universalimageloader.core.ImageLoaderConfiguration$Builder,720,0,0,0,0,0,0
WarningCritical,method,Android-Universal-Image-Loader,0.9,0.5,com.nostra13.universalimageloader.core.ImageLoaderConfiguration$Builder,720,0,0,0,0,0,0
WarningInfo,method,Android-Universal-Image-Loader,0.9,0.5,com.nostra13.universalimageloader.core.ImageLoaderConfiguration$Builder,720,0,0,0,0,0,0
WarningMajor,method,Android-Universal-Image-Loader,0.9,0.5,com.nostra13.universalimageloader.core.ImageLoaderConfiguration$Builder,720,0,0,0,0,0,0
WarningMinor,method,Android-Universal-Image-Loader,0.9,0.5,com.nostra13.universalimageloader.core.ImageLoaderConfiguration$Builder,720,0,0,0,0,0,0
Android Rules,method,Android-Universal-Image-Loader,0.9,0.5,com.nostra13.universalimageloader.core.ImageLoaderConfiguration$Builder,720,0,0,0,0,0,0
Basic Rules,method,Android-Universal-Image-Loader,0.9,0.5,com.nostra13.universalimageloader.core.ImageLoaderConfiguration$Builder,720,0,0,0,0,0,0
Brace Rules,method,Android-Universal-Image-Loader,0.9,0.5,com.nostra13.universalimageloader.core.ImageLoaderConfiguration$Builder,720,0,0,0,0,0,0
Clone Implementation Rules,method,Android-Universal-Image-Loader,0.9,0.5,com.nostra13.universalimageloader.core.ImageLoaderConfiguration$Builder,720,0,0,0,0,0,0
Code Size Rules,method,Android-Universal-Image-Loader,0.9,0.5,com.nostra13.universalimageloader.core.ImageLoaderConfiguration$Builder,720,0,0,0,0,0,0
Comment Rules,method,Android-Universal-Image-Loader,0.9,0.5,com.nostra13.universalimageloader.core.ImageLoaderConfiguration$Builder,720,0,0,0,0,0,0
Controversial Rules,method,Android-Universal-Image-Loader,0.9,0.5,com.nostra13.universalimageloader.core.ImageLoaderConfiguration$Builder,720,0,0,0,0,0,0
Coupling Rules,method,Android-Universal-Image-Loader,0.9,0.5,com.nostra13.universalimageloader.core.ImageLoaderConfiguration$Builder,720,0,0,0,0,0,0
Design Rules,method,Android-Universal-Image-Loader,0.9,0.5,com.nostra13.universalimageloader.core.ImageLoaderConfiguration$Builder,720,0,0,0,0,0,0
Empty Code Rules,method,Android-Universal-Image-Loader,0.9,0.5,com.nostra13.universalimageloader.core.ImageLoaderConfiguration$Builder,720,0,0,0,0,0,0
Finalizer Rules,method,Android-Universal-Image-Loader,0.9,0.5,com.nostra13.universalimageloader.core.ImageLoaderConfiguration$Builder,720,0,0,0,0,0,0
Import Statement Rules,method,Android-Universal-Image-Loader,0.9,0.5,com.nostra13.universalimageloader.core.ImageLoaderConfiguration$Builder,720,0,0,0,0,0,0
J2EE Rules,method,Android-Universal-Image-Loader,0.9,0.5,com.nostra13.universalimageloader.core.ImageLoaderConfiguration$Builder,720,0,0,0,0,0,0
JUnit Rules,method,Android-Universal-Image-Loader,0.9,0.5,com.nostra13.universalimageloader.core.ImageLoaderConfiguration$Builder,720,0,0,0,0,0,0
Jakarta Commons Logging Rules,method,Android-Universal-Image-Loader,0.9,0.5,com.nostra13.universalimageloader.core.ImageLoaderConfiguration$Builder,720,0,0,0,0,0,0
Java Logging Rules,method,Android-Universal-Image-Loader,0.9,0.5,com.nostra13.universalimageloader.core.ImageLoaderConfiguration$Builder,720,0,0,0,0,0,0
JavaBean Rules,method,Android-Universal-Image-Loader,0.9,0.5,com.nostra13.universalimageloader.core.ImageLoaderConfiguration$Builder,720,0,0,0,0,0,0
MigratingToJUnit4 Rules,method,Android-Universal-Image-Loader,0.9,0.5,com.nostra13.universalimageloader.core.ImageLoaderConfiguration$Builder,720,0,0,0,0,0,0
Migration Rules,method,Android-Universal-Image-Loader,0.9,0.5,com.nostra13.universalimageloader.core.ImageLoaderConfiguration$Builder,720,0,0,0,0,0,0
Migration13 Rules,method,Android-Universal-Image-Loader,0.9,0.5,com.nostra13.universalimageloader.core.ImageLoaderConfiguration$Builder,720,0,0,0,0,0,0
Migration14 Rules,method,Android-Universal-Image-Loader,0.9,0.5,com.nostra13.universalimageloader.core.ImageLoaderConfiguration$Builder,720,0,0,0,0,0,0
Migration15 Rules,method,Android-Universal-Image-Loader,0.9,0.5,com.nostra13.universalimageloader.core.ImageLoaderConfiguration$Builder,720,0,0,0,0,0,0
Naming Rules,method,Android-Universal-Image-Loader,0.9,0.5,com.nostra13.universalimageloader.core.ImageLoaderConfiguration$Builder,720,0,0,0,0,0,0
Optimization Rules,method,Android-Universal-Image-Loader,0.9,0.5,com.nostra13.universalimageloader.core.ImageLoaderConfiguration$Builder,720,0,0,0,0,0,0
Security Code Guideline Rules,method,Android-Universal-Image-Loader,0.9,0.5,com.nostra13.universalimageloader.core.ImageLoaderConfiguration$Builder,720,0,0,0,0,0,0
Strict Exception Rules,method,Android-Universal-Image-Loader,0.9,0.5,com.nostra13.universalimageloader.core.ImageLoaderConfiguration$Builder,720,0,0,0,0,0,0
String and StringBuffer Rules,method,Android-Universal-Image-Loader,0.9,0.5,com.nostra13.universalimageloader.core.ImageLoaderConfiguration$Builder,720,0,0,0,0,0,0
Type Resolution Rules,method,Android-Universal-Image-Loader,0.9,0.5,com.nostra13.universalimageloader.core.ImageLoaderConfiguration$Builder,720,0,0,0,0,0,0
Unnecessary and Unused Code Rules,method,Android-Universal-Image-Loader,0.9,0.5,com.nostra13.universalimageloader.core.ImageLoaderConfiguration$Builder,720,0,0,0,0,0,0
Vulnerability Rules,method,Android-Universal-Image-Loader,0.9,0.5,com.nostra13.universalimageloader.core.ImageLoaderConfiguration$Builder,720,0,0,0,0,0,0
CC,method,Android-Universal-Image-Loader,0.9,0.5,com.nostra13.universalimageloader.core.DisplayImageOptions$Builder,216,0,0,0,1,1,1
CCL,method,Android-Universal-Image-Loader,0.9,0.5,com.nostra13.universalimageloader.core.DisplayImageOptions$Builder,216,0,0,0,1,1,1
CCO,method,Android-Universal-Image-Loader,0.9,0.5,com.nostra13.universalimageloader.core.DisplayImageOptions$Builder,216,0,0,0,1,1,1
CI,method,Android-Universal-Image-Loader,0.9,0.5,com.nostra13.universalimageloader.core.DisplayImageOptions$Builder,216,0,0,0,1,1,1
CLC,method,Android-Universal-Image-Loader,0.9,0.5,com.nostra13.universalimageloader.core.DisplayImageOptions$Builder,216,0,0,0,1,1,1
CLLC,method,Android-Universal-Image-Loader,0.9,0.5,com.nostra13.universalimageloader.core.DisplayImageOptions$Builder,216,0,0,0,1,1,1
LDC,method,Android-Universal-Image-Loader,0.9,0.5,com.nostra13.universalimageloader.core.DisplayImageOptions$Builder,216,0,0,0,1,1,1
LLDC,method,Android-Universal-Image-Loader,0.9,0.5,com.nostra13.universalimageloader.core.DisplayImageOptions$Builder,216,0,0,0,1,1,1
HCPL,method,Android-Universal-Image-Loader,0.9,0.5,com.nostra13.universalimageloader.core.DisplayImageOptions$Builder,216,1,1,1,1,1,1
HDIF,method,Android-Universal-Image-Loader,0.9,0.5,com.nostra13.universalimageloader.core.DisplayImageOptions$Builder,216,1,1,1,1,1,1
HEFF,method,Android-Universal-Image-Loader,0.9,0.5,com.nostra13.universalimageloader.core.DisplayImageOptions$Builder,216,1,1,1,1,1,1
HNDB,method,Android-Universal-Image-Loader,0.9,0.5,com.nostra13.universalimageloader.core.DisplayImageOptions$Builder,216,1,1,1,1,1,1
HPL,method,Android-Universal-Image-Loader,0.9,0.5,com.nostra13.universalimageloader.core.DisplayImageOptions$Builder,216,1,1,1,1,1,1
HPV,method,Android-Universal-Image-Loader,0.9,0.5,com.nostra13.universalimageloader.core.DisplayImageOptions$Builder,216,1,1,1,1,1,1
HTRP,method,Android-Universal-Image-Loader,0.9,0.5,com.nostra13.universalimageloader.core.DisplayImageOptions$Builder,216,1,1,1,1,1,1
HVOL,method,Android-Universal-Image-Loader,0.9,0.5,com.nostra13.universalimageloader.core.DisplayImageOptions$Builder,216,1,1,1,1,1,1
MI,method,Android-Universal-Image-Loader,0.9,0.5,com.nostra13.universalimageloader.core.DisplayImageOptions$Builder,216,1,1,1,1,1,1
MIMS,method,Android-Universal-Image-Loader,0.9,0.5,com.nostra13.universalimageloader.core.DisplayImageOptions$Builder,216,1,1,1,1,1,1
MISEI,method,Android-Universal-Image-Loader,0.9,0.5,com.nostra13.universalimageloader.core.DisplayImageOptions$Builder,216,1,1,1,1,1,1
MISM,method,Android-Universal-Image-Loader,0.9,0.5,com.nostra13.universalimageloader.core.DisplayImageOptions$Builder,216,1,1,1,1,1,1
McCC,method,Android-Universal-Image-Loader,0.9,0.5,com.nostra13.universalimageloader.core.DisplayImageOptions$Builder,216,0,0,0,1,1,1
NL,method,Android-Universal-Image-Loader,0.9,0.5,com.nostra13.universalimageloader.core.DisplayImageOptions$Builder,216,0,0,0,1,1,1
NLE,method,Android-Universal-Image-Loader,0.9,0.5,com.nostra13.universalimageloader.core.DisplayImageOptions$Builder,216,0,0,0,1,1,1
NII,method,Android-Universal-Image-Loader,0.9,0.5,com.nostra13.universalimageloader.core.DisplayImageOptions$Builder,216,0,0,0,1,1,1
NOI,method,Android-Universal-Image-Loader,0.9,0.5,com.nostra13.universalimageloader.core.DisplayImageOptions$Builder,216,0,0,0,1,1,1
CD,method,Android-Universal-Image-Loader,0.9,0.5,com.nostra13.universalimageloader.core.DisplayImageOptions$Builder,216,1,1,1,1,1,1
CLOC,method,Android-Universal-Image-Loader,0.9,0.5,com.nostra13.universalimageloader.core.DisplayImageOptions$Builder,216,0,0,0,1,1,1
DLOC,method,Android-Universal-Image-Loader,0.9,0.5,com.nostra13.universalimageloader.core.DisplayImageOptions$Builder,216,0,0,0,1,1,1
TCD,method,Android-Universal-Image-Loader,0.9,0.5,com.nostra13.universalimageloader.core.DisplayImageOptions$Builder,216,1,1,1,1,1,1
TCLOC,method,Android-Universal-Image-Loader,0.9,0.5,com.nostra13.universalimageloader.core.DisplayImageOptions$Builder,216,0,0,0,1,1,1
LLOC,method,Android-Universal-Image-Loader,0.9,0.5,com.nostra13.universalimageloader.core.DisplayImageOptions$Builder,216,1,1,1,1,1,1
LOC,method,Android-Universal-Image-Loader,0.9,0.5,com.nostra13.universalimageloader.core.DisplayImageOptions$Builder,216,1,1,1,1,1,1
NOS,method,Android-Universal-Image-Loader,0.9,0.5,com.nostra13.universalimageloader.core.DisplayImageOptions$Builder,216,1,1,1,1,1,1
NUMPAR,method,Android-Universal-Image-Loader,0.9,0.5,com.nostra13.universalimageloader.core.DisplayImageOptions$Builder,216,0,0,0,1,1,1
TLLOC,method,Android-Universal-Image-Loader,0.9,0.5,com.nostra13.universalimageloader.core.DisplayImageOptions$Builder,216,1,1,1,1,1,1
TLOC,method,Android-Universal-Image-Loader,0.9,0.5,com.nostra13.universalimageloader.core.DisplayImageOptions$Builder,216,1,1,1,1,1,1
TNOS,method,Android-Universal-Image-Loader,0.9,0.5,com.nostra13.universalimageloader.core.DisplayImageOptions$Builder,216,0,0,0,0,0,0
WarningBlocker,method,Android-Universal-Image-Loader,0.9,0.5,com.nostra13.universalimageloader.core.DisplayImageOptions$Builder,216,0,0,0,0,0,0
WarningCritical,method,Android-Universal-Image-Loader,0.9,0.5,com.nostra13.universalimageloader.core.DisplayImageOptions$Builder,216,0,0,0,0,0,0
WarningInfo,method,Android-Universal-Image-Loader,0.9,0.5,com.nostra13.universalimageloader.core.DisplayImageOptions$Builder,216,0,0,0,0,0,0
WarningMajor,method,Android-Universal-Image-Loader,0.9,0.5,com.nostra13.universalimageloader.core.DisplayImageOptions$Builder,216,0,0,0,0,0,0
WarningMinor,method,Android-Universal-Image-Loader,0.9,0.5,com.nostra13.universalimageloader.core.DisplayImageOptions$Builder,216,0,0,0,0,0,0
Android Rules,method,Android-Universal-Image-Loader,0.9,0.5,com.nostra13.universalimageloader.core.DisplayImageOptions$Builder,216,0,0,0,0,0,0
Basic Rules,method,Android-Universal-Image-Loader,0.9,0.5,com.nostra13.universalimageloader.core.DisplayImageOptions$Builder,216,0,0,0,0,0,0
Brace Rules,method,Android-Universal-Image-Loader,0.9,0.5,com.nostra13.universalimageloader.core.DisplayImageOptions$Builder,216,0,0,0,0,0,0
Clone Implementation Rules,method,Android-Universal-Image-Loader,0.9,0.5,com.nostra13.universalimageloader.core.DisplayImageOptions$Builder,216,0,0,0,0,0,0
Code Size Rules,method,Android-Universal-Image-Loader,0.9,0.5,com.nostra13.universalimageloader.core.DisplayImageOptions$Builder,216,0,0,0,0,0,0
Comment Rules,method,Android-Universal-Image-Loader,0.9,0.5,com.nostra13.universalimageloader.core.DisplayImageOptions$Builder,216,0,0,0,0,0,0
Controversial Rules,method,Android-Universal-Image-Loader,0.9,0.5,com.nostra13.universalimageloader.core.DisplayImageOptions$Builder,216,0,0,0,0,0,0
Coupling Rules,method,Android-Universal-Image-Loader,0.9,0.5,com.nostra13.universalimageloader.core.DisplayImageOptions$Builder,216,0,0,0,0,0,0
Design Rules,method,Android-Universal-Image-Loader,0.9,0.5,com.nostra13.universalimageloader.core.DisplayImageOptions$Builder,216,0,0,0,0,0,0
Empty Code Rules,method,Android-Universal-Image-Loader,0.9,0.5,com.nostra13.universalimageloader.core.DisplayImageOptions$Builder,216,0,0,0,0,0,0
Finalizer Rules,method,Android-Universal-Image-Loader,0.9,0.5,com.nostra13.universalimageloader.core.DisplayImageOptions$Builder,216,0,0,0,0,0,0
Import Statement Rules,method,Android-Universal-Image-Loader,0.9,0.5,com.nostra13.universalimageloader.core.DisplayImageOptions$Builder,216,0,0,0,0,0,0
J2EE Rules,method,Android-Universal-Image-Loader,0.9,0.5,com.nostra13.universalimageloader.core.DisplayImageOptions$Builder,216,0,0,0,0,0,0
JUnit Rules,method,Android-Universal-Image-Loader,0.9,0.5,com.nostra13.universalimageloader.core.DisplayImageOptions$Builder,216,0,0,0,0,0,0
Jakarta Commons Logging Rules,method,Android-Universal-Image-Loader,0.9,0.5,com.nostra13.universalimageloader.core.DisplayImageOptions$Builder,216,0,0,0,0,0,0
Java Logging Rules,method,Android-Universal-Image-Loader,0.9,0.5,com.nostra13.universalimageloader.core.DisplayImageOptions$Builder,216,0,0,0,0,0,0
JavaBean Rules,method,Android-Universal-Image-Loader,0.9,0.5,com.nostra13.universalimageloader.core.DisplayImageOptions$Builder,216,0,0,0,0,0,0
MigratingToJUnit4 Rules,method,Android-Universal-Image-Loader,0.9,0.5,com.nostra13.universalimageloader.core.DisplayImageOptions$Builder,216,0,0,0,0,0,0
Migration Rules,method,Android-Universal-Image-Loader,0.9,0.5,com.nostra13.universalimageloader.core.DisplayImageOptions$Builder,216,0,0,0,0,0,0
Migration13 Rules,method,Android-Universal-Image-Loader,0.9,0.5,com.nostra13.universalimageloader.core.DisplayImageOptions$Builder,216,0,0,0,0,0,0
Migration14 Rules,method,Android-Universal-Image-Loader,0.9,0.5,com.nostra13.universalimageloader.core.DisplayImageOptions$Builder,216,0,0,0,0,0,0
Migration15 Rules,method,Android-Universal-Image-Loader,0.9,0.5,com.nostra13.universalimageloader.core.DisplayImageOptions$Builder,216,0,0,0,0,0,0
Naming Rules,method,Android-Universal-Image-Loader,0.9,0.5,com.nostra13.universalimageloader.core.DisplayImageOptions$Builder,216,0,0,0,0,0,0
Optimization Rules,method,Android-Universal-Image-Loader,0.9,0.5,com.nostra13.universalimageloader.core.DisplayImageOptions$Builder,216,0,0,0,0,0,0
Security Code Guideline Rules,method,Android-Universal-Image-Loader,0.9,0.5,com.nostra13.universalimageloader.core.DisplayImageOptions$Builder,216,0,0,0,0,0,0
Strict Exception Rules,method,Android-Universal-Image-Loader,0.9,0.5,com.nostra13.universalimageloader.core.DisplayImageOptions$Builder,216,0,0,0,0,0,0
String and StringBuffer Rules,method,Android-Universal-Image-Loader,0.9,0.5,com.nostra13.universalimageloader.core.DisplayImageOptions$Builder,216,0,0,0,0,0,0
Type Resolution Rules,method,Android-Universal-Image-Loader,0.9,0.5,com.nostra13.universalimageloader.core.DisplayImageOptions$Builder,216,0,0,0,0,0,0
Unnecessary and Unused Code Rules,method,Android-Universal-Image-Loader,0.9,0.5,com.nostra13.universalimageloader.core.DisplayImageOptions$Builder,216,0,0,0,0,0,0
Vulnerability Rules,method,Android-Universal-Image-Loader,0.9,0.5,com.nostra13.universalimageloader.core.DisplayImageOptions$Builder,216,0,0,0,0,0,0
CC,method,Android-Universal-Image-Loader,0.9,0.5,com.nostra13.universalimageloader.core.display.FadeInBitmapDisplayer,288,0,0,0,1,1,1
CCL,method,Android-Universal-Image-Loader,0.9,0.5,com.nostra13.universalimageloader.core.display.FadeInBitmapDisplayer,288,0,0,0,1,1,1
CCO,method,Android-Universal-Image-Loader,0.9,0.5,com.nostra13.universalimageloader.core.display.FadeInBitmapDisplayer,288,0,0,0,1,1,1
CI,method,Android-Universal-Image-Loader,0.9,0.5,com.nostra13.universalimageloader.core.display.FadeInBitmapDisplayer,288,0,0,0,1,1,1
CLC,method,Android-Universal-Image-Loader,0.9,0.5,com.nostra13.universalimageloader.core.display.FadeInBitmapDisplayer,288,0,0,0,1,1,1
CLLC,method,Android-Universal-Image-Loader,0.9,0.5,com.nostra13.universalimageloader.core.display.FadeInBitmapDisplayer,288,0,0,0,1,1,1
LDC,method,Android-Universal-Image-Loader,0.9,0.5,com.nostra13.universalimageloader.core.display.FadeInBitmapDisplayer,288,0,0,0,1,1,1
LLDC,method,Android-Universal-Image-Loader,0.9,0.5,com.nostra13.universalimageloader.core.display.FadeInBitmapDisplayer,288,0,0,0,1,1,1
HCPL,method,Android-Universal-Image-Loader,0.9,0.5,com.nostra13.universalimageloader.core.display.FadeInBitmapDisplayer,288,1,1,1,1,1,1
HDIF,method,Android-Universal-Image-Loader,0.9,0.5,com.nostra13.universalimageloader.core.display.FadeInBitmapDisplayer,288,1,1,1,1,1,1
HEFF,method,Android-Universal-Image-Loader,0.9,0.5,com.nostra13.universalimageloader.core.display.FadeInBitmapDisplayer,288,1,1,1,1,1,1
HNDB,method,Android-Universal-Image-Loader,0.9,0.5,com.nostra13.universalimageloader.core.display.FadeInBitmapDisplayer,288,1,1,1,1,1,1
HPL,method,Android-Universal-Image-Loader,0.9,0.5,com.nostra13.universalimageloader.core.display.FadeInBitmapDisplayer,288,1,1,1,1,1,1
HPV,method,Android-Universal-Image-Loader,0.9,0.5,com.nostra13.universalimageloader.core.display.FadeInBitmapDisplayer,288,1,1,1,1,1,1
HTRP,method,Android-Universal-Image-Loader,0.9,0.5,com.nostra13.universalimageloader.core.display.FadeInBitmapDisplayer,288,1,1,1,1,1,1
HVOL,method,Android-Universal-Image-Loader,0.9,0.5,com.nostra13.universalimageloader.core.display.FadeInBitmapDisplayer,288,1,1,1,1,1,1
MI,method,Android-Universal-Image-Loader,0.9,0.5,com.nostra13.universalimageloader.core.display.FadeInBitmapDisplayer,288,1,1,1,1,1,1
MIMS,method,Android-Universal-Image-Loader,0.9,0.5,com.nostra13.universalimageloader.core.display.FadeInBitmapDisplayer,288,1,1,1,1,1,1
MISEI,method,Android-Universal-Image-Loader,0.9,0.5,com.nostra13.universalimageloader.core.display.FadeInBitmapDisplayer,288,1,1,1,1,1,1
MISM,method,Android-Universal-Image-Loader,0.9,0.5,com.nostra13.universalimageloader.core.display.FadeInBitmapDisplayer,288,1,1,1,1,1,1
McCC,method,Android-Universal-Image-Loader,0.9,0.5,com.nostra13.universalimageloader.core.display.FadeInBitmapDisplayer,288,1,1,1,1,1,1
NL,method,Android-Universal-Image-Loader,0.9,0.5,com.nostra13.universalimageloader.core.display.FadeInBitmapDisplayer,288,1,1,1,1,1,1
NLE,method,Android-Universal-Image-Loader,0.9,0.5,com.nostra13.universalimageloader.core.display.FadeInBitmapDisplayer,288,1,1,1,1,1,1
NII,method,Android-Universal-Image-Loader,0.9,0.5,com.nostra13.universalimageloader.core.display.FadeInBitmapDisplayer,288,1,1,1,1,1,1
NOI,method,Android-Universal-Image-Loader,0.9,0.5,com.nostra13.universalimageloader.core.display.FadeInBitmapDisplayer,288,1,1,1,1,1,1
CD,method,Android-Universal-Image-Loader,0.9,0.5,com.nostra13.universalimageloader.core.display.FadeInBitmapDisplayer,288,1,1,1,1,1,1
CLOC,method,Android-Universal-Image-Loader,0.9,0.5,com.nostra13.universalimageloader.core.display.FadeInBitmapDisplayer,288,1,1,1,1,1,1
DLOC,method,Android-Universal-Image-Loader,0.9,0.5,com.nostra13.universalimageloader.core.display.FadeInBitmapDisplayer,288,1,1,1,1,1,1
TCD,method,Android-Universal-Image-Loader,0.9,0.5,com.nostra13.universalimageloader.core.display.FadeInBitmapDisplayer,288,1,1,1,1,1,1
TCLOC,method,Android-Universal-Image-Loader,0.9,0.5,com.nostra13.universalimageloader.core.display.FadeInBitmapDisplayer,288,1,1,1,1,1,1
LLOC,method,Android-Universal-Image-Loader,0.9,0.5,com.nostra13.universalimageloader.core.display.FadeInBitmapDisplayer,288,1,1,1,1,1,1
LOC,method,Android-Universal-Image-Loader,0.9,0.5,com.nostra13.universalimageloader.core.display.FadeInBitmapDisplayer,288,1,1,1,1,1,1
NOS,method,Android-Universal-Image-Loader,0.9,0.5,com.nostra13.universalimageloader.core.display.FadeInBitmapDisplayer,288,0,0,0,1,1,1
NUMPAR,method,Android-Universal-Image-Loader,0.9,0.5,com.nostra13.universalimageloader.core.display.FadeInBitmapDisplayer,288,1,1,1,1,1,1
TLLOC,method,Android-Universal-Image-Loader,0.9,0.5,com.nostra13.universalimageloader.core.display.FadeInBitmapDisplayer,288,1,1,1,1,1,1
TLOC,method,Android-Universal-Image-Loader,0.9,0.5,com.nostra13.universalimageloader.core.display.FadeInBitmapDisplayer,288,1,1,1,1,1,1
TNOS,method,Android-Universal-Image-Loader,0.9,0.5,com.nostra13.universalimageloader.core.display.FadeInBitmapDisplayer,288,0,0,0,0,0,0
WarningBlocker,method,Android-Universal-Image-Loader,0.9,0.5,com.nostra13.universalimageloader.core.display.FadeInBitmapDisplayer,288,0,0,0,0,0,0
WarningCritical,method,Android-Universal-Image-Loader,0.9,0.5,com.nostra13.universalimageloader.core.display.FadeInBitmapDisplayer,288,0,0,0,0,0,0
WarningInfo,method,Android-Universal-Image-Loader,0.9,0.5,com.nostra13.universalimageloader.core.display.FadeInBitmapDisplayer,288,0,0,0,0,0,0
WarningMajor,method,Android-Universal-Image-Loader,0.9,0.5,com.nostra13.universalimageloader.core.display.FadeInBitmapDisplayer,288,0,0,0,0,0,0
WarningMinor,method,Android-Universal-Image-Loader,0.9,0.5,com.nostra13.universalimageloader.core.display.FadeInBitmapDisplayer,288,0,0,0,0,0,0
Android Rules,method,Android-Universal-Image-Loader,0.9,0.5,com.nostra13.universalimageloader.core.display.FadeInBitmapDisplayer,288,0,0,0,0,0,0
Basic Rules,method,Android-Universal-Image-Loader,0.9,0.5,com.nostra13.universalimageloader.core.display.FadeInBitmapDisplayer,288,0,0,0,0,0,0
Brace Rules,method,Android-Universal-Image-Loader,0.9,0.5,com.nostra13.universalimageloader.core.display.FadeInBitmapDisplayer,288,0,0,0,0,0,0
Clone Implementation Rules,method,Android-Universal-Image-Loader,0.9,0.5,com.nostra13.universalimageloader.core.display.FadeInBitmapDisplayer,288,0,0,0,0,0,0
Code Size Rules,method,Android-Universal-Image-Loader,0.9,0.5,com.nostra13.universalimageloader.core.display.FadeInBitmapDisplayer,288,0,0,0,0,0,0
Comment Rules,method,Android-Universal-Image-Loader,0.9,0.5,com.nostra13.universalimageloader.core.display.FadeInBitmapDisplayer,288,0,0,0,0,0,0
Controversial Rules,method,Android-Universal-Image-Loader,0.9,0.5,com.nostra13.universalimageloader.core.display.FadeInBitmapDisplayer,288,0,0,0,0,0,0
Coupling Rules,method,Android-Universal-Image-Loader,0.9,0.5,com.nostra13.universalimageloader.core.display.FadeInBitmapDisplayer,288,0,0,0,0,0,0
Design Rules,method,Android-Universal-Image-Loader,0.9,0.5,com.nostra13.universalimageloader.core.display.FadeInBitmapDisplayer,288,0,0,0,0,0,0
Empty Code Rules,method,Android-Universal-Image-Loader,0.9,0.5,com.nostra13.universalimageloader.core.display.FadeInBitmapDisplayer,288,0,0,0,0,0,0
Finalizer Rules,method,Android-Universal-Image-Loader,0.9,0.5,com.nostra13.universalimageloader.core.display.FadeInBitmapDisplayer,288,0,0,0,0,0,0
Import Statement Rules,method,Android-Universal-Image-Loader,0.9,0.5,com.nostra13.universalimageloader.core.display.FadeInBitmapDisplayer,288,0,0,0,0,0,0
J2EE Rules,method,Android-Universal-Image-Loader,0.9,0.5,com.nostra13.universalimageloader.core.display.FadeInBitmapDisplayer,288,0,0,0,0,0,0
JUnit Rules,method,Android-Universal-Image-Loader,0.9,0.5,com.nostra13.universalimageloader.core.display.FadeInBitmapDisplayer,288,0,0,0,0,0,0
Jakarta Commons Logging Rules,method,Android-Universal-Image-Loader,0.9,0.5,com.nostra13.universalimageloader.core.display.FadeInBitmapDisplayer,288,0,0,0,0,0,0
Java Logging Rules,method,Android-Universal-Image-Loader,0.9,0.5,com.nostra13.universalimageloader.core.display.FadeInBitmapDisplayer,288,0,0,0,0,0,0
JavaBean Rules,method,Android-Universal-Image-Loader,0.9,0.5,com.nostra13.universalimageloader.core.display.FadeInBitmapDisplayer,288,0,0,0,0,0,0
MigratingToJUnit4 Rules,method,Android-Universal-Image-Loader,0.9,0.5,com.nostra13.universalimageloader.core.display.FadeInBitmapDisplayer,288,0,0,0,0,0,0
Migration Rules,method,Android-Universal-Image-Loader,0.9,0.5,com.nostra13.universalimageloader.core.display.FadeInBitmapDisplayer,288,0,0,0,0,0,0
Migration13 Rules,method,Android-Universal-Image-Loader,0.9,0.5,com.nostra13.universalimageloader.core.display.FadeInBitmapDisplayer,288,0,0,0,0,0,0
Migration14 Rules,method,Android-Universal-Image-Loader,0.9,0.5,com.nostra13.universalimageloader.core.display.FadeInBitmapDisplayer,288,0,0,0,0,0,0
Migration15 Rules,method,Android-Universal-Image-Loader,0.9,0.5,com.nostra13.universalimageloader.core.display.FadeInBitmapDisplayer,288,0,0,0,0,0,0
Naming Rules,method,Android-Universal-Image-Loader,0.9,0.5,com.nostra13.universalimageloader.core.display.FadeInBitmapDisplayer,288,0,0,0,0,0,0
Optimization Rules,method,Android-Universal-Image-Loader,0.9,0.5,com.nostra13.universalimageloader.core.display.FadeInBitmapDisplayer,288,0,0,0,0,0,0
Security Code Guideline Rules,method,Android-Universal-Image-Loader,0.9,0.5,com.nostra13.universalimageloader.core.display.FadeInBitmapDisplayer,288,0,0,0,0,0,0
Strict Exception Rules,method,Android-Universal-Image-Loader,0.9,0.5,com.nostra13.universalimageloader.core.display.FadeInBitmapDisplayer,288,0,0,0,0,0,0
String and StringBuffer Rules,method,Android-Universal-Image-Loader,0.9,0.5,com.nostra13.universalimageloader.core.display.FadeInBitmapDisplayer,288,0,0,0,0,0,0
Type Resolution Rules,method,Android-Universal-Image-Loader,0.9,0.5,com.nostra13.universalimageloader.core.display.FadeInBitmapDisplayer,288,0,0,0,0,0,0
Unnecessary and Unused Code Rules,method,Android-Universal-Image-Loader,0.9,0.5,com.nostra13.universalimageloader.core.display.FadeInBitmapDisplayer,288,0,0,0,0,0,0
Vulnerability Rules,method,Android-Universal-Image-Loader,0.9,0.5,com.nostra13.universalimageloader.core.display.FadeInBitmapDisplayer,288,0,0,0,0,0,0
CC,method,Android-Universal-Image-Loader,0.9,0.5,com.nostra13.universalimageloader.core.LoadAndDisplayImageTask,5400,0,0,0,1,1,0
CCL,method,Android-Universal-Image-Loader,0.9,0.5,com.nostra13.universalimageloader.core.LoadAndDisplayImageTask,5400,0,0,0,1,1,0
CCO,method,Android-Universal-Image-Loader,0.9,0.5,com.nostra13.universalimageloader.core.LoadAndDisplayImageTask,5400,0,0,0,1,1,0
CI,method,Android-Universal-Image-Loader,0.9,0.5,com.nostra13.universalimageloader.core.LoadAndDisplayImageTask,5400,0,0,0,1,1,0
CLC,method,Android-Universal-Image-Loader,0.9,0.5,com.nostra13.universalimageloader.core.LoadAndDisplayImageTask,5400,0,0,0,1,1,0
CLLC,method,Android-Universal-Image-Loader,0.9,0.5,com.nostra13.universalimageloader.core.LoadAndDisplayImageTask,5400,0,0,0,1,1,0
LDC,method,Android-Universal-Image-Loader,0.9,0.5,com.nostra13.universalimageloader.core.LoadAndDisplayImageTask,5400,0,0,0,1,1,0
LLDC,method,Android-Universal-Image-Loader,0.9,0.5,com.nostra13.universalimageloader.core.LoadAndDisplayImageTask,5400,0,0,0,1,1,0
HCPL,method,Android-Universal-Image-Loader,0.9,0.5,com.nostra13.universalimageloader.core.LoadAndDisplayImageTask,5400,1,1,1,1,1,1
HDIF,method,Android-Universal-Image-Loader,0.9,0.5,com.nostra13.universalimageloader.core.LoadAndDisplayImageTask,5400,1,1,1,1,1,1
HEFF,method,Android-Universal-Image-Loader,0.9,0.5,com.nostra13.universalimageloader.core.LoadAndDisplayImageTask,5400,1,1,1,1,1,1
HNDB,method,Android-Universal-Image-Loader,0.9,0.5,com.nostra13.universalimageloader.core.LoadAndDisplayImageTask,5400,1,1,1,1,1,1
HPL,method,Android-Universal-Image-Loader,0.9,0.5,com.nostra13.universalimageloader.core.LoadAndDisplayImageTask,5400,1,1,1,1,1,1
HPV,method,Android-Universal-Image-Loader,0.9,0.5,com.nostra13.universalimageloader.core.LoadAndDisplayImageTask,5400,1,1,1,1,1,1
HTRP,method,Android-Universal-Image-Loader,0.9,0.5,com.nostra13.universalimageloader.core.LoadAndDisplayImageTask,5400,1,1,1,1,1,1
HVOL,method,Android-Universal-Image-Loader,0.9,0.5,com.nostra13.universalimageloader.core.LoadAndDisplayImageTask,5400,1,1,1,1,1,1
MI,method,Android-Universal-Image-Loader,0.9,0.5,com.nostra13.universalimageloader.core.LoadAndDisplayImageTask,5400,1,1,1,1,1,1
MIMS,method,Android-Universal-Image-Loader,0.9,0.5,com.nostra13.universalimageloader.core.LoadAndDisplayImageTask,5400,1,1,1,1,1,1
MISEI,method,Android-Universal-Image-Loader,0.9,0.5,com.nostra13.universalimageloader.core.LoadAndDisplayImageTask,5400,1,1,1,1,1,1
MISM,method,Android-Universal-Image-Loader,0.9,0.5,com.nostra13.universalimageloader.core.LoadAndDisplayImageTask,5400,1,1,1,1,1,1
McCC,method,Android-Universal-Image-Loader,0.9,0.5,com.nostra13.universalimageloader.core.LoadAndDisplayImageTask,5400,0,0,0,1,1,1
NL,method,Android-Universal-Image-Loader,0.9,0.5,com.nostra13.universalimageloader.core.LoadAndDisplayImageTask,5400,1,1,1,1,1,1
NLE,method,Android-Universal-Image-Loader,0.9,0.5,com.nostra13.universalimageloader.core.LoadAndDisplayImageTask,5400,1,1,1,1,1,1
NII,method,Android-Universal-Image-Loader,0.9,0.5,com.nostra13.universalimageloader.core.LoadAndDisplayImageTask,5400,0,0,0,1,1,1
NOI,method,Android-Universal-Image-Loader,0.9,0.5,com.nostra13.universalimageloader.core.LoadAndDisplayImageTask,5400,0,0,0,1,1,1
CD,method,Android-Universal-Image-Loader,0.9,0.5,com.nostra13.universalimageloader.core.LoadAndDisplayImageTask,5400,1,1,1,1,1,1
CLOC,method,Android-Universal-Image-Loader,0.9,0.5,com.nostra13.universalimageloader.core.LoadAndDisplayImageTask,5400,1,1,1,1,1,1
DLOC,method,Android-Universal-Image-Loader,0.9,0.5,com.nostra13.universalimageloader.core.LoadAndDisplayImageTask,5400,0,0,0,1,1,1
TCD,method,Android-Universal-Image-Loader,0.9,0.5,com.nostra13.universalimageloader.core.LoadAndDisplayImageTask,5400,1,1,1,1,1,1
TCLOC,method,Android-Universal-Image-Loader,0.9,0.5,com.nostra13.universalimageloader.core.LoadAndDisplayImageTask,5400,1,1,1,1,1,1
LLOC,method,Android-Universal-Image-Loader,0.9,0.5,com.nostra13.universalimageloader.core.LoadAndDisplayImageTask,5400,1,1,1,1,1,1
LOC,method,Android-Universal-Image-Loader,0.9,0.5,com.nostra13.universalimageloader.core.LoadAndDisplayImageTask,5400,1,1,1,1,1,1
NOS,method,Android-Universal-Image-Loader,0.9,0.5,com.nostra13.universalimageloader.core.LoadAndDisplayImageTask,5400,0,0,1,1,1,1
NUMPAR,method,Android-Universal-Image-Loader,0.9,0.5,com.nostra13.universalimageloader.core.LoadAndDisplayImageTask,5400,0,0,0,1,1,1
TLLOC,method,Android-Universal-Image-Loader,0.9,0.5,com.nostra13.universalimageloader.core.LoadAndDisplayImageTask,5400,1,1,1,1,1,1
TLOC,method,Android-Universal-Image-Loader,0.9,0.5,com.nostra13.universalimageloader.core.LoadAndDisplayImageTask,5400,1,1,1,1,1,1
TNOS,method,Android-Universal-Image-Loader,0.9,0.5,com.nostra13.universalimageloader.core.LoadAndDisplayImageTask,5400,0,0,1,0,0,1
WarningBlocker,method,Android-Universal-Image-Loader,0.9,0.5,com.nostra13.universalimageloader.core.LoadAndDisplayImageTask,5400,0,0,0,0,0,0
WarningCritical,method,Android-Universal-Image-Loader,0.9,0.5,com.nostra13.universalimageloader.core.LoadAndDisplayImageTask,5400,0,0,0,0,0,1
WarningInfo,method,Android-Universal-Image-Loader,0.9,0.5,com.nostra13.universalimageloader.core.LoadAndDisplayImageTask,5400,0,0,0,0,0,0
WarningMajor,method,Android-Universal-Image-Loader,0.9,0.5,com.nostra13.universalimageloader.core.LoadAndDisplayImageTask,5400,0,0,0,0,0,0
WarningMinor,method,Android-Universal-Image-Loader,0.9,0.5,com.nostra13.universalimageloader.core.LoadAndDisplayImageTask,5400,0,0,0,0,0,1
Android Rules,method,Android-Universal-Image-Loader,0.9,0.5,com.nostra13.universalimageloader.core.LoadAndDisplayImageTask,5400,0,0,0,0,0,0
Basic Rules,method,Android-Universal-Image-Loader,0.9,0.5,com.nostra13.universalimageloader.core.LoadAndDisplayImageTask,5400,0,0,0,0,0,1
Brace Rules,method,Android-Universal-Image-Loader,0.9,0.5,com.nostra13.universalimageloader.core.LoadAndDisplayImageTask,5400,0,0,0,0,0,1
Clone Implementation Rules,method,Android-Universal-Image-Loader,0.9,0.5,com.nostra13.universalimageloader.core.LoadAndDisplayImageTask,5400,0,0,0,0,0,0
Code Size Rules,method,Android-Universal-Image-Loader,0.9,0.5,com.nostra13.universalimageloader.core.LoadAndDisplayImageTask,5400,0,0,0,0,0,0
Comment Rules,method,Android-Universal-Image-Loader,0.9,0.5,com.nostra13.universalimageloader.core.LoadAndDisplayImageTask,5400,0,0,0,0,0,0
Controversial Rules,method,Android-Universal-Image-Loader,0.9,0.5,com.nostra13.universalimageloader.core.LoadAndDisplayImageTask,5400,0,0,0,0,0,1
Coupling Rules,method,Android-Universal-Image-Loader,0.9,0.5,com.nostra13.universalimageloader.core.LoadAndDisplayImageTask,5400,0,0,0,0,0,0
Design Rules,method,Android-Universal-Image-Loader,0.9,0.5,com.nostra13.universalimageloader.core.LoadAndDisplayImageTask,5400,0,0,0,0,0,1
Empty Code Rules,method,Android-Universal-Image-Loader,0.9,0.5,com.nostra13.universalimageloader.core.LoadAndDisplayImageTask,5400,0,0,0,0,0,0
Finalizer Rules,method,Android-Universal-Image-Loader,0.9,0.5,com.nostra13.universalimageloader.core.LoadAndDisplayImageTask,5400,0,0,0,0,0,0
Import Statement Rules,method,Android-Universal-Image-Loader,0.9,0.5,com.nostra13.universalimageloader.core.LoadAndDisplayImageTask,5400,0,0,0,0,0,0
J2EE Rules,method,Android-Universal-Image-Loader,0.9,0.5,com.nostra13.universalimageloader.core.LoadAndDisplayImageTask,5400,0,0,0,0,0,0
JUnit Rules,method,Android-Universal-Image-Loader,0.9,0.5,com.nostra13.universalimageloader.core.LoadAndDisplayImageTask,5400,0,0,0,0,0,0
Jakarta Commons Logging Rules,method,Android-Universal-Image-Loader,0.9,0.5,com.nostra13.universalimageloader.core.LoadAndDisplayImageTask,5400,0,0,0,0,0,0
Java Logging Rules,method,Android-Universal-Image-Loader,0.9,0.5,com.nostra13.universalimageloader.core.LoadAndDisplayImageTask,5400,0,0,0,0,0,0
JavaBean Rules,method,Android-Universal-Image-Loader,0.9,0.5,com.nostra13.universalimageloader.core.LoadAndDisplayImageTask,5400,0,0,0,0,0,0
MigratingToJUnit4 Rules,method,Android-Universal-Image-Loader,0.9,0.5,com.nostra13.universalimageloader.core.LoadAndDisplayImageTask,5400,0,0,0,0,0,0
Migration Rules,method,Android-Universal-Image-Loader,0.9,0.5,com.nostra13.universalimageloader.core.LoadAndDisplayImageTask,5400,0,0,0,0,0,0
Migration13 Rules,method,Android-Universal-Image-Loader,0.9,0.5,com.nostra13.universalimageloader.core.LoadAndDisplayImageTask,5400,0,0,0,0,0,0
Migration14 Rules,method,Android-Universal-Image-Loader,0.9,0.5,com.nostra13.universalimageloader.core.LoadAndDisplayImageTask,5400,0,0,0,0,0,0
Migration15 Rules,method,Android-Universal-Image-Loader,0.9,0.5,com.nostra13.universalimageloader.core.LoadAndDisplayImageTask,5400,0,0,0,0,0,0
Naming Rules,method,Android-Universal-Image-Loader,0.9,0.5,com.nostra13.universalimageloader.core.LoadAndDisplayImageTask,5400,0,0,0,0,0,0
Optimization Rules,method,Android-Universal-Image-Loader,0.9,0.5,com.nostra13.universalimageloader.core.LoadAndDisplayImageTask,5400,0,0,0,0,0,0
Security Code Guideline Rules,method,Android-Universal-Image-Loader,0.9,0.5,com.nostra13.universalimageloader.core.LoadAndDisplayImageTask,5400,0,0,0,0,0,1
Strict Exception Rules,method,Android-Universal-Image-Loader,0.9,0.5,com.nostra13.universalimageloader.core.LoadAndDisplayImageTask,5400,0,0,0,0,0,0
String and StringBuffer Rules,method,Android-Universal-Image-Loader,0.9,0.5,com.nostra13.universalimageloader.core.LoadAndDisplayImageTask,5400,0,0,0,0,0,0
Type Resolution Rules,method,Android-Universal-Image-Loader,0.9,0.5,com.nostra13.universalimageloader.core.LoadAndDisplayImageTask,5400,0,0,0,0,0,0
Unnecessary and Unused Code Rules,method,Android-Universal-Image-Loader,0.9,0.5,com.nostra13.universalimageloader.core.LoadAndDisplayImageTask,5400,0,0,0,0,0,0
Vulnerability Rules,method,Android-Universal-Image-Loader,0.9,0.5,com.nostra13.universalimageloader.core.LoadAndDisplayImageTask,5400,0,0,0,0,0,0
CC,method,Android-Universal-Image-Loader,0.9,0.5,com.nostra13.example.universalimageloader.ImageGridActivity,144,1,1,1,1,1,1
CCL,method,Android-Universal-Image-Loader,0.9,0.5,com.nostra13.example.universalimageloader.ImageGridActivity,144,0,0,0,1,1,1
CCO,method,Android-Universal-Image-Loader,0.9,0.5,com.nostra13.example.universalimageloader.ImageGridActivity,144,0,0,0,1,1,1
CI,method,Android-Universal-Image-Loader,0.9,0.5,com.nostra13.example.universalimageloader.ImageGridActivity,144,0,0,0,1,1,1
CLC,method,Android-Universal-Image-Loader,0.9,0.5,com.nostra13.example.universalimageloader.ImageGridActivity,144,0,0,0,1,1,1
CLLC,method,Android-Universal-Image-Loader,0.9,0.5,com.nostra13.example.universalimageloader.ImageGridActivity,144,0,0,0,1,1,1
LDC,method,Android-Universal-Image-Loader,0.9,0.5,com.nostra13.example.universalimageloader.ImageGridActivity,144,0,0,0,1,1,1
LLDC,method,Android-Universal-Image-Loader,0.9,0.5,com.nostra13.example.universalimageloader.ImageGridActivity,144,0,0,0,1,1,1
HCPL,method,Android-Universal-Image-Loader,0.9,0.5,com.nostra13.example.universalimageloader.ImageGridActivity,144,1,1,1,1,1,1
HDIF,method,Android-Universal-Image-Loader,0.9,0.5,com.nostra13.example.universalimageloader.ImageGridActivity,144,1,1,1,1,1,1
HEFF,method,Android-Universal-Image-Loader,0.9,0.5,com.nostra13.example.universalimageloader.ImageGridActivity,144,1,1,1,1,1,1
HNDB,method,Android-Universal-Image-Loader,0.9,0.5,com.nostra13.example.universalimageloader.ImageGridActivity,144,1,1,1,1,1,1
HPL,method,Android-Universal-Image-Loader,0.9,0.5,com.nostra13.example.universalimageloader.ImageGridActivity,144,1,1,1,1,1,1
HPV,method,Android-Universal-Image-Loader,0.9,0.5,com.nostra13.example.universalimageloader.ImageGridActivity,144,1,1,1,1,1,1
HTRP,method,Android-Universal-Image-Loader,0.9,0.5,com.nostra13.example.universalimageloader.ImageGridActivity,144,1,1,1,1,1,1
HVOL,method,Android-Universal-Image-Loader,0.9,0.5,com.nostra13.example.universalimageloader.ImageGridActivity,144,1,1,1,1,1,1
MI,method,Android-Universal-Image-Loader,0.9,0.5,com.nostra13.example.universalimageloader.ImageGridActivity,144,1,1,1,1,1,1
MIMS,method,Android-Universal-Image-Loader,0.9,0.5,com.nostra13.example.universalimageloader.ImageGridActivity,144,1,1,1,1,1,1
MISEI,method,Android-Universal-Image-Loader,0.9,0.5,com.nostra13.example.universalimageloader.ImageGridActivity,144,1,1,1,1,1,1
MISM,method,Android-Universal-Image-Loader,0.9,0.5,com.nostra13.example.universalimageloader.ImageGridActivity,144,1,1,1,1,1,1
McCC,method,Android-Universal-Image-Loader,0.9,0.5,com.nostra13.example.universalimageloader.ImageGridActivity,144,0,0,0,1,1,1
NL,method,Android-Universal-Image-Loader,0.9,0.5,com.nostra13.example.universalimageloader.ImageGridActivity,144,0,0,0,1,1,1
NLE,method,Android-Universal-Image-Loader,0.9,0.5,com.nostra13.example.universalimageloader.ImageGridActivity,144,0,0,0,1,1,1
NII,method,Android-Universal-Image-Loader,0.9,0.5,com.nostra13.example.universalimageloader.ImageGridActivity,144,0,0,0,1,1,1
NOI,method,Android-Universal-Image-Loader,0.9,0.5,com.nostra13.example.universalimageloader.ImageGridActivity,144,0,0,0,1,1,1
CD,method,Android-Universal-Image-Loader,0.9,0.5,com.nostra13.example.universalimageloader.ImageGridActivity,144,0,0,0,1,1,1
CLOC,method,Android-Universal-Image-Loader,0.9,0.5,com.nostra13.example.universalimageloader.ImageGridActivity,144,0,0,0,1,1,1
DLOC,method,Android-Universal-Image-Loader,0.9,0.5,com.nostra13.example.universalimageloader.ImageGridActivity,144,0,0,0,1,1,1
TCD,method,Android-Universal-Image-Loader,0.9,0.5,com.nostra13.example.universalimageloader.ImageGridActivity,144,0,0,0,1,1,1
TCLOC,method,Android-Universal-Image-Loader,0.9,0.5,com.nostra13.example.universalimageloader.ImageGridActivity,144,0,0,0,1,1,1
LLOC,method,Android-Universal-Image-Loader,0.9,0.5,com.nostra13.example.universalimageloader.ImageGridActivity,144,0,0,0,1,1,1
LOC,method,Android-Universal-Image-Loader,0.9,0.5,com.nostra13.example.universalimageloader.ImageGridActivity,144,0,0,0,1,1,1
NOS,method,Android-Universal-Image-Loader,0.9,0.5,com.nostra13.example.universalimageloader.ImageGridActivity,144,0,0,0,1,1,1
NUMPAR,method,Android-Universal-Image-Loader,0.9,0.5,com.nostra13.example.universalimageloader.ImageGridActivity,144,0,0,0,1,1,1
TLLOC,method,Android-Universal-Image-Loader,0.9,0.5,com.nostra13.example.universalimageloader.ImageGridActivity,144,0,0,0,1,1,1
TLOC,method,Android-Universal-Image-Loader,0.9,0.5,com.nostra13.example.universalimageloader.ImageGridActivity,144,0,0,0,1,1,1
TNOS,method,Android-Universal-Image-Loader,0.9,0.5,com.nostra13.example.universalimageloader.ImageGridActivity,144,0,0,0,0,0,0
WarningBlocker,method,Android-Universal-Image-Loader,0.9,0.5,com.nostra13.example.universalimageloader.ImageGridActivity,144,0,0,0,0,0,0
WarningCritical,method,Android-Universal-Image-Loader,0.9,0.5,com.nostra13.example.universalimageloader.ImageGridActivity,144,0,0,0,0,0,0
WarningInfo,method,Android-Universal-Image-Loader,0.9,0.5,com.nostra13.example.universalimageloader.ImageGridActivity,144,0,0,0,0,0,0
WarningMajor,method,Android-Universal-Image-Loader,0.9,0.5,com.nostra13.example.universalimageloader.ImageGridActivity,144,0,0,0,0,0,0
WarningMinor,method,Android-Universal-Image-Loader,0.9,0.5,com.nostra13.example.universalimageloader.ImageGridActivity,144,0,0,0,0,0,0
Android Rules,method,Android-Universal-Image-Loader,0.9,0.5,com.nostra13.example.universalimageloader.ImageGridActivity,144,0,0,0,0,0,0
Basic Rules,method,Android-Universal-Image-Loader,0.9,0.5,com.nostra13.example.universalimageloader.ImageGridActivity,144,0,0,0,0,0,0
Brace Rules,method,Android-Universal-Image-Loader,0.9,0.5,com.nostra13.example.universalimageloader.ImageGridActivity,144,0,0,0,0,0,0
Clone Implementation Rules,method,Android-Universal-Image-Loader,0.9,0.5,com.nostra13.example.universalimageloader.ImageGridActivity,144,0,0,0,0,0,0
Code Size Rules,method,Android-Universal-Image-Loader,0.9,0.5,com.nostra13.example.universalimageloader.ImageGridActivity,144,0,0,0,0,0,0
Comment Rules,method,Android-Universal-Image-Loader,0.9,0.5,com.nostra13.example.universalimageloader.ImageGridActivity,144,0,0,0,0,0,0
Controversial Rules,method,Android-Universal-Image-Loader,0.9,0.5,com.nostra13.example.universalimageloader.ImageGridActivity,144,0,0,0,0,0,0
Coupling Rules,method,Android-Universal-Image-Loader,0.9,0.5,com.nostra13.example.universalimageloader.ImageGridActivity,144,0,0,0,0,0,0
Design Rules,method,Android-Universal-Image-Loader,0.9,0.5,com.nostra13.example.universalimageloader.ImageGridActivity,144,0,0,0,0,0,0
Empty Code Rules,method,Android-Universal-Image-Loader,0.9,0.5,com.nostra13.example.universalimageloader.ImageGridActivity,144,0,0,0,0,0,0
Finalizer Rules,method,Android-Universal-Image-Loader,0.9,0.5,com.nostra13.example.universalimageloader.ImageGridActivity,144,0,0,0,0,0,0
Import Statement Rules,method,Android-Universal-Image-Loader,0.9,0.5,com.nostra13.example.universalimageloader.ImageGridActivity,144,0,0,0,0,0,0
J2EE Rules,method,Android-Universal-Image-Loader,0.9,0.5,com.nostra13.example.universalimageloader.ImageGridActivity,144,0,0,0,0,0,0
JUnit Rules,method,Android-Universal-Image-Loader,0.9,0.5,com.nostra13.example.universalimageloader.ImageGridActivity,144,0,0,0,0,0,0
Jakarta Commons Logging Rules,method,Android-Universal-Image-Loader,0.9,0.5,com.nostra13.example.universalimageloader.ImageGridActivity,144,0,0,0,0,0,0
Java Logging Rules,method,Android-Universal-Image-Loader,0.9,0.5,com.nostra13.example.universalimageloader.ImageGridActivity,144,0,0,0,0,0,0
JavaBean Rules,method,Android-Universal-Image-Loader,0.9,0.5,com.nostra13.example.universalimageloader.ImageGridActivity,144,0,0,0,0,0,0
MigratingToJUnit4 Rules,method,Android-Universal-Image-Loader,0.9,0.5,com.nostra13.example.universalimageloader.ImageGridActivity,144,0,0,0,0,0,0
Migration Rules,method,Android-Universal-Image-Loader,0.9,0.5,com.nostra13.example.universalimageloader.ImageGridActivity,144,0,0,0,0,0,0
Migration13 Rules,method,Android-Universal-Image-Loader,0.9,0.5,com.nostra13.example.universalimageloader.ImageGridActivity,144,0,0,0,0,0,0
Migration14 Rules,method,Android-Universal-Image-Loader,0.9,0.5,com.nostra13.example.universalimageloader.ImageGridActivity,144,0,0,0,0,0,0
Migration15 Rules,method,Android-Universal-Image-Loader,0.9,0.5,com.nostra13.example.universalimageloader.ImageGridActivity,144,0,0,0,0,0,0
Naming Rules,method,Android-Universal-Image-Loader,0.9,0.5,com.nostra13.example.universalimageloader.ImageGridActivity,144,0,0,0,0,0,0
Optimization Rules,method,Android-Universal-Image-Loader,0.9,0.5,com.nostra13.example.universalimageloader.ImageGridActivity,144,0,0,0,0,0,0
Security Code Guideline Rules,method,Android-Universal-Image-Loader,0.9,0.5,com.nostra13.example.universalimageloader.ImageGridActivity,144,0,0,0,0,0,0
Strict Exception Rules,method,Android-Universal-Image-Loader,0.9,0.5,com.nostra13.example.universalimageloader.ImageGridActivity,144,0,0,0,0,0,0
String and StringBuffer Rules,method,Android-Universal-Image-Loader,0.9,0.5,com.nostra13.example.universalimageloader.ImageGridActivity,144,0,0,0,0,0,0
Type Resolution Rules,method,Android-Universal-Image-Loader,0.9,0.5,com.nostra13.example.universalimageloader.ImageGridActivity,144,0,0,0,0,0,0
Unnecessary and Unused Code Rules,method,Android-Universal-Image-Loader,0.9,0.5,com.nostra13.example.universalimageloader.ImageGridActivity,144,0,0,0,0,0,0
Vulnerability Rules,method,Android-Universal-Image-Loader,0.9,0.5,com.nostra13.example.universalimageloader.ImageGridActivity,144,0,0,0,0,0,0
CC,method,Android-Universal-Image-Loader,0.9,0.5,com.nostra13.universalimageloader.core.assist.ImageSizeTest,288,0,0,0,1,1,1
CCL,method,Android-Universal-Image-Loader,0.9,0.5,com.nostra13.universalimageloader.core.assist.ImageSizeTest,288,1,1,1,1,1,1
CCO,method,Android-Universal-Image-Loader,0.9,0.5,com.nostra13.universalimageloader.core.assist.ImageSizeTest,288,1,1,1,1,1,1
CI,method,Android-Universal-Image-Loader,0.9,0.5,com.nostra13.universalimageloader.core.assist.ImageSizeTest,288,1,1,1,1,1,1
CLC,method,Android-Universal-Image-Loader,0.9,0.5,com.nostra13.universalimageloader.core.assist.ImageSizeTest,288,0,0,0,1,1,1
CLLC,method,Android-Universal-Image-Loader,0.9,0.5,com.nostra13.universalimageloader.core.assist.ImageSizeTest,288,0,0,0,1,1,1
LDC,method,Android-Universal-Image-Loader,0.9,0.5,com.nostra13.universalimageloader.core.assist.ImageSizeTest,288,1,1,1,1,1,1
LLDC,method,Android-Universal-Image-Loader,0.9,0.5,com.nostra13.universalimageloader.core.assist.ImageSizeTest,288,1,1,1,1,1,1
HCPL,method,Android-Universal-Image-Loader,0.9,0.5,com.nostra13.universalimageloader.core.assist.ImageSizeTest,288,1,1,1,1,1,1
HDIF,method,Android-Universal-Image-Loader,0.9,0.5,com.nostra13.universalimageloader.core.assist.ImageSizeTest,288,1,1,1,1,1,1
HEFF,method,Android-Universal-Image-Loader,0.9,0.5,com.nostra13.universalimageloader.core.assist.ImageSizeTest,288,1,1,1,1,1,1
HNDB,method,Android-Universal-Image-Loader,0.9,0.5,com.nostra13.universalimageloader.core.assist.ImageSizeTest,288,1,1,1,1,1,1
HPL,method,Android-Universal-Image-Loader,0.9,0.5,com.nostra13.universalimageloader.core.assist.ImageSizeTest,288,1,1,1,1,1,1
HPV,method,Android-Universal-Image-Loader,0.9,0.5,com.nostra13.universalimageloader.core.assist.ImageSizeTest,288,1,1,1,1,1,1
HTRP,method,Android-Universal-Image-Loader,0.9,0.5,com.nostra13.universalimageloader.core.assist.ImageSizeTest,288,1,1,1,1,1,1
HVOL,method,Android-Universal-Image-Loader,0.9,0.5,com.nostra13.universalimageloader.core.assist.ImageSizeTest,288,1,1,1,1,1,1
MI,method,Android-Universal-Image-Loader,0.9,0.5,com.nostra13.universalimageloader.core.assist.ImageSizeTest,288,1,1,1,1,1,1
MIMS,method,Android-Universal-Image-Loader,0.9,0.5,com.nostra13.universalimageloader.core.assist.ImageSizeTest,288,1,1,1,1,1,1
MISEI,method,Android-Universal-Image-Loader,0.9,0.5,com.nostra13.universalimageloader.core.assist.ImageSizeTest,288,1,1,1,1,1,1
MISM,method,Android-Universal-Image-Loader,0.9,0.5,com.nostra13.universalimageloader.core.assist.ImageSizeTest,288,1,1,1,1,1,1
McCC,method,Android-Universal-Image-Loader,0.9,0.5,com.nostra13.universalimageloader.core.assist.ImageSizeTest,288,0,0,0,1,1,1
NL,method,Android-Universal-Image-Loader,0.9,0.5,com.nostra13.universalimageloader.core.assist.ImageSizeTest,288,0,0,0,1,1,1
NLE,method,Android-Universal-Image-Loader,0.9,0.5,com.nostra13.universalimageloader.core.assist.ImageSizeTest,288,0,0,0,1,1,1
NII,method,Android-Universal-Image-Loader,0.9,0.5,com.nostra13.universalimageloader.core.assist.ImageSizeTest,288,0,0,0,1,1,1
NOI,method,Android-Universal-Image-Loader,0.9,0.5,com.nostra13.universalimageloader.core.assist.ImageSizeTest,288,0,0,0,1,1,1
CD,method,Android-Universal-Image-Loader,0.9,0.5,com.nostra13.universalimageloader.core.assist.ImageSizeTest,288,0,0,0,1,1,1
CLOC,method,Android-Universal-Image-Loader,0.9,0.5,com.nostra13.universalimageloader.core.assist.ImageSizeTest,288,0,0,0,1,1,1
DLOC,method,Android-Universal-Image-Loader,0.9,0.5,com.nostra13.universalimageloader.core.assist.ImageSizeTest,288,0,0,0,1,1,1
TCD,method,Android-Universal-Image-Loader,0.9,0.5,com.nostra13.universalimageloader.core.assist.ImageSizeTest,288,0,0,0,1,1,1
TCLOC,method,Android-Universal-Image-Loader,0.9,0.5,com.nostra13.universalimageloader.core.assist.ImageSizeTest,288,0,0,0,1,1,1
LLOC,method,Android-Universal-Image-Loader,0.9,0.5,com.nostra13.universalimageloader.core.assist.ImageSizeTest,288,1,1,1,1,1,1
LOC,method,Android-Universal-Image-Loader,0.9,0.5,com.nostra13.universalimageloader.core.assist.ImageSizeTest,288,1,1,1,1,1,1
NOS,method,Android-Universal-Image-Loader,0.9,0.5,com.nostra13.universalimageloader.core.assist.ImageSizeTest,288,1,1,1,1,1,1
NUMPAR,method,Android-Universal-Image-Loader,0.9,0.5,com.nostra13.universalimageloader.core.assist.ImageSizeTest,288,0,0,0,1,1,1
TLLOC,method,Android-Universal-Image-Loader,0.9,0.5,com.nostra13.universalimageloader.core.assist.ImageSizeTest,288,1,1,1,1,1,1
TLOC,method,Android-Universal-Image-Loader,0.9,0.5,com.nostra13.universalimageloader.core.assist.ImageSizeTest,288,1,1,1,1,1,1
TNOS,method,Android-Universal-Image-Loader,0.9,0.5,com.nostra13.universalimageloader.core.assist.ImageSizeTest,288,0,0,0,0,0,0
WarningBlocker,method,Android-Universal-Image-Loader,0.9,0.5,com.nostra13.universalimageloader.core.assist.ImageSizeTest,288,0,0,0,0,0,0
WarningCritical,method,Android-Universal-Image-Loader,0.9,0.5,com.nostra13.universalimageloader.core.assist.ImageSizeTest,288,0,0,0,0,0,0
WarningInfo,method,Android-Universal-Image-Loader,0.9,0.5,com.nostra13.universalimageloader.core.assist.ImageSizeTest,288,0,0,0,0,0,0
WarningMajor,method,Android-Universal-Image-Loader,0.9,0.5,com.nostra13.universalimageloader.core.assist.ImageSizeTest,288,0,0,0,0,0,0
WarningMinor,method,Android-Universal-Image-Loader,0.9,0.5,com.nostra13.universalimageloader.core.assist.ImageSizeTest,288,0,0,0,0,0,0
Android Rules,method,Android-Universal-Image-Loader,0.9,0.5,com.nostra13.universalimageloader.core.assist.ImageSizeTest,288,0,0,0,0,0,0
Basic Rules,method,Android-Universal-Image-Loader,0.9,0.5,com.nostra13.universalimageloader.core.assist.ImageSizeTest,288,0,0,0,0,0,0
Brace Rules,method,Android-Universal-Image-Loader,0.9,0.5,com.nostra13.universalimageloader.core.assist.ImageSizeTest,288,0,0,0,0,0,0
Clone Implementation Rules,method,Android-Universal-Image-Loader,0.9,0.5,com.nostra13.universalimageloader.core.assist.ImageSizeTest,288,0,0,0,0,0,0
Code Size Rules,method,Android-Universal-Image-Loader,0.9,0.5,com.nostra13.universalimageloader.core.assist.ImageSizeTest,288,0,0,0,0,0,0
Comment Rules,method,Android-Universal-Image-Loader,0.9,0.5,com.nostra13.universalimageloader.core.assist.ImageSizeTest,288,0,0,0,0,0,0
Controversial Rules,method,Android-Universal-Image-Loader,0.9,0.5,com.nostra13.universalimageloader.core.assist.ImageSizeTest,288,0,0,0,0,0,0
Coupling Rules,method,Android-Universal-Image-Loader,0.9,0.5,com.nostra13.universalimageloader.core.assist.ImageSizeTest,288,0,0,0,0,0,0
Design Rules,method,Android-Universal-Image-Loader,0.9,0.5,com.nostra13.universalimageloader.core.assist.ImageSizeTest,288,0,0,0,0,0,0
Empty Code Rules,method,Android-Universal-Image-Loader,0.9,0.5,com.nostra13.universalimageloader.core.assist.ImageSizeTest,288,0,0,0,0,0,0
Finalizer Rules,method,Android-Universal-Image-Loader,0.9,0.5,com.nostra13.universalimageloader.core.assist.ImageSizeTest,288,0,0,0,0,0,0
Import Statement Rules,method,Android-Universal-Image-Loader,0.9,0.5,com.nostra13.universalimageloader.core.assist.ImageSizeTest,288,0,0,0,0,0,0
J2EE Rules,method,Android-Universal-Image-Loader,0.9,0.5,com.nostra13.universalimageloader.core.assist.ImageSizeTest,288,0,0,0,0,0,0
JUnit Rules,method,Android-Universal-Image-Loader,0.9,0.5,com.nostra13.universalimageloader.core.assist.ImageSizeTest,288,0,0,0,0,0,0
Jakarta Commons Logging Rules,method,Android-Universal-Image-Loader,0.9,0.5,com.nostra13.universalimageloader.core.assist.ImageSizeTest,288,0,0,0,0,0,0
Java Logging Rules,method,Android-Universal-Image-Loader,0.9,0.5,com.nostra13.universalimageloader.core.assist.ImageSizeTest,288,0,0,0,0,0,0
JavaBean Rules,method,Android-Universal-Image-Loader,0.9,0.5,com.nostra13.universalimageloader.core.assist.ImageSizeTest,288,0,0,0,0,0,0
MigratingToJUnit4 Rules,method,Android-Universal-Image-Loader,0.9,0.5,com.nostra13.universalimageloader.core.assist.ImageSizeTest,288,0,0,0,0,0,0
Migration Rules,method,Android-Universal-Image-Loader,0.9,0.5,com.nostra13.universalimageloader.core.assist.ImageSizeTest,288,0,0,0,0,0,0
Migration13 Rules,method,Android-Universal-Image-Loader,0.9,0.5,com.nostra13.universalimageloader.core.assist.ImageSizeTest,288,0,0,0,0,0,0
Migration14 Rules,method,Android-Universal-Image-Loader,0.9,0.5,com.nostra13.universalimageloader.core.assist.ImageSizeTest,288,0,0,0,0,0,0
Migration15 Rules,method,Android-Universal-Image-Loader,0.9,0.5,com.nostra13.universalimageloader.core.assist.ImageSizeTest,288,0,0,0,0,0,0
Naming Rules,method,Android-Universal-Image-Loader,0.9,0.5,com.nostra13.universalimageloader.core.assist.ImageSizeTest,288,0,0,0,0,0,0
Optimization Rules,method,Android-Universal-Image-Loader,0.9,0.5,com.nostra13.universalimageloader.core.assist.ImageSizeTest,288,0,0,0,0,0,0
Security Code Guideline Rules,method,Android-Universal-Image-Loader,0.9,0.5,com.nostra13.universalimageloader.core.assist.ImageSizeTest,288,0,0,0,0,0,0
Strict Exception Rules,method,Android-Universal-Image-Loader,0.9,0.5,com.nostra13.universalimageloader.core.assist.ImageSizeTest,288,0,0,0,0,0,0
String and StringBuffer Rules,method,Android-Universal-Image-Loader,0.9,0.5,com.nostra13.universalimageloader.core.assist.ImageSizeTest,288,0,0,0,0,0,0
Type Resolution Rules,method,Android-Universal-Image-Loader,0.9,0.5,com.nostra13.universalimageloader.core.assist.ImageSizeTest,288,0,0,0,0,0,0
Unnecessary and Unused Code Rules,method,Android-Universal-Image-Loader,0.9,0.5,com.nostra13.universalimageloader.core.assist.ImageSizeTest,288,0,0,0,0,0,0
Vulnerability Rules,method,Android-Universal-Image-Loader,0.9,0.5,com.nostra13.universalimageloader.core.assist.ImageSizeTest,288,0,0,0,0,0,0
CC,method,Android-Universal-Image-Loader,0.9,0.5,com.nostra13.universalimageloader.cache.disc.impl.ext.LruDiscCache,648,0,0,0,1,1,1
CCL,method,Android-Universal-Image-Loader,0.9,0.5,com.nostra13.universalimageloader.cache.disc.impl.ext.LruDiscCache,648,0,0,0,1,1,1
CCO,method,Android-Universal-Image-Loader,0.9,0.5,com.nostra13.universalimageloader.cache.disc.impl.ext.LruDiscCache,648,0,0,0,1,1,1
CI,method,Android-Universal-Image-Loader,0.9,0.5,com.nostra13.universalimageloader.cache.disc.impl.ext.LruDiscCache,648,0,0,0,1,1,1
CLC,method,Android-Universal-Image-Loader,0.9,0.5,com.nostra13.universalimageloader.cache.disc.impl.ext.LruDiscCache,648,0,0,0,1,1,1
CLLC,method,Android-Universal-Image-Loader,0.9,0.5,com.nostra13.universalimageloader.cache.disc.impl.ext.LruDiscCache,648,0,0,0,1,1,1
LDC,method,Android-Universal-Image-Loader,0.9,0.5,com.nostra13.universalimageloader.cache.disc.impl.ext.LruDiscCache,648,0,0,0,1,1,1
LLDC,method,Android-Universal-Image-Loader,0.9,0.5,com.nostra13.universalimageloader.cache.disc.impl.ext.LruDiscCache,648,0,0,0,1,1,1
HCPL,method,Android-Universal-Image-Loader,0.9,0.5,com.nostra13.universalimageloader.cache.disc.impl.ext.LruDiscCache,648,1,1,1,1,1,1
HDIF,method,Android-Universal-Image-Loader,0.9,0.5,com.nostra13.universalimageloader.cache.disc.impl.ext.LruDiscCache,648,1,1,1,1,1,1
HEFF,method,Android-Universal-Image-Loader,0.9,0.5,com.nostra13.universalimageloader.cache.disc.impl.ext.LruDiscCache,648,1,1,1,1,1,1
HNDB,method,Android-Universal-Image-Loader,0.9,0.5,com.nostra13.universalimageloader.cache.disc.impl.ext.LruDiscCache,648,1,1,1,1,1,1
HPL,method,Android-Universal-Image-Loader,0.9,0.5,com.nostra13.universalimageloader.cache.disc.impl.ext.LruDiscCache,648,1,1,1,1,1,1
HPV,method,Android-Universal-Image-Loader,0.9,0.5,com.nostra13.universalimageloader.cache.disc.impl.ext.LruDiscCache,648,1,1,1,1,1,1
HTRP,method,Android-Universal-Image-Loader,0.9,0.5,com.nostra13.universalimageloader.cache.disc.impl.ext.LruDiscCache,648,1,1,1,1,1,1
HVOL,method,Android-Universal-Image-Loader,0.9,0.5,com.nostra13.universalimageloader.cache.disc.impl.ext.LruDiscCache,648,1,1,1,1,1,1
MI,method,Android-Universal-Image-Loader,0.9,0.5,com.nostra13.universalimageloader.cache.disc.impl.ext.LruDiscCache,648,1,1,1,1,1,1
MIMS,method,Android-Universal-Image-Loader,0.9,0.5,com.nostra13.universalimageloader.cache.disc.impl.ext.LruDiscCache,648,1,1,1,1,1,1
MISEI,method,Android-Universal-Image-Loader,0.9,0.5,com.nostra13.universalimageloader.cache.disc.impl.ext.LruDiscCache,648,1,1,1,1,1,1
MISM,method,Android-Universal-Image-Loader,0.9,0.5,com.nostra13.universalimageloader.cache.disc.impl.ext.LruDiscCache,648,1,1,1,1,1,1
McCC,method,Android-Universal-Image-Loader,0.9,0.5,com.nostra13.universalimageloader.cache.disc.impl.ext.LruDiscCache,648,1,1,1,1,1,1
NL,method,Android-Universal-Image-Loader,0.9,0.5,com.nostra13.universalimageloader.cache.disc.impl.ext.LruDiscCache,648,1,1,1,1,1,1
NLE,method,Android-Universal-Image-Loader,0.9,0.5,com.nostra13.universalimageloader.cache.disc.impl.ext.LruDiscCache,648,1,1,1,1,1,1
NII,method,Android-Universal-Image-Loader,0.9,0.5,com.nostra13.universalimageloader.cache.disc.impl.ext.LruDiscCache,648,0,0,0,1,1,1
NOI,method,Android-Universal-Image-Loader,0.9,0.5,com.nostra13.universalimageloader.cache.disc.impl.ext.LruDiscCache,648,0,0,0,1,1,1
CD,method,Android-Universal-Image-Loader,0.9,0.5,com.nostra13.universalimageloader.cache.disc.impl.ext.LruDiscCache,648,1,1,1,1,1,1
CLOC,method,Android-Universal-Image-Loader,0.9,0.5,com.nostra13.universalimageloader.cache.disc.impl.ext.LruDiscCache,648,1,1,1,1,1,1
DLOC,method,Android-Universal-Image-Loader,0.9,0.5,com.nostra13.universalimageloader.cache.disc.impl.ext.LruDiscCache,648,0,0,0,1,1,1
TCD,method,Android-Universal-Image-Loader,0.9,0.5,com.nostra13.universalimageloader.cache.disc.impl.ext.LruDiscCache,648,1,1,1,1,1,1
TCLOC,method,Android-Universal-Image-Loader,0.9,0.5,com.nostra13.universalimageloader.cache.disc.impl.ext.LruDiscCache,648,1,1,1,1,1,1
LLOC,method,Android-Universal-Image-Loader,0.9,0.5,com.nostra13.universalimageloader.cache.disc.impl.ext.LruDiscCache,648,1,1,1,1,1,1
LOC,method,Android-Universal-Image-Loader,0.9,0.5,com.nostra13.universalimageloader.cache.disc.impl.ext.LruDiscCache,648,1,1,1,1,1,1
NOS,method,Android-Universal-Image-Loader,0.9,0.5,com.nostra13.universalimageloader.cache.disc.impl.ext.LruDiscCache,648,1,1,1,1,1,1
NUMPAR,method,Android-Universal-Image-Loader,0.9,0.5,com.nostra13.universalimageloader.cache.disc.impl.ext.LruDiscCache,648,1,1,1,1,1,1
TLLOC,method,Android-Universal-Image-Loader,0.9,0.5,com.nostra13.universalimageloader.cache.disc.impl.ext.LruDiscCache,648,1,1,1,1,1,1
TLOC,method,Android-Universal-Image-Loader,0.9,0.5,com.nostra13.universalimageloader.cache.disc.impl.ext.LruDiscCache,648,1,1,1,1,1,1
TNOS,method,Android-Universal-Image-Loader,0.9,0.5,com.nostra13.universalimageloader.cache.disc.impl.ext.LruDiscCache,648,0,0,0,0,0,0
WarningBlocker,method,Android-Universal-Image-Loader,0.9,0.5,com.nostra13.universalimageloader.cache.disc.impl.ext.LruDiscCache,648,0,0,0,0,0,0
WarningCritical,method,Android-Universal-Image-Loader,0.9,0.5,com.nostra13.universalimageloader.cache.disc.impl.ext.LruDiscCache,648,0,0,0,0,0,0
WarningInfo,method,Android-Universal-Image-Loader,0.9,0.5,com.nostra13.universalimageloader.cache.disc.impl.ext.LruDiscCache,648,0,0,0,0,0,0
WarningMajor,method,Android-Universal-Image-Loader,0.9,0.5,com.nostra13.universalimageloader.cache.disc.impl.ext.LruDiscCache,648,0,0,0,0,0,0
WarningMinor,method,Android-Universal-Image-Loader,0.9,0.5,com.nostra13.universalimageloader.cache.disc.impl.ext.LruDiscCache,648,0,0,0,0,0,0
Android Rules,method,Android-Universal-Image-Loader,0.9,0.5,com.nostra13.universalimageloader.cache.disc.impl.ext.LruDiscCache,648,0,0,0,0,0,0
Basic Rules,method,Android-Universal-Image-Loader,0.9,0.5,com.nostra13.universalimageloader.cache.disc.impl.ext.LruDiscCache,648,0,0,0,0,0,0
Brace Rules,method,Android-Universal-Image-Loader,0.9,0.5,com.nostra13.universalimageloader.cache.disc.impl.ext.LruDiscCache,648,0,0,0,0,0,0
Clone Implementation Rules,method,Android-Universal-Image-Loader,0.9,0.5,com.nostra13.universalimageloader.cache.disc.impl.ext.LruDiscCache,648,0,0,0,0,0,0
Code Size Rules,method,Android-Universal-Image-Loader,0.9,0.5,com.nostra13.universalimageloader.cache.disc.impl.ext.LruDiscCache,648,0,0,0,0,0,0
Comment Rules,method,Android-Universal-Image-Loader,0.9,0.5,com.nostra13.universalimageloader.cache.disc.impl.ext.LruDiscCache,648,0,0,0,0,0,0
Controversial Rules,method,Android-Universal-Image-Loader,0.9,0.5,com.nostra13.universalimageloader.cache.disc.impl.ext.LruDiscCache,648,0,0,0,0,0,0
Coupling Rules,method,Android-Universal-Image-Loader,0.9,0.5,com.nostra13.universalimageloader.cache.disc.impl.ext.LruDiscCache,648,0,0,0,0,0,0
Design Rules,method,Android-Universal-Image-Loader,0.9,0.5,com.nostra13.universalimageloader.cache.disc.impl.ext.LruDiscCache,648,0,0,0,0,0,0
Empty Code Rules,method,Android-Universal-Image-Loader,0.9,0.5,com.nostra13.universalimageloader.cache.disc.impl.ext.LruDiscCache,648,0,0,0,0,0,0
Finalizer Rules,method,Android-Universal-Image-Loader,0.9,0.5,com.nostra13.universalimageloader.cache.disc.impl.ext.LruDiscCache,648,0,0,0,0,0,0
Import Statement Rules,method,Android-Universal-Image-Loader,0.9,0.5,com.nostra13.universalimageloader.cache.disc.impl.ext.LruDiscCache,648,0,0,0,0,0,0
J2EE Rules,method,Android-Universal-Image-Loader,0.9,0.5,com.nostra13.universalimageloader.cache.disc.impl.ext.LruDiscCache,648,0,0,0,0,0,0
JUnit Rules,method,Android-Universal-Image-Loader,0.9,0.5,com.nostra13.universalimageloader.cache.disc.impl.ext.LruDiscCache,648,0,0,0,0,0,0
Jakarta Commons Logging Rules,method,Android-Universal-Image-Loader,0.9,0.5,com.nostra13.universalimageloader.cache.disc.impl.ext.LruDiscCache,648,0,0,0,0,0,0
Java Logging Rules,method,Android-Universal-Image-Loader,0.9,0.5,com.nostra13.universalimageloader.cache.disc.impl.ext.LruDiscCache,648,0,0,0,0,0,0
JavaBean Rules,method,Android-Universal-Image-Loader,0.9,0.5,com.nostra13.universalimageloader.cache.disc.impl.ext.LruDiscCache,648,0,0,0,0,0,0
MigratingToJUnit4 Rules,method,Android-Universal-Image-Loader,0.9,0.5,com.nostra13.universalimageloader.cache.disc.impl.ext.LruDiscCache,648,0,0,0,0,0,0
Migration Rules,method,Android-Universal-Image-Loader,0.9,0.5,com.nostra13.universalimageloader.cache.disc.impl.ext.LruDiscCache,648,0,0,0,0,0,0
Migration13 Rules,method,Android-Universal-Image-Loader,0.9,0.5,com.nostra13.universalimageloader.cache.disc.impl.ext.LruDiscCache,648,0,0,0,0,0,0
Migration14 Rules,method,Android-Universal-Image-Loader,0.9,0.5,com.nostra13.universalimageloader.cache.disc.impl.ext.LruDiscCache,648,0,0,0,0,0,0
Migration15 Rules,method,Android-Universal-Image-Loader,0.9,0.5,com.nostra13.universalimageloader.cache.disc.impl.ext.LruDiscCache,648,0,0,0,0,0,0
Naming Rules,method,Android-Universal-Image-Loader,0.9,0.5,com.nostra13.universalimageloader.cache.disc.impl.ext.LruDiscCache,648,0,0,0,0,0,0
Optimization Rules,method,Android-Universal-Image-Loader,0.9,0.5,com.nostra13.universalimageloader.cache.disc.impl.ext.LruDiscCache,648,0,0,0,0,0,0
Security Code Guideline Rules,method,Android-Universal-Image-Loader,0.9,0.5,com.nostra13.universalimageloader.cache.disc.impl.ext.LruDiscCache,648,0,0,0,0,0,0
Strict Exception Rules,method,Android-Universal-Image-Loader,0.9,0.5,com.nostra13.universalimageloader.cache.disc.impl.ext.LruDiscCache,648,0,0,0,0,0,0
String and StringBuffer Rules,method,Android-Universal-Image-Loader,0.9,0.5,com.nostra13.universalimageloader.cache.disc.impl.ext.LruDiscCache,648,0,0,0,0,0,0
Type Resolution Rules,method,Android-Universal-Image-Loader,0.9,0.5,com.nostra13.universalimageloader.cache.disc.impl.ext.LruDiscCache,648,0,0,0,0,0,0
Unnecessary and Unused Code Rules,method,Android-Universal-Image-Loader,0.9,0.5,com.nostra13.universalimageloader.cache.disc.impl.ext.LruDiscCache,648,0,0,0,0,0,0
Vulnerability Rules,method,Android-Universal-Image-Loader,0.9,0.5,com.nostra13.universalimageloader.cache.disc.impl.ext.LruDiscCache,648,0,0,0,0,0,0
CC,method,Android-Universal-Image-Loader,0.9,0.5,com.nostra13.universalimageloader.core.LoadAndDisplayImageTask$2,432,0,0,0,1,1,1
CCL,method,Android-Universal-Image-Loader,0.9,0.5,com.nostra13.universalimageloader.core.LoadAndDisplayImageTask$2,432,0,0,0,1,1,1
CCO,method,Android-Universal-Image-Loader,0.9,0.5,com.nostra13.universalimageloader.core.LoadAndDisplayImageTask$2,432,0,0,0,1,1,1
CI,method,Android-Universal-Image-Loader,0.9,0.5,com.nostra13.universalimageloader.core.LoadAndDisplayImageTask$2,432,0,0,0,1,1,1
CLC,method,Android-Universal-Image-Loader,0.9,0.5,com.nostra13.universalimageloader.core.LoadAndDisplayImageTask$2,432,0,0,0,1,1,1
CLLC,method,Android-Universal-Image-Loader,0.9,0.5,com.nostra13.universalimageloader.core.LoadAndDisplayImageTask$2,432,0,0,0,1,1,1
LDC,method,Android-Universal-Image-Loader,0.9,0.5,com.nostra13.universalimageloader.core.LoadAndDisplayImageTask$2,432,0,0,0,1,1,1
LLDC,method,Android-Universal-Image-Loader,0.9,0.5,com.nostra13.universalimageloader.core.LoadAndDisplayImageTask$2,432,0,0,0,1,1,1
HCPL,method,Android-Universal-Image-Loader,0.9,0.5,com.nostra13.universalimageloader.core.LoadAndDisplayImageTask$2,432,1,1,1,1,1,1
HDIF,method,Android-Universal-Image-Loader,0.9,0.5,com.nostra13.universalimageloader.core.LoadAndDisplayImageTask$2,432,0,0,0,1,1,1
HEFF,method,Android-Universal-Image-Loader,0.9,0.5,com.nostra13.universalimageloader.core.LoadAndDisplayImageTask$2,432,1,1,1,1,1,1
HNDB,method,Android-Universal-Image-Loader,0.9,0.5,com.nostra13.universalimageloader.core.LoadAndDisplayImageTask$2,432,1,1,1,1,1,1
HPL,method,Android-Universal-Image-Loader,0.9,0.5,com.nostra13.universalimageloader.core.LoadAndDisplayImageTask$2,432,1,1,1,1,1,1
HPV,method,Android-Universal-Image-Loader,0.9,0.5,com.nostra13.universalimageloader.core.LoadAndDisplayImageTask$2,432,1,1,1,1,1,1
HTRP,method,Android-Universal-Image-Loader,0.9,0.5,com.nostra13.universalimageloader.core.LoadAndDisplayImageTask$2,432,1,1,1,1,1,1
HVOL,method,Android-Universal-Image-Loader,0.9,0.5,com.nostra13.universalimageloader.core.LoadAndDisplayImageTask$2,432,1,1,1,1,1,1
MI,method,Android-Universal-Image-Loader,0.9,0.5,com.nostra13.universalimageloader.core.LoadAndDisplayImageTask$2,432,1,1,1,1,1,1
MIMS,method,Android-Universal-Image-Loader,0.9,0.5,com.nostra13.universalimageloader.core.LoadAndDisplayImageTask$2,432,1,1,1,1,1,1
MISEI,method,Android-Universal-Image-Loader,0.9,0.5,com.nostra13.universalimageloader.core.LoadAndDisplayImageTask$2,432,1,1,1,1,1,1
MISM,method,Android-Universal-Image-Loader,0.9,0.5,com.nostra13.universalimageloader.core.LoadAndDisplayImageTask$2,432,1,1,1,1,1,1
McCC,method,Android-Universal-Image-Loader,0.9,0.5,com.nostra13.universalimageloader.core.LoadAndDisplayImageTask$2,432,0,0,0,1,1,1
NL,method,Android-Universal-Image-Loader,0.9,0.5,com.nostra13.universalimageloader.core.LoadAndDisplayImageTask$2,432,0,0,0,1,1,1
NLE,method,Android-Universal-Image-Loader,0.9,0.5,com.nostra13.universalimageloader.core.LoadAndDisplayImageTask$2,432,0,0,0,1,1,1
NII,method,Android-Universal-Image-Loader,0.9,0.5,com.nostra13.universalimageloader.core.LoadAndDisplayImageTask$2,432,0,0,0,1,1,1
NOI,method,Android-Universal-Image-Loader,0.9,0.5,com.nostra13.universalimageloader.core.LoadAndDisplayImageTask$2,432,0,0,0,1,1,1
CD,method,Android-Universal-Image-Loader,0.9,0.5,com.nostra13.universalimageloader.core.LoadAndDisplayImageTask$2,432,0,0,0,1,1,1
CLOC,method,Android-Universal-Image-Loader,0.9,0.5,com.nostra13.universalimageloader.core.LoadAndDisplayImageTask$2,432,0,0,0,1,1,1
DLOC,method,Android-Universal-Image-Loader,0.9,0.5,com.nostra13.universalimageloader.core.LoadAndDisplayImageTask$2,432,0,0,0,1,1,1
TCD,method,Android-Universal-Image-Loader,0.9,0.5,com.nostra13.universalimageloader.core.LoadAndDisplayImageTask$2,432,0,0,0,1,1,1
TCLOC,method,Android-Universal-Image-Loader,0.9,0.5,com.nostra13.universalimageloader.core.LoadAndDisplayImageTask$2,432,0,0,0,1,1,1
LLOC,method,Android-Universal-Image-Loader,0.9,0.5,com.nostra13.universalimageloader.core.LoadAndDisplayImageTask$2,432,0,0,0,1,1,1
LOC,method,Android-Universal-Image-Loader,0.9,0.5,com.nostra13.universalimageloader.core.LoadAndDisplayImageTask$2,432,0,0,0,1,1,1
NOS,method,Android-Universal-Image-Loader,0.9,0.5,com.nostra13.universalimageloader.core.LoadAndDisplayImageTask$2,432,0,0,0,1,1,1
NUMPAR,method,Android-Universal-Image-Loader,0.9,0.5,com.nostra13.universalimageloader.core.LoadAndDisplayImageTask$2,432,0,0,0,1,1,1
TLLOC,method,Android-Universal-Image-Loader,0.9,0.5,com.nostra13.universalimageloader.core.LoadAndDisplayImageTask$2,432,0,0,0,1,1,1
TLOC,method,Android-Universal-Image-Loader,0.9,0.5,com.nostra13.universalimageloader.core.LoadAndDisplayImageTask$2,432,0,0,0,1,1,1
TNOS,method,Android-Universal-Image-Loader,0.9,0.5,com.nostra13.universalimageloader.core.LoadAndDisplayImageTask$2,432,0,0,0,0,0,0
WarningBlocker,method,Android-Universal-Image-Loader,0.9,0.5,com.nostra13.universalimageloader.core.LoadAndDisplayImageTask$2,432,0,0,0,0,0,0
WarningCritical,method,Android-Universal-Image-Loader,0.9,0.5,com.nostra13.universalimageloader.core.LoadAndDisplayImageTask$2,432,0,0,0,0,0,0
WarningInfo,method,Android-Universal-Image-Loader,0.9,0.5,com.nostra13.universalimageloader.core.LoadAndDisplayImageTask$2,432,0,0,0,0,0,0
WarningMajor,method,Android-Universal-Image-Loader,0.9,0.5,com.nostra13.universalimageloader.core.LoadAndDisplayImageTask$2,432,0,0,0,0,0,0
WarningMinor,method,Android-Universal-Image-Loader,0.9,0.5,com.nostra13.universalimageloader.core.LoadAndDisplayImageTask$2,432,0,0,0,0,0,0
Android Rules,method,Android-Universal-Image-Loader,0.9,0.5,com.nostra13.universalimageloader.core.LoadAndDisplayImageTask$2,432,0,0,0,0,0,0
Basic Rules,method,Android-Universal-Image-Loader,0.9,0.5,com.nostra13.universalimageloader.core.LoadAndDisplayImageTask$2,432,0,0,0,0,0,0
Brace Rules,method,Android-Universal-Image-Loader,0.9,0.5,com.nostra13.universalimageloader.core.LoadAndDisplayImageTask$2,432,0,0,0,0,0,0
Clone Implementation Rules,method,Android-Universal-Image-Loader,0.9,0.5,com.nostra13.universalimageloader.core.LoadAndDisplayImageTask$2,432,0,0,0,0,0,0
Code Size Rules,method,Android-Universal-Image-Loader,0.9,0.5,com.nostra13.universalimageloader.core.LoadAndDisplayImageTask$2,432,0,0,0,0,0,0
Comment Rules,method,Android-Universal-Image-Loader,0.9,0.5,com.nostra13.universalimageloader.core.LoadAndDisplayImageTask$2,432,0,0,0,0,0,0
Controversial Rules,method,Android-Universal-Image-Loader,0.9,0.5,com.nostra13.universalimageloader.core.LoadAndDisplayImageTask$2,432,0,0,0,0,0,0
Coupling Rules,method,Android-Universal-Image-Loader,0.9,0.5,com.nostra13.universalimageloader.core.LoadAndDisplayImageTask$2,432,0,0,0,0,0,0
Design Rules,method,Android-Universal-Image-Loader,0.9,0.5,com.nostra13.universalimageloader.core.LoadAndDisplayImageTask$2,432,0,0,0,0,0,0
Empty Code Rules,method,Android-Universal-Image-Loader,0.9,0.5,com.nostra13.universalimageloader.core.LoadAndDisplayImageTask$2,432,0,0,0,0,0,0
Finalizer Rules,method,Android-Universal-Image-Loader,0.9,0.5,com.nostra13.universalimageloader.core.LoadAndDisplayImageTask$2,432,0,0,0,0,0,0
Import Statement Rules,method,Android-Universal-Image-Loader,0.9,0.5,com.nostra13.universalimageloader.core.LoadAndDisplayImageTask$2,432,0,0,0,0,0,0
J2EE Rules,method,Android-Universal-Image-Loader,0.9,0.5,com.nostra13.universalimageloader.core.LoadAndDisplayImageTask$2,432,0,0,0,0,0,0
JUnit Rules,method,Android-Universal-Image-Loader,0.9,0.5,com.nostra13.universalimageloader.core.LoadAndDisplayImageTask$2,432,0,0,0,0,0,0
Jakarta Commons Logging Rules,method,Android-Universal-Image-Loader,0.9,0.5,com.nostra13.universalimageloader.core.LoadAndDisplayImageTask$2,432,0,0,0,0,0,0
Java Logging Rules,method,Android-Universal-Image-Loader,0.9,0.5,com.nostra13.universalimageloader.core.LoadAndDisplayImageTask$2,432,0,0,0,0,0,0
JavaBean Rules,method,Android-Universal-Image-Loader,0.9,0.5,com.nostra13.universalimageloader.core.LoadAndDisplayImageTask$2,432,0,0,0,0,0,0
MigratingToJUnit4 Rules,method,Android-Universal-Image-Loader,0.9,0.5,com.nostra13.universalimageloader.core.LoadAndDisplayImageTask$2,432,0,0,0,0,0,0
Migration Rules,method,Android-Universal-Image-Loader,0.9,0.5,com.nostra13.universalimageloader.core.LoadAndDisplayImageTask$2,432,0,0,0,0,0,0
Migration13 Rules,method,Android-Universal-Image-Loader,0.9,0.5,com.nostra13.universalimageloader.core.LoadAndDisplayImageTask$2,432,0,0,0,0,0,0
Migration14 Rules,method,Android-Universal-Image-Loader,0.9,0.5,com.nostra13.universalimageloader.core.LoadAndDisplayImageTask$2,432,0,0,0,0,0,0
Migration15 Rules,method,Android-Universal-Image-Loader,0.9,0.5,com.nostra13.universalimageloader.core.LoadAndDisplayImageTask$2,432,0,0,0,0,0,0
Naming Rules,method,Android-Universal-Image-Loader,0.9,0.5,com.nostra13.universalimageloader.core.LoadAndDisplayImageTask$2,432,0,0,0,0,0,0
Optimization Rules,method,Android-Universal-Image-Loader,0.9,0.5,com.nostra13.universalimageloader.core.LoadAndDisplayImageTask$2,432,0,0,0,0,0,0
Security Code Guideline Rules,method,Android-Universal-Image-Loader,0.9,0.5,com.nostra13.universalimageloader.core.LoadAndDisplayImageTask$2,432,0,0,0,0,0,0
Strict Exception Rules,method,Android-Universal-Image-Loader,0.9,0.5,com.nostra13.universalimageloader.core.LoadAndDisplayImageTask$2,432,0,0,0,0,0,0
String and StringBuffer Rules,method,Android-Universal-Image-Loader,0.9,0.5,com.nostra13.universalimageloader.core.LoadAndDisplayImageTask$2,432,0,0,0,0,0,0
Type Resolution Rules,method,Android-Universal-Image-Loader,0.9,0.5,com.nostra13.universalimageloader.core.LoadAndDisplayImageTask$2,432,0,0,0,0,0,0
Unnecessary and Unused Code Rules,method,Android-Universal-Image-Loader,0.9,0.5,com.nostra13.universalimageloader.core.LoadAndDisplayImageTask$2,432,0,0,0,0,0,0
Vulnerability Rules,method,Android-Universal-Image-Loader,0.9,0.5,com.nostra13.universalimageloader.core.LoadAndDisplayImageTask$2,432,0,0,0,0,0,0
CC,method,Android-Universal-Image-Loader,0.9,0.5,com.nostra13.universalimageloader.core.ImageLoaderConfiguration,504,0,0,0,1,1,1
CCL,method,Android-Universal-Image-Loader,0.9,0.5,com.nostra13.universalimageloader.core.ImageLoaderConfiguration,504,0,0,0,1,1,1
CCO,method,Android-Universal-Image-Loader,0.9,0.5,com.nostra13.universalimageloader.core.ImageLoaderConfiguration,504,0,0,0,1,1,1
CI,method,Android-Universal-Image-Loader,0.9,0.5,com.nostra13.universalimageloader.core.ImageLoaderConfiguration,504,0,0,0,1,1,1
CLC,method,Android-Universal-Image-Loader,0.9,0.5,com.nostra13.universalimageloader.core.ImageLoaderConfiguration,504,0,0,0,1,1,1
CLLC,method,Android-Universal-Image-Loader,0.9,0.5,com.nostra13.universalimageloader.core.ImageLoaderConfiguration,504,0,0,0,1,1,1
LDC,method,Android-Universal-Image-Loader,0.9,0.5,com.nostra13.universalimageloader.core.ImageLoaderConfiguration,504,0,0,0,1,1,1
LLDC,method,Android-Universal-Image-Loader,0.9,0.5,com.nostra13.universalimageloader.core.ImageLoaderConfiguration,504,0,0,0,1,1,1
HCPL,method,Android-Universal-Image-Loader,0.9,0.5,com.nostra13.universalimageloader.core.ImageLoaderConfiguration,504,1,1,1,1,1,1
HDIF,method,Android-Universal-Image-Loader,0.9,0.5,com.nostra13.universalimageloader.core.ImageLoaderConfiguration,504,1,1,1,1,1,1
HEFF,method,Android-Universal-Image-Loader,0.9,0.5,com.nostra13.universalimageloader.core.ImageLoaderConfiguration,504,1,1,1,1,1,1
HNDB,method,Android-Universal-Image-Loader,0.9,0.5,com.nostra13.universalimageloader.core.ImageLoaderConfiguration,504,1,1,1,1,1,1
HPL,method,Android-Universal-Image-Loader,0.9,0.5,com.nostra13.universalimageloader.core.ImageLoaderConfiguration,504,1,1,1,1,1,1
HPV,method,Android-Universal-Image-Loader,0.9,0.5,com.nostra13.universalimageloader.core.ImageLoaderConfiguration,504,1,1,1,1,1,1
HTRP,method,Android-Universal-Image-Loader,0.9,0.5,com.nostra13.universalimageloader.core.ImageLoaderConfiguration,504,1,1,1,1,1,1
HVOL,method,Android-Universal-Image-Loader,0.9,0.5,com.nostra13.universalimageloader.core.ImageLoaderConfiguration,504,1,1,1,1,1,1
MI,method,Android-Universal-Image-Loader,0.9,0.5,com.nostra13.universalimageloader.core.ImageLoaderConfiguration,504,1,1,1,1,1,1
MIMS,method,Android-Universal-Image-Loader,0.9,0.5,com.nostra13.universalimageloader.core.ImageLoaderConfiguration,504,1,1,1,1,1,1
MISEI,method,Android-Universal-Image-Loader,0.9,0.5,com.nostra13.universalimageloader.core.ImageLoaderConfiguration,504,1,1,1,1,1,1
MISM,method,Android-Universal-Image-Loader,0.9,0.5,com.nostra13.universalimageloader.core.ImageLoaderConfiguration,504,1,1,1,1,1,1
McCC,method,Android-Universal-Image-Loader,0.9,0.5,com.nostra13.universalimageloader.core.ImageLoaderConfiguration,504,1,1,1,1,1,1
NL,method,Android-Universal-Image-Loader,0.9,0.5,com.nostra13.universalimageloader.core.ImageLoaderConfiguration,504,1,1,1,1,1,1
NLE,method,Android-Universal-Image-Loader,0.9,0.5,com.nostra13.universalimageloader.core.ImageLoaderConfiguration,504,1,1,1,1,1,1
NII,method,Android-Universal-Image-Loader,0.9,0.5,com.nostra13.universalimageloader.core.ImageLoaderConfiguration,504,0,0,0,1,1,1
NOI,method,Android-Universal-Image-Loader,0.9,0.5,com.nostra13.universalimageloader.core.ImageLoaderConfiguration,504,0,0,0,1,1,1
CD,method,Android-Universal-Image-Loader,0.9,0.5,com.nostra13.universalimageloader.core.ImageLoaderConfiguration,504,1,1,1,1,1,1
CLOC,method,Android-Universal-Image-Loader,0.9,0.5,com.nostra13.universalimageloader.core.ImageLoaderConfiguration,504,1,1,1,1,1,1
DLOC,method,Android-Universal-Image-Loader,0.9,0.5,com.nostra13.universalimageloader.core.ImageLoaderConfiguration,504,1,1,1,1,1,1
TCD,method,Android-Universal-Image-Loader,0.9,0.5,com.nostra13.universalimageloader.core.ImageLoaderConfiguration,504,1,1,1,1,1,1
TCLOC,method,Android-Universal-Image-Loader,0.9,0.5,com.nostra13.universalimageloader.core.ImageLoaderConfiguration,504,1,1,1,1,1,1
LLOC,method,Android-Universal-Image-Loader,0.9,0.5,com.nostra13.universalimageloader.core.ImageLoaderConfiguration,504,1,1,1,1,1,1
LOC,method,Android-Universal-Image-Loader,0.9,0.5,com.nostra13.universalimageloader.core.ImageLoaderConfiguration,504,1,1,1,1,1,1
NOS,method,Android-Universal-Image-Loader,0.9,0.5,com.nostra13.universalimageloader.core.ImageLoaderConfiguration,504,1,1,1,1,1,1
NUMPAR,method,Android-Universal-Image-Loader,0.9,0.5,com.nostra13.universalimageloader.core.ImageLoaderConfiguration,504,1,1,1,1,1,1
TLLOC,method,Android-Universal-Image-Loader,0.9,0.5,com.nostra13.universalimageloader.core.ImageLoaderConfiguration,504,1,1,1,1,1,1
TLOC,method,Android-Universal-Image-Loader,0.9,0.5,com.nostra13.universalimageloader.core.ImageLoaderConfiguration,504,1,1,1,1,1,1
TNOS,method,Android-Universal-Image-Loader,0.9,0.5,com.nostra13.universalimageloader.core.ImageLoaderConfiguration,504,0,0,0,0,0,0
WarningBlocker,method,Android-Universal-Image-Loader,0.9,0.5,com.nostra13.universalimageloader.core.ImageLoaderConfiguration,504,0,0,0,0,0,0
WarningCritical,method,Android-Universal-Image-Loader,0.9,0.5,com.nostra13.universalimageloader.core.ImageLoaderConfiguration,504,0,0,0,0,0,0
WarningInfo,method,Android-Universal-Image-Loader,0.9,0.5,com.nostra13.universalimageloader.core.ImageLoaderConfiguration,504,0,0,0,0,0,0
WarningMajor,method,Android-Universal-Image-Loader,0.9,0.5,com.nostra13.universalimageloader.core.ImageLoaderConfiguration,504,0,0,0,0,0,0
WarningMinor,method,Android-Universal-Image-Loader,0.9,0.5,com.nostra13.universalimageloader.core.ImageLoaderConfiguration,504,0,0,0,0,0,0
Android Rules,method,Android-Universal-Image-Loader,0.9,0.5,com.nostra13.universalimageloader.core.ImageLoaderConfiguration,504,0,0,0,0,0,0
Basic Rules,method,Android-Universal-Image-Loader,0.9,0.5,com.nostra13.universalimageloader.core.ImageLoaderConfiguration,504,0,0,0,0,0,0
Brace Rules,method,Android-Universal-Image-Loader,0.9,0.5,com.nostra13.universalimageloader.core.ImageLoaderConfiguration,504,0,0,0,0,0,0
Clone Implementation Rules,method,Android-Universal-Image-Loader,0.9,0.5,com.nostra13.universalimageloader.core.ImageLoaderConfiguration,504,0,0,0,0,0,0
Code Size Rules,method,Android-Universal-Image-Loader,0.9,0.5,com.nostra13.universalimageloader.core.ImageLoaderConfiguration,504,0,0,0,0,0,0
Comment Rules,method,Android-Universal-Image-Loader,0.9,0.5,com.nostra13.universalimageloader.core.ImageLoaderConfiguration,504,0,0,0,0,0,0
Controversial Rules,method,Android-Universal-Image-Loader,0.9,0.5,com.nostra13.universalimageloader.core.ImageLoaderConfiguration,504,0,0,0,0,0,0
Coupling Rules,method,Android-Universal-Image-Loader,0.9,0.5,com.nostra13.universalimageloader.core.ImageLoaderConfiguration,504,0,0,0,0,0,0
Design Rules,method,Android-Universal-Image-Loader,0.9,0.5,com.nostra13.universalimageloader.core.ImageLoaderConfiguration,504,0,0,0,0,0,0
Empty Code Rules,method,Android-Universal-Image-Loader,0.9,0.5,com.nostra13.universalimageloader.core.ImageLoaderConfiguration,504,0,0,0,0,0,0
Finalizer Rules,method,Android-Universal-Image-Loader,0.9,0.5,com.nostra13.universalimageloader.core.ImageLoaderConfiguration,504,0,0,0,0,0,0
Import Statement Rules,method,Android-Universal-Image-Loader,0.9,0.5,com.nostra13.universalimageloader.core.ImageLoaderConfiguration,504,0,0,0,0,0,0
J2EE Rules,method,Android-Universal-Image-Loader,0.9,0.5,com.nostra13.universalimageloader.core.ImageLoaderConfiguration,504,0,0,0,0,0,0
JUnit Rules,method,Android-Universal-Image-Loader,0.9,0.5,com.nostra13.universalimageloader.core.ImageLoaderConfiguration,504,0,0,0,0,0,0
Jakarta Commons Logging Rules,method,Android-Universal-Image-Loader,0.9,0.5,com.nostra13.universalimageloader.core.ImageLoaderConfiguration,504,0,0,0,0,0,0
Java Logging Rules,method,Android-Universal-Image-Loader,0.9,0.5,com.nostra13.universalimageloader.core.ImageLoaderConfiguration,504,0,0,0,0,0,0
JavaBean Rules,method,Android-Universal-Image-Loader,0.9,0.5,com.nostra13.universalimageloader.core.ImageLoaderConfiguration,504,0,0,0,0,0,0
MigratingToJUnit4 Rules,method,Android-Universal-Image-Loader,0.9,0.5,com.nostra13.universalimageloader.core.ImageLoaderConfiguration,504,0,0,0,0,0,0
Migration Rules,method,Android-Universal-Image-Loader,0.9,0.5,com.nostra13.universalimageloader.core.ImageLoaderConfiguration,504,0,0,0,0,0,0
Migration13 Rules,method,Android-Universal-Image-Loader,0.9,0.5,com.nostra13.universalimageloader.core.ImageLoaderConfiguration,504,0,0,0,0,0,0
Migration14 Rules,method,Android-Universal-Image-Loader,0.9,0.5,com.nostra13.universalimageloader.core.ImageLoaderConfiguration,504,0,0,0,0,0,0
Migration15 Rules,method,Android-Universal-Image-Loader,0.9,0.5,com.nostra13.universalimageloader.core.ImageLoaderConfiguration,504,0,0,0,0,0,0
Naming Rules,method,Android-Universal-Image-Loader,0.9,0.5,com.nostra13.universalimageloader.core.ImageLoaderConfiguration,504,0,0,0,0,0,0
Optimization Rules,method,Android-Universal-Image-Loader,0.9,0.5,com.nostra13.universalimageloader.core.ImageLoaderConfiguration,504,0,0,0,0,0,0
Security Code Guideline Rules,method,Android-Universal-Image-Loader,0.9,0.5,com.nostra13.universalimageloader.core.ImageLoaderConfiguration,504,0,0,0,0,0,0
Strict Exception Rules,method,Android-Universal-Image-Loader,0.9,0.5,com.nostra13.universalimageloader.core.ImageLoaderConfiguration,504,0,0,0,0,0,0
String and StringBuffer Rules,method,Android-Universal-Image-Loader,0.9,0.5,com.nostra13.universalimageloader.core.ImageLoaderConfiguration,504,0,0,0,0,0,0
Type Resolution Rules,method,Android-Universal-Image-Loader,0.9,0.5,com.nostra13.universalimageloader.core.ImageLoaderConfiguration,504,0,0,0,0,0,0
Unnecessary and Unused Code Rules,method,Android-Universal-Image-Loader,0.9,0.5,com.nostra13.universalimageloader.core.ImageLoaderConfiguration,504,0,0,0,0,0,0
Vulnerability Rules,method,Android-Universal-Image-Loader,0.9,0.5,com.nostra13.universalimageloader.core.ImageLoaderConfiguration,504,0,0,0,0,0,0
CC,method,Android-Universal-Image-Loader,0.9,0.5,com.nostra13.universalimageloader.core.imageaware.ImageNonViewAware,360,0,0,0,1,1,1
CCL,method,Android-Universal-Image-Loader,0.9,0.5,com.nostra13.universalimageloader.core.imageaware.ImageNonViewAware,360,0,0,0,1,1,1
CCO,method,Android-Universal-Image-Loader,0.9,0.5,com.nostra13.universalimageloader.core.imageaware.ImageNonViewAware,360,0,0,0,1,1,1
CI,method,Android-Universal-Image-Loader,0.9,0.5,com.nostra13.universalimageloader.core.imageaware.ImageNonViewAware,360,0,0,0,1,1,1
CLC,method,Android-Universal-Image-Loader,0.9,0.5,com.nostra13.universalimageloader.core.imageaware.ImageNonViewAware,360,0,0,0,1,1,1
CLLC,method,Android-Universal-Image-Loader,0.9,0.5,com.nostra13.universalimageloader.core.imageaware.ImageNonViewAware,360,0,0,0,1,1,1
LDC,method,Android-Universal-Image-Loader,0.9,0.5,com.nostra13.universalimageloader.core.imageaware.ImageNonViewAware,360,0,0,0,1,1,1
LLDC,method,Android-Universal-Image-Loader,0.9,0.5,com.nostra13.universalimageloader.core.imageaware.ImageNonViewAware,360,0,0,0,1,1,1
HCPL,method,Android-Universal-Image-Loader,0.9,0.5,com.nostra13.universalimageloader.core.imageaware.ImageNonViewAware,360,1,1,1,1,1,1
HDIF,method,Android-Universal-Image-Loader,0.9,0.5,com.nostra13.universalimageloader.core.imageaware.ImageNonViewAware,360,1,1,1,1,1,1
HEFF,method,Android-Universal-Image-Loader,0.9,0.5,com.nostra13.universalimageloader.core.imageaware.ImageNonViewAware,360,1,1,1,1,1,1
HNDB,method,Android-Universal-Image-Loader,0.9,0.5,com.nostra13.universalimageloader.core.imageaware.ImageNonViewAware,360,1,1,1,1,1,1
HPL,method,Android-Universal-Image-Loader,0.9,0.5,com.nostra13.universalimageloader.core.imageaware.ImageNonViewAware,360,1,1,1,1,1,1
HPV,method,Android-Universal-Image-Loader,0.9,0.5,com.nostra13.universalimageloader.core.imageaware.ImageNonViewAware,360,1,1,1,1,1,1
HTRP,method,Android-Universal-Image-Loader,0.9,0.5,com.nostra13.universalimageloader.core.imageaware.ImageNonViewAware,360,1,1,1,1,1,1
HVOL,method,Android-Universal-Image-Loader,0.9,0.5,com.nostra13.universalimageloader.core.imageaware.ImageNonViewAware,360,1,1,1,1,1,1
MI,method,Android-Universal-Image-Loader,0.9,0.5,com.nostra13.universalimageloader.core.imageaware.ImageNonViewAware,360,1,1,1,1,1,1
MIMS,method,Android-Universal-Image-Loader,0.9,0.5,com.nostra13.universalimageloader.core.imageaware.ImageNonViewAware,360,1,1,1,1,1,1
MISEI,method,Android-Universal-Image-Loader,0.9,0.5,com.nostra13.universalimageloader.core.imageaware.ImageNonViewAware,360,1,1,1,1,1,1
MISM,method,Android-Universal-Image-Loader,0.9,0.5,com.nostra13.universalimageloader.core.imageaware.ImageNonViewAware,360,1,1,1,1,1,1
McCC,method,Android-Universal-Image-Loader,0.9,0.5,com.nostra13.universalimageloader.core.imageaware.ImageNonViewAware,360,0,0,0,1,1,1
NL,method,Android-Universal-Image-Loader,0.9,0.5,com.nostra13.universalimageloader.core.imageaware.ImageNonViewAware,360,0,0,0,1,1,1
NLE,method,Android-Universal-Image-Loader,0.9,0.5,com.nostra13.universalimageloader.core.imageaware.ImageNonViewAware,360,0,0,0,1,1,1
NII,method,Android-Universal-Image-Loader,0.9,0.5,com.nostra13.universalimageloader.core.imageaware.ImageNonViewAware,360,1,1,1,1,1,1
NOI,method,Android-Universal-Image-Loader,0.9,0.5,com.nostra13.universalimageloader.core.imageaware.ImageNonViewAware,360,0,0,0,1,1,1
CD,method,Android-Universal-Image-Loader,0.9,0.5,com.nostra13.universalimageloader.core.imageaware.ImageNonViewAware,360,0,0,0,1,1,1
CLOC,method,Android-Universal-Image-Loader,0.9,0.5,com.nostra13.universalimageloader.core.imageaware.ImageNonViewAware,360,0,0,0,1,1,1
DLOC,method,Android-Universal-Image-Loader,0.9,0.5,com.nostra13.universalimageloader.core.imageaware.ImageNonViewAware,360,0,0,0,1,1,1
TCD,method,Android-Universal-Image-Loader,0.9,0.5,com.nostra13.universalimageloader.core.imageaware.ImageNonViewAware,360,0,0,0,1,1,1
TCLOC,method,Android-Universal-Image-Loader,0.9,0.5,com.nostra13.universalimageloader.core.imageaware.ImageNonViewAware,360,0,0,0,1,1,1
LLOC,method,Android-Universal-Image-Loader,0.9,0.5,com.nostra13.universalimageloader.core.imageaware.ImageNonViewAware,360,1,1,1,1,1,1
LOC,method,Android-Universal-Image-Loader,0.9,0.5,com.nostra13.universalimageloader.core.imageaware.ImageNonViewAware,360,1,1,1,1,1,1
NOS,method,Android-Universal-Image-Loader,0.9,0.5,com.nostra13.universalimageloader.core.imageaware.ImageNonViewAware,360,1,1,1,1,1,1
NUMPAR,method,Android-Universal-Image-Loader,0.9,0.5,com.nostra13.universalimageloader.core.imageaware.ImageNonViewAware,360,0,0,0,1,1,1
TLLOC,method,Android-Universal-Image-Loader,0.9,0.5,com.nostra13.universalimageloader.core.imageaware.ImageNonViewAware,360,1,1,1,1,1,1
TLOC,method,Android-Universal-Image-Loader,0.9,0.5,com.nostra13.universalimageloader.core.imageaware.ImageNonViewAware,360,1,1,1,1,1,1
TNOS,method,Android-Universal-Image-Loader,0.9,0.5,com.nostra13.universalimageloader.core.imageaware.ImageNonViewAware,360,0,0,0,0,0,0
WarningBlocker,method,Android-Universal-Image-Loader,0.9,0.5,com.nostra13.universalimageloader.core.imageaware.ImageNonViewAware,360,0,0,0,0,0,0
WarningCritical,method,Android-Universal-Image-Loader,0.9,0.5,com.nostra13.universalimageloader.core.imageaware.ImageNonViewAware,360,0,0,0,0,0,0
WarningInfo,method,Android-Universal-Image-Loader,0.9,0.5,com.nostra13.universalimageloader.core.imageaware.ImageNonViewAware,360,0,0,0,0,0,0
WarningMajor,method,Android-Universal-Image-Loader,0.9,0.5,com.nostra13.universalimageloader.core.imageaware.ImageNonViewAware,360,0,0,0,0,0,0
WarningMinor,method,Android-Universal-Image-Loader,0.9,0.5,com.nostra13.universalimageloader.core.imageaware.ImageNonViewAware,360,0,0,0,0,0,0
Android Rules,method,Android-Universal-Image-Loader,0.9,0.5,com.nostra13.universalimageloader.core.imageaware.ImageNonViewAware,360,0,0,0,0,0,0
Basic Rules,method,Android-Universal-Image-Loader,0.9,0.5,com.nostra13.universalimageloader.core.imageaware.ImageNonViewAware,360,0,0,0,0,0,0
Brace Rules,method,Android-Universal-Image-Loader,0.9,0.5,com.nostra13.universalimageloader.core.imageaware.ImageNonViewAware,360,0,0,0,0,0,0
Clone Implementation Rules,method,Android-Universal-Image-Loader,0.9,0.5,com.nostra13.universalimageloader.core.imageaware.ImageNonViewAware,360,0,0,0,0,0,0
Code Size Rules,method,Android-Universal-Image-Loader,0.9,0.5,com.nostra13.universalimageloader.core.imageaware.ImageNonViewAware,360,0,0,0,0,0,0
Comment Rules,method,Android-Universal-Image-Loader,0.9,0.5,com.nostra13.universalimageloader.core.imageaware.ImageNonViewAware,360,0,0,0,0,0,0
Controversial Rules,method,Android-Universal-Image-Loader,0.9,0.5,com.nostra13.universalimageloader.core.imageaware.ImageNonViewAware,360,0,0,0,0,0,0
Coupling Rules,method,Android-Universal-Image-Loader,0.9,0.5,com.nostra13.universalimageloader.core.imageaware.ImageNonViewAware,360,0,0,0,0,0,0
Design Rules,method,Android-Universal-Image-Loader,0.9,0.5,com.nostra13.universalimageloader.core.imageaware.ImageNonViewAware,360,0,0,0,0,0,0
Empty Code Rules,method,Android-Universal-Image-Loader,0.9,0.5,com.nostra13.universalimageloader.core.imageaware.ImageNonViewAware,360,0,0,0,0,0,0
Finalizer Rules,method,Android-Universal-Image-Loader,0.9,0.5,com.nostra13.universalimageloader.core.imageaware.ImageNonViewAware,360,0,0,0,0,0,0
Import Statement Rules,method,Android-Universal-Image-Loader,0.9,0.5,com.nostra13.universalimageloader.core.imageaware.ImageNonViewAware,360,0,0,0,0,0,0
J2EE Rules,method,Android-Universal-Image-Loader,0.9,0.5,com.nostra13.universalimageloader.core.imageaware.ImageNonViewAware,360,0,0,0,0,0,0
JUnit Rules,method,Android-Universal-Image-Loader,0.9,0.5,com.nostra13.universalimageloader.core.imageaware.ImageNonViewAware,360,0,0,0,0,0,0
Jakarta Commons Logging Rules,method,Android-Universal-Image-Loader,0.9,0.5,com.nostra13.universalimageloader.core.imageaware.ImageNonViewAware,360,0,0,0,0,0,0
Java Logging Rules,method,Android-Universal-Image-Loader,0.9,0.5,com.nostra13.universalimageloader.core.imageaware.ImageNonViewAware,360,0,0,0,0,0,0
JavaBean Rules,method,Android-Universal-Image-Loader,0.9,0.5,com.nostra13.universalimageloader.core.imageaware.ImageNonViewAware,360,0,0,0,0,0,0
MigratingToJUnit4 Rules,method,Android-Universal-Image-Loader,0.9,0.5,com.nostra13.universalimageloader.core.imageaware.ImageNonViewAware,360,0,0,0,0,0,0
Migration Rules,method,Android-Universal-Image-Loader,0.9,0.5,com.nostra13.universalimageloader.core.imageaware.ImageNonViewAware,360,0,0,0,0,0,0
Migration13 Rules,method,Android-Universal-Image-Loader,0.9,0.5,com.nostra13.universalimageloader.core.imageaware.ImageNonViewAware,360,0,0,0,0,0,0
Migration14 Rules,method,Android-Universal-Image-Loader,0.9,0.5,com.nostra13.universalimageloader.core.imageaware.ImageNonViewAware,360,0,0,0,0,0,0
Migration15 Rules,method,Android-Universal-Image-Loader,0.9,0.5,com.nostra13.universalimageloader.core.imageaware.ImageNonViewAware,360,0,0,0,0,0,0
Naming Rules,method,Android-Universal-Image-Loader,0.9,0.5,com.nostra13.universalimageloader.core.imageaware.ImageNonViewAware,360,0,0,0,0,0,0
Optimization Rules,method,Android-Universal-Image-Loader,0.9,0.5,com.nostra13.universalimageloader.core.imageaware.ImageNonViewAware,360,0,0,0,0,0,0
Security Code Guideline Rules,method,Android-Universal-Image-Loader,0.9,0.5,com.nostra13.universalimageloader.core.imageaware.ImageNonViewAware,360,0,0,0,0,0,0
Strict Exception Rules,method,Android-Universal-Image-Loader,0.9,0.5,com.nostra13.universalimageloader.core.imageaware.ImageNonViewAware,360,0,0,0,0,0,0
String and StringBuffer Rules,method,Android-Universal-Image-Loader,0.9,0.5,com.nostra13.universalimageloader.core.imageaware.ImageNonViewAware,360,0,0,0,0,0,0
Type Resolution Rules,method,Android-Universal-Image-Loader,0.9,0.5,com.nostra13.universalimageloader.core.imageaware.ImageNonViewAware,360,0,0,0,0,0,0
Unnecessary and Unused Code Rules,method,Android-Universal-Image-Loader,0.9,0.5,com.nostra13.universalimageloader.core.imageaware.ImageNonViewAware,360,0,0,0,0,0,0
Vulnerability Rules,method,Android-Universal-Image-Loader,0.9,0.5,com.nostra13.universalimageloader.core.imageaware.ImageNonViewAware,360,0,0,0,0,0,0
CC,method,Android-Universal-Image-Loader,0.9,0.5,com.nostra13.universalimageloader.utils.ImageSizeUtils,576,1,1,1,1,1,1
CCL,method,Android-Universal-Image-Loader,0.9,0.5,com.nostra13.universalimageloader.utils.ImageSizeUtils,576,1,1,1,1,1,1
CCO,method,Android-Universal-Image-Loader,0.9,0.5,com.nostra13.universalimageloader.utils.ImageSizeUtils,576,1,1,1,1,1,1
CI,method,Android-Universal-Image-Loader,0.9,0.5,com.nostra13.universalimageloader.utils.ImageSizeUtils,576,1,1,1,1,1,1
CLC,method,Android-Universal-Image-Loader,0.9,0.5,com.nostra13.universalimageloader.utils.ImageSizeUtils,576,1,1,1,1,1,1
CLLC,method,Android-Universal-Image-Loader,0.9,0.5,com.nostra13.universalimageloader.utils.ImageSizeUtils,576,1,1,1,1,1,1
LDC,method,Android-Universal-Image-Loader,0.9,0.5,com.nostra13.universalimageloader.utils.ImageSizeUtils,576,1,1,1,1,1,1
LLDC,method,Android-Universal-Image-Loader,0.9,0.5,com.nostra13.universalimageloader.utils.ImageSizeUtils,576,1,1,1,1,1,1
HCPL,method,Android-Universal-Image-Loader,0.9,0.5,com.nostra13.universalimageloader.utils.ImageSizeUtils,576,1,1,1,1,1,1
HDIF,method,Android-Universal-Image-Loader,0.9,0.5,com.nostra13.universalimageloader.utils.ImageSizeUtils,576,1,1,1,1,1,1
HEFF,method,Android-Universal-Image-Loader,0.9,0.5,com.nostra13.universalimageloader.utils.ImageSizeUtils,576,1,1,1,1,1,1
HNDB,method,Android-Universal-Image-Loader,0.9,0.5,com.nostra13.universalimageloader.utils.ImageSizeUtils,576,1,1,1,1,1,1
HPL,method,Android-Universal-Image-Loader,0.9,0.5,com.nostra13.universalimageloader.utils.ImageSizeUtils,576,1,1,1,1,1,1
HPV,method,Android-Universal-Image-Loader,0.9,0.5,com.nostra13.universalimageloader.utils.ImageSizeUtils,576,1,1,1,1,1,1
HTRP,method,Android-Universal-Image-Loader,0.9,0.5,com.nostra13.universalimageloader.utils.ImageSizeUtils,576,1,1,1,1,1,1
HVOL,method,Android-Universal-Image-Loader,0.9,0.5,com.nostra13.universalimageloader.utils.ImageSizeUtils,576,1,1,1,1,1,1
MI,method,Android-Universal-Image-Loader,0.9,0.5,com.nostra13.universalimageloader.utils.ImageSizeUtils,576,1,1,1,1,1,1
MIMS,method,Android-Universal-Image-Loader,0.9,0.5,com.nostra13.universalimageloader.utils.ImageSizeUtils,576,1,1,1,1,1,1
MISEI,method,Android-Universal-Image-Loader,0.9,0.5,com.nostra13.universalimageloader.utils.ImageSizeUtils,576,1,1,1,1,1,1
MISM,method,Android-Universal-Image-Loader,0.9,0.5,com.nostra13.universalimageloader.utils.ImageSizeUtils,576,1,1,1,1,1,1
McCC,method,Android-Universal-Image-Loader,0.9,0.5,com.nostra13.universalimageloader.utils.ImageSizeUtils,576,1,1,1,1,1,1
NL,method,Android-Universal-Image-Loader,0.9,0.5,com.nostra13.universalimageloader.utils.ImageSizeUtils,576,1,1,1,1,1,1
NLE,method,Android-Universal-Image-Loader,0.9,0.5,com.nostra13.universalimageloader.utils.ImageSizeUtils,576,1,1,1,1,1,1
NII,method,Android-Universal-Image-Loader,0.9,0.5,com.nostra13.universalimageloader.utils.ImageSizeUtils,576,0,0,0,1,1,1
NOI,method,Android-Universal-Image-Loader,0.9,0.5,com.nostra13.universalimageloader.utils.ImageSizeUtils,576,0,0,0,1,1,1
CD,method,Android-Universal-Image-Loader,0.9,0.5,com.nostra13.universalimageloader.utils.ImageSizeUtils,576,1,1,1,1,1,1
CLOC,method,Android-Universal-Image-Loader,0.9,0.5,com.nostra13.universalimageloader.utils.ImageSizeUtils,576,1,1,1,1,1,1
DLOC,method,Android-Universal-Image-Loader,0.9,0.5,com.nostra13.universalimageloader.utils.ImageSizeUtils,576,1,1,1,1,1,1
TCD,method,Android-Universal-Image-Loader,0.9,0.5,com.nostra13.universalimageloader.utils.ImageSizeUtils,576,1,1,1,1,1,1
TCLOC,method,Android-Universal-Image-Loader,0.9,0.5,com.nostra13.universalimageloader.utils.ImageSizeUtils,576,1,1,1,1,1,1
LLOC,method,Android-Universal-Image-Loader,0.9,0.5,com.nostra13.universalimageloader.utils.ImageSizeUtils,576,1,1,1,1,1,1
LOC,method,Android-Universal-Image-Loader,0.9,0.5,com.nostra13.universalimageloader.utils.ImageSizeUtils,576,1,1,1,1,1,1
NOS,method,Android-Universal-Image-Loader,0.9,0.5,com.nostra13.universalimageloader.utils.ImageSizeUtils,576,1,1,1,1,1,1
NUMPAR,method,Android-Universal-Image-Loader,0.9,0.5,com.nostra13.universalimageloader.utils.ImageSizeUtils,576,0,0,0,1,1,1
TLLOC,method,Android-Universal-Image-Loader,0.9,0.5,com.nostra13.universalimageloader.utils.ImageSizeUtils,576,1,1,1,1,1,1
TLOC,method,Android-Universal-Image-Loader,0.9,0.5,com.nostra13.universalimageloader.utils.ImageSizeUtils,576,1,1,1,1,1,1
TNOS,method,Android-Universal-Image-Loader,0.9,0.5,com.nostra13.universalimageloader.utils.ImageSizeUtils,576,0,0,0,0,0,0
WarningBlocker,method,Android-Universal-Image-Loader,0.9,0.5,com.nostra13.universalimageloader.utils.ImageSizeUtils,576,0,0,0,0,0,0
WarningCritical,method,Android-Universal-Image-Loader,0.9,0.5,com.nostra13.universalimageloader.utils.ImageSizeUtils,576,0,0,0,0,0,0
WarningInfo,method,Android-Universal-Image-Loader,0.9,0.5,com.nostra13.universalimageloader.utils.ImageSizeUtils,576,0,0,0,0,0,0
WarningMajor,method,Android-Universal-Image-Loader,0.9,0.5,com.nostra13.universalimageloader.utils.ImageSizeUtils,576,0,0,0,0,0,0
WarningMinor,method,Android-Universal-Image-Loader,0.9,0.5,com.nostra13.universalimageloader.utils.ImageSizeUtils,576,0,0,0,0,0,0
Android Rules,method,Android-Universal-Image-Loader,0.9,0.5,com.nostra13.universalimageloader.utils.ImageSizeUtils,576,0,0,0,0,0,0
Basic Rules,method,Android-Universal-Image-Loader,0.9,0.5,com.nostra13.universalimageloader.utils.ImageSizeUtils,576,0,0,0,0,0,0
Brace Rules,method,Android-Universal-Image-Loader,0.9,0.5,com.nostra13.universalimageloader.utils.ImageSizeUtils,576,0,0,0,0,0,0
Clone Implementation Rules,method,Android-Universal-Image-Loader,0.9,0.5,com.nostra13.universalimageloader.utils.ImageSizeUtils,576,0,0,0,0,0,0
Code Size Rules,method,Android-Universal-Image-Loader,0.9,0.5,com.nostra13.universalimageloader.utils.ImageSizeUtils,576,0,0,0,0,0,0
Comment Rules,method,Android-Universal-Image-Loader,0.9,0.5,com.nostra13.universalimageloader.utils.ImageSizeUtils,576,0,0,0,0,0,0
Controversial Rules,method,Android-Universal-Image-Loader,0.9,0.5,com.nostra13.universalimageloader.utils.ImageSizeUtils,576,0,0,0,0,0,0
Coupling Rules,method,Android-Universal-Image-Loader,0.9,0.5,com.nostra13.universalimageloader.utils.ImageSizeUtils,576,0,0,0,0,0,0
Design Rules,method,Android-Universal-Image-Loader,0.9,0.5,com.nostra13.universalimageloader.utils.ImageSizeUtils,576,0,0,0,0,0,0
Empty Code Rules,method,Android-Universal-Image-Loader,0.9,0.5,com.nostra13.universalimageloader.utils.ImageSizeUtils,576,0,0,0,0,0,0
Finalizer Rules,method,Android-Universal-Image-Loader,0.9,0.5,com.nostra13.universalimageloader.utils.ImageSizeUtils,576,0,0,0,0,0,0
Import Statement Rules,method,Android-Universal-Image-Loader,0.9,0.5,com.nostra13.universalimageloader.utils.ImageSizeUtils,576,0,0,0,0,0,0
J2EE Rules,method,Android-Universal-Image-Loader,0.9,0.5,com.nostra13.universalimageloader.utils.ImageSizeUtils,576,0,0,0,0,0,0
JUnit Rules,method,Android-Universal-Image-Loader,0.9,0.5,com.nostra13.universalimageloader.utils.ImageSizeUtils,576,0,0,0,0,0,0
Jakarta Commons Logging Rules,method,Android-Universal-Image-Loader,0.9,0.5,com.nostra13.universalimageloader.utils.ImageSizeUtils,576,0,0,0,0,0,0
Java Logging Rules,method,Android-Universal-Image-Loader,0.9,0.5,com.nostra13.universalimageloader.utils.ImageSizeUtils,576,0,0,0,0,0,0
JavaBean Rules,method,Android-Universal-Image-Loader,0.9,0.5,com.nostra13.universalimageloader.utils.ImageSizeUtils,576,0,0,0,0,0,0
MigratingToJUnit4 Rules,method,Android-Universal-Image-Loader,0.9,0.5,com.nostra13.universalimageloader.utils.ImageSizeUtils,576,0,0,0,0,0,0
Migration Rules,method,Android-Universal-Image-Loader,0.9,0.5,com.nostra13.universalimageloader.utils.ImageSizeUtils,576,0,0,0,0,0,0
Migration13 Rules,method,Android-Universal-Image-Loader,0.9,0.5,com.nostra13.universalimageloader.utils.ImageSizeUtils,576,0,0,0,0,0,0
Migration14 Rules,method,Android-Universal-Image-Loader,0.9,0.5,com.nostra13.universalimageloader.utils.ImageSizeUtils,576,0,0,0,0,0,0
Migration15 Rules,method,Android-Universal-Image-Loader,0.9,0.5,com.nostra13.universalimageloader.utils.ImageSizeUtils,576,0,0,0,0,0,0
Naming Rules,method,Android-Universal-Image-Loader,0.9,0.5,com.nostra13.universalimageloader.utils.ImageSizeUtils,576,0,0,0,0,0,0
Optimization Rules,method,Android-Universal-Image-Loader,0.9,0.5,com.nostra13.universalimageloader.utils.ImageSizeUtils,576,0,0,0,0,0,0
Security Code Guideline Rules,method,Android-Universal-Image-Loader,0.9,0.5,com.nostra13.universalimageloader.utils.ImageSizeUtils,576,0,0,0,0,0,0
Strict Exception Rules,method,Android-Universal-Image-Loader,0.9,0.5,com.nostra13.universalimageloader.utils.ImageSizeUtils,576,0,0,0,0,0,0
String and StringBuffer Rules,method,Android-Universal-Image-Loader,0.9,0.5,com.nostra13.universalimageloader.utils.ImageSizeUtils,576,0,0,0,0,0,0
Type Resolution Rules,method,Android-Universal-Image-Loader,0.9,0.5,com.nostra13.universalimageloader.utils.ImageSizeUtils,576,0,0,0,0,0,0
Unnecessary and Unused Code Rules,method,Android-Universal-Image-Loader,0.9,0.5,com.nostra13.universalimageloader.utils.ImageSizeUtils,576,0,0,0,0,0,0
Vulnerability Rules,method,Android-Universal-Image-Loader,0.9,0.5,com.nostra13.universalimageloader.utils.ImageSizeUtils,576,0,0,0,0,0,0
CC,method,Android-Universal-Image-Loader,0.9,0.5,com.nostra13.universalimageloader.core.ImageLoaderEngine,1800,0,0,0,1,1,0
CCL,method,Android-Universal-Image-Loader,0.9,0.5,com.nostra13.universalimageloader.core.ImageLoaderEngine,1800,0,0,0,1,1,0
CCO,method,Android-Universal-Image-Loader,0.9,0.5,com.nostra13.universalimageloader.core.ImageLoaderEngine,1800,0,0,0,1,1,0
CI,method,Android-Universal-Image-Loader,0.9,0.5,com.nostra13.universalimageloader.core.ImageLoaderEngine,1800,0,0,0,1,1,0
CLC,method,Android-Universal-Image-Loader,0.9,0.5,com.nostra13.universalimageloader.core.ImageLoaderEngine,1800,0,0,0,1,1,0
CLLC,method,Android-Universal-Image-Loader,0.9,0.5,com.nostra13.universalimageloader.core.ImageLoaderEngine,1800,0,0,0,1,1,0
LDC,method,Android-Universal-Image-Loader,0.9,0.5,com.nostra13.universalimageloader.core.ImageLoaderEngine,1800,0,0,0,1,1,0
LLDC,method,Android-Universal-Image-Loader,0.9,0.5,com.nostra13.universalimageloader.core.ImageLoaderEngine,1800,0,0,0,1,1,0
HCPL,method,Android-Universal-Image-Loader,0.9,0.5,com.nostra13.universalimageloader.core.ImageLoaderEngine,1800,1,1,1,1,1,1
HDIF,method,Android-Universal-Image-Loader,0.9,0.5,com.nostra13.universalimageloader.core.ImageLoaderEngine,1800,1,1,1,1,1,1
HEFF,method,Android-Universal-Image-Loader,0.9,0.5,com.nostra13.universalimageloader.core.ImageLoaderEngine,1800,1,1,1,1,1,1
HNDB,method,Android-Universal-Image-Loader,0.9,0.5,com.nostra13.universalimageloader.core.ImageLoaderEngine,1800,1,1,1,1,1,1
HPL,method,Android-Universal-Image-Loader,0.9,0.5,com.nostra13.universalimageloader.core.ImageLoaderEngine,1800,1,1,1,1,1,1
HPV,method,Android-Universal-Image-Loader,0.9,0.5,com.nostra13.universalimageloader.core.ImageLoaderEngine,1800,1,1,1,1,1,1
HTRP,method,Android-Universal-Image-Loader,0.9,0.5,com.nostra13.universalimageloader.core.ImageLoaderEngine,1800,1,1,1,1,1,1
HVOL,method,Android-Universal-Image-Loader,0.9,0.5,com.nostra13.universalimageloader.core.ImageLoaderEngine,1800,1,1,1,1,1,1
MI,method,Android-Universal-Image-Loader,0.9,0.5,com.nostra13.universalimageloader.core.ImageLoaderEngine,1800,1,1,1,1,1,1
MIMS,method,Android-Universal-Image-Loader,0.9,0.5,com.nostra13.universalimageloader.core.ImageLoaderEngine,1800,1,1,1,1,1,1
MISEI,method,Android-Universal-Image-Loader,0.9,0.5,com.nostra13.universalimageloader.core.ImageLoaderEngine,1800,1,1,1,1,1,1
MISM,method,Android-Universal-Image-Loader,0.9,0.5,com.nostra13.universalimageloader.core.ImageLoaderEngine,1800,1,1,1,1,1,1
McCC,method,Android-Universal-Image-Loader,0.9,0.5,com.nostra13.universalimageloader.core.ImageLoaderEngine,1800,0,0,0,1,1,1
NL,method,Android-Universal-Image-Loader,0.9,0.5,com.nostra13.universalimageloader.core.ImageLoaderEngine,1800,1,1,1,1,1,1
NLE,method,Android-Universal-Image-Loader,0.9,0.5,com.nostra13.universalimageloader.core.ImageLoaderEngine,1800,1,1,1,1,1,1
NII,method,Android-Universal-Image-Loader,0.9,0.5,com.nostra13.universalimageloader.core.ImageLoaderEngine,1800,0,0,0,1,1,1
NOI,method,Android-Universal-Image-Loader,0.9,0.5,com.nostra13.universalimageloader.core.ImageLoaderEngine,1800,0,0,0,1,1,1
CD,method,Android-Universal-Image-Loader,0.9,0.5,com.nostra13.universalimageloader.core.ImageLoaderEngine,1800,1,1,1,1,1,1
CLOC,method,Android-Universal-Image-Loader,0.9,0.5,com.nostra13.universalimageloader.core.ImageLoaderEngine,1800,1,1,1,1,1,1
DLOC,method,Android-Universal-Image-Loader,0.9,0.5,com.nostra13.universalimageloader.core.ImageLoaderEngine,1800,1,1,1,1,1,1
TCD,method,Android-Universal-Image-Loader,0.9,0.5,com.nostra13.universalimageloader.core.ImageLoaderEngine,1800,1,1,1,1,1,1
TCLOC,method,Android-Universal-Image-Loader,0.9,0.5,com.nostra13.universalimageloader.core.ImageLoaderEngine,1800,1,1,1,1,1,1
LLOC,method,Android-Universal-Image-Loader,0.9,0.5,com.nostra13.universalimageloader.core.ImageLoaderEngine,1800,1,1,1,1,1,1
LOC,method,Android-Universal-Image-Loader,0.9,0.5,com.nostra13.universalimageloader.core.ImageLoaderEngine,1800,1,1,1,1,1,1
NOS,method,Android-Universal-Image-Loader,0.9,0.5,com.nostra13.universalimageloader.core.ImageLoaderEngine,1800,0,0,1,1,1,1
NUMPAR,method,Android-Universal-Image-Loader,0.9,0.5,com.nostra13.universalimageloader.core.ImageLoaderEngine,1800,0,0,0,1,1,1
TLLOC,method,Android-Universal-Image-Loader,0.9,0.5,com.nostra13.universalimageloader.core.ImageLoaderEngine,1800,1,1,1,1,1,1
TLOC,method,Android-Universal-Image-Loader,0.9,0.5,com.nostra13.universalimageloader.core.ImageLoaderEngine,1800,1,1,1,1,1,1
TNOS,method,Android-Universal-Image-Loader,0.9,0.5,com.nostra13.universalimageloader.core.ImageLoaderEngine,1800,0,0,1,0,0,1
WarningBlocker,method,Android-Universal-Image-Loader,0.9,0.5,com.nostra13.universalimageloader.core.ImageLoaderEngine,1800,0,0,0,0,0,0
WarningCritical,method,Android-Universal-Image-Loader,0.9,0.5,com.nostra13.universalimageloader.core.ImageLoaderEngine,1800,0,0,0,0,0,0
WarningInfo,method,Android-Universal-Image-Loader,0.9,0.5,com.nostra13.universalimageloader.core.ImageLoaderEngine,1800,0,0,0,0,0,0
WarningMajor,method,Android-Universal-Image-Loader,0.9,0.5,com.nostra13.universalimageloader.core.ImageLoaderEngine,1800,0,0,0,0,0,0
WarningMinor,method,Android-Universal-Image-Loader,0.9,0.5,com.nostra13.universalimageloader.core.ImageLoaderEngine,1800,0,0,1,0,0,1
Android Rules,method,Android-Universal-Image-Loader,0.9,0.5,com.nostra13.universalimageloader.core.ImageLoaderEngine,1800,0,0,0,0,0,0
Basic Rules,method,Android-Universal-Image-Loader,0.9,0.5,com.nostra13.universalimageloader.core.ImageLoaderEngine,1800,0,0,0,0,0,0
Brace Rules,method,Android-Universal-Image-Loader,0.9,0.5,com.nostra13.universalimageloader.core.ImageLoaderEngine,1800,0,0,0,0,0,0
Clone Implementation Rules,method,Android-Universal-Image-Loader,0.9,0.5,com.nostra13.universalimageloader.core.ImageLoaderEngine,1800,0,0,0,0,0,0
Code Size Rules,method,Android-Universal-Image-Loader,0.9,0.5,com.nostra13.universalimageloader.core.ImageLoaderEngine,1800,0,0,0,0,0,0
Comment Rules,method,Android-Universal-Image-Loader,0.9,0.5,com.nostra13.universalimageloader.core.ImageLoaderEngine,1800,0,0,0,0,0,0
Controversial Rules,method,Android-Universal-Image-Loader,0.9,0.5,com.nostra13.universalimageloader.core.ImageLoaderEngine,1800,0,0,1,0,0,1
Coupling Rules,method,Android-Universal-Image-Loader,0.9,0.5,com.nostra13.universalimageloader.core.ImageLoaderEngine,1800,0,0,0,0,0,0
Design Rules,method,Android-Universal-Image-Loader,0.9,0.5,com.nostra13.universalimageloader.core.ImageLoaderEngine,1800,0,0,0,0,0,0
Empty Code Rules,method,Android-Universal-Image-Loader,0.9,0.5,com.nostra13.universalimageloader.core.ImageLoaderEngine,1800,0,0,0,0,0,0
Finalizer Rules,method,Android-Universal-Image-Loader,0.9,0.5,com.nostra13.universalimageloader.core.ImageLoaderEngine,1800,0,0,0,0,0,1
Import Statement Rules,method,Android-Universal-Image-Loader,0.9,0.5,com.nostra13.universalimageloader.core.ImageLoaderEngine,1800,0,0,0,0,0,1
J2EE Rules,method,Android-Universal-Image-Loader,0.9,0.5,com.nostra13.universalimageloader.core.ImageLoaderEngine,1800,0,0,0,0,0,1
JUnit Rules,method,Android-Universal-Image-Loader,0.9,0.5,com.nostra13.universalimageloader.core.ImageLoaderEngine,1800,0,0,0,0,0,1
Jakarta Commons Logging Rules,method,Android-Universal-Image-Loader,0.9,0.5,com.nostra13.universalimageloader.core.ImageLoaderEngine,1800,0,0,0,0,0,1
Java Logging Rules,method,Android-Universal-Image-Loader,0.9,0.5,com.nostra13.universalimageloader.core.ImageLoaderEngine,1800,0,0,0,0,0,0
JavaBean Rules,method,Android-Universal-Image-Loader,0.9,0.5,com.nostra13.universalimageloader.core.ImageLoaderEngine,1800,0,0,0,0,0,0
MigratingToJUnit4 Rules,method,Android-Universal-Image-Loader,0.9,0.5,com.nostra13.universalimageloader.core.ImageLoaderEngine,1800,0,0,0,0,0,0
Migration Rules,method,Android-Universal-Image-Loader,0.9,0.5,com.nostra13.universalimageloader.core.ImageLoaderEngine,1800,0,0,0,0,0,0
Migration13 Rules,method,Android-Universal-Image-Loader,0.9,0.5,com.nostra13.universalimageloader.core.ImageLoaderEngine,1800,0,0,0,0,0,0
Migration14 Rules,method,Android-Universal-Image-Loader,0.9,0.5,com.nostra13.universalimageloader.core.ImageLoaderEngine,1800,0,0,0,0,0,0
Migration15 Rules,method,Android-Universal-Image-Loader,0.9,0.5,com.nostra13.universalimageloader.core.ImageLoaderEngine,1800,0,0,0,0,0,0
Naming Rules,method,Android-Universal-Image-Loader,0.9,0.5,com.nostra13.universalimageloader.core.ImageLoaderEngine,1800,0,0,0,0,0,0
Optimization Rules,method,Android-Universal-Image-Loader,0.9,0.5,com.nostra13.universalimageloader.core.ImageLoaderEngine,1800,0,0,0,0,0,0
Security Code Guideline Rules,method,Android-Universal-Image-Loader,0.9,0.5,com.nostra13.universalimageloader.core.ImageLoaderEngine,1800,0,0,0,0,0,0
Strict Exception Rules,method,Android-Universal-Image-Loader,0.9,0.5,com.nostra13.universalimageloader.core.ImageLoaderEngine,1800,0,0,0,0,0,0
String and StringBuffer Rules,method,Android-Universal-Image-Loader,0.9,0.5,com.nostra13.universalimageloader.core.ImageLoaderEngine,1800,0,0,0,0,0,0
Type Resolution Rules,method,Android-Universal-Image-Loader,0.9,0.5,com.nostra13.universalimageloader.core.ImageLoaderEngine,1800,0,0,0,0,0,0
Unnecessary and Unused Code Rules,method,Android-Universal-Image-Loader,0.9,0.5,com.nostra13.universalimageloader.core.ImageLoaderEngine,1800,0,0,0,0,0,0
Vulnerability Rules,method,Android-Universal-Image-Loader,0.9,0.5,com.nostra13.universalimageloader.core.ImageLoaderEngine,1800,0,0,0,0,0,0
CC,method,Android-Universal-Image-Loader,0.9,0.5,com.nostra13.universalimageloader.core.ProcessAndDisplayImageTask,144,0,0,0,1,1,1
CCL,method,Android-Universal-Image-Loader,0.9,0.5,com.nostra13.universalimageloader.core.ProcessAndDisplayImageTask,144,0,0,0,1,1,1
CCO,method,Android-Universal-Image-Loader,0.9,0.5,com.nostra13.universalimageloader.core.ProcessAndDisplayImageTask,144,0,0,0,1,1,1
CI,method,Android-Universal-Image-Loader,0.9,0.5,com.nostra13.universalimageloader.core.ProcessAndDisplayImageTask,144,0,0,0,1,1,1
CLC,method,Android-Universal-Image-Loader,0.9,0.5,com.nostra13.universalimageloader.core.ProcessAndDisplayImageTask,144,0,0,0,1,1,1
CLLC,method,Android-Universal-Image-Loader,0.9,0.5,com.nostra13.universalimageloader.core.ProcessAndDisplayImageTask,144,0,0,0,1,1,1
LDC,method,Android-Universal-Image-Loader,0.9,0.5,com.nostra13.universalimageloader.core.ProcessAndDisplayImageTask,144,0,0,0,1,1,1
LLDC,method,Android-Universal-Image-Loader,0.9,0.5,com.nostra13.universalimageloader.core.ProcessAndDisplayImageTask,144,0,0,0,1,1,1
HCPL,method,Android-Universal-Image-Loader,0.9,0.5,com.nostra13.universalimageloader.core.ProcessAndDisplayImageTask,144,1,1,1,1,1,1
HDIF,method,Android-Universal-Image-Loader,0.9,0.5,com.nostra13.universalimageloader.core.ProcessAndDisplayImageTask,144,1,1,1,1,1,1
HEFF,method,Android-Universal-Image-Loader,0.9,0.5,com.nostra13.universalimageloader.core.ProcessAndDisplayImageTask,144,1,1,1,1,1,1
HNDB,method,Android-Universal-Image-Loader,0.9,0.5,com.nostra13.universalimageloader.core.ProcessAndDisplayImageTask,144,1,1,1,1,1,1
HPL,method,Android-Universal-Image-Loader,0.9,0.5,com.nostra13.universalimageloader.core.ProcessAndDisplayImageTask,144,1,1,1,1,1,1
HPV,method,Android-Universal-Image-Loader,0.9,0.5,com.nostra13.universalimageloader.core.ProcessAndDisplayImageTask,144,1,1,1,1,1,1
HTRP,method,Android-Universal-Image-Loader,0.9,0.5,com.nostra13.universalimageloader.core.ProcessAndDisplayImageTask,144,1,1,1,1,1,1
HVOL,method,Android-Universal-Image-Loader,0.9,0.5,com.nostra13.universalimageloader.core.ProcessAndDisplayImageTask,144,1,1,1,1,1,1
MI,method,Android-Universal-Image-Loader,0.9,0.5,com.nostra13.universalimageloader.core.ProcessAndDisplayImageTask,144,1,1,1,1,1,1
MIMS,method,Android-Universal-Image-Loader,0.9,0.5,com.nostra13.universalimageloader.core.ProcessAndDisplayImageTask,144,1,1,1,1,1,1
MISEI,method,Android-Universal-Image-Loader,0.9,0.5,com.nostra13.universalimageloader.core.ProcessAndDisplayImageTask,144,1,1,1,1,1,1
MISM,method,Android-Universal-Image-Loader,0.9,0.5,com.nostra13.universalimageloader.core.ProcessAndDisplayImageTask,144,1,1,1,1,1,1
McCC,method,Android-Universal-Image-Loader,0.9,0.5,com.nostra13.universalimageloader.core.ProcessAndDisplayImageTask,144,1,1,1,1,1,1
NL,method,Android-Universal-Image-Loader,0.9,0.5,com.nostra13.universalimageloader.core.ProcessAndDisplayImageTask,144,0,0,0,1,1,1
NLE,method,Android-Universal-Image-Loader,0.9,0.5,com.nostra13.universalimageloader.core.ProcessAndDisplayImageTask,144,0,0,0,1,1,1
NII,method,Android-Universal-Image-Loader,0.9,0.5,com.nostra13.universalimageloader.core.ProcessAndDisplayImageTask,144,0,0,0,1,1,1
NOI,method,Android-Universal-Image-Loader,0.9,0.5,com.nostra13.universalimageloader.core.ProcessAndDisplayImageTask,144,0,0,0,1,1,1
CD,method,Android-Universal-Image-Loader,0.9,0.5,com.nostra13.universalimageloader.core.ProcessAndDisplayImageTask,144,0,0,0,1,1,1
CLOC,method,Android-Universal-Image-Loader,0.9,0.5,com.nostra13.universalimageloader.core.ProcessAndDisplayImageTask,144,0,0,0,1,1,1
DLOC,method,Android-Universal-Image-Loader,0.9,0.5,com.nostra13.universalimageloader.core.ProcessAndDisplayImageTask,144,0,0,0,1,1,1
TCD,method,Android-Universal-Image-Loader,0.9,0.5,com.nostra13.universalimageloader.core.ProcessAndDisplayImageTask,144,0,0,0,1,1,1
TCLOC,method,Android-Universal-Image-Loader,0.9,0.5,com.nostra13.universalimageloader.core.ProcessAndDisplayImageTask,144,0,0,0,1,1,1
LLOC,method,Android-Universal-Image-Loader,0.9,0.5,com.nostra13.universalimageloader.core.ProcessAndDisplayImageTask,144,1,1,1,1,1,1
LOC,method,Android-Universal-Image-Loader,0.9,0.5,com.nostra13.universalimageloader.core.ProcessAndDisplayImageTask,144,1,1,1,1,1,1
NOS,method,Android-Universal-Image-Loader,0.9,0.5,com.nostra13.universalimageloader.core.ProcessAndDisplayImageTask,144,1,1,1,1,1,1
NUMPAR,method,Android-Universal-Image-Loader,0.9,0.5,com.nostra13.universalimageloader.core.ProcessAndDisplayImageTask,144,0,0,0,1,1,1
TLLOC,method,Android-Universal-Image-Loader,0.9,0.5,com.nostra13.universalimageloader.core.ProcessAndDisplayImageTask,144,1,1,1,1,1,1
TLOC,method,Android-Universal-Image-Loader,0.9,0.5,com.nostra13.universalimageloader.core.ProcessAndDisplayImageTask,144,1,1,1,1,1,1
TNOS,method,Android-Universal-Image-Loader,0.9,0.5,com.nostra13.universalimageloader.core.ProcessAndDisplayImageTask,144,0,0,0,0,0,0
WarningBlocker,method,Android-Universal-Image-Loader,0.9,0.5,com.nostra13.universalimageloader.core.ProcessAndDisplayImageTask,144,0,0,0,0,0,0
WarningCritical,method,Android-Universal-Image-Loader,0.9,0.5,com.nostra13.universalimageloader.core.ProcessAndDisplayImageTask,144,0,0,0,0,0,0
WarningInfo,method,Android-Universal-Image-Loader,0.9,0.5,com.nostra13.universalimageloader.core.ProcessAndDisplayImageTask,144,0,0,0,0,0,0
WarningMajor,method,Android-Universal-Image-Loader,0.9,0.5,com.nostra13.universalimageloader.core.ProcessAndDisplayImageTask,144,0,0,0,0,0,0
WarningMinor,method,Android-Universal-Image-Loader,0.9,0.5,com.nostra13.universalimageloader.core.ProcessAndDisplayImageTask,144,0,0,0,0,0,0
Android Rules,method,Android-Universal-Image-Loader,0.9,0.5,com.nostra13.universalimageloader.core.ProcessAndDisplayImageTask,144,0,0,0,0,0,0
Basic Rules,method,Android-Universal-Image-Loader,0.9,0.5,com.nostra13.universalimageloader.core.ProcessAndDisplayImageTask,144,0,0,0,0,0,0
Brace Rules,method,Android-Universal-Image-Loader,0.9,0.5,com.nostra13.universalimageloader.core.ProcessAndDisplayImageTask,144,0,0,0,0,0,0
Clone Implementation Rules,method,Android-Universal-Image-Loader,0.9,0.5,com.nostra13.universalimageloader.core.ProcessAndDisplayImageTask,144,0,0,0,0,0,0
Code Size Rules,method,Android-Universal-Image-Loader,0.9,0.5,com.nostra13.universalimageloader.core.ProcessAndDisplayImageTask,144,0,0,0,0,0,0
Comment Rules,method,Android-Universal-Image-Loader,0.9,0.5,com.nostra13.universalimageloader.core.ProcessAndDisplayImageTask,144,0,0,0,0,0,0
Controversial Rules,method,Android-Universal-Image-Loader,0.9,0.5,com.nostra13.universalimageloader.core.ProcessAndDisplayImageTask,144,0,0,0,0,0,0
Coupling Rules,method,Android-Universal-Image-Loader,0.9,0.5,com.nostra13.universalimageloader.core.ProcessAndDisplayImageTask,144,0,0,0,0,0,0
Design Rules,method,Android-Universal-Image-Loader,0.9,0.5,com.nostra13.universalimageloader.core.ProcessAndDisplayImageTask,144,0,0,0,0,0,0
Empty Code Rules,method,Android-Universal-Image-Loader,0.9,0.5,com.nostra13.universalimageloader.core.ProcessAndDisplayImageTask,144,0,0,0,0,0,0
Finalizer Rules,method,Android-Universal-Image-Loader,0.9,0.5,com.nostra13.universalimageloader.core.ProcessAndDisplayImageTask,144,0,0,0,0,0,0
Import Statement Rules,method,Android-Universal-Image-Loader,0.9,0.5,com.nostra13.universalimageloader.core.ProcessAndDisplayImageTask,144,0,0,0,0,0,0
J2EE Rules,method,Android-Universal-Image-Loader,0.9,0.5,com.nostra13.universalimageloader.core.ProcessAndDisplayImageTask,144,0,0,0,0,0,0
JUnit Rules,method,Android-Universal-Image-Loader,0.9,0.5,com.nostra13.universalimageloader.core.ProcessAndDisplayImageTask,144,0,0,0,0,0,0
Jakarta Commons Logging Rules,method,Android-Universal-Image-Loader,0.9,0.5,com.nostra13.universalimageloader.core.ProcessAndDisplayImageTask,144,0,0,0,0,0,0
Java Logging Rules,method,Android-Universal-Image-Loader,0.9,0.5,com.nostra13.universalimageloader.core.ProcessAndDisplayImageTask,144,0,0,0,0,0,0
JavaBean Rules,method,Android-Universal-Image-Loader,0.9,0.5,com.nostra13.universalimageloader.core.ProcessAndDisplayImageTask,144,0,0,0,0,0,0
MigratingToJUnit4 Rules,method,Android-Universal-Image-Loader,0.9,0.5,com.nostra13.universalimageloader.core.ProcessAndDisplayImageTask,144,0,0,0,0,0,0
Migration Rules,method,Android-Universal-Image-Loader,0.9,0.5,com.nostra13.universalimageloader.core.ProcessAndDisplayImageTask,144,0,0,0,0,0,0
Migration13 Rules,method,Android-Universal-Image-Loader,0.9,0.5,com.nostra13.universalimageloader.core.ProcessAndDisplayImageTask,144,0,0,0,0,0,0
Migration14 Rules,method,Android-Universal-Image-Loader,0.9,0.5,com.nostra13.universalimageloader.core.ProcessAndDisplayImageTask,144,0,0,0,0,0,0
Migration15 Rules,method,Android-Universal-Image-Loader,0.9,0.5,com.nostra13.universalimageloader.core.ProcessAndDisplayImageTask,144,0,0,0,0,0,0
Naming Rules,method,Android-Universal-Image-Loader,0.9,0.5,com.nostra13.universalimageloader.core.ProcessAndDisplayImageTask,144,0,0,0,0,0,0
Optimization Rules,method,Android-Universal-Image-Loader,0.9,0.5,com.nostra13.universalimageloader.core.ProcessAndDisplayImageTask,144,0,0,0,0,0,0
Security Code Guideline Rules,method,Android-Universal-Image-Loader,0.9,0.5,com.nostra13.universalimageloader.core.ProcessAndDisplayImageTask,144,0,0,0,0,0,0
Strict Exception Rules,method,Android-Universal-Image-Loader,0.9,0.5,com.nostra13.universalimageloader.core.ProcessAndDisplayImageTask,144,0,0,0,0,0,0
String and StringBuffer Rules,method,Android-Universal-Image-Loader,0.9,0.5,com.nostra13.universalimageloader.core.ProcessAndDisplayImageTask,144,0,0,0,0,0,0
Type Resolution Rules,method,Android-Universal-Image-Loader,0.9,0.5,com.nostra13.universalimageloader.core.ProcessAndDisplayImageTask,144,0,0,0,0,0,0
Unnecessary and Unused Code Rules,method,Android-Universal-Image-Loader,0.9,0.5,com.nostra13.universalimageloader.core.ProcessAndDisplayImageTask,144,0,0,0,0,0,0
Vulnerability Rules,method,Android-Universal-Image-Loader,0.9,0.5,com.nostra13.universalimageloader.core.ProcessAndDisplayImageTask,144,0,0,0,0,0,0
CC,method,Android-Universal-Image-Loader,0.9,0.5,com.nostra13.universalimageloader.core.download.BaseImageDownloader,720,0,0,0,1,1,1
CCL,method,Android-Universal-Image-Loader,0.9,0.5,com.nostra13.universalimageloader.core.download.BaseImageDownloader,720,0,0,0,1,1,1
CCO,method,Android-Universal-Image-Loader,0.9,0.5,com.nostra13.universalimageloader.core.download.BaseImageDownloader,720,0,0,0,1,1,1
CI,method,Android-Universal-Image-Loader,0.9,0.5,com.nostra13.universalimageloader.core.download.BaseImageDownloader,720,0,0,0,1,1,1
CLC,method,Android-Universal-Image-Loader,0.9,0.5,com.nostra13.universalimageloader.core.download.BaseImageDownloader,720,0,0,0,1,1,1
CLLC,method,Android-Universal-Image-Loader,0.9,0.5,com.nostra13.universalimageloader.core.download.BaseImageDownloader,720,0,0,0,1,1,1
LDC,method,Android-Universal-Image-Loader,0.9,0.5,com.nostra13.universalimageloader.core.download.BaseImageDownloader,720,0,0,0,1,1,1
LLDC,method,Android-Universal-Image-Loader,0.9,0.5,com.nostra13.universalimageloader.core.download.BaseImageDownloader,720,0,0,0,1,1,1
HCPL,method,Android-Universal-Image-Loader,0.9,0.5,com.nostra13.universalimageloader.core.download.BaseImageDownloader,720,1,1,1,1,1,1
HDIF,method,Android-Universal-Image-Loader,0.9,0.5,com.nostra13.universalimageloader.core.download.BaseImageDownloader,720,1,1,1,1,1,1
HEFF,method,Android-Universal-Image-Loader,0.9,0.5,com.nostra13.universalimageloader.core.download.BaseImageDownloader,720,1,1,1,1,1,1
HNDB,method,Android-Universal-Image-Loader,0.9,0.5,com.nostra13.universalimageloader.core.download.BaseImageDownloader,720,1,1,1,1,1,1
HPL,method,Android-Universal-Image-Loader,0.9,0.5,com.nostra13.universalimageloader.core.download.BaseImageDownloader,720,1,1,1,1,1,1
HPV,method,Android-Universal-Image-Loader,0.9,0.5,com.nostra13.universalimageloader.core.download.BaseImageDownloader,720,1,1,1,1,1,1
HTRP,method,Android-Universal-Image-Loader,0.9,0.5,com.nostra13.universalimageloader.core.download.BaseImageDownloader,720,1,1,1,1,1,1
HVOL,method,Android-Universal-Image-Loader,0.9,0.5,com.nostra13.universalimageloader.core.download.BaseImageDownloader,720,1,1,1,1,1,1
MI,method,Android-Universal-Image-Loader,0.9,0.5,com.nostra13.universalimageloader.core.download.BaseImageDownloader,720,1,1,1,1,1,1
MIMS,method,Android-Universal-Image-Loader,0.9,0.5,com.nostra13.universalimageloader.core.download.BaseImageDownloader,720,1,1,1,1,1,1
MISEI,method,Android-Universal-Image-Loader,0.9,0.5,com.nostra13.universalimageloader.core.download.BaseImageDownloader,720,1,1,1,1,1,1
MISM,method,Android-Universal-Image-Loader,0.9,0.5,com.nostra13.universalimageloader.core.download.BaseImageDownloader,720,1,1,1,1,1,1
McCC,method,Android-Universal-Image-Loader,0.9,0.5,com.nostra13.universalimageloader.core.download.BaseImageDownloader,720,0,0,0,1,1,1
NL,method,Android-Universal-Image-Loader,0.9,0.5,com.nostra13.universalimageloader.core.download.BaseImageDownloader,720,1,1,1,1,1,1
NLE,method,Android-Universal-Image-Loader,0.9,0.5,com.nostra13.universalimageloader.core.download.BaseImageDownloader,720,1,1,1,1,1,1
NII,method,Android-Universal-Image-Loader,0.9,0.5,com.nostra13.universalimageloader.core.download.BaseImageDownloader,720,0,0,0,1,1,1
NOI,method,Android-Universal-Image-Loader,0.9,0.5,com.nostra13.universalimageloader.core.download.BaseImageDownloader,720,0,0,0,1,1,1
CD,method,Android-Universal-Image-Loader,0.9,0.5,com.nostra13.universalimageloader.core.download.BaseImageDownloader,720,1,1,1,1,1,1
CLOC,method,Android-Universal-Image-Loader,0.9,0.5,com.nostra13.universalimageloader.core.download.BaseImageDownloader,720,1,1,1,1,1,1
DLOC,method,Android-Universal-Image-Loader,0.9,0.5,com.nostra13.universalimageloader.core.download.BaseImageDownloader,720,1,1,1,1,1,1
TCD,method,Android-Universal-Image-Loader,0.9,0.5,com.nostra13.universalimageloader.core.download.BaseImageDownloader,720,1,1,1,1,1,1
TCLOC,method,Android-Universal-Image-Loader,0.9,0.5,com.nostra13.universalimageloader.core.download.BaseImageDownloader,720,1,1,1,1,1,1
LLOC,method,Android-Universal-Image-Loader,0.9,0.5,com.nostra13.universalimageloader.core.download.BaseImageDownloader,720,1,1,1,1,1,1
LOC,method,Android-Universal-Image-Loader,0.9,0.5,com.nostra13.universalimageloader.core.download.BaseImageDownloader,720,1,1,1,1,1,1
NOS,method,Android-Universal-Image-Loader,0.9,0.5,com.nostra13.universalimageloader.core.download.BaseImageDownloader,720,1,1,1,1,1,1
NUMPAR,method,Android-Universal-Image-Loader,0.9,0.5,com.nostra13.universalimageloader.core.download.BaseImageDownloader,720,0,0,0,1,1,1
TLLOC,method,Android-Universal-Image-Loader,0.9,0.5,com.nostra13.universalimageloader.core.download.BaseImageDownloader,720,1,1,1,1,1,1
TLOC,method,Android-Universal-Image-Loader,0.9,0.5,com.nostra13.universalimageloader.core.download.BaseImageDownloader,720,1,1,1,1,1,1
TNOS,method,Android-Universal-Image-Loader,0.9,0.5,com.nostra13.universalimageloader.core.download.BaseImageDownloader,720,0,0,0,0,0,0
WarningBlocker,method,Android-Universal-Image-Loader,0.9,0.5,com.nostra13.universalimageloader.core.download.BaseImageDownloader,720,0,0,0,0,0,0
WarningCritical,method,Android-Universal-Image-Loader,0.9,0.5,com.nostra13.universalimageloader.core.download.BaseImageDownloader,720,0,0,0,0,0,0
WarningInfo,method,Android-Universal-Image-Loader,0.9,0.5,com.nostra13.universalimageloader.core.download.BaseImageDownloader,720,0,0,0,0,0,0
WarningMajor,method,Android-Universal-Image-Loader,0.9,0.5,com.nostra13.universalimageloader.core.download.BaseImageDownloader,720,0,0,0,0,0,0
WarningMinor,method,Android-Universal-Image-Loader,0.9,0.5,com.nostra13.universalimageloader.core.download.BaseImageDownloader,720,0,0,0,0,0,0
Android Rules,method,Android-Universal-Image-Loader,0.9,0.5,com.nostra13.universalimageloader.core.download.BaseImageDownloader,720,0,0,0,0,0,0
Basic Rules,method,Android-Universal-Image-Loader,0.9,0.5,com.nostra13.universalimageloader.core.download.BaseImageDownloader,720,0,0,0,0,0,0
Brace Rules,method,Android-Universal-Image-Loader,0.9,0.5,com.nostra13.universalimageloader.core.download.BaseImageDownloader,720,0,0,0,0,0,0
Clone Implementation Rules,method,Android-Universal-Image-Loader,0.9,0.5,com.nostra13.universalimageloader.core.download.BaseImageDownloader,720,0,0,0,0,0,0
Code Size Rules,method,Android-Universal-Image-Loader,0.9,0.5,com.nostra13.universalimageloader.core.download.BaseImageDownloader,720,0,0,0,0,0,0
Comment Rules,method,Android-Universal-Image-Loader,0.9,0.5,com.nostra13.universalimageloader.core.download.BaseImageDownloader,720,0,0,0,0,0,0
Controversial Rules,method,Android-Universal-Image-Loader,0.9,0.5,com.nostra13.universalimageloader.core.download.BaseImageDownloader,720,0,0,0,0,0,0
Coupling Rules,method,Android-Universal-Image-Loader,0.9,0.5,com.nostra13.universalimageloader.core.download.BaseImageDownloader,720,0,0,0,0,0,0
Design Rules,method,Android-Universal-Image-Loader,0.9,0.5,com.nostra13.universalimageloader.core.download.BaseImageDownloader,720,0,0,0,0,0,0
Empty Code Rules,method,Android-Universal-Image-Loader,0.9,0.5,com.nostra13.universalimageloader.core.download.BaseImageDownloader,720,0,0,0,0,0,0
Finalizer Rules,method,Android-Universal-Image-Loader,0.9,0.5,com.nostra13.universalimageloader.core.download.BaseImageDownloader,720,0,0,0,0,0,0
Import Statement Rules,method,Android-Universal-Image-Loader,0.9,0.5,com.nostra13.universalimageloader.core.download.BaseImageDownloader,720,0,0,0,0,0,0
J2EE Rules,method,Android-Universal-Image-Loader,0.9,0.5,com.nostra13.universalimageloader.core.download.BaseImageDownloader,720,0,0,0,0,0,0
JUnit Rules,method,Android-Universal-Image-Loader,0.9,0.5,com.nostra13.universalimageloader.core.download.BaseImageDownloader,720,0,0,0,0,0,0
Jakarta Commons Logging Rules,method,Android-Universal-Image-Loader,0.9,0.5,com.nostra13.universalimageloader.core.download.BaseImageDownloader,720,0,0,0,0,0,0
Java Logging Rules,method,Android-Universal-Image-Loader,0.9,0.5,com.nostra13.universalimageloader.core.download.BaseImageDownloader,720,0,0,0,0,0,0
JavaBean Rules,method,Android-Universal-Image-Loader,0.9,0.5,com.nostra13.universalimageloader.core.download.BaseImageDownloader,720,0,0,0,0,0,0
MigratingToJUnit4 Rules,method,Android-Universal-Image-Loader,0.9,0.5,com.nostra13.universalimageloader.core.download.BaseImageDownloader,720,0,0,0,0,0,0
Migration Rules,method,Android-Universal-Image-Loader,0.9,0.5,com.nostra13.universalimageloader.core.download.BaseImageDownloader,720,0,0,0,0,0,0
Migration13 Rules,method,Android-Universal-Image-Loader,0.9,0.5,com.nostra13.universalimageloader.core.download.BaseImageDownloader,720,0,0,0,0,0,0
Migration14 Rules,method,Android-Universal-Image-Loader,0.9,0.5,com.nostra13.universalimageloader.core.download.BaseImageDownloader,720,0,0,0,0,0,0
Migration15 Rules,method,Android-Universal-Image-Loader,0.9,0.5,com.nostra13.universalimageloader.core.download.BaseImageDownloader,720,0,0,0,0,0,0
Naming Rules,method,Android-Universal-Image-Loader,0.9,0.5,com.nostra13.universalimageloader.core.download.BaseImageDownloader,720,0,0,0,0,0,0
Optimization Rules,method,Android-Universal-Image-Loader,0.9,0.5,com.nostra13.universalimageloader.core.download.BaseImageDownloader,720,0,0,0,0,0,0
Security Code Guideline Rules,method,Android-Universal-Image-Loader,0.9,0.5,com.nostra13.universalimageloader.core.download.BaseImageDownloader,720,0,0,0,0,0,0
Strict Exception Rules,method,Android-Universal-Image-Loader,0.9,0.5,com.nostra13.universalimageloader.core.download.BaseImageDownloader,720,0,0,0,0,0,0
String and StringBuffer Rules,method,Android-Universal-Image-Loader,0.9,0.5,com.nostra13.universalimageloader.core.download.BaseImageDownloader,720,0,0,0,0,0,0
Type Resolution Rules,method,Android-Universal-Image-Loader,0.9,0.5,com.nostra13.universalimageloader.core.download.BaseImageDownloader,720,0,0,0,0,0,0
Unnecessary and Unused Code Rules,method,Android-Universal-Image-Loader,0.9,0.5,com.nostra13.universalimageloader.core.download.BaseImageDownloader,720,0,0,0,0,0,0
Vulnerability Rules,method,Android-Universal-Image-Loader,0.9,0.5,com.nostra13.universalimageloader.core.download.BaseImageDownloader,720,0,0,0,0,0,0
CC,method,Android-Universal-Image-Loader,0.9,0.5,com.nostra13.universalimageloader.core.DisplayBitmapTask,1008,0,0,0,1,1,1
CCL,method,Android-Universal-Image-Loader,0.9,0.5,com.nostra13.universalimageloader.core.DisplayBitmapTask,1008,0,0,0,1,1,1
CCO,method,Android-Universal-Image-Loader,0.9,0.5,com.nostra13.universalimageloader.core.DisplayBitmapTask,1008,0,0,0,1,1,1
CI,method,Android-Universal-Image-Loader,0.9,0.5,com.nostra13.universalimageloader.core.DisplayBitmapTask,1008,0,0,0,1,1,1
CLC,method,Android-Universal-Image-Loader,0.9,0.5,com.nostra13.universalimageloader.core.DisplayBitmapTask,1008,0,0,0,1,1,1
CLLC,method,Android-Universal-Image-Loader,0.9,0.5,com.nostra13.universalimageloader.core.DisplayBitmapTask,1008,0,0,0,1,1,1
LDC,method,Android-Universal-Image-Loader,0.9,0.5,com.nostra13.universalimageloader.core.DisplayBitmapTask,1008,0,0,0,1,1,1
LLDC,method,Android-Universal-Image-Loader,0.9,0.5,com.nostra13.universalimageloader.core.DisplayBitmapTask,1008,0,0,0,1,1,1
HCPL,method,Android-Universal-Image-Loader,0.9,0.5,com.nostra13.universalimageloader.core.DisplayBitmapTask,1008,1,1,1,1,1,1
HDIF,method,Android-Universal-Image-Loader,0.9,0.5,com.nostra13.universalimageloader.core.DisplayBitmapTask,1008,1,1,1,1,1,1
HEFF,method,Android-Universal-Image-Loader,0.9,0.5,com.nostra13.universalimageloader.core.DisplayBitmapTask,1008,1,1,1,1,1,1
HNDB,method,Android-Universal-Image-Loader,0.9,0.5,com.nostra13.universalimageloader.core.DisplayBitmapTask,1008,1,1,1,1,1,1
HPL,method,Android-Universal-Image-Loader,0.9,0.5,com.nostra13.universalimageloader.core.DisplayBitmapTask,1008,1,1,1,1,1,1
HPV,method,Android-Universal-Image-Loader,0.9,0.5,com.nostra13.universalimageloader.core.DisplayBitmapTask,1008,1,1,1,1,1,1
HTRP,method,Android-Universal-Image-Loader,0.9,0.5,com.nostra13.universalimageloader.core.DisplayBitmapTask,1008,1,1,1,1,1,1
HVOL,method,Android-Universal-Image-Loader,0.9,0.5,com.nostra13.universalimageloader.core.DisplayBitmapTask,1008,1,1,1,1,1,1
MI,method,Android-Universal-Image-Loader,0.9,0.5,com.nostra13.universalimageloader.core.DisplayBitmapTask,1008,1,1,1,1,1,1
MIMS,method,Android-Universal-Image-Loader,0.9,0.5,com.nostra13.universalimageloader.core.DisplayBitmapTask,1008,1,1,1,1,1,1
MISEI,method,Android-Universal-Image-Loader,0.9,0.5,com.nostra13.universalimageloader.core.DisplayBitmapTask,1008,1,1,1,1,1,1
MISM,method,Android-Universal-Image-Loader,0.9,0.5,com.nostra13.universalimageloader.core.DisplayBitmapTask,1008,1,1,1,1,1,1
McCC,method,Android-Universal-Image-Loader,0.9,0.5,com.nostra13.universalimageloader.core.DisplayBitmapTask,1008,1,1,1,1,1,1
NL,method,Android-Universal-Image-Loader,0.9,0.5,com.nostra13.universalimageloader.core.DisplayBitmapTask,1008,1,1,1,1,1,1
NLE,method,Android-Universal-Image-Loader,0.9,0.5,com.nostra13.universalimageloader.core.DisplayBitmapTask,1008,0,0,0,1,1,1
NII,method,Android-Universal-Image-Loader,0.9,0.5,com.nostra13.universalimageloader.core.DisplayBitmapTask,1008,0,0,0,1,1,1
NOI,method,Android-Universal-Image-Loader,0.9,0.5,com.nostra13.universalimageloader.core.DisplayBitmapTask,1008,0,0,0,1,1,1
CD,method,Android-Universal-Image-Loader,0.9,0.5,com.nostra13.universalimageloader.core.DisplayBitmapTask,1008,1,1,1,1,1,1
CLOC,method,Android-Universal-Image-Loader,0.9,0.5,com.nostra13.universalimageloader.core.DisplayBitmapTask,1008,1,1,1,1,1,1
DLOC,method,Android-Universal-Image-Loader,0.9,0.5,com.nostra13.universalimageloader.core.DisplayBitmapTask,1008,1,1,1,1,1,1
TCD,method,Android-Universal-Image-Loader,0.9,0.5,com.nostra13.universalimageloader.core.DisplayBitmapTask,1008,1,1,1,1,1,1
TCLOC,method,Android-Universal-Image-Loader,0.9,0.5,com.nostra13.universalimageloader.core.DisplayBitmapTask,1008,1,1,1,1,1,1
LLOC,method,Android-Universal-Image-Loader,0.9,0.5,com.nostra13.universalimageloader.core.DisplayBitmapTask,1008,1,1,1,1,1,1
LOC,method,Android-Universal-Image-Loader,0.9,0.5,com.nostra13.universalimageloader.core.DisplayBitmapTask,1008,1,1,1,1,1,1
NOS,method,Android-Universal-Image-Loader,0.9,0.5,com.nostra13.universalimageloader.core.DisplayBitmapTask,1008,1,1,1,1,1,1
NUMPAR,method,Android-Universal-Image-Loader,0.9,0.5,com.nostra13.universalimageloader.core.DisplayBitmapTask,1008,0,0,0,1,1,1
TLLOC,method,Android-Universal-Image-Loader,0.9,0.5,com.nostra13.universalimageloader.core.DisplayBitmapTask,1008,1,1,1,1,1,1
TLOC,method,Android-Universal-Image-Loader,0.9,0.5,com.nostra13.universalimageloader.core.DisplayBitmapTask,1008,1,1,1,1,1,1
TNOS,method,Android-Universal-Image-Loader,0.9,0.5,com.nostra13.universalimageloader.core.DisplayBitmapTask,1008,0,0,0,0,0,0
WarningBlocker,method,Android-Universal-Image-Loader,0.9,0.5,com.nostra13.universalimageloader.core.DisplayBitmapTask,1008,0,0,0,0,0,0
WarningCritical,method,Android-Universal-Image-Loader,0.9,0.5,com.nostra13.universalimageloader.core.DisplayBitmapTask,1008,0,0,0,0,0,0
WarningInfo,method,Android-Universal-Image-Loader,0.9,0.5,com.nostra13.universalimageloader.core.DisplayBitmapTask,1008,0,0,0,0,0,0
WarningMajor,method,Android-Universal-Image-Loader,0.9,0.5,com.nostra13.universalimageloader.core.DisplayBitmapTask,1008,0,0,0,0,0,0
WarningMinor,method,Android-Universal-Image-Loader,0.9,0.5,com.nostra13.universalimageloader.core.DisplayBitmapTask,1008,0,0,0,0,0,0
Android Rules,method,Android-Universal-Image-Loader,0.9,0.5,com.nostra13.universalimageloader.core.DisplayBitmapTask,1008,0,0,0,0,0,0
Basic Rules,method,Android-Universal-Image-Loader,0.9,0.5,com.nostra13.universalimageloader.core.DisplayBitmapTask,1008,0,0,0,0,0,0
Brace Rules,method,Android-Universal-Image-Loader,0.9,0.5,com.nostra13.universalimageloader.core.DisplayBitmapTask,1008,0,0,0,0,0,0
Clone Implementation Rules,method,Android-Universal-Image-Loader,0.9,0.5,com.nostra13.universalimageloader.core.DisplayBitmapTask,1008,0,0,0,0,0,0
Code Size Rules,method,Android-Universal-Image-Loader,0.9,0.5,com.nostra13.universalimageloader.core.DisplayBitmapTask,1008,0,0,0,0,0,0
Comment Rules,method,Android-Universal-Image-Loader,0.9,0.5,com.nostra13.universalimageloader.core.DisplayBitmapTask,1008,0,0,0,0,0,0
Controversial Rules,method,Android-Universal-Image-Loader,0.9,0.5,com.nostra13.universalimageloader.core.DisplayBitmapTask,1008,0,0,0,0,0,0
Coupling Rules,method,Android-Universal-Image-Loader,0.9,0.5,com.nostra13.universalimageloader.core.DisplayBitmapTask,1008,0,0,0,0,0,0
Design Rules,method,Android-Universal-Image-Loader,0.9,0.5,com.nostra13.universalimageloader.core.DisplayBitmapTask,1008,0,0,0,0,0,0
Empty Code Rules,method,Android-Universal-Image-Loader,0.9,0.5,com.nostra13.universalimageloader.core.DisplayBitmapTask,1008,0,0,0,0,0,0
Finalizer Rules,method,Android-Universal-Image-Loader,0.9,0.5,com.nostra13.universalimageloader.core.DisplayBitmapTask,1008,0,0,0,0,0,0
Import Statement Rules,method,Android-Universal-Image-Loader,0.9,0.5,com.nostra13.universalimageloader.core.DisplayBitmapTask,1008,0,0,0,0,0,0
J2EE Rules,method,Android-Universal-Image-Loader,0.9,0.5,com.nostra13.universalimageloader.core.DisplayBitmapTask,1008,0,0,0,0,0,0
JUnit Rules,method,Android-Universal-Image-Loader,0.9,0.5,com.nostra13.universalimageloader.core.DisplayBitmapTask,1008,0,0,0,0,0,0
Jakarta Commons Logging Rules,method,Android-Universal-Image-Loader,0.9,0.5,com.nostra13.universalimageloader.core.DisplayBitmapTask,1008,0,0,0,0,0,0
Java Logging Rules,method,Android-Universal-Image-Loader,0.9,0.5,com.nostra13.universalimageloader.core.DisplayBitmapTask,1008,0,0,0,0,0,0
JavaBean Rules,method,Android-Universal-Image-Loader,0.9,0.5,com.nostra13.universalimageloader.core.DisplayBitmapTask,1008,0,0,0,0,0,0
MigratingToJUnit4 Rules,method,Android-Universal-Image-Loader,0.9,0.5,com.nostra13.universalimageloader.core.DisplayBitmapTask,1008,0,0,0,0,0,0
Migration Rules,method,Android-Universal-Image-Loader,0.9,0.5,com.nostra13.universalimageloader.core.DisplayBitmapTask,1008,0,0,0,0,0,0
Migration13 Rules,method,Android-Universal-Image-Loader,0.9,0.5,com.nostra13.universalimageloader.core.DisplayBitmapTask,1008,0,0,0,0,0,0
Migration14 Rules,method,Android-Universal-Image-Loader,0.9,0.5,com.nostra13.universalimageloader.core.DisplayBitmapTask,1008,0,0,0,0,0,0
Migration15 Rules,method,Android-Universal-Image-Loader,0.9,0.5,com.nostra13.universalimageloader.core.DisplayBitmapTask,1008,0,0,0,0,0,0
Naming Rules,method,Android-Universal-Image-Loader,0.9,0.5,com.nostra13.universalimageloader.core.DisplayBitmapTask,1008,0,0,0,0,0,0
Optimization Rules,method,Android-Universal-Image-Loader,0.9,0.5,com.nostra13.universalimageloader.core.DisplayBitmapTask,1008,0,0,0,0,0,0
Security Code Guideline Rules,method,Android-Universal-Image-Loader,0.9,0.5,com.nostra13.universalimageloader.core.DisplayBitmapTask,1008,0,0,0,0,0,0
Strict Exception Rules,method,Android-Universal-Image-Loader,0.9,0.5,com.nostra13.universalimageloader.core.DisplayBitmapTask,1008,0,0,0,0,0,0
String and StringBuffer Rules,method,Android-Universal-Image-Loader,0.9,0.5,com.nostra13.universalimageloader.core.DisplayBitmapTask,1008,0,0,0,0,0,0
Type Resolution Rules,method,Android-Universal-Image-Loader,0.9,0.5,com.nostra13.universalimageloader.core.DisplayBitmapTask,1008,0,0,0,0,0,0
Unnecessary and Unused Code Rules,method,Android-Universal-Image-Loader,0.9,0.5,com.nostra13.universalimageloader.core.DisplayBitmapTask,1008,0,0,0,0,0,0
Vulnerability Rules,method,Android-Universal-Image-Loader,0.9,0.5,com.nostra13.universalimageloader.core.DisplayBitmapTask,1008,0,0,0,0,0,0
CC,method,Android-Universal-Image-Loader,0.9,0.5,com.nostra13.example.universalimageloader.ImageListActivity,144,0,0,0,1,1,1
CCL,method,Android-Universal-Image-Loader,0.9,0.5,com.nostra13.example.universalimageloader.ImageListActivity,144,0,0,0,1,1,1
CCO,method,Android-Universal-Image-Loader,0.9,0.5,com.nostra13.example.universalimageloader.ImageListActivity,144,0,0,0,1,1,1
CI,method,Android-Universal-Image-Loader,0.9,0.5,com.nostra13.example.universalimageloader.ImageListActivity,144,0,0,0,1,1,1
CLC,method,Android-Universal-Image-Loader,0.9,0.5,com.nostra13.example.universalimageloader.ImageListActivity,144,0,0,0,1,1,1
CLLC,method,Android-Universal-Image-Loader,0.9,0.5,com.nostra13.example.universalimageloader.ImageListActivity,144,0,0,0,1,1,1
LDC,method,Android-Universal-Image-Loader,0.9,0.5,com.nostra13.example.universalimageloader.ImageListActivity,144,0,0,0,1,1,1
LLDC,method,Android-Universal-Image-Loader,0.9,0.5,com.nostra13.example.universalimageloader.ImageListActivity,144,0,0,0,1,1,1
HCPL,method,Android-Universal-Image-Loader,0.9,0.5,com.nostra13.example.universalimageloader.ImageListActivity,144,1,1,1,1,1,1
HDIF,method,Android-Universal-Image-Loader,0.9,0.5,com.nostra13.example.universalimageloader.ImageListActivity,144,1,1,1,1,1,1
HEFF,method,Android-Universal-Image-Loader,0.9,0.5,com.nostra13.example.universalimageloader.ImageListActivity,144,1,1,1,1,1,1
HNDB,method,Android-Universal-Image-Loader,0.9,0.5,com.nostra13.example.universalimageloader.ImageListActivity,144,1,1,1,1,1,1
HPL,method,Android-Universal-Image-Loader,0.9,0.5,com.nostra13.example.universalimageloader.ImageListActivity,144,1,1,1,1,1,1
HPV,method,Android-Universal-Image-Loader,0.9,0.5,com.nostra13.example.universalimageloader.ImageListActivity,144,1,1,1,1,1,1
HTRP,method,Android-Universal-Image-Loader,0.9,0.5,com.nostra13.example.universalimageloader.ImageListActivity,144,1,1,1,1,1,1
HVOL,method,Android-Universal-Image-Loader,0.9,0.5,com.nostra13.example.universalimageloader.ImageListActivity,144,1,1,1,1,1,1
MI,method,Android-Universal-Image-Loader,0.9,0.5,com.nostra13.example.universalimageloader.ImageListActivity,144,1,1,1,1,1,1
MIMS,method,Android-Universal-Image-Loader,0.9,0.5,com.nostra13.example.universalimageloader.ImageListActivity,144,1,1,1,1,1,1
MISEI,method,Android-Universal-Image-Loader,0.9,0.5,com.nostra13.example.universalimageloader.ImageListActivity,144,1,1,1,1,1,1
MISM,method,Android-Universal-Image-Loader,0.9,0.5,com.nostra13.example.universalimageloader.ImageListActivity,144,1,1,1,1,1,1
McCC,method,Android-Universal-Image-Loader,0.9,0.5,com.nostra13.example.universalimageloader.ImageListActivity,144,0,0,0,1,1,1
NL,method,Android-Universal-Image-Loader,0.9,0.5,com.nostra13.example.universalimageloader.ImageListActivity,144,0,0,0,1,1,1
NLE,method,Android-Universal-Image-Loader,0.9,0.5,com.nostra13.example.universalimageloader.ImageListActivity,144,0,0,0,1,1,1
NII,method,Android-Universal-Image-Loader,0.9,0.5,com.nostra13.example.universalimageloader.ImageListActivity,144,0,0,0,1,1,1
NOI,method,Android-Universal-Image-Loader,0.9,0.5,com.nostra13.example.universalimageloader.ImageListActivity,144,0,0,0,1,1,1
CD,method,Android-Universal-Image-Loader,0.9,0.5,com.nostra13.example.universalimageloader.ImageListActivity,144,0,0,0,1,1,1
CLOC,method,Android-Universal-Image-Loader,0.9,0.5,com.nostra13.example.universalimageloader.ImageListActivity,144,0,0,0,1,1,1
DLOC,method,Android-Universal-Image-Loader,0.9,0.5,com.nostra13.example.universalimageloader.ImageListActivity,144,0,0,0,1,1,1
TCD,method,Android-Universal-Image-Loader,0.9,0.5,com.nostra13.example.universalimageloader.ImageListActivity,144,0,0,0,1,1,1
TCLOC,method,Android-Universal-Image-Loader,0.9,0.5,com.nostra13.example.universalimageloader.ImageListActivity,144,0,0,0,1,1,1
LLOC,method,Android-Universal-Image-Loader,0.9,0.5,com.nostra13.example.universalimageloader.ImageListActivity,144,0,0,0,1,1,1
LOC,method,Android-Universal-Image-Loader,0.9,0.5,com.nostra13.example.universalimageloader.ImageListActivity,144,0,0,0,1,1,1
NOS,method,Android-Universal-Image-Loader,0.9,0.5,com.nostra13.example.universalimageloader.ImageListActivity,144,0,0,0,1,1,1
NUMPAR,method,Android-Universal-Image-Loader,0.9,0.5,com.nostra13.example.universalimageloader.ImageListActivity,144,0,0,0,1,1,1
TLLOC,method,Android-Universal-Image-Loader,0.9,0.5,com.nostra13.example.universalimageloader.ImageListActivity,144,0,0,0,1,1,1
TLOC,method,Android-Universal-Image-Loader,0.9,0.5,com.nostra13.example.universalimageloader.ImageListActivity,144,0,0,0,1,1,1
TNOS,method,Android-Universal-Image-Loader,0.9,0.5,com.nostra13.example.universalimageloader.ImageListActivity,144,0,0,0,0,0,0
WarningBlocker,method,Android-Universal-Image-Loader,0.9,0.5,com.nostra13.example.universalimageloader.ImageListActivity,144,0,0,0,0,0,0
WarningCritical,method,Android-Universal-Image-Loader,0.9,0.5,com.nostra13.example.universalimageloader.ImageListActivity,144,0,0,0,0,0,0
WarningInfo,method,Android-Universal-Image-Loader,0.9,0.5,com.nostra13.example.universalimageloader.ImageListActivity,144,0,0,0,0,0,0
WarningMajor,method,Android-Universal-Image-Loader,0.9,0.5,com.nostra13.example.universalimageloader.ImageListActivity,144,0,0,0,0,0,0
WarningMinor,method,Android-Universal-Image-Loader,0.9,0.5,com.nostra13.example.universalimageloader.ImageListActivity,144,0,0,0,0,0,0
Android Rules,method,Android-Universal-Image-Loader,0.9,0.5,com.nostra13.example.universalimageloader.ImageListActivity,144,0,0,0,0,0,0
Basic Rules,method,Android-Universal-Image-Loader,0.9,0.5,com.nostra13.example.universalimageloader.ImageListActivity,144,0,0,0,0,0,0
Brace Rules,method,Android-Universal-Image-Loader,0.9,0.5,com.nostra13.example.universalimageloader.ImageListActivity,144,0,0,0,0,0,0
Clone Implementation Rules,method,Android-Universal-Image-Loader,0.9,0.5,com.nostra13.example.universalimageloader.ImageListActivity,144,0,0,0,0,0,0
Code Size Rules,method,Android-Universal-Image-Loader,0.9,0.5,com.nostra13.example.universalimageloader.ImageListActivity,144,0,0,0,0,0,0
Comment Rules,method,Android-Universal-Image-Loader,0.9,0.5,com.nostra13.example.universalimageloader.ImageListActivity,144,0,0,0,0,0,0
Controversial Rules,method,Android-Universal-Image-Loader,0.9,0.5,com.nostra13.example.universalimageloader.ImageListActivity,144,0,0,0,0,0,0
Coupling Rules,method,Android-Universal-Image-Loader,0.9,0.5,com.nostra13.example.universalimageloader.ImageListActivity,144,0,0,0,0,0,0
Design Rules,method,Android-Universal-Image-Loader,0.9,0.5,com.nostra13.example.universalimageloader.ImageListActivity,144,0,0,0,0,0,0
Empty Code Rules,method,Android-Universal-Image-Loader,0.9,0.5,com.nostra13.example.universalimageloader.ImageListActivity,144,0,0,0,0,0,0
Finalizer Rules,method,Android-Universal-Image-Loader,0.9,0.5,com.nostra13.example.universalimageloader.ImageListActivity,144,0,0,0,0,0,0
Import Statement Rules,method,Android-Universal-Image-Loader,0.9,0.5,com.nostra13.example.universalimageloader.ImageListActivity,144,0,0,0,0,0,0
J2EE Rules,method,Android-Universal-Image-Loader,0.9,0.5,com.nostra13.example.universalimageloader.ImageListActivity,144,0,0,0,0,0,0
JUnit Rules,method,Android-Universal-Image-Loader,0.9,0.5,com.nostra13.example.universalimageloader.ImageListActivity,144,0,0,0,0,0,0
Jakarta Commons Logging Rules,method,Android-Universal-Image-Loader,0.9,0.5,com.nostra13.example.universalimageloader.ImageListActivity,144,0,0,0,0,0,0
Java Logging Rules,method,Android-Universal-Image-Loader,0.9,0.5,com.nostra13.example.universalimageloader.ImageListActivity,144,0,0,0,0,0,0
JavaBean Rules,method,Android-Universal-Image-Loader,0.9,0.5,com.nostra13.example.universalimageloader.ImageListActivity,144,0,0,0,0,0,0
MigratingToJUnit4 Rules,method,Android-Universal-Image-Loader,0.9,0.5,com.nostra13.example.universalimageloader.ImageListActivity,144,0,0,0,0,0,0
Migration Rules,method,Android-Universal-Image-Loader,0.9,0.5,com.nostra13.example.universalimageloader.ImageListActivity,144,0,0,0,0,0,0
Migration13 Rules,method,Android-Universal-Image-Loader,0.9,0.5,com.nostra13.example.universalimageloader.ImageListActivity,144,0,0,0,0,0,0
Migration14 Rules,method,Android-Universal-Image-Loader,0.9,0.5,com.nostra13.example.universalimageloader.ImageListActivity,144,0,0,0,0,0,0
Migration15 Rules,method,Android-Universal-Image-Loader,0.9,0.5,com.nostra13.example.universalimageloader.ImageListActivity,144,0,0,0,0,0,0
Naming Rules,method,Android-Universal-Image-Loader,0.9,0.5,com.nostra13.example.universalimageloader.ImageListActivity,144,0,0,0,0,0,0
Optimization Rules,method,Android-Universal-Image-Loader,0.9,0.5,com.nostra13.example.universalimageloader.ImageListActivity,144,0,0,0,0,0,0
Security Code Guideline Rules,method,Android-Universal-Image-Loader,0.9,0.5,com.nostra13.example.universalimageloader.ImageListActivity,144,0,0,0,0,0,0
Strict Exception Rules,method,Android-Universal-Image-Loader,0.9,0.5,com.nostra13.example.universalimageloader.ImageListActivity,144,0,0,0,0,0,0
String and StringBuffer Rules,method,Android-Universal-Image-Loader,0.9,0.5,com.nostra13.example.universalimageloader.ImageListActivity,144,0,0,0,0,0,0
Type Resolution Rules,method,Android-Universal-Image-Loader,0.9,0.5,com.nostra13.example.universalimageloader.ImageListActivity,144,0,0,0,0,0,0
Unnecessary and Unused Code Rules,method,Android-Universal-Image-Loader,0.9,0.5,com.nostra13.example.universalimageloader.ImageListActivity,144,0,0,0,0,0,0
Vulnerability Rules,method,Android-Universal-Image-Loader,0.9,0.5,com.nostra13.example.universalimageloader.ImageListActivity,144,0,0,0,0,0,0
CC,method,Android-Universal-Image-Loader,0.9,0.5,com.nostra13.universalimageloader.core.DefaultConfigurationFactory,576,0,0,0,1,1,1
CCL,method,Android-Universal-Image-Loader,0.9,0.5,com.nostra13.universalimageloader.core.DefaultConfigurationFactory,576,0,0,0,1,1,1
CCO,method,Android-Universal-Image-Loader,0.9,0.5,com.nostra13.universalimageloader.core.DefaultConfigurationFactory,576,0,0,0,1,1,1
CI,method,Android-Universal-Image-Loader,0.9,0.5,com.nostra13.universalimageloader.core.DefaultConfigurationFactory,576,0,0,0,1,1,1
CLC,method,Android-Universal-Image-Loader,0.9,0.5,com.nostra13.universalimageloader.core.DefaultConfigurationFactory,576,0,0,0,1,1,1
CLLC,method,Android-Universal-Image-Loader,0.9,0.5,com.nostra13.universalimageloader.core.DefaultConfigurationFactory,576,0,0,0,1,1,1
LDC,method,Android-Universal-Image-Loader,0.9,0.5,com.nostra13.universalimageloader.core.DefaultConfigurationFactory,576,0,0,0,1,1,1
LLDC,method,Android-Universal-Image-Loader,0.9,0.5,com.nostra13.universalimageloader.core.DefaultConfigurationFactory,576,0,0,0,1,1,1
HCPL,method,Android-Universal-Image-Loader,0.9,0.5,com.nostra13.universalimageloader.core.DefaultConfigurationFactory,576,1,1,1,1,1,1
HDIF,method,Android-Universal-Image-Loader,0.9,0.5,com.nostra13.universalimageloader.core.DefaultConfigurationFactory,576,1,1,1,1,1,1
HEFF,method,Android-Universal-Image-Loader,0.9,0.5,com.nostra13.universalimageloader.core.DefaultConfigurationFactory,576,1,1,1,1,1,1
HNDB,method,Android-Universal-Image-Loader,0.9,0.5,com.nostra13.universalimageloader.core.DefaultConfigurationFactory,576,1,1,1,1,1,1
HPL,method,Android-Universal-Image-Loader,0.9,0.5,com.nostra13.universalimageloader.core.DefaultConfigurationFactory,576,1,1,1,1,1,1
HPV,method,Android-Universal-Image-Loader,0.9,0.5,com.nostra13.universalimageloader.core.DefaultConfigurationFactory,576,1,1,1,1,1,1
HTRP,method,Android-Universal-Image-Loader,0.9,0.5,com.nostra13.universalimageloader.core.DefaultConfigurationFactory,576,1,1,1,1,1,1
HVOL,method,Android-Universal-Image-Loader,0.9,0.5,com.nostra13.universalimageloader.core.DefaultConfigurationFactory,576,1,1,1,1,1,1
MI,method,Android-Universal-Image-Loader,0.9,0.5,com.nostra13.universalimageloader.core.DefaultConfigurationFactory,576,1,1,1,1,1,1
MIMS,method,Android-Universal-Image-Loader,0.9,0.5,com.nostra13.universalimageloader.core.DefaultConfigurationFactory,576,1,1,1,1,1,1
MISEI,method,Android-Universal-Image-Loader,0.9,0.5,com.nostra13.universalimageloader.core.DefaultConfigurationFactory,576,1,1,1,1,1,1
MISM,method,Android-Universal-Image-Loader,0.9,0.5,com.nostra13.universalimageloader.core.DefaultConfigurationFactory,576,1,1,1,1,1,1
McCC,method,Android-Universal-Image-Loader,0.9,0.5,com.nostra13.universalimageloader.core.DefaultConfigurationFactory,576,1,1,1,1,1,1
NL,method,Android-Universal-Image-Loader,0.9,0.5,com.nostra13.universalimageloader.core.DefaultConfigurationFactory,576,1,1,1,1,1,1
NLE,method,Android-Universal-Image-Loader,0.9,0.5,com.nostra13.universalimageloader.core.DefaultConfigurationFactory,576,1,1,1,1,1,1
NII,method,Android-Universal-Image-Loader,0.9,0.5,com.nostra13.universalimageloader.core.DefaultConfigurationFactory,576,0,0,0,1,1,1
NOI,method,Android-Universal-Image-Loader,0.9,0.5,com.nostra13.universalimageloader.core.DefaultConfigurationFactory,576,1,1,1,1,1,1
CD,method,Android-Universal-Image-Loader,0.9,0.5,com.nostra13.universalimageloader.core.DefaultConfigurationFactory,576,1,1,1,1,1,1
CLOC,method,Android-Universal-Image-Loader,0.9,0.5,com.nostra13.universalimageloader.core.DefaultConfigurationFactory,576,1,1,1,1,1,1
DLOC,method,Android-Universal-Image-Loader,0.9,0.5,com.nostra13.universalimageloader.core.DefaultConfigurationFactory,576,0,0,0,1,1,1
TCD,method,Android-Universal-Image-Loader,0.9,0.5,com.nostra13.universalimageloader.core.DefaultConfigurationFactory,576,1,1,1,1,1,1
TCLOC,method,Android-Universal-Image-Loader,0.9,0.5,com.nostra13.universalimageloader.core.DefaultConfigurationFactory,576,1,1,1,1,1,1
LLOC,method,Android-Universal-Image-Loader,0.9,0.5,com.nostra13.universalimageloader.core.DefaultConfigurationFactory,576,1,1,1,1,1,1
LOC,method,Android-Universal-Image-Loader,0.9,0.5,com.nostra13.universalimageloader.core.DefaultConfigurationFactory,576,1,1,1,1,1,1
NOS,method,Android-Universal-Image-Loader,0.9,0.5,com.nostra13.universalimageloader.core.DefaultConfigurationFactory,576,1,1,1,1,1,1
NUMPAR,method,Android-Universal-Image-Loader,0.9,0.5,com.nostra13.universalimageloader.core.DefaultConfigurationFactory,576,1,1,1,1,1,1
TLLOC,method,Android-Universal-Image-Loader,0.9,0.5,com.nostra13.universalimageloader.core.DefaultConfigurationFactory,576,1,1,1,1,1,1
TLOC,method,Android-Universal-Image-Loader,0.9,0.5,com.nostra13.universalimageloader.core.DefaultConfigurationFactory,576,1,1,1,1,1,1
TNOS,method,Android-Universal-Image-Loader,0.9,0.5,com.nostra13.universalimageloader.core.DefaultConfigurationFactory,576,0,0,0,0,0,0
WarningBlocker,method,Android-Universal-Image-Loader,0.9,0.5,com.nostra13.universalimageloader.core.DefaultConfigurationFactory,576,0,0,0,0,0,0
WarningCritical,method,Android-Universal-Image-Loader,0.9,0.5,com.nostra13.universalimageloader.core.DefaultConfigurationFactory,576,0,0,0,0,0,0
WarningInfo,method,Android-Universal-Image-Loader,0.9,0.5,com.nostra13.universalimageloader.core.DefaultConfigurationFactory,576,0,0,0,0,0,0
WarningMajor,method,Android-Universal-Image-Loader,0.9,0.5,com.nostra13.universalimageloader.core.DefaultConfigurationFactory,576,0,0,0,0,0,0
WarningMinor,method,Android-Universal-Image-Loader,0.9,0.5,com.nostra13.universalimageloader.core.DefaultConfigurationFactory,576,0,0,0,0,0,0
Android Rules,method,Android-Universal-Image-Loader,0.9,0.5,com.nostra13.universalimageloader.core.DefaultConfigurationFactory,576,0,0,0,0,0,0
Basic Rules,method,Android-Universal-Image-Loader,0.9,0.5,com.nostra13.universalimageloader.core.DefaultConfigurationFactory,576,0,0,0,0,0,0
Brace Rules,method,Android-Universal-Image-Loader,0.9,0.5,com.nostra13.universalimageloader.core.DefaultConfigurationFactory,576,0,0,0,0,0,0
Clone Implementation Rules,method,Android-Universal-Image-Loader,0.9,0.5,com.nostra13.universalimageloader.core.DefaultConfigurationFactory,576,0,0,0,0,0,0
Code Size Rules,method,Android-Universal-Image-Loader,0.9,0.5,com.nostra13.universalimageloader.core.DefaultConfigurationFactory,576,0,0,0,0,0,0
Comment Rules,method,Android-Universal-Image-Loader,0.9,0.5,com.nostra13.universalimageloader.core.DefaultConfigurationFactory,576,0,0,0,0,0,0
Controversial Rules,method,Android-Universal-Image-Loader,0.9,0.5,com.nostra13.universalimageloader.core.DefaultConfigurationFactory,576,0,0,0,0,0,0
Coupling Rules,method,Android-Universal-Image-Loader,0.9,0.5,com.nostra13.universalimageloader.core.DefaultConfigurationFactory,576,0,0,0,0,0,0
Design Rules,method,Android-Universal-Image-Loader,0.9,0.5,com.nostra13.universalimageloader.core.DefaultConfigurationFactory,576,0,0,0,0,0,0
Empty Code Rules,method,Android-Universal-Image-Loader,0.9,0.5,com.nostra13.universalimageloader.core.DefaultConfigurationFactory,576,0,0,0,0,0,0
Finalizer Rules,method,Android-Universal-Image-Loader,0.9,0.5,com.nostra13.universalimageloader.core.DefaultConfigurationFactory,576,0,0,0,0,0,0
Import Statement Rules,method,Android-Universal-Image-Loader,0.9,0.5,com.nostra13.universalimageloader.core.DefaultConfigurationFactory,576,0,0,0,0,0,0
J2EE Rules,method,Android-Universal-Image-Loader,0.9,0.5,com.nostra13.universalimageloader.core.DefaultConfigurationFactory,576,0,0,0,0,0,0
JUnit Rules,method,Android-Universal-Image-Loader,0.9,0.5,com.nostra13.universalimageloader.core.DefaultConfigurationFactory,576,0,0,0,0,0,0
Jakarta Commons Logging Rules,method,Android-Universal-Image-Loader,0.9,0.5,com.nostra13.universalimageloader.core.DefaultConfigurationFactory,576,0,0,0,0,0,0
Java Logging Rules,method,Android-Universal-Image-Loader,0.9,0.5,com.nostra13.universalimageloader.core.DefaultConfigurationFactory,576,0,0,0,0,0,0
JavaBean Rules,method,Android-Universal-Image-Loader,0.9,0.5,com.nostra13.universalimageloader.core.DefaultConfigurationFactory,576,0,0,0,0,0,0
MigratingToJUnit4 Rules,method,Android-Universal-Image-Loader,0.9,0.5,com.nostra13.universalimageloader.core.DefaultConfigurationFactory,576,0,0,0,0,0,0
Migration Rules,method,Android-Universal-Image-Loader,0.9,0.5,com.nostra13.universalimageloader.core.DefaultConfigurationFactory,576,0,0,0,0,0,0
Migration13 Rules,method,Android-Universal-Image-Loader,0.9,0.5,com.nostra13.universalimageloader.core.DefaultConfigurationFactory,576,0,0,0,0,0,0
Migration14 Rules,method,Android-Universal-Image-Loader,0.9,0.5,com.nostra13.universalimageloader.core.DefaultConfigurationFactory,576,0,0,0,0,0,0
Migration15 Rules,method,Android-Universal-Image-Loader,0.9,0.5,com.nostra13.universalimageloader.core.DefaultConfigurationFactory,576,0,0,0,0,0,0
Naming Rules,method,Android-Universal-Image-Loader,0.9,0.5,com.nostra13.universalimageloader.core.DefaultConfigurationFactory,576,0,0,0,0,0,0
Optimization Rules,method,Android-Universal-Image-Loader,0.9,0.5,com.nostra13.universalimageloader.core.DefaultConfigurationFactory,576,0,0,0,0,0,0
Security Code Guideline Rules,method,Android-Universal-Image-Loader,0.9,0.5,com.nostra13.universalimageloader.core.DefaultConfigurationFactory,576,0,0,0,0,0,0
Strict Exception Rules,method,Android-Universal-Image-Loader,0.9,0.5,com.nostra13.universalimageloader.core.DefaultConfigurationFactory,576,0,0,0,0,0,0
String and StringBuffer Rules,method,Android-Universal-Image-Loader,0.9,0.5,com.nostra13.universalimageloader.core.DefaultConfigurationFactory,576,0,0,0,0,0,0
Type Resolution Rules,method,Android-Universal-Image-Loader,0.9,0.5,com.nostra13.universalimageloader.core.DefaultConfigurationFactory,576,0,0,0,0,0,0
Unnecessary and Unused Code Rules,method,Android-Universal-Image-Loader,0.9,0.5,com.nostra13.universalimageloader.core.DefaultConfigurationFactory,576,0,0,0,0,0,0
Vulnerability Rules,method,Android-Universal-Image-Loader,0.9,0.5,com.nostra13.universalimageloader.core.DefaultConfigurationFactory,576,0,0,0,0,0,0
CC,method,Android-Universal-Image-Loader,0.9,0.5,com.nostra13.universalimageloader.core.LoadAndDisplayImageTask$1,288,0,0,0,1,1,1
CCL,method,Android-Universal-Image-Loader,0.9,0.5,com.nostra13.universalimageloader.core.LoadAndDisplayImageTask$1,288,0,0,0,1,1,1
CCO,method,Android-Universal-Image-Loader,0.9,0.5,com.nostra13.universalimageloader.core.LoadAndDisplayImageTask$1,288,0,0,0,1,1,1
CI,method,Android-Universal-Image-Loader,0.9,0.5,com.nostra13.universalimageloader.core.LoadAndDisplayImageTask$1,288,0,0,0,1,1,1
CLC,method,Android-Universal-Image-Loader,0.9,0.5,com.nostra13.universalimageloader.core.LoadAndDisplayImageTask$1,288,0,0,0,1,1,1
CLLC,method,Android-Universal-Image-Loader,0.9,0.5,com.nostra13.universalimageloader.core.LoadAndDisplayImageTask$1,288,0,0,0,1,1,1
LDC,method,Android-Universal-Image-Loader,0.9,0.5,com.nostra13.universalimageloader.core.LoadAndDisplayImageTask$1,288,0,0,0,1,1,1
LLDC,method,Android-Universal-Image-Loader,0.9,0.5,com.nostra13.universalimageloader.core.LoadAndDisplayImageTask$1,288,0,0,0,1,1,1
HCPL,method,Android-Universal-Image-Loader,0.9,0.5,com.nostra13.universalimageloader.core.LoadAndDisplayImageTask$1,288,1,1,1,1,1,1
HDIF,method,Android-Universal-Image-Loader,0.9,0.5,com.nostra13.universalimageloader.core.LoadAndDisplayImageTask$1,288,1,1,1,1,1,1
HEFF,method,Android-Universal-Image-Loader,0.9,0.5,com.nostra13.universalimageloader.core.LoadAndDisplayImageTask$1,288,1,1,1,1,1,1
HNDB,method,Android-Universal-Image-Loader,0.9,0.5,com.nostra13.universalimageloader.core.LoadAndDisplayImageTask$1,288,1,1,1,1,1,1
HPL,method,Android-Universal-Image-Loader,0.9,0.5,com.nostra13.universalimageloader.core.LoadAndDisplayImageTask$1,288,1,1,1,1,1,1
HPV,method,Android-Universal-Image-Loader,0.9,0.5,com.nostra13.universalimageloader.core.LoadAndDisplayImageTask$1,288,1,1,1,1,1,1
HTRP,method,Android-Universal-Image-Loader,0.9,0.5,com.nostra13.universalimageloader.core.LoadAndDisplayImageTask$1,288,1,1,1,1,1,1
HVOL,method,Android-Universal-Image-Loader,0.9,0.5,com.nostra13.universalimageloader.core.LoadAndDisplayImageTask$1,288,1,1,1,1,1,1
MI,method,Android-Universal-Image-Loader,0.9,0.5,com.nostra13.universalimageloader.core.LoadAndDisplayImageTask$1,288,1,1,1,1,1,1
MIMS,method,Android-Universal-Image-Loader,0.9,0.5,com.nostra13.universalimageloader.core.LoadAndDisplayImageTask$1,288,1,1,1,1,1,1
MISEI,method,Android-Universal-Image-Loader,0.9,0.5,com.nostra13.universalimageloader.core.LoadAndDisplayImageTask$1,288,1,1,1,1,1,1
MISM,method,Android-Universal-Image-Loader,0.9,0.5,com.nostra13.universalimageloader.core.LoadAndDisplayImageTask$1,288,1,1,1,1,1,1
McCC,method,Android-Universal-Image-Loader,0.9,0.5,com.nostra13.universalimageloader.core.LoadAndDisplayImageTask$1,288,1,1,1,1,1,1
NL,method,Android-Universal-Image-Loader,0.9,0.5,com.nostra13.universalimageloader.core.LoadAndDisplayImageTask$1,288,1,1,1,1,1,1
NLE,method,Android-Universal-Image-Loader,0.9,0.5,com.nostra13.universalimageloader.core.LoadAndDisplayImageTask$1,288,1,1,1,1,1,1
NII,method,Android-Universal-Image-Loader,0.9,0.5,com.nostra13.universalimageloader.core.LoadAndDisplayImageTask$1,288,0,0,0,1,1,1
NOI,method,Android-Universal-Image-Loader,0.9,0.5,com.nostra13.universalimageloader.core.LoadAndDisplayImageTask$1,288,0,0,0,1,1,1
CD,method,Android-Universal-Image-Loader,0.9,0.5,com.nostra13.universalimageloader.core.LoadAndDisplayImageTask$1,288,0,0,0,1,1,1
CLOC,method,Android-Universal-Image-Loader,0.9,0.5,com.nostra13.universalimageloader.core.LoadAndDisplayImageTask$1,288,0,0,0,1,1,1
DLOC,method,Android-Universal-Image-Loader,0.9,0.5,com.nostra13.universalimageloader.core.LoadAndDisplayImageTask$1,288,0,0,0,1,1,1
TCD,method,Android-Universal-Image-Loader,0.9,0.5,com.nostra13.universalimageloader.core.LoadAndDisplayImageTask$1,288,0,0,0,1,1,1
TCLOC,method,Android-Universal-Image-Loader,0.9,0.5,com.nostra13.universalimageloader.core.LoadAndDisplayImageTask$1,288,0,0,0,1,1,1
LLOC,method,Android-Universal-Image-Loader,0.9,0.5,com.nostra13.universalimageloader.core.LoadAndDisplayImageTask$1,288,1,1,1,1,1,1
LOC,method,Android-Universal-Image-Loader,0.9,0.5,com.nostra13.universalimageloader.core.LoadAndDisplayImageTask$1,288,1,1,1,1,1,1
NOS,method,Android-Universal-Image-Loader,0.9,0.5,com.nostra13.universalimageloader.core.LoadAndDisplayImageTask$1,288,1,1,1,1,1,1
NUMPAR,method,Android-Universal-Image-Loader,0.9,0.5,com.nostra13.universalimageloader.core.LoadAndDisplayImageTask$1,288,0,0,0,1,1,1
TLLOC,method,Android-Universal-Image-Loader,0.9,0.5,com.nostra13.universalimageloader.core.LoadAndDisplayImageTask$1,288,1,1,1,1,1,1
TLOC,method,Android-Universal-Image-Loader,0.9,0.5,com.nostra13.universalimageloader.core.LoadAndDisplayImageTask$1,288,1,1,1,1,1,1
TNOS,method,Android-Universal-Image-Loader,0.9,0.5,com.nostra13.universalimageloader.core.LoadAndDisplayImageTask$1,288,0,0,0,0,0,0
WarningBlocker,method,Android-Universal-Image-Loader,0.9,0.5,com.nostra13.universalimageloader.core.LoadAndDisplayImageTask$1,288,0,0,0,0,0,0
WarningCritical,method,Android-Universal-Image-Loader,0.9,0.5,com.nostra13.universalimageloader.core.LoadAndDisplayImageTask$1,288,0,0,0,0,0,0
WarningInfo,method,Android-Universal-Image-Loader,0.9,0.5,com.nostra13.universalimageloader.core.LoadAndDisplayImageTask$1,288,0,0,0,0,0,0
WarningMajor,method,Android-Universal-Image-Loader,0.9,0.5,com.nostra13.universalimageloader.core.LoadAndDisplayImageTask$1,288,0,0,0,0,0,0
WarningMinor,method,Android-Universal-Image-Loader,0.9,0.5,com.nostra13.universalimageloader.core.LoadAndDisplayImageTask$1,288,0,0,0,0,0,0
Android Rules,method,Android-Universal-Image-Loader,0.9,0.5,com.nostra13.universalimageloader.core.LoadAndDisplayImageTask$1,288,0,0,0,0,0,0
Basic Rules,method,Android-Universal-Image-Loader,0.9,0.5,com.nostra13.universalimageloader.core.LoadAndDisplayImageTask$1,288,0,0,0,0,0,0
Brace Rules,method,Android-Universal-Image-Loader,0.9,0.5,com.nostra13.universalimageloader.core.LoadAndDisplayImageTask$1,288,0,0,0,0,0,0
Clone Implementation Rules,method,Android-Universal-Image-Loader,0.9,0.5,com.nostra13.universalimageloader.core.LoadAndDisplayImageTask$1,288,0,0,0,0,0,0
Code Size Rules,method,Android-Universal-Image-Loader,0.9,0.5,com.nostra13.universalimageloader.core.LoadAndDisplayImageTask$1,288,0,0,0,0,0,0
Comment Rules,method,Android-Universal-Image-Loader,0.9,0.5,com.nostra13.universalimageloader.core.LoadAndDisplayImageTask$1,288,0,0,0,0,0,0
Controversial Rules,method,Android-Universal-Image-Loader,0.9,0.5,com.nostra13.universalimageloader.core.LoadAndDisplayImageTask$1,288,0,0,0,0,0,0
Coupling Rules,method,Android-Universal-Image-Loader,0.9,0.5,com.nostra13.universalimageloader.core.LoadAndDisplayImageTask$1,288,0,0,0,0,0,0
Design Rules,method,Android-Universal-Image-Loader,0.9,0.5,com.nostra13.universalimageloader.core.LoadAndDisplayImageTask$1,288,0,0,0,0,0,0
Empty Code Rules,method,Android-Universal-Image-Loader,0.9,0.5,com.nostra13.universalimageloader.core.LoadAndDisplayImageTask$1,288,0,0,0,0,0,0
Finalizer Rules,method,Android-Universal-Image-Loader,0.9,0.5,com.nostra13.universalimageloader.core.LoadAndDisplayImageTask$1,288,0,0,0,0,0,0
Import Statement Rules,method,Android-Universal-Image-Loader,0.9,0.5,com.nostra13.universalimageloader.core.LoadAndDisplayImageTask$1,288,0,0,0,0,0,0
J2EE Rules,method,Android-Universal-Image-Loader,0.9,0.5,com.nostra13.universalimageloader.core.LoadAndDisplayImageTask$1,288,0,0,0,0,0,0
JUnit Rules,method,Android-Universal-Image-Loader,0.9,0.5,com.nostra13.universalimageloader.core.LoadAndDisplayImageTask$1,288,0,0,0,0,0,0
Jakarta Commons Logging Rules,method,Android-Universal-Image-Loader,0.9,0.5,com.nostra13.universalimageloader.core.LoadAndDisplayImageTask$1,288,0,0,0,0,0,0
Java Logging Rules,method,Android-Universal-Image-Loader,0.9,0.5,com.nostra13.universalimageloader.core.LoadAndDisplayImageTask$1,288,0,0,0,0,0,0
JavaBean Rules,method,Android-Universal-Image-Loader,0.9,0.5,com.nostra13.universalimageloader.core.LoadAndDisplayImageTask$1,288,0,0,0,0,0,0
MigratingToJUnit4 Rules,method,Android-Universal-Image-Loader,0.9,0.5,com.nostra13.universalimageloader.core.LoadAndDisplayImageTask$1,288,0,0,0,0,0,0
Migration Rules,method,Android-Universal-Image-Loader,0.9,0.5,com.nostra13.universalimageloader.core.LoadAndDisplayImageTask$1,288,0,0,0,0,0,0
Migration13 Rules,method,Android-Universal-Image-Loader,0.9,0.5,com.nostra13.universalimageloader.core.LoadAndDisplayImageTask$1,288,0,0,0,0,0,0
Migration14 Rules,method,Android-Universal-Image-Loader,0.9,0.5,com.nostra13.universalimageloader.core.LoadAndDisplayImageTask$1,288,0,0,0,0,0,0
Migration15 Rules,method,Android-Universal-Image-Loader,0.9,0.5,com.nostra13.universalimageloader.core.LoadAndDisplayImageTask$1,288,0,0,0,0,0,0
Naming Rules,method,Android-Universal-Image-Loader,0.9,0.5,com.nostra13.universalimageloader.core.LoadAndDisplayImageTask$1,288,0,0,0,0,0,0
Optimization Rules,method,Android-Universal-Image-Loader,0.9,0.5,com.nostra13.universalimageloader.core.LoadAndDisplayImageTask$1,288,0,0,0,0,0,0
Security Code Guideline Rules,method,Android-Universal-Image-Loader,0.9,0.5,com.nostra13.universalimageloader.core.LoadAndDisplayImageTask$1,288,0,0,0,0,0,0
Strict Exception Rules,method,Android-Universal-Image-Loader,0.9,0.5,com.nostra13.universalimageloader.core.LoadAndDisplayImageTask$1,288,0,0,0,0,0,0
String and StringBuffer Rules,method,Android-Universal-Image-Loader,0.9,0.5,com.nostra13.universalimageloader.core.LoadAndDisplayImageTask$1,288,0,0,0,0,0,0
Type Resolution Rules,method,Android-Universal-Image-Loader,0.9,0.5,com.nostra13.universalimageloader.core.LoadAndDisplayImageTask$1,288,0,0,0,0,0,0
Unnecessary and Unused Code Rules,method,Android-Universal-Image-Loader,0.9,0.5,com.nostra13.universalimageloader.core.LoadAndDisplayImageTask$1,288,0,0,0,0,0,0
Vulnerability Rules,method,Android-Universal-Image-Loader,0.9,0.5,com.nostra13.universalimageloader.core.LoadAndDisplayImageTask$1,288,0,0,0,0,0,0
CC,method,Android-Universal-Image-Loader,0.9,0.5,com.nostra13.universalimageloader.cache.memory.impl.LruMemoryCache,144,0,0,0,1,1,1
CCL,method,Android-Universal-Image-Loader,0.9,0.5,com.nostra13.universalimageloader.cache.memory.impl.LruMemoryCache,144,0,0,0,1,1,1
CCO,method,Android-Universal-Image-Loader,0.9,0.5,com.nostra13.universalimageloader.cache.memory.impl.LruMemoryCache,144,0,0,0,1,1,1
CI,method,Android-Universal-Image-Loader,0.9,0.5,com.nostra13.universalimageloader.cache.memory.impl.LruMemoryCache,144,0,0,0,1,1,1
CLC,method,Android-Universal-Image-Loader,0.9,0.5,com.nostra13.universalimageloader.cache.memory.impl.LruMemoryCache,144,0,0,0,1,1,1
CLLC,method,Android-Universal-Image-Loader,0.9,0.5,com.nostra13.universalimageloader.cache.memory.impl.LruMemoryCache,144,0,0,0,1,1,1
LDC,method,Android-Universal-Image-Loader,0.9,0.5,com.nostra13.universalimageloader.cache.memory.impl.LruMemoryCache,144,0,0,0,1,1,1
LLDC,method,Android-Universal-Image-Loader,0.9,0.5,com.nostra13.universalimageloader.cache.memory.impl.LruMemoryCache,144,0,0,0,1,1,1
HCPL,method,Android-Universal-Image-Loader,0.9,0.5,com.nostra13.universalimageloader.cache.memory.impl.LruMemoryCache,144,1,1,1,1,1,1
HDIF,method,Android-Universal-Image-Loader,0.9,0.5,com.nostra13.universalimageloader.cache.memory.impl.LruMemoryCache,144,1,1,1,1,1,1
HEFF,method,Android-Universal-Image-Loader,0.9,0.5,com.nostra13.universalimageloader.cache.memory.impl.LruMemoryCache,144,1,1,1,1,1,1
HNDB,method,Android-Universal-Image-Loader,0.9,0.5,com.nostra13.universalimageloader.cache.memory.impl.LruMemoryCache,144,1,1,1,1,1,1
HPL,method,Android-Universal-Image-Loader,0.9,0.5,com.nostra13.universalimageloader.cache.memory.impl.LruMemoryCache,144,1,1,1,1,1,1
HPV,method,Android-Universal-Image-Loader,0.9,0.5,com.nostra13.universalimageloader.cache.memory.impl.LruMemoryCache,144,1,1,1,1,1,1
HTRP,method,Android-Universal-Image-Loader,0.9,0.5,com.nostra13.universalimageloader.cache.memory.impl.LruMemoryCache,144,1,1,1,1,1,1
HVOL,method,Android-Universal-Image-Loader,0.9,0.5,com.nostra13.universalimageloader.cache.memory.impl.LruMemoryCache,144,1,1,1,1,1,1
MI,method,Android-Universal-Image-Loader,0.9,0.5,com.nostra13.universalimageloader.cache.memory.impl.LruMemoryCache,144,1,1,1,1,1,1
MIMS,method,Android-Universal-Image-Loader,0.9,0.5,com.nostra13.universalimageloader.cache.memory.impl.LruMemoryCache,144,1,1,1,1,1,1
MISEI,method,Android-Universal-Image-Loader,0.9,0.5,com.nostra13.universalimageloader.cache.memory.impl.LruMemoryCache,144,1,1,1,1,1,1
MISM,method,Android-Universal-Image-Loader,0.9,0.5,com.nostra13.universalimageloader.cache.memory.impl.LruMemoryCache,144,1,1,1,1,1,1
McCC,method,Android-Universal-Image-Loader,0.9,0.5,com.nostra13.universalimageloader.cache.memory.impl.LruMemoryCache,144,0,0,0,1,1,1
NL,method,Android-Universal-Image-Loader,0.9,0.5,com.nostra13.universalimageloader.cache.memory.impl.LruMemoryCache,144,0,0,0,1,1,1
NLE,method,Android-Universal-Image-Loader,0.9,0.5,com.nostra13.universalimageloader.cache.memory.impl.LruMemoryCache,144,0,0,0,1,1,1
NII,method,Android-Universal-Image-Loader,0.9,0.5,com.nostra13.universalimageloader.cache.memory.impl.LruMemoryCache,144,0,0,0,1,1,1
NOI,method,Android-Universal-Image-Loader,0.9,0.5,com.nostra13.universalimageloader.cache.memory.impl.LruMemoryCache,144,0,0,0,1,1,1
CD,method,Android-Universal-Image-Loader,0.9,0.5,com.nostra13.universalimageloader.cache.memory.impl.LruMemoryCache,144,0,0,0,1,1,1
CLOC,method,Android-Universal-Image-Loader,0.9,0.5,com.nostra13.universalimageloader.cache.memory.impl.LruMemoryCache,144,0,0,0,1,1,1
DLOC,method,Android-Universal-Image-Loader,0.9,0.5,com.nostra13.universalimageloader.cache.memory.impl.LruMemoryCache,144,0,0,0,1,1,1
TCD,method,Android-Universal-Image-Loader,0.9,0.5,com.nostra13.universalimageloader.cache.memory.impl.LruMemoryCache,144,0,0,0,1,1,1
TCLOC,method,Android-Universal-Image-Loader,0.9,0.5,com.nostra13.universalimageloader.cache.memory.impl.LruMemoryCache,144,0,0,0,1,1,1
LLOC,method,Android-Universal-Image-Loader,0.9,0.5,com.nostra13.universalimageloader.cache.memory.impl.LruMemoryCache,144,1,1,1,1,1,1
LOC,method,Android-Universal-Image-Loader,0.9,0.5,com.nostra13.universalimageloader.cache.memory.impl.LruMemoryCache,144,1,1,1,1,1,1
NOS,method,Android-Universal-Image-Loader,0.9,0.5,com.nostra13.universalimageloader.cache.memory.impl.LruMemoryCache,144,1,1,1,1,1,1
NUMPAR,method,Android-Universal-Image-Loader,0.9,0.5,com.nostra13.universalimageloader.cache.memory.impl.LruMemoryCache,144,0,0,0,1,1,1
TLLOC,method,Android-Universal-Image-Loader,0.9,0.5,com.nostra13.universalimageloader.cache.memory.impl.LruMemoryCache,144,1,1,1,1,1,1
TLOC,method,Android-Universal-Image-Loader,0.9,0.5,com.nostra13.universalimageloader.cache.memory.impl.LruMemoryCache,144,1,1,1,1,1,1
TNOS,method,Android-Universal-Image-Loader,0.9,0.5,com.nostra13.universalimageloader.cache.memory.impl.LruMemoryCache,144,0,0,0,0,0,0
WarningBlocker,method,Android-Universal-Image-Loader,0.9,0.5,com.nostra13.universalimageloader.cache.memory.impl.LruMemoryCache,144,0,0,0,0,0,0
WarningCritical,method,Android-Universal-Image-Loader,0.9,0.5,com.nostra13.universalimageloader.cache.memory.impl.LruMemoryCache,144,0,0,0,0,0,0
WarningInfo,method,Android-Universal-Image-Loader,0.9,0.5,com.nostra13.universalimageloader.cache.memory.impl.LruMemoryCache,144,0,0,0,0,0,0
WarningMajor,method,Android-Universal-Image-Loader,0.9,0.5,com.nostra13.universalimageloader.cache.memory.impl.LruMemoryCache,144,0,0,0,0,0,0
WarningMinor,method,Android-Universal-Image-Loader,0.9,0.5,com.nostra13.universalimageloader.cache.memory.impl.LruMemoryCache,144,0,0,0,0,0,0
Android Rules,method,Android-Universal-Image-Loader,0.9,0.5,com.nostra13.universalimageloader.cache.memory.impl.LruMemoryCache,144,0,0,0,0,0,0
Basic Rules,method,Android-Universal-Image-Loader,0.9,0.5,com.nostra13.universalimageloader.cache.memory.impl.LruMemoryCache,144,0,0,0,0,0,0
Brace Rules,method,Android-Universal-Image-Loader,0.9,0.5,com.nostra13.universalimageloader.cache.memory.impl.LruMemoryCache,144,0,0,0,0,0,0
Clone Implementation Rules,method,Android-Universal-Image-Loader,0.9,0.5,com.nostra13.universalimageloader.cache.memory.impl.LruMemoryCache,144,0,0,0,0,0,0
Code Size Rules,method,Android-Universal-Image-Loader,0.9,0.5,com.nostra13.universalimageloader.cache.memory.impl.LruMemoryCache,144,0,0,0,0,0,0
Comment Rules,method,Android-Universal-Image-Loader,0.9,0.5,com.nostra13.universalimageloader.cache.memory.impl.LruMemoryCache,144,0,0,0,0,0,0
Controversial Rules,method,Android-Universal-Image-Loader,0.9,0.5,com.nostra13.universalimageloader.cache.memory.impl.LruMemoryCache,144,0,0,0,0,0,0
Coupling Rules,method,Android-Universal-Image-Loader,0.9,0.5,com.nostra13.universalimageloader.cache.memory.impl.LruMemoryCache,144,0,0,0,0,0,0
Design Rules,method,Android-Universal-Image-Loader,0.9,0.5,com.nostra13.universalimageloader.cache.memory.impl.LruMemoryCache,144,0,0,0,0,0,0
Empty Code Rules,method,Android-Universal-Image-Loader,0.9,0.5,com.nostra13.universalimageloader.cache.memory.impl.LruMemoryCache,144,0,0,0,0,0,0
Finalizer Rules,method,Android-Universal-Image-Loader,0.9,0.5,com.nostra13.universalimageloader.cache.memory.impl.LruMemoryCache,144,0,0,0,0,0,0
Import Statement Rules,method,Android-Universal-Image-Loader,0.9,0.5,com.nostra13.universalimageloader.cache.memory.impl.LruMemoryCache,144,0,0,0,0,0,0
J2EE Rules,method,Android-Universal-Image-Loader,0.9,0.5,com.nostra13.universalimageloader.cache.memory.impl.LruMemoryCache,144,0,0,0,0,0,0
JUnit Rules,method,Android-Universal-Image-Loader,0.9,0.5,com.nostra13.universalimageloader.cache.memory.impl.LruMemoryCache,144,0,0,0,0,0,0
Jakarta Commons Logging Rules,method,Android-Universal-Image-Loader,0.9,0.5,com.nostra13.universalimageloader.cache.memory.impl.LruMemoryCache,144,0,0,0,0,0,0
Java Logging Rules,method,Android-Universal-Image-Loader,0.9,0.5,com.nostra13.universalimageloader.cache.memory.impl.LruMemoryCache,144,0,0,0,0,0,0
JavaBean Rules,method,Android-Universal-Image-Loader,0.9,0.5,com.nostra13.universalimageloader.cache.memory.impl.LruMemoryCache,144,0,0,0,0,0,0
MigratingToJUnit4 Rules,method,Android-Universal-Image-Loader,0.9,0.5,com.nostra13.universalimageloader.cache.memory.impl.LruMemoryCache,144,0,0,0,0,0,0
Migration Rules,method,Android-Universal-Image-Loader,0.9,0.5,com.nostra13.universalimageloader.cache.memory.impl.LruMemoryCache,144,0,0,0,0,0,0
Migration13 Rules,method,Android-Universal-Image-Loader,0.9,0.5,com.nostra13.universalimageloader.cache.memory.impl.LruMemoryCache,144,0,0,0,0,0,0
Migration14 Rules,method,Android-Universal-Image-Loader,0.9,0.5,com.nostra13.universalimageloader.cache.memory.impl.LruMemoryCache,144,0,0,0,0,0,0
Migration15 Rules,method,Android-Universal-Image-Loader,0.9,0.5,com.nostra13.universalimageloader.cache.memory.impl.LruMemoryCache,144,0,0,0,0,0,0
Naming Rules,method,Android-Universal-Image-Loader,0.9,0.5,com.nostra13.universalimageloader.cache.memory.impl.LruMemoryCache,144,0,0,0,0,0,0
Optimization Rules,method,Android-Universal-Image-Loader,0.9,0.5,com.nostra13.universalimageloader.cache.memory.impl.LruMemoryCache,144,0,0,0,0,0,0
Security Code Guideline Rules,method,Android-Universal-Image-Loader,0.9,0.5,com.nostra13.universalimageloader.cache.memory.impl.LruMemoryCache,144,0,0,0,0,0,0
Strict Exception Rules,method,Android-Universal-Image-Loader,0.9,0.5,com.nostra13.universalimageloader.cache.memory.impl.LruMemoryCache,144,0,0,0,0,0,0
String and StringBuffer Rules,method,Android-Universal-Image-Loader,0.9,0.5,com.nostra13.universalimageloader.cache.memory.impl.LruMemoryCache,144,0,0,0,0,0,0
Type Resolution Rules,method,Android-Universal-Image-Loader,0.9,0.5,com.nostra13.universalimageloader.cache.memory.impl.LruMemoryCache,144,0,0,0,0,0,0
Unnecessary and Unused Code Rules,method,Android-Universal-Image-Loader,0.9,0.5,com.nostra13.universalimageloader.cache.memory.impl.LruMemoryCache,144,0,0,0,0,0,0
Vulnerability Rules,method,Android-Universal-Image-Loader,0.9,0.5,com.nostra13.universalimageloader.cache.memory.impl.LruMemoryCache,144,0,0,0,0,0,0
CC,method,Android-Universal-Image-Loader,0.9,0.5,com.nostra13.universalimageloader.cache.disc.impl.LimitedAgeDiscCache,432,0,0,0,1,1,1
CCL,method,Android-Universal-Image-Loader,0.9,0.5,com.nostra13.universalimageloader.cache.disc.impl.LimitedAgeDiscCache,432,0,0,0,1,1,1
CCO,method,Android-Universal-Image-Loader,0.9,0.5,com.nostra13.universalimageloader.cache.disc.impl.LimitedAgeDiscCache,432,0,0,0,1,1,1
CI,method,Android-Universal-Image-Loader,0.9,0.5,com.nostra13.universalimageloader.cache.disc.impl.LimitedAgeDiscCache,432,0,0,0,1,1,1
CLC,method,Android-Universal-Image-Loader,0.9,0.5,com.nostra13.universalimageloader.cache.disc.impl.LimitedAgeDiscCache,432,0,0,0,1,1,1
CLLC,method,Android-Universal-Image-Loader,0.9,0.5,com.nostra13.universalimageloader.cache.disc.impl.LimitedAgeDiscCache,432,0,0,0,1,1,1
LDC,method,Android-Universal-Image-Loader,0.9,0.5,com.nostra13.universalimageloader.cache.disc.impl.LimitedAgeDiscCache,432,0,0,0,1,1,1
LLDC,method,Android-Universal-Image-Loader,0.9,0.5,com.nostra13.universalimageloader.cache.disc.impl.LimitedAgeDiscCache,432,0,0,0,1,1,1
HCPL,method,Android-Universal-Image-Loader,0.9,0.5,com.nostra13.universalimageloader.cache.disc.impl.LimitedAgeDiscCache,432,1,1,1,1,1,1
HDIF,method,Android-Universal-Image-Loader,0.9,0.5,com.nostra13.universalimageloader.cache.disc.impl.LimitedAgeDiscCache,432,1,1,1,1,1,1
HEFF,method,Android-Universal-Image-Loader,0.9,0.5,com.nostra13.universalimageloader.cache.disc.impl.LimitedAgeDiscCache,432,1,1,1,1,1,1
HNDB,method,Android-Universal-Image-Loader,0.9,0.5,com.nostra13.universalimageloader.cache.disc.impl.LimitedAgeDiscCache,432,1,1,1,1,1,1
HPL,method,Android-Universal-Image-Loader,0.9,0.5,com.nostra13.universalimageloader.cache.disc.impl.LimitedAgeDiscCache,432,1,1,1,1,1,1
HPV,method,Android-Universal-Image-Loader,0.9,0.5,com.nostra13.universalimageloader.cache.disc.impl.LimitedAgeDiscCache,432,1,1,1,1,1,1
HTRP,method,Android-Universal-Image-Loader,0.9,0.5,com.nostra13.universalimageloader.cache.disc.impl.LimitedAgeDiscCache,432,1,1,1,1,1,1
HVOL,method,Android-Universal-Image-Loader,0.9,0.5,com.nostra13.universalimageloader.cache.disc.impl.LimitedAgeDiscCache,432,1,1,1,1,1,1
MI,method,Android-Universal-Image-Loader,0.9,0.5,com.nostra13.universalimageloader.cache.disc.impl.LimitedAgeDiscCache,432,1,1,1,1,1,1
MIMS,method,Android-Universal-Image-Loader,0.9,0.5,com.nostra13.universalimageloader.cache.disc.impl.LimitedAgeDiscCache,432,1,1,1,1,1,1
MISEI,method,Android-Universal-Image-Loader,0.9,0.5,com.nostra13.universalimageloader.cache.disc.impl.LimitedAgeDiscCache,432,1,1,1,1,1,1
MISM,method,Android-Universal-Image-Loader,0.9,0.5,com.nostra13.universalimageloader.cache.disc.impl.LimitedAgeDiscCache,432,1,1,1,1,1,1
McCC,method,Android-Universal-Image-Loader,0.9,0.5,com.nostra13.universalimageloader.cache.disc.impl.LimitedAgeDiscCache,432,1,1,1,1,1,1
NL,method,Android-Universal-Image-Loader,0.9,0.5,com.nostra13.universalimageloader.cache.disc.impl.LimitedAgeDiscCache,432,1,1,1,1,1,1
NLE,method,Android-Universal-Image-Loader,0.9,0.5,com.nostra13.universalimageloader.cache.disc.impl.LimitedAgeDiscCache,432,0,0,0,1,1,1
NII,method,Android-Universal-Image-Loader,0.9,0.5,com.nostra13.universalimageloader.cache.disc.impl.LimitedAgeDiscCache,432,1,1,1,1,1,1
NOI,method,Android-Universal-Image-Loader,0.9,0.5,com.nostra13.universalimageloader.cache.disc.impl.LimitedAgeDiscCache,432,0,0,0,1,1,1
CD,method,Android-Universal-Image-Loader,0.9,0.5,com.nostra13.universalimageloader.cache.disc.impl.LimitedAgeDiscCache,432,1,1,1,1,1,1
CLOC,method,Android-Universal-Image-Loader,0.9,0.5,com.nostra13.universalimageloader.cache.disc.impl.LimitedAgeDiscCache,432,1,1,1,1,1,1
DLOC,method,Android-Universal-Image-Loader,0.9,0.5,com.nostra13.universalimageloader.cache.disc.impl.LimitedAgeDiscCache,432,1,1,1,1,1,1
TCD,method,Android-Universal-Image-Loader,0.9,0.5,com.nostra13.universalimageloader.cache.disc.impl.LimitedAgeDiscCache,432,1,1,1,1,1,1
TCLOC,method,Android-Universal-Image-Loader,0.9,0.5,com.nostra13.universalimageloader.cache.disc.impl.LimitedAgeDiscCache,432,1,1,1,1,1,1
LLOC,method,Android-Universal-Image-Loader,0.9,0.5,com.nostra13.universalimageloader.cache.disc.impl.LimitedAgeDiscCache,432,1,1,1,1,1,1
LOC,method,Android-Universal-Image-Loader,0.9,0.5,com.nostra13.universalimageloader.cache.disc.impl.LimitedAgeDiscCache,432,1,1,1,1,1,1
NOS,method,Android-Universal-Image-Loader,0.9,0.5,com.nostra13.universalimageloader.cache.disc.impl.LimitedAgeDiscCache,432,0,0,0,1,1,1
NUMPAR,method,Android-Universal-Image-Loader,0.9,0.5,com.nostra13.universalimageloader.cache.disc.impl.LimitedAgeDiscCache,432,0,0,0,1,1,1
TLLOC,method,Android-Universal-Image-Loader,0.9,0.5,com.nostra13.universalimageloader.cache.disc.impl.LimitedAgeDiscCache,432,1,1,1,1,1,1
TLOC,method,Android-Universal-Image-Loader,0.9,0.5,com.nostra13.universalimageloader.cache.disc.impl.LimitedAgeDiscCache,432,1,1,1,1,1,1
TNOS,method,Android-Universal-Image-Loader,0.9,0.5,com.nostra13.universalimageloader.cache.disc.impl.LimitedAgeDiscCache,432,0,0,0,0,0,0
WarningBlocker,method,Android-Universal-Image-Loader,0.9,0.5,com.nostra13.universalimageloader.cache.disc.impl.LimitedAgeDiscCache,432,0,0,0,0,0,0
WarningCritical,method,Android-Universal-Image-Loader,0.9,0.5,com.nostra13.universalimageloader.cache.disc.impl.LimitedAgeDiscCache,432,0,0,0,0,0,0
WarningInfo,method,Android-Universal-Image-Loader,0.9,0.5,com.nostra13.universalimageloader.cache.disc.impl.LimitedAgeDiscCache,432,0,0,0,0,0,0
WarningMajor,method,Android-Universal-Image-Loader,0.9,0.5,com.nostra13.universalimageloader.cache.disc.impl.LimitedAgeDiscCache,432,0,0,0,0,0,0
WarningMinor,method,Android-Universal-Image-Loader,0.9,0.5,com.nostra13.universalimageloader.cache.disc.impl.LimitedAgeDiscCache,432,0,0,0,0,0,0
Android Rules,method,Android-Universal-Image-Loader,0.9,0.5,com.nostra13.universalimageloader.cache.disc.impl.LimitedAgeDiscCache,432,0,0,0,0,0,0
Basic Rules,method,Android-Universal-Image-Loader,0.9,0.5,com.nostra13.universalimageloader.cache.disc.impl.LimitedAgeDiscCache,432,0,0,0,0,0,0
Brace Rules,method,Android-Universal-Image-Loader,0.9,0.5,com.nostra13.universalimageloader.cache.disc.impl.LimitedAgeDiscCache,432,0,0,0,0,0,0
Clone Implementation Rules,method,Android-Universal-Image-Loader,0.9,0.5,com.nostra13.universalimageloader.cache.disc.impl.LimitedAgeDiscCache,432,0,0,0,0,0,0
Code Size Rules,method,Android-Universal-Image-Loader,0.9,0.5,com.nostra13.universalimageloader.cache.disc.impl.LimitedAgeDiscCache,432,0,0,0,0,0,0
Comment Rules,method,Android-Universal-Image-Loader,0.9,0.5,com.nostra13.universalimageloader.cache.disc.impl.LimitedAgeDiscCache,432,0,0,0,0,0,0
Controversial Rules,method,Android-Universal-Image-Loader,0.9,0.5,com.nostra13.universalimageloader.cache.disc.impl.LimitedAgeDiscCache,432,0,0,0,0,0,0
Coupling Rules,method,Android-Universal-Image-Loader,0.9,0.5,com.nostra13.universalimageloader.cache.disc.impl.LimitedAgeDiscCache,432,0,0,0,0,0,0
Design Rules,method,Android-Universal-Image-Loader,0.9,0.5,com.nostra13.universalimageloader.cache.disc.impl.LimitedAgeDiscCache,432,0,0,0,0,0,0
Empty Code Rules,method,Android-Universal-Image-Loader,0.9,0.5,com.nostra13.universalimageloader.cache.disc.impl.LimitedAgeDiscCache,432,0,0,0,0,0,0
Finalizer Rules,method,Android-Universal-Image-Loader,0.9,0.5,com.nostra13.universalimageloader.cache.disc.impl.LimitedAgeDiscCache,432,0,0,0,0,0,0
Import Statement Rules,method,Android-Universal-Image-Loader,0.9,0.5,com.nostra13.universalimageloader.cache.disc.impl.LimitedAgeDiscCache,432,0,0,0,0,0,0
J2EE Rules,method,Android-Universal-Image-Loader,0.9,0.5,com.nostra13.universalimageloader.cache.disc.impl.LimitedAgeDiscCache,432,0,0,0,0,0,0
JUnit Rules,method,Android-Universal-Image-Loader,0.9,0.5,com.nostra13.universalimageloader.cache.disc.impl.LimitedAgeDiscCache,432,0,0,0,0,0,0
Jakarta Commons Logging Rules,method,Android-Universal-Image-Loader,0.9,0.5,com.nostra13.universalimageloader.cache.disc.impl.LimitedAgeDiscCache,432,0,0,0,0,0,0
Java Logging Rules,method,Android-Universal-Image-Loader,0.9,0.5,com.nostra13.universalimageloader.cache.disc.impl.LimitedAgeDiscCache,432,0,0,0,0,0,0
JavaBean Rules,method,Android-Universal-Image-Loader,0.9,0.5,com.nostra13.universalimageloader.cache.disc.impl.LimitedAgeDiscCache,432,0,0,0,0,0,0
MigratingToJUnit4 Rules,method,Android-Universal-Image-Loader,0.9,0.5,com.nostra13.universalimageloader.cache.disc.impl.LimitedAgeDiscCache,432,0,0,0,0,0,0
Migration Rules,method,Android-Universal-Image-Loader,0.9,0.5,com.nostra13.universalimageloader.cache.disc.impl.LimitedAgeDiscCache,432,0,0,0,0,0,0
Migration13 Rules,method,Android-Universal-Image-Loader,0.9,0.5,com.nostra13.universalimageloader.cache.disc.impl.LimitedAgeDiscCache,432,0,0,0,0,0,0
Migration14 Rules,method,Android-Universal-Image-Loader,0.9,0.5,com.nostra13.universalimageloader.cache.disc.impl.LimitedAgeDiscCache,432,0,0,0,0,0,0
Migration15 Rules,method,Android-Universal-Image-Loader,0.9,0.5,com.nostra13.universalimageloader.cache.disc.impl.LimitedAgeDiscCache,432,0,0,0,0,0,0
Naming Rules,method,Android-Universal-Image-Loader,0.9,0.5,com.nostra13.universalimageloader.cache.disc.impl.LimitedAgeDiscCache,432,0,0,0,0,0,0
Optimization Rules,method,Android-Universal-Image-Loader,0.9,0.5,com.nostra13.universalimageloader.cache.disc.impl.LimitedAgeDiscCache,432,0,0,0,0,0,0
Security Code Guideline Rules,method,Android-Universal-Image-Loader,0.9,0.5,com.nostra13.universalimageloader.cache.disc.impl.LimitedAgeDiscCache,432,0,0,0,0,0,0
Strict Exception Rules,method,Android-Universal-Image-Loader,0.9,0.5,com.nostra13.universalimageloader.cache.disc.impl.LimitedAgeDiscCache,432,0,0,0,0,0,0
String and StringBuffer Rules,method,Android-Universal-Image-Loader,0.9,0.5,com.nostra13.universalimageloader.cache.disc.impl.LimitedAgeDiscCache,432,0,0,0,0,0,0
Type Resolution Rules,method,Android-Universal-Image-Loader,0.9,0.5,com.nostra13.universalimageloader.cache.disc.impl.LimitedAgeDiscCache,432,0,0,0,0,0,0
Unnecessary and Unused Code Rules,method,Android-Universal-Image-Loader,0.9,0.5,com.nostra13.universalimageloader.cache.disc.impl.LimitedAgeDiscCache,432,0,0,0,0,0,0
Vulnerability Rules,method,Android-Universal-Image-Loader,0.9,0.5,com.nostra13.universalimageloader.cache.disc.impl.LimitedAgeDiscCache,432,0,0,0,0,0,0
CC,method,Android-Universal-Image-Loader,0.9,0.5,com.nostra13.universalimageloader.core.assist.PauseOnScrollListener,432,0,0,0,1,1,1
CCL,method,Android-Universal-Image-Loader,0.9,0.5,com.nostra13.universalimageloader.core.assist.PauseOnScrollListener,432,0,0,0,1,1,1
CCO,method,Android-Universal-Image-Loader,0.9,0.5,com.nostra13.universalimageloader.core.assist.PauseOnScrollListener,432,0,0,0,1,1,1
CI,method,Android-Universal-Image-Loader,0.9,0.5,com.nostra13.universalimageloader.core.assist.PauseOnScrollListener,432,0,0,0,1,1,1
CLC,method,Android-Universal-Image-Loader,0.9,0.5,com.nostra13.universalimageloader.core.assist.PauseOnScrollListener,432,0,0,0,1,1,1
CLLC,method,Android-Universal-Image-Loader,0.9,0.5,com.nostra13.universalimageloader.core.assist.PauseOnScrollListener,432,0,0,0,1,1,1
LDC,method,Android-Universal-Image-Loader,0.9,0.5,com.nostra13.universalimageloader.core.assist.PauseOnScrollListener,432,0,0,0,1,1,1
LLDC,method,Android-Universal-Image-Loader,0.9,0.5,com.nostra13.universalimageloader.core.assist.PauseOnScrollListener,432,0,0,0,1,1,1
HCPL,method,Android-Universal-Image-Loader,0.9,0.5,com.nostra13.universalimageloader.core.assist.PauseOnScrollListener,432,1,1,1,1,1,1
HDIF,method,Android-Universal-Image-Loader,0.9,0.5,com.nostra13.universalimageloader.core.assist.PauseOnScrollListener,432,1,1,1,1,1,1
HEFF,method,Android-Universal-Image-Loader,0.9,0.5,com.nostra13.universalimageloader.core.assist.PauseOnScrollListener,432,1,1,1,1,1,1
HNDB,method,Android-Universal-Image-Loader,0.9,0.5,com.nostra13.universalimageloader.core.assist.PauseOnScrollListener,432,1,1,1,1,1,1
HPL,method,Android-Universal-Image-Loader,0.9,0.5,com.nostra13.universalimageloader.core.assist.PauseOnScrollListener,432,1,1,1,1,1,1
HPV,method,Android-Universal-Image-Loader,0.9,0.5,com.nostra13.universalimageloader.core.assist.PauseOnScrollListener,432,1,1,1,1,1,1
HTRP,method,Android-Universal-Image-Loader,0.9,0.5,com.nostra13.universalimageloader.core.assist.PauseOnScrollListener,432,1,1,1,1,1,1
HVOL,method,Android-Universal-Image-Loader,0.9,0.5,com.nostra13.universalimageloader.core.assist.PauseOnScrollListener,432,1,1,1,1,1,1
MI,method,Android-Universal-Image-Loader,0.9,0.5,com.nostra13.universalimageloader.core.assist.PauseOnScrollListener,432,1,1,1,1,1,1
MIMS,method,Android-Universal-Image-Loader,0.9,0.5,com.nostra13.universalimageloader.core.assist.PauseOnScrollListener,432,1,1,1,1,1,1
MISEI,method,Android-Universal-Image-Loader,0.9,0.5,com.nostra13.universalimageloader.core.assist.PauseOnScrollListener,432,1,1,1,1,1,1
MISM,method,Android-Universal-Image-Loader,0.9,0.5,com.nostra13.universalimageloader.core.assist.PauseOnScrollListener,432,1,1,1,1,1,1
McCC,method,Android-Universal-Image-Loader,0.9,0.5,com.nostra13.universalimageloader.core.assist.PauseOnScrollListener,432,1,1,1,1,1,1
NL,method,Android-Universal-Image-Loader,0.9,0.5,com.nostra13.universalimageloader.core.assist.PauseOnScrollListener,432,1,1,1,1,1,1
NLE,method,Android-Universal-Image-Loader,0.9,0.5,com.nostra13.universalimageloader.core.assist.PauseOnScrollListener,432,1,1,1,1,1,1
NII,method,Android-Universal-Image-Loader,0.9,0.5,com.nostra13.universalimageloader.core.assist.PauseOnScrollListener,432,0,0,0,1,1,1
NOI,method,Android-Universal-Image-Loader,0.9,0.5,com.nostra13.universalimageloader.core.assist.PauseOnScrollListener,432,0,0,0,1,1,1
CD,method,Android-Universal-Image-Loader,0.9,0.5,com.nostra13.universalimageloader.core.assist.PauseOnScrollListener,432,1,1,1,1,1,1
CLOC,method,Android-Universal-Image-Loader,0.9,0.5,com.nostra13.universalimageloader.core.assist.PauseOnScrollListener,432,1,1,1,1,1,1
DLOC,method,Android-Universal-Image-Loader,0.9,0.5,com.nostra13.universalimageloader.core.assist.PauseOnScrollListener,432,1,1,1,1,1,1
TCD,method,Android-Universal-Image-Loader,0.9,0.5,com.nostra13.universalimageloader.core.assist.PauseOnScrollListener,432,1,1,1,1,1,1
TCLOC,method,Android-Universal-Image-Loader,0.9,0.5,com.nostra13.universalimageloader.core.assist.PauseOnScrollListener,432,1,1,1,1,1,1
LLOC,method,Android-Universal-Image-Loader,0.9,0.5,com.nostra13.universalimageloader.core.assist.PauseOnScrollListener,432,1,1,1,1,1,1
LOC,method,Android-Universal-Image-Loader,0.9,0.5,com.nostra13.universalimageloader.core.assist.PauseOnScrollListener,432,1,1,1,1,1,1
NOS,method,Android-Universal-Image-Loader,0.9,0.5,com.nostra13.universalimageloader.core.assist.PauseOnScrollListener,432,1,1,1,1,1,1
NUMPAR,method,Android-Universal-Image-Loader,0.9,0.5,com.nostra13.universalimageloader.core.assist.PauseOnScrollListener,432,1,1,1,1,1,1
TLLOC,method,Android-Universal-Image-Loader,0.9,0.5,com.nostra13.universalimageloader.core.assist.PauseOnScrollListener,432,1,1,1,1,1,1
TLOC,method,Android-Universal-Image-Loader,0.9,0.5,com.nostra13.universalimageloader.core.assist.PauseOnScrollListener,432,1,1,1,1,1,1
TNOS,method,Android-Universal-Image-Loader,0.9,0.5,com.nostra13.universalimageloader.core.assist.PauseOnScrollListener,432,0,0,0,0,0,0
WarningBlocker,method,Android-Universal-Image-Loader,0.9,0.5,com.nostra13.universalimageloader.core.assist.PauseOnScrollListener,432,0,0,0,0,0,0
WarningCritical,method,Android-Universal-Image-Loader,0.9,0.5,com.nostra13.universalimageloader.core.assist.PauseOnScrollListener,432,0,0,0,0,0,0
WarningInfo,method,Android-Universal-Image-Loader,0.9,0.5,com.nostra13.universalimageloader.core.assist.PauseOnScrollListener,432,0,0,0,0,0,0
WarningMajor,method,Android-Universal-Image-Loader,0.9,0.5,com.nostra13.universalimageloader.core.assist.PauseOnScrollListener,432,0,0,0,0,0,0
WarningMinor,method,Android-Universal-Image-Loader,0.9,0.5,com.nostra13.universalimageloader.core.assist.PauseOnScrollListener,432,0,0,0,0,0,0
Android Rules,method,Android-Universal-Image-Loader,0.9,0.5,com.nostra13.universalimageloader.core.assist.PauseOnScrollListener,432,0,0,0,0,0,0
Basic Rules,method,Android-Universal-Image-Loader,0.9,0.5,com.nostra13.universalimageloader.core.assist.PauseOnScrollListener,432,0,0,0,0,0,0
Brace Rules,method,Android-Universal-Image-Loader,0.9,0.5,com.nostra13.universalimageloader.core.assist.PauseOnScrollListener,432,0,0,0,0,0,0
Clone Implementation Rules,method,Android-Universal-Image-Loader,0.9,0.5,com.nostra13.universalimageloader.core.assist.PauseOnScrollListener,432,0,0,0,0,0,0
Code Size Rules,method,Android-Universal-Image-Loader,0.9,0.5,com.nostra13.universalimageloader.core.assist.PauseOnScrollListener,432,0,0,0,0,0,0
Comment Rules,method,Android-Universal-Image-Loader,0.9,0.5,com.nostra13.universalimageloader.core.assist.PauseOnScrollListener,432,0,0,0,0,0,0
Controversial Rules,method,Android-Universal-Image-Loader,0.9,0.5,com.nostra13.universalimageloader.core.assist.PauseOnScrollListener,432,0,0,0,0,0,0
Coupling Rules,method,Android-Universal-Image-Loader,0.9,0.5,com.nostra13.universalimageloader.core.assist.PauseOnScrollListener,432,0,0,0,0,0,0
Design Rules,method,Android-Universal-Image-Loader,0.9,0.5,com.nostra13.universalimageloader.core.assist.PauseOnScrollListener,432,0,0,0,0,0,0
Empty Code Rules,method,Android-Universal-Image-Loader,0.9,0.5,com.nostra13.universalimageloader.core.assist.PauseOnScrollListener,432,0,0,0,0,0,0
Finalizer Rules,method,Android-Universal-Image-Loader,0.9,0.5,com.nostra13.universalimageloader.core.assist.PauseOnScrollListener,432,0,0,0,0,0,0
Import Statement Rules,method,Android-Universal-Image-Loader,0.9,0.5,com.nostra13.universalimageloader.core.assist.PauseOnScrollListener,432,0,0,0,0,0,0
J2EE Rules,method,Android-Universal-Image-Loader,0.9,0.5,com.nostra13.universalimageloader.core.assist.PauseOnScrollListener,432,0,0,0,0,0,0
JUnit Rules,method,Android-Universal-Image-Loader,0.9,0.5,com.nostra13.universalimageloader.core.assist.PauseOnScrollListener,432,0,0,0,0,0,0
Jakarta Commons Logging Rules,method,Android-Universal-Image-Loader,0.9,0.5,com.nostra13.universalimageloader.core.assist.PauseOnScrollListener,432,0,0,0,0,0,0
Java Logging Rules,method,Android-Universal-Image-Loader,0.9,0.5,com.nostra13.universalimageloader.core.assist.PauseOnScrollListener,432,0,0,0,0,0,0
JavaBean Rules,method,Android-Universal-Image-Loader,0.9,0.5,com.nostra13.universalimageloader.core.assist.PauseOnScrollListener,432,0,0,0,0,0,0
MigratingToJUnit4 Rules,method,Android-Universal-Image-Loader,0.9,0.5,com.nostra13.universalimageloader.core.assist.PauseOnScrollListener,432,0,0,0,0,0,0
Migration Rules,method,Android-Universal-Image-Loader,0.9,0.5,com.nostra13.universalimageloader.core.assist.PauseOnScrollListener,432,0,0,0,0,0,0
Migration13 Rules,method,Android-Universal-Image-Loader,0.9,0.5,com.nostra13.universalimageloader.core.assist.PauseOnScrollListener,432,0,0,0,0,0,0
Migration14 Rules,method,Android-Universal-Image-Loader,0.9,0.5,com.nostra13.universalimageloader.core.assist.PauseOnScrollListener,432,0,0,0,0,0,0
Migration15 Rules,method,Android-Universal-Image-Loader,0.9,0.5,com.nostra13.universalimageloader.core.assist.PauseOnScrollListener,432,0,0,0,0,0,0
Naming Rules,method,Android-Universal-Image-Loader,0.9,0.5,com.nostra13.universalimageloader.core.assist.PauseOnScrollListener,432,0,0,0,0,0,0
Optimization Rules,method,Android-Universal-Image-Loader,0.9,0.5,com.nostra13.universalimageloader.core.assist.PauseOnScrollListener,432,0,0,0,0,0,0
Security Code Guideline Rules,method,Android-Universal-Image-Loader,0.9,0.5,com.nostra13.universalimageloader.core.assist.PauseOnScrollListener,432,0,0,0,0,0,0
Strict Exception Rules,method,Android-Universal-Image-Loader,0.9,0.5,com.nostra13.universalimageloader.core.assist.PauseOnScrollListener,432,0,0,0,0,0,0
String and StringBuffer Rules,method,Android-Universal-Image-Loader,0.9,0.5,com.nostra13.universalimageloader.core.assist.PauseOnScrollListener,432,0,0,0,0,0,0
Type Resolution Rules,method,Android-Universal-Image-Loader,0.9,0.5,com.nostra13.universalimageloader.core.assist.PauseOnScrollListener,432,0,0,0,0,0,0
Unnecessary and Unused Code Rules,method,Android-Universal-Image-Loader,0.9,0.5,com.nostra13.universalimageloader.core.assist.PauseOnScrollListener,432,0,0,0,0,0,0
Vulnerability Rules,method,Android-Universal-Image-Loader,0.9,0.5,com.nostra13.universalimageloader.core.assist.PauseOnScrollListener,432,0,0,0,0,0,0
CC,method,Android-Universal-Image-Loader,0.9,0.5,com.nostra13.universalimageloader.cache.memory.LimitedMemoryCache,576,0,0,0,1,1,1
CCL,method,Android-Universal-Image-Loader,0.9,0.5,com.nostra13.universalimageloader.cache.memory.LimitedMemoryCache,576,0,0,0,1,1,1
CCO,method,Android-Universal-Image-Loader,0.9,0.5,com.nostra13.universalimageloader.cache.memory.LimitedMemoryCache,576,0,0,0,1,1,1
CI,method,Android-Universal-Image-Loader,0.9,0.5,com.nostra13.universalimageloader.cache.memory.LimitedMemoryCache,576,0,0,0,1,1,1
CLC,method,Android-Universal-Image-Loader,0.9,0.5,com.nostra13.universalimageloader.cache.memory.LimitedMemoryCache,576,0,0,0,1,1,1
CLLC,method,Android-Universal-Image-Loader,0.9,0.5,com.nostra13.universalimageloader.cache.memory.LimitedMemoryCache,576,0,0,0,1,1,1
LDC,method,Android-Universal-Image-Loader,0.9,0.5,com.nostra13.universalimageloader.cache.memory.LimitedMemoryCache,576,0,0,0,1,1,1
LLDC,method,Android-Universal-Image-Loader,0.9,0.5,com.nostra13.universalimageloader.cache.memory.LimitedMemoryCache,576,0,0,0,1,1,1
HCPL,method,Android-Universal-Image-Loader,0.9,0.5,com.nostra13.universalimageloader.cache.memory.LimitedMemoryCache,576,1,1,1,1,1,1
HDIF,method,Android-Universal-Image-Loader,0.9,0.5,com.nostra13.universalimageloader.cache.memory.LimitedMemoryCache,576,1,1,1,1,1,1
HEFF,method,Android-Universal-Image-Loader,0.9,0.5,com.nostra13.universalimageloader.cache.memory.LimitedMemoryCache,576,1,1,1,1,1,1
HNDB,method,Android-Universal-Image-Loader,0.9,0.5,com.nostra13.universalimageloader.cache.memory.LimitedMemoryCache,576,1,1,1,1,1,1
HPL,method,Android-Universal-Image-Loader,0.9,0.5,com.nostra13.universalimageloader.cache.memory.LimitedMemoryCache,576,1,1,1,1,1,1
HPV,method,Android-Universal-Image-Loader,0.9,0.5,com.nostra13.universalimageloader.cache.memory.LimitedMemoryCache,576,1,1,1,1,1,1
HTRP,method,Android-Universal-Image-Loader,0.9,0.5,com.nostra13.universalimageloader.cache.memory.LimitedMemoryCache,576,1,1,1,1,1,1
HVOL,method,Android-Universal-Image-Loader,0.9,0.5,com.nostra13.universalimageloader.cache.memory.LimitedMemoryCache,576,1,1,1,1,1,1
MI,method,Android-Universal-Image-Loader,0.9,0.5,com.nostra13.universalimageloader.cache.memory.LimitedMemoryCache,576,1,1,1,1,1,1
MIMS,method,Android-Universal-Image-Loader,0.9,0.5,com.nostra13.universalimageloader.cache.memory.LimitedMemoryCache,576,1,1,1,1,1,1
MISEI,method,Android-Universal-Image-Loader,0.9,0.5,com.nostra13.universalimageloader.cache.memory.LimitedMemoryCache,576,1,1,1,1,1,1
MISM,method,Android-Universal-Image-Loader,0.9,0.5,com.nostra13.universalimageloader.cache.memory.LimitedMemoryCache,576,1,1,1,1,1,1
McCC,method,Android-Universal-Image-Loader,0.9,0.5,com.nostra13.universalimageloader.cache.memory.LimitedMemoryCache,576,1,1,1,1,1,1
NL,method,Android-Universal-Image-Loader,0.9,0.5,com.nostra13.universalimageloader.cache.memory.LimitedMemoryCache,576,1,1,1,1,1,1
NLE,method,Android-Universal-Image-Loader,0.9,0.5,com.nostra13.universalimageloader.cache.memory.LimitedMemoryCache,576,1,1,1,1,1,1
NII,method,Android-Universal-Image-Loader,0.9,0.5,com.nostra13.universalimageloader.cache.memory.LimitedMemoryCache,576,0,0,0,1,1,1
NOI,method,Android-Universal-Image-Loader,0.9,0.5,com.nostra13.universalimageloader.cache.memory.LimitedMemoryCache,576,0,0,0,1,1,1
CD,method,Android-Universal-Image-Loader,0.9,0.5,com.nostra13.universalimageloader.cache.memory.LimitedMemoryCache,576,1,1,1,1,1,1
CLOC,method,Android-Universal-Image-Loader,0.9,0.5,com.nostra13.universalimageloader.cache.memory.LimitedMemoryCache,576,1,1,1,1,1,1
DLOC,method,Android-Universal-Image-Loader,0.9,0.5,com.nostra13.universalimageloader.cache.memory.LimitedMemoryCache,576,0,0,0,1,1,1
TCD,method,Android-Universal-Image-Loader,0.9,0.5,com.nostra13.universalimageloader.cache.memory.LimitedMemoryCache,576,1,1,1,1,1,1
TCLOC,method,Android-Universal-Image-Loader,0.9,0.5,com.nostra13.universalimageloader.cache.memory.LimitedMemoryCache,576,1,1,1,1,1,1
LLOC,method,Android-Universal-Image-Loader,0.9,0.5,com.nostra13.universalimageloader.cache.memory.LimitedMemoryCache,576,1,1,1,1,1,1
LOC,method,Android-Universal-Image-Loader,0.9,0.5,com.nostra13.universalimageloader.cache.memory.LimitedMemoryCache,576,1,1,1,1,1,1
NOS,method,Android-Universal-Image-Loader,0.9,0.5,com.nostra13.universalimageloader.cache.memory.LimitedMemoryCache,576,1,1,1,1,1,1
NUMPAR,method,Android-Universal-Image-Loader,0.9,0.5,com.nostra13.universalimageloader.cache.memory.LimitedMemoryCache,576,0,0,0,1,1,1
TLLOC,method,Android-Universal-Image-Loader,0.9,0.5,com.nostra13.universalimageloader.cache.memory.LimitedMemoryCache,576,1,1,1,1,1,1
TLOC,method,Android-Universal-Image-Loader,0.9,0.5,com.nostra13.universalimageloader.cache.memory.LimitedMemoryCache,576,1,1,1,1,1,1
TNOS,method,Android-Universal-Image-Loader,0.9,0.5,com.nostra13.universalimageloader.cache.memory.LimitedMemoryCache,576,0,0,0,0,0,0
WarningBlocker,method,Android-Universal-Image-Loader,0.9,0.5,com.nostra13.universalimageloader.cache.memory.LimitedMemoryCache,576,0,0,0,0,0,0
WarningCritical,method,Android-Universal-Image-Loader,0.9,0.5,com.nostra13.universalimageloader.cache.memory.LimitedMemoryCache,576,0,0,0,0,0,0
WarningInfo,method,Android-Universal-Image-Loader,0.9,0.5,com.nostra13.universalimageloader.cache.memory.LimitedMemoryCache,576,0,0,0,0,0,0
WarningMajor,method,Android-Universal-Image-Loader,0.9,0.5,com.nostra13.universalimageloader.cache.memory.LimitedMemoryCache,576,0,0,0,0,0,0
WarningMinor,method,Android-Universal-Image-Loader,0.9,0.5,com.nostra13.universalimageloader.cache.memory.LimitedMemoryCache,576,0,0,0,0,0,0
Android Rules,method,Android-Universal-Image-Loader,0.9,0.5,com.nostra13.universalimageloader.cache.memory.LimitedMemoryCache,576,0,0,0,0,0,0
Basic Rules,method,Android-Universal-Image-Loader,0.9,0.5,com.nostra13.universalimageloader.cache.memory.LimitedMemoryCache,576,0,0,0,0,0,0
Brace Rules,method,Android-Universal-Image-Loader,0.9,0.5,com.nostra13.universalimageloader.cache.memory.LimitedMemoryCache,576,0,0,0,0,0,0
Clone Implementation Rules,method,Android-Universal-Image-Loader,0.9,0.5,com.nostra13.universalimageloader.cache.memory.LimitedMemoryCache,576,0,0,0,0,0,0
Code Size Rules,method,Android-Universal-Image-Loader,0.9,0.5,com.nostra13.universalimageloader.cache.memory.LimitedMemoryCache,576,0,0,0,0,0,0
Comment Rules,method,Android-Universal-Image-Loader,0.9,0.5,com.nostra13.universalimageloader.cache.memory.LimitedMemoryCache,576,0,0,0,0,0,0
Controversial Rules,method,Android-Universal-Image-Loader,0.9,0.5,com.nostra13.universalimageloader.cache.memory.LimitedMemoryCache,576,0,0,0,0,0,0
Coupling Rules,method,Android-Universal-Image-Loader,0.9,0.5,com.nostra13.universalimageloader.cache.memory.LimitedMemoryCache,576,0,0,0,0,0,0
Design Rules,method,Android-Universal-Image-Loader,0.9,0.5,com.nostra13.universalimageloader.cache.memory.LimitedMemoryCache,576,0,0,0,0,0,0
Empty Code Rules,method,Android-Universal-Image-Loader,0.9,0.5,com.nostra13.universalimageloader.cache.memory.LimitedMemoryCache,576,0,0,0,0,0,0
Finalizer Rules,method,Android-Universal-Image-Loader,0.9,0.5,com.nostra13.universalimageloader.cache.memory.LimitedMemoryCache,576,0,0,0,0,0,0
Import Statement Rules,method,Android-Universal-Image-Loader,0.9,0.5,com.nostra13.universalimageloader.cache.memory.LimitedMemoryCache,576,0,0,0,0,0,0
J2EE Rules,method,Android-Universal-Image-Loader,0.9,0.5,com.nostra13.universalimageloader.cache.memory.LimitedMemoryCache,576,0,0,0,0,0,0
JUnit Rules,method,Android-Universal-Image-Loader,0.9,0.5,com.nostra13.universalimageloader.cache.memory.LimitedMemoryCache,576,0,0,0,0,0,0
Jakarta Commons Logging Rules,method,Android-Universal-Image-Loader,0.9,0.5,com.nostra13.universalimageloader.cache.memory.LimitedMemoryCache,576,0,0,0,0,0,0
Java Logging Rules,method,Android-Universal-Image-Loader,0.9,0.5,com.nostra13.universalimageloader.cache.memory.LimitedMemoryCache,576,0,0,0,0,0,0
JavaBean Rules,method,Android-Universal-Image-Loader,0.9,0.5,com.nostra13.universalimageloader.cache.memory.LimitedMemoryCache,576,0,0,0,0,0,0
MigratingToJUnit4 Rules,method,Android-Universal-Image-Loader,0.9,0.5,com.nostra13.universalimageloader.cache.memory.LimitedMemoryCache,576,0,0,0,0,0,0
Migration Rules,method,Android-Universal-Image-Loader,0.9,0.5,com.nostra13.universalimageloader.cache.memory.LimitedMemoryCache,576,0,0,0,0,0,0
Migration13 Rules,method,Android-Universal-Image-Loader,0.9,0.5,com.nostra13.universalimageloader.cache.memory.LimitedMemoryCache,576,0,0,0,0,0,0
Migration14 Rules,method,Android-Universal-Image-Loader,0.9,0.5,com.nostra13.universalimageloader.cache.memory.LimitedMemoryCache,576,0,0,0,0,0,0
Migration15 Rules,method,Android-Universal-Image-Loader,0.9,0.5,com.nostra13.universalimageloader.cache.memory.LimitedMemoryCache,576,0,0,0,0,0,0
Naming Rules,method,Android-Universal-Image-Loader,0.9,0.5,com.nostra13.universalimageloader.cache.memory.LimitedMemoryCache,576,0,0,0,0,0,0
Optimization Rules,method,Android-Universal-Image-Loader,0.9,0.5,com.nostra13.universalimageloader.cache.memory.LimitedMemoryCache,576,0,0,0,0,0,0
Security Code Guideline Rules,method,Android-Universal-Image-Loader,0.9,0.5,com.nostra13.universalimageloader.cache.memory.LimitedMemoryCache,576,0,0,0,0,0,0
Strict Exception Rules,method,Android-Universal-Image-Loader,0.9,0.5,com.nostra13.universalimageloader.cache.memory.LimitedMemoryCache,576,0,0,0,0,0,0
String and StringBuffer Rules,method,Android-Universal-Image-Loader,0.9,0.5,com.nostra13.universalimageloader.cache.memory.LimitedMemoryCache,576,0,0,0,0,0,0
Type Resolution Rules,method,Android-Universal-Image-Loader,0.9,0.5,com.nostra13.universalimageloader.cache.memory.LimitedMemoryCache,576,0,0,0,0,0,0
Unnecessary and Unused Code Rules,method,Android-Universal-Image-Loader,0.9,0.5,com.nostra13.universalimageloader.cache.memory.LimitedMemoryCache,576,0,0,0,0,0,0
Vulnerability Rules,method,Android-Universal-Image-Loader,0.9,0.5,com.nostra13.universalimageloader.cache.memory.LimitedMemoryCache,576,0,0,0,0,0,0
CC,method,Android-Universal-Image-Loader,0.9,0.5,com.nostra13.universalimageloader.core.DisplayImageOptions,864,0,0,0,1,1,1
CCL,method,Android-Universal-Image-Loader,0.9,0.5,com.nostra13.universalimageloader.core.DisplayImageOptions,864,0,0,0,1,1,1
CCO,method,Android-Universal-Image-Loader,0.9,0.5,com.nostra13.universalimageloader.core.DisplayImageOptions,864,0,0,0,1,1,1
CI,method,Android-Universal-Image-Loader,0.9,0.5,com.nostra13.universalimageloader.core.DisplayImageOptions,864,0,0,0,1,1,1
CLC,method,Android-Universal-Image-Loader,0.9,0.5,com.nostra13.universalimageloader.core.DisplayImageOptions,864,0,0,0,1,1,1
CLLC,method,Android-Universal-Image-Loader,0.9,0.5,com.nostra13.universalimageloader.core.DisplayImageOptions,864,0,0,0,1,1,1
LDC,method,Android-Universal-Image-Loader,0.9,0.5,com.nostra13.universalimageloader.core.DisplayImageOptions,864,0,0,0,1,1,1
LLDC,method,Android-Universal-Image-Loader,0.9,0.5,com.nostra13.universalimageloader.core.DisplayImageOptions,864,0,0,0,1,1,1
HCPL,method,Android-Universal-Image-Loader,0.9,0.5,com.nostra13.universalimageloader.core.DisplayImageOptions,864,1,1,1,1,1,1
HDIF,method,Android-Universal-Image-Loader,0.9,0.5,com.nostra13.universalimageloader.core.DisplayImageOptions,864,1,1,1,1,1,1
HEFF,method,Android-Universal-Image-Loader,0.9,0.5,com.nostra13.universalimageloader.core.DisplayImageOptions,864,1,1,1,1,1,1
HNDB,method,Android-Universal-Image-Loader,0.9,0.5,com.nostra13.universalimageloader.core.DisplayImageOptions,864,1,1,1,1,1,1
HPL,method,Android-Universal-Image-Loader,0.9,0.5,com.nostra13.universalimageloader.core.DisplayImageOptions,864,1,1,1,1,1,1
HPV,method,Android-Universal-Image-Loader,0.9,0.5,com.nostra13.universalimageloader.core.DisplayImageOptions,864,1,1,1,1,1,1
HTRP,method,Android-Universal-Image-Loader,0.9,0.5,com.nostra13.universalimageloader.core.DisplayImageOptions,864,1,1,1,1,1,1
HVOL,method,Android-Universal-Image-Loader,0.9,0.5,com.nostra13.universalimageloader.core.DisplayImageOptions,864,1,1,1,1,1,1
MI,method,Android-Universal-Image-Loader,0.9,0.5,com.nostra13.universalimageloader.core.DisplayImageOptions,864,1,1,1,1,1,1
MIMS,method,Android-Universal-Image-Loader,0.9,0.5,com.nostra13.universalimageloader.core.DisplayImageOptions,864,1,1,1,1,1,1
MISEI,method,Android-Universal-Image-Loader,0.9,0.5,com.nostra13.universalimageloader.core.DisplayImageOptions,864,1,1,1,1,1,1
MISM,method,Android-Universal-Image-Loader,0.9,0.5,com.nostra13.universalimageloader.core.DisplayImageOptions,864,1,1,1,1,1,1
McCC,method,Android-Universal-Image-Loader,0.9,0.5,com.nostra13.universalimageloader.core.DisplayImageOptions,864,0,0,0,1,1,1
NL,method,Android-Universal-Image-Loader,0.9,0.5,com.nostra13.universalimageloader.core.DisplayImageOptions,864,0,0,0,1,1,1
NLE,method,Android-Universal-Image-Loader,0.9,0.5,com.nostra13.universalimageloader.core.DisplayImageOptions,864,0,0,0,1,1,1
NII,method,Android-Universal-Image-Loader,0.9,0.5,com.nostra13.universalimageloader.core.DisplayImageOptions,864,0,0,0,1,1,1
NOI,method,Android-Universal-Image-Loader,0.9,0.5,com.nostra13.universalimageloader.core.DisplayImageOptions,864,0,0,0,1,1,1
CD,method,Android-Universal-Image-Loader,0.9,0.5,com.nostra13.universalimageloader.core.DisplayImageOptions,864,0,0,0,1,1,1
CLOC,method,Android-Universal-Image-Loader,0.9,0.5,com.nostra13.universalimageloader.core.DisplayImageOptions,864,0,0,0,1,1,1
DLOC,method,Android-Universal-Image-Loader,0.9,0.5,com.nostra13.universalimageloader.core.DisplayImageOptions,864,0,0,0,1,1,1
TCD,method,Android-Universal-Image-Loader,0.9,0.5,com.nostra13.universalimageloader.core.DisplayImageOptions,864,0,0,0,1,1,1
TCLOC,method,Android-Universal-Image-Loader,0.9,0.5,com.nostra13.universalimageloader.core.DisplayImageOptions,864,0,0,0,1,1,1
LLOC,method,Android-Universal-Image-Loader,0.9,0.5,com.nostra13.universalimageloader.core.DisplayImageOptions,864,1,1,1,1,1,1
LOC,method,Android-Universal-Image-Loader,0.9,0.5,com.nostra13.universalimageloader.core.DisplayImageOptions,864,1,1,1,1,1,1
NOS,method,Android-Universal-Image-Loader,0.9,0.5,com.nostra13.universalimageloader.core.DisplayImageOptions,864,1,1,1,1,1,1
NUMPAR,method,Android-Universal-Image-Loader,0.9,0.5,com.nostra13.universalimageloader.core.DisplayImageOptions,864,0,0,0,1,1,1
TLLOC,method,Android-Universal-Image-Loader,0.9,0.5,com.nostra13.universalimageloader.core.DisplayImageOptions,864,1,1,1,1,1,1
TLOC,method,Android-Universal-Image-Loader,0.9,0.5,com.nostra13.universalimageloader.core.DisplayImageOptions,864,1,1,1,1,1,1
TNOS,method,Android-Universal-Image-Loader,0.9,0.5,com.nostra13.universalimageloader.core.DisplayImageOptions,864,0,0,0,0,0,0
WarningBlocker,method,Android-Universal-Image-Loader,0.9,0.5,com.nostra13.universalimageloader.core.DisplayImageOptions,864,0,0,0,0,0,0
WarningCritical,method,Android-Universal-Image-Loader,0.9,0.5,com.nostra13.universalimageloader.core.DisplayImageOptions,864,0,0,0,0,0,0
WarningInfo,method,Android-Universal-Image-Loader,0.9,0.5,com.nostra13.universalimageloader.core.DisplayImageOptions,864,0,0,0,0,0,0
WarningMajor,method,Android-Universal-Image-Loader,0.9,0.5,com.nostra13.universalimageloader.core.DisplayImageOptions,864,0,0,0,0,0,0
WarningMinor,method,Android-Universal-Image-Loader,0.9,0.5,com.nostra13.universalimageloader.core.DisplayImageOptions,864,0,0,0,0,0,0
Android Rules,method,Android-Universal-Image-Loader,0.9,0.5,com.nostra13.universalimageloader.core.DisplayImageOptions,864,0,0,0,0,0,0
Basic Rules,method,Android-Universal-Image-Loader,0.9,0.5,com.nostra13.universalimageloader.core.DisplayImageOptions,864,0,0,0,0,0,0
Brace Rules,method,Android-Universal-Image-Loader,0.9,0.5,com.nostra13.universalimageloader.core.DisplayImageOptions,864,0,0,0,0,0,0
Clone Implementation Rules,method,Android-Universal-Image-Loader,0.9,0.5,com.nostra13.universalimageloader.core.DisplayImageOptions,864,0,0,0,0,0,0
Code Size Rules,method,Android-Universal-Image-Loader,0.9,0.5,com.nostra13.universalimageloader.core.DisplayImageOptions,864,0,0,0,0,0,0
Comment Rules,method,Android-Universal-Image-Loader,0.9,0.5,com.nostra13.universalimageloader.core.DisplayImageOptions,864,0,0,0,0,0,0
Controversial Rules,method,Android-Universal-Image-Loader,0.9,0.5,com.nostra13.universalimageloader.core.DisplayImageOptions,864,0,0,0,0,0,0
Coupling Rules,method,Android-Universal-Image-Loader,0.9,0.5,com.nostra13.universalimageloader.core.DisplayImageOptions,864,0,0,0,0,0,0
Design Rules,method,Android-Universal-Image-Loader,0.9,0.5,com.nostra13.universalimageloader.core.DisplayImageOptions,864,0,0,0,0,0,0
Empty Code Rules,method,Android-Universal-Image-Loader,0.9,0.5,com.nostra13.universalimageloader.core.DisplayImageOptions,864,0,0,0,0,0,0
Finalizer Rules,method,Android-Universal-Image-Loader,0.9,0.5,com.nostra13.universalimageloader.core.DisplayImageOptions,864,0,0,0,0,0,0
Import Statement Rules,method,Android-Universal-Image-Loader,0.9,0.5,com.nostra13.universalimageloader.core.DisplayImageOptions,864,0,0,0,0,0,0
J2EE Rules,method,Android-Universal-Image-Loader,0.9,0.5,com.nostra13.universalimageloader.core.DisplayImageOptions,864,0,0,0,0,0,0
JUnit Rules,method,Android-Universal-Image-Loader,0.9,0.5,com.nostra13.universalimageloader.core.DisplayImageOptions,864,0,0,0,0,0,0
Jakarta Commons Logging Rules,method,Android-Universal-Image-Loader,0.9,0.5,com.nostra13.universalimageloader.core.DisplayImageOptions,864,0,0,0,0,0,0
Java Logging Rules,method,Android-Universal-Image-Loader,0.9,0.5,com.nostra13.universalimageloader.core.DisplayImageOptions,864,0,0,0,0,0,0
JavaBean Rules,method,Android-Universal-Image-Loader,0.9,0.5,com.nostra13.universalimageloader.core.DisplayImageOptions,864,0,0,0,0,0,0
MigratingToJUnit4 Rules,method,Android-Universal-Image-Loader,0.9,0.5,com.nostra13.universalimageloader.core.DisplayImageOptions,864,0,0,0,0,0,0
Migration Rules,method,Android-Universal-Image-Loader,0.9,0.5,com.nostra13.universalimageloader.core.DisplayImageOptions,864,0,0,0,0,0,0
Migration13 Rules,method,Android-Universal-Image-Loader,0.9,0.5,com.nostra13.universalimageloader.core.DisplayImageOptions,864,0,0,0,0,0,0
Migration14 Rules,method,Android-Universal-Image-Loader,0.9,0.5,com.nostra13.universalimageloader.core.DisplayImageOptions,864,0,0,0,0,0,0
Migration15 Rules,method,Android-Universal-Image-Loader,0.9,0.5,com.nostra13.universalimageloader.core.DisplayImageOptions,864,0,0,0,0,0,0
Naming Rules,method,Android-Universal-Image-Loader,0.9,0.5,com.nostra13.universalimageloader.core.DisplayImageOptions,864,0,0,0,0,0,0
Optimization Rules,method,Android-Universal-Image-Loader,0.9,0.5,com.nostra13.universalimageloader.core.DisplayImageOptions,864,0,0,0,0,0,0
Security Code Guideline Rules,method,Android-Universal-Image-Loader,0.9,0.5,com.nostra13.universalimageloader.core.DisplayImageOptions,864,0,0,0,0,0,0
Strict Exception Rules,method,Android-Universal-Image-Loader,0.9,0.5,com.nostra13.universalimageloader.core.DisplayImageOptions,864,0,0,0,0,0,0
String and StringBuffer Rules,method,Android-Universal-Image-Loader,0.9,0.5,com.nostra13.universalimageloader.core.DisplayImageOptions,864,0,0,0,0,0,0
Type Resolution Rules,method,Android-Universal-Image-Loader,0.9,0.5,com.nostra13.universalimageloader.core.DisplayImageOptions,864,0,0,0,0,0,0
Unnecessary and Unused Code Rules,method,Android-Universal-Image-Loader,0.9,0.5,com.nostra13.universalimageloader.core.DisplayImageOptions,864,0,0,0,0,0,0
Vulnerability Rules,method,Android-Universal-Image-Loader,0.9,0.5,com.nostra13.universalimageloader.core.DisplayImageOptions,864,0,0,0,0,0,0
CC,method,Android-Universal-Image-Loader,0.9,0.5,com.nostra13.universalimageloader.cache.disc.LimitedDiscCache,720,0,0,0,1,1,1
CCL,method,Android-Universal-Image-Loader,0.9,0.5,com.nostra13.universalimageloader.cache.disc.LimitedDiscCache,720,0,0,0,1,1,1
CCO,method,Android-Universal-Image-Loader,0.9,0.5,com.nostra13.universalimageloader.cache.disc.LimitedDiscCache,720,0,0,0,1,1,1
CI,method,Android-Universal-Image-Loader,0.9,0.5,com.nostra13.universalimageloader.cache.disc.LimitedDiscCache,720,0,0,0,1,1,1
CLC,method,Android-Universal-Image-Loader,0.9,0.5,com.nostra13.universalimageloader.cache.disc.LimitedDiscCache,720,0,0,0,1,1,1
CLLC,method,Android-Universal-Image-Loader,0.9,0.5,com.nostra13.universalimageloader.cache.disc.LimitedDiscCache,720,0,0,0,1,1,1
LDC,method,Android-Universal-Image-Loader,0.9,0.5,com.nostra13.universalimageloader.cache.disc.LimitedDiscCache,720,0,0,0,1,1,1
LLDC,method,Android-Universal-Image-Loader,0.9,0.5,com.nostra13.universalimageloader.cache.disc.LimitedDiscCache,720,0,0,0,1,1,1
HCPL,method,Android-Universal-Image-Loader,0.9,0.5,com.nostra13.universalimageloader.cache.disc.LimitedDiscCache,720,1,1,1,1,1,1
HDIF,method,Android-Universal-Image-Loader,0.9,0.5,com.nostra13.universalimageloader.cache.disc.LimitedDiscCache,720,1,1,1,1,1,1
HEFF,method,Android-Universal-Image-Loader,0.9,0.5,com.nostra13.universalimageloader.cache.disc.LimitedDiscCache,720,1,1,1,1,1,1
HNDB,method,Android-Universal-Image-Loader,0.9,0.5,com.nostra13.universalimageloader.cache.disc.LimitedDiscCache,720,1,1,1,1,1,1
HPL,method,Android-Universal-Image-Loader,0.9,0.5,com.nostra13.universalimageloader.cache.disc.LimitedDiscCache,720,1,1,1,1,1,1
HPV,method,Android-Universal-Image-Loader,0.9,0.5,com.nostra13.universalimageloader.cache.disc.LimitedDiscCache,720,1,1,1,1,1,1
HTRP,method,Android-Universal-Image-Loader,0.9,0.5,com.nostra13.universalimageloader.cache.disc.LimitedDiscCache,720,1,1,1,1,1,1
HVOL,method,Android-Universal-Image-Loader,0.9,0.5,com.nostra13.universalimageloader.cache.disc.LimitedDiscCache,720,1,1,1,1,1,1
MI,method,Android-Universal-Image-Loader,0.9,0.5,com.nostra13.universalimageloader.cache.disc.LimitedDiscCache,720,1,1,1,1,1,1
MIMS,method,Android-Universal-Image-Loader,0.9,0.5,com.nostra13.universalimageloader.cache.disc.LimitedDiscCache,720,1,1,1,1,1,1
MISEI,method,Android-Universal-Image-Loader,0.9,0.5,com.nostra13.universalimageloader.cache.disc.LimitedDiscCache,720,1,1,1,1,1,1
MISM,method,Android-Universal-Image-Loader,0.9,0.5,com.nostra13.universalimageloader.cache.disc.LimitedDiscCache,720,1,1,1,1,1,1
McCC,method,Android-Universal-Image-Loader,0.9,0.5,com.nostra13.universalimageloader.cache.disc.LimitedDiscCache,720,1,1,1,1,1,1
NL,method,Android-Universal-Image-Loader,0.9,0.5,com.nostra13.universalimageloader.cache.disc.LimitedDiscCache,720,1,1,1,1,1,1
NLE,method,Android-Universal-Image-Loader,0.9,0.5,com.nostra13.universalimageloader.cache.disc.LimitedDiscCache,720,1,1,1,1,1,1
NII,method,Android-Universal-Image-Loader,0.9,0.5,com.nostra13.universalimageloader.cache.disc.LimitedDiscCache,720,0,0,0,1,1,1
NOI,method,Android-Universal-Image-Loader,0.9,0.5,com.nostra13.universalimageloader.cache.disc.LimitedDiscCache,720,0,0,0,1,1,1
CD,method,Android-Universal-Image-Loader,0.9,0.5,com.nostra13.universalimageloader.cache.disc.LimitedDiscCache,720,1,1,1,1,1,1
CLOC,method,Android-Universal-Image-Loader,0.9,0.5,com.nostra13.universalimageloader.cache.disc.LimitedDiscCache,720,1,1,1,1,1,1
DLOC,method,Android-Universal-Image-Loader,0.9,0.5,com.nostra13.universalimageloader.cache.disc.LimitedDiscCache,720,0,0,0,1,1,1
TCD,method,Android-Universal-Image-Loader,0.9,0.5,com.nostra13.universalimageloader.cache.disc.LimitedDiscCache,720,1,1,1,1,1,1
TCLOC,method,Android-Universal-Image-Loader,0.9,0.5,com.nostra13.universalimageloader.cache.disc.LimitedDiscCache,720,0,0,0,1,1,1
LLOC,method,Android-Universal-Image-Loader,0.9,0.5,com.nostra13.universalimageloader.cache.disc.LimitedDiscCache,720,1,1,1,1,1,1
LOC,method,Android-Universal-Image-Loader,0.9,0.5,com.nostra13.universalimageloader.cache.disc.LimitedDiscCache,720,1,1,1,1,1,1
NOS,method,Android-Universal-Image-Loader,0.9,0.5,com.nostra13.universalimageloader.cache.disc.LimitedDiscCache,720,1,1,1,1,1,1
NUMPAR,method,Android-Universal-Image-Loader,0.9,0.5,com.nostra13.universalimageloader.cache.disc.LimitedDiscCache,720,1,1,1,1,1,1
TLLOC,method,Android-Universal-Image-Loader,0.9,0.5,com.nostra13.universalimageloader.cache.disc.LimitedDiscCache,720,1,1,1,1,1,1
TLOC,method,Android-Universal-Image-Loader,0.9,0.5,com.nostra13.universalimageloader.cache.disc.LimitedDiscCache,720,1,1,1,1,1,1
TNOS,method,Android-Universal-Image-Loader,0.9,0.5,com.nostra13.universalimageloader.cache.disc.LimitedDiscCache,720,0,0,0,0,0,0
WarningBlocker,method,Android-Universal-Image-Loader,0.9,0.5,com.nostra13.universalimageloader.cache.disc.LimitedDiscCache,720,0,0,0,0,0,0
WarningCritical,method,Android-Universal-Image-Loader,0.9,0.5,com.nostra13.universalimageloader.cache.disc.LimitedDiscCache,720,0,0,0,0,0,0
WarningInfo,method,Android-Universal-Image-Loader,0.9,0.5,com.nostra13.universalimageloader.cache.disc.LimitedDiscCache,720,0,0,0,0,0,0
WarningMajor,method,Android-Universal-Image-Loader,0.9,0.5,com.nostra13.universalimageloader.cache.disc.LimitedDiscCache,720,0,0,0,0,0,0
WarningMinor,method,Android-Universal-Image-Loader,0.9,0.5,com.nostra13.universalimageloader.cache.disc.LimitedDiscCache,720,0,0,0,0,0,0
Android Rules,method,Android-Universal-Image-Loader,0.9,0.5,com.nostra13.universalimageloader.cache.disc.LimitedDiscCache,720,0,0,0,0,0,0
Basic Rules,method,Android-Universal-Image-Loader,0.9,0.5,com.nostra13.universalimageloader.cache.disc.LimitedDiscCache,720,0,0,0,0,0,0
Brace Rules,method,Android-Universal-Image-Loader,0.9,0.5,com.nostra13.universalimageloader.cache.disc.LimitedDiscCache,720,0,0,0,0,0,0
Clone Implementation Rules,method,Android-Universal-Image-Loader,0.9,0.5,com.nostra13.universalimageloader.cache.disc.LimitedDiscCache,720,0,0,0,0,0,0
Code Size Rules,method,Android-Universal-Image-Loader,0.9,0.5,com.nostra13.universalimageloader.cache.disc.LimitedDiscCache,720,0,0,0,0,0,0
Comment Rules,method,Android-Universal-Image-Loader,0.9,0.5,com.nostra13.universalimageloader.cache.disc.LimitedDiscCache,720,0,0,0,0,0,0
Controversial Rules,method,Android-Universal-Image-Loader,0.9,0.5,com.nostra13.universalimageloader.cache.disc.LimitedDiscCache,720,0,0,0,0,0,0
Coupling Rules,method,Android-Universal-Image-Loader,0.9,0.5,com.nostra13.universalimageloader.cache.disc.LimitedDiscCache,720,0,0,0,0,0,0
Design Rules,method,Android-Universal-Image-Loader,0.9,0.5,com.nostra13.universalimageloader.cache.disc.LimitedDiscCache,720,0,0,0,0,0,0
Empty Code Rules,method,Android-Universal-Image-Loader,0.9,0.5,com.nostra13.universalimageloader.cache.disc.LimitedDiscCache,720,0,0,0,0,0,0
Finalizer Rules,method,Android-Universal-Image-Loader,0.9,0.5,com.nostra13.universalimageloader.cache.disc.LimitedDiscCache,720,0,0,0,0,0,0
Import Statement Rules,method,Android-Universal-Image-Loader,0.9,0.5,com.nostra13.universalimageloader.cache.disc.LimitedDiscCache,720,0,0,0,0,0,0
J2EE Rules,method,Android-Universal-Image-Loader,0.9,0.5,com.nostra13.universalimageloader.cache.disc.LimitedDiscCache,720,0,0,0,0,0,0
JUnit Rules,method,Android-Universal-Image-Loader,0.9,0.5,com.nostra13.universalimageloader.cache.disc.LimitedDiscCache,720,0,0,0,0,0,0
Jakarta Commons Logging Rules,method,Android-Universal-Image-Loader,0.9,0.5,com.nostra13.universalimageloader.cache.disc.LimitedDiscCache,720,0,0,0,0,0,0
Java Logging Rules,method,Android-Universal-Image-Loader,0.9,0.5,com.nostra13.universalimageloader.cache.disc.LimitedDiscCache,720,0,0,0,0,0,0
JavaBean Rules,method,Android-Universal-Image-Loader,0.9,0.5,com.nostra13.universalimageloader.cache.disc.LimitedDiscCache,720,0,0,0,0,0,0
MigratingToJUnit4 Rules,method,Android-Universal-Image-Loader,0.9,0.5,com.nostra13.universalimageloader.cache.disc.LimitedDiscCache,720,0,0,0,0,0,0
Migration Rules,method,Android-Universal-Image-Loader,0.9,0.5,com.nostra13.universalimageloader.cache.disc.LimitedDiscCache,720,0,0,0,0,0,0
Migration13 Rules,method,Android-Universal-Image-Loader,0.9,0.5,com.nostra13.universalimageloader.cache.disc.LimitedDiscCache,720,0,0,0,0,0,0
Migration14 Rules,method,Android-Universal-Image-Loader,0.9,0.5,com.nostra13.universalimageloader.cache.disc.LimitedDiscCache,720,0,0,0,0,0,0
Migration15 Rules,method,Android-Universal-Image-Loader,0.9,0.5,com.nostra13.universalimageloader.cache.disc.LimitedDiscCache,720,0,0,0,0,0,0
Naming Rules,method,Android-Universal-Image-Loader,0.9,0.5,com.nostra13.universalimageloader.cache.disc.LimitedDiscCache,720,0,0,0,0,0,0
Optimization Rules,method,Android-Universal-Image-Loader,0.9,0.5,com.nostra13.universalimageloader.cache.disc.LimitedDiscCache,720,0,0,0,0,0,0
Security Code Guideline Rules,method,Android-Universal-Image-Loader,0.9,0.5,com.nostra13.universalimageloader.cache.disc.LimitedDiscCache,720,0,0,0,0,0,0
Strict Exception Rules,method,Android-Universal-Image-Loader,0.9,0.5,com.nostra13.universalimageloader.cache.disc.LimitedDiscCache,720,0,0,0,0,0,0
String and StringBuffer Rules,method,Android-Universal-Image-Loader,0.9,0.5,com.nostra13.universalimageloader.cache.disc.LimitedDiscCache,720,0,0,0,0,0,0
Type Resolution Rules,method,Android-Universal-Image-Loader,0.9,0.5,com.nostra13.universalimageloader.cache.disc.LimitedDiscCache,720,0,0,0,0,0,0
Unnecessary and Unused Code Rules,method,Android-Universal-Image-Loader,0.9,0.5,com.nostra13.universalimageloader.cache.disc.LimitedDiscCache,720,0,0,0,0,0,0
Vulnerability Rules,method,Android-Universal-Image-Loader,0.9,0.5,com.nostra13.universalimageloader.cache.disc.LimitedDiscCache,720,0,0,0,0,0,0
CC,method,Android-Universal-Image-Loader,0.9,0.5,com.nostra13.universalimageloader.cache.disc.impl.BaseDiscCache,288,0,0,0,1,1,1
CCL,method,Android-Universal-Image-Loader,0.9,0.5,com.nostra13.universalimageloader.cache.disc.impl.BaseDiscCache,288,0,0,0,1,1,1
CCO,method,Android-Universal-Image-Loader,0.9,0.5,com.nostra13.universalimageloader.cache.disc.impl.BaseDiscCache,288,0,0,0,1,1,1
CI,method,Android-Universal-Image-Loader,0.9,0.5,com.nostra13.universalimageloader.cache.disc.impl.BaseDiscCache,288,0,0,0,1,1,1
CLC,method,Android-Universal-Image-Loader,0.9,0.5,com.nostra13.universalimageloader.cache.disc.impl.BaseDiscCache,288,0,0,0,1,1,1
CLLC,method,Android-Universal-Image-Loader,0.9,0.5,com.nostra13.universalimageloader.cache.disc.impl.BaseDiscCache,288,0,0,0,1,1,1
LDC,method,Android-Universal-Image-Loader,0.9,0.5,com.nostra13.universalimageloader.cache.disc.impl.BaseDiscCache,288,0,0,0,1,1,1
LLDC,method,Android-Universal-Image-Loader,0.9,0.5,com.nostra13.universalimageloader.cache.disc.impl.BaseDiscCache,288,0,0,0,1,1,1
HCPL,method,Android-Universal-Image-Loader,0.9,0.5,com.nostra13.universalimageloader.cache.disc.impl.BaseDiscCache,288,1,1,1,1,1,1
HDIF,method,Android-Universal-Image-Loader,0.9,0.5,com.nostra13.universalimageloader.cache.disc.impl.BaseDiscCache,288,1,1,1,1,1,1
HEFF,method,Android-Universal-Image-Loader,0.9,0.5,com.nostra13.universalimageloader.cache.disc.impl.BaseDiscCache,288,1,1,1,1,1,1
HNDB,method,Android-Universal-Image-Loader,0.9,0.5,com.nostra13.universalimageloader.cache.disc.impl.BaseDiscCache,288,1,1,1,1,1,1
HPL,method,Android-Universal-Image-Loader,0.9,0.5,com.nostra13.universalimageloader.cache.disc.impl.BaseDiscCache,288,1,1,1,1,1,1
HPV,method,Android-Universal-Image-Loader,0.9,0.5,com.nostra13.universalimageloader.cache.disc.impl.BaseDiscCache,288,1,1,1,1,1,1
HTRP,method,Android-Universal-Image-Loader,0.9,0.5,com.nostra13.universalimageloader.cache.disc.impl.BaseDiscCache,288,1,1,1,1,1,1
HVOL,method,Android-Universal-Image-Loader,0.9,0.5,com.nostra13.universalimageloader.cache.disc.impl.BaseDiscCache,288,1,1,1,1,1,1
MI,method,Android-Universal-Image-Loader,0.9,0.5,com.nostra13.universalimageloader.cache.disc.impl.BaseDiscCache,288,1,1,1,1,1,1
MIMS,method,Android-Universal-Image-Loader,0.9,0.5,com.nostra13.universalimageloader.cache.disc.impl.BaseDiscCache,288,1,1,1,1,1,1
MISEI,method,Android-Universal-Image-Loader,0.9,0.5,com.nostra13.universalimageloader.cache.disc.impl.BaseDiscCache,288,1,1,1,1,1,1
MISM,method,Android-Universal-Image-Loader,0.9,0.5,com.nostra13.universalimageloader.cache.disc.impl.BaseDiscCache,288,1,1,1,1,1,1
McCC,method,Android-Universal-Image-Loader,0.9,0.5,com.nostra13.universalimageloader.cache.disc.impl.BaseDiscCache,288,0,0,0,1,1,1
NL,method,Android-Universal-Image-Loader,0.9,0.5,com.nostra13.universalimageloader.cache.disc.impl.BaseDiscCache,288,1,1,1,1,1,1
NLE,method,Android-Universal-Image-Loader,0.9,0.5,com.nostra13.universalimageloader.cache.disc.impl.BaseDiscCache,288,1,1,1,1,1,1
NII,method,Android-Universal-Image-Loader,0.9,0.5,com.nostra13.universalimageloader.cache.disc.impl.BaseDiscCache,288,0,0,0,1,1,1
NOI,method,Android-Universal-Image-Loader,0.9,0.5,com.nostra13.universalimageloader.cache.disc.impl.BaseDiscCache,288,1,1,1,1,1,1
CD,method,Android-Universal-Image-Loader,0.9,0.5,com.nostra13.universalimageloader.cache.disc.impl.BaseDiscCache,288,0,0,0,1,1,1
CLOC,method,Android-Universal-Image-Loader,0.9,0.5,com.nostra13.universalimageloader.cache.disc.impl.BaseDiscCache,288,0,0,0,1,1,1
DLOC,method,Android-Universal-Image-Loader,0.9,0.5,com.nostra13.universalimageloader.cache.disc.impl.BaseDiscCache,288,0,0,0,1,1,1
TCD,method,Android-Universal-Image-Loader,0.9,0.5,com.nostra13.universalimageloader.cache.disc.impl.BaseDiscCache,288,0,0,0,1,1,1
TCLOC,method,Android-Universal-Image-Loader,0.9,0.5,com.nostra13.universalimageloader.cache.disc.impl.BaseDiscCache,288,0,0,0,1,1,1
LLOC,method,Android-Universal-Image-Loader,0.9,0.5,com.nostra13.universalimageloader.cache.disc.impl.BaseDiscCache,288,1,1,1,1,1,1
LOC,method,Android-Universal-Image-Loader,0.9,0.5,com.nostra13.universalimageloader.cache.disc.impl.BaseDiscCache,288,1,1,1,1,1,1
NOS,method,Android-Universal-Image-Loader,0.9,0.5,com.nostra13.universalimageloader.cache.disc.impl.BaseDiscCache,288,1,1,1,1,1,1
NUMPAR,method,Android-Universal-Image-Loader,0.9,0.5,com.nostra13.universalimageloader.cache.disc.impl.BaseDiscCache,288,1,1,1,1,1,1
TLLOC,method,Android-Universal-Image-Loader,0.9,0.5,com.nostra13.universalimageloader.cache.disc.impl.BaseDiscCache,288,1,1,1,1,1,1
TLOC,method,Android-Universal-Image-Loader,0.9,0.5,com.nostra13.universalimageloader.cache.disc.impl.BaseDiscCache,288,1,1,1,1,1,1
TNOS,method,Android-Universal-Image-Loader,0.9,0.5,com.nostra13.universalimageloader.cache.disc.impl.BaseDiscCache,288,0,0,0,0,0,0
WarningBlocker,method,Android-Universal-Image-Loader,0.9,0.5,com.nostra13.universalimageloader.cache.disc.impl.BaseDiscCache,288,0,0,0,0,0,0
WarningCritical,method,Android-Universal-Image-Loader,0.9,0.5,com.nostra13.universalimageloader.cache.disc.impl.BaseDiscCache,288,0,0,0,0,0,0
WarningInfo,method,Android-Universal-Image-Loader,0.9,0.5,com.nostra13.universalimageloader.cache.disc.impl.BaseDiscCache,288,0,0,0,0,0,0
WarningMajor,method,Android-Universal-Image-Loader,0.9,0.5,com.nostra13.universalimageloader.cache.disc.impl.BaseDiscCache,288,0,0,0,0,0,0
WarningMinor,method,Android-Universal-Image-Loader,0.9,0.5,com.nostra13.universalimageloader.cache.disc.impl.BaseDiscCache,288,0,0,0,0,0,0
Android Rules,method,Android-Universal-Image-Loader,0.9,0.5,com.nostra13.universalimageloader.cache.disc.impl.BaseDiscCache,288,0,0,0,0,0,0
Basic Rules,method,Android-Universal-Image-Loader,0.9,0.5,com.nostra13.universalimageloader.cache.disc.impl.BaseDiscCache,288,0,0,0,0,0,0
Brace Rules,method,Android-Universal-Image-Loader,0.9,0.5,com.nostra13.universalimageloader.cache.disc.impl.BaseDiscCache,288,0,0,0,0,0,0
Clone Implementation Rules,method,Android-Universal-Image-Loader,0.9,0.5,com.nostra13.universalimageloader.cache.disc.impl.BaseDiscCache,288,0,0,0,0,0,0
Code Size Rules,method,Android-Universal-Image-Loader,0.9,0.5,com.nostra13.universalimageloader.cache.disc.impl.BaseDiscCache,288,0,0,0,0,0,0
Comment Rules,method,Android-Universal-Image-Loader,0.9,0.5,com.nostra13.universalimageloader.cache.disc.impl.BaseDiscCache,288,0,0,0,0,0,0
Controversial Rules,method,Android-Universal-Image-Loader,0.9,0.5,com.nostra13.universalimageloader.cache.disc.impl.BaseDiscCache,288,0,0,0,0,0,0
Coupling Rules,method,Android-Universal-Image-Loader,0.9,0.5,com.nostra13.universalimageloader.cache.disc.impl.BaseDiscCache,288,0,0,0,0,0,0
Design Rules,method,Android-Universal-Image-Loader,0.9,0.5,com.nostra13.universalimageloader.cache.disc.impl.BaseDiscCache,288,0,0,0,0,0,0
Empty Code Rules,method,Android-Universal-Image-Loader,0.9,0.5,com.nostra13.universalimageloader.cache.disc.impl.BaseDiscCache,288,0,0,0,0,0,0
Finalizer Rules,method,Android-Universal-Image-Loader,0.9,0.5,com.nostra13.universalimageloader.cache.disc.impl.BaseDiscCache,288,0,0,0,0,0,0
Import Statement Rules,method,Android-Universal-Image-Loader,0.9,0.5,com.nostra13.universalimageloader.cache.disc.impl.BaseDiscCache,288,0,0,0,0,0,0
J2EE Rules,method,Android-Universal-Image-Loader,0.9,0.5,com.nostra13.universalimageloader.cache.disc.impl.BaseDiscCache,288,0,0,0,0,0,0
JUnit Rules,method,Android-Universal-Image-Loader,0.9,0.5,com.nostra13.universalimageloader.cache.disc.impl.BaseDiscCache,288,0,0,0,0,0,0
Jakarta Commons Logging Rules,method,Android-Universal-Image-Loader,0.9,0.5,com.nostra13.universalimageloader.cache.disc.impl.BaseDiscCache,288,0,0,0,0,0,0
Java Logging Rules,method,Android-Universal-Image-Loader,0.9,0.5,com.nostra13.universalimageloader.cache.disc.impl.BaseDiscCache,288,0,0,0,0,0,0
JavaBean Rules,method,Android-Universal-Image-Loader,0.9,0.5,com.nostra13.universalimageloader.cache.disc.impl.BaseDiscCache,288,0,0,0,0,0,0
MigratingToJUnit4 Rules,method,Android-Universal-Image-Loader,0.9,0.5,com.nostra13.universalimageloader.cache.disc.impl.BaseDiscCache,288,0,0,0,0,0,0
Migration Rules,method,Android-Universal-Image-Loader,0.9,0.5,com.nostra13.universalimageloader.cache.disc.impl.BaseDiscCache,288,0,0,0,0,0,0
Migration13 Rules,method,Android-Universal-Image-Loader,0.9,0.5,com.nostra13.universalimageloader.cache.disc.impl.BaseDiscCache,288,0,0,0,0,0,0
Migration14 Rules,method,Android-Universal-Image-Loader,0.9,0.5,com.nostra13.universalimageloader.cache.disc.impl.BaseDiscCache,288,0,0,0,0,0,0
Migration15 Rules,method,Android-Universal-Image-Loader,0.9,0.5,com.nostra13.universalimageloader.cache.disc.impl.BaseDiscCache,288,0,0,0,0,0,0
Naming Rules,method,Android-Universal-Image-Loader,0.9,0.5,com.nostra13.universalimageloader.cache.disc.impl.BaseDiscCache,288,0,0,0,0,0,0
Optimization Rules,method,Android-Universal-Image-Loader,0.9,0.5,com.nostra13.universalimageloader.cache.disc.impl.BaseDiscCache,288,0,0,0,0,0,0
Security Code Guideline Rules,method,Android-Universal-Image-Loader,0.9,0.5,com.nostra13.universalimageloader.cache.disc.impl.BaseDiscCache,288,0,0,0,0,0,0
Strict Exception Rules,method,Android-Universal-Image-Loader,0.9,0.5,com.nostra13.universalimageloader.cache.disc.impl.BaseDiscCache,288,0,0,0,0,0,0
String and StringBuffer Rules,method,Android-Universal-Image-Loader,0.9,0.5,com.nostra13.universalimageloader.cache.disc.impl.BaseDiscCache,288,0,0,0,0,0,0
Type Resolution Rules,method,Android-Universal-Image-Loader,0.9,0.5,com.nostra13.universalimageloader.cache.disc.impl.BaseDiscCache,288,0,0,0,0,0,0
Unnecessary and Unused Code Rules,method,Android-Universal-Image-Loader,0.9,0.5,com.nostra13.universalimageloader.cache.disc.impl.BaseDiscCache,288,0,0,0,0,0,0
Vulnerability Rules,method,Android-Universal-Image-Loader,0.9,0.5,com.nostra13.universalimageloader.cache.disc.impl.BaseDiscCache,288,0,0,0,0,0,0
CC,method,Android-Universal-Image-Loader,0.9,0.5,com.nostra13.universalimageloader.core.ImageDecoder,432,0,0,0,1,1,1
CCL,method,Android-Universal-Image-Loader,0.9,0.5,com.nostra13.universalimageloader.core.ImageDecoder,432,0,0,0,1,1,1
CCO,method,Android-Universal-Image-Loader,0.9,0.5,com.nostra13.universalimageloader.core.ImageDecoder,432,0,0,0,1,1,1
CI,method,Android-Universal-Image-Loader,0.9,0.5,com.nostra13.universalimageloader.core.ImageDecoder,432,0,0,0,1,1,1
CLC,method,Android-Universal-Image-Loader,0.9,0.5,com.nostra13.universalimageloader.core.ImageDecoder,432,0,0,0,1,1,1
CLLC,method,Android-Universal-Image-Loader,0.9,0.5,com.nostra13.universalimageloader.core.ImageDecoder,432,0,0,0,1,1,1
LDC,method,Android-Universal-Image-Loader,0.9,0.5,com.nostra13.universalimageloader.core.ImageDecoder,432,0,0,0,1,1,1
LLDC,method,Android-Universal-Image-Loader,0.9,0.5,com.nostra13.universalimageloader.core.ImageDecoder,432,0,0,0,1,1,1
HCPL,method,Android-Universal-Image-Loader,0.9,0.5,com.nostra13.universalimageloader.core.ImageDecoder,432,1,1,1,1,1,1
HDIF,method,Android-Universal-Image-Loader,0.9,0.5,com.nostra13.universalimageloader.core.ImageDecoder,432,1,1,1,1,1,1
HEFF,method,Android-Universal-Image-Loader,0.9,0.5,com.nostra13.universalimageloader.core.ImageDecoder,432,1,1,1,1,1,1
HNDB,method,Android-Universal-Image-Loader,0.9,0.5,com.nostra13.universalimageloader.core.ImageDecoder,432,1,1,1,1,1,1
HPL,method,Android-Universal-Image-Loader,0.9,0.5,com.nostra13.universalimageloader.core.ImageDecoder,432,1,1,1,1,1,1
HPV,method,Android-Universal-Image-Loader,0.9,0.5,com.nostra13.universalimageloader.core.ImageDecoder,432,1,1,1,1,1,1
HTRP,method,Android-Universal-Image-Loader,0.9,0.5,com.nostra13.universalimageloader.core.ImageDecoder,432,1,1,1,1,1,1
HVOL,method,Android-Universal-Image-Loader,0.9,0.5,com.nostra13.universalimageloader.core.ImageDecoder,432,1,1,1,1,1,1
MI,method,Android-Universal-Image-Loader,0.9,0.5,com.nostra13.universalimageloader.core.ImageDecoder,432,1,1,1,1,1,1
MIMS,method,Android-Universal-Image-Loader,0.9,0.5,com.nostra13.universalimageloader.core.ImageDecoder,432,1,1,1,1,1,1
MISEI,method,Android-Universal-Image-Loader,0.9,0.5,com.nostra13.universalimageloader.core.ImageDecoder,432,1,1,1,1,1,1
MISM,method,Android-Universal-Image-Loader,0.9,0.5,com.nostra13.universalimageloader.core.ImageDecoder,432,1,1,1,1,1,1
McCC,method,Android-Universal-Image-Loader,0.9,0.5,com.nostra13.universalimageloader.core.ImageDecoder,432,0,0,0,1,1,1
NL,method,Android-Universal-Image-Loader,0.9,0.5,com.nostra13.universalimageloader.core.ImageDecoder,432,1,1,1,1,1,1
NLE,method,Android-Universal-Image-Loader,0.9,0.5,com.nostra13.universalimageloader.core.ImageDecoder,432,1,1,1,1,1,1
NII,method,Android-Universal-Image-Loader,0.9,0.5,com.nostra13.universalimageloader.core.ImageDecoder,432,1,1,1,1,1,1
NOI,method,Android-Universal-Image-Loader,0.9,0.5,com.nostra13.universalimageloader.core.ImageDecoder,432,0,0,0,1,1,1
CD,method,Android-Universal-Image-Loader,0.9,0.5,com.nostra13.universalimageloader.core.ImageDecoder,432,1,1,1,1,1,1
CLOC,method,Android-Universal-Image-Loader,0.9,0.5,com.nostra13.universalimageloader.core.ImageDecoder,432,1,1,1,1,1,1
DLOC,method,Android-Universal-Image-Loader,0.9,0.5,com.nostra13.universalimageloader.core.ImageDecoder,432,1,1,1,1,1,1
TCD,method,Android-Universal-Image-Loader,0.9,0.5,com.nostra13.universalimageloader.core.ImageDecoder,432,1,1,1,1,1,1
TCLOC,method,Android-Universal-Image-Loader,0.9,0.5,com.nostra13.universalimageloader.core.ImageDecoder,432,1,1,1,1,1,1
LLOC,method,Android-Universal-Image-Loader,0.9,0.5,com.nostra13.universalimageloader.core.ImageDecoder,432,1,1,1,1,1,1
LOC,method,Android-Universal-Image-Loader,0.9,0.5,com.nostra13.universalimageloader.core.ImageDecoder,432,1,1,1,1,1,1
NOS,method,Android-Universal-Image-Loader,0.9,0.5,com.nostra13.universalimageloader.core.ImageDecoder,432,1,1,1,1,1,1
NUMPAR,method,Android-Universal-Image-Loader,0.9,0.5,com.nostra13.universalimageloader.core.ImageDecoder,432,1,1,1,1,1,1
TLLOC,method,Android-Universal-Image-Loader,0.9,0.5,com.nostra13.universalimageloader.core.ImageDecoder,432,1,1,1,1,1,1
TLOC,method,Android-Universal-Image-Loader,0.9,0.5,com.nostra13.universalimageloader.core.ImageDecoder,432,1,1,1,1,1,1
TNOS,method,Android-Universal-Image-Loader,0.9,0.5,com.nostra13.universalimageloader.core.ImageDecoder,432,0,0,0,0,0,0
WarningBlocker,method,Android-Universal-Image-Loader,0.9,0.5,com.nostra13.universalimageloader.core.ImageDecoder,432,0,0,0,0,0,0
WarningCritical,method,Android-Universal-Image-Loader,0.9,0.5,com.nostra13.universalimageloader.core.ImageDecoder,432,0,0,0,0,0,0
WarningInfo,method,Android-Universal-Image-Loader,0.9,0.5,com.nostra13.universalimageloader.core.ImageDecoder,432,0,0,0,0,0,0
WarningMajor,method,Android-Universal-Image-Loader,0.9,0.5,com.nostra13.universalimageloader.core.ImageDecoder,432,0,0,0,0,0,0
WarningMinor,method,Android-Universal-Image-Loader,0.9,0.5,com.nostra13.universalimageloader.core.ImageDecoder,432,0,0,0,0,0,0
Android Rules,method,Android-Universal-Image-Loader,0.9,0.5,com.nostra13.universalimageloader.core.ImageDecoder,432,0,0,0,0,0,0
Basic Rules,method,Android-Universal-Image-Loader,0.9,0.5,com.nostra13.universalimageloader.core.ImageDecoder,432,0,0,0,0,0,0
Brace Rules,method,Android-Universal-Image-Loader,0.9,0.5,com.nostra13.universalimageloader.core.ImageDecoder,432,0,0,0,0,0,0
Clone Implementation Rules,method,Android-Universal-Image-Loader,0.9,0.5,com.nostra13.universalimageloader.core.ImageDecoder,432,0,0,0,0,0,0
Code Size Rules,method,Android-Universal-Image-Loader,0.9,0.5,com.nostra13.universalimageloader.core.ImageDecoder,432,0,0,0,0,0,0
Comment Rules,method,Android-Universal-Image-Loader,0.9,0.5,com.nostra13.universalimageloader.core.ImageDecoder,432,0,0,0,0,0,0
Controversial Rules,method,Android-Universal-Image-Loader,0.9,0.5,com.nostra13.universalimageloader.core.ImageDecoder,432,0,0,0,0,0,0
Coupling Rules,method,Android-Universal-Image-Loader,0.9,0.5,com.nostra13.universalimageloader.core.ImageDecoder,432,0,0,0,0,0,0
Design Rules,method,Android-Universal-Image-Loader,0.9,0.5,com.nostra13.universalimageloader.core.ImageDecoder,432,0,0,0,0,0,0
Empty Code Rules,method,Android-Universal-Image-Loader,0.9,0.5,com.nostra13.universalimageloader.core.ImageDecoder,432,0,0,0,0,0,0
Finalizer Rules,method,Android-Universal-Image-Loader,0.9,0.5,com.nostra13.universalimageloader.core.ImageDecoder,432,0,0,0,0,0,0
Import Statement Rules,method,Android-Universal-Image-Loader,0.9,0.5,com.nostra13.universalimageloader.core.ImageDecoder,432,0,0,0,0,0,0
J2EE Rules,method,Android-Universal-Image-Loader,0.9,0.5,com.nostra13.universalimageloader.core.ImageDecoder,432,0,0,0,0,0,0
JUnit Rules,method,Android-Universal-Image-Loader,0.9,0.5,com.nostra13.universalimageloader.core.ImageDecoder,432,0,0,0,0,0,0
Jakarta Commons Logging Rules,method,Android-Universal-Image-Loader,0.9,0.5,com.nostra13.universalimageloader.core.ImageDecoder,432,0,0,0,0,0,0
Java Logging Rules,method,Android-Universal-Image-Loader,0.9,0.5,com.nostra13.universalimageloader.core.ImageDecoder,432,0,0,0,0,0,0
JavaBean Rules,method,Android-Universal-Image-Loader,0.9,0.5,com.nostra13.universalimageloader.core.ImageDecoder,432,0,0,0,0,0,0
MigratingToJUnit4 Rules,method,Android-Universal-Image-Loader,0.9,0.5,com.nostra13.universalimageloader.core.ImageDecoder,432,0,0,0,0,0,0
Migration Rules,method,Android-Universal-Image-Loader,0.9,0.5,com.nostra13.universalimageloader.core.ImageDecoder,432,0,0,0,0,0,0
Migration13 Rules,method,Android-Universal-Image-Loader,0.9,0.5,com.nostra13.universalimageloader.core.ImageDecoder,432,0,0,0,0,0,0
Migration14 Rules,method,Android-Universal-Image-Loader,0.9,0.5,com.nostra13.universalimageloader.core.ImageDecoder,432,0,0,0,0,0,0
Migration15 Rules,method,Android-Universal-Image-Loader,0.9,0.5,com.nostra13.universalimageloader.core.ImageDecoder,432,0,0,0,0,0,0
Naming Rules,method,Android-Universal-Image-Loader,0.9,0.5,com.nostra13.universalimageloader.core.ImageDecoder,432,0,0,0,0,0,0
Optimization Rules,method,Android-Universal-Image-Loader,0.9,0.5,com.nostra13.universalimageloader.core.ImageDecoder,432,0,0,0,0,0,0
Security Code Guideline Rules,method,Android-Universal-Image-Loader,0.9,0.5,com.nostra13.universalimageloader.core.ImageDecoder,432,0,0,0,0,0,0
Strict Exception Rules,method,Android-Universal-Image-Loader,0.9,0.5,com.nostra13.universalimageloader.core.ImageDecoder,432,0,0,0,0,0,0
String and StringBuffer Rules,method,Android-Universal-Image-Loader,0.9,0.5,com.nostra13.universalimageloader.core.ImageDecoder,432,0,0,0,0,0,0
Type Resolution Rules,method,Android-Universal-Image-Loader,0.9,0.5,com.nostra13.universalimageloader.core.ImageDecoder,432,0,0,0,0,0,0
Unnecessary and Unused Code Rules,method,Android-Universal-Image-Loader,0.9,0.5,com.nostra13.universalimageloader.core.ImageDecoder,432,0,0,0,0,0,0
Vulnerability Rules,method,Android-Universal-Image-Loader,0.9,0.5,com.nostra13.universalimageloader.core.ImageDecoder,432,0,0,0,0,0,0
CC,method,Android-Universal-Image-Loader,0.9,0.5,com.nostra13.universalimageloader.cache.disc.LimitedDiscCache$1,144,0,0,0,1,1,1
CCL,method,Android-Universal-Image-Loader,0.9,0.5,com.nostra13.universalimageloader.cache.disc.LimitedDiscCache$1,144,0,0,0,1,1,1
CCO,method,Android-Universal-Image-Loader,0.9,0.5,com.nostra13.universalimageloader.cache.disc.LimitedDiscCache$1,144,0,0,0,1,1,1
CI,method,Android-Universal-Image-Loader,0.9,0.5,com.nostra13.universalimageloader.cache.disc.LimitedDiscCache$1,144,0,0,0,1,1,1
CLC,method,Android-Universal-Image-Loader,0.9,0.5,com.nostra13.universalimageloader.cache.disc.LimitedDiscCache$1,144,0,0,0,1,1,1
CLLC,method,Android-Universal-Image-Loader,0.9,0.5,com.nostra13.universalimageloader.cache.disc.LimitedDiscCache$1,144,0,0,0,1,1,1
LDC,method,Android-Universal-Image-Loader,0.9,0.5,com.nostra13.universalimageloader.cache.disc.LimitedDiscCache$1,144,0,0,0,1,1,1
LLDC,method,Android-Universal-Image-Loader,0.9,0.5,com.nostra13.universalimageloader.cache.disc.LimitedDiscCache$1,144,0,0,0,1,1,1
HCPL,method,Android-Universal-Image-Loader,0.9,0.5,com.nostra13.universalimageloader.cache.disc.LimitedDiscCache$1,144,1,1,1,1,1,1
HDIF,method,Android-Universal-Image-Loader,0.9,0.5,com.nostra13.universalimageloader.cache.disc.LimitedDiscCache$1,144,1,1,1,1,1,1
HEFF,method,Android-Universal-Image-Loader,0.9,0.5,com.nostra13.universalimageloader.cache.disc.LimitedDiscCache$1,144,1,1,1,1,1,1
HNDB,method,Android-Universal-Image-Loader,0.9,0.5,com.nostra13.universalimageloader.cache.disc.LimitedDiscCache$1,144,1,1,1,1,1,1
HPL,method,Android-Universal-Image-Loader,0.9,0.5,com.nostra13.universalimageloader.cache.disc.LimitedDiscCache$1,144,1,1,1,1,1,1
HPV,method,Android-Universal-Image-Loader,0.9,0.5,com.nostra13.universalimageloader.cache.disc.LimitedDiscCache$1,144,1,1,1,1,1,1
HTRP,method,Android-Universal-Image-Loader,0.9,0.5,com.nostra13.universalimageloader.cache.disc.LimitedDiscCache$1,144,1,1,1,1,1,1
HVOL,method,Android-Universal-Image-Loader,0.9,0.5,com.nostra13.universalimageloader.cache.disc.LimitedDiscCache$1,144,1,1,1,1,1,1
MI,method,Android-Universal-Image-Loader,0.9,0.5,com.nostra13.universalimageloader.cache.disc.LimitedDiscCache$1,144,1,1,1,1,1,1
MIMS,method,Android-Universal-Image-Loader,0.9,0.5,com.nostra13.universalimageloader.cache.disc.LimitedDiscCache$1,144,1,1,1,1,1,1
MISEI,method,Android-Universal-Image-Loader,0.9,0.5,com.nostra13.universalimageloader.cache.disc.LimitedDiscCache$1,144,1,1,1,1,1,1
MISM,method,Android-Universal-Image-Loader,0.9,0.5,com.nostra13.universalimageloader.cache.disc.LimitedDiscCache$1,144,1,1,1,1,1,1
McCC,method,Android-Universal-Image-Loader,0.9,0.5,com.nostra13.universalimageloader.cache.disc.LimitedDiscCache$1,144,1,1,1,1,1,1
NL,method,Android-Universal-Image-Loader,0.9,0.5,com.nostra13.universalimageloader.cache.disc.LimitedDiscCache$1,144,1,1,1,1,1,1
NLE,method,Android-Universal-Image-Loader,0.9,0.5,com.nostra13.universalimageloader.cache.disc.LimitedDiscCache$1,144,1,1,1,1,1,1
NII,method,Android-Universal-Image-Loader,0.9,0.5,com.nostra13.universalimageloader.cache.disc.LimitedDiscCache$1,144,0,0,0,1,1,1
NOI,method,Android-Universal-Image-Loader,0.9,0.5,com.nostra13.universalimageloader.cache.disc.LimitedDiscCache$1,144,0,0,0,1,1,1
CD,method,Android-Universal-Image-Loader,0.9,0.5,com.nostra13.universalimageloader.cache.disc.LimitedDiscCache$1,144,1,1,1,1,1,1
CLOC,method,Android-Universal-Image-Loader,0.9,0.5,com.nostra13.universalimageloader.cache.disc.LimitedDiscCache$1,144,1,1,1,1,1,1
DLOC,method,Android-Universal-Image-Loader,0.9,0.5,com.nostra13.universalimageloader.cache.disc.LimitedDiscCache$1,144,0,0,0,1,1,1
TCD,method,Android-Universal-Image-Loader,0.9,0.5,com.nostra13.universalimageloader.cache.disc.LimitedDiscCache$1,144,1,1,1,1,1,1
TCLOC,method,Android-Universal-Image-Loader,0.9,0.5,com.nostra13.universalimageloader.cache.disc.LimitedDiscCache$1,144,1,1,1,1,1,1
LLOC,method,Android-Universal-Image-Loader,0.9,0.5,com.nostra13.universalimageloader.cache.disc.LimitedDiscCache$1,144,1,1,1,1,1,1
LOC,method,Android-Universal-Image-Loader,0.9,0.5,com.nostra13.universalimageloader.cache.disc.LimitedDiscCache$1,144,1,1,1,1,1,1
NOS,method,Android-Universal-Image-Loader,0.9,0.5,com.nostra13.universalimageloader.cache.disc.LimitedDiscCache$1,144,1,1,1,1,1,1
NUMPAR,method,Android-Universal-Image-Loader,0.9,0.5,com.nostra13.universalimageloader.cache.disc.LimitedDiscCache$1,144,0,0,0,1,1,1
TLLOC,method,Android-Universal-Image-Loader,0.9,0.5,com.nostra13.universalimageloader.cache.disc.LimitedDiscCache$1,144,1,1,1,1,1,1
TLOC,method,Android-Universal-Image-Loader,0.9,0.5,com.nostra13.universalimageloader.cache.disc.LimitedDiscCache$1,144,1,1,1,1,1,1
TNOS,method,Android-Universal-Image-Loader,0.9,0.5,com.nostra13.universalimageloader.cache.disc.LimitedDiscCache$1,144,0,0,0,0,0,0
WarningBlocker,method,Android-Universal-Image-Loader,0.9,0.5,com.nostra13.universalimageloader.cache.disc.LimitedDiscCache$1,144,0,0,0,0,0,0
WarningCritical,method,Android-Universal-Image-Loader,0.9,0.5,com.nostra13.universalimageloader.cache.disc.LimitedDiscCache$1,144,0,0,0,0,0,0
WarningInfo,method,Android-Universal-Image-Loader,0.9,0.5,com.nostra13.universalimageloader.cache.disc.LimitedDiscCache$1,144,0,0,0,0,0,0
WarningMajor,method,Android-Universal-Image-Loader,0.9,0.5,com.nostra13.universalimageloader.cache.disc.LimitedDiscCache$1,144,0,0,0,0,0,0
WarningMinor,method,Android-Universal-Image-Loader,0.9,0.5,com.nostra13.universalimageloader.cache.disc.LimitedDiscCache$1,144,0,0,0,0,0,0
Android Rules,method,Android-Universal-Image-Loader,0.9,0.5,com.nostra13.universalimageloader.cache.disc.LimitedDiscCache$1,144,0,0,0,0,0,0
Basic Rules,method,Android-Universal-Image-Loader,0.9,0.5,com.nostra13.universalimageloader.cache.disc.LimitedDiscCache$1,144,0,0,0,0,0,0
Brace Rules,method,Android-Universal-Image-Loader,0.9,0.5,com.nostra13.universalimageloader.cache.disc.LimitedDiscCache$1,144,0,0,0,0,0,0
Clone Implementation Rules,method,Android-Universal-Image-Loader,0.9,0.5,com.nostra13.universalimageloader.cache.disc.LimitedDiscCache$1,144,0,0,0,0,0,0
Code Size Rules,method,Android-Universal-Image-Loader,0.9,0.5,com.nostra13.universalimageloader.cache.disc.LimitedDiscCache$1,144,0,0,0,0,0,0
Comment Rules,method,Android-Universal-Image-Loader,0.9,0.5,com.nostra13.universalimageloader.cache.disc.LimitedDiscCache$1,144,0,0,0,0,0,0
Controversial Rules,method,Android-Universal-Image-Loader,0.9,0.5,com.nostra13.universalimageloader.cache.disc.LimitedDiscCache$1,144,0,0,0,0,0,0
Coupling Rules,method,Android-Universal-Image-Loader,0.9,0.5,com.nostra13.universalimageloader.cache.disc.LimitedDiscCache$1,144,0,0,0,0,0,0
Design Rules,method,Android-Universal-Image-Loader,0.9,0.5,com.nostra13.universalimageloader.cache.disc.LimitedDiscCache$1,144,0,0,0,0,0,0
Empty Code Rules,method,Android-Universal-Image-Loader,0.9,0.5,com.nostra13.universalimageloader.cache.disc.LimitedDiscCache$1,144,0,0,0,0,0,0
Finalizer Rules,method,Android-Universal-Image-Loader,0.9,0.5,com.nostra13.universalimageloader.cache.disc.LimitedDiscCache$1,144,0,0,0,0,0,0
Import Statement Rules,method,Android-Universal-Image-Loader,0.9,0.5,com.nostra13.universalimageloader.cache.disc.LimitedDiscCache$1,144,0,0,0,0,0,0
J2EE Rules,method,Android-Universal-Image-Loader,0.9,0.5,com.nostra13.universalimageloader.cache.disc.LimitedDiscCache$1,144,0,0,0,0,0,0
JUnit Rules,method,Android-Universal-Image-Loader,0.9,0.5,com.nostra13.universalimageloader.cache.disc.LimitedDiscCache$1,144,0,0,0,0,0,0
Jakarta Commons Logging Rules,method,Android-Universal-Image-Loader,0.9,0.5,com.nostra13.universalimageloader.cache.disc.LimitedDiscCache$1,144,0,0,0,0,0,0
Java Logging Rules,method,Android-Universal-Image-Loader,0.9,0.5,com.nostra13.universalimageloader.cache.disc.LimitedDiscCache$1,144,0,0,0,0,0,0
JavaBean Rules,method,Android-Universal-Image-Loader,0.9,0.5,com.nostra13.universalimageloader.cache.disc.LimitedDiscCache$1,144,0,0,0,0,0,0
MigratingToJUnit4 Rules,method,Android-Universal-Image-Loader,0.9,0.5,com.nostra13.universalimageloader.cache.disc.LimitedDiscCache$1,144,0,0,0,0,0,0
Migration Rules,method,Android-Universal-Image-Loader,0.9,0.5,com.nostra13.universalimageloader.cache.disc.LimitedDiscCache$1,144,0,0,0,0,0,0
Migration13 Rules,method,Android-Universal-Image-Loader,0.9,0.5,com.nostra13.universalimageloader.cache.disc.LimitedDiscCache$1,144,0,0,0,0,0,0
Migration14 Rules,method,Android-Universal-Image-Loader,0.9,0.5,com.nostra13.universalimageloader.cache.disc.LimitedDiscCache$1,144,0,0,0,0,0,0
Migration15 Rules,method,Android-Universal-Image-Loader,0.9,0.5,com.nostra13.universalimageloader.cache.disc.LimitedDiscCache$1,144,0,0,0,0,0,0
Naming Rules,method,Android-Universal-Image-Loader,0.9,0.5,com.nostra13.universalimageloader.cache.disc.LimitedDiscCache$1,144,0,0,0,0,0,0
Optimization Rules,method,Android-Universal-Image-Loader,0.9,0.5,com.nostra13.universalimageloader.cache.disc.LimitedDiscCache$1,144,0,0,0,0,0,0
Security Code Guideline Rules,method,Android-Universal-Image-Loader,0.9,0.5,com.nostra13.universalimageloader.cache.disc.LimitedDiscCache$1,144,0,0,0,0,0,0
Strict Exception Rules,method,Android-Universal-Image-Loader,0.9,0.5,com.nostra13.universalimageloader.cache.disc.LimitedDiscCache$1,144,0,0,0,0,0,0
String and StringBuffer Rules,method,Android-Universal-Image-Loader,0.9,0.5,com.nostra13.universalimageloader.cache.disc.LimitedDiscCache$1,144,0,0,0,0,0,0
Type Resolution Rules,method,Android-Universal-Image-Loader,0.9,0.5,com.nostra13.universalimageloader.cache.disc.LimitedDiscCache$1,144,0,0,0,0,0,0
Unnecessary and Unused Code Rules,method,Android-Universal-Image-Loader,0.9,0.5,com.nostra13.universalimageloader.cache.disc.LimitedDiscCache$1,144,0,0,0,0,0,0
Vulnerability Rules,method,Android-Universal-Image-Loader,0.9,0.5,com.nostra13.universalimageloader.cache.disc.LimitedDiscCache$1,144,0,0,0,0,0,0
CC,method,Android-Universal-Image-Loader,0.9,0.5,com.nostra13.universalimageloader.core.imageaware.FakeImageAware,648,0,0,0,1,1,1
CCL,method,Android-Universal-Image-Loader,0.9,0.5,com.nostra13.universalimageloader.core.imageaware.FakeImageAware,648,0,0,0,1,1,1
CCO,method,Android-Universal-Image-Loader,0.9,0.5,com.nostra13.universalimageloader.core.imageaware.FakeImageAware,648,0,0,0,1,1,1
CI,method,Android-Universal-Image-Loader,0.9,0.5,com.nostra13.universalimageloader.core.imageaware.FakeImageAware,648,0,0,0,1,1,1
CLC,method,Android-Universal-Image-Loader,0.9,0.5,com.nostra13.universalimageloader.core.imageaware.FakeImageAware,648,0,0,0,1,1,1
CLLC,method,Android-Universal-Image-Loader,0.9,0.5,com.nostra13.universalimageloader.core.imageaware.FakeImageAware,648,0,0,0,1,1,1
LDC,method,Android-Universal-Image-Loader,0.9,0.5,com.nostra13.universalimageloader.core.imageaware.FakeImageAware,648,0,0,0,1,1,1
LLDC,method,Android-Universal-Image-Loader,0.9,0.5,com.nostra13.universalimageloader.core.imageaware.FakeImageAware,648,0,0,0,1,1,1
HCPL,method,Android-Universal-Image-Loader,0.9,0.5,com.nostra13.universalimageloader.core.imageaware.FakeImageAware,648,1,1,1,1,1,1
HDIF,method,Android-Universal-Image-Loader,0.9,0.5,com.nostra13.universalimageloader.core.imageaware.FakeImageAware,648,1,1,1,1,1,1
HEFF,method,Android-Universal-Image-Loader,0.9,0.5,com.nostra13.universalimageloader.core.imageaware.FakeImageAware,648,1,1,1,1,1,1
HNDB,method,Android-Universal-Image-Loader,0.9,0.5,com.nostra13.universalimageloader.core.imageaware.FakeImageAware,648,1,1,1,1,1,1
HPL,method,Android-Universal-Image-Loader,0.9,0.5,com.nostra13.universalimageloader.core.imageaware.FakeImageAware,648,1,1,1,1,1,1
HPV,method,Android-Universal-Image-Loader,0.9,0.5,com.nostra13.universalimageloader.core.imageaware.FakeImageAware,648,1,1,1,1,1,1
HTRP,method,Android-Universal-Image-Loader,0.9,0.5,com.nostra13.universalimageloader.core.imageaware.FakeImageAware,648,1,1,1,1,1,1
HVOL,method,Android-Universal-Image-Loader,0.9,0.5,com.nostra13.universalimageloader.core.imageaware.FakeImageAware,648,1,1,1,1,1,1
MI,method,Android-Universal-Image-Loader,0.9,0.5,com.nostra13.universalimageloader.core.imageaware.FakeImageAware,648,1,1,1,1,1,1
MIMS,method,Android-Universal-Image-Loader,0.9,0.5,com.nostra13.universalimageloader.core.imageaware.FakeImageAware,648,1,1,1,1,1,1
MISEI,method,Android-Universal-Image-Loader,0.9,0.5,com.nostra13.universalimageloader.core.imageaware.FakeImageAware,648,1,1,1,1,1,1
MISM,method,Android-Universal-Image-Loader,0.9,0.5,com.nostra13.universalimageloader.core.imageaware.FakeImageAware,648,1,1,1,1,1,1
McCC,method,Android-Universal-Image-Loader,0.9,0.5,com.nostra13.universalimageloader.core.imageaware.FakeImageAware,648,0,0,0,1,1,1
NL,method,Android-Universal-Image-Loader,0.9,0.5,com.nostra13.universalimageloader.core.imageaware.FakeImageAware,648,0,0,0,1,1,1
NLE,method,Android-Universal-Image-Loader,0.9,0.5,com.nostra13.universalimageloader.core.imageaware.FakeImageAware,648,0,0,0,1,1,1
NII,method,Android-Universal-Image-Loader,0.9,0.5,com.nostra13.universalimageloader.core.imageaware.FakeImageAware,648,1,1,1,1,1,1
NOI,method,Android-Universal-Image-Loader,0.9,0.5,com.nostra13.universalimageloader.core.imageaware.FakeImageAware,648,0,0,0,1,1,1
CD,method,Android-Universal-Image-Loader,0.9,0.5,com.nostra13.universalimageloader.core.imageaware.FakeImageAware,648,1,1,1,1,1,1
CLOC,method,Android-Universal-Image-Loader,0.9,0.5,com.nostra13.universalimageloader.core.imageaware.FakeImageAware,648,1,1,1,1,1,1
DLOC,method,Android-Universal-Image-Loader,0.9,0.5,com.nostra13.universalimageloader.core.imageaware.FakeImageAware,648,0,0,0,1,1,1
TCD,method,Android-Universal-Image-Loader,0.9,0.5,com.nostra13.universalimageloader.core.imageaware.FakeImageAware,648,1,1,1,1,1,1
TCLOC,method,Android-Universal-Image-Loader,0.9,0.5,com.nostra13.universalimageloader.core.imageaware.FakeImageAware,648,1,1,1,1,1,1
LLOC,method,Android-Universal-Image-Loader,0.9,0.5,com.nostra13.universalimageloader.core.imageaware.FakeImageAware,648,0,0,0,1,1,1
LOC,method,Android-Universal-Image-Loader,0.9,0.5,com.nostra13.universalimageloader.core.imageaware.FakeImageAware,648,0,0,0,1,1,1
NOS,method,Android-Universal-Image-Loader,0.9,0.5,com.nostra13.universalimageloader.core.imageaware.FakeImageAware,648,1,1,1,1,1,1
NUMPAR,method,Android-Universal-Image-Loader,0.9,0.5,com.nostra13.universalimageloader.core.imageaware.FakeImageAware,648,0,0,0,1,1,1
TLLOC,method,Android-Universal-Image-Loader,0.9,0.5,com.nostra13.universalimageloader.core.imageaware.FakeImageAware,648,0,0,0,1,1,1
TLOC,method,Android-Universal-Image-Loader,0.9,0.5,com.nostra13.universalimageloader.core.imageaware.FakeImageAware,648,0,0,0,1,1,1
TNOS,method,Android-Universal-Image-Loader,0.9,0.5,com.nostra13.universalimageloader.core.imageaware.FakeImageAware,648,0,0,0,0,0,0
WarningBlocker,method,Android-Universal-Image-Loader,0.9,0.5,com.nostra13.universalimageloader.core.imageaware.FakeImageAware,648,0,0,0,0,0,0
WarningCritical,method,Android-Universal-Image-Loader,0.9,0.5,com.nostra13.universalimageloader.core.imageaware.FakeImageAware,648,0,0,0,0,0,0
WarningInfo,method,Android-Universal-Image-Loader,0.9,0.5,com.nostra13.universalimageloader.core.imageaware.FakeImageAware,648,0,0,0,0,0,0
WarningMajor,method,Android-Universal-Image-Loader,0.9,0.5,com.nostra13.universalimageloader.core.imageaware.FakeImageAware,648,0,0,0,0,0,0
WarningMinor,method,Android-Universal-Image-Loader,0.9,0.5,com.nostra13.universalimageloader.core.imageaware.FakeImageAware,648,0,0,0,0,0,0
Android Rules,method,Android-Universal-Image-Loader,0.9,0.5,com.nostra13.universalimageloader.core.imageaware.FakeImageAware,648,0,0,0,0,0,0
Basic Rules,method,Android-Universal-Image-Loader,0.9,0.5,com.nostra13.universalimageloader.core.imageaware.FakeImageAware,648,0,0,0,0,0,0
Brace Rules,method,Android-Universal-Image-Loader,0.9,0.5,com.nostra13.universalimageloader.core.imageaware.FakeImageAware,648,0,0,0,0,0,0
Clone Implementation Rules,method,Android-Universal-Image-Loader,0.9,0.5,com.nostra13.universalimageloader.core.imageaware.FakeImageAware,648,0,0,0,0,0,0
Code Size Rules,method,Android-Universal-Image-Loader,0.9,0.5,com.nostra13.universalimageloader.core.imageaware.FakeImageAware,648,0,0,0,0,0,0
Comment Rules,method,Android-Universal-Image-Loader,0.9,0.5,com.nostra13.universalimageloader.core.imageaware.FakeImageAware,648,0,0,0,0,0,0
Controversial Rules,method,Android-Universal-Image-Loader,0.9,0.5,com.nostra13.universalimageloader.core.imageaware.FakeImageAware,648,0,0,0,0,0,0
Coupling Rules,method,Android-Universal-Image-Loader,0.9,0.5,com.nostra13.universalimageloader.core.imageaware.FakeImageAware,648,0,0,0,0,0,0
Design Rules,method,Android-Universal-Image-Loader,0.9,0.5,com.nostra13.universalimageloader.core.imageaware.FakeImageAware,648,0,0,0,0,0,0
Empty Code Rules,method,Android-Universal-Image-Loader,0.9,0.5,com.nostra13.universalimageloader.core.imageaware.FakeImageAware,648,0,0,0,0,0,0
Finalizer Rules,method,Android-Universal-Image-Loader,0.9,0.5,com.nostra13.universalimageloader.core.imageaware.FakeImageAware,648,0,0,0,0,0,0
Import Statement Rules,method,Android-Universal-Image-Loader,0.9,0.5,com.nostra13.universalimageloader.core.imageaware.FakeImageAware,648,0,0,0,0,0,0
J2EE Rules,method,Android-Universal-Image-Loader,0.9,0.5,com.nostra13.universalimageloader.core.imageaware.FakeImageAware,648,0,0,0,0,0,0
JUnit Rules,method,Android-Universal-Image-Loader,0.9,0.5,com.nostra13.universalimageloader.core.imageaware.FakeImageAware,648,0,0,0,0,0,0
Jakarta Commons Logging Rules,method,Android-Universal-Image-Loader,0.9,0.5,com.nostra13.universalimageloader.core.imageaware.FakeImageAware,648,0,0,0,0,0,0
Java Logging Rules,method,Android-Universal-Image-Loader,0.9,0.5,com.nostra13.universalimageloader.core.imageaware.FakeImageAware,648,0,0,0,0,0,0
JavaBean Rules,method,Android-Universal-Image-Loader,0.9,0.5,com.nostra13.universalimageloader.core.imageaware.FakeImageAware,648,0,0,0,0,0,0
MigratingToJUnit4 Rules,method,Android-Universal-Image-Loader,0.9,0.5,com.nostra13.universalimageloader.core.imageaware.FakeImageAware,648,0,0,0,0,0,0
Migration Rules,method,Android-Universal-Image-Loader,0.9,0.5,com.nostra13.universalimageloader.core.imageaware.FakeImageAware,648,0,0,0,0,0,0
Migration13 Rules,method,Android-Universal-Image-Loader,0.9,0.5,com.nostra13.universalimageloader.core.imageaware.FakeImageAware,648,0,0,0,0,0,0
Migration14 Rules,method,Android-Universal-Image-Loader,0.9,0.5,com.nostra13.universalimageloader.core.imageaware.FakeImageAware,648,0,0,0,0,0,0
Migration15 Rules,method,Android-Universal-Image-Loader,0.9,0.5,com.nostra13.universalimageloader.core.imageaware.FakeImageAware,648,0,0,0,0,0,0
Naming Rules,method,Android-Universal-Image-Loader,0.9,0.5,com.nostra13.universalimageloader.core.imageaware.FakeImageAware,648,0,0,0,0,0,0
Optimization Rules,method,Android-Universal-Image-Loader,0.9,0.5,com.nostra13.universalimageloader.core.imageaware.FakeImageAware,648,0,0,0,0,0,0
Security Code Guideline Rules,method,Android-Universal-Image-Loader,0.9,0.5,com.nostra13.universalimageloader.core.imageaware.FakeImageAware,648,0,0,0,0,0,0
Strict Exception Rules,method,Android-Universal-Image-Loader,0.9,0.5,com.nostra13.universalimageloader.core.imageaware.FakeImageAware,648,0,0,0,0,0,0
String and StringBuffer Rules,method,Android-Universal-Image-Loader,0.9,0.5,com.nostra13.universalimageloader.core.imageaware.FakeImageAware,648,0,0,0,0,0,0
Type Resolution Rules,method,Android-Universal-Image-Loader,0.9,0.5,com.nostra13.universalimageloader.core.imageaware.FakeImageAware,648,0,0,0,0,0,0
Unnecessary and Unused Code Rules,method,Android-Universal-Image-Loader,0.9,0.5,com.nostra13.universalimageloader.core.imageaware.FakeImageAware,648,0,0,0,0,0,0
Vulnerability Rules,method,Android-Universal-Image-Loader,0.9,0.5,com.nostra13.universalimageloader.core.imageaware.FakeImageAware,648,0,0,0,0,0,0
CC,method,Android-Universal-Image-Loader,0.9,0.5,com.nostra13.universalimageloader.core.imageaware.ImageViewAware,720,1,1,1,1,1,1
CCL,method,Android-Universal-Image-Loader,0.9,0.5,com.nostra13.universalimageloader.core.imageaware.ImageViewAware,720,1,1,1,1,1,1
CCO,method,Android-Universal-Image-Loader,0.9,0.5,com.nostra13.universalimageloader.core.imageaware.ImageViewAware,720,1,1,1,1,1,1
CI,method,Android-Universal-Image-Loader,0.9,0.5,com.nostra13.universalimageloader.core.imageaware.ImageViewAware,720,1,1,1,1,1,1
CLC,method,Android-Universal-Image-Loader,0.9,0.5,com.nostra13.universalimageloader.core.imageaware.ImageViewAware,720,1,1,1,1,1,1
CLLC,method,Android-Universal-Image-Loader,0.9,0.5,com.nostra13.universalimageloader.core.imageaware.ImageViewAware,720,1,1,1,1,1,1
LDC,method,Android-Universal-Image-Loader,0.9,0.5,com.nostra13.universalimageloader.core.imageaware.ImageViewAware,720,1,1,1,1,1,1
LLDC,method,Android-Universal-Image-Loader,0.9,0.5,com.nostra13.universalimageloader.core.imageaware.ImageViewAware,720,1,1,1,1,1,1
HCPL,method,Android-Universal-Image-Loader,0.9,0.5,com.nostra13.universalimageloader.core.imageaware.ImageViewAware,720,1,1,1,1,1,1
HDIF,method,Android-Universal-Image-Loader,0.9,0.5,com.nostra13.universalimageloader.core.imageaware.ImageViewAware,720,1,1,1,1,1,1
HEFF,method,Android-Universal-Image-Loader,0.9,0.5,com.nostra13.universalimageloader.core.imageaware.ImageViewAware,720,1,1,1,1,1,1
HNDB,method,Android-Universal-Image-Loader,0.9,0.5,com.nostra13.universalimageloader.core.imageaware.ImageViewAware,720,1,1,1,1,1,1
HPL,method,Android-Universal-Image-Loader,0.9,0.5,com.nostra13.universalimageloader.core.imageaware.ImageViewAware,720,1,1,1,1,1,1
HPV,method,Android-Universal-Image-Loader,0.9,0.5,com.nostra13.universalimageloader.core.imageaware.ImageViewAware,720,1,1,1,1,1,1
HTRP,method,Android-Universal-Image-Loader,0.9,0.5,com.nostra13.universalimageloader.core.imageaware.ImageViewAware,720,1,1,1,1,1,1
HVOL,method,Android-Universal-Image-Loader,0.9,0.5,com.nostra13.universalimageloader.core.imageaware.ImageViewAware,720,1,1,1,1,1,1
MI,method,Android-Universal-Image-Loader,0.9,0.5,com.nostra13.universalimageloader.core.imageaware.ImageViewAware,720,1,1,1,1,1,1
MIMS,method,Android-Universal-Image-Loader,0.9,0.5,com.nostra13.universalimageloader.core.imageaware.ImageViewAware,720,1,1,1,1,1,1
MISEI,method,Android-Universal-Image-Loader,0.9,0.5,com.nostra13.universalimageloader.core.imageaware.ImageViewAware,720,1,1,1,1,1,1
MISM,method,Android-Universal-Image-Loader,0.9,0.5,com.nostra13.universalimageloader.core.imageaware.ImageViewAware,720,1,1,1,1,1,1
McCC,method,Android-Universal-Image-Loader,0.9,0.5,com.nostra13.universalimageloader.core.imageaware.ImageViewAware,720,0,0,0,1,1,1
NL,method,Android-Universal-Image-Loader,0.9,0.5,com.nostra13.universalimageloader.core.imageaware.ImageViewAware,720,1,1,1,1,1,1
NLE,method,Android-Universal-Image-Loader,0.9,0.5,com.nostra13.universalimageloader.core.imageaware.ImageViewAware,720,1,1,1,1,1,1
NII,method,Android-Universal-Image-Loader,0.9,0.5,com.nostra13.universalimageloader.core.imageaware.ImageViewAware,720,0,0,0,0,0,0
NOI,method,Android-Universal-Image-Loader,0.9,0.5,com.nostra13.universalimageloader.core.imageaware.ImageViewAware,720,0,0,0,1,1,1
CD,method,Android-Universal-Image-Loader,0.9,0.5,com.nostra13.universalimageloader.core.imageaware.ImageViewAware,720,1,1,1,1,1,1
CLOC,method,Android-Universal-Image-Loader,0.9,0.5,com.nostra13.universalimageloader.core.imageaware.ImageViewAware,720,1,1,1,1,1,1
DLOC,method,Android-Universal-Image-Loader,0.9,0.5,com.nostra13.universalimageloader.core.imageaware.ImageViewAware,720,1,1,1,1,1,1
TCD,method,Android-Universal-Image-Loader,0.9,0.5,com.nostra13.universalimageloader.core.imageaware.ImageViewAware,720,1,1,1,1,1,1
TCLOC,method,Android-Universal-Image-Loader,0.9,0.5,com.nostra13.universalimageloader.core.imageaware.ImageViewAware,720,1,1,1,1,1,1
LLOC,method,Android-Universal-Image-Loader,0.9,0.5,com.nostra13.universalimageloader.core.imageaware.ImageViewAware,720,1,1,1,1,1,1
LOC,method,Android-Universal-Image-Loader,0.9,0.5,com.nostra13.universalimageloader.core.imageaware.ImageViewAware,720,1,1,1,1,1,1
NOS,method,Android-Universal-Image-Loader,0.9,0.5,com.nostra13.universalimageloader.core.imageaware.ImageViewAware,720,1,1,1,1,1,1
NUMPAR,method,Android-Universal-Image-Loader,0.9,0.5,com.nostra13.universalimageloader.core.imageaware.ImageViewAware,720,0,0,0,0,0,0
TLLOC,method,Android-Universal-Image-Loader,0.9,0.5,com.nostra13.universalimageloader.core.imageaware.ImageViewAware,720,1,1,1,1,1,1
TLOC,method,Android-Universal-Image-Loader,0.9,0.5,com.nostra13.universalimageloader.core.imageaware.ImageViewAware,720,1,1,1,1,1,1
TNOS,method,Android-Universal-Image-Loader,0.9,0.5,com.nostra13.universalimageloader.core.imageaware.ImageViewAware,720,0,0,0,0,0,0
WarningBlocker,method,Android-Universal-Image-Loader,0.9,0.5,com.nostra13.universalimageloader.core.imageaware.ImageViewAware,720,0,0,0,0,0,0
WarningCritical,method,Android-Universal-Image-Loader,0.9,0.5,com.nostra13.universalimageloader.core.imageaware.ImageViewAware,720,0,0,0,0,0,0
WarningInfo,method,Android-Universal-Image-Loader,0.9,0.5,com.nostra13.universalimageloader.core.imageaware.ImageViewAware,720,0,0,0,0,0,0
WarningMajor,method,Android-Universal-Image-Loader,0.9,0.5,com.nostra13.universalimageloader.core.imageaware.ImageViewAware,720,0,0,0,0,0,0
WarningMinor,method,Android-Universal-Image-Loader,0.9,0.5,com.nostra13.universalimageloader.core.imageaware.ImageViewAware,720,0,0,0,0,0,0
Android Rules,method,Android-Universal-Image-Loader,0.9,0.5,com.nostra13.universalimageloader.core.imageaware.ImageViewAware,720,0,0,0,0,0,0
Basic Rules,method,Android-Universal-Image-Loader,0.9,0.5,com.nostra13.universalimageloader.core.imageaware.ImageViewAware,720,0,0,0,0,0,0
Brace Rules,method,Android-Universal-Image-Loader,0.9,0.5,com.nostra13.universalimageloader.core.imageaware.ImageViewAware,720,0,0,0,0,0,0
Clone Implementation Rules,method,Android-Universal-Image-Loader,0.9,0.5,com.nostra13.universalimageloader.core.imageaware.ImageViewAware,720,0,0,0,0,0,0
Code Size Rules,method,Android-Universal-Image-Loader,0.9,0.5,com.nostra13.universalimageloader.core.imageaware.ImageViewAware,720,0,0,0,0,0,0
Comment Rules,method,Android-Universal-Image-Loader,0.9,0.5,com.nostra13.universalimageloader.core.imageaware.ImageViewAware,720,0,0,0,0,0,0
Controversial Rules,method,Android-Universal-Image-Loader,0.9,0.5,com.nostra13.universalimageloader.core.imageaware.ImageViewAware,720,0,0,0,0,0,0
Coupling Rules,method,Android-Universal-Image-Loader,0.9,0.5,com.nostra13.universalimageloader.core.imageaware.ImageViewAware,720,0,0,0,0,0,0
Design Rules,method,Android-Universal-Image-Loader,0.9,0.5,com.nostra13.universalimageloader.core.imageaware.ImageViewAware,720,0,0,0,0,0,0
Empty Code Rules,method,Android-Universal-Image-Loader,0.9,0.5,com.nostra13.universalimageloader.core.imageaware.ImageViewAware,720,0,0,0,0,0,0
Finalizer Rules,method,Android-Universal-Image-Loader,0.9,0.5,com.nostra13.universalimageloader.core.imageaware.ImageViewAware,720,0,0,0,0,0,0
Import Statement Rules,method,Android-Universal-Image-Loader,0.9,0.5,com.nostra13.universalimageloader.core.imageaware.ImageViewAware,720,0,0,0,0,0,0
J2EE Rules,method,Android-Universal-Image-Loader,0.9,0.5,com.nostra13.universalimageloader.core.imageaware.ImageViewAware,720,0,0,0,0,0,0
JUnit Rules,method,Android-Universal-Image-Loader,0.9,0.5,com.nostra13.universalimageloader.core.imageaware.ImageViewAware,720,0,0,0,0,0,0
Jakarta Commons Logging Rules,method,Android-Universal-Image-Loader,0.9,0.5,com.nostra13.universalimageloader.core.imageaware.ImageViewAware,720,0,0,0,0,0,0
Java Logging Rules,method,Android-Universal-Image-Loader,0.9,0.5,com.nostra13.universalimageloader.core.imageaware.ImageViewAware,720,0,0,0,0,0,0
JavaBean Rules,method,Android-Universal-Image-Loader,0.9,0.5,com.nostra13.universalimageloader.core.imageaware.ImageViewAware,720,0,0,0,0,0,0
MigratingToJUnit4 Rules,method,Android-Universal-Image-Loader,0.9,0.5,com.nostra13.universalimageloader.core.imageaware.ImageViewAware,720,0,0,0,0,0,0
Migration Rules,method,Android-Universal-Image-Loader,0.9,0.5,com.nostra13.universalimageloader.core.imageaware.ImageViewAware,720,0,0,0,0,0,0
Migration13 Rules,method,Android-Universal-Image-Loader,0.9,0.5,com.nostra13.universalimageloader.core.imageaware.ImageViewAware,720,0,0,0,0,0,0
Migration14 Rules,method,Android-Universal-Image-Loader,0.9,0.5,com.nostra13.universalimageloader.core.imageaware.ImageViewAware,720,0,0,0,0,0,0
Migration15 Rules,method,Android-Universal-Image-Loader,0.9,0.5,com.nostra13.universalimageloader.core.imageaware.ImageViewAware,720,0,0,0,0,0,0
Naming Rules,method,Android-Universal-Image-Loader,0.9,0.5,com.nostra13.universalimageloader.core.imageaware.ImageViewAware,720,0,0,0,0,0,0
Optimization Rules,method,Android-Universal-Image-Loader,0.9,0.5,com.nostra13.universalimageloader.core.imageaware.ImageViewAware,720,0,0,0,0,0,0
Security Code Guideline Rules,method,Android-Universal-Image-Loader,0.9,0.5,com.nostra13.universalimageloader.core.imageaware.ImageViewAware,720,0,0,0,0,0,0
Strict Exception Rules,method,Android-Universal-Image-Loader,0.9,0.5,com.nostra13.universalimageloader.core.imageaware.ImageViewAware,720,0,0,0,0,0,0
String and StringBuffer Rules,method,Android-Universal-Image-Loader,0.9,0.5,com.nostra13.universalimageloader.core.imageaware.ImageViewAware,720,0,0,0,0,0,0
Type Resolution Rules,method,Android-Universal-Image-Loader,0.9,0.5,com.nostra13.universalimageloader.core.imageaware.ImageViewAware,720,0,0,0,0,0,0
Unnecessary and Unused Code Rules,method,Android-Universal-Image-Loader,0.9,0.5,com.nostra13.universalimageloader.core.imageaware.ImageViewAware,720,0,0,0,0,0,0
Vulnerability Rules,method,Android-Universal-Image-Loader,0.9,0.5,com.nostra13.universalimageloader.core.imageaware.ImageViewAware,720,0,0,0,0,0,0
CC,method,Android-Universal-Image-Loader,0.9,0.5,com.nostra13.universalimageloader.core.download.NetworkDeniedImageDownloader,72,0,0,0,1,1,1
CCL,method,Android-Universal-Image-Loader,0.9,0.5,com.nostra13.universalimageloader.core.download.NetworkDeniedImageDownloader,72,0,0,0,1,1,1
CCO,method,Android-Universal-Image-Loader,0.9,0.5,com.nostra13.universalimageloader.core.download.NetworkDeniedImageDownloader,72,0,0,0,1,1,1
CI,method,Android-Universal-Image-Loader,0.9,0.5,com.nostra13.universalimageloader.core.download.NetworkDeniedImageDownloader,72,0,0,0,1,1,1
CLC,method,Android-Universal-Image-Loader,0.9,0.5,com.nostra13.universalimageloader.core.download.NetworkDeniedImageDownloader,72,0,0,0,1,1,1
CLLC,method,Android-Universal-Image-Loader,0.9,0.5,com.nostra13.universalimageloader.core.download.NetworkDeniedImageDownloader,72,0,0,0,1,1,1
LDC,method,Android-Universal-Image-Loader,0.9,0.5,com.nostra13.universalimageloader.core.download.NetworkDeniedImageDownloader,72,0,0,0,1,1,1
LLDC,method,Android-Universal-Image-Loader,0.9,0.5,com.nostra13.universalimageloader.core.download.NetworkDeniedImageDownloader,72,0,0,0,1,1,1
HCPL,method,Android-Universal-Image-Loader,0.9,0.5,com.nostra13.universalimageloader.core.download.NetworkDeniedImageDownloader,72,0,0,0,1,1,1
HDIF,method,Android-Universal-Image-Loader,0.9,0.5,com.nostra13.universalimageloader.core.download.NetworkDeniedImageDownloader,72,0,0,0,1,1,1
HEFF,method,Android-Universal-Image-Loader,0.9,0.5,com.nostra13.universalimageloader.core.download.NetworkDeniedImageDownloader,72,0,0,0,1,1,1
HNDB,method,Android-Universal-Image-Loader,0.9,0.5,com.nostra13.universalimageloader.core.download.NetworkDeniedImageDownloader,72,0,0,0,1,1,1
HPL,method,Android-Universal-Image-Loader,0.9,0.5,com.nostra13.universalimageloader.core.download.NetworkDeniedImageDownloader,72,0,0,0,1,1,1
HPV,method,Android-Universal-Image-Loader,0.9,0.5,com.nostra13.universalimageloader.core.download.NetworkDeniedImageDownloader,72,0,0,0,1,1,1
HTRP,method,Android-Universal-Image-Loader,0.9,0.5,com.nostra13.universalimageloader.core.download.NetworkDeniedImageDownloader,72,0,0,0,1,1,1
HVOL,method,Android-Universal-Image-Loader,0.9,0.5,com.nostra13.universalimageloader.core.download.NetworkDeniedImageDownloader,72,0,0,0,1,1,1
MI,method,Android-Universal-Image-Loader,0.9,0.5,com.nostra13.universalimageloader.core.download.NetworkDeniedImageDownloader,72,0,0,0,1,1,1
MIMS,method,Android-Universal-Image-Loader,0.9,0.5,com.nostra13.universalimageloader.core.download.NetworkDeniedImageDownloader,72,0,0,0,1,1,1
MISEI,method,Android-Universal-Image-Loader,0.9,0.5,com.nostra13.universalimageloader.core.download.NetworkDeniedImageDownloader,72,0,0,0,1,1,1
MISM,method,Android-Universal-Image-Loader,0.9,0.5,com.nostra13.universalimageloader.core.download.NetworkDeniedImageDownloader,72,0,0,0,1,1,1
McCC,method,Android-Universal-Image-Loader,0.9,0.5,com.nostra13.universalimageloader.core.download.NetworkDeniedImageDownloader,72,0,0,0,1,1,1
NL,method,Android-Universal-Image-Loader,0.9,0.5,com.nostra13.universalimageloader.core.download.NetworkDeniedImageDownloader,72,0,0,0,1,1,1
NLE,method,Android-Universal-Image-Loader,0.9,0.5,com.nostra13.universalimageloader.core.download.NetworkDeniedImageDownloader,72,0,0,0,1,1,1
NII,method,Android-Universal-Image-Loader,0.9,0.5,com.nostra13.universalimageloader.core.download.NetworkDeniedImageDownloader,72,0,0,0,1,1,1
NOI,method,Android-Universal-Image-Loader,0.9,0.5,com.nostra13.universalimageloader.core.download.NetworkDeniedImageDownloader,72,0,0,0,1,1,1
CD,method,Android-Universal-Image-Loader,0.9,0.5,com.nostra13.universalimageloader.core.download.NetworkDeniedImageDownloader,72,0,0,0,1,1,1
CLOC,method,Android-Universal-Image-Loader,0.9,0.5,com.nostra13.universalimageloader.core.download.NetworkDeniedImageDownloader,72,0,0,0,1,1,1
DLOC,method,Android-Universal-Image-Loader,0.9,0.5,com.nostra13.universalimageloader.core.download.NetworkDeniedImageDownloader,72,0,0,0,1,1,1
TCD,method,Android-Universal-Image-Loader,0.9,0.5,com.nostra13.universalimageloader.core.download.NetworkDeniedImageDownloader,72,0,0,0,1,1,1
TCLOC,method,Android-Universal-Image-Loader,0.9,0.5,com.nostra13.universalimageloader.core.download.NetworkDeniedImageDownloader,72,0,0,0,1,1,1
LLOC,method,Android-Universal-Image-Loader,0.9,0.5,com.nostra13.universalimageloader.core.download.NetworkDeniedImageDownloader,72,0,0,0,1,1,1
LOC,method,Android-Universal-Image-Loader,0.9,0.5,com.nostra13.universalimageloader.core.download.NetworkDeniedImageDownloader,72,0,0,0,1,1,1
NOS,method,Android-Universal-Image-Loader,0.9,0.5,com.nostra13.universalimageloader.core.download.NetworkDeniedImageDownloader,72,0,0,0,1,1,1
NUMPAR,method,Android-Universal-Image-Loader,0.9,0.5,com.nostra13.universalimageloader.core.download.NetworkDeniedImageDownloader,72,0,0,0,1,1,1
TLLOC,method,Android-Universal-Image-Loader,0.9,0.5,com.nostra13.universalimageloader.core.download.NetworkDeniedImageDownloader,72,0,0,0,1,1,1
TLOC,method,Android-Universal-Image-Loader,0.9,0.5,com.nostra13.universalimageloader.core.download.NetworkDeniedImageDownloader,72,0,0,0,1,1,1
TNOS,method,Android-Universal-Image-Loader,0.9,0.5,com.nostra13.universalimageloader.core.download.NetworkDeniedImageDownloader,72,0,0,0,0,0,0
WarningBlocker,method,Android-Universal-Image-Loader,0.9,0.5,com.nostra13.universalimageloader.core.download.NetworkDeniedImageDownloader,72,0,0,0,0,0,0
WarningCritical,method,Android-Universal-Image-Loader,0.9,0.5,com.nostra13.universalimageloader.core.download.NetworkDeniedImageDownloader,72,0,0,0,0,0,0
WarningInfo,method,Android-Universal-Image-Loader,0.9,0.5,com.nostra13.universalimageloader.core.download.NetworkDeniedImageDownloader,72,0,0,0,0,0,0
WarningMajor,method,Android-Universal-Image-Loader,0.9,0.5,com.nostra13.universalimageloader.core.download.NetworkDeniedImageDownloader,72,0,0,0,0,0,0
WarningMinor,method,Android-Universal-Image-Loader,0.9,0.5,com.nostra13.universalimageloader.core.download.NetworkDeniedImageDownloader,72,0,0,0,0,0,0
Android Rules,method,Android-Universal-Image-Loader,0.9,0.5,com.nostra13.universalimageloader.core.download.NetworkDeniedImageDownloader,72,0,0,0,0,0,0
Basic Rules,method,Android-Universal-Image-Loader,0.9,0.5,com.nostra13.universalimageloader.core.download.NetworkDeniedImageDownloader,72,0,0,0,0,0,0
Brace Rules,method,Android-Universal-Image-Loader,0.9,0.5,com.nostra13.universalimageloader.core.download.NetworkDeniedImageDownloader,72,0,0,0,0,0,0
Clone Implementation Rules,method,Android-Universal-Image-Loader,0.9,0.5,com.nostra13.universalimageloader.core.download.NetworkDeniedImageDownloader,72,0,0,0,0,0,0
Code Size Rules,method,Android-Universal-Image-Loader,0.9,0.5,com.nostra13.universalimageloader.core.download.NetworkDeniedImageDownloader,72,0,0,0,0,0,0
Comment Rules,method,Android-Universal-Image-Loader,0.9,0.5,com.nostra13.universalimageloader.core.download.NetworkDeniedImageDownloader,72,0,0,0,0,0,0
Controversial Rules,method,Android-Universal-Image-Loader,0.9,0.5,com.nostra13.universalimageloader.core.download.NetworkDeniedImageDownloader,72,0,0,0,0,0,0
Coupling Rules,method,Android-Universal-Image-Loader,0.9,0.5,com.nostra13.universalimageloader.core.download.NetworkDeniedImageDownloader,72,0,0,0,0,0,0
Design Rules,method,Android-Universal-Image-Loader,0.9,0.5,com.nostra13.universalimageloader.core.download.NetworkDeniedImageDownloader,72,0,0,0,0,0,0
Empty Code Rules,method,Android-Universal-Image-Loader,0.9,0.5,com.nostra13.universalimageloader.core.download.NetworkDeniedImageDownloader,72,0,0,0,0,0,0
Finalizer Rules,method,Android-Universal-Image-Loader,0.9,0.5,com.nostra13.universalimageloader.core.download.NetworkDeniedImageDownloader,72,0,0,0,0,0,0
Import Statement Rules,method,Android-Universal-Image-Loader,0.9,0.5,com.nostra13.universalimageloader.core.download.NetworkDeniedImageDownloader,72,0,0,0,0,0,0
J2EE Rules,method,Android-Universal-Image-Loader,0.9,0.5,com.nostra13.universalimageloader.core.download.NetworkDeniedImageDownloader,72,0,0,0,0,0,0
JUnit Rules,method,Android-Universal-Image-Loader,0.9,0.5,com.nostra13.universalimageloader.core.download.NetworkDeniedImageDownloader,72,0,0,0,0,0,0
Jakarta Commons Logging Rules,method,Android-Universal-Image-Loader,0.9,0.5,com.nostra13.universalimageloader.core.download.NetworkDeniedImageDownloader,72,0,0,0,0,0,0
Java Logging Rules,method,Android-Universal-Image-Loader,0.9,0.5,com.nostra13.universalimageloader.core.download.NetworkDeniedImageDownloader,72,0,0,0,0,0,0
JavaBean Rules,method,Android-Universal-Image-Loader,0.9,0.5,com.nostra13.universalimageloader.core.download.NetworkDeniedImageDownloader,72,0,0,0,0,0,0
MigratingToJUnit4 Rules,method,Android-Universal-Image-Loader,0.9,0.5,com.nostra13.universalimageloader.core.download.NetworkDeniedImageDownloader,72,0,0,0,0,0,0
Migration Rules,method,Android-Universal-Image-Loader,0.9,0.5,com.nostra13.universalimageloader.core.download.NetworkDeniedImageDownloader,72,0,0,0,0,0,0
Migration13 Rules,method,Android-Universal-Image-Loader,0.9,0.5,com.nostra13.universalimageloader.core.download.NetworkDeniedImageDownloader,72,0,0,0,0,0,0
Migration14 Rules,method,Android-Universal-Image-Loader,0.9,0.5,com.nostra13.universalimageloader.core.download.NetworkDeniedImageDownloader,72,0,0,0,0,0,0
Migration15 Rules,method,Android-Universal-Image-Loader,0.9,0.5,com.nostra13.universalimageloader.core.download.NetworkDeniedImageDownloader,72,0,0,0,0,0,0
Naming Rules,method,Android-Universal-Image-Loader,0.9,0.5,com.nostra13.universalimageloader.core.download.NetworkDeniedImageDownloader,72,0,0,0,0,0,0
Optimization Rules,method,Android-Universal-Image-Loader,0.9,0.5,com.nostra13.universalimageloader.core.download.NetworkDeniedImageDownloader,72,0,0,0,0,0,0
Security Code Guideline Rules,method,Android-Universal-Image-Loader,0.9,0.5,com.nostra13.universalimageloader.core.download.NetworkDeniedImageDownloader,72,0,0,0,0,0,0
Strict Exception Rules,method,Android-Universal-Image-Loader,0.9,0.5,com.nostra13.universalimageloader.core.download.NetworkDeniedImageDownloader,72,0,0,0,0,0,0
String and StringBuffer Rules,method,Android-Universal-Image-Loader,0.9,0.5,com.nostra13.universalimageloader.core.download.NetworkDeniedImageDownloader,72,0,0,0,0,0,0
Type Resolution Rules,method,Android-Universal-Image-Loader,0.9,0.5,com.nostra13.universalimageloader.core.download.NetworkDeniedImageDownloader,72,0,0,0,0,0,0
Unnecessary and Unused Code Rules,method,Android-Universal-Image-Loader,0.9,0.5,com.nostra13.universalimageloader.core.download.NetworkDeniedImageDownloader,72,0,0,0,0,0,0
Vulnerability Rules,method,Android-Universal-Image-Loader,0.9,0.5,com.nostra13.universalimageloader.core.download.NetworkDeniedImageDownloader,72,0,0,0,0,0,0
CC,method,Android-Universal-Image-Loader,0.9,0.5,com.nostra13.universalimageloader.core.download.HttpClientImageDownloader,72,0,0,0,1,1,1
CCL,method,Android-Universal-Image-Loader,0.9,0.5,com.nostra13.universalimageloader.core.download.HttpClientImageDownloader,72,0,0,0,1,1,1
CCO,method,Android-Universal-Image-Loader,0.9,0.5,com.nostra13.universalimageloader.core.download.HttpClientImageDownloader,72,0,0,0,1,1,1
CI,method,Android-Universal-Image-Loader,0.9,0.5,com.nostra13.universalimageloader.core.download.HttpClientImageDownloader,72,0,0,0,1,1,1
CLC,method,Android-Universal-Image-Loader,0.9,0.5,com.nostra13.universalimageloader.core.download.HttpClientImageDownloader,72,0,0,0,1,1,1
CLLC,method,Android-Universal-Image-Loader,0.9,0.5,com.nostra13.universalimageloader.core.download.HttpClientImageDownloader,72,0,0,0,1,1,1
LDC,method,Android-Universal-Image-Loader,0.9,0.5,com.nostra13.universalimageloader.core.download.HttpClientImageDownloader,72,0,0,0,1,1,1
LLDC,method,Android-Universal-Image-Loader,0.9,0.5,com.nostra13.universalimageloader.core.download.HttpClientImageDownloader,72,0,0,0,1,1,1
HCPL,method,Android-Universal-Image-Loader,0.9,0.5,com.nostra13.universalimageloader.core.download.HttpClientImageDownloader,72,0,0,0,1,1,1
HDIF,method,Android-Universal-Image-Loader,0.9,0.5,com.nostra13.universalimageloader.core.download.HttpClientImageDownloader,72,0,0,0,1,1,1
HEFF,method,Android-Universal-Image-Loader,0.9,0.5,com.nostra13.universalimageloader.core.download.HttpClientImageDownloader,72,0,0,0,1,1,1
HNDB,method,Android-Universal-Image-Loader,0.9,0.5,com.nostra13.universalimageloader.core.download.HttpClientImageDownloader,72,0,0,0,1,1,1
HPL,method,Android-Universal-Image-Loader,0.9,0.5,com.nostra13.universalimageloader.core.download.HttpClientImageDownloader,72,0,0,0,1,1,1
HPV,method,Android-Universal-Image-Loader,0.9,0.5,com.nostra13.universalimageloader.core.download.HttpClientImageDownloader,72,0,0,0,1,1,1
HTRP,method,Android-Universal-Image-Loader,0.9,0.5,com.nostra13.universalimageloader.core.download.HttpClientImageDownloader,72,0,0,0,1,1,1
HVOL,method,Android-Universal-Image-Loader,0.9,0.5,com.nostra13.universalimageloader.core.download.HttpClientImageDownloader,72,0,0,0,1,1,1
MI,method,Android-Universal-Image-Loader,0.9,0.5,com.nostra13.universalimageloader.core.download.HttpClientImageDownloader,72,0,0,0,1,1,1
MIMS,method,Android-Universal-Image-Loader,0.9,0.5,com.nostra13.universalimageloader.core.download.HttpClientImageDownloader,72,0,0,0,1,1,1
MISEI,method,Android-Universal-Image-Loader,0.9,0.5,com.nostra13.universalimageloader.core.download.HttpClientImageDownloader,72,0,0,0,1,1,1
MISM,method,Android-Universal-Image-Loader,0.9,0.5,com.nostra13.universalimageloader.core.download.HttpClientImageDownloader,72,0,0,0,1,1,1
McCC,method,Android-Universal-Image-Loader,0.9,0.5,com.nostra13.universalimageloader.core.download.HttpClientImageDownloader,72,0,0,0,1,1,1
NL,method,Android-Universal-Image-Loader,0.9,0.5,com.nostra13.universalimageloader.core.download.HttpClientImageDownloader,72,0,0,0,1,1,1
NLE,method,Android-Universal-Image-Loader,0.9,0.5,com.nostra13.universalimageloader.core.download.HttpClientImageDownloader,72,0,0,0,1,1,1
NII,method,Android-Universal-Image-Loader,0.9,0.5,com.nostra13.universalimageloader.core.download.HttpClientImageDownloader,72,0,0,0,1,1,1
NOI,method,Android-Universal-Image-Loader,0.9,0.5,com.nostra13.universalimageloader.core.download.HttpClientImageDownloader,72,0,0,0,1,1,1
CD,method,Android-Universal-Image-Loader,0.9,0.5,com.nostra13.universalimageloader.core.download.HttpClientImageDownloader,72,0,0,0,1,1,1
CLOC,method,Android-Universal-Image-Loader,0.9,0.5,com.nostra13.universalimageloader.core.download.HttpClientImageDownloader,72,0,0,0,1,1,1
DLOC,method,Android-Universal-Image-Loader,0.9,0.5,com.nostra13.universalimageloader.core.download.HttpClientImageDownloader,72,0,0,0,1,1,1
TCD,method,Android-Universal-Image-Loader,0.9,0.5,com.nostra13.universalimageloader.core.download.HttpClientImageDownloader,72,0,0,0,1,1,1
TCLOC,method,Android-Universal-Image-Loader,0.9,0.5,com.nostra13.universalimageloader.core.download.HttpClientImageDownloader,72,0,0,0,1,1,1
LLOC,method,Android-Universal-Image-Loader,0.9,0.5,com.nostra13.universalimageloader.core.download.HttpClientImageDownloader,72,0,0,0,1,1,1
LOC,method,Android-Universal-Image-Loader,0.9,0.5,com.nostra13.universalimageloader.core.download.HttpClientImageDownloader,72,0,0,0,1,1,1
NOS,method,Android-Universal-Image-Loader,0.9,0.5,com.nostra13.universalimageloader.core.download.HttpClientImageDownloader,72,0,0,0,1,1,1
NUMPAR,method,Android-Universal-Image-Loader,0.9,0.5,com.nostra13.universalimageloader.core.download.HttpClientImageDownloader,72,0,0,0,1,1,1
TLLOC,method,Android-Universal-Image-Loader,0.9,0.5,com.nostra13.universalimageloader.core.download.HttpClientImageDownloader,72,0,0,0,1,1,1
TLOC,method,Android-Universal-Image-Loader,0.9,0.5,com.nostra13.universalimageloader.core.download.HttpClientImageDownloader,72,0,0,0,1,1,1
TNOS,method,Android-Universal-Image-Loader,0.9,0.5,com.nostra13.universalimageloader.core.download.HttpClientImageDownloader,72,0,0,0,0,0,0
WarningBlocker,method,Android-Universal-Image-Loader,0.9,0.5,com.nostra13.universalimageloader.core.download.HttpClientImageDownloader,72,0,0,0,0,0,0
WarningCritical,method,Android-Universal-Image-Loader,0.9,0.5,com.nostra13.universalimageloader.core.download.HttpClientImageDownloader,72,0,0,0,0,0,0
WarningInfo,method,Android-Universal-Image-Loader,0.9,0.5,com.nostra13.universalimageloader.core.download.HttpClientImageDownloader,72,0,0,0,0,0,0
WarningMajor,method,Android-Universal-Image-Loader,0.9,0.5,com.nostra13.universalimageloader.core.download.HttpClientImageDownloader,72,0,0,0,0,0,0
WarningMinor,method,Android-Universal-Image-Loader,0.9,0.5,com.nostra13.universalimageloader.core.download.HttpClientImageDownloader,72,0,0,0,0,0,0
Android Rules,method,Android-Universal-Image-Loader,0.9,0.5,com.nostra13.universalimageloader.core.download.HttpClientImageDownloader,72,0,0,0,0,0,0
Basic Rules,method,Android-Universal-Image-Loader,0.9,0.5,com.nostra13.universalimageloader.core.download.HttpClientImageDownloader,72,0,0,0,0,0,0
Brace Rules,method,Android-Universal-Image-Loader,0.9,0.5,com.nostra13.universalimageloader.core.download.HttpClientImageDownloader,72,0,0,0,0,0,0
Clone Implementation Rules,method,Android-Universal-Image-Loader,0.9,0.5,com.nostra13.universalimageloader.core.download.HttpClientImageDownloader,72,0,0,0,0,0,0
Code Size Rules,method,Android-Universal-Image-Loader,0.9,0.5,com.nostra13.universalimageloader.core.download.HttpClientImageDownloader,72,0,0,0,0,0,0
Comment Rules,method,Android-Universal-Image-Loader,0.9,0.5,com.nostra13.universalimageloader.core.download.HttpClientImageDownloader,72,0,0,0,0,0,0
Controversial Rules,method,Android-Universal-Image-Loader,0.9,0.5,com.nostra13.universalimageloader.core.download.HttpClientImageDownloader,72,0,0,0,0,0,0
Coupling Rules,method,Android-Universal-Image-Loader,0.9,0.5,com.nostra13.universalimageloader.core.download.HttpClientImageDownloader,72,0,0,0,0,0,0
Design Rules,method,Android-Universal-Image-Loader,0.9,0.5,com.nostra13.universalimageloader.core.download.HttpClientImageDownloader,72,0,0,0,0,0,0
Empty Code Rules,method,Android-Universal-Image-Loader,0.9,0.5,com.nostra13.universalimageloader.core.download.HttpClientImageDownloader,72,0,0,0,0,0,0
Finalizer Rules,method,Android-Universal-Image-Loader,0.9,0.5,com.nostra13.universalimageloader.core.download.HttpClientImageDownloader,72,0,0,0,0,0,0
Import Statement Rules,method,Android-Universal-Image-Loader,0.9,0.5,com.nostra13.universalimageloader.core.download.HttpClientImageDownloader,72,0,0,0,0,0,0
J2EE Rules,method,Android-Universal-Image-Loader,0.9,0.5,com.nostra13.universalimageloader.core.download.HttpClientImageDownloader,72,0,0,0,0,0,0
JUnit Rules,method,Android-Universal-Image-Loader,0.9,0.5,com.nostra13.universalimageloader.core.download.HttpClientImageDownloader,72,0,0,0,0,0,0
Jakarta Commons Logging Rules,method,Android-Universal-Image-Loader,0.9,0.5,com.nostra13.universalimageloader.core.download.HttpClientImageDownloader,72,0,0,0,0,0,0
Java Logging Rules,method,Android-Universal-Image-Loader,0.9,0.5,com.nostra13.universalimageloader.core.download.HttpClientImageDownloader,72,0,0,0,0,0,0
JavaBean Rules,method,Android-Universal-Image-Loader,0.9,0.5,com.nostra13.universalimageloader.core.download.HttpClientImageDownloader,72,0,0,0,0,0,0
MigratingToJUnit4 Rules,method,Android-Universal-Image-Loader,0.9,0.5,com.nostra13.universalimageloader.core.download.HttpClientImageDownloader,72,0,0,0,0,0,0
Migration Rules,method,Android-Universal-Image-Loader,0.9,0.5,com.nostra13.universalimageloader.core.download.HttpClientImageDownloader,72,0,0,0,0,0,0
Migration13 Rules,method,Android-Universal-Image-Loader,0.9,0.5,com.nostra13.universalimageloader.core.download.HttpClientImageDownloader,72,0,0,0,0,0,0
Migration14 Rules,method,Android-Universal-Image-Loader,0.9,0.5,com.nostra13.universalimageloader.core.download.HttpClientImageDownloader,72,0,0,0,0,0,0
Migration15 Rules,method,Android-Universal-Image-Loader,0.9,0.5,com.nostra13.universalimageloader.core.download.HttpClientImageDownloader,72,0,0,0,0,0,0
Naming Rules,method,Android-Universal-Image-Loader,0.9,0.5,com.nostra13.universalimageloader.core.download.HttpClientImageDownloader,72,0,0,0,0,0,0
Optimization Rules,method,Android-Universal-Image-Loader,0.9,0.5,com.nostra13.universalimageloader.core.download.HttpClientImageDownloader,72,0,0,0,0,0,0
Security Code Guideline Rules,method,Android-Universal-Image-Loader,0.9,0.5,com.nostra13.universalimageloader.core.download.HttpClientImageDownloader,72,0,0,0,0,0,0
Strict Exception Rules,method,Android-Universal-Image-Loader,0.9,0.5,com.nostra13.universalimageloader.core.download.HttpClientImageDownloader,72,0,0,0,0,0,0
String and StringBuffer Rules,method,Android-Universal-Image-Loader,0.9,0.5,com.nostra13.universalimageloader.core.download.HttpClientImageDownloader,72,0,0,0,0,0,0
Type Resolution Rules,method,Android-Universal-Image-Loader,0.9,0.5,com.nostra13.universalimageloader.core.download.HttpClientImageDownloader,72,0,0,0,0,0,0
Unnecessary and Unused Code Rules,method,Android-Universal-Image-Loader,0.9,0.5,com.nostra13.universalimageloader.core.download.HttpClientImageDownloader,72,0,0,0,0,0,0
Vulnerability Rules,method,Android-Universal-Image-Loader,0.9,0.5,com.nostra13.universalimageloader.core.download.HttpClientImageDownloader,72,0,0,0,0,0,0
CC,method,Android-Universal-Image-Loader,0.9,0.5,com.nostra13.universalimageloader.core.ImageLoadingInfo,72,0,0,0,1,1,1
CCL,method,Android-Universal-Image-Loader,0.9,0.5,com.nostra13.universalimageloader.core.ImageLoadingInfo,72,0,0,0,1,1,1
CCO,method,Android-Universal-Image-Loader,0.9,0.5,com.nostra13.universalimageloader.core.ImageLoadingInfo,72,0,0,0,1,1,1
CI,method,Android-Universal-Image-Loader,0.9,0.5,com.nostra13.universalimageloader.core.ImageLoadingInfo,72,0,0,0,1,1,1
CLC,method,Android-Universal-Image-Loader,0.9,0.5,com.nostra13.universalimageloader.core.ImageLoadingInfo,72,0,0,0,1,1,1
CLLC,method,Android-Universal-Image-Loader,0.9,0.5,com.nostra13.universalimageloader.core.ImageLoadingInfo,72,0,0,0,1,1,1
LDC,method,Android-Universal-Image-Loader,0.9,0.5,com.nostra13.universalimageloader.core.ImageLoadingInfo,72,0,0,0,1,1,1
LLDC,method,Android-Universal-Image-Loader,0.9,0.5,com.nostra13.universalimageloader.core.ImageLoadingInfo,72,0,0,0,1,1,1
HCPL,method,Android-Universal-Image-Loader,0.9,0.5,com.nostra13.universalimageloader.core.ImageLoadingInfo,72,0,0,0,1,1,1
HDIF,method,Android-Universal-Image-Loader,0.9,0.5,com.nostra13.universalimageloader.core.ImageLoadingInfo,72,0,0,0,1,1,1
HEFF,method,Android-Universal-Image-Loader,0.9,0.5,com.nostra13.universalimageloader.core.ImageLoadingInfo,72,0,0,0,1,1,1
HNDB,method,Android-Universal-Image-Loader,0.9,0.5,com.nostra13.universalimageloader.core.ImageLoadingInfo,72,0,0,0,1,1,1
HPL,method,Android-Universal-Image-Loader,0.9,0.5,com.nostra13.universalimageloader.core.ImageLoadingInfo,72,0,0,0,1,1,1
HPV,method,Android-Universal-Image-Loader,0.9,0.5,com.nostra13.universalimageloader.core.ImageLoadingInfo,72,0,0,0,1,1,1
HTRP,method,Android-Universal-Image-Loader,0.9,0.5,com.nostra13.universalimageloader.core.ImageLoadingInfo,72,0,0,0,1,1,1
HVOL,method,Android-Universal-Image-Loader,0.9,0.5,com.nostra13.universalimageloader.core.ImageLoadingInfo,72,0,0,0,1,1,1
MI,method,Android-Universal-Image-Loader,0.9,0.5,com.nostra13.universalimageloader.core.ImageLoadingInfo,72,0,0,0,1,1,1
MIMS,method,Android-Universal-Image-Loader,0.9,0.5,com.nostra13.universalimageloader.core.ImageLoadingInfo,72,0,0,0,1,1,1
MISEI,method,Android-Universal-Image-Loader,0.9,0.5,com.nostra13.universalimageloader.core.ImageLoadingInfo,72,0,0,0,1,1,1
MISM,method,Android-Universal-Image-Loader,0.9,0.5,com.nostra13.universalimageloader.core.ImageLoadingInfo,72,0,0,0,1,1,1
McCC,method,Android-Universal-Image-Loader,0.9,0.5,com.nostra13.universalimageloader.core.ImageLoadingInfo,72,0,0,0,1,1,1
NL,method,Android-Universal-Image-Loader,0.9,0.5,com.nostra13.universalimageloader.core.ImageLoadingInfo,72,0,0,0,1,1,1
NLE,method,Android-Universal-Image-Loader,0.9,0.5,com.nostra13.universalimageloader.core.ImageLoadingInfo,72,0,0,0,1,1,1
NII,method,Android-Universal-Image-Loader,0.9,0.5,com.nostra13.universalimageloader.core.ImageLoadingInfo,72,0,0,0,1,1,1
NOI,method,Android-Universal-Image-Loader,0.9,0.5,com.nostra13.universalimageloader.core.ImageLoadingInfo,72,0,0,0,1,1,1
CD,method,Android-Universal-Image-Loader,0.9,0.5,com.nostra13.universalimageloader.core.ImageLoadingInfo,72,0,0,0,1,1,1
CLOC,method,Android-Universal-Image-Loader,0.9,0.5,com.nostra13.universalimageloader.core.ImageLoadingInfo,72,0,0,0,1,1,1
DLOC,method,Android-Universal-Image-Loader,0.9,0.5,com.nostra13.universalimageloader.core.ImageLoadingInfo,72,0,0,0,1,1,1
TCD,method,Android-Universal-Image-Loader,0.9,0.5,com.nostra13.universalimageloader.core.ImageLoadingInfo,72,0,0,0,1,1,1
TCLOC,method,Android-Universal-Image-Loader,0.9,0.5,com.nostra13.universalimageloader.core.ImageLoadingInfo,72,0,0,0,1,1,1
LLOC,method,Android-Universal-Image-Loader,0.9,0.5,com.nostra13.universalimageloader.core.ImageLoadingInfo,72,0,0,0,1,1,1
LOC,method,Android-Universal-Image-Loader,0.9,0.5,com.nostra13.universalimageloader.core.ImageLoadingInfo,72,0,0,0,1,1,1
NOS,method,Android-Universal-Image-Loader,0.9,0.5,com.nostra13.universalimageloader.core.ImageLoadingInfo,72,0,0,0,1,1,1
NUMPAR,method,Android-Universal-Image-Loader,0.9,0.5,com.nostra13.universalimageloader.core.ImageLoadingInfo,72,0,0,0,1,1,1
TLLOC,method,Android-Universal-Image-Loader,0.9,0.5,com.nostra13.universalimageloader.core.ImageLoadingInfo,72,0,0,0,1,1,1
TLOC,method,Android-Universal-Image-Loader,0.9,0.5,com.nostra13.universalimageloader.core.ImageLoadingInfo,72,0,0,0,1,1,1
TNOS,method,Android-Universal-Image-Loader,0.9,0.5,com.nostra13.universalimageloader.core.ImageLoadingInfo,72,0,0,0,0,0,0
WarningBlocker,method,Android-Universal-Image-Loader,0.9,0.5,com.nostra13.universalimageloader.core.ImageLoadingInfo,72,0,0,0,0,0,0
WarningCritical,method,Android-Universal-Image-Loader,0.9,0.5,com.nostra13.universalimageloader.core.ImageLoadingInfo,72,0,0,0,0,0,0
WarningInfo,method,Android-Universal-Image-Loader,0.9,0.5,com.nostra13.universalimageloader.core.ImageLoadingInfo,72,0,0,0,0,0,0
WarningMajor,method,Android-Universal-Image-Loader,0.9,0.5,com.nostra13.universalimageloader.core.ImageLoadingInfo,72,0,0,0,0,0,0
WarningMinor,method,Android-Universal-Image-Loader,0.9,0.5,com.nostra13.universalimageloader.core.ImageLoadingInfo,72,0,0,0,0,0,0
Android Rules,method,Android-Universal-Image-Loader,0.9,0.5,com.nostra13.universalimageloader.core.ImageLoadingInfo,72,0,0,0,0,0,0
Basic Rules,method,Android-Universal-Image-Loader,0.9,0.5,com.nostra13.universalimageloader.core.ImageLoadingInfo,72,0,0,0,0,0,0
Brace Rules,method,Android-Universal-Image-Loader,0.9,0.5,com.nostra13.universalimageloader.core.ImageLoadingInfo,72,0,0,0,0,0,0
Clone Implementation Rules,method,Android-Universal-Image-Loader,0.9,0.5,com.nostra13.universalimageloader.core.ImageLoadingInfo,72,0,0,0,0,0,0
Code Size Rules,method,Android-Universal-Image-Loader,0.9,0.5,com.nostra13.universalimageloader.core.ImageLoadingInfo,72,0,0,0,0,0,0
Comment Rules,method,Android-Universal-Image-Loader,0.9,0.5,com.nostra13.universalimageloader.core.ImageLoadingInfo,72,0,0,0,0,0,0
Controversial Rules,method,Android-Universal-Image-Loader,0.9,0.5,com.nostra13.universalimageloader.core.ImageLoadingInfo,72,0,0,0,0,0,0
Coupling Rules,method,Android-Universal-Image-Loader,0.9,0.5,com.nostra13.universalimageloader.core.ImageLoadingInfo,72,0,0,0,0,0,0
Design Rules,method,Android-Universal-Image-Loader,0.9,0.5,com.nostra13.universalimageloader.core.ImageLoadingInfo,72,0,0,0,0,0,0
Empty Code Rules,method,Android-Universal-Image-Loader,0.9,0.5,com.nostra13.universalimageloader.core.ImageLoadingInfo,72,0,0,0,0,0,0
Finalizer Rules,method,Android-Universal-Image-Loader,0.9,0.5,com.nostra13.universalimageloader.core.ImageLoadingInfo,72,0,0,0,0,0,0
Import Statement Rules,method,Android-Universal-Image-Loader,0.9,0.5,com.nostra13.universalimageloader.core.ImageLoadingInfo,72,0,0,0,0,0,0
J2EE Rules,method,Android-Universal-Image-Loader,0.9,0.5,com.nostra13.universalimageloader.core.ImageLoadingInfo,72,0,0,0,0,0,0
JUnit Rules,method,Android-Universal-Image-Loader,0.9,0.5,com.nostra13.universalimageloader.core.ImageLoadingInfo,72,0,0,0,0,0,0
Jakarta Commons Logging Rules,method,Android-Universal-Image-Loader,0.9,0.5,com.nostra13.universalimageloader.core.ImageLoadingInfo,72,0,0,0,0,0,0
Java Logging Rules,method,Android-Universal-Image-Loader,0.9,0.5,com.nostra13.universalimageloader.core.ImageLoadingInfo,72,0,0,0,0,0,0
JavaBean Rules,method,Android-Universal-Image-Loader,0.9,0.5,com.nostra13.universalimageloader.core.ImageLoadingInfo,72,0,0,0,0,0,0
MigratingToJUnit4 Rules,method,Android-Universal-Image-Loader,0.9,0.5,com.nostra13.universalimageloader.core.ImageLoadingInfo,72,0,0,0,0,0,0
Migration Rules,method,Android-Universal-Image-Loader,0.9,0.5,com.nostra13.universalimageloader.core.ImageLoadingInfo,72,0,0,0,0,0,0
Migration13 Rules,method,Android-Universal-Image-Loader,0.9,0.5,com.nostra13.universalimageloader.core.ImageLoadingInfo,72,0,0,0,0,0,0
Migration14 Rules,method,Android-Universal-Image-Loader,0.9,0.5,com.nostra13.universalimageloader.core.ImageLoadingInfo,72,0,0,0,0,0,0
Migration15 Rules,method,Android-Universal-Image-Loader,0.9,0.5,com.nostra13.universalimageloader.core.ImageLoadingInfo,72,0,0,0,0,0,0
Naming Rules,method,Android-Universal-Image-Loader,0.9,0.5,com.nostra13.universalimageloader.core.ImageLoadingInfo,72,0,0,0,0,0,0
Optimization Rules,method,Android-Universal-Image-Loader,0.9,0.5,com.nostra13.universalimageloader.core.ImageLoadingInfo,72,0,0,0,0,0,0
Security Code Guideline Rules,method,Android-Universal-Image-Loader,0.9,0.5,com.nostra13.universalimageloader.core.ImageLoadingInfo,72,0,0,0,0,0,0
Strict Exception Rules,method,Android-Universal-Image-Loader,0.9,0.5,com.nostra13.universalimageloader.core.ImageLoadingInfo,72,0,0,0,0,0,0
String and StringBuffer Rules,method,Android-Universal-Image-Loader,0.9,0.5,com.nostra13.universalimageloader.core.ImageLoadingInfo,72,0,0,0,0,0,0
Type Resolution Rules,method,Android-Universal-Image-Loader,0.9,0.5,com.nostra13.universalimageloader.core.ImageLoadingInfo,72,0,0,0,0,0,0
Unnecessary and Unused Code Rules,method,Android-Universal-Image-Loader,0.9,0.5,com.nostra13.universalimageloader.core.ImageLoadingInfo,72,0,0,0,0,0,0
Vulnerability Rules,method,Android-Universal-Image-Loader,0.9,0.5,com.nostra13.universalimageloader.core.ImageLoadingInfo,72,0,0,0,0,0,0
CC,method,Android-Universal-Image-Loader,0.9,0.5,com.nostra13.universalimageloader.core.display.SimpleBitmapDisplayer,72,0,0,0,1,1,1
CCL,method,Android-Universal-Image-Loader,0.9,0.5,com.nostra13.universalimageloader.core.display.SimpleBitmapDisplayer,72,0,0,0,1,1,1
CCO,method,Android-Universal-Image-Loader,0.9,0.5,com.nostra13.universalimageloader.core.display.SimpleBitmapDisplayer,72,0,0,0,1,1,1
CI,method,Android-Universal-Image-Loader,0.9,0.5,com.nostra13.universalimageloader.core.display.SimpleBitmapDisplayer,72,0,0,0,1,1,1
CLC,method,Android-Universal-Image-Loader,0.9,0.5,com.nostra13.universalimageloader.core.display.SimpleBitmapDisplayer,72,0,0,0,1,1,1
CLLC,method,Android-Universal-Image-Loader,0.9,0.5,com.nostra13.universalimageloader.core.display.SimpleBitmapDisplayer,72,0,0,0,1,1,1
LDC,method,Android-Universal-Image-Loader,0.9,0.5,com.nostra13.universalimageloader.core.display.SimpleBitmapDisplayer,72,0,0,0,1,1,1
LLDC,method,Android-Universal-Image-Loader,0.9,0.5,com.nostra13.universalimageloader.core.display.SimpleBitmapDisplayer,72,0,0,0,1,1,1
HCPL,method,Android-Universal-Image-Loader,0.9,0.5,com.nostra13.universalimageloader.core.display.SimpleBitmapDisplayer,72,0,0,0,1,1,1
HDIF,method,Android-Universal-Image-Loader,0.9,0.5,com.nostra13.universalimageloader.core.display.SimpleBitmapDisplayer,72,0,0,0,1,1,1
HEFF,method,Android-Universal-Image-Loader,0.9,0.5,com.nostra13.universalimageloader.core.display.SimpleBitmapDisplayer,72,0,0,0,1,1,1
HNDB,method,Android-Universal-Image-Loader,0.9,0.5,com.nostra13.universalimageloader.core.display.SimpleBitmapDisplayer,72,0,0,0,1,1,1
HPL,method,Android-Universal-Image-Loader,0.9,0.5,com.nostra13.universalimageloader.core.display.SimpleBitmapDisplayer,72,0,0,0,1,1,1
HPV,method,Android-Universal-Image-Loader,0.9,0.5,com.nostra13.universalimageloader.core.display.SimpleBitmapDisplayer,72,0,0,0,1,1,1
HTRP,method,Android-Universal-Image-Loader,0.9,0.5,com.nostra13.universalimageloader.core.display.SimpleBitmapDisplayer,72,0,0,0,1,1,1
HVOL,method,Android-Universal-Image-Loader,0.9,0.5,com.nostra13.universalimageloader.core.display.SimpleBitmapDisplayer,72,0,0,0,1,1,1
MI,method,Android-Universal-Image-Loader,0.9,0.5,com.nostra13.universalimageloader.core.display.SimpleBitmapDisplayer,72,0,0,0,1,1,1
MIMS,method,Android-Universal-Image-Loader,0.9,0.5,com.nostra13.universalimageloader.core.display.SimpleBitmapDisplayer,72,0,0,0,1,1,1
MISEI,method,Android-Universal-Image-Loader,0.9,0.5,com.nostra13.universalimageloader.core.display.SimpleBitmapDisplayer,72,0,0,0,1,1,1
MISM,method,Android-Universal-Image-Loader,0.9,0.5,com.nostra13.universalimageloader.core.display.SimpleBitmapDisplayer,72,0,0,0,1,1,1
McCC,method,Android-Universal-Image-Loader,0.9,0.5,com.nostra13.universalimageloader.core.display.SimpleBitmapDisplayer,72,0,0,0,1,1,1
NL,method,Android-Universal-Image-Loader,0.9,0.5,com.nostra13.universalimageloader.core.display.SimpleBitmapDisplayer,72,0,0,0,1,1,1
NLE,method,Android-Universal-Image-Loader,0.9,0.5,com.nostra13.universalimageloader.core.display.SimpleBitmapDisplayer,72,0,0,0,1,1,1
NII,method,Android-Universal-Image-Loader,0.9,0.5,com.nostra13.universalimageloader.core.display.SimpleBitmapDisplayer,72,0,0,0,1,1,1
NOI,method,Android-Universal-Image-Loader,0.9,0.5,com.nostra13.universalimageloader.core.display.SimpleBitmapDisplayer,72,0,0,0,1,1,1
CD,method,Android-Universal-Image-Loader,0.9,0.5,com.nostra13.universalimageloader.core.display.SimpleBitmapDisplayer,72,0,0,0,1,1,1
CLOC,method,Android-Universal-Image-Loader,0.9,0.5,com.nostra13.universalimageloader.core.display.SimpleBitmapDisplayer,72,0,0,0,1,1,1
DLOC,method,Android-Universal-Image-Loader,0.9,0.5,com.nostra13.universalimageloader.core.display.SimpleBitmapDisplayer,72,0,0,0,1,1,1
TCD,method,Android-Universal-Image-Loader,0.9,0.5,com.nostra13.universalimageloader.core.display.SimpleBitmapDisplayer,72,0,0,0,1,1,1
TCLOC,method,Android-Universal-Image-Loader,0.9,0.5,com.nostra13.universalimageloader.core.display.SimpleBitmapDisplayer,72,0,0,0,1,1,1
LLOC,method,Android-Universal-Image-Loader,0.9,0.5,com.nostra13.universalimageloader.core.display.SimpleBitmapDisplayer,72,0,0,0,1,1,1
LOC,method,Android-Universal-Image-Loader,0.9,0.5,com.nostra13.universalimageloader.core.display.SimpleBitmapDisplayer,72,0,0,0,1,1,1
NOS,method,Android-Universal-Image-Loader,0.9,0.5,com.nostra13.universalimageloader.core.display.SimpleBitmapDisplayer,72,0,0,0,1,1,1
NUMPAR,method,Android-Universal-Image-Loader,0.9,0.5,com.nostra13.universalimageloader.core.display.SimpleBitmapDisplayer,72,0,0,0,1,1,1
TLLOC,method,Android-Universal-Image-Loader,0.9,0.5,com.nostra13.universalimageloader.core.display.SimpleBitmapDisplayer,72,0,0,0,1,1,1
TLOC,method,Android-Universal-Image-Loader,0.9,0.5,com.nostra13.universalimageloader.core.display.SimpleBitmapDisplayer,72,0,0,0,1,1,1
TNOS,method,Android-Universal-Image-Loader,0.9,0.5,com.nostra13.universalimageloader.core.display.SimpleBitmapDisplayer,72,0,0,0,0,0,0
WarningBlocker,method,Android-Universal-Image-Loader,0.9,0.5,com.nostra13.universalimageloader.core.display.SimpleBitmapDisplayer,72,0,0,0,0,0,0
WarningCritical,method,Android-Universal-Image-Loader,0.9,0.5,com.nostra13.universalimageloader.core.display.SimpleBitmapDisplayer,72,0,0,0,0,0,0
WarningInfo,method,Android-Universal-Image-Loader,0.9,0.5,com.nostra13.universalimageloader.core.display.SimpleBitmapDisplayer,72,0,0,0,0,0,0
WarningMajor,method,Android-Universal-Image-Loader,0.9,0.5,com.nostra13.universalimageloader.core.display.SimpleBitmapDisplayer,72,0,0,0,0,0,0
WarningMinor,method,Android-Universal-Image-Loader,0.9,0.5,com.nostra13.universalimageloader.core.display.SimpleBitmapDisplayer,72,0,0,0,0,0,0
Android Rules,method,Android-Universal-Image-Loader,0.9,0.5,com.nostra13.universalimageloader.core.display.SimpleBitmapDisplayer,72,0,0,0,0,0,0
Basic Rules,method,Android-Universal-Image-Loader,0.9,0.5,com.nostra13.universalimageloader.core.display.SimpleBitmapDisplayer,72,0,0,0,0,0,0
Brace Rules,method,Android-Universal-Image-Loader,0.9,0.5,com.nostra13.universalimageloader.core.display.SimpleBitmapDisplayer,72,0,0,0,0,0,0
Clone Implementation Rules,method,Android-Universal-Image-Loader,0.9,0.5,com.nostra13.universalimageloader.core.display.SimpleBitmapDisplayer,72,0,0,0,0,0,0
Code Size Rules,method,Android-Universal-Image-Loader,0.9,0.5,com.nostra13.universalimageloader.core.display.SimpleBitmapDisplayer,72,0,0,0,0,0,0
Comment Rules,method,Android-Universal-Image-Loader,0.9,0.5,com.nostra13.universalimageloader.core.display.SimpleBitmapDisplayer,72,0,0,0,0,0,0
Controversial Rules,method,Android-Universal-Image-Loader,0.9,0.5,com.nostra13.universalimageloader.core.display.SimpleBitmapDisplayer,72,0,0,0,0,0,0
Coupling Rules,method,Android-Universal-Image-Loader,0.9,0.5,com.nostra13.universalimageloader.core.display.SimpleBitmapDisplayer,72,0,0,0,0,0,0
Design Rules,method,Android-Universal-Image-Loader,0.9,0.5,com.nostra13.universalimageloader.core.display.SimpleBitmapDisplayer,72,0,0,0,0,0,0
Empty Code Rules,method,Android-Universal-Image-Loader,0.9,0.5,com.nostra13.universalimageloader.core.display.SimpleBitmapDisplayer,72,0,0,0,0,0,0
Finalizer Rules,method,Android-Universal-Image-Loader,0.9,0.5,com.nostra13.universalimageloader.core.display.SimpleBitmapDisplayer,72,0,0,0,0,0,0
Import Statement Rules,method,Android-Universal-Image-Loader,0.9,0.5,com.nostra13.universalimageloader.core.display.SimpleBitmapDisplayer,72,0,0,0,0,0,0
J2EE Rules,method,Android-Universal-Image-Loader,0.9,0.5,com.nostra13.universalimageloader.core.display.SimpleBitmapDisplayer,72,0,0,0,0,0,0
JUnit Rules,method,Android-Universal-Image-Loader,0.9,0.5,com.nostra13.universalimageloader.core.display.SimpleBitmapDisplayer,72,0,0,0,0,0,0
Jakarta Commons Logging Rules,method,Android-Universal-Image-Loader,0.9,0.5,com.nostra13.universalimageloader.core.display.SimpleBitmapDisplayer,72,0,0,0,0,0,0
Java Logging Rules,method,Android-Universal-Image-Loader,0.9,0.5,com.nostra13.universalimageloader.core.display.SimpleBitmapDisplayer,72,0,0,0,0,0,0
JavaBean Rules,method,Android-Universal-Image-Loader,0.9,0.5,com.nostra13.universalimageloader.core.display.SimpleBitmapDisplayer,72,0,0,0,0,0,0
MigratingToJUnit4 Rules,method,Android-Universal-Image-Loader,0.9,0.5,com.nostra13.universalimageloader.core.display.SimpleBitmapDisplayer,72,0,0,0,0,0,0
Migration Rules,method,Android-Universal-Image-Loader,0.9,0.5,com.nostra13.universalimageloader.core.display.SimpleBitmapDisplayer,72,0,0,0,0,0,0
Migration13 Rules,method,Android-Universal-Image-Loader,0.9,0.5,com.nostra13.universalimageloader.core.display.SimpleBitmapDisplayer,72,0,0,0,0,0,0
Migration14 Rules,method,Android-Universal-Image-Loader,0.9,0.5,com.nostra13.universalimageloader.core.display.SimpleBitmapDisplayer,72,0,0,0,0,0,0
Migration15 Rules,method,Android-Universal-Image-Loader,0.9,0.5,com.nostra13.universalimageloader.core.display.SimpleBitmapDisplayer,72,0,0,0,0,0,0
Naming Rules,method,Android-Universal-Image-Loader,0.9,0.5,com.nostra13.universalimageloader.core.display.SimpleBitmapDisplayer,72,0,0,0,0,0,0
Optimization Rules,method,Android-Universal-Image-Loader,0.9,0.5,com.nostra13.universalimageloader.core.display.SimpleBitmapDisplayer,72,0,0,0,0,0,0
Security Code Guideline Rules,method,Android-Universal-Image-Loader,0.9,0.5,com.nostra13.universalimageloader.core.display.SimpleBitmapDisplayer,72,0,0,0,0,0,0
Strict Exception Rules,method,Android-Universal-Image-Loader,0.9,0.5,com.nostra13.universalimageloader.core.display.SimpleBitmapDisplayer,72,0,0,0,0,0,0
String and StringBuffer Rules,method,Android-Universal-Image-Loader,0.9,0.5,com.nostra13.universalimageloader.core.display.SimpleBitmapDisplayer,72,0,0,0,0,0,0
Type Resolution Rules,method,Android-Universal-Image-Loader,0.9,0.5,com.nostra13.universalimageloader.core.display.SimpleBitmapDisplayer,72,0,0,0,0,0,0
Unnecessary and Unused Code Rules,method,Android-Universal-Image-Loader,0.9,0.5,com.nostra13.universalimageloader.core.display.SimpleBitmapDisplayer,72,0,0,0,0,0,0
Vulnerability Rules,method,Android-Universal-Image-Loader,0.9,0.5,com.nostra13.universalimageloader.core.display.SimpleBitmapDisplayer,72,0,0,0,0,0,0
CC,method,Android-Universal-Image-Loader,0.9,0.5,com.nostra13.universalimageloader.core.download.SlowNetworkImageDownloader,72,0,0,0,1,1,1
CCL,method,Android-Universal-Image-Loader,0.9,0.5,com.nostra13.universalimageloader.core.download.SlowNetworkImageDownloader,72,0,0,0,1,1,1
CCO,method,Android-Universal-Image-Loader,0.9,0.5,com.nostra13.universalimageloader.core.download.SlowNetworkImageDownloader,72,0,0,0,1,1,1
CI,method,Android-Universal-Image-Loader,0.9,0.5,com.nostra13.universalimageloader.core.download.SlowNetworkImageDownloader,72,0,0,0,1,1,1
CLC,method,Android-Universal-Image-Loader,0.9,0.5,com.nostra13.universalimageloader.core.download.SlowNetworkImageDownloader,72,0,0,0,1,1,1
CLLC,method,Android-Universal-Image-Loader,0.9,0.5,com.nostra13.universalimageloader.core.download.SlowNetworkImageDownloader,72,0,0,0,1,1,1
LDC,method,Android-Universal-Image-Loader,0.9,0.5,com.nostra13.universalimageloader.core.download.SlowNetworkImageDownloader,72,0,0,0,1,1,1
LLDC,method,Android-Universal-Image-Loader,0.9,0.5,com.nostra13.universalimageloader.core.download.SlowNetworkImageDownloader,72,0,0,0,1,1,1
HCPL,method,Android-Universal-Image-Loader,0.9,0.5,com.nostra13.universalimageloader.core.download.SlowNetworkImageDownloader,72,0,0,0,1,1,1
HDIF,method,Android-Universal-Image-Loader,0.9,0.5,com.nostra13.universalimageloader.core.download.SlowNetworkImageDownloader,72,0,0,0,1,1,1
HEFF,method,Android-Universal-Image-Loader,0.9,0.5,com.nostra13.universalimageloader.core.download.SlowNetworkImageDownloader,72,0,0,0,1,1,1
HNDB,method,Android-Universal-Image-Loader,0.9,0.5,com.nostra13.universalimageloader.core.download.SlowNetworkImageDownloader,72,0,0,0,1,1,1
HPL,method,Android-Universal-Image-Loader,0.9,0.5,com.nostra13.universalimageloader.core.download.SlowNetworkImageDownloader,72,0,0,0,1,1,1
HPV,method,Android-Universal-Image-Loader,0.9,0.5,com.nostra13.universalimageloader.core.download.SlowNetworkImageDownloader,72,0,0,0,1,1,1
HTRP,method,Android-Universal-Image-Loader,0.9,0.5,com.nostra13.universalimageloader.core.download.SlowNetworkImageDownloader,72,0,0,0,1,1,1
HVOL,method,Android-Universal-Image-Loader,0.9,0.5,com.nostra13.universalimageloader.core.download.SlowNetworkImageDownloader,72,0,0,0,1,1,1
MI,method,Android-Universal-Image-Loader,0.9,0.5,com.nostra13.universalimageloader.core.download.SlowNetworkImageDownloader,72,0,0,0,1,1,1
MIMS,method,Android-Universal-Image-Loader,0.9,0.5,com.nostra13.universalimageloader.core.download.SlowNetworkImageDownloader,72,0,0,0,1,1,1
MISEI,method,Android-Universal-Image-Loader,0.9,0.5,com.nostra13.universalimageloader.core.download.SlowNetworkImageDownloader,72,0,0,0,1,1,1
MISM,method,Android-Universal-Image-Loader,0.9,0.5,com.nostra13.universalimageloader.core.download.SlowNetworkImageDownloader,72,0,0,0,1,1,1
McCC,method,Android-Universal-Image-Loader,0.9,0.5,com.nostra13.universalimageloader.core.download.SlowNetworkImageDownloader,72,0,0,0,1,1,1
NL,method,Android-Universal-Image-Loader,0.9,0.5,com.nostra13.universalimageloader.core.download.SlowNetworkImageDownloader,72,0,0,0,1,1,1
NLE,method,Android-Universal-Image-Loader,0.9,0.5,com.nostra13.universalimageloader.core.download.SlowNetworkImageDownloader,72,0,0,0,1,1,1
NII,method,Android-Universal-Image-Loader,0.9,0.5,com.nostra13.universalimageloader.core.download.SlowNetworkImageDownloader,72,0,0,0,1,1,1
NOI,method,Android-Universal-Image-Loader,0.9,0.5,com.nostra13.universalimageloader.core.download.SlowNetworkImageDownloader,72,0,0,0,1,1,1
CD,method,Android-Universal-Image-Loader,0.9,0.5,com.nostra13.universalimageloader.core.download.SlowNetworkImageDownloader,72,0,0,0,1,1,1
CLOC,method,Android-Universal-Image-Loader,0.9,0.5,com.nostra13.universalimageloader.core.download.SlowNetworkImageDownloader,72,0,0,0,1,1,1
DLOC,method,Android-Universal-Image-Loader,0.9,0.5,com.nostra13.universalimageloader.core.download.SlowNetworkImageDownloader,72,0,0,0,1,1,1
TCD,method,Android-Universal-Image-Loader,0.9,0.5,com.nostra13.universalimageloader.core.download.SlowNetworkImageDownloader,72,0,0,0,1,1,1
TCLOC,method,Android-Universal-Image-Loader,0.9,0.5,com.nostra13.universalimageloader.core.download.SlowNetworkImageDownloader,72,0,0,0,1,1,1
LLOC,method,Android-Universal-Image-Loader,0.9,0.5,com.nostra13.universalimageloader.core.download.SlowNetworkImageDownloader,72,0,0,0,1,1,1
LOC,method,Android-Universal-Image-Loader,0.9,0.5,com.nostra13.universalimageloader.core.download.SlowNetworkImageDownloader,72,0,0,0,1,1,1
NOS,method,Android-Universal-Image-Loader,0.9,0.5,com.nostra13.universalimageloader.core.download.SlowNetworkImageDownloader,72,0,0,0,1,1,1
NUMPAR,method,Android-Universal-Image-Loader,0.9,0.5,com.nostra13.universalimageloader.core.download.SlowNetworkImageDownloader,72,0,0,0,1,1,1
TLLOC,method,Android-Universal-Image-Loader,0.9,0.5,com.nostra13.universalimageloader.core.download.SlowNetworkImageDownloader,72,0,0,0,1,1,1
TLOC,method,Android-Universal-Image-Loader,0.9,0.5,com.nostra13.universalimageloader.core.download.SlowNetworkImageDownloader,72,0,0,0,1,1,1
TNOS,method,Android-Universal-Image-Loader,0.9,0.5,com.nostra13.universalimageloader.core.download.SlowNetworkImageDownloader,72,0,0,0,0,0,0
WarningBlocker,method,Android-Universal-Image-Loader,0.9,0.5,com.nostra13.universalimageloader.core.download.SlowNetworkImageDownloader,72,0,0,0,0,0,0
WarningCritical,method,Android-Universal-Image-Loader,0.9,0.5,com.nostra13.universalimageloader.core.download.SlowNetworkImageDownloader,72,0,0,0,0,0,0
WarningInfo,method,Android-Universal-Image-Loader,0.9,0.5,com.nostra13.universalimageloader.core.download.SlowNetworkImageDownloader,72,0,0,0,0,0,0
WarningMajor,method,Android-Universal-Image-Loader,0.9,0.5,com.nostra13.universalimageloader.core.download.SlowNetworkImageDownloader,72,0,0,0,0,0,0
WarningMinor,method,Android-Universal-Image-Loader,0.9,0.5,com.nostra13.universalimageloader.core.download.SlowNetworkImageDownloader,72,0,0,0,0,0,0
Android Rules,method,Android-Universal-Image-Loader,0.9,0.5,com.nostra13.universalimageloader.core.download.SlowNetworkImageDownloader,72,0,0,0,0,0,0
Basic Rules,method,Android-Universal-Image-Loader,0.9,0.5,com.nostra13.universalimageloader.core.download.SlowNetworkImageDownloader,72,0,0,0,0,0,0
Brace Rules,method,Android-Universal-Image-Loader,0.9,0.5,com.nostra13.universalimageloader.core.download.SlowNetworkImageDownloader,72,0,0,0,0,0,0
Clone Implementation Rules,method,Android-Universal-Image-Loader,0.9,0.5,com.nostra13.universalimageloader.core.download.SlowNetworkImageDownloader,72,0,0,0,0,0,0
Code Size Rules,method,Android-Universal-Image-Loader,0.9,0.5,com.nostra13.universalimageloader.core.download.SlowNetworkImageDownloader,72,0,0,0,0,0,0
Comment Rules,method,Android-Universal-Image-Loader,0.9,0.5,com.nostra13.universalimageloader.core.download.SlowNetworkImageDownloader,72,0,0,0,0,0,0
Controversial Rules,method,Android-Universal-Image-Loader,0.9,0.5,com.nostra13.universalimageloader.core.download.SlowNetworkImageDownloader,72,0,0,0,0,0,0
Coupling Rules,method,Android-Universal-Image-Loader,0.9,0.5,com.nostra13.universalimageloader.core.download.SlowNetworkImageDownloader,72,0,0,0,0,0,0
Design Rules,method,Android-Universal-Image-Loader,0.9,0.5,com.nostra13.universalimageloader.core.download.SlowNetworkImageDownloader,72,0,0,0,0,0,0
Empty Code Rules,method,Android-Universal-Image-Loader,0.9,0.5,com.nostra13.universalimageloader.core.download.SlowNetworkImageDownloader,72,0,0,0,0,0,0
Finalizer Rules,method,Android-Universal-Image-Loader,0.9,0.5,com.nostra13.universalimageloader.core.download.SlowNetworkImageDownloader,72,0,0,0,0,0,0
Import Statement Rules,method,Android-Universal-Image-Loader,0.9,0.5,com.nostra13.universalimageloader.core.download.SlowNetworkImageDownloader,72,0,0,0,0,0,0
J2EE Rules,method,Android-Universal-Image-Loader,0.9,0.5,com.nostra13.universalimageloader.core.download.SlowNetworkImageDownloader,72,0,0,0,0,0,0
JUnit Rules,method,Android-Universal-Image-Loader,0.9,0.5,com.nostra13.universalimageloader.core.download.SlowNetworkImageDownloader,72,0,0,0,0,0,0
Jakarta Commons Logging Rules,method,Android-Universal-Image-Loader,0.9,0.5,com.nostra13.universalimageloader.core.download.SlowNetworkImageDownloader,72,0,0,0,0,0,0
Java Logging Rules,method,Android-Universal-Image-Loader,0.9,0.5,com.nostra13.universalimageloader.core.download.SlowNetworkImageDownloader,72,0,0,0,0,0,0
JavaBean Rules,method,Android-Universal-Image-Loader,0.9,0.5,com.nostra13.universalimageloader.core.download.SlowNetworkImageDownloader,72,0,0,0,0,0,0
MigratingToJUnit4 Rules,method,Android-Universal-Image-Loader,0.9,0.5,com.nostra13.universalimageloader.core.download.SlowNetworkImageDownloader,72,0,0,0,0,0,0
Migration Rules,method,Android-Universal-Image-Loader,0.9,0.5,com.nostra13.universalimageloader.core.download.SlowNetworkImageDownloader,72,0,0,0,0,0,0
Migration13 Rules,method,Android-Universal-Image-Loader,0.9,0.5,com.nostra13.universalimageloader.core.download.SlowNetworkImageDownloader,72,0,0,0,0,0,0
Migration14 Rules,method,Android-Universal-Image-Loader,0.9,0.5,com.nostra13.universalimageloader.core.download.SlowNetworkImageDownloader,72,0,0,0,0,0,0
Migration15 Rules,method,Android-Universal-Image-Loader,0.9,0.5,com.nostra13.universalimageloader.core.download.SlowNetworkImageDownloader,72,0,0,0,0,0,0
Naming Rules,method,Android-Universal-Image-Loader,0.9,0.5,com.nostra13.universalimageloader.core.download.SlowNetworkImageDownloader,72,0,0,0,0,0,0
Optimization Rules,method,Android-Universal-Image-Loader,0.9,0.5,com.nostra13.universalimageloader.core.download.SlowNetworkImageDownloader,72,0,0,0,0,0,0
Security Code Guideline Rules,method,Android-Universal-Image-Loader,0.9,0.5,com.nostra13.universalimageloader.core.download.SlowNetworkImageDownloader,72,0,0,0,0,0,0
Strict Exception Rules,method,Android-Universal-Image-Loader,0.9,0.5,com.nostra13.universalimageloader.core.download.SlowNetworkImageDownloader,72,0,0,0,0,0,0
String and StringBuffer Rules,method,Android-Universal-Image-Loader,0.9,0.5,com.nostra13.universalimageloader.core.download.SlowNetworkImageDownloader,72,0,0,0,0,0,0
Type Resolution Rules,method,Android-Universal-Image-Loader,0.9,0.5,com.nostra13.universalimageloader.core.download.SlowNetworkImageDownloader,72,0,0,0,0,0,0
Unnecessary and Unused Code Rules,method,Android-Universal-Image-Loader,0.9,0.5,com.nostra13.universalimageloader.core.download.SlowNetworkImageDownloader,72,0,0,0,0,0,0
Vulnerability Rules,method,Android-Universal-Image-Loader,0.9,0.5,com.nostra13.universalimageloader.core.download.SlowNetworkImageDownloader,72,0,0,0,0,0,0
CC,method,Android-Universal-Image-Loader,0.9,0.5,com.nostra13.universalimageloader.core.ImageLoaderEngine$1,72,0,0,0,1,1,1
CCL,method,Android-Universal-Image-Loader,0.9,0.5,com.nostra13.universalimageloader.core.ImageLoaderEngine$1,72,0,0,0,1,1,1
CCO,method,Android-Universal-Image-Loader,0.9,0.5,com.nostra13.universalimageloader.core.ImageLoaderEngine$1,72,0,0,0,1,1,1
CI,method,Android-Universal-Image-Loader,0.9,0.5,com.nostra13.universalimageloader.core.ImageLoaderEngine$1,72,0,0,0,1,1,1
CLC,method,Android-Universal-Image-Loader,0.9,0.5,com.nostra13.universalimageloader.core.ImageLoaderEngine$1,72,0,0,0,1,1,1
CLLC,method,Android-Universal-Image-Loader,0.9,0.5,com.nostra13.universalimageloader.core.ImageLoaderEngine$1,72,0,0,0,1,1,1
LDC,method,Android-Universal-Image-Loader,0.9,0.5,com.nostra13.universalimageloader.core.ImageLoaderEngine$1,72,0,0,0,1,1,1
LLDC,method,Android-Universal-Image-Loader,0.9,0.5,com.nostra13.universalimageloader.core.ImageLoaderEngine$1,72,0,0,0,1,1,1
HCPL,method,Android-Universal-Image-Loader,0.9,0.5,com.nostra13.universalimageloader.core.ImageLoaderEngine$1,72,0,0,0,1,1,1
HDIF,method,Android-Universal-Image-Loader,0.9,0.5,com.nostra13.universalimageloader.core.ImageLoaderEngine$1,72,0,0,0,1,1,1
HEFF,method,Android-Universal-Image-Loader,0.9,0.5,com.nostra13.universalimageloader.core.ImageLoaderEngine$1,72,0,0,0,1,1,1
HNDB,method,Android-Universal-Image-Loader,0.9,0.5,com.nostra13.universalimageloader.core.ImageLoaderEngine$1,72,0,0,0,1,1,1
HPL,method,Android-Universal-Image-Loader,0.9,0.5,com.nostra13.universalimageloader.core.ImageLoaderEngine$1,72,0,0,0,1,1,1
HPV,method,Android-Universal-Image-Loader,0.9,0.5,com.nostra13.universalimageloader.core.ImageLoaderEngine$1,72,0,0,0,1,1,1
HTRP,method,Android-Universal-Image-Loader,0.9,0.5,com.nostra13.universalimageloader.core.ImageLoaderEngine$1,72,0,0,0,1,1,1
HVOL,method,Android-Universal-Image-Loader,0.9,0.5,com.nostra13.universalimageloader.core.ImageLoaderEngine$1,72,0,0,0,1,1,1
MI,method,Android-Universal-Image-Loader,0.9,0.5,com.nostra13.universalimageloader.core.ImageLoaderEngine$1,72,0,0,0,1,1,1
MIMS,method,Android-Universal-Image-Loader,0.9,0.5,com.nostra13.universalimageloader.core.ImageLoaderEngine$1,72,0,0,0,1,1,1
MISEI,method,Android-Universal-Image-Loader,0.9,0.5,com.nostra13.universalimageloader.core.ImageLoaderEngine$1,72,0,0,0,1,1,1
MISM,method,Android-Universal-Image-Loader,0.9,0.5,com.nostra13.universalimageloader.core.ImageLoaderEngine$1,72,0,0,0,1,1,1
McCC,method,Android-Universal-Image-Loader,0.9,0.5,com.nostra13.universalimageloader.core.ImageLoaderEngine$1,72,0,0,0,1,1,1
NL,method,Android-Universal-Image-Loader,0.9,0.5,com.nostra13.universalimageloader.core.ImageLoaderEngine$1,72,0,0,0,1,1,1
NLE,method,Android-Universal-Image-Loader,0.9,0.5,com.nostra13.universalimageloader.core.ImageLoaderEngine$1,72,0,0,0,1,1,1
NII,method,Android-Universal-Image-Loader,0.9,0.5,com.nostra13.universalimageloader.core.ImageLoaderEngine$1,72,0,0,0,1,1,1
NOI,method,Android-Universal-Image-Loader,0.9,0.5,com.nostra13.universalimageloader.core.ImageLoaderEngine$1,72,0,0,0,1,1,1
CD,method,Android-Universal-Image-Loader,0.9,0.5,com.nostra13.universalimageloader.core.ImageLoaderEngine$1,72,0,0,0,1,1,1
CLOC,method,Android-Universal-Image-Loader,0.9,0.5,com.nostra13.universalimageloader.core.ImageLoaderEngine$1,72,0,0,0,1,1,1
DLOC,method,Android-Universal-Image-Loader,0.9,0.5,com.nostra13.universalimageloader.core.ImageLoaderEngine$1,72,0,0,0,1,1,1
TCD,method,Android-Universal-Image-Loader,0.9,0.5,com.nostra13.universalimageloader.core.ImageLoaderEngine$1,72,0,0,0,1,1,1
TCLOC,method,Android-Universal-Image-Loader,0.9,0.5,com.nostra13.universalimageloader.core.ImageLoaderEngine$1,72,0,0,0,1,1,1
LLOC,method,Android-Universal-Image-Loader,0.9,0.5,com.nostra13.universalimageloader.core.ImageLoaderEngine$1,72,0,0,0,1,1,1
LOC,method,Android-Universal-Image-Loader,0.9,0.5,com.nostra13.universalimageloader.core.ImageLoaderEngine$1,72,0,0,0,1,1,1
NOS,method,Android-Universal-Image-Loader,0.9,0.5,com.nostra13.universalimageloader.core.ImageLoaderEngine$1,72,0,0,0,1,1,1
NUMPAR,method,Android-Universal-Image-Loader,0.9,0.5,com.nostra13.universalimageloader.core.ImageLoaderEngine$1,72,0,0,0,1,1,1
TLLOC,method,Android-Universal-Image-Loader,0.9,0.5,com.nostra13.universalimageloader.core.ImageLoaderEngine$1,72,0,0,0,1,1,1
TLOC,method,Android-Universal-Image-Loader,0.9,0.5,com.nostra13.universalimageloader.core.ImageLoaderEngine$1,72,0,0,0,1,1,1
TNOS,method,Android-Universal-Image-Loader,0.9,0.5,com.nostra13.universalimageloader.core.ImageLoaderEngine$1,72,0,0,0,0,0,0
WarningBlocker,method,Android-Universal-Image-Loader,0.9,0.5,com.nostra13.universalimageloader.core.ImageLoaderEngine$1,72,0,0,0,0,0,0
WarningCritical,method,Android-Universal-Image-Loader,0.9,0.5,com.nostra13.universalimageloader.core.ImageLoaderEngine$1,72,0,0,0,0,0,0
WarningInfo,method,Android-Universal-Image-Loader,0.9,0.5,com.nostra13.universalimageloader.core.ImageLoaderEngine$1,72,0,0,0,0,0,0
WarningMajor,method,Android-Universal-Image-Loader,0.9,0.5,com.nostra13.universalimageloader.core.ImageLoaderEngine$1,72,0,0,0,0,0,0
WarningMinor,method,Android-Universal-Image-Loader,0.9,0.5,com.nostra13.universalimageloader.core.ImageLoaderEngine$1,72,0,0,0,0,0,0
Android Rules,method,Android-Universal-Image-Loader,0.9,0.5,com.nostra13.universalimageloader.core.ImageLoaderEngine$1,72,0,0,0,0,0,0
Basic Rules,method,Android-Universal-Image-Loader,0.9,0.5,com.nostra13.universalimageloader.core.ImageLoaderEngine$1,72,0,0,0,0,0,0
Brace Rules,method,Android-Universal-Image-Loader,0.9,0.5,com.nostra13.universalimageloader.core.ImageLoaderEngine$1,72,0,0,0,0,0,0
Clone Implementation Rules,method,Android-Universal-Image-Loader,0.9,0.5,com.nostra13.universalimageloader.core.ImageLoaderEngine$1,72,0,0,0,0,0,0
Code Size Rules,method,Android-Universal-Image-Loader,0.9,0.5,com.nostra13.universalimageloader.core.ImageLoaderEngine$1,72,0,0,0,0,0,0
Comment Rules,method,Android-Universal-Image-Loader,0.9,0.5,com.nostra13.universalimageloader.core.ImageLoaderEngine$1,72,0,0,0,0,0,0
Controversial Rules,method,Android-Universal-Image-Loader,0.9,0.5,com.nostra13.universalimageloader.core.ImageLoaderEngine$1,72,0,0,0,0,0,0
Coupling Rules,method,Android-Universal-Image-Loader,0.9,0.5,com.nostra13.universalimageloader.core.ImageLoaderEngine$1,72,0,0,0,0,0,0
Design Rules,method,Android-Universal-Image-Loader,0.9,0.5,com.nostra13.universalimageloader.core.ImageLoaderEngine$1,72,0,0,0,0,0,0
Empty Code Rules,method,Android-Universal-Image-Loader,0.9,0.5,com.nostra13.universalimageloader.core.ImageLoaderEngine$1,72,0,0,0,0,0,0
Finalizer Rules,method,Android-Universal-Image-Loader,0.9,0.5,com.nostra13.universalimageloader.core.ImageLoaderEngine$1,72,0,0,0,0,0,0
Import Statement Rules,method,Android-Universal-Image-Loader,0.9,0.5,com.nostra13.universalimageloader.core.ImageLoaderEngine$1,72,0,0,0,0,0,0
J2EE Rules,method,Android-Universal-Image-Loader,0.9,0.5,com.nostra13.universalimageloader.core.ImageLoaderEngine$1,72,0,0,0,0,0,0
JUnit Rules,method,Android-Universal-Image-Loader,0.9,0.5,com.nostra13.universalimageloader.core.ImageLoaderEngine$1,72,0,0,0,0,0,0
Jakarta Commons Logging Rules,method,Android-Universal-Image-Loader,0.9,0.5,com.nostra13.universalimageloader.core.ImageLoaderEngine$1,72,0,0,0,0,0,0
Java Logging Rules,method,Android-Universal-Image-Loader,0.9,0.5,com.nostra13.universalimageloader.core.ImageLoaderEngine$1,72,0,0,0,0,0,0
JavaBean Rules,method,Android-Universal-Image-Loader,0.9,0.5,com.nostra13.universalimageloader.core.ImageLoaderEngine$1,72,0,0,0,0,0,0
MigratingToJUnit4 Rules,method,Android-Universal-Image-Loader,0.9,0.5,com.nostra13.universalimageloader.core.ImageLoaderEngine$1,72,0,0,0,0,0,0
Migration Rules,method,Android-Universal-Image-Loader,0.9,0.5,com.nostra13.universalimageloader.core.ImageLoaderEngine$1,72,0,0,0,0,0,0
Migration13 Rules,method,Android-Universal-Image-Loader,0.9,0.5,com.nostra13.universalimageloader.core.ImageLoaderEngine$1,72,0,0,0,0,0,0
Migration14 Rules,method,Android-Universal-Image-Loader,0.9,0.5,com.nostra13.universalimageloader.core.ImageLoaderEngine$1,72,0,0,0,0,0,0
Migration15 Rules,method,Android-Universal-Image-Loader,0.9,0.5,com.nostra13.universalimageloader.core.ImageLoaderEngine$1,72,0,0,0,0,0,0
Naming Rules,method,Android-Universal-Image-Loader,0.9,0.5,com.nostra13.universalimageloader.core.ImageLoaderEngine$1,72,0,0,0,0,0,0
Optimization Rules,method,Android-Universal-Image-Loader,0.9,0.5,com.nostra13.universalimageloader.core.ImageLoaderEngine$1,72,0,0,0,0,0,0
Security Code Guideline Rules,method,Android-Universal-Image-Loader,0.9,0.5,com.nostra13.universalimageloader.core.ImageLoaderEngine$1,72,0,0,0,0,0,0
Strict Exception Rules,method,Android-Universal-Image-Loader,0.9,0.5,com.nostra13.universalimageloader.core.ImageLoaderEngine$1,72,0,0,0,0,0,0
String and StringBuffer Rules,method,Android-Universal-Image-Loader,0.9,0.5,com.nostra13.universalimageloader.core.ImageLoaderEngine$1,72,0,0,0,0,0,0
Type Resolution Rules,method,Android-Universal-Image-Loader,0.9,0.5,com.nostra13.universalimageloader.core.ImageLoaderEngine$1,72,0,0,0,0,0,0
Unnecessary and Unused Code Rules,method,Android-Universal-Image-Loader,0.9,0.5,com.nostra13.universalimageloader.core.ImageLoaderEngine$1,72,0,0,0,0,0,0
Vulnerability Rules,method,Android-Universal-Image-Loader,0.9,0.5,com.nostra13.universalimageloader.core.ImageLoaderEngine$1,72,0,0,0,0,0,0
