metric,level_measure,project,b,rank,pack,count_pack,cs_su,ig_su,rf_su,cs_cos,ig_cos,rf_cos
CC,class,antlr4,0.9,0.5,org.antlr.v4.semantics,2090,1,1,0,1,1,0
CCL,class,antlr4,0.9,0.5,org.antlr.v4.semantics,2090,1,1,0,1,1,0
CCO,class,antlr4,0.9,0.5,org.antlr.v4.semantics,2090,1,1,0,1,1,0
CI,class,antlr4,0.9,0.5,org.antlr.v4.semantics,2090,1,1,0,1,1,0
CLC,class,antlr4,0.9,0.5,org.antlr.v4.semantics,2090,1,1,0,1,1,0
CLLC,class,antlr4,0.9,0.5,org.antlr.v4.semantics,2090,1,1,0,1,1,0
LDC,class,antlr4,0.9,0.5,org.antlr.v4.semantics,2090,1,1,0,1,1,0
LLDC,class,antlr4,0.9,0.5,org.antlr.v4.semantics,2090,1,1,0,1,1,0
LCOM5,class,antlr4,0.9,0.5,org.antlr.v4.semantics,2090,0,0,0,1,1,1
NL,class,antlr4,0.9,0.5,org.antlr.v4.semantics,2090,1,1,1,1,1,1
NLE,class,antlr4,0.9,0.5,org.antlr.v4.semantics,2090,1,1,1,1,1,1
WMC,class,antlr4,0.9,0.5,org.antlr.v4.semantics,2090,1,1,1,1,1,1
CBO,class,antlr4,0.9,0.5,org.antlr.v4.semantics,2090,0,0,0,1,1,1
CBOI,class,antlr4,0.9,0.5,org.antlr.v4.semantics,2090,0,0,0,1,1,1
NII,class,antlr4,0.9,0.5,org.antlr.v4.semantics,2090,0,0,0,1,1,1
NOI,class,antlr4,0.9,0.5,org.antlr.v4.semantics,2090,0,0,0,1,1,1
RFC,class,antlr4,0.9,0.5,org.antlr.v4.semantics,2090,1,1,1,1,1,1
AD,class,antlr4,0.9,0.5,org.antlr.v4.semantics,2090,1,1,1,1,1,1
CD,class,antlr4,0.9,0.5,org.antlr.v4.semantics,2090,1,1,1,1,1,1
CLOC,class,antlr4,0.9,0.5,org.antlr.v4.semantics,2090,1,1,1,1,1,1
DLOC,class,antlr4,0.9,0.5,org.antlr.v4.semantics,2090,0,0,1,1,1,1
PDA,class,antlr4,0.9,0.5,org.antlr.v4.semantics,2090,0,0,0,1,1,1
PUA,class,antlr4,0.9,0.5,org.antlr.v4.semantics,2090,1,1,1,1,1,1
TCD,class,antlr4,0.9,0.5,org.antlr.v4.semantics,2090,1,1,1,1,1,1
TCLOC,class,antlr4,0.9,0.5,org.antlr.v4.semantics,2090,1,1,1,1,1,1
DIT,class,antlr4,0.9,0.5,org.antlr.v4.semantics,2090,0,0,0,1,1,0
NOA,class,antlr4,0.9,0.5,org.antlr.v4.semantics,2090,0,0,0,1,1,0
NOC,class,antlr4,0.9,0.5,org.antlr.v4.semantics,2090,0,0,0,1,1,0
NOD,class,antlr4,0.9,0.5,org.antlr.v4.semantics,2090,0,0,0,1,1,0
NOP,class,antlr4,0.9,0.5,org.antlr.v4.semantics,2090,0,0,0,1,1,0
LLOC,class,antlr4,0.9,0.5,org.antlr.v4.semantics,2090,1,1,1,1,1,1
LOC,class,antlr4,0.9,0.5,org.antlr.v4.semantics,2090,1,1,1,1,1,1
NA,class,antlr4,0.9,0.5,org.antlr.v4.semantics,2090,1,1,1,1,1,1
NG,class,antlr4,0.9,0.5,org.antlr.v4.semantics,2090,1,1,0,1,1,0
NLA,class,antlr4,0.9,0.5,org.antlr.v4.semantics,2090,1,1,1,1,1,1
NLG,class,antlr4,0.9,0.5,org.antlr.v4.semantics,2090,1,1,0,1,1,0
NLM,class,antlr4,0.9,0.5,org.antlr.v4.semantics,2090,1,1,1,1,1,1
NLPA,class,antlr4,0.9,0.5,org.antlr.v4.semantics,2090,1,1,1,1,1,1
NLPM,class,antlr4,0.9,0.5,org.antlr.v4.semantics,2090,1,1,1,1,1,1
NLS,class,antlr4,0.9,0.5,org.antlr.v4.semantics,2090,1,1,0,1,1,0
NM,class,antlr4,0.9,0.5,org.antlr.v4.semantics,2090,1,1,1,1,1,1
NOS,class,antlr4,0.9,0.5,org.antlr.v4.semantics,2090,1,1,1,1,1,1
NPA,class,antlr4,0.9,0.5,org.antlr.v4.semantics,2090,1,1,1,1,1,1
NPM,class,antlr4,0.9,0.5,org.antlr.v4.semantics,2090,1,1,1,1,1,1
NS,class,antlr4,0.9,0.5,org.antlr.v4.semantics,2090,1,1,0,1,1,0
TLLOC,class,antlr4,0.9,0.5,org.antlr.v4.semantics,2090,1,1,1,1,1,1
TLOC,class,antlr4,0.9,0.5,org.antlr.v4.semantics,2090,1,1,1,1,1,1
TNA,class,antlr4,0.9,0.5,org.antlr.v4.semantics,2090,0,0,1,0,0,1
TNG,class,antlr4,0.9,0.5,org.antlr.v4.semantics,2090,0,0,0,0,0,0
TNLA,class,antlr4,0.9,0.5,org.antlr.v4.semantics,2090,0,0,1,0,0,1
TNLG,class,antlr4,0.9,0.5,org.antlr.v4.semantics,2090,0,0,0,0,0,0
TNLM,class,antlr4,0.9,0.5,org.antlr.v4.semantics,2090,0,0,1,0,0,1
TNLPA,class,antlr4,0.9,0.5,org.antlr.v4.semantics,2090,0,0,1,0,0,1
TNLPM,class,antlr4,0.9,0.5,org.antlr.v4.semantics,2090,0,0,1,0,0,1
TNLS,class,antlr4,0.9,0.5,org.antlr.v4.semantics,2090,0,0,0,0,0,0
TNM,class,antlr4,0.9,0.5,org.antlr.v4.semantics,2090,0,0,1,0,0,1
TNOS,class,antlr4,0.9,0.5,org.antlr.v4.semantics,2090,0,0,1,0,0,1
TNPA,class,antlr4,0.9,0.5,org.antlr.v4.semantics,2090,0,0,1,0,0,1
TNPM,class,antlr4,0.9,0.5,org.antlr.v4.semantics,2090,0,0,1,0,0,1
TNS,class,antlr4,0.9,0.5,org.antlr.v4.semantics,2090,0,0,0,0,0,0
WarningBlocker,class,antlr4,0.9,0.5,org.antlr.v4.semantics,2090,0,0,0,0,0,0
WarningCritical,class,antlr4,0.9,0.5,org.antlr.v4.semantics,2090,0,0,0,0,0,1
WarningInfo,class,antlr4,0.9,0.5,org.antlr.v4.semantics,2090,0,0,0,0,0,0
WarningMajor,class,antlr4,0.9,0.5,org.antlr.v4.semantics,2090,0,0,0,0,0,1
WarningMinor,class,antlr4,0.9,0.5,org.antlr.v4.semantics,2090,0,0,1,0,0,1
Android Rules,class,antlr4,0.9,0.5,org.antlr.v4.semantics,2090,0,0,0,0,0,0
Basic Rules,class,antlr4,0.9,0.5,org.antlr.v4.semantics,2090,0,0,0,0,0,0
Brace Rules,class,antlr4,0.9,0.5,org.antlr.v4.semantics,2090,0,0,0,0,0,1
Clone Implementation Rules,class,antlr4,0.9,0.5,org.antlr.v4.semantics,2090,0,0,0,0,0,0
Code Size Rules,class,antlr4,0.9,0.5,org.antlr.v4.semantics,2090,0,0,0,0,0,0
Comment Rules,class,antlr4,0.9,0.5,org.antlr.v4.semantics,2090,0,0,0,0,0,0
Controversial Rules,class,antlr4,0.9,0.5,org.antlr.v4.semantics,2090,0,0,1,0,0,1
Coupling Rules,class,antlr4,0.9,0.5,org.antlr.v4.semantics,2090,0,0,0,0,0,0
Design Rules,class,antlr4,0.9,0.5,org.antlr.v4.semantics,2090,0,0,1,0,0,1
Empty Code Rules,class,antlr4,0.9,0.5,org.antlr.v4.semantics,2090,0,0,0,0,0,0
Finalizer Rules,class,antlr4,0.9,0.5,org.antlr.v4.semantics,2090,0,0,0,0,0,0
Import Statement Rules,class,antlr4,0.9,0.5,org.antlr.v4.semantics,2090,0,0,0,0,0,0
J2EE Rules,class,antlr4,0.9,0.5,org.antlr.v4.semantics,2090,0,0,0,0,0,0
JUnit Rules,class,antlr4,0.9,0.5,org.antlr.v4.semantics,2090,0,0,0,0,0,0
Jakarta Commons Logging Rules,class,antlr4,0.9,0.5,org.antlr.v4.semantics,2090,0,0,0,0,0,0
Java Logging Rules,class,antlr4,0.9,0.5,org.antlr.v4.semantics,2090,0,0,0,0,0,0
JavaBean Rules,class,antlr4,0.9,0.5,org.antlr.v4.semantics,2090,0,0,0,0,0,0
MigratingToJUnit4 Rules,class,antlr4,0.9,0.5,org.antlr.v4.semantics,2090,0,0,0,0,0,0
Migration Rules,class,antlr4,0.9,0.5,org.antlr.v4.semantics,2090,0,0,0,0,0,0
Migration13 Rules,class,antlr4,0.9,0.5,org.antlr.v4.semantics,2090,0,0,0,0,0,0
Migration14 Rules,class,antlr4,0.9,0.5,org.antlr.v4.semantics,2090,0,0,0,0,0,0
Migration15 Rules,class,antlr4,0.9,0.5,org.antlr.v4.semantics,2090,0,0,0,0,0,0
Naming Rules,class,antlr4,0.9,0.5,org.antlr.v4.semantics,2090,0,0,1,0,0,1
Optimization Rules,class,antlr4,0.9,0.5,org.antlr.v4.semantics,2090,0,0,0,0,0,0
Security Code Guideline Rules,class,antlr4,0.9,0.5,org.antlr.v4.semantics,2090,0,0,0,0,0,0
Strict Exception Rules,class,antlr4,0.9,0.5,org.antlr.v4.semantics,2090,0,0,0,0,0,0
String and StringBuffer Rules,class,antlr4,0.9,0.5,org.antlr.v4.semantics,2090,0,0,0,0,0,0
Type Resolution Rules,class,antlr4,0.9,0.5,org.antlr.v4.semantics,2090,0,0,0,0,0,0
Unnecessary and Unused Code Rules,class,antlr4,0.9,0.5,org.antlr.v4.semantics,2090,0,0,0,0,0,0
Vulnerability Rules,class,antlr4,0.9,0.5,org.antlr.v4.semantics,2090,0,0,0,0,0,0
CC,class,antlr4,0.9,0.5,org.antlr.v4.test.tool,4465,1,1,1,1,1,1
CCL,class,antlr4,0.9,0.5,org.antlr.v4.test.tool,4465,1,1,1,1,1,1
CCO,class,antlr4,0.9,0.5,org.antlr.v4.test.tool,4465,1,1,1,1,1,1
CI,class,antlr4,0.9,0.5,org.antlr.v4.test.tool,4465,1,1,1,0,0,0
CLC,class,antlr4,0.9,0.5,org.antlr.v4.test.tool,4465,1,1,1,1,1,1
CLLC,class,antlr4,0.9,0.5,org.antlr.v4.test.tool,4465,1,1,1,1,1,1
LDC,class,antlr4,0.9,0.5,org.antlr.v4.test.tool,4465,1,1,1,1,1,1
LLDC,class,antlr4,0.9,0.5,org.antlr.v4.test.tool,4465,1,1,1,1,1,1
LCOM5,class,antlr4,0.9,0.5,org.antlr.v4.test.tool,4465,0,0,0,1,1,1
NL,class,antlr4,0.9,0.5,org.antlr.v4.test.tool,4465,1,1,0,1,1,0
NLE,class,antlr4,0.9,0.5,org.antlr.v4.test.tool,4465,1,1,0,1,1,0
WMC,class,antlr4,0.9,0.5,org.antlr.v4.test.tool,4465,1,1,1,1,1,1
CBO,class,antlr4,0.9,0.5,org.antlr.v4.test.tool,4465,0,0,0,1,1,1
CBOI,class,antlr4,0.9,0.5,org.antlr.v4.test.tool,4465,1,1,0,1,1,0
NII,class,antlr4,0.9,0.5,org.antlr.v4.test.tool,4465,1,1,0,1,1,0
NOI,class,antlr4,0.9,0.5,org.antlr.v4.test.tool,4465,0,0,0,1,1,1
RFC,class,antlr4,0.9,0.5,org.antlr.v4.test.tool,4465,1,1,1,1,1,1
AD,class,antlr4,0.9,0.5,org.antlr.v4.test.tool,4465,1,1,1,0,0,0
CD,class,antlr4,0.9,0.5,org.antlr.v4.test.tool,4465,1,1,1,1,1,1
CLOC,class,antlr4,0.9,0.5,org.antlr.v4.test.tool,4465,1,1,1,1,1,1
DLOC,class,antlr4,0.9,0.5,org.antlr.v4.test.tool,4465,0,0,0,1,1,1
PDA,class,antlr4,0.9,0.5,org.antlr.v4.test.tool,4465,0,0,0,0,0,0
PUA,class,antlr4,0.9,0.5,org.antlr.v4.test.tool,4465,0,0,0,1,1,1
TCD,class,antlr4,0.9,0.5,org.antlr.v4.test.tool,4465,1,1,1,1,1,1
TCLOC,class,antlr4,0.9,0.5,org.antlr.v4.test.tool,4465,1,1,1,1,1,1
DIT,class,antlr4,0.9,0.5,org.antlr.v4.test.tool,4465,1,1,0,1,1,0
NOA,class,antlr4,0.9,0.5,org.antlr.v4.test.tool,4465,1,1,0,1,1,0
NOC,class,antlr4,0.9,0.5,org.antlr.v4.test.tool,4465,1,1,0,1,1,0
NOD,class,antlr4,0.9,0.5,org.antlr.v4.test.tool,4465,1,1,0,1,1,0
NOP,class,antlr4,0.9,0.5,org.antlr.v4.test.tool,4465,0,0,0,0,0,0
LLOC,class,antlr4,0.9,0.5,org.antlr.v4.test.tool,4465,1,1,1,1,1,1
LOC,class,antlr4,0.9,0.5,org.antlr.v4.test.tool,4465,1,1,1,1,1,1
NA,class,antlr4,0.9,0.5,org.antlr.v4.test.tool,4465,0,0,1,1,1,1
NG,class,antlr4,0.9,0.5,org.antlr.v4.test.tool,4465,0,0,1,1,1,0
NLA,class,antlr4,0.9,0.5,org.antlr.v4.test.tool,4465,0,0,0,1,1,0
NLG,class,antlr4,0.9,0.5,org.antlr.v4.test.tool,4465,0,0,0,0,0,0
NLM,class,antlr4,0.9,0.5,org.antlr.v4.test.tool,4465,1,1,1,1,1,1
NLPA,class,antlr4,0.9,0.5,org.antlr.v4.test.tool,4465,1,1,0,1,1,0
NLPM,class,antlr4,0.9,0.5,org.antlr.v4.test.tool,4465,1,1,1,1,1,1
NLS,class,antlr4,0.9,0.5,org.antlr.v4.test.tool,4465,0,0,0,0,0,0
NM,class,antlr4,0.9,0.5,org.antlr.v4.test.tool,4465,1,1,1,1,1,1
NOS,class,antlr4,0.9,0.5,org.antlr.v4.test.tool,4465,1,1,1,1,1,1
NPA,class,antlr4,0.9,0.5,org.antlr.v4.test.tool,4465,0,0,0,1,1,0
NPM,class,antlr4,0.9,0.5,org.antlr.v4.test.tool,4465,1,1,1,1,1,1
NS,class,antlr4,0.9,0.5,org.antlr.v4.test.tool,4465,0,0,0,0,0,0
TLLOC,class,antlr4,0.9,0.5,org.antlr.v4.test.tool,4465,1,1,1,1,1,1
TLOC,class,antlr4,0.9,0.5,org.antlr.v4.test.tool,4465,1,1,1,1,1,1
TNA,class,antlr4,0.9,0.5,org.antlr.v4.test.tool,4465,0,0,1,0,0,1
TNG,class,antlr4,0.9,0.5,org.antlr.v4.test.tool,4465,0,0,1,0,0,0
TNLA,class,antlr4,0.9,0.5,org.antlr.v4.test.tool,4465,0,0,0,0,0,1
TNLG,class,antlr4,0.9,0.5,org.antlr.v4.test.tool,4465,0,0,0,0,0,0
TNLM,class,antlr4,0.9,0.5,org.antlr.v4.test.tool,4465,0,0,1,0,0,1
TNLPA,class,antlr4,0.9,0.5,org.antlr.v4.test.tool,4465,0,0,0,0,0,0
TNLPM,class,antlr4,0.9,0.5,org.antlr.v4.test.tool,4465,0,0,1,0,0,1
TNLS,class,antlr4,0.9,0.5,org.antlr.v4.test.tool,4465,0,0,0,0,0,0
TNM,class,antlr4,0.9,0.5,org.antlr.v4.test.tool,4465,0,0,1,0,0,1
TNOS,class,antlr4,0.9,0.5,org.antlr.v4.test.tool,4465,0,0,1,0,0,1
TNPA,class,antlr4,0.9,0.5,org.antlr.v4.test.tool,4465,0,0,0,0,0,0
TNPM,class,antlr4,0.9,0.5,org.antlr.v4.test.tool,4465,0,0,1,0,0,1
TNS,class,antlr4,0.9,0.5,org.antlr.v4.test.tool,4465,0,0,0,0,0,0
WarningBlocker,class,antlr4,0.9,0.5,org.antlr.v4.test.tool,4465,0,0,0,0,0,0
WarningCritical,class,antlr4,0.9,0.5,org.antlr.v4.test.tool,4465,0,0,0,0,0,0
WarningInfo,class,antlr4,0.9,0.5,org.antlr.v4.test.tool,4465,0,0,0,0,0,0
WarningMajor,class,antlr4,0.9,0.5,org.antlr.v4.test.tool,4465,0,0,1,0,0,1
WarningMinor,class,antlr4,0.9,0.5,org.antlr.v4.test.tool,4465,0,0,1,0,0,1
Android Rules,class,antlr4,0.9,0.5,org.antlr.v4.test.tool,4465,0,0,0,0,0,0
Basic Rules,class,antlr4,0.9,0.5,org.antlr.v4.test.tool,4465,0,0,0,0,0,0
Brace Rules,class,antlr4,0.9,0.5,org.antlr.v4.test.tool,4465,0,0,0,0,0,0
Clone Implementation Rules,class,antlr4,0.9,0.5,org.antlr.v4.test.tool,4465,0,0,0,0,0,0
Code Size Rules,class,antlr4,0.9,0.5,org.antlr.v4.test.tool,4465,0,0,0,0,0,0
Comment Rules,class,antlr4,0.9,0.5,org.antlr.v4.test.tool,4465,0,0,0,0,0,0
Controversial Rules,class,antlr4,0.9,0.5,org.antlr.v4.test.tool,4465,0,0,0,0,0,0
Coupling Rules,class,antlr4,0.9,0.5,org.antlr.v4.test.tool,4465,0,0,0,0,0,0
Design Rules,class,antlr4,0.9,0.5,org.antlr.v4.test.tool,4465,0,0,0,0,0,1
Empty Code Rules,class,antlr4,0.9,0.5,org.antlr.v4.test.tool,4465,0,0,0,0,0,0
Finalizer Rules,class,antlr4,0.9,0.5,org.antlr.v4.test.tool,4465,0,0,0,0,0,0
Import Statement Rules,class,antlr4,0.9,0.5,org.antlr.v4.test.tool,4465,0,0,0,0,0,0
J2EE Rules,class,antlr4,0.9,0.5,org.antlr.v4.test.tool,4465,0,0,0,0,0,0
JUnit Rules,class,antlr4,0.9,0.5,org.antlr.v4.test.tool,4465,0,0,1,0,0,1
Jakarta Commons Logging Rules,class,antlr4,0.9,0.5,org.antlr.v4.test.tool,4465,0,0,0,0,0,0
Java Logging Rules,class,antlr4,0.9,0.5,org.antlr.v4.test.tool,4465,0,0,0,0,0,0
JavaBean Rules,class,antlr4,0.9,0.5,org.antlr.v4.test.tool,4465,0,0,0,0,0,0
MigratingToJUnit4 Rules,class,antlr4,0.9,0.5,org.antlr.v4.test.tool,4465,0,0,0,0,0,0
Migration Rules,class,antlr4,0.9,0.5,org.antlr.v4.test.tool,4465,0,0,0,0,0,0
Migration13 Rules,class,antlr4,0.9,0.5,org.antlr.v4.test.tool,4465,0,0,0,0,0,0
Migration14 Rules,class,antlr4,0.9,0.5,org.antlr.v4.test.tool,4465,0,0,0,0,0,0
Migration15 Rules,class,antlr4,0.9,0.5,org.antlr.v4.test.tool,4465,0,0,0,0,0,0
Naming Rules,class,antlr4,0.9,0.5,org.antlr.v4.test.tool,4465,0,0,0,0,0,0
Optimization Rules,class,antlr4,0.9,0.5,org.antlr.v4.test.tool,4465,0,0,0,0,0,0
Security Code Guideline Rules,class,antlr4,0.9,0.5,org.antlr.v4.test.tool,4465,0,0,0,0,0,0
Strict Exception Rules,class,antlr4,0.9,0.5,org.antlr.v4.test.tool,4465,0,0,0,0,0,0
String and StringBuffer Rules,class,antlr4,0.9,0.5,org.antlr.v4.test.tool,4465,0,0,0,0,0,1
Type Resolution Rules,class,antlr4,0.9,0.5,org.antlr.v4.test.tool,4465,0,0,0,0,0,1
Unnecessary and Unused Code Rules,class,antlr4,0.9,0.5,org.antlr.v4.test.tool,4465,0,0,0,0,0,0
Vulnerability Rules,class,antlr4,0.9,0.5,org.antlr.v4.test.tool,4465,0,0,0,0,0,0
CC,class,antlr4,0.9,0.5,org.antlr.v4.test,6080,1,1,1,1,1,1
CCL,class,antlr4,0.9,0.5,org.antlr.v4.test,6080,0,0,0,1,1,1
CCO,class,antlr4,0.9,0.5,org.antlr.v4.test,6080,1,1,1,1,1,1
CI,class,antlr4,0.9,0.5,org.antlr.v4.test,6080,1,1,1,1,1,1
CLC,class,antlr4,0.9,0.5,org.antlr.v4.test,6080,1,1,1,1,1,1
CLLC,class,antlr4,0.9,0.5,org.antlr.v4.test,6080,1,1,1,1,1,1
LDC,class,antlr4,0.9,0.5,org.antlr.v4.test,6080,1,1,1,1,1,1
LLDC,class,antlr4,0.9,0.5,org.antlr.v4.test,6080,1,1,1,1,1,1
LCOM5,class,antlr4,0.9,0.5,org.antlr.v4.test,6080,0,0,0,0,0,0
NL,class,antlr4,0.9,0.5,org.antlr.v4.test,6080,1,1,0,1,1,0
NLE,class,antlr4,0.9,0.5,org.antlr.v4.test,6080,1,1,0,1,1,0
WMC,class,antlr4,0.9,0.5,org.antlr.v4.test,6080,1,1,1,1,1,1
CBO,class,antlr4,0.9,0.5,org.antlr.v4.test,6080,0,0,0,1,1,1
CBOI,class,antlr4,0.9,0.5,org.antlr.v4.test,6080,1,1,0,1,1,0
NII,class,antlr4,0.9,0.5,org.antlr.v4.test,6080,1,1,0,1,1,0
NOI,class,antlr4,0.9,0.5,org.antlr.v4.test,6080,0,0,0,1,1,1
RFC,class,antlr4,0.9,0.5,org.antlr.v4.test,6080,1,1,1,1,1,1
AD,class,antlr4,0.9,0.5,org.antlr.v4.test,6080,1,1,1,1,1,1
CD,class,antlr4,0.9,0.5,org.antlr.v4.test,6080,1,1,1,1,1,1
CLOC,class,antlr4,0.9,0.5,org.antlr.v4.test,6080,1,1,1,1,1,1
DLOC,class,antlr4,0.9,0.5,org.antlr.v4.test,6080,1,1,1,1,1,1
PDA,class,antlr4,0.9,0.5,org.antlr.v4.test,6080,0,0,0,1,1,1
PUA,class,antlr4,0.9,0.5,org.antlr.v4.test,6080,0,0,0,1,1,1
TCD,class,antlr4,0.9,0.5,org.antlr.v4.test,6080,1,1,1,1,1,1
TCLOC,class,antlr4,0.9,0.5,org.antlr.v4.test,6080,1,1,1,1,1,1
DIT,class,antlr4,0.9,0.5,org.antlr.v4.test,6080,1,1,0,1,1,0
NOA,class,antlr4,0.9,0.5,org.antlr.v4.test,6080,1,1,0,1,1,0
NOC,class,antlr4,0.9,0.5,org.antlr.v4.test,6080,1,1,0,1,1,0
NOD,class,antlr4,0.9,0.5,org.antlr.v4.test,6080,1,1,0,1,1,0
NOP,class,antlr4,0.9,0.5,org.antlr.v4.test,6080,1,1,0,1,1,0
LLOC,class,antlr4,0.9,0.5,org.antlr.v4.test,6080,1,1,1,1,1,1
LOC,class,antlr4,0.9,0.5,org.antlr.v4.test,6080,1,1,1,1,1,1
NA,class,antlr4,0.9,0.5,org.antlr.v4.test,6080,0,0,1,1,1,1
NG,class,antlr4,0.9,0.5,org.antlr.v4.test,6080,0,0,0,1,1,0
NLA,class,antlr4,0.9,0.5,org.antlr.v4.test,6080,0,0,1,0,0,1
NLG,class,antlr4,0.9,0.5,org.antlr.v4.test,6080,0,0,0,0,0,0
NLM,class,antlr4,0.9,0.5,org.antlr.v4.test,6080,1,1,1,1,1,1
NLPA,class,antlr4,0.9,0.5,org.antlr.v4.test,6080,0,0,0,1,1,0
NLPM,class,antlr4,0.9,0.5,org.antlr.v4.test,6080,1,1,1,1,1,1
NLS,class,antlr4,0.9,0.5,org.antlr.v4.test,6080,0,0,0,0,0,0
NM,class,antlr4,0.9,0.5,org.antlr.v4.test,6080,1,1,1,1,1,1
NOS,class,antlr4,0.9,0.5,org.antlr.v4.test,6080,1,1,1,1,1,1
NPA,class,antlr4,0.9,0.5,org.antlr.v4.test,6080,0,0,0,1,1,0
NPM,class,antlr4,0.9,0.5,org.antlr.v4.test,6080,1,1,1,1,1,1
NS,class,antlr4,0.9,0.5,org.antlr.v4.test,6080,0,0,0,1,1,0
TLLOC,class,antlr4,0.9,0.5,org.antlr.v4.test,6080,1,1,1,1,1,1
TLOC,class,antlr4,0.9,0.5,org.antlr.v4.test,6080,1,1,1,1,1,1
TNA,class,antlr4,0.9,0.5,org.antlr.v4.test,6080,0,0,1,0,0,1
TNG,class,antlr4,0.9,0.5,org.antlr.v4.test,6080,0,0,0,0,0,0
TNLA,class,antlr4,0.9,0.5,org.antlr.v4.test,6080,0,0,1,0,0,1
TNLG,class,antlr4,0.9,0.5,org.antlr.v4.test,6080,0,0,0,0,0,0
TNLM,class,antlr4,0.9,0.5,org.antlr.v4.test,6080,0,0,1,0,0,1
TNLPA,class,antlr4,0.9,0.5,org.antlr.v4.test,6080,0,0,0,0,0,0
TNLPM,class,antlr4,0.9,0.5,org.antlr.v4.test,6080,0,0,1,0,0,1
TNLS,class,antlr4,0.9,0.5,org.antlr.v4.test,6080,0,0,0,0,0,0
TNM,class,antlr4,0.9,0.5,org.antlr.v4.test,6080,0,0,1,0,0,1
TNOS,class,antlr4,0.9,0.5,org.antlr.v4.test,6080,0,0,1,0,0,1
TNPA,class,antlr4,0.9,0.5,org.antlr.v4.test,6080,0,0,0,0,0,0
TNPM,class,antlr4,0.9,0.5,org.antlr.v4.test,6080,0,0,1,0,0,1
TNS,class,antlr4,0.9,0.5,org.antlr.v4.test,6080,0,0,0,0,0,0
WarningBlocker,class,antlr4,0.9,0.5,org.antlr.v4.test,6080,0,0,0,0,0,0
WarningCritical,class,antlr4,0.9,0.5,org.antlr.v4.test,6080,0,0,0,0,0,0
WarningInfo,class,antlr4,0.9,0.5,org.antlr.v4.test,6080,0,0,0,0,0,0
WarningMajor,class,antlr4,0.9,0.5,org.antlr.v4.test,6080,0,0,1,0,0,1
WarningMinor,class,antlr4,0.9,0.5,org.antlr.v4.test,6080,0,0,1,0,0,1
Android Rules,class,antlr4,0.9,0.5,org.antlr.v4.test,6080,0,0,0,0,0,0
Basic Rules,class,antlr4,0.9,0.5,org.antlr.v4.test,6080,0,0,0,0,0,0
Brace Rules,class,antlr4,0.9,0.5,org.antlr.v4.test,6080,0,0,0,0,0,0
Clone Implementation Rules,class,antlr4,0.9,0.5,org.antlr.v4.test,6080,0,0,0,0,0,0
Code Size Rules,class,antlr4,0.9,0.5,org.antlr.v4.test,6080,0,0,0,0,0,0
Comment Rules,class,antlr4,0.9,0.5,org.antlr.v4.test,6080,0,0,0,0,0,0
Controversial Rules,class,antlr4,0.9,0.5,org.antlr.v4.test,6080,0,0,0,0,0,1
Coupling Rules,class,antlr4,0.9,0.5,org.antlr.v4.test,6080,0,0,0,0,0,0
Design Rules,class,antlr4,0.9,0.5,org.antlr.v4.test,6080,0,0,0,0,0,0
Empty Code Rules,class,antlr4,0.9,0.5,org.antlr.v4.test,6080,0,0,0,0,0,0
Finalizer Rules,class,antlr4,0.9,0.5,org.antlr.v4.test,6080,0,0,0,0,0,0
Import Statement Rules,class,antlr4,0.9,0.5,org.antlr.v4.test,6080,0,0,0,0,0,0
J2EE Rules,class,antlr4,0.9,0.5,org.antlr.v4.test,6080,0,0,0,0,0,0
JUnit Rules,class,antlr4,0.9,0.5,org.antlr.v4.test,6080,0,0,1,0,0,1
Jakarta Commons Logging Rules,class,antlr4,0.9,0.5,org.antlr.v4.test,6080,0,0,0,0,0,0
Java Logging Rules,class,antlr4,0.9,0.5,org.antlr.v4.test,6080,0,0,0,0,0,0
JavaBean Rules,class,antlr4,0.9,0.5,org.antlr.v4.test,6080,0,0,0,0,0,0
MigratingToJUnit4 Rules,class,antlr4,0.9,0.5,org.antlr.v4.test,6080,0,0,0,0,0,0
Migration Rules,class,antlr4,0.9,0.5,org.antlr.v4.test,6080,0,0,0,0,0,0
Migration13 Rules,class,antlr4,0.9,0.5,org.antlr.v4.test,6080,0,0,0,0,0,0
Migration14 Rules,class,antlr4,0.9,0.5,org.antlr.v4.test,6080,0,0,0,0,0,0
Migration15 Rules,class,antlr4,0.9,0.5,org.antlr.v4.test,6080,0,0,0,0,0,0
Naming Rules,class,antlr4,0.9,0.5,org.antlr.v4.test,6080,0,0,0,0,0,0
Optimization Rules,class,antlr4,0.9,0.5,org.antlr.v4.test,6080,0,0,0,0,0,0
Security Code Guideline Rules,class,antlr4,0.9,0.5,org.antlr.v4.test,6080,0,0,0,0,0,0
Strict Exception Rules,class,antlr4,0.9,0.5,org.antlr.v4.test,6080,0,0,0,0,0,0
String and StringBuffer Rules,class,antlr4,0.9,0.5,org.antlr.v4.test,6080,0,0,0,0,0,0
Type Resolution Rules,class,antlr4,0.9,0.5,org.antlr.v4.test,6080,0,0,0,0,0,1
Unnecessary and Unused Code Rules,class,antlr4,0.9,0.5,org.antlr.v4.test,6080,0,0,0,0,0,0
Vulnerability Rules,class,antlr4,0.9,0.5,org.antlr.v4.test,6080,0,0,0,0,0,0
CC,class,antlr4,0.9,0.5,org.antlr.v4.runtime.atn,2280,1,1,0,1,1,0
CCL,class,antlr4,0.9,0.5,org.antlr.v4.runtime.atn,2280,1,1,0,1,1,0
CCO,class,antlr4,0.9,0.5,org.antlr.v4.runtime.atn,2280,1,1,0,1,1,0
CI,class,antlr4,0.9,0.5,org.antlr.v4.runtime.atn,2280,1,1,0,1,1,0
CLC,class,antlr4,0.9,0.5,org.antlr.v4.runtime.atn,2280,1,1,0,1,1,0
CLLC,class,antlr4,0.9,0.5,org.antlr.v4.runtime.atn,2280,1,1,0,1,1,0
LDC,class,antlr4,0.9,0.5,org.antlr.v4.runtime.atn,2280,1,1,0,1,1,0
LLDC,class,antlr4,0.9,0.5,org.antlr.v4.runtime.atn,2280,1,1,0,1,1,0
LCOM5,class,antlr4,0.9,0.5,org.antlr.v4.runtime.atn,2280,0,0,0,1,1,0
NL,class,antlr4,0.9,0.5,org.antlr.v4.runtime.atn,2280,0,0,0,1,1,1
NLE,class,antlr4,0.9,0.5,org.antlr.v4.runtime.atn,2280,0,0,0,1,1,1
WMC,class,antlr4,0.9,0.5,org.antlr.v4.runtime.atn,2280,1,1,1,1,1,1
CBO,class,antlr4,0.9,0.5,org.antlr.v4.runtime.atn,2280,1,1,1,1,1,1
CBOI,class,antlr4,0.9,0.5,org.antlr.v4.runtime.atn,2280,1,1,1,1,1,1
NII,class,antlr4,0.9,0.5,org.antlr.v4.runtime.atn,2280,1,1,1,1,1,1
NOI,class,antlr4,0.9,0.5,org.antlr.v4.runtime.atn,2280,1,1,1,1,1,1
RFC,class,antlr4,0.9,0.5,org.antlr.v4.runtime.atn,2280,1,1,1,1,1,1
AD,class,antlr4,0.9,0.5,org.antlr.v4.runtime.atn,2280,1,1,1,0,0,1
CD,class,antlr4,0.9,0.5,org.antlr.v4.runtime.atn,2280,1,1,1,1,1,1
CLOC,class,antlr4,0.9,0.5,org.antlr.v4.runtime.atn,2280,1,1,1,1,1,1
DLOC,class,antlr4,0.9,0.5,org.antlr.v4.runtime.atn,2280,1,1,1,1,1,1
PDA,class,antlr4,0.9,0.5,org.antlr.v4.runtime.atn,2280,0,0,0,1,1,1
PUA,class,antlr4,0.9,0.5,org.antlr.v4.runtime.atn,2280,1,1,1,1,1,1
TCD,class,antlr4,0.9,0.5,org.antlr.v4.runtime.atn,2280,1,1,1,1,1,1
TCLOC,class,antlr4,0.9,0.5,org.antlr.v4.runtime.atn,2280,1,1,1,1,1,1
DIT,class,antlr4,0.9,0.5,org.antlr.v4.runtime.atn,2280,1,1,0,1,1,0
NOA,class,antlr4,0.9,0.5,org.antlr.v4.runtime.atn,2280,1,1,0,1,1,0
NOC,class,antlr4,0.9,0.5,org.antlr.v4.runtime.atn,2280,1,1,0,1,1,1
NOD,class,antlr4,0.9,0.5,org.antlr.v4.runtime.atn,2280,1,1,0,1,1,0
NOP,class,antlr4,0.9,0.5,org.antlr.v4.runtime.atn,2280,1,1,0,1,1,0
LLOC,class,antlr4,0.9,0.5,org.antlr.v4.runtime.atn,2280,1,1,1,1,1,1
LOC,class,antlr4,0.9,0.5,org.antlr.v4.runtime.atn,2280,1,1,1,1,1,1
NA,class,antlr4,0.9,0.5,org.antlr.v4.runtime.atn,2280,1,1,1,1,1,1
NG,class,antlr4,0.9,0.5,org.antlr.v4.runtime.atn,2280,1,1,1,1,1,1
NLA,class,antlr4,0.9,0.5,org.antlr.v4.runtime.atn,2280,1,1,1,1,1,1
NLG,class,antlr4,0.9,0.5,org.antlr.v4.runtime.atn,2280,1,1,1,1,1,1
NLM,class,antlr4,0.9,0.5,org.antlr.v4.runtime.atn,2280,1,1,1,1,1,1
NLPA,class,antlr4,0.9,0.5,org.antlr.v4.runtime.atn,2280,0,0,1,1,1,1
NLPM,class,antlr4,0.9,0.5,org.antlr.v4.runtime.atn,2280,0,0,1,1,1,1
NLS,class,antlr4,0.9,0.5,org.antlr.v4.runtime.atn,2280,1,1,0,1,1,0
NM,class,antlr4,0.9,0.5,org.antlr.v4.runtime.atn,2280,1,1,1,1,1,1
NOS,class,antlr4,0.9,0.5,org.antlr.v4.runtime.atn,2280,1,1,1,1,1,1
NPA,class,antlr4,0.9,0.5,org.antlr.v4.runtime.atn,2280,0,0,1,1,1,1
NPM,class,antlr4,0.9,0.5,org.antlr.v4.runtime.atn,2280,1,1,1,1,1,1
NS,class,antlr4,0.9,0.5,org.antlr.v4.runtime.atn,2280,1,1,0,1,1,0
TLLOC,class,antlr4,0.9,0.5,org.antlr.v4.runtime.atn,2280,1,1,1,1,1,1
TLOC,class,antlr4,0.9,0.5,org.antlr.v4.runtime.atn,2280,1,1,1,1,1,1
TNA,class,antlr4,0.9,0.5,org.antlr.v4.runtime.atn,2280,0,0,1,0,0,1
TNG,class,antlr4,0.9,0.5,org.antlr.v4.runtime.atn,2280,0,0,1,0,0,1
TNLA,class,antlr4,0.9,0.5,org.antlr.v4.runtime.atn,2280,0,0,1,0,0,1
TNLG,class,antlr4,0.9,0.5,org.antlr.v4.runtime.atn,2280,0,0,1,0,0,1
TNLM,class,antlr4,0.9,0.5,org.antlr.v4.runtime.atn,2280,0,0,1,0,0,1
TNLPA,class,antlr4,0.9,0.5,org.antlr.v4.runtime.atn,2280,0,0,1,0,0,1
TNLPM,class,antlr4,0.9,0.5,org.antlr.v4.runtime.atn,2280,0,0,1,0,0,1
TNLS,class,antlr4,0.9,0.5,org.antlr.v4.runtime.atn,2280,0,0,0,0,0,0
TNM,class,antlr4,0.9,0.5,org.antlr.v4.runtime.atn,2280,0,0,1,0,0,1
TNOS,class,antlr4,0.9,0.5,org.antlr.v4.runtime.atn,2280,0,0,1,0,0,1
TNPA,class,antlr4,0.9,0.5,org.antlr.v4.runtime.atn,2280,0,0,1,0,0,1
TNPM,class,antlr4,0.9,0.5,org.antlr.v4.runtime.atn,2280,0,0,1,0,0,1
TNS,class,antlr4,0.9,0.5,org.antlr.v4.runtime.atn,2280,0,0,0,0,0,0
WarningBlocker,class,antlr4,0.9,0.5,org.antlr.v4.runtime.atn,2280,0,0,0,0,0,0
WarningCritical,class,antlr4,0.9,0.5,org.antlr.v4.runtime.atn,2280,0,0,0,0,0,0
WarningInfo,class,antlr4,0.9,0.5,org.antlr.v4.runtime.atn,2280,0,0,0,0,0,0
WarningMajor,class,antlr4,0.9,0.5,org.antlr.v4.runtime.atn,2280,0,0,0,0,0,0
WarningMinor,class,antlr4,0.9,0.5,org.antlr.v4.runtime.atn,2280,0,0,1,0,0,1
Android Rules,class,antlr4,0.9,0.5,org.antlr.v4.runtime.atn,2280,0,0,0,0,0,0
Basic Rules,class,antlr4,0.9,0.5,org.antlr.v4.runtime.atn,2280,0,0,0,0,0,0
Brace Rules,class,antlr4,0.9,0.5,org.antlr.v4.runtime.atn,2280,0,0,1,0,0,1
Clone Implementation Rules,class,antlr4,0.9,0.5,org.antlr.v4.runtime.atn,2280,0,0,0,0,0,0
Code Size Rules,class,antlr4,0.9,0.5,org.antlr.v4.runtime.atn,2280,0,0,0,0,0,0
Comment Rules,class,antlr4,0.9,0.5,org.antlr.v4.runtime.atn,2280,0,0,0,0,0,0
Controversial Rules,class,antlr4,0.9,0.5,org.antlr.v4.runtime.atn,2280,0,0,0,0,0,0
Coupling Rules,class,antlr4,0.9,0.5,org.antlr.v4.runtime.atn,2280,0,0,0,0,0,0
Design Rules,class,antlr4,0.9,0.5,org.antlr.v4.runtime.atn,2280,0,0,1,0,0,1
Empty Code Rules,class,antlr4,0.9,0.5,org.antlr.v4.runtime.atn,2280,0,0,0,0,0,0
Finalizer Rules,class,antlr4,0.9,0.5,org.antlr.v4.runtime.atn,2280,0,0,0,0,0,0
Import Statement Rules,class,antlr4,0.9,0.5,org.antlr.v4.runtime.atn,2280,0,0,0,0,0,0
J2EE Rules,class,antlr4,0.9,0.5,org.antlr.v4.runtime.atn,2280,0,0,0,0,0,0
JUnit Rules,class,antlr4,0.9,0.5,org.antlr.v4.runtime.atn,2280,0,0,0,0,0,0
Jakarta Commons Logging Rules,class,antlr4,0.9,0.5,org.antlr.v4.runtime.atn,2280,0,0,0,0,0,0
Java Logging Rules,class,antlr4,0.9,0.5,org.antlr.v4.runtime.atn,2280,0,0,0,0,0,0
JavaBean Rules,class,antlr4,0.9,0.5,org.antlr.v4.runtime.atn,2280,0,0,0,0,0,0
MigratingToJUnit4 Rules,class,antlr4,0.9,0.5,org.antlr.v4.runtime.atn,2280,0,0,0,0,0,0
Migration Rules,class,antlr4,0.9,0.5,org.antlr.v4.runtime.atn,2280,0,0,0,0,0,0
Migration13 Rules,class,antlr4,0.9,0.5,org.antlr.v4.runtime.atn,2280,0,0,0,0,0,0
Migration14 Rules,class,antlr4,0.9,0.5,org.antlr.v4.runtime.atn,2280,0,0,0,0,0,0
Migration15 Rules,class,antlr4,0.9,0.5,org.antlr.v4.runtime.atn,2280,0,0,0,0,0,0
Naming Rules,class,antlr4,0.9,0.5,org.antlr.v4.runtime.atn,2280,0,0,1,0,0,1
Optimization Rules,class,antlr4,0.9,0.5,org.antlr.v4.runtime.atn,2280,0,0,0,0,0,0
Security Code Guideline Rules,class,antlr4,0.9,0.5,org.antlr.v4.runtime.atn,2280,0,0,0,0,0,0
Strict Exception Rules,class,antlr4,0.9,0.5,org.antlr.v4.runtime.atn,2280,0,0,0,0,0,0
String and StringBuffer Rules,class,antlr4,0.9,0.5,org.antlr.v4.runtime.atn,2280,0,0,0,0,0,0
Type Resolution Rules,class,antlr4,0.9,0.5,org.antlr.v4.runtime.atn,2280,0,0,0,0,0,0
Unnecessary and Unused Code Rules,class,antlr4,0.9,0.5,org.antlr.v4.runtime.atn,2280,0,0,0,0,0,0
Vulnerability Rules,class,antlr4,0.9,0.5,org.antlr.v4.runtime.atn,2280,0,0,0,0,0,0
CC,class,antlr4,0.9,0.5,org.antlr.v4.runtime,4180,1,1,0,1,1,0
CCL,class,antlr4,0.9,0.5,org.antlr.v4.runtime,4180,1,1,0,1,1,0
CCO,class,antlr4,0.9,0.5,org.antlr.v4.runtime,4180,1,1,0,1,1,0
CI,class,antlr4,0.9,0.5,org.antlr.v4.runtime,4180,1,1,0,1,1,0
CLC,class,antlr4,0.9,0.5,org.antlr.v4.runtime,4180,1,1,0,1,1,0
CLLC,class,antlr4,0.9,0.5,org.antlr.v4.runtime,4180,1,1,0,1,1,0
LDC,class,antlr4,0.9,0.5,org.antlr.v4.runtime,4180,1,1,0,1,1,0
LLDC,class,antlr4,0.9,0.5,org.antlr.v4.runtime,4180,1,1,0,1,1,0
LCOM5,class,antlr4,0.9,0.5,org.antlr.v4.runtime,4180,0,0,0,0,0,0
NL,class,antlr4,0.9,0.5,org.antlr.v4.runtime,4180,0,0,0,1,1,1
NLE,class,antlr4,0.9,0.5,org.antlr.v4.runtime,4180,0,0,0,1,1,0
WMC,class,antlr4,0.9,0.5,org.antlr.v4.runtime,4180,1,1,1,1,1,1
CBO,class,antlr4,0.9,0.5,org.antlr.v4.runtime,4180,0,0,0,1,1,1
CBOI,class,antlr4,0.9,0.5,org.antlr.v4.runtime,4180,0,0,0,1,1,1
NII,class,antlr4,0.9,0.5,org.antlr.v4.runtime,4180,0,0,0,1,1,1
NOI,class,antlr4,0.9,0.5,org.antlr.v4.runtime,4180,0,0,0,1,1,1
RFC,class,antlr4,0.9,0.5,org.antlr.v4.runtime,4180,1,1,1,1,1,1
AD,class,antlr4,0.9,0.5,org.antlr.v4.runtime,4180,1,1,1,1,1,1
CD,class,antlr4,0.9,0.5,org.antlr.v4.runtime,4180,1,1,1,1,1,1
CLOC,class,antlr4,0.9,0.5,org.antlr.v4.runtime,4180,1,1,1,1,1,1
DLOC,class,antlr4,0.9,0.5,org.antlr.v4.runtime,4180,1,1,1,1,1,1
PDA,class,antlr4,0.9,0.5,org.antlr.v4.runtime,4180,0,0,0,1,1,1
PUA,class,antlr4,0.9,0.5,org.antlr.v4.runtime,4180,1,1,1,1,1,1
TCD,class,antlr4,0.9,0.5,org.antlr.v4.runtime,4180,1,1,1,1,1,1
TCLOC,class,antlr4,0.9,0.5,org.antlr.v4.runtime,4180,1,1,1,1,1,1
DIT,class,antlr4,0.9,0.5,org.antlr.v4.runtime,4180,1,1,0,1,1,0
NOA,class,antlr4,0.9,0.5,org.antlr.v4.runtime,4180,1,1,0,1,1,0
NOC,class,antlr4,0.9,0.5,org.antlr.v4.runtime,4180,0,0,0,0,0,0
NOD,class,antlr4,0.9,0.5,org.antlr.v4.runtime,4180,0,0,0,0,0,0
NOP,class,antlr4,0.9,0.5,org.antlr.v4.runtime,4180,0,0,0,0,0,0
LLOC,class,antlr4,0.9,0.5,org.antlr.v4.runtime,4180,1,1,1,1,1,1
LOC,class,antlr4,0.9,0.5,org.antlr.v4.runtime,4180,1,1,1,1,1,1
NA,class,antlr4,0.9,0.5,org.antlr.v4.runtime,4180,0,0,1,1,1,1
NG,class,antlr4,0.9,0.5,org.antlr.v4.runtime,4180,1,1,1,1,1,1
NLA,class,antlr4,0.9,0.5,org.antlr.v4.runtime,4180,0,0,1,1,1,1
NLG,class,antlr4,0.9,0.5,org.antlr.v4.runtime,4180,1,1,1,1,1,1
NLM,class,antlr4,0.9,0.5,org.antlr.v4.runtime,4180,1,1,1,1,1,1
NLPA,class,antlr4,0.9,0.5,org.antlr.v4.runtime,4180,0,0,0,1,1,0
NLPM,class,antlr4,0.9,0.5,org.antlr.v4.runtime,4180,1,1,1,1,1,1
NLS,class,antlr4,0.9,0.5,org.antlr.v4.runtime,4180,0,0,0,1,1,0
NM,class,antlr4,0.9,0.5,org.antlr.v4.runtime,4180,1,1,1,1,1,1
NOS,class,antlr4,0.9,0.5,org.antlr.v4.runtime,4180,1,1,1,1,1,1
NPA,class,antlr4,0.9,0.5,org.antlr.v4.runtime,4180,0,0,0,1,1,0
NPM,class,antlr4,0.9,0.5,org.antlr.v4.runtime,4180,1,1,1,1,1,1
NS,class,antlr4,0.9,0.5,org.antlr.v4.runtime,4180,0,0,1,1,1,1
TLLOC,class,antlr4,0.9,0.5,org.antlr.v4.runtime,4180,1,1,1,1,1,1
TLOC,class,antlr4,0.9,0.5,org.antlr.v4.runtime,4180,1,1,1,1,1,1
TNA,class,antlr4,0.9,0.5,org.antlr.v4.runtime,4180,0,0,1,0,0,1
TNG,class,antlr4,0.9,0.5,org.antlr.v4.runtime,4180,0,0,1,0,0,1
TNLA,class,antlr4,0.9,0.5,org.antlr.v4.runtime,4180,0,0,1,0,0,1
TNLG,class,antlr4,0.9,0.5,org.antlr.v4.runtime,4180,0,0,1,0,0,1
TNLM,class,antlr4,0.9,0.5,org.antlr.v4.runtime,4180,0,0,1,0,0,1
TNLPA,class,antlr4,0.9,0.5,org.antlr.v4.runtime,4180,0,0,0,0,0,1
TNLPM,class,antlr4,0.9,0.5,org.antlr.v4.runtime,4180,0,0,1,0,0,1
TNLS,class,antlr4,0.9,0.5,org.antlr.v4.runtime,4180,0,0,0,0,0,0
TNM,class,antlr4,0.9,0.5,org.antlr.v4.runtime,4180,0,0,1,0,0,1
TNOS,class,antlr4,0.9,0.5,org.antlr.v4.runtime,4180,0,0,1,0,0,1
TNPA,class,antlr4,0.9,0.5,org.antlr.v4.runtime,4180,0,0,0,0,0,1
TNPM,class,antlr4,0.9,0.5,org.antlr.v4.runtime,4180,0,0,1,0,0,1
TNS,class,antlr4,0.9,0.5,org.antlr.v4.runtime,4180,0,0,1,0,0,1
WarningBlocker,class,antlr4,0.9,0.5,org.antlr.v4.runtime,4180,0,0,0,0,0,0
WarningCritical,class,antlr4,0.9,0.5,org.antlr.v4.runtime,4180,0,0,0,0,0,0
WarningInfo,class,antlr4,0.9,0.5,org.antlr.v4.runtime,4180,0,0,0,0,0,0
WarningMajor,class,antlr4,0.9,0.5,org.antlr.v4.runtime,4180,0,0,0,0,0,0
WarningMinor,class,antlr4,0.9,0.5,org.antlr.v4.runtime,4180,0,0,1,0,0,1
Android Rules,class,antlr4,0.9,0.5,org.antlr.v4.runtime,4180,0,0,0,0,0,0
Basic Rules,class,antlr4,0.9,0.5,org.antlr.v4.runtime,4180,0,0,0,0,0,0
Brace Rules,class,antlr4,0.9,0.5,org.antlr.v4.runtime,4180,0,0,0,0,0,1
Clone Implementation Rules,class,antlr4,0.9,0.5,org.antlr.v4.runtime,4180,0,0,0,0,0,0
Code Size Rules,class,antlr4,0.9,0.5,org.antlr.v4.runtime,4180,0,0,0,0,0,0
Comment Rules,class,antlr4,0.9,0.5,org.antlr.v4.runtime,4180,0,0,0,0,0,0
Controversial Rules,class,antlr4,0.9,0.5,org.antlr.v4.runtime,4180,0,0,0,0,0,0
Coupling Rules,class,antlr4,0.9,0.5,org.antlr.v4.runtime,4180,0,0,0,0,0,0
Design Rules,class,antlr4,0.9,0.5,org.antlr.v4.runtime,4180,0,0,0,0,0,1
Empty Code Rules,class,antlr4,0.9,0.5,org.antlr.v4.runtime,4180,0,0,0,0,0,0
Finalizer Rules,class,antlr4,0.9,0.5,org.antlr.v4.runtime,4180,0,0,0,0,0,0
Import Statement Rules,class,antlr4,0.9,0.5,org.antlr.v4.runtime,4180,0,0,0,0,0,0
J2EE Rules,class,antlr4,0.9,0.5,org.antlr.v4.runtime,4180,0,0,0,0,0,0
JUnit Rules,class,antlr4,0.9,0.5,org.antlr.v4.runtime,4180,0,0,0,0,0,0
Jakarta Commons Logging Rules,class,antlr4,0.9,0.5,org.antlr.v4.runtime,4180,0,0,0,0,0,0
Java Logging Rules,class,antlr4,0.9,0.5,org.antlr.v4.runtime,4180,0,0,0,0,0,0
JavaBean Rules,class,antlr4,0.9,0.5,org.antlr.v4.runtime,4180,0,0,0,0,0,0
MigratingToJUnit4 Rules,class,antlr4,0.9,0.5,org.antlr.v4.runtime,4180,0,0,0,0,0,0
Migration Rules,class,antlr4,0.9,0.5,org.antlr.v4.runtime,4180,0,0,0,0,0,0
Migration13 Rules,class,antlr4,0.9,0.5,org.antlr.v4.runtime,4180,0,0,0,0,0,0
Migration14 Rules,class,antlr4,0.9,0.5,org.antlr.v4.runtime,4180,0,0,0,0,0,0
Migration15 Rules,class,antlr4,0.9,0.5,org.antlr.v4.runtime,4180,0,0,0,0,0,0
Naming Rules,class,antlr4,0.9,0.5,org.antlr.v4.runtime,4180,0,0,0,0,0,1
Optimization Rules,class,antlr4,0.9,0.5,org.antlr.v4.runtime,4180,0,0,0,0,0,0
Security Code Guideline Rules,class,antlr4,0.9,0.5,org.antlr.v4.runtime,4180,0,0,0,0,0,0
Strict Exception Rules,class,antlr4,0.9,0.5,org.antlr.v4.runtime,4180,0,0,0,0,0,0
String and StringBuffer Rules,class,antlr4,0.9,0.5,org.antlr.v4.runtime,4180,0,0,0,0,0,0
Type Resolution Rules,class,antlr4,0.9,0.5,org.antlr.v4.runtime,4180,0,0,0,0,0,0
Unnecessary and Unused Code Rules,class,antlr4,0.9,0.5,org.antlr.v4.runtime,4180,0,0,0,0,0,0
Vulnerability Rules,class,antlr4,0.9,0.5,org.antlr.v4.runtime,4180,0,0,0,0,0,0
CC,class,antlr4,0.9,0.5,org.antlr.v4.test.runtime,190,1,1,1,1,1,1
CCL,class,antlr4,0.9,0.5,org.antlr.v4.test.runtime,190,0,0,0,1,1,1
CCO,class,antlr4,0.9,0.5,org.antlr.v4.test.runtime,190,0,0,0,1,1,1
CI,class,antlr4,0.9,0.5,org.antlr.v4.test.runtime,190,0,0,0,1,1,1
CLC,class,antlr4,0.9,0.5,org.antlr.v4.test.runtime,190,1,1,1,1,1,1
CLLC,class,antlr4,0.9,0.5,org.antlr.v4.test.runtime,190,0,0,0,1,1,1
LDC,class,antlr4,0.9,0.5,org.antlr.v4.test.runtime,190,0,0,0,1,1,1
LLDC,class,antlr4,0.9,0.5,org.antlr.v4.test.runtime,190,0,0,0,1,1,1
LCOM5,class,antlr4,0.9,0.5,org.antlr.v4.test.runtime,190,0,0,0,1,1,1
NL,class,antlr4,0.9,0.5,org.antlr.v4.test.runtime,190,0,0,0,1,1,1
NLE,class,antlr4,0.9,0.5,org.antlr.v4.test.runtime,190,0,0,0,1,1,1
WMC,class,antlr4,0.9,0.5,org.antlr.v4.test.runtime,190,0,0,0,1,1,1
CBO,class,antlr4,0.9,0.5,org.antlr.v4.test.runtime,190,1,1,1,1,1,1
CBOI,class,antlr4,0.9,0.5,org.antlr.v4.test.runtime,190,1,1,1,1,1,1
NII,class,antlr4,0.9,0.5,org.antlr.v4.test.runtime,190,1,1,1,1,1,1
NOI,class,antlr4,0.9,0.5,org.antlr.v4.test.runtime,190,1,1,1,1,1,1
RFC,class,antlr4,0.9,0.5,org.antlr.v4.test.runtime,190,1,1,1,1,1,1
AD,class,antlr4,0.9,0.5,org.antlr.v4.test.runtime,190,0,0,0,1,1,1
CD,class,antlr4,0.9,0.5,org.antlr.v4.test.runtime,190,1,1,1,1,1,1
CLOC,class,antlr4,0.9,0.5,org.antlr.v4.test.runtime,190,1,1,1,1,1,1
DLOC,class,antlr4,0.9,0.5,org.antlr.v4.test.runtime,190,0,0,0,1,1,1
PDA,class,antlr4,0.9,0.5,org.antlr.v4.test.runtime,190,0,0,0,1,1,1
PUA,class,antlr4,0.9,0.5,org.antlr.v4.test.runtime,190,0,0,0,1,1,1
TCD,class,antlr4,0.9,0.5,org.antlr.v4.test.runtime,190,1,1,1,1,1,1
TCLOC,class,antlr4,0.9,0.5,org.antlr.v4.test.runtime,190,1,1,1,1,1,1
DIT,class,antlr4,0.9,0.5,org.antlr.v4.test.runtime,190,0,0,0,1,1,1
NOA,class,antlr4,0.9,0.5,org.antlr.v4.test.runtime,190,0,0,0,1,1,1
NOC,class,antlr4,0.9,0.5,org.antlr.v4.test.runtime,190,1,1,1,1,1,1
NOD,class,antlr4,0.9,0.5,org.antlr.v4.test.runtime,190,1,1,1,1,1,1
NOP,class,antlr4,0.9,0.5,org.antlr.v4.test.runtime,190,0,0,0,1,1,1
LLOC,class,antlr4,0.9,0.5,org.antlr.v4.test.runtime,190,0,0,0,1,1,1
LOC,class,antlr4,0.9,0.5,org.antlr.v4.test.runtime,190,1,1,1,1,1,1
NA,class,antlr4,0.9,0.5,org.antlr.v4.test.runtime,190,0,0,0,1,1,1
NG,class,antlr4,0.9,0.5,org.antlr.v4.test.runtime,190,0,0,0,1,1,1
NLA,class,antlr4,0.9,0.5,org.antlr.v4.test.runtime,190,0,0,0,1,1,1
NLG,class,antlr4,0.9,0.5,org.antlr.v4.test.runtime,190,0,0,0,1,1,1
NLM,class,antlr4,0.9,0.5,org.antlr.v4.test.runtime,190,0,0,0,1,1,1
NLPA,class,antlr4,0.9,0.5,org.antlr.v4.test.runtime,190,0,0,0,1,1,1
NLPM,class,antlr4,0.9,0.5,org.antlr.v4.test.runtime,190,0,0,0,1,1,1
NLS,class,antlr4,0.9,0.5,org.antlr.v4.test.runtime,190,0,0,0,1,1,1
NM,class,antlr4,0.9,0.5,org.antlr.v4.test.runtime,190,0,0,0,1,1,1
NOS,class,antlr4,0.9,0.5,org.antlr.v4.test.runtime,190,0,0,0,1,1,1
NPA,class,antlr4,0.9,0.5,org.antlr.v4.test.runtime,190,0,0,0,1,1,1
NPM,class,antlr4,0.9,0.5,org.antlr.v4.test.runtime,190,0,0,0,1,1,1
NS,class,antlr4,0.9,0.5,org.antlr.v4.test.runtime,190,0,0,0,1,1,1
TLLOC,class,antlr4,0.9,0.5,org.antlr.v4.test.runtime,190,0,0,0,1,1,1
TLOC,class,antlr4,0.9,0.5,org.antlr.v4.test.runtime,190,1,1,1,1,1,1
TNA,class,antlr4,0.9,0.5,org.antlr.v4.test.runtime,190,0,0,0,0,0,0
TNG,class,antlr4,0.9,0.5,org.antlr.v4.test.runtime,190,0,0,0,0,0,0
TNLA,class,antlr4,0.9,0.5,org.antlr.v4.test.runtime,190,0,0,0,0,0,0
TNLG,class,antlr4,0.9,0.5,org.antlr.v4.test.runtime,190,0,0,0,0,0,0
TNLM,class,antlr4,0.9,0.5,org.antlr.v4.test.runtime,190,0,0,0,0,0,0
TNLPA,class,antlr4,0.9,0.5,org.antlr.v4.test.runtime,190,0,0,0,0,0,0
TNLPM,class,antlr4,0.9,0.5,org.antlr.v4.test.runtime,190,0,0,0,0,0,0
TNLS,class,antlr4,0.9,0.5,org.antlr.v4.test.runtime,190,0,0,0,0,0,0
TNM,class,antlr4,0.9,0.5,org.antlr.v4.test.runtime,190,0,0,0,0,0,0
TNOS,class,antlr4,0.9,0.5,org.antlr.v4.test.runtime,190,0,0,0,0,0,0
TNPA,class,antlr4,0.9,0.5,org.antlr.v4.test.runtime,190,0,0,0,0,0,0
TNPM,class,antlr4,0.9,0.5,org.antlr.v4.test.runtime,190,0,0,0,0,0,0
TNS,class,antlr4,0.9,0.5,org.antlr.v4.test.runtime,190,0,0,0,0,0,0
WarningBlocker,class,antlr4,0.9,0.5,org.antlr.v4.test.runtime,190,0,0,0,0,0,0
WarningCritical,class,antlr4,0.9,0.5,org.antlr.v4.test.runtime,190,0,0,0,0,0,0
WarningInfo,class,antlr4,0.9,0.5,org.antlr.v4.test.runtime,190,0,0,0,0,0,0
WarningMajor,class,antlr4,0.9,0.5,org.antlr.v4.test.runtime,190,0,0,0,0,0,0
WarningMinor,class,antlr4,0.9,0.5,org.antlr.v4.test.runtime,190,0,0,0,0,0,0
Android Rules,class,antlr4,0.9,0.5,org.antlr.v4.test.runtime,190,0,0,0,0,0,0
Basic Rules,class,antlr4,0.9,0.5,org.antlr.v4.test.runtime,190,0,0,0,0,0,0
Brace Rules,class,antlr4,0.9,0.5,org.antlr.v4.test.runtime,190,0,0,0,0,0,0
Clone Implementation Rules,class,antlr4,0.9,0.5,org.antlr.v4.test.runtime,190,0,0,0,0,0,0
Code Size Rules,class,antlr4,0.9,0.5,org.antlr.v4.test.runtime,190,0,0,0,0,0,0
Comment Rules,class,antlr4,0.9,0.5,org.antlr.v4.test.runtime,190,0,0,0,0,0,0
Controversial Rules,class,antlr4,0.9,0.5,org.antlr.v4.test.runtime,190,0,0,0,0,0,0
Coupling Rules,class,antlr4,0.9,0.5,org.antlr.v4.test.runtime,190,0,0,0,0,0,0
Design Rules,class,antlr4,0.9,0.5,org.antlr.v4.test.runtime,190,0,0,0,0,0,0
Empty Code Rules,class,antlr4,0.9,0.5,org.antlr.v4.test.runtime,190,0,0,0,0,0,0
Finalizer Rules,class,antlr4,0.9,0.5,org.antlr.v4.test.runtime,190,0,0,0,0,0,0
Import Statement Rules,class,antlr4,0.9,0.5,org.antlr.v4.test.runtime,190,0,0,0,0,0,0
J2EE Rules,class,antlr4,0.9,0.5,org.antlr.v4.test.runtime,190,0,0,0,0,0,0
JUnit Rules,class,antlr4,0.9,0.5,org.antlr.v4.test.runtime,190,0,0,0,0,0,0
Jakarta Commons Logging Rules,class,antlr4,0.9,0.5,org.antlr.v4.test.runtime,190,0,0,0,0,0,0
Java Logging Rules,class,antlr4,0.9,0.5,org.antlr.v4.test.runtime,190,0,0,0,0,0,0
JavaBean Rules,class,antlr4,0.9,0.5,org.antlr.v4.test.runtime,190,0,0,0,0,0,0
MigratingToJUnit4 Rules,class,antlr4,0.9,0.5,org.antlr.v4.test.runtime,190,0,0,0,0,0,0
Migration Rules,class,antlr4,0.9,0.5,org.antlr.v4.test.runtime,190,0,0,0,0,0,0
Migration13 Rules,class,antlr4,0.9,0.5,org.antlr.v4.test.runtime,190,0,0,0,0,0,0
Migration14 Rules,class,antlr4,0.9,0.5,org.antlr.v4.test.runtime,190,0,0,0,0,0,0
Migration15 Rules,class,antlr4,0.9,0.5,org.antlr.v4.test.runtime,190,0,0,0,0,0,0
Naming Rules,class,antlr4,0.9,0.5,org.antlr.v4.test.runtime,190,0,0,0,0,0,0
Optimization Rules,class,antlr4,0.9,0.5,org.antlr.v4.test.runtime,190,0,0,0,0,0,0
Security Code Guideline Rules,class,antlr4,0.9,0.5,org.antlr.v4.test.runtime,190,0,0,0,0,0,0
Strict Exception Rules,class,antlr4,0.9,0.5,org.antlr.v4.test.runtime,190,0,0,0,0,0,0
String and StringBuffer Rules,class,antlr4,0.9,0.5,org.antlr.v4.test.runtime,190,0,0,0,0,0,0
Type Resolution Rules,class,antlr4,0.9,0.5,org.antlr.v4.test.runtime,190,0,0,0,0,0,0
Unnecessary and Unused Code Rules,class,antlr4,0.9,0.5,org.antlr.v4.test.runtime,190,0,0,0,0,0,0
Vulnerability Rules,class,antlr4,0.9,0.5,org.antlr.v4.test.runtime,190,0,0,0,0,0,0
CC,class,antlr4,0.9,0.5,org.antlr.v4.tool,1900,0,0,0,1,1,1
CCL,class,antlr4,0.9,0.5,org.antlr.v4.tool,1900,0,0,0,1,1,1
CCO,class,antlr4,0.9,0.5,org.antlr.v4.tool,1900,0,0,0,1,1,1
CI,class,antlr4,0.9,0.5,org.antlr.v4.tool,1900,0,0,0,1,1,1
CLC,class,antlr4,0.9,0.5,org.antlr.v4.tool,1900,0,0,0,1,1,1
CLLC,class,antlr4,0.9,0.5,org.antlr.v4.tool,1900,0,0,0,1,1,1
LDC,class,antlr4,0.9,0.5,org.antlr.v4.tool,1900,0,0,0,1,1,1
LLDC,class,antlr4,0.9,0.5,org.antlr.v4.tool,1900,0,0,0,1,1,1
LCOM5,class,antlr4,0.9,0.5,org.antlr.v4.tool,1900,0,0,0,1,1,1
NL,class,antlr4,0.9,0.5,org.antlr.v4.tool,1900,1,1,1,1,1,1
NLE,class,antlr4,0.9,0.5,org.antlr.v4.tool,1900,1,1,1,1,1,1
WMC,class,antlr4,0.9,0.5,org.antlr.v4.tool,1900,1,1,1,1,1,1
CBO,class,antlr4,0.9,0.5,org.antlr.v4.tool,1900,1,1,1,1,1,1
CBOI,class,antlr4,0.9,0.5,org.antlr.v4.tool,1900,1,1,1,1,1,1
NII,class,antlr4,0.9,0.5,org.antlr.v4.tool,1900,1,1,1,1,1,1
NOI,class,antlr4,0.9,0.5,org.antlr.v4.tool,1900,1,1,1,1,1,1
RFC,class,antlr4,0.9,0.5,org.antlr.v4.tool,1900,1,1,1,1,1,1
AD,class,antlr4,0.9,0.5,org.antlr.v4.tool,1900,1,1,1,1,1,1
CD,class,antlr4,0.9,0.5,org.antlr.v4.tool,1900,1,1,1,1,1,1
CLOC,class,antlr4,0.9,0.5,org.antlr.v4.tool,1900,1,1,1,1,1,1
DLOC,class,antlr4,0.9,0.5,org.antlr.v4.tool,1900,1,1,1,1,1,1
PDA,class,antlr4,0.9,0.5,org.antlr.v4.tool,1900,0,0,0,1,1,1
PUA,class,antlr4,0.9,0.5,org.antlr.v4.tool,1900,1,1,1,1,1,1
TCD,class,antlr4,0.9,0.5,org.antlr.v4.tool,1900,1,1,1,1,1,1
TCLOC,class,antlr4,0.9,0.5,org.antlr.v4.tool,1900,1,1,1,1,1,1
DIT,class,antlr4,0.9,0.5,org.antlr.v4.tool,1900,1,1,1,1,1,1
NOA,class,antlr4,0.9,0.5,org.antlr.v4.tool,1900,1,1,1,1,1,1
NOC,class,antlr4,0.9,0.5,org.antlr.v4.tool,1900,1,1,1,1,1,1
NOD,class,antlr4,0.9,0.5,org.antlr.v4.tool,1900,1,1,1,1,1,1
NOP,class,antlr4,0.9,0.5,org.antlr.v4.tool,1900,1,1,1,1,1,1
LLOC,class,antlr4,0.9,0.5,org.antlr.v4.tool,1900,1,1,1,1,1,1
LOC,class,antlr4,0.9,0.5,org.antlr.v4.tool,1900,1,1,1,1,1,1
NA,class,antlr4,0.9,0.5,org.antlr.v4.tool,1900,1,1,1,1,1,1
NG,class,antlr4,0.9,0.5,org.antlr.v4.tool,1900,1,1,1,1,1,1
NLA,class,antlr4,0.9,0.5,org.antlr.v4.tool,1900,1,1,1,1,1,1
NLG,class,antlr4,0.9,0.5,org.antlr.v4.tool,1900,1,1,1,1,1,1
NLM,class,antlr4,0.9,0.5,org.antlr.v4.tool,1900,1,1,1,1,1,1
NLPA,class,antlr4,0.9,0.5,org.antlr.v4.tool,1900,1,1,1,1,1,1
NLPM,class,antlr4,0.9,0.5,org.antlr.v4.tool,1900,1,1,1,1,1,1
NLS,class,antlr4,0.9,0.5,org.antlr.v4.tool,1900,1,1,1,1,1,1
NM,class,antlr4,0.9,0.5,org.antlr.v4.tool,1900,1,1,1,1,1,1
NOS,class,antlr4,0.9,0.5,org.antlr.v4.tool,1900,1,1,1,1,1,1
NPA,class,antlr4,0.9,0.5,org.antlr.v4.tool,1900,1,1,1,1,1,1
NPM,class,antlr4,0.9,0.5,org.antlr.v4.tool,1900,1,1,1,1,1,1
NS,class,antlr4,0.9,0.5,org.antlr.v4.tool,1900,1,1,1,1,1,1
TLLOC,class,antlr4,0.9,0.5,org.antlr.v4.tool,1900,1,1,1,1,1,1
TLOC,class,antlr4,0.9,0.5,org.antlr.v4.tool,1900,1,1,1,1,1,1
TNA,class,antlr4,0.9,0.5,org.antlr.v4.tool,1900,0,0,0,0,0,0
TNG,class,antlr4,0.9,0.5,org.antlr.v4.tool,1900,0,0,0,0,0,0
TNLA,class,antlr4,0.9,0.5,org.antlr.v4.tool,1900,0,0,0,0,0,0
TNLG,class,antlr4,0.9,0.5,org.antlr.v4.tool,1900,0,0,0,0,0,0
TNLM,class,antlr4,0.9,0.5,org.antlr.v4.tool,1900,0,0,0,0,0,0
TNLPA,class,antlr4,0.9,0.5,org.antlr.v4.tool,1900,0,0,0,0,0,0
TNLPM,class,antlr4,0.9,0.5,org.antlr.v4.tool,1900,0,0,0,0,0,0
TNLS,class,antlr4,0.9,0.5,org.antlr.v4.tool,1900,0,0,0,0,0,0
TNM,class,antlr4,0.9,0.5,org.antlr.v4.tool,1900,0,0,0,0,0,0
TNOS,class,antlr4,0.9,0.5,org.antlr.v4.tool,1900,0,0,0,0,0,0
TNPA,class,antlr4,0.9,0.5,org.antlr.v4.tool,1900,0,0,0,0,0,0
TNPM,class,antlr4,0.9,0.5,org.antlr.v4.tool,1900,0,0,0,0,0,0
TNS,class,antlr4,0.9,0.5,org.antlr.v4.tool,1900,0,0,0,0,0,0
WarningBlocker,class,antlr4,0.9,0.5,org.antlr.v4.tool,1900,0,0,0,0,0,0
WarningCritical,class,antlr4,0.9,0.5,org.antlr.v4.tool,1900,0,0,0,0,0,0
WarningInfo,class,antlr4,0.9,0.5,org.antlr.v4.tool,1900,0,0,0,0,0,0
WarningMajor,class,antlr4,0.9,0.5,org.antlr.v4.tool,1900,0,0,0,0,0,0
WarningMinor,class,antlr4,0.9,0.5,org.antlr.v4.tool,1900,0,0,0,0,0,0
Android Rules,class,antlr4,0.9,0.5,org.antlr.v4.tool,1900,0,0,0,0,0,0
Basic Rules,class,antlr4,0.9,0.5,org.antlr.v4.tool,1900,0,0,0,0,0,0
Brace Rules,class,antlr4,0.9,0.5,org.antlr.v4.tool,1900,0,0,0,0,0,0
Clone Implementation Rules,class,antlr4,0.9,0.5,org.antlr.v4.tool,1900,0,0,0,0,0,0
Code Size Rules,class,antlr4,0.9,0.5,org.antlr.v4.tool,1900,0,0,0,0,0,0
Comment Rules,class,antlr4,0.9,0.5,org.antlr.v4.tool,1900,0,0,0,0,0,0
Controversial Rules,class,antlr4,0.9,0.5,org.antlr.v4.tool,1900,0,0,0,0,0,0
Coupling Rules,class,antlr4,0.9,0.5,org.antlr.v4.tool,1900,0,0,0,0,0,0
Design Rules,class,antlr4,0.9,0.5,org.antlr.v4.tool,1900,0,0,0,0,0,0
Empty Code Rules,class,antlr4,0.9,0.5,org.antlr.v4.tool,1900,0,0,0,0,0,0
Finalizer Rules,class,antlr4,0.9,0.5,org.antlr.v4.tool,1900,0,0,0,0,0,0
Import Statement Rules,class,antlr4,0.9,0.5,org.antlr.v4.tool,1900,0,0,0,0,0,0
J2EE Rules,class,antlr4,0.9,0.5,org.antlr.v4.tool,1900,0,0,0,0,0,0
JUnit Rules,class,antlr4,0.9,0.5,org.antlr.v4.tool,1900,0,0,0,0,0,0
Jakarta Commons Logging Rules,class,antlr4,0.9,0.5,org.antlr.v4.tool,1900,0,0,0,0,0,0
Java Logging Rules,class,antlr4,0.9,0.5,org.antlr.v4.tool,1900,0,0,0,0,0,0
JavaBean Rules,class,antlr4,0.9,0.5,org.antlr.v4.tool,1900,0,0,0,0,0,0
MigratingToJUnit4 Rules,class,antlr4,0.9,0.5,org.antlr.v4.tool,1900,0,0,0,0,0,0
Migration Rules,class,antlr4,0.9,0.5,org.antlr.v4.tool,1900,0,0,0,0,0,0
Migration13 Rules,class,antlr4,0.9,0.5,org.antlr.v4.tool,1900,0,0,0,0,0,0
Migration14 Rules,class,antlr4,0.9,0.5,org.antlr.v4.tool,1900,0,0,0,0,0,0
Migration15 Rules,class,antlr4,0.9,0.5,org.antlr.v4.tool,1900,0,0,0,0,0,0
Naming Rules,class,antlr4,0.9,0.5,org.antlr.v4.tool,1900,0,0,0,0,0,0
Optimization Rules,class,antlr4,0.9,0.5,org.antlr.v4.tool,1900,0,0,0,0,0,0
Security Code Guideline Rules,class,antlr4,0.9,0.5,org.antlr.v4.tool,1900,0,0,0,0,0,0
Strict Exception Rules,class,antlr4,0.9,0.5,org.antlr.v4.tool,1900,0,0,0,0,0,0
String and StringBuffer Rules,class,antlr4,0.9,0.5,org.antlr.v4.tool,1900,0,0,0,0,0,0
Type Resolution Rules,class,antlr4,0.9,0.5,org.antlr.v4.tool,1900,0,0,0,0,0,0
Unnecessary and Unused Code Rules,class,antlr4,0.9,0.5,org.antlr.v4.tool,1900,0,0,0,0,0,0
Vulnerability Rules,class,antlr4,0.9,0.5,org.antlr.v4.tool,1900,0,0,0,0,0,0
CC,class,antlr4,0.9,0.5,org.antlr.v4.automata,475,1,1,1,1,1,1
CCL,class,antlr4,0.9,0.5,org.antlr.v4.automata,475,1,1,1,1,1,1
CCO,class,antlr4,0.9,0.5,org.antlr.v4.automata,475,1,1,1,1,1,1
CI,class,antlr4,0.9,0.5,org.antlr.v4.automata,475,1,1,1,1,1,1
CLC,class,antlr4,0.9,0.5,org.antlr.v4.automata,475,1,1,1,1,1,1
CLLC,class,antlr4,0.9,0.5,org.antlr.v4.automata,475,1,1,1,1,1,1
LDC,class,antlr4,0.9,0.5,org.antlr.v4.automata,475,1,1,1,1,1,1
LLDC,class,antlr4,0.9,0.5,org.antlr.v4.automata,475,1,1,1,1,1,1
LCOM5,class,antlr4,0.9,0.5,org.antlr.v4.automata,475,0,0,0,1,1,1
NL,class,antlr4,0.9,0.5,org.antlr.v4.automata,475,1,1,1,1,1,1
NLE,class,antlr4,0.9,0.5,org.antlr.v4.automata,475,1,1,1,1,1,1
WMC,class,antlr4,0.9,0.5,org.antlr.v4.automata,475,1,1,1,1,1,1
CBO,class,antlr4,0.9,0.5,org.antlr.v4.automata,475,1,1,1,1,1,1
CBOI,class,antlr4,0.9,0.5,org.antlr.v4.automata,475,1,1,1,1,1,1
NII,class,antlr4,0.9,0.5,org.antlr.v4.automata,475,1,1,1,1,1,1
NOI,class,antlr4,0.9,0.5,org.antlr.v4.automata,475,1,1,1,1,1,1
RFC,class,antlr4,0.9,0.5,org.antlr.v4.automata,475,1,1,1,1,1,1
AD,class,antlr4,0.9,0.5,org.antlr.v4.automata,475,1,1,1,1,1,1
CD,class,antlr4,0.9,0.5,org.antlr.v4.automata,475,1,1,1,1,1,1
CLOC,class,antlr4,0.9,0.5,org.antlr.v4.automata,475,1,1,1,1,1,1
DLOC,class,antlr4,0.9,0.5,org.antlr.v4.automata,475,1,1,1,1,1,1
PDA,class,antlr4,0.9,0.5,org.antlr.v4.automata,475,0,0,0,1,1,1
PUA,class,antlr4,0.9,0.5,org.antlr.v4.automata,475,1,1,1,1,1,1
TCD,class,antlr4,0.9,0.5,org.antlr.v4.automata,475,1,1,1,1,1,1
TCLOC,class,antlr4,0.9,0.5,org.antlr.v4.automata,475,1,1,1,1,1,1
DIT,class,antlr4,0.9,0.5,org.antlr.v4.automata,475,1,1,1,1,1,1
NOA,class,antlr4,0.9,0.5,org.antlr.v4.automata,475,1,1,1,1,1,1
NOC,class,antlr4,0.9,0.5,org.antlr.v4.automata,475,0,0,0,1,1,1
NOD,class,antlr4,0.9,0.5,org.antlr.v4.automata,475,0,0,0,1,1,1
NOP,class,antlr4,0.9,0.5,org.antlr.v4.automata,475,1,1,1,1,1,1
LLOC,class,antlr4,0.9,0.5,org.antlr.v4.automata,475,1,1,1,1,1,1
LOC,class,antlr4,0.9,0.5,org.antlr.v4.automata,475,1,1,1,1,1,1
NA,class,antlr4,0.9,0.5,org.antlr.v4.automata,475,1,1,1,1,1,1
NG,class,antlr4,0.9,0.5,org.antlr.v4.automata,475,1,1,1,1,1,1
NLA,class,antlr4,0.9,0.5,org.antlr.v4.automata,475,1,1,1,1,1,1
NLG,class,antlr4,0.9,0.5,org.antlr.v4.automata,475,1,1,1,1,1,1
NLM,class,antlr4,0.9,0.5,org.antlr.v4.automata,475,1,1,1,1,1,1
NLPA,class,antlr4,0.9,0.5,org.antlr.v4.automata,475,1,1,1,1,1,1
NLPM,class,antlr4,0.9,0.5,org.antlr.v4.automata,475,1,1,1,1,1,1
NLS,class,antlr4,0.9,0.5,org.antlr.v4.automata,475,0,0,0,1,1,1
NM,class,antlr4,0.9,0.5,org.antlr.v4.automata,475,1,1,1,1,1,1
NOS,class,antlr4,0.9,0.5,org.antlr.v4.automata,475,1,1,1,1,1,1
NPA,class,antlr4,0.9,0.5,org.antlr.v4.automata,475,1,1,1,1,1,1
NPM,class,antlr4,0.9,0.5,org.antlr.v4.automata,475,1,1,1,1,1,1
NS,class,antlr4,0.9,0.5,org.antlr.v4.automata,475,1,1,1,1,1,1
TLLOC,class,antlr4,0.9,0.5,org.antlr.v4.automata,475,1,1,1,1,1,1
TLOC,class,antlr4,0.9,0.5,org.antlr.v4.automata,475,1,1,1,1,1,1
TNA,class,antlr4,0.9,0.5,org.antlr.v4.automata,475,0,0,0,0,0,0
TNG,class,antlr4,0.9,0.5,org.antlr.v4.automata,475,0,0,0,0,0,0
TNLA,class,antlr4,0.9,0.5,org.antlr.v4.automata,475,0,0,0,0,0,0
TNLG,class,antlr4,0.9,0.5,org.antlr.v4.automata,475,0,0,0,0,0,0
TNLM,class,antlr4,0.9,0.5,org.antlr.v4.automata,475,0,0,0,0,0,0
TNLPA,class,antlr4,0.9,0.5,org.antlr.v4.automata,475,0,0,0,0,0,0
TNLPM,class,antlr4,0.9,0.5,org.antlr.v4.automata,475,0,0,0,0,0,0
TNLS,class,antlr4,0.9,0.5,org.antlr.v4.automata,475,0,0,0,0,0,0
TNM,class,antlr4,0.9,0.5,org.antlr.v4.automata,475,0,0,0,0,0,0
TNOS,class,antlr4,0.9,0.5,org.antlr.v4.automata,475,0,0,0,0,0,0
TNPA,class,antlr4,0.9,0.5,org.antlr.v4.automata,475,0,0,0,0,0,0
TNPM,class,antlr4,0.9,0.5,org.antlr.v4.automata,475,0,0,0,0,0,0
TNS,class,antlr4,0.9,0.5,org.antlr.v4.automata,475,0,0,0,0,0,0
WarningBlocker,class,antlr4,0.9,0.5,org.antlr.v4.automata,475,0,0,0,0,0,0
WarningCritical,class,antlr4,0.9,0.5,org.antlr.v4.automata,475,0,0,0,0,0,0
WarningInfo,class,antlr4,0.9,0.5,org.antlr.v4.automata,475,0,0,0,0,0,0
WarningMajor,class,antlr4,0.9,0.5,org.antlr.v4.automata,475,0,0,0,0,0,0
WarningMinor,class,antlr4,0.9,0.5,org.antlr.v4.automata,475,0,0,0,0,0,0
Android Rules,class,antlr4,0.9,0.5,org.antlr.v4.automata,475,0,0,0,0,0,0
Basic Rules,class,antlr4,0.9,0.5,org.antlr.v4.automata,475,0,0,0,0,0,0
Brace Rules,class,antlr4,0.9,0.5,org.antlr.v4.automata,475,0,0,0,0,0,0
Clone Implementation Rules,class,antlr4,0.9,0.5,org.antlr.v4.automata,475,0,0,0,0,0,0
Code Size Rules,class,antlr4,0.9,0.5,org.antlr.v4.automata,475,0,0,0,0,0,0
Comment Rules,class,antlr4,0.9,0.5,org.antlr.v4.automata,475,0,0,0,0,0,0
Controversial Rules,class,antlr4,0.9,0.5,org.antlr.v4.automata,475,0,0,0,0,0,0
Coupling Rules,class,antlr4,0.9,0.5,org.antlr.v4.automata,475,0,0,0,0,0,0
Design Rules,class,antlr4,0.9,0.5,org.antlr.v4.automata,475,0,0,0,0,0,0
Empty Code Rules,class,antlr4,0.9,0.5,org.antlr.v4.automata,475,0,0,0,0,0,0
Finalizer Rules,class,antlr4,0.9,0.5,org.antlr.v4.automata,475,0,0,0,0,0,0
Import Statement Rules,class,antlr4,0.9,0.5,org.antlr.v4.automata,475,0,0,0,0,0,0
J2EE Rules,class,antlr4,0.9,0.5,org.antlr.v4.automata,475,0,0,0,0,0,0
JUnit Rules,class,antlr4,0.9,0.5,org.antlr.v4.automata,475,0,0,0,0,0,0
Jakarta Commons Logging Rules,class,antlr4,0.9,0.5,org.antlr.v4.automata,475,0,0,0,0,0,0
Java Logging Rules,class,antlr4,0.9,0.5,org.antlr.v4.automata,475,0,0,0,0,0,0
JavaBean Rules,class,antlr4,0.9,0.5,org.antlr.v4.automata,475,0,0,0,0,0,0
MigratingToJUnit4 Rules,class,antlr4,0.9,0.5,org.antlr.v4.automata,475,0,0,0,0,0,0
Migration Rules,class,antlr4,0.9,0.5,org.antlr.v4.automata,475,0,0,0,0,0,0
Migration13 Rules,class,antlr4,0.9,0.5,org.antlr.v4.automata,475,0,0,0,0,0,0
Migration14 Rules,class,antlr4,0.9,0.5,org.antlr.v4.automata,475,0,0,0,0,0,0
Migration15 Rules,class,antlr4,0.9,0.5,org.antlr.v4.automata,475,0,0,0,0,0,0
Naming Rules,class,antlr4,0.9,0.5,org.antlr.v4.automata,475,0,0,0,0,0,0
Optimization Rules,class,antlr4,0.9,0.5,org.antlr.v4.automata,475,0,0,0,0,0,0
Security Code Guideline Rules,class,antlr4,0.9,0.5,org.antlr.v4.automata,475,0,0,0,0,0,0
Strict Exception Rules,class,antlr4,0.9,0.5,org.antlr.v4.automata,475,0,0,0,0,0,0
String and StringBuffer Rules,class,antlr4,0.9,0.5,org.antlr.v4.automata,475,0,0,0,0,0,0
Type Resolution Rules,class,antlr4,0.9,0.5,org.antlr.v4.automata,475,0,0,0,0,0,0
Unnecessary and Unused Code Rules,class,antlr4,0.9,0.5,org.antlr.v4.automata,475,0,0,0,0,0,0
Vulnerability Rules,class,antlr4,0.9,0.5,org.antlr.v4.automata,475,0,0,0,0,0,0
CC,class,antlr4,0.9,0.5,org.antlr.v4.runtime.tree,190,0,0,0,1,1,1
CCL,class,antlr4,0.9,0.5,org.antlr.v4.runtime.tree,190,0,0,0,1,1,1
CCO,class,antlr4,0.9,0.5,org.antlr.v4.runtime.tree,190,0,0,0,1,1,1
CI,class,antlr4,0.9,0.5,org.antlr.v4.runtime.tree,190,0,0,0,1,1,1
CLC,class,antlr4,0.9,0.5,org.antlr.v4.runtime.tree,190,0,0,0,1,1,1
CLLC,class,antlr4,0.9,0.5,org.antlr.v4.runtime.tree,190,0,0,0,1,1,1
LDC,class,antlr4,0.9,0.5,org.antlr.v4.runtime.tree,190,0,0,0,1,1,1
LLDC,class,antlr4,0.9,0.5,org.antlr.v4.runtime.tree,190,0,0,0,1,1,1
LCOM5,class,antlr4,0.9,0.5,org.antlr.v4.runtime.tree,190,0,0,0,1,1,1
NL,class,antlr4,0.9,0.5,org.antlr.v4.runtime.tree,190,0,0,0,1,1,1
NLE,class,antlr4,0.9,0.5,org.antlr.v4.runtime.tree,190,0,0,0,1,1,1
WMC,class,antlr4,0.9,0.5,org.antlr.v4.runtime.tree,190,0,0,0,1,1,1
CBO,class,antlr4,0.9,0.5,org.antlr.v4.runtime.tree,190,0,0,0,1,1,1
CBOI,class,antlr4,0.9,0.5,org.antlr.v4.runtime.tree,190,0,0,0,1,1,1
NII,class,antlr4,0.9,0.5,org.antlr.v4.runtime.tree,190,0,0,0,1,1,1
NOI,class,antlr4,0.9,0.5,org.antlr.v4.runtime.tree,190,0,0,0,1,1,1
RFC,class,antlr4,0.9,0.5,org.antlr.v4.runtime.tree,190,0,0,0,1,1,1
AD,class,antlr4,0.9,0.5,org.antlr.v4.runtime.tree,190,0,0,0,1,1,1
CD,class,antlr4,0.9,0.5,org.antlr.v4.runtime.tree,190,1,1,1,1,1,1
CLOC,class,antlr4,0.9,0.5,org.antlr.v4.runtime.tree,190,1,1,1,1,1,1
DLOC,class,antlr4,0.9,0.5,org.antlr.v4.runtime.tree,190,1,1,1,1,1,1
PDA,class,antlr4,0.9,0.5,org.antlr.v4.runtime.tree,190,0,0,0,1,1,1
PUA,class,antlr4,0.9,0.5,org.antlr.v4.runtime.tree,190,0,0,0,1,1,1
TCD,class,antlr4,0.9,0.5,org.antlr.v4.runtime.tree,190,1,1,1,1,1,1
TCLOC,class,antlr4,0.9,0.5,org.antlr.v4.runtime.tree,190,1,1,1,1,1,1
DIT,class,antlr4,0.9,0.5,org.antlr.v4.runtime.tree,190,0,0,0,1,1,1
NOA,class,antlr4,0.9,0.5,org.antlr.v4.runtime.tree,190,0,0,0,1,1,1
NOC,class,antlr4,0.9,0.5,org.antlr.v4.runtime.tree,190,0,0,0,1,1,1
NOD,class,antlr4,0.9,0.5,org.antlr.v4.runtime.tree,190,0,0,0,1,1,1
NOP,class,antlr4,0.9,0.5,org.antlr.v4.runtime.tree,190,0,0,0,1,1,1
LLOC,class,antlr4,0.9,0.5,org.antlr.v4.runtime.tree,190,0,0,0,1,1,1
LOC,class,antlr4,0.9,0.5,org.antlr.v4.runtime.tree,190,1,1,1,1,1,1
NA,class,antlr4,0.9,0.5,org.antlr.v4.runtime.tree,190,0,0,0,1,1,1
NG,class,antlr4,0.9,0.5,org.antlr.v4.runtime.tree,190,0,0,0,1,1,1
NLA,class,antlr4,0.9,0.5,org.antlr.v4.runtime.tree,190,0,0,0,1,1,1
NLG,class,antlr4,0.9,0.5,org.antlr.v4.runtime.tree,190,0,0,0,1,1,1
NLM,class,antlr4,0.9,0.5,org.antlr.v4.runtime.tree,190,0,0,0,1,1,1
NLPA,class,antlr4,0.9,0.5,org.antlr.v4.runtime.tree,190,0,0,0,1,1,1
NLPM,class,antlr4,0.9,0.5,org.antlr.v4.runtime.tree,190,0,0,0,1,1,1
NLS,class,antlr4,0.9,0.5,org.antlr.v4.runtime.tree,190,0,0,0,1,1,1
NM,class,antlr4,0.9,0.5,org.antlr.v4.runtime.tree,190,0,0,0,1,1,1
NOS,class,antlr4,0.9,0.5,org.antlr.v4.runtime.tree,190,0,0,0,1,1,1
NPA,class,antlr4,0.9,0.5,org.antlr.v4.runtime.tree,190,0,0,0,1,1,1
NPM,class,antlr4,0.9,0.5,org.antlr.v4.runtime.tree,190,0,0,0,1,1,1
NS,class,antlr4,0.9,0.5,org.antlr.v4.runtime.tree,190,0,0,0,1,1,1
TLLOC,class,antlr4,0.9,0.5,org.antlr.v4.runtime.tree,190,0,0,0,1,1,1
TLOC,class,antlr4,0.9,0.5,org.antlr.v4.runtime.tree,190,1,1,1,1,1,1
TNA,class,antlr4,0.9,0.5,org.antlr.v4.runtime.tree,190,0,0,0,0,0,0
TNG,class,antlr4,0.9,0.5,org.antlr.v4.runtime.tree,190,0,0,0,0,0,0
TNLA,class,antlr4,0.9,0.5,org.antlr.v4.runtime.tree,190,0,0,0,0,0,0
TNLG,class,antlr4,0.9,0.5,org.antlr.v4.runtime.tree,190,0,0,0,0,0,0
TNLM,class,antlr4,0.9,0.5,org.antlr.v4.runtime.tree,190,0,0,0,0,0,0
TNLPA,class,antlr4,0.9,0.5,org.antlr.v4.runtime.tree,190,0,0,0,0,0,0
TNLPM,class,antlr4,0.9,0.5,org.antlr.v4.runtime.tree,190,0,0,0,0,0,0
TNLS,class,antlr4,0.9,0.5,org.antlr.v4.runtime.tree,190,0,0,0,0,0,0
TNM,class,antlr4,0.9,0.5,org.antlr.v4.runtime.tree,190,0,0,0,0,0,0
TNOS,class,antlr4,0.9,0.5,org.antlr.v4.runtime.tree,190,0,0,0,0,0,0
TNPA,class,antlr4,0.9,0.5,org.antlr.v4.runtime.tree,190,0,0,0,0,0,0
TNPM,class,antlr4,0.9,0.5,org.antlr.v4.runtime.tree,190,0,0,0,0,0,0
TNS,class,antlr4,0.9,0.5,org.antlr.v4.runtime.tree,190,0,0,0,0,0,0
WarningBlocker,class,antlr4,0.9,0.5,org.antlr.v4.runtime.tree,190,0,0,0,0,0,0
WarningCritical,class,antlr4,0.9,0.5,org.antlr.v4.runtime.tree,190,0,0,0,0,0,0
WarningInfo,class,antlr4,0.9,0.5,org.antlr.v4.runtime.tree,190,0,0,0,0,0,0
WarningMajor,class,antlr4,0.9,0.5,org.antlr.v4.runtime.tree,190,0,0,0,0,0,0
WarningMinor,class,antlr4,0.9,0.5,org.antlr.v4.runtime.tree,190,0,0,0,0,0,0
Android Rules,class,antlr4,0.9,0.5,org.antlr.v4.runtime.tree,190,0,0,0,0,0,0
Basic Rules,class,antlr4,0.9,0.5,org.antlr.v4.runtime.tree,190,0,0,0,0,0,0
Brace Rules,class,antlr4,0.9,0.5,org.antlr.v4.runtime.tree,190,0,0,0,0,0,0
Clone Implementation Rules,class,antlr4,0.9,0.5,org.antlr.v4.runtime.tree,190,0,0,0,0,0,0
Code Size Rules,class,antlr4,0.9,0.5,org.antlr.v4.runtime.tree,190,0,0,0,0,0,0
Comment Rules,class,antlr4,0.9,0.5,org.antlr.v4.runtime.tree,190,0,0,0,0,0,0
Controversial Rules,class,antlr4,0.9,0.5,org.antlr.v4.runtime.tree,190,0,0,0,0,0,0
Coupling Rules,class,antlr4,0.9,0.5,org.antlr.v4.runtime.tree,190,0,0,0,0,0,0
Design Rules,class,antlr4,0.9,0.5,org.antlr.v4.runtime.tree,190,0,0,0,0,0,0
Empty Code Rules,class,antlr4,0.9,0.5,org.antlr.v4.runtime.tree,190,0,0,0,0,0,0
Finalizer Rules,class,antlr4,0.9,0.5,org.antlr.v4.runtime.tree,190,0,0,0,0,0,0
Import Statement Rules,class,antlr4,0.9,0.5,org.antlr.v4.runtime.tree,190,0,0,0,0,0,0
J2EE Rules,class,antlr4,0.9,0.5,org.antlr.v4.runtime.tree,190,0,0,0,0,0,0
JUnit Rules,class,antlr4,0.9,0.5,org.antlr.v4.runtime.tree,190,0,0,0,0,0,0
Jakarta Commons Logging Rules,class,antlr4,0.9,0.5,org.antlr.v4.runtime.tree,190,0,0,0,0,0,0
Java Logging Rules,class,antlr4,0.9,0.5,org.antlr.v4.runtime.tree,190,0,0,0,0,0,0
JavaBean Rules,class,antlr4,0.9,0.5,org.antlr.v4.runtime.tree,190,0,0,0,0,0,0
MigratingToJUnit4 Rules,class,antlr4,0.9,0.5,org.antlr.v4.runtime.tree,190,0,0,0,0,0,0
Migration Rules,class,antlr4,0.9,0.5,org.antlr.v4.runtime.tree,190,0,0,0,0,0,0
Migration13 Rules,class,antlr4,0.9,0.5,org.antlr.v4.runtime.tree,190,0,0,0,0,0,0
Migration14 Rules,class,antlr4,0.9,0.5,org.antlr.v4.runtime.tree,190,0,0,0,0,0,0
Migration15 Rules,class,antlr4,0.9,0.5,org.antlr.v4.runtime.tree,190,0,0,0,0,0,0
Naming Rules,class,antlr4,0.9,0.5,org.antlr.v4.runtime.tree,190,0,0,0,0,0,0
Optimization Rules,class,antlr4,0.9,0.5,org.antlr.v4.runtime.tree,190,0,0,0,0,0,0
Security Code Guideline Rules,class,antlr4,0.9,0.5,org.antlr.v4.runtime.tree,190,0,0,0,0,0,0
Strict Exception Rules,class,antlr4,0.9,0.5,org.antlr.v4.runtime.tree,190,0,0,0,0,0,0
String and StringBuffer Rules,class,antlr4,0.9,0.5,org.antlr.v4.runtime.tree,190,0,0,0,0,0,0
Type Resolution Rules,class,antlr4,0.9,0.5,org.antlr.v4.runtime.tree,190,0,0,0,0,0,0
Unnecessary and Unused Code Rules,class,antlr4,0.9,0.5,org.antlr.v4.runtime.tree,190,0,0,0,0,0,0
Vulnerability Rules,class,antlr4,0.9,0.5,org.antlr.v4.runtime.tree,190,0,0,0,0,0,0
CC,class,antlr4,0.9,0.5,org.antlr.v4.codegen.model,1045,1,1,1,1,1,1
CCL,class,antlr4,0.9,0.5,org.antlr.v4.codegen.model,1045,1,1,1,1,1,1
CCO,class,antlr4,0.9,0.5,org.antlr.v4.codegen.model,1045,1,1,1,1,1,1
CI,class,antlr4,0.9,0.5,org.antlr.v4.codegen.model,1045,1,1,1,1,1,1
CLC,class,antlr4,0.9,0.5,org.antlr.v4.codegen.model,1045,1,1,1,1,1,1
CLLC,class,antlr4,0.9,0.5,org.antlr.v4.codegen.model,1045,1,1,1,1,1,1
LDC,class,antlr4,0.9,0.5,org.antlr.v4.codegen.model,1045,1,1,1,1,1,1
LLDC,class,antlr4,0.9,0.5,org.antlr.v4.codegen.model,1045,1,1,1,1,1,1
LCOM5,class,antlr4,0.9,0.5,org.antlr.v4.codegen.model,1045,0,0,0,1,1,1
NL,class,antlr4,0.9,0.5,org.antlr.v4.codegen.model,1045,1,1,1,1,1,1
NLE,class,antlr4,0.9,0.5,org.antlr.v4.codegen.model,1045,1,1,1,1,1,1
WMC,class,antlr4,0.9,0.5,org.antlr.v4.codegen.model,1045,1,1,1,1,1,1
CBO,class,antlr4,0.9,0.5,org.antlr.v4.codegen.model,1045,1,1,1,1,1,1
CBOI,class,antlr4,0.9,0.5,org.antlr.v4.codegen.model,1045,1,1,1,1,1,1
NII,class,antlr4,0.9,0.5,org.antlr.v4.codegen.model,1045,1,1,1,1,1,1
NOI,class,antlr4,0.9,0.5,org.antlr.v4.codegen.model,1045,1,1,1,1,1,1
RFC,class,antlr4,0.9,0.5,org.antlr.v4.codegen.model,1045,1,1,1,1,1,1
AD,class,antlr4,0.9,0.5,org.antlr.v4.codegen.model,1045,0,0,0,1,1,1
CD,class,antlr4,0.9,0.5,org.antlr.v4.codegen.model,1045,1,1,1,1,1,1
CLOC,class,antlr4,0.9,0.5,org.antlr.v4.codegen.model,1045,1,1,1,1,1,1
DLOC,class,antlr4,0.9,0.5,org.antlr.v4.codegen.model,1045,1,1,1,1,1,1
PDA,class,antlr4,0.9,0.5,org.antlr.v4.codegen.model,1045,0,0,0,1,1,1
PUA,class,antlr4,0.9,0.5,org.antlr.v4.codegen.model,1045,0,0,0,1,1,1
TCD,class,antlr4,0.9,0.5,org.antlr.v4.codegen.model,1045,1,1,1,1,1,1
TCLOC,class,antlr4,0.9,0.5,org.antlr.v4.codegen.model,1045,1,1,1,1,1,1
DIT,class,antlr4,0.9,0.5,org.antlr.v4.codegen.model,1045,1,1,1,1,1,1
NOA,class,antlr4,0.9,0.5,org.antlr.v4.codegen.model,1045,1,1,1,1,1,1
NOC,class,antlr4,0.9,0.5,org.antlr.v4.codegen.model,1045,1,1,1,1,1,1
NOD,class,antlr4,0.9,0.5,org.antlr.v4.codegen.model,1045,1,1,1,1,1,1
NOP,class,antlr4,0.9,0.5,org.antlr.v4.codegen.model,1045,0,0,0,1,1,1
LLOC,class,antlr4,0.9,0.5,org.antlr.v4.codegen.model,1045,1,1,1,1,1,1
LOC,class,antlr4,0.9,0.5,org.antlr.v4.codegen.model,1045,1,1,1,1,1,1
NA,class,antlr4,0.9,0.5,org.antlr.v4.codegen.model,1045,1,1,1,1,1,1
NG,class,antlr4,0.9,0.5,org.antlr.v4.codegen.model,1045,1,1,1,1,1,1
NLA,class,antlr4,0.9,0.5,org.antlr.v4.codegen.model,1045,1,1,1,1,1,1
NLG,class,antlr4,0.9,0.5,org.antlr.v4.codegen.model,1045,1,1,1,1,1,1
NLM,class,antlr4,0.9,0.5,org.antlr.v4.codegen.model,1045,1,1,1,1,1,1
NLPA,class,antlr4,0.9,0.5,org.antlr.v4.codegen.model,1045,1,1,1,1,1,1
NLPM,class,antlr4,0.9,0.5,org.antlr.v4.codegen.model,1045,1,1,1,1,1,1
NLS,class,antlr4,0.9,0.5,org.antlr.v4.codegen.model,1045,0,0,0,1,1,1
NM,class,antlr4,0.9,0.5,org.antlr.v4.codegen.model,1045,1,1,1,1,1,1
NOS,class,antlr4,0.9,0.5,org.antlr.v4.codegen.model,1045,1,1,1,1,1,1
NPA,class,antlr4,0.9,0.5,org.antlr.v4.codegen.model,1045,1,1,1,1,1,1
NPM,class,antlr4,0.9,0.5,org.antlr.v4.codegen.model,1045,0,0,0,1,1,1
NS,class,antlr4,0.9,0.5,org.antlr.v4.codegen.model,1045,0,0,0,1,1,1
TLLOC,class,antlr4,0.9,0.5,org.antlr.v4.codegen.model,1045,1,1,1,1,1,1
TLOC,class,antlr4,0.9,0.5,org.antlr.v4.codegen.model,1045,1,1,1,1,1,1
TNA,class,antlr4,0.9,0.5,org.antlr.v4.codegen.model,1045,0,0,0,0,0,0
TNG,class,antlr4,0.9,0.5,org.antlr.v4.codegen.model,1045,0,0,0,0,0,0
TNLA,class,antlr4,0.9,0.5,org.antlr.v4.codegen.model,1045,0,0,0,0,0,0
TNLG,class,antlr4,0.9,0.5,org.antlr.v4.codegen.model,1045,0,0,0,0,0,0
TNLM,class,antlr4,0.9,0.5,org.antlr.v4.codegen.model,1045,0,0,0,0,0,0
TNLPA,class,antlr4,0.9,0.5,org.antlr.v4.codegen.model,1045,0,0,0,0,0,0
TNLPM,class,antlr4,0.9,0.5,org.antlr.v4.codegen.model,1045,0,0,0,0,0,0
TNLS,class,antlr4,0.9,0.5,org.antlr.v4.codegen.model,1045,0,0,0,0,0,0
TNM,class,antlr4,0.9,0.5,org.antlr.v4.codegen.model,1045,0,0,0,0,0,0
TNOS,class,antlr4,0.9,0.5,org.antlr.v4.codegen.model,1045,0,0,0,0,0,0
TNPA,class,antlr4,0.9,0.5,org.antlr.v4.codegen.model,1045,0,0,0,0,0,0
TNPM,class,antlr4,0.9,0.5,org.antlr.v4.codegen.model,1045,0,0,0,0,0,0
TNS,class,antlr4,0.9,0.5,org.antlr.v4.codegen.model,1045,0,0,0,0,0,0
WarningBlocker,class,antlr4,0.9,0.5,org.antlr.v4.codegen.model,1045,0,0,0,0,0,0
WarningCritical,class,antlr4,0.9,0.5,org.antlr.v4.codegen.model,1045,0,0,0,0,0,0
WarningInfo,class,antlr4,0.9,0.5,org.antlr.v4.codegen.model,1045,0,0,0,0,0,0
WarningMajor,class,antlr4,0.9,0.5,org.antlr.v4.codegen.model,1045,0,0,0,0,0,0
WarningMinor,class,antlr4,0.9,0.5,org.antlr.v4.codegen.model,1045,0,0,0,0,0,0
Android Rules,class,antlr4,0.9,0.5,org.antlr.v4.codegen.model,1045,0,0,0,0,0,0
Basic Rules,class,antlr4,0.9,0.5,org.antlr.v4.codegen.model,1045,0,0,0,0,0,0
Brace Rules,class,antlr4,0.9,0.5,org.antlr.v4.codegen.model,1045,0,0,0,0,0,0
Clone Implementation Rules,class,antlr4,0.9,0.5,org.antlr.v4.codegen.model,1045,0,0,0,0,0,0
Code Size Rules,class,antlr4,0.9,0.5,org.antlr.v4.codegen.model,1045,0,0,0,0,0,0
Comment Rules,class,antlr4,0.9,0.5,org.antlr.v4.codegen.model,1045,0,0,0,0,0,0
Controversial Rules,class,antlr4,0.9,0.5,org.antlr.v4.codegen.model,1045,0,0,0,0,0,0
Coupling Rules,class,antlr4,0.9,0.5,org.antlr.v4.codegen.model,1045,0,0,0,0,0,0
Design Rules,class,antlr4,0.9,0.5,org.antlr.v4.codegen.model,1045,0,0,0,0,0,0
Empty Code Rules,class,antlr4,0.9,0.5,org.antlr.v4.codegen.model,1045,0,0,0,0,0,0
Finalizer Rules,class,antlr4,0.9,0.5,org.antlr.v4.codegen.model,1045,0,0,0,0,0,0
Import Statement Rules,class,antlr4,0.9,0.5,org.antlr.v4.codegen.model,1045,0,0,0,0,0,0
J2EE Rules,class,antlr4,0.9,0.5,org.antlr.v4.codegen.model,1045,0,0,0,0,0,0
JUnit Rules,class,antlr4,0.9,0.5,org.antlr.v4.codegen.model,1045,0,0,0,0,0,0
Jakarta Commons Logging Rules,class,antlr4,0.9,0.5,org.antlr.v4.codegen.model,1045,0,0,0,0,0,0
Java Logging Rules,class,antlr4,0.9,0.5,org.antlr.v4.codegen.model,1045,0,0,0,0,0,0
JavaBean Rules,class,antlr4,0.9,0.5,org.antlr.v4.codegen.model,1045,0,0,0,0,0,0
MigratingToJUnit4 Rules,class,antlr4,0.9,0.5,org.antlr.v4.codegen.model,1045,0,0,0,0,0,0
Migration Rules,class,antlr4,0.9,0.5,org.antlr.v4.codegen.model,1045,0,0,0,0,0,0
Migration13 Rules,class,antlr4,0.9,0.5,org.antlr.v4.codegen.model,1045,0,0,0,0,0,0
Migration14 Rules,class,antlr4,0.9,0.5,org.antlr.v4.codegen.model,1045,0,0,0,0,0,0
Migration15 Rules,class,antlr4,0.9,0.5,org.antlr.v4.codegen.model,1045,0,0,0,0,0,0
Naming Rules,class,antlr4,0.9,0.5,org.antlr.v4.codegen.model,1045,0,0,0,0,0,0
Optimization Rules,class,antlr4,0.9,0.5,org.antlr.v4.codegen.model,1045,0,0,0,0,0,0
Security Code Guideline Rules,class,antlr4,0.9,0.5,org.antlr.v4.codegen.model,1045,0,0,0,0,0,0
Strict Exception Rules,class,antlr4,0.9,0.5,org.antlr.v4.codegen.model,1045,0,0,0,0,0,0
String and StringBuffer Rules,class,antlr4,0.9,0.5,org.antlr.v4.codegen.model,1045,0,0,0,0,0,0
Type Resolution Rules,class,antlr4,0.9,0.5,org.antlr.v4.codegen.model,1045,0,0,0,0,0,0
Unnecessary and Unused Code Rules,class,antlr4,0.9,0.5,org.antlr.v4.codegen.model,1045,0,0,0,0,0,0
Vulnerability Rules,class,antlr4,0.9,0.5,org.antlr.v4.codegen.model,1045,0,0,0,0,0,0
CC,class,antlr4,0.9,0.5,org.antlr.v4.codegen.target,475,1,1,1,1,1,1
CCL,class,antlr4,0.9,0.5,org.antlr.v4.codegen.target,475,1,1,1,1,1,1
CCO,class,antlr4,0.9,0.5,org.antlr.v4.codegen.target,475,1,1,1,1,1,1
CI,class,antlr4,0.9,0.5,org.antlr.v4.codegen.target,475,1,1,1,1,1,1
CLC,class,antlr4,0.9,0.5,org.antlr.v4.codegen.target,475,1,1,1,1,1,1
CLLC,class,antlr4,0.9,0.5,org.antlr.v4.codegen.target,475,1,1,1,1,1,1
LDC,class,antlr4,0.9,0.5,org.antlr.v4.codegen.target,475,1,1,1,1,1,1
LLDC,class,antlr4,0.9,0.5,org.antlr.v4.codegen.target,475,1,1,1,1,1,1
LCOM5,class,antlr4,0.9,0.5,org.antlr.v4.codegen.target,475,0,0,0,1,1,1
NL,class,antlr4,0.9,0.5,org.antlr.v4.codegen.target,475,1,1,1,1,1,1
NLE,class,antlr4,0.9,0.5,org.antlr.v4.codegen.target,475,1,1,1,1,1,1
WMC,class,antlr4,0.9,0.5,org.antlr.v4.codegen.target,475,1,1,1,1,1,1
CBO,class,antlr4,0.9,0.5,org.antlr.v4.codegen.target,475,1,1,1,1,1,1
CBOI,class,antlr4,0.9,0.5,org.antlr.v4.codegen.target,475,0,0,0,1,1,1
NII,class,antlr4,0.9,0.5,org.antlr.v4.codegen.target,475,0,0,0,1,1,1
NOI,class,antlr4,0.9,0.5,org.antlr.v4.codegen.target,475,1,1,1,1,1,1
RFC,class,antlr4,0.9,0.5,org.antlr.v4.codegen.target,475,1,1,1,1,1,1
AD,class,antlr4,0.9,0.5,org.antlr.v4.codegen.target,475,1,1,1,1,1,1
CD,class,antlr4,0.9,0.5,org.antlr.v4.codegen.target,475,1,1,1,1,1,1
CLOC,class,antlr4,0.9,0.5,org.antlr.v4.codegen.target,475,1,1,1,1,1,1
DLOC,class,antlr4,0.9,0.5,org.antlr.v4.codegen.target,475,1,1,1,1,1,1
PDA,class,antlr4,0.9,0.5,org.antlr.v4.codegen.target,475,1,1,1,1,1,1
PUA,class,antlr4,0.9,0.5,org.antlr.v4.codegen.target,475,1,1,1,1,1,1
TCD,class,antlr4,0.9,0.5,org.antlr.v4.codegen.target,475,1,1,1,1,1,1
TCLOC,class,antlr4,0.9,0.5,org.antlr.v4.codegen.target,475,1,1,1,1,1,1
DIT,class,antlr4,0.9,0.5,org.antlr.v4.codegen.target,475,0,0,0,1,1,1
NOA,class,antlr4,0.9,0.5,org.antlr.v4.codegen.target,475,0,0,0,1,1,1
NOC,class,antlr4,0.9,0.5,org.antlr.v4.codegen.target,475,0,0,0,1,1,1
NOD,class,antlr4,0.9,0.5,org.antlr.v4.codegen.target,475,0,0,0,1,1,1
NOP,class,antlr4,0.9,0.5,org.antlr.v4.codegen.target,475,0,0,0,1,1,1
LLOC,class,antlr4,0.9,0.5,org.antlr.v4.codegen.target,475,1,1,1,1,1,1
LOC,class,antlr4,0.9,0.5,org.antlr.v4.codegen.target,475,1,1,1,1,1,1
NA,class,antlr4,0.9,0.5,org.antlr.v4.codegen.target,475,1,1,1,1,1,1
NG,class,antlr4,0.9,0.5,org.antlr.v4.codegen.target,475,1,1,1,1,1,1
NLA,class,antlr4,0.9,0.5,org.antlr.v4.codegen.target,475,1,1,1,1,1,1
NLG,class,antlr4,0.9,0.5,org.antlr.v4.codegen.target,475,1,1,1,1,1,1
NLM,class,antlr4,0.9,0.5,org.antlr.v4.codegen.target,475,1,1,1,1,1,1
NLPA,class,antlr4,0.9,0.5,org.antlr.v4.codegen.target,475,0,0,0,1,1,1
NLPM,class,antlr4,0.9,0.5,org.antlr.v4.codegen.target,475,1,1,1,1,1,1
NLS,class,antlr4,0.9,0.5,org.antlr.v4.codegen.target,475,0,0,0,1,1,1
NM,class,antlr4,0.9,0.5,org.antlr.v4.codegen.target,475,1,1,1,1,1,1
NOS,class,antlr4,0.9,0.5,org.antlr.v4.codegen.target,475,1,1,1,1,1,1
NPA,class,antlr4,0.9,0.5,org.antlr.v4.codegen.target,475,0,0,0,1,1,1
NPM,class,antlr4,0.9,0.5,org.antlr.v4.codegen.target,475,1,1,1,1,1,1
NS,class,antlr4,0.9,0.5,org.antlr.v4.codegen.target,475,0,0,0,1,1,1
TLLOC,class,antlr4,0.9,0.5,org.antlr.v4.codegen.target,475,1,1,1,1,1,1
TLOC,class,antlr4,0.9,0.5,org.antlr.v4.codegen.target,475,1,1,1,1,1,1
TNA,class,antlr4,0.9,0.5,org.antlr.v4.codegen.target,475,0,0,0,0,0,0
TNG,class,antlr4,0.9,0.5,org.antlr.v4.codegen.target,475,0,0,0,0,0,0
TNLA,class,antlr4,0.9,0.5,org.antlr.v4.codegen.target,475,0,0,0,0,0,0
TNLG,class,antlr4,0.9,0.5,org.antlr.v4.codegen.target,475,0,0,0,0,0,0
TNLM,class,antlr4,0.9,0.5,org.antlr.v4.codegen.target,475,0,0,0,0,0,0
TNLPA,class,antlr4,0.9,0.5,org.antlr.v4.codegen.target,475,0,0,0,0,0,0
TNLPM,class,antlr4,0.9,0.5,org.antlr.v4.codegen.target,475,0,0,0,0,0,0
TNLS,class,antlr4,0.9,0.5,org.antlr.v4.codegen.target,475,0,0,0,0,0,0
TNM,class,antlr4,0.9,0.5,org.antlr.v4.codegen.target,475,0,0,0,0,0,0
TNOS,class,antlr4,0.9,0.5,org.antlr.v4.codegen.target,475,0,0,0,0,0,0
TNPA,class,antlr4,0.9,0.5,org.antlr.v4.codegen.target,475,0,0,0,0,0,0
TNPM,class,antlr4,0.9,0.5,org.antlr.v4.codegen.target,475,0,0,0,0,0,0
TNS,class,antlr4,0.9,0.5,org.antlr.v4.codegen.target,475,0,0,0,0,0,0
WarningBlocker,class,antlr4,0.9,0.5,org.antlr.v4.codegen.target,475,0,0,0,0,0,0
WarningCritical,class,antlr4,0.9,0.5,org.antlr.v4.codegen.target,475,0,0,0,0,0,0
WarningInfo,class,antlr4,0.9,0.5,org.antlr.v4.codegen.target,475,0,0,0,0,0,0
WarningMajor,class,antlr4,0.9,0.5,org.antlr.v4.codegen.target,475,0,0,0,0,0,0
WarningMinor,class,antlr4,0.9,0.5,org.antlr.v4.codegen.target,475,0,0,0,0,0,0
Android Rules,class,antlr4,0.9,0.5,org.antlr.v4.codegen.target,475,0,0,0,0,0,0
Basic Rules,class,antlr4,0.9,0.5,org.antlr.v4.codegen.target,475,0,0,0,0,0,0
Brace Rules,class,antlr4,0.9,0.5,org.antlr.v4.codegen.target,475,0,0,0,0,0,0
Clone Implementation Rules,class,antlr4,0.9,0.5,org.antlr.v4.codegen.target,475,0,0,0,0,0,0
Code Size Rules,class,antlr4,0.9,0.5,org.antlr.v4.codegen.target,475,0,0,0,0,0,0
Comment Rules,class,antlr4,0.9,0.5,org.antlr.v4.codegen.target,475,0,0,0,0,0,0
Controversial Rules,class,antlr4,0.9,0.5,org.antlr.v4.codegen.target,475,0,0,0,0,0,0
Coupling Rules,class,antlr4,0.9,0.5,org.antlr.v4.codegen.target,475,0,0,0,0,0,0
Design Rules,class,antlr4,0.9,0.5,org.antlr.v4.codegen.target,475,0,0,0,0,0,0
Empty Code Rules,class,antlr4,0.9,0.5,org.antlr.v4.codegen.target,475,0,0,0,0,0,0
Finalizer Rules,class,antlr4,0.9,0.5,org.antlr.v4.codegen.target,475,0,0,0,0,0,0
Import Statement Rules,class,antlr4,0.9,0.5,org.antlr.v4.codegen.target,475,0,0,0,0,0,0
J2EE Rules,class,antlr4,0.9,0.5,org.antlr.v4.codegen.target,475,0,0,0,0,0,0
JUnit Rules,class,antlr4,0.9,0.5,org.antlr.v4.codegen.target,475,0,0,0,0,0,0
Jakarta Commons Logging Rules,class,antlr4,0.9,0.5,org.antlr.v4.codegen.target,475,0,0,0,0,0,0
Java Logging Rules,class,antlr4,0.9,0.5,org.antlr.v4.codegen.target,475,0,0,0,0,0,0
JavaBean Rules,class,antlr4,0.9,0.5,org.antlr.v4.codegen.target,475,0,0,0,0,0,0
MigratingToJUnit4 Rules,class,antlr4,0.9,0.5,org.antlr.v4.codegen.target,475,0,0,0,0,0,0
Migration Rules,class,antlr4,0.9,0.5,org.antlr.v4.codegen.target,475,0,0,0,0,0,0
Migration13 Rules,class,antlr4,0.9,0.5,org.antlr.v4.codegen.target,475,0,0,0,0,0,0
Migration14 Rules,class,antlr4,0.9,0.5,org.antlr.v4.codegen.target,475,0,0,0,0,0,0
Migration15 Rules,class,antlr4,0.9,0.5,org.antlr.v4.codegen.target,475,0,0,0,0,0,0
Naming Rules,class,antlr4,0.9,0.5,org.antlr.v4.codegen.target,475,0,0,0,0,0,0
Optimization Rules,class,antlr4,0.9,0.5,org.antlr.v4.codegen.target,475,0,0,0,0,0,0
Security Code Guideline Rules,class,antlr4,0.9,0.5,org.antlr.v4.codegen.target,475,0,0,0,0,0,0
Strict Exception Rules,class,antlr4,0.9,0.5,org.antlr.v4.codegen.target,475,0,0,0,0,0,0
String and StringBuffer Rules,class,antlr4,0.9,0.5,org.antlr.v4.codegen.target,475,0,0,0,0,0,0
Type Resolution Rules,class,antlr4,0.9,0.5,org.antlr.v4.codegen.target,475,0,0,0,0,0,0
Unnecessary and Unused Code Rules,class,antlr4,0.9,0.5,org.antlr.v4.codegen.target,475,0,0,0,0,0,0
Vulnerability Rules,class,antlr4,0.9,0.5,org.antlr.v4.codegen.target,475,0,0,0,0,0,0
CC,class,antlr4,0.9,0.5,org.antlr.v4.analysis,1140,1,1,1,1,1,1
CCL,class,antlr4,0.9,0.5,org.antlr.v4.analysis,1140,1,1,1,1,1,1
CCO,class,antlr4,0.9,0.5,org.antlr.v4.analysis,1140,1,1,1,1,1,1
CI,class,antlr4,0.9,0.5,org.antlr.v4.analysis,1140,1,1,1,1,1,1
CLC,class,antlr4,0.9,0.5,org.antlr.v4.analysis,1140,1,1,1,1,1,1
CLLC,class,antlr4,0.9,0.5,org.antlr.v4.analysis,1140,1,1,1,1,1,1
LDC,class,antlr4,0.9,0.5,org.antlr.v4.analysis,1140,1,1,1,1,1,1
LLDC,class,antlr4,0.9,0.5,org.antlr.v4.analysis,1140,1,1,1,1,1,1
LCOM5,class,antlr4,0.9,0.5,org.antlr.v4.analysis,1140,1,1,1,1,1,1
NL,class,antlr4,0.9,0.5,org.antlr.v4.analysis,1140,1,1,1,1,1,1
NLE,class,antlr4,0.9,0.5,org.antlr.v4.analysis,1140,1,1,1,1,1,1
WMC,class,antlr4,0.9,0.5,org.antlr.v4.analysis,1140,0,0,0,1,1,1
CBO,class,antlr4,0.9,0.5,org.antlr.v4.analysis,1140,1,1,1,1,1,1
CBOI,class,antlr4,0.9,0.5,org.antlr.v4.analysis,1140,1,1,1,1,1,1
NII,class,antlr4,0.9,0.5,org.antlr.v4.analysis,1140,1,1,1,1,1,1
NOI,class,antlr4,0.9,0.5,org.antlr.v4.analysis,1140,1,1,1,1,1,1
RFC,class,antlr4,0.9,0.5,org.antlr.v4.analysis,1140,1,1,1,1,1,1
AD,class,antlr4,0.9,0.5,org.antlr.v4.analysis,1140,1,1,1,1,1,1
CD,class,antlr4,0.9,0.5,org.antlr.v4.analysis,1140,1,1,1,1,1,1
CLOC,class,antlr4,0.9,0.5,org.antlr.v4.analysis,1140,1,1,1,1,1,1
DLOC,class,antlr4,0.9,0.5,org.antlr.v4.analysis,1140,1,1,1,1,1,1
PDA,class,antlr4,0.9,0.5,org.antlr.v4.analysis,1140,1,1,1,1,1,1
PUA,class,antlr4,0.9,0.5,org.antlr.v4.analysis,1140,1,1,1,1,1,1
TCD,class,antlr4,0.9,0.5,org.antlr.v4.analysis,1140,1,1,1,1,1,1
TCLOC,class,antlr4,0.9,0.5,org.antlr.v4.analysis,1140,1,1,1,1,1,1
DIT,class,antlr4,0.9,0.5,org.antlr.v4.analysis,1140,0,0,0,1,1,1
NOA,class,antlr4,0.9,0.5,org.antlr.v4.analysis,1140,0,0,0,1,1,1
NOC,class,antlr4,0.9,0.5,org.antlr.v4.analysis,1140,0,0,0,1,1,1
NOD,class,antlr4,0.9,0.5,org.antlr.v4.analysis,1140,0,0,0,1,1,1
NOP,class,antlr4,0.9,0.5,org.antlr.v4.analysis,1140,0,0,0,1,1,1
LLOC,class,antlr4,0.9,0.5,org.antlr.v4.analysis,1140,1,1,1,1,1,1
LOC,class,antlr4,0.9,0.5,org.antlr.v4.analysis,1140,1,1,1,1,1,1
NA,class,antlr4,0.9,0.5,org.antlr.v4.analysis,1140,1,1,1,1,1,1
NG,class,antlr4,0.9,0.5,org.antlr.v4.analysis,1140,1,1,1,1,1,1
NLA,class,antlr4,0.9,0.5,org.antlr.v4.analysis,1140,1,1,1,1,1,1
NLG,class,antlr4,0.9,0.5,org.antlr.v4.analysis,1140,1,1,1,1,1,1
NLM,class,antlr4,0.9,0.5,org.antlr.v4.analysis,1140,1,1,1,1,1,1
NLPA,class,antlr4,0.9,0.5,org.antlr.v4.analysis,1140,1,1,1,1,1,1
NLPM,class,antlr4,0.9,0.5,org.antlr.v4.analysis,1140,1,1,1,1,1,1
NLS,class,antlr4,0.9,0.5,org.antlr.v4.analysis,1140,1,1,1,1,1,1
NM,class,antlr4,0.9,0.5,org.antlr.v4.analysis,1140,1,1,1,1,1,1
NOS,class,antlr4,0.9,0.5,org.antlr.v4.analysis,1140,1,1,1,1,1,1
NPA,class,antlr4,0.9,0.5,org.antlr.v4.analysis,1140,1,1,1,1,1,1
NPM,class,antlr4,0.9,0.5,org.antlr.v4.analysis,1140,1,1,1,1,1,1
NS,class,antlr4,0.9,0.5,org.antlr.v4.analysis,1140,1,1,1,1,1,1
TLLOC,class,antlr4,0.9,0.5,org.antlr.v4.analysis,1140,1,1,1,1,1,1
TLOC,class,antlr4,0.9,0.5,org.antlr.v4.analysis,1140,1,1,1,1,1,1
TNA,class,antlr4,0.9,0.5,org.antlr.v4.analysis,1140,0,0,0,0,0,0
TNG,class,antlr4,0.9,0.5,org.antlr.v4.analysis,1140,0,0,0,0,0,0
TNLA,class,antlr4,0.9,0.5,org.antlr.v4.analysis,1140,0,0,0,0,0,0
TNLG,class,antlr4,0.9,0.5,org.antlr.v4.analysis,1140,0,0,0,0,0,0
TNLM,class,antlr4,0.9,0.5,org.antlr.v4.analysis,1140,0,0,0,0,0,0
TNLPA,class,antlr4,0.9,0.5,org.antlr.v4.analysis,1140,0,0,0,0,0,0
TNLPM,class,antlr4,0.9,0.5,org.antlr.v4.analysis,1140,0,0,0,0,0,0
TNLS,class,antlr4,0.9,0.5,org.antlr.v4.analysis,1140,0,0,0,0,0,0
TNM,class,antlr4,0.9,0.5,org.antlr.v4.analysis,1140,0,0,0,0,0,0
TNOS,class,antlr4,0.9,0.5,org.antlr.v4.analysis,1140,0,0,0,0,0,0
TNPA,class,antlr4,0.9,0.5,org.antlr.v4.analysis,1140,0,0,0,0,0,0
TNPM,class,antlr4,0.9,0.5,org.antlr.v4.analysis,1140,0,0,0,0,0,0
TNS,class,antlr4,0.9,0.5,org.antlr.v4.analysis,1140,0,0,0,0,0,0
WarningBlocker,class,antlr4,0.9,0.5,org.antlr.v4.analysis,1140,0,0,0,0,0,0
WarningCritical,class,antlr4,0.9,0.5,org.antlr.v4.analysis,1140,0,0,0,0,0,0
WarningInfo,class,antlr4,0.9,0.5,org.antlr.v4.analysis,1140,0,0,0,0,0,0
WarningMajor,class,antlr4,0.9,0.5,org.antlr.v4.analysis,1140,0,0,0,0,0,0
WarningMinor,class,antlr4,0.9,0.5,org.antlr.v4.analysis,1140,0,0,0,0,0,0
Android Rules,class,antlr4,0.9,0.5,org.antlr.v4.analysis,1140,0,0,0,0,0,0
Basic Rules,class,antlr4,0.9,0.5,org.antlr.v4.analysis,1140,0,0,0,0,0,0
Brace Rules,class,antlr4,0.9,0.5,org.antlr.v4.analysis,1140,0,0,0,0,0,0
Clone Implementation Rules,class,antlr4,0.9,0.5,org.antlr.v4.analysis,1140,0,0,0,0,0,0
Code Size Rules,class,antlr4,0.9,0.5,org.antlr.v4.analysis,1140,0,0,0,0,0,0
Comment Rules,class,antlr4,0.9,0.5,org.antlr.v4.analysis,1140,0,0,0,0,0,0
Controversial Rules,class,antlr4,0.9,0.5,org.antlr.v4.analysis,1140,0,0,0,0,0,0
Coupling Rules,class,antlr4,0.9,0.5,org.antlr.v4.analysis,1140,0,0,0,0,0,0
Design Rules,class,antlr4,0.9,0.5,org.antlr.v4.analysis,1140,0,0,0,0,0,0
Empty Code Rules,class,antlr4,0.9,0.5,org.antlr.v4.analysis,1140,0,0,0,0,0,0
Finalizer Rules,class,antlr4,0.9,0.5,org.antlr.v4.analysis,1140,0,0,0,0,0,0
Import Statement Rules,class,antlr4,0.9,0.5,org.antlr.v4.analysis,1140,0,0,0,0,0,0
J2EE Rules,class,antlr4,0.9,0.5,org.antlr.v4.analysis,1140,0,0,0,0,0,0
JUnit Rules,class,antlr4,0.9,0.5,org.antlr.v4.analysis,1140,0,0,0,0,0,0
Jakarta Commons Logging Rules,class,antlr4,0.9,0.5,org.antlr.v4.analysis,1140,0,0,0,0,0,0
Java Logging Rules,class,antlr4,0.9,0.5,org.antlr.v4.analysis,1140,0,0,0,0,0,0
JavaBean Rules,class,antlr4,0.9,0.5,org.antlr.v4.analysis,1140,0,0,0,0,0,0
MigratingToJUnit4 Rules,class,antlr4,0.9,0.5,org.antlr.v4.analysis,1140,0,0,0,0,0,0
Migration Rules,class,antlr4,0.9,0.5,org.antlr.v4.analysis,1140,0,0,0,0,0,0
Migration13 Rules,class,antlr4,0.9,0.5,org.antlr.v4.analysis,1140,0,0,0,0,0,0
Migration14 Rules,class,antlr4,0.9,0.5,org.antlr.v4.analysis,1140,0,0,0,0,0,0
Migration15 Rules,class,antlr4,0.9,0.5,org.antlr.v4.analysis,1140,0,0,0,0,0,0
Naming Rules,class,antlr4,0.9,0.5,org.antlr.v4.analysis,1140,0,0,0,0,0,0
Optimization Rules,class,antlr4,0.9,0.5,org.antlr.v4.analysis,1140,0,0,0,0,0,0
Security Code Guideline Rules,class,antlr4,0.9,0.5,org.antlr.v4.analysis,1140,0,0,0,0,0,0
Strict Exception Rules,class,antlr4,0.9,0.5,org.antlr.v4.analysis,1140,0,0,0,0,0,0
String and StringBuffer Rules,class,antlr4,0.9,0.5,org.antlr.v4.analysis,1140,0,0,0,0,0,0
Type Resolution Rules,class,antlr4,0.9,0.5,org.antlr.v4.analysis,1140,0,0,0,0,0,0
Unnecessary and Unused Code Rules,class,antlr4,0.9,0.5,org.antlr.v4.analysis,1140,0,0,0,0,0,0
Vulnerability Rules,class,antlr4,0.9,0.5,org.antlr.v4.analysis,1140,0,0,0,0,0,0
CC,class,antlr4,0.9,0.5,org.antlr.v4.codegen,1140,1,1,1,1,1,1
CCL,class,antlr4,0.9,0.5,org.antlr.v4.codegen,1140,1,1,1,1,1,1
CCO,class,antlr4,0.9,0.5,org.antlr.v4.codegen,1140,1,1,1,1,1,1
CI,class,antlr4,0.9,0.5,org.antlr.v4.codegen,1140,0,0,0,1,1,1
CLC,class,antlr4,0.9,0.5,org.antlr.v4.codegen,1140,1,1,1,1,1,1
CLLC,class,antlr4,0.9,0.5,org.antlr.v4.codegen,1140,1,1,1,1,1,1
LDC,class,antlr4,0.9,0.5,org.antlr.v4.codegen,1140,1,1,1,1,1,1
LLDC,class,antlr4,0.9,0.5,org.antlr.v4.codegen,1140,1,1,1,1,1,1
LCOM5,class,antlr4,0.9,0.5,org.antlr.v4.codegen,1140,0,0,0,1,1,1
NL,class,antlr4,0.9,0.5,org.antlr.v4.codegen,1140,1,1,1,1,1,1
NLE,class,antlr4,0.9,0.5,org.antlr.v4.codegen,1140,1,1,1,1,1,1
WMC,class,antlr4,0.9,0.5,org.antlr.v4.codegen,1140,1,1,1,1,1,1
CBO,class,antlr4,0.9,0.5,org.antlr.v4.codegen,1140,1,1,1,1,1,1
CBOI,class,antlr4,0.9,0.5,org.antlr.v4.codegen,1140,1,1,1,1,1,1
NII,class,antlr4,0.9,0.5,org.antlr.v4.codegen,1140,1,1,1,1,1,1
NOI,class,antlr4,0.9,0.5,org.antlr.v4.codegen,1140,1,1,1,1,1,1
RFC,class,antlr4,0.9,0.5,org.antlr.v4.codegen,1140,1,1,1,1,1,1
AD,class,antlr4,0.9,0.5,org.antlr.v4.codegen,1140,1,1,1,1,1,1
CD,class,antlr4,0.9,0.5,org.antlr.v4.codegen,1140,1,1,1,1,1,1
CLOC,class,antlr4,0.9,0.5,org.antlr.v4.codegen,1140,1,1,1,1,1,1
DLOC,class,antlr4,0.9,0.5,org.antlr.v4.codegen,1140,1,1,1,1,1,1
PDA,class,antlr4,0.9,0.5,org.antlr.v4.codegen,1140,1,1,1,1,1,1
PUA,class,antlr4,0.9,0.5,org.antlr.v4.codegen,1140,1,1,1,1,1,1
TCD,class,antlr4,0.9,0.5,org.antlr.v4.codegen,1140,1,1,1,1,1,1
TCLOC,class,antlr4,0.9,0.5,org.antlr.v4.codegen,1140,1,1,1,1,1,1
DIT,class,antlr4,0.9,0.5,org.antlr.v4.codegen,1140,1,1,1,1,1,1
NOA,class,antlr4,0.9,0.5,org.antlr.v4.codegen,1140,1,1,1,1,1,1
NOC,class,antlr4,0.9,0.5,org.antlr.v4.codegen,1140,1,1,1,1,1,1
NOD,class,antlr4,0.9,0.5,org.antlr.v4.codegen,1140,1,1,1,1,1,1
NOP,class,antlr4,0.9,0.5,org.antlr.v4.codegen,1140,1,1,1,1,1,1
LLOC,class,antlr4,0.9,0.5,org.antlr.v4.codegen,1140,1,1,1,1,1,1
LOC,class,antlr4,0.9,0.5,org.antlr.v4.codegen,1140,1,1,1,1,1,1
NA,class,antlr4,0.9,0.5,org.antlr.v4.codegen,1140,1,1,1,1,1,1
NG,class,antlr4,0.9,0.5,org.antlr.v4.codegen,1140,1,1,1,1,1,1
NLA,class,antlr4,0.9,0.5,org.antlr.v4.codegen,1140,1,1,1,1,1,1
NLG,class,antlr4,0.9,0.5,org.antlr.v4.codegen,1140,1,1,1,1,1,1
NLM,class,antlr4,0.9,0.5,org.antlr.v4.codegen,1140,1,1,1,1,1,1
NLPA,class,antlr4,0.9,0.5,org.antlr.v4.codegen,1140,1,1,1,1,1,1
NLPM,class,antlr4,0.9,0.5,org.antlr.v4.codegen,1140,1,1,1,1,1,1
NLS,class,antlr4,0.9,0.5,org.antlr.v4.codegen,1140,1,1,1,1,1,1
NM,class,antlr4,0.9,0.5,org.antlr.v4.codegen,1140,1,1,1,1,1,1
NOS,class,antlr4,0.9,0.5,org.antlr.v4.codegen,1140,1,1,1,1,1,1
NPA,class,antlr4,0.9,0.5,org.antlr.v4.codegen,1140,1,1,1,1,1,1
NPM,class,antlr4,0.9,0.5,org.antlr.v4.codegen,1140,1,1,1,1,1,1
NS,class,antlr4,0.9,0.5,org.antlr.v4.codegen,1140,1,1,1,1,1,1
TLLOC,class,antlr4,0.9,0.5,org.antlr.v4.codegen,1140,1,1,1,1,1,1
TLOC,class,antlr4,0.9,0.5,org.antlr.v4.codegen,1140,1,1,1,1,1,1
TNA,class,antlr4,0.9,0.5,org.antlr.v4.codegen,1140,0,0,0,0,0,0
TNG,class,antlr4,0.9,0.5,org.antlr.v4.codegen,1140,0,0,0,0,0,0
TNLA,class,antlr4,0.9,0.5,org.antlr.v4.codegen,1140,0,0,0,0,0,0
TNLG,class,antlr4,0.9,0.5,org.antlr.v4.codegen,1140,0,0,0,0,0,0
TNLM,class,antlr4,0.9,0.5,org.antlr.v4.codegen,1140,0,0,0,0,0,0
TNLPA,class,antlr4,0.9,0.5,org.antlr.v4.codegen,1140,0,0,0,0,0,0
TNLPM,class,antlr4,0.9,0.5,org.antlr.v4.codegen,1140,0,0,0,0,0,0
TNLS,class,antlr4,0.9,0.5,org.antlr.v4.codegen,1140,0,0,0,0,0,0
TNM,class,antlr4,0.9,0.5,org.antlr.v4.codegen,1140,0,0,0,0,0,0
TNOS,class,antlr4,0.9,0.5,org.antlr.v4.codegen,1140,0,0,0,0,0,0
TNPA,class,antlr4,0.9,0.5,org.antlr.v4.codegen,1140,0,0,0,0,0,0
TNPM,class,antlr4,0.9,0.5,org.antlr.v4.codegen,1140,0,0,0,0,0,0
TNS,class,antlr4,0.9,0.5,org.antlr.v4.codegen,1140,0,0,0,0,0,0
WarningBlocker,class,antlr4,0.9,0.5,org.antlr.v4.codegen,1140,0,0,0,0,0,0
WarningCritical,class,antlr4,0.9,0.5,org.antlr.v4.codegen,1140,0,0,0,0,0,0
WarningInfo,class,antlr4,0.9,0.5,org.antlr.v4.codegen,1140,0,0,0,0,0,0
WarningMajor,class,antlr4,0.9,0.5,org.antlr.v4.codegen,1140,0,0,0,0,0,0
WarningMinor,class,antlr4,0.9,0.5,org.antlr.v4.codegen,1140,0,0,0,0,0,0
Android Rules,class,antlr4,0.9,0.5,org.antlr.v4.codegen,1140,0,0,0,0,0,0
Basic Rules,class,antlr4,0.9,0.5,org.antlr.v4.codegen,1140,0,0,0,0,0,0
Brace Rules,class,antlr4,0.9,0.5,org.antlr.v4.codegen,1140,0,0,0,0,0,0
Clone Implementation Rules,class,antlr4,0.9,0.5,org.antlr.v4.codegen,1140,0,0,0,0,0,0
Code Size Rules,class,antlr4,0.9,0.5,org.antlr.v4.codegen,1140,0,0,0,0,0,0
Comment Rules,class,antlr4,0.9,0.5,org.antlr.v4.codegen,1140,0,0,0,0,0,0
Controversial Rules,class,antlr4,0.9,0.5,org.antlr.v4.codegen,1140,0,0,0,0,0,0
Coupling Rules,class,antlr4,0.9,0.5,org.antlr.v4.codegen,1140,0,0,0,0,0,0
Design Rules,class,antlr4,0.9,0.5,org.antlr.v4.codegen,1140,0,0,0,0,0,0
Empty Code Rules,class,antlr4,0.9,0.5,org.antlr.v4.codegen,1140,0,0,0,0,0,0
Finalizer Rules,class,antlr4,0.9,0.5,org.antlr.v4.codegen,1140,0,0,0,0,0,0
Import Statement Rules,class,antlr4,0.9,0.5,org.antlr.v4.codegen,1140,0,0,0,0,0,0
J2EE Rules,class,antlr4,0.9,0.5,org.antlr.v4.codegen,1140,0,0,0,0,0,0
JUnit Rules,class,antlr4,0.9,0.5,org.antlr.v4.codegen,1140,0,0,0,0,0,0
Jakarta Commons Logging Rules,class,antlr4,0.9,0.5,org.antlr.v4.codegen,1140,0,0,0,0,0,0
Java Logging Rules,class,antlr4,0.9,0.5,org.antlr.v4.codegen,1140,0,0,0,0,0,0
JavaBean Rules,class,antlr4,0.9,0.5,org.antlr.v4.codegen,1140,0,0,0,0,0,0
MigratingToJUnit4 Rules,class,antlr4,0.9,0.5,org.antlr.v4.codegen,1140,0,0,0,0,0,0
Migration Rules,class,antlr4,0.9,0.5,org.antlr.v4.codegen,1140,0,0,0,0,0,0
Migration13 Rules,class,antlr4,0.9,0.5,org.antlr.v4.codegen,1140,0,0,0,0,0,0
Migration14 Rules,class,antlr4,0.9,0.5,org.antlr.v4.codegen,1140,0,0,0,0,0,0
Migration15 Rules,class,antlr4,0.9,0.5,org.antlr.v4.codegen,1140,0,0,0,0,0,0
Naming Rules,class,antlr4,0.9,0.5,org.antlr.v4.codegen,1140,0,0,0,0,0,0
Optimization Rules,class,antlr4,0.9,0.5,org.antlr.v4.codegen,1140,0,0,0,0,0,0
Security Code Guideline Rules,class,antlr4,0.9,0.5,org.antlr.v4.codegen,1140,0,0,0,0,0,0
Strict Exception Rules,class,antlr4,0.9,0.5,org.antlr.v4.codegen,1140,0,0,0,0,0,0
String and StringBuffer Rules,class,antlr4,0.9,0.5,org.antlr.v4.codegen,1140,0,0,0,0,0,0
Type Resolution Rules,class,antlr4,0.9,0.5,org.antlr.v4.codegen,1140,0,0,0,0,0,0
Unnecessary and Unused Code Rules,class,antlr4,0.9,0.5,org.antlr.v4.codegen,1140,0,0,0,0,0,0
Vulnerability Rules,class,antlr4,0.9,0.5,org.antlr.v4.codegen,1140,0,0,0,0,0,0
CC,class,antlr4,0.9,0.5,org.antlr.v4.runtime.misc,570,1,1,1,1,1,1
CCL,class,antlr4,0.9,0.5,org.antlr.v4.runtime.misc,570,1,1,1,1,1,1
CCO,class,antlr4,0.9,0.5,org.antlr.v4.runtime.misc,570,1,1,1,1,1,1
CI,class,antlr4,0.9,0.5,org.antlr.v4.runtime.misc,570,1,1,1,1,1,1
CLC,class,antlr4,0.9,0.5,org.antlr.v4.runtime.misc,570,1,1,1,1,1,1
CLLC,class,antlr4,0.9,0.5,org.antlr.v4.runtime.misc,570,1,1,1,1,1,1
LDC,class,antlr4,0.9,0.5,org.antlr.v4.runtime.misc,570,1,1,1,1,1,1
LLDC,class,antlr4,0.9,0.5,org.antlr.v4.runtime.misc,570,1,1,1,1,1,1
LCOM5,class,antlr4,0.9,0.5,org.antlr.v4.runtime.misc,570,0,0,0,0,0,0
NL,class,antlr4,0.9,0.5,org.antlr.v4.runtime.misc,570,1,1,1,1,1,1
NLE,class,antlr4,0.9,0.5,org.antlr.v4.runtime.misc,570,0,0,0,1,1,1
WMC,class,antlr4,0.9,0.5,org.antlr.v4.runtime.misc,570,1,1,1,1,1,1
CBO,class,antlr4,0.9,0.5,org.antlr.v4.runtime.misc,570,1,1,1,1,1,1
CBOI,class,antlr4,0.9,0.5,org.antlr.v4.runtime.misc,570,1,1,1,1,1,1
NII,class,antlr4,0.9,0.5,org.antlr.v4.runtime.misc,570,1,1,1,1,1,1
NOI,class,antlr4,0.9,0.5,org.antlr.v4.runtime.misc,570,1,1,1,1,1,1
RFC,class,antlr4,0.9,0.5,org.antlr.v4.runtime.misc,570,1,1,1,1,1,1
AD,class,antlr4,0.9,0.5,org.antlr.v4.runtime.misc,570,1,1,1,1,1,1
CD,class,antlr4,0.9,0.5,org.antlr.v4.runtime.misc,570,1,1,1,1,1,1
CLOC,class,antlr4,0.9,0.5,org.antlr.v4.runtime.misc,570,1,1,1,1,1,1
DLOC,class,antlr4,0.9,0.5,org.antlr.v4.runtime.misc,570,1,1,1,1,1,1
PDA,class,antlr4,0.9,0.5,org.antlr.v4.runtime.misc,570,0,0,0,1,1,1
PUA,class,antlr4,0.9,0.5,org.antlr.v4.runtime.misc,570,1,1,1,1,1,1
TCD,class,antlr4,0.9,0.5,org.antlr.v4.runtime.misc,570,1,1,1,1,1,1
TCLOC,class,antlr4,0.9,0.5,org.antlr.v4.runtime.misc,570,1,1,1,1,1,1
DIT,class,antlr4,0.9,0.5,org.antlr.v4.runtime.misc,570,1,1,1,1,1,1
NOA,class,antlr4,0.9,0.5,org.antlr.v4.runtime.misc,570,1,1,1,1,1,1
NOC,class,antlr4,0.9,0.5,org.antlr.v4.runtime.misc,570,1,1,1,1,1,1
NOD,class,antlr4,0.9,0.5,org.antlr.v4.runtime.misc,570,1,1,1,1,1,1
NOP,class,antlr4,0.9,0.5,org.antlr.v4.runtime.misc,570,1,1,1,1,1,1
LLOC,class,antlr4,0.9,0.5,org.antlr.v4.runtime.misc,570,1,1,1,1,1,1
LOC,class,antlr4,0.9,0.5,org.antlr.v4.runtime.misc,570,1,1,1,1,1,1
NA,class,antlr4,0.9,0.5,org.antlr.v4.runtime.misc,570,1,1,1,1,1,1
NG,class,antlr4,0.9,0.5,org.antlr.v4.runtime.misc,570,1,1,1,1,1,1
NLA,class,antlr4,0.9,0.5,org.antlr.v4.runtime.misc,570,1,1,1,1,1,1
NLG,class,antlr4,0.9,0.5,org.antlr.v4.runtime.misc,570,1,1,1,1,1,1
NLM,class,antlr4,0.9,0.5,org.antlr.v4.runtime.misc,570,1,1,1,1,1,1
NLPA,class,antlr4,0.9,0.5,org.antlr.v4.runtime.misc,570,1,1,1,1,1,1
NLPM,class,antlr4,0.9,0.5,org.antlr.v4.runtime.misc,570,1,1,1,1,1,1
NLS,class,antlr4,0.9,0.5,org.antlr.v4.runtime.misc,570,1,1,1,1,1,1
NM,class,antlr4,0.9,0.5,org.antlr.v4.runtime.misc,570,1,1,1,1,1,1
NOS,class,antlr4,0.9,0.5,org.antlr.v4.runtime.misc,570,1,1,1,1,1,1
NPA,class,antlr4,0.9,0.5,org.antlr.v4.runtime.misc,570,1,1,1,1,1,1
NPM,class,antlr4,0.9,0.5,org.antlr.v4.runtime.misc,570,1,1,1,1,1,1
NS,class,antlr4,0.9,0.5,org.antlr.v4.runtime.misc,570,1,1,1,1,1,1
TLLOC,class,antlr4,0.9,0.5,org.antlr.v4.runtime.misc,570,1,1,1,1,1,1
TLOC,class,antlr4,0.9,0.5,org.antlr.v4.runtime.misc,570,1,1,1,1,1,1
TNA,class,antlr4,0.9,0.5,org.antlr.v4.runtime.misc,570,0,0,0,0,0,0
TNG,class,antlr4,0.9,0.5,org.antlr.v4.runtime.misc,570,0,0,0,0,0,0
TNLA,class,antlr4,0.9,0.5,org.antlr.v4.runtime.misc,570,0,0,0,0,0,0
TNLG,class,antlr4,0.9,0.5,org.antlr.v4.runtime.misc,570,0,0,0,0,0,0
TNLM,class,antlr4,0.9,0.5,org.antlr.v4.runtime.misc,570,0,0,0,0,0,0
TNLPA,class,antlr4,0.9,0.5,org.antlr.v4.runtime.misc,570,0,0,0,0,0,0
TNLPM,class,antlr4,0.9,0.5,org.antlr.v4.runtime.misc,570,0,0,0,0,0,0
TNLS,class,antlr4,0.9,0.5,org.antlr.v4.runtime.misc,570,0,0,0,0,0,0
TNM,class,antlr4,0.9,0.5,org.antlr.v4.runtime.misc,570,0,0,0,0,0,0
TNOS,class,antlr4,0.9,0.5,org.antlr.v4.runtime.misc,570,0,0,0,0,0,0
TNPA,class,antlr4,0.9,0.5,org.antlr.v4.runtime.misc,570,0,0,0,0,0,0
TNPM,class,antlr4,0.9,0.5,org.antlr.v4.runtime.misc,570,0,0,0,0,0,0
TNS,class,antlr4,0.9,0.5,org.antlr.v4.runtime.misc,570,0,0,0,0,0,0
WarningBlocker,class,antlr4,0.9,0.5,org.antlr.v4.runtime.misc,570,0,0,0,0,0,0
WarningCritical,class,antlr4,0.9,0.5,org.antlr.v4.runtime.misc,570,0,0,0,0,0,0
WarningInfo,class,antlr4,0.9,0.5,org.antlr.v4.runtime.misc,570,0,0,0,0,0,0
WarningMajor,class,antlr4,0.9,0.5,org.antlr.v4.runtime.misc,570,0,0,0,0,0,0
WarningMinor,class,antlr4,0.9,0.5,org.antlr.v4.runtime.misc,570,0,0,0,0,0,0
Android Rules,class,antlr4,0.9,0.5,org.antlr.v4.runtime.misc,570,0,0,0,0,0,0
Basic Rules,class,antlr4,0.9,0.5,org.antlr.v4.runtime.misc,570,0,0,0,0,0,0
Brace Rules,class,antlr4,0.9,0.5,org.antlr.v4.runtime.misc,570,0,0,0,0,0,0
Clone Implementation Rules,class,antlr4,0.9,0.5,org.antlr.v4.runtime.misc,570,0,0,0,0,0,0
Code Size Rules,class,antlr4,0.9,0.5,org.antlr.v4.runtime.misc,570,0,0,0,0,0,0
Comment Rules,class,antlr4,0.9,0.5,org.antlr.v4.runtime.misc,570,0,0,0,0,0,0
Controversial Rules,class,antlr4,0.9,0.5,org.antlr.v4.runtime.misc,570,0,0,0,0,0,0
Coupling Rules,class,antlr4,0.9,0.5,org.antlr.v4.runtime.misc,570,0,0,0,0,0,0
Design Rules,class,antlr4,0.9,0.5,org.antlr.v4.runtime.misc,570,0,0,0,0,0,0
Empty Code Rules,class,antlr4,0.9,0.5,org.antlr.v4.runtime.misc,570,0,0,0,0,0,0
Finalizer Rules,class,antlr4,0.9,0.5,org.antlr.v4.runtime.misc,570,0,0,0,0,0,0
Import Statement Rules,class,antlr4,0.9,0.5,org.antlr.v4.runtime.misc,570,0,0,0,0,0,0
J2EE Rules,class,antlr4,0.9,0.5,org.antlr.v4.runtime.misc,570,0,0,0,0,0,0
JUnit Rules,class,antlr4,0.9,0.5,org.antlr.v4.runtime.misc,570,0,0,0,0,0,0
Jakarta Commons Logging Rules,class,antlr4,0.9,0.5,org.antlr.v4.runtime.misc,570,0,0,0,0,0,0
Java Logging Rules,class,antlr4,0.9,0.5,org.antlr.v4.runtime.misc,570,0,0,0,0,0,0
JavaBean Rules,class,antlr4,0.9,0.5,org.antlr.v4.runtime.misc,570,0,0,0,0,0,0
MigratingToJUnit4 Rules,class,antlr4,0.9,0.5,org.antlr.v4.runtime.misc,570,0,0,0,0,0,0
Migration Rules,class,antlr4,0.9,0.5,org.antlr.v4.runtime.misc,570,0,0,0,0,0,0
Migration13 Rules,class,antlr4,0.9,0.5,org.antlr.v4.runtime.misc,570,0,0,0,0,0,0
Migration14 Rules,class,antlr4,0.9,0.5,org.antlr.v4.runtime.misc,570,0,0,0,0,0,0
Migration15 Rules,class,antlr4,0.9,0.5,org.antlr.v4.runtime.misc,570,0,0,0,0,0,0
Naming Rules,class,antlr4,0.9,0.5,org.antlr.v4.runtime.misc,570,0,0,0,0,0,0
Optimization Rules,class,antlr4,0.9,0.5,org.antlr.v4.runtime.misc,570,0,0,0,0,0,0
Security Code Guideline Rules,class,antlr4,0.9,0.5,org.antlr.v4.runtime.misc,570,0,0,0,0,0,0
Strict Exception Rules,class,antlr4,0.9,0.5,org.antlr.v4.runtime.misc,570,0,0,0,0,0,0
String and StringBuffer Rules,class,antlr4,0.9,0.5,org.antlr.v4.runtime.misc,570,0,0,0,0,0,0
Type Resolution Rules,class,antlr4,0.9,0.5,org.antlr.v4.runtime.misc,570,0,0,0,0,0,0
Unnecessary and Unused Code Rules,class,antlr4,0.9,0.5,org.antlr.v4.runtime.misc,570,0,0,0,0,0,0
Vulnerability Rules,class,antlr4,0.9,0.5,org.antlr.v4.runtime.misc,570,0,0,0,0,0,0
CC,class,antlr4,0.9,0.5,org.antlr.mojo.antlr4,760,1,1,1,1,1,1
CCL,class,antlr4,0.9,0.5,org.antlr.mojo.antlr4,760,1,1,1,1,1,1
CCO,class,antlr4,0.9,0.5,org.antlr.mojo.antlr4,760,1,1,1,1,1,1
CI,class,antlr4,0.9,0.5,org.antlr.mojo.antlr4,760,1,1,1,1,1,1
CLC,class,antlr4,0.9,0.5,org.antlr.mojo.antlr4,760,1,1,1,1,1,1
CLLC,class,antlr4,0.9,0.5,org.antlr.mojo.antlr4,760,1,1,1,1,1,1
LDC,class,antlr4,0.9,0.5,org.antlr.mojo.antlr4,760,1,1,1,1,1,1
LLDC,class,antlr4,0.9,0.5,org.antlr.mojo.antlr4,760,1,1,1,1,1,1
LCOM5,class,antlr4,0.9,0.5,org.antlr.mojo.antlr4,760,0,0,0,1,1,1
NL,class,antlr4,0.9,0.5,org.antlr.mojo.antlr4,760,1,1,1,1,1,1
NLE,class,antlr4,0.9,0.5,org.antlr.mojo.antlr4,760,1,1,1,1,1,1
WMC,class,antlr4,0.9,0.5,org.antlr.mojo.antlr4,760,1,1,1,1,1,1
CBO,class,antlr4,0.9,0.5,org.antlr.mojo.antlr4,760,0,0,0,1,1,1
CBOI,class,antlr4,0.9,0.5,org.antlr.mojo.antlr4,760,0,0,0,1,1,1
NII,class,antlr4,0.9,0.5,org.antlr.mojo.antlr4,760,1,1,1,1,1,1
NOI,class,antlr4,0.9,0.5,org.antlr.mojo.antlr4,760,0,0,0,1,1,1
RFC,class,antlr4,0.9,0.5,org.antlr.mojo.antlr4,760,1,1,1,1,1,1
AD,class,antlr4,0.9,0.5,org.antlr.mojo.antlr4,760,1,1,1,1,1,1
CD,class,antlr4,0.9,0.5,org.antlr.mojo.antlr4,760,1,1,1,1,1,1
CLOC,class,antlr4,0.9,0.5,org.antlr.mojo.antlr4,760,1,1,1,1,1,1
DLOC,class,antlr4,0.9,0.5,org.antlr.mojo.antlr4,760,1,1,1,1,1,1
PDA,class,antlr4,0.9,0.5,org.antlr.mojo.antlr4,760,1,1,1,1,1,1
PUA,class,antlr4,0.9,0.5,org.antlr.mojo.antlr4,760,1,1,1,1,1,1
TCD,class,antlr4,0.9,0.5,org.antlr.mojo.antlr4,760,1,1,1,1,1,1
TCLOC,class,antlr4,0.9,0.5,org.antlr.mojo.antlr4,760,1,1,1,1,1,1
DIT,class,antlr4,0.9,0.5,org.antlr.mojo.antlr4,760,1,1,1,1,1,1
NOA,class,antlr4,0.9,0.5,org.antlr.mojo.antlr4,760,1,1,1,1,1,1
NOC,class,antlr4,0.9,0.5,org.antlr.mojo.antlr4,760,0,0,0,1,1,1
NOD,class,antlr4,0.9,0.5,org.antlr.mojo.antlr4,760,0,0,0,1,1,1
NOP,class,antlr4,0.9,0.5,org.antlr.mojo.antlr4,760,1,1,1,1,1,1
LLOC,class,antlr4,0.9,0.5,org.antlr.mojo.antlr4,760,1,1,1,1,1,1
LOC,class,antlr4,0.9,0.5,org.antlr.mojo.antlr4,760,1,1,1,1,1,1
NA,class,antlr4,0.9,0.5,org.antlr.mojo.antlr4,760,1,1,1,1,1,1
NG,class,antlr4,0.9,0.5,org.antlr.mojo.antlr4,760,1,1,1,1,1,1
NLA,class,antlr4,0.9,0.5,org.antlr.mojo.antlr4,760,1,1,1,1,1,1
NLG,class,antlr4,0.9,0.5,org.antlr.mojo.antlr4,760,1,1,1,1,1,1
NLM,class,antlr4,0.9,0.5,org.antlr.mojo.antlr4,760,1,1,1,1,1,1
NLPA,class,antlr4,0.9,0.5,org.antlr.mojo.antlr4,760,0,0,0,1,1,1
NLPM,class,antlr4,0.9,0.5,org.antlr.mojo.antlr4,760,1,1,1,1,1,1
NLS,class,antlr4,0.9,0.5,org.antlr.mojo.antlr4,760,0,0,0,1,1,1
NM,class,antlr4,0.9,0.5,org.antlr.mojo.antlr4,760,1,1,1,1,1,1
NOS,class,antlr4,0.9,0.5,org.antlr.mojo.antlr4,760,1,1,1,1,1,1
NPA,class,antlr4,0.9,0.5,org.antlr.mojo.antlr4,760,0,0,0,1,1,1
NPM,class,antlr4,0.9,0.5,org.antlr.mojo.antlr4,760,1,1,1,1,1,1
NS,class,antlr4,0.9,0.5,org.antlr.mojo.antlr4,760,0,0,0,1,1,1
TLLOC,class,antlr4,0.9,0.5,org.antlr.mojo.antlr4,760,1,1,1,1,1,1
TLOC,class,antlr4,0.9,0.5,org.antlr.mojo.antlr4,760,1,1,1,1,1,1
TNA,class,antlr4,0.9,0.5,org.antlr.mojo.antlr4,760,0,0,0,0,0,0
TNG,class,antlr4,0.9,0.5,org.antlr.mojo.antlr4,760,0,0,0,0,0,0
TNLA,class,antlr4,0.9,0.5,org.antlr.mojo.antlr4,760,0,0,0,0,0,0
TNLG,class,antlr4,0.9,0.5,org.antlr.mojo.antlr4,760,0,0,0,0,0,0
TNLM,class,antlr4,0.9,0.5,org.antlr.mojo.antlr4,760,0,0,0,0,0,0
TNLPA,class,antlr4,0.9,0.5,org.antlr.mojo.antlr4,760,0,0,0,0,0,0
TNLPM,class,antlr4,0.9,0.5,org.antlr.mojo.antlr4,760,0,0,0,0,0,0
TNLS,class,antlr4,0.9,0.5,org.antlr.mojo.antlr4,760,0,0,0,0,0,0
TNM,class,antlr4,0.9,0.5,org.antlr.mojo.antlr4,760,0,0,0,0,0,0
TNOS,class,antlr4,0.9,0.5,org.antlr.mojo.antlr4,760,0,0,0,0,0,0
TNPA,class,antlr4,0.9,0.5,org.antlr.mojo.antlr4,760,0,0,0,0,0,0
TNPM,class,antlr4,0.9,0.5,org.antlr.mojo.antlr4,760,0,0,0,0,0,0
TNS,class,antlr4,0.9,0.5,org.antlr.mojo.antlr4,760,0,0,0,0,0,0
WarningBlocker,class,antlr4,0.9,0.5,org.antlr.mojo.antlr4,760,0,0,0,0,0,0
WarningCritical,class,antlr4,0.9,0.5,org.antlr.mojo.antlr4,760,0,0,0,0,0,0
WarningInfo,class,antlr4,0.9,0.5,org.antlr.mojo.antlr4,760,0,0,0,0,0,0
WarningMajor,class,antlr4,0.9,0.5,org.antlr.mojo.antlr4,760,0,0,0,0,0,0
WarningMinor,class,antlr4,0.9,0.5,org.antlr.mojo.antlr4,760,0,0,0,0,0,0
Android Rules,class,antlr4,0.9,0.5,org.antlr.mojo.antlr4,760,0,0,0,0,0,0
Basic Rules,class,antlr4,0.9,0.5,org.antlr.mojo.antlr4,760,0,0,0,0,0,0
Brace Rules,class,antlr4,0.9,0.5,org.antlr.mojo.antlr4,760,0,0,0,0,0,0
Clone Implementation Rules,class,antlr4,0.9,0.5,org.antlr.mojo.antlr4,760,0,0,0,0,0,0
Code Size Rules,class,antlr4,0.9,0.5,org.antlr.mojo.antlr4,760,0,0,0,0,0,0
Comment Rules,class,antlr4,0.9,0.5,org.antlr.mojo.antlr4,760,0,0,0,0,0,0
Controversial Rules,class,antlr4,0.9,0.5,org.antlr.mojo.antlr4,760,0,0,0,0,0,0
Coupling Rules,class,antlr4,0.9,0.5,org.antlr.mojo.antlr4,760,0,0,0,0,0,0
Design Rules,class,antlr4,0.9,0.5,org.antlr.mojo.antlr4,760,0,0,0,0,0,0
Empty Code Rules,class,antlr4,0.9,0.5,org.antlr.mojo.antlr4,760,0,0,0,0,0,0
Finalizer Rules,class,antlr4,0.9,0.5,org.antlr.mojo.antlr4,760,0,0,0,0,0,0
Import Statement Rules,class,antlr4,0.9,0.5,org.antlr.mojo.antlr4,760,0,0,0,0,0,0
J2EE Rules,class,antlr4,0.9,0.5,org.antlr.mojo.antlr4,760,0,0,0,0,0,0
JUnit Rules,class,antlr4,0.9,0.5,org.antlr.mojo.antlr4,760,0,0,0,0,0,0
Jakarta Commons Logging Rules,class,antlr4,0.9,0.5,org.antlr.mojo.antlr4,760,0,0,0,0,0,0
Java Logging Rules,class,antlr4,0.9,0.5,org.antlr.mojo.antlr4,760,0,0,0,0,0,0
JavaBean Rules,class,antlr4,0.9,0.5,org.antlr.mojo.antlr4,760,0,0,0,0,0,0
MigratingToJUnit4 Rules,class,antlr4,0.9,0.5,org.antlr.mojo.antlr4,760,0,0,0,0,0,0
Migration Rules,class,antlr4,0.9,0.5,org.antlr.mojo.antlr4,760,0,0,0,0,0,0
Migration13 Rules,class,antlr4,0.9,0.5,org.antlr.mojo.antlr4,760,0,0,0,0,0,0
Migration14 Rules,class,antlr4,0.9,0.5,org.antlr.mojo.antlr4,760,0,0,0,0,0,0
Migration15 Rules,class,antlr4,0.9,0.5,org.antlr.mojo.antlr4,760,0,0,0,0,0,0
Naming Rules,class,antlr4,0.9,0.5,org.antlr.mojo.antlr4,760,0,0,0,0,0,0
Optimization Rules,class,antlr4,0.9,0.5,org.antlr.mojo.antlr4,760,0,0,0,0,0,0
Security Code Guideline Rules,class,antlr4,0.9,0.5,org.antlr.mojo.antlr4,760,0,0,0,0,0,0
Strict Exception Rules,class,antlr4,0.9,0.5,org.antlr.mojo.antlr4,760,0,0,0,0,0,0
String and StringBuffer Rules,class,antlr4,0.9,0.5,org.antlr.mojo.antlr4,760,0,0,0,0,0,0
Type Resolution Rules,class,antlr4,0.9,0.5,org.antlr.mojo.antlr4,760,0,0,0,0,0,0
Unnecessary and Unused Code Rules,class,antlr4,0.9,0.5,org.antlr.mojo.antlr4,760,0,0,0,0,0,0
Vulnerability Rules,class,antlr4,0.9,0.5,org.antlr.mojo.antlr4,760,0,0,0,0,0,0
CC,class,antlr4,0.9,0.5,org.antlr.v4.test.runtime.descriptors,1995,0,0,0,1,1,0
CCL,class,antlr4,0.9,0.5,org.antlr.v4.test.runtime.descriptors,1995,0,0,0,1,1,0
CCO,class,antlr4,0.9,0.5,org.antlr.v4.test.runtime.descriptors,1995,0,0,0,1,1,0
CI,class,antlr4,0.9,0.5,org.antlr.v4.test.runtime.descriptors,1995,0,0,0,1,1,0
CLC,class,antlr4,0.9,0.5,org.antlr.v4.test.runtime.descriptors,1995,0,0,0,1,1,0
CLLC,class,antlr4,0.9,0.5,org.antlr.v4.test.runtime.descriptors,1995,0,0,0,1,1,0
LDC,class,antlr4,0.9,0.5,org.antlr.v4.test.runtime.descriptors,1995,0,0,0,1,1,0
LLDC,class,antlr4,0.9,0.5,org.antlr.v4.test.runtime.descriptors,1995,0,0,0,1,1,0
LCOM5,class,antlr4,0.9,0.5,org.antlr.v4.test.runtime.descriptors,1995,1,1,1,1,1,1
NL,class,antlr4,0.9,0.5,org.antlr.v4.test.runtime.descriptors,1995,0,0,0,1,1,0
NLE,class,antlr4,0.9,0.5,org.antlr.v4.test.runtime.descriptors,1995,0,0,0,1,1,0
WMC,class,antlr4,0.9,0.5,org.antlr.v4.test.runtime.descriptors,1995,1,1,0,1,1,0
CBO,class,antlr4,0.9,0.5,org.antlr.v4.test.runtime.descriptors,1995,1,1,1,1,1,1
CBOI,class,antlr4,0.9,0.5,org.antlr.v4.test.runtime.descriptors,1995,0,0,0,1,1,0
NII,class,antlr4,0.9,0.5,org.antlr.v4.test.runtime.descriptors,1995,0,0,0,1,1,0
NOI,class,antlr4,0.9,0.5,org.antlr.v4.test.runtime.descriptors,1995,0,0,0,1,1,0
RFC,class,antlr4,0.9,0.5,org.antlr.v4.test.runtime.descriptors,1995,1,1,1,1,1,1
AD,class,antlr4,0.9,0.5,org.antlr.v4.test.runtime.descriptors,1995,1,1,1,1,1,1
CD,class,antlr4,0.9,0.5,org.antlr.v4.test.runtime.descriptors,1995,1,1,1,1,1,1
CLOC,class,antlr4,0.9,0.5,org.antlr.v4.test.runtime.descriptors,1995,1,1,1,1,1,1
DLOC,class,antlr4,0.9,0.5,org.antlr.v4.test.runtime.descriptors,1995,1,1,1,1,1,1
PDA,class,antlr4,0.9,0.5,org.antlr.v4.test.runtime.descriptors,1995,1,1,1,1,1,1
PUA,class,antlr4,0.9,0.5,org.antlr.v4.test.runtime.descriptors,1995,0,0,0,1,1,0
TCD,class,antlr4,0.9,0.5,org.antlr.v4.test.runtime.descriptors,1995,1,1,1,1,1,0
TCLOC,class,antlr4,0.9,0.5,org.antlr.v4.test.runtime.descriptors,1995,1,1,1,1,1,1
DIT,class,antlr4,0.9,0.5,org.antlr.v4.test.runtime.descriptors,1995,1,1,1,1,1,1
NOA,class,antlr4,0.9,0.5,org.antlr.v4.test.runtime.descriptors,1995,1,1,1,1,1,1
NOC,class,antlr4,0.9,0.5,org.antlr.v4.test.runtime.descriptors,1995,1,1,0,1,1,0
NOD,class,antlr4,0.9,0.5,org.antlr.v4.test.runtime.descriptors,1995,1,1,0,1,1,0
NOP,class,antlr4,0.9,0.5,org.antlr.v4.test.runtime.descriptors,1995,1,1,1,1,1,1
LLOC,class,antlr4,0.9,0.5,org.antlr.v4.test.runtime.descriptors,1995,0,0,0,1,1,1
LOC,class,antlr4,0.9,0.5,org.antlr.v4.test.runtime.descriptors,1995,1,1,1,1,1,1
NA,class,antlr4,0.9,0.5,org.antlr.v4.test.runtime.descriptors,1995,1,1,1,1,1,1
NG,class,antlr4,0.9,0.5,org.antlr.v4.test.runtime.descriptors,1995,1,1,1,1,1,1
NLA,class,antlr4,0.9,0.5,org.antlr.v4.test.runtime.descriptors,1995,1,1,1,1,1,1
NLG,class,antlr4,0.9,0.5,org.antlr.v4.test.runtime.descriptors,1995,0,0,0,1,1,0
NLM,class,antlr4,0.9,0.5,org.antlr.v4.test.runtime.descriptors,1995,1,1,1,1,1,1
NLPA,class,antlr4,0.9,0.5,org.antlr.v4.test.runtime.descriptors,1995,1,1,1,1,1,1
NLPM,class,antlr4,0.9,0.5,org.antlr.v4.test.runtime.descriptors,1995,1,1,1,1,1,1
NLS,class,antlr4,0.9,0.5,org.antlr.v4.test.runtime.descriptors,1995,0,0,0,1,1,0
NM,class,antlr4,0.9,0.5,org.antlr.v4.test.runtime.descriptors,1995,1,1,1,1,1,1
NOS,class,antlr4,0.9,0.5,org.antlr.v4.test.runtime.descriptors,1995,1,1,1,1,1,1
NPA,class,antlr4,0.9,0.5,org.antlr.v4.test.runtime.descriptors,1995,1,1,1,1,1,1
NPM,class,antlr4,0.9,0.5,org.antlr.v4.test.runtime.descriptors,1995,1,1,1,1,1,1
NS,class,antlr4,0.9,0.5,org.antlr.v4.test.runtime.descriptors,1995,1,1,1,1,1,1
TLLOC,class,antlr4,0.9,0.5,org.antlr.v4.test.runtime.descriptors,1995,0,0,1,1,1,1
TLOC,class,antlr4,0.9,0.5,org.antlr.v4.test.runtime.descriptors,1995,1,1,1,1,1,1
TNA,class,antlr4,0.9,0.5,org.antlr.v4.test.runtime.descriptors,1995,0,0,1,0,0,1
TNG,class,antlr4,0.9,0.5,org.antlr.v4.test.runtime.descriptors,1995,0,0,1,0,0,1
TNLA,class,antlr4,0.9,0.5,org.antlr.v4.test.runtime.descriptors,1995,0,0,1,0,0,1
TNLG,class,antlr4,0.9,0.5,org.antlr.v4.test.runtime.descriptors,1995,0,0,0,0,0,0
TNLM,class,antlr4,0.9,0.5,org.antlr.v4.test.runtime.descriptors,1995,0,0,1,0,0,1
TNLPA,class,antlr4,0.9,0.5,org.antlr.v4.test.runtime.descriptors,1995,0,0,1,0,0,1
TNLPM,class,antlr4,0.9,0.5,org.antlr.v4.test.runtime.descriptors,1995,0,0,1,0,0,1
TNLS,class,antlr4,0.9,0.5,org.antlr.v4.test.runtime.descriptors,1995,0,0,0,0,0,0
TNM,class,antlr4,0.9,0.5,org.antlr.v4.test.runtime.descriptors,1995,0,0,1,0,0,1
TNOS,class,antlr4,0.9,0.5,org.antlr.v4.test.runtime.descriptors,1995,0,0,1,0,0,1
TNPA,class,antlr4,0.9,0.5,org.antlr.v4.test.runtime.descriptors,1995,0,0,1,0,0,1
TNPM,class,antlr4,0.9,0.5,org.antlr.v4.test.runtime.descriptors,1995,0,0,1,0,0,1
TNS,class,antlr4,0.9,0.5,org.antlr.v4.test.runtime.descriptors,1995,0,0,1,0,0,1
WarningBlocker,class,antlr4,0.9,0.5,org.antlr.v4.test.runtime.descriptors,1995,0,0,0,0,0,0
WarningCritical,class,antlr4,0.9,0.5,org.antlr.v4.test.runtime.descriptors,1995,0,0,0,0,0,0
WarningInfo,class,antlr4,0.9,0.5,org.antlr.v4.test.runtime.descriptors,1995,0,0,0,0,0,0
WarningMajor,class,antlr4,0.9,0.5,org.antlr.v4.test.runtime.descriptors,1995,0,0,1,0,0,1
WarningMinor,class,antlr4,0.9,0.5,org.antlr.v4.test.runtime.descriptors,1995,0,0,1,0,0,1
Android Rules,class,antlr4,0.9,0.5,org.antlr.v4.test.runtime.descriptors,1995,0,0,0,0,0,0
Basic Rules,class,antlr4,0.9,0.5,org.antlr.v4.test.runtime.descriptors,1995,0,0,0,0,0,0
Brace Rules,class,antlr4,0.9,0.5,org.antlr.v4.test.runtime.descriptors,1995,0,0,0,0,0,0
Clone Implementation Rules,class,antlr4,0.9,0.5,org.antlr.v4.test.runtime.descriptors,1995,0,0,0,0,0,0
Code Size Rules,class,antlr4,0.9,0.5,org.antlr.v4.test.runtime.descriptors,1995,0,0,0,0,0,0
Comment Rules,class,antlr4,0.9,0.5,org.antlr.v4.test.runtime.descriptors,1995,0,0,0,0,0,0
Controversial Rules,class,antlr4,0.9,0.5,org.antlr.v4.test.runtime.descriptors,1995,0,0,0,0,0,0
Coupling Rules,class,antlr4,0.9,0.5,org.antlr.v4.test.runtime.descriptors,1995,0,0,0,0,0,0
Design Rules,class,antlr4,0.9,0.5,org.antlr.v4.test.runtime.descriptors,1995,0,0,0,0,0,1
Empty Code Rules,class,antlr4,0.9,0.5,org.antlr.v4.test.runtime.descriptors,1995,0,0,0,0,0,0
Finalizer Rules,class,antlr4,0.9,0.5,org.antlr.v4.test.runtime.descriptors,1995,0,0,0,0,0,0
Import Statement Rules,class,antlr4,0.9,0.5,org.antlr.v4.test.runtime.descriptors,1995,0,0,0,0,0,0
J2EE Rules,class,antlr4,0.9,0.5,org.antlr.v4.test.runtime.descriptors,1995,0,0,0,0,0,0
JUnit Rules,class,antlr4,0.9,0.5,org.antlr.v4.test.runtime.descriptors,1995,0,0,0,0,0,0
Jakarta Commons Logging Rules,class,antlr4,0.9,0.5,org.antlr.v4.test.runtime.descriptors,1995,0,0,0,0,0,0
Java Logging Rules,class,antlr4,0.9,0.5,org.antlr.v4.test.runtime.descriptors,1995,0,0,0,0,0,0
JavaBean Rules,class,antlr4,0.9,0.5,org.antlr.v4.test.runtime.descriptors,1995,0,0,0,0,0,0
MigratingToJUnit4 Rules,class,antlr4,0.9,0.5,org.antlr.v4.test.runtime.descriptors,1995,0,0,0,0,0,0
Migration Rules,class,antlr4,0.9,0.5,org.antlr.v4.test.runtime.descriptors,1995,0,0,0,0,0,0
Migration13 Rules,class,antlr4,0.9,0.5,org.antlr.v4.test.runtime.descriptors,1995,0,0,0,0,0,0
Migration14 Rules,class,antlr4,0.9,0.5,org.antlr.v4.test.runtime.descriptors,1995,0,0,0,0,0,0
Migration15 Rules,class,antlr4,0.9,0.5,org.antlr.v4.test.runtime.descriptors,1995,0,0,0,0,0,0
Naming Rules,class,antlr4,0.9,0.5,org.antlr.v4.test.runtime.descriptors,1995,0,0,0,0,0,0
Optimization Rules,class,antlr4,0.9,0.5,org.antlr.v4.test.runtime.descriptors,1995,0,0,1,0,0,1
Security Code Guideline Rules,class,antlr4,0.9,0.5,org.antlr.v4.test.runtime.descriptors,1995,0,0,0,0,0,0
Strict Exception Rules,class,antlr4,0.9,0.5,org.antlr.v4.test.runtime.descriptors,1995,0,0,0,0,0,0
String and StringBuffer Rules,class,antlr4,0.9,0.5,org.antlr.v4.test.runtime.descriptors,1995,0,0,1,0,0,1
Type Resolution Rules,class,antlr4,0.9,0.5,org.antlr.v4.test.runtime.descriptors,1995,0,0,0,0,0,0
Unnecessary and Unused Code Rules,class,antlr4,0.9,0.5,org.antlr.v4.test.runtime.descriptors,1995,0,0,0,0,0,0
Vulnerability Rules,class,antlr4,0.9,0.5,org.antlr.v4.test.runtime.descriptors,1995,0,0,0,0,0,0
CC,class,antlr4,0.9,0.5,org.antlr.v4.misc,380,1,1,1,1,1,1
CCL,class,antlr4,0.9,0.5,org.antlr.v4.misc,380,0,0,0,1,1,1
CCO,class,antlr4,0.9,0.5,org.antlr.v4.misc,380,0,0,0,1,1,1
CI,class,antlr4,0.9,0.5,org.antlr.v4.misc,380,0,0,0,1,1,1
CLC,class,antlr4,0.9,0.5,org.antlr.v4.misc,380,1,1,1,1,1,1
CLLC,class,antlr4,0.9,0.5,org.antlr.v4.misc,380,1,1,1,1,1,1
LDC,class,antlr4,0.9,0.5,org.antlr.v4.misc,380,0,0,0,1,1,1
LLDC,class,antlr4,0.9,0.5,org.antlr.v4.misc,380,0,0,0,1,1,1
LCOM5,class,antlr4,0.9,0.5,org.antlr.v4.misc,380,0,0,0,1,1,1
NL,class,antlr4,0.9,0.5,org.antlr.v4.misc,380,1,1,1,1,1,1
NLE,class,antlr4,0.9,0.5,org.antlr.v4.misc,380,1,1,1,1,1,1
WMC,class,antlr4,0.9,0.5,org.antlr.v4.misc,380,1,1,1,1,1,1
CBO,class,antlr4,0.9,0.5,org.antlr.v4.misc,380,1,1,1,1,1,1
CBOI,class,antlr4,0.9,0.5,org.antlr.v4.misc,380,1,1,1,1,1,1
NII,class,antlr4,0.9,0.5,org.antlr.v4.misc,380,0,0,0,1,1,1
NOI,class,antlr4,0.9,0.5,org.antlr.v4.misc,380,1,1,1,1,1,1
RFC,class,antlr4,0.9,0.5,org.antlr.v4.misc,380,0,0,0,1,1,1
AD,class,antlr4,0.9,0.5,org.antlr.v4.misc,380,1,1,1,1,1,1
CD,class,antlr4,0.9,0.5,org.antlr.v4.misc,380,1,1,1,1,1,1
CLOC,class,antlr4,0.9,0.5,org.antlr.v4.misc,380,1,1,1,1,1,1
DLOC,class,antlr4,0.9,0.5,org.antlr.v4.misc,380,1,1,1,1,1,1
PDA,class,antlr4,0.9,0.5,org.antlr.v4.misc,380,1,1,1,1,1,1
PUA,class,antlr4,0.9,0.5,org.antlr.v4.misc,380,1,1,1,1,1,1
TCD,class,antlr4,0.9,0.5,org.antlr.v4.misc,380,1,1,1,1,1,1
TCLOC,class,antlr4,0.9,0.5,org.antlr.v4.misc,380,1,1,1,1,1,1
DIT,class,antlr4,0.9,0.5,org.antlr.v4.misc,380,0,0,0,1,1,1
NOA,class,antlr4,0.9,0.5,org.antlr.v4.misc,380,0,0,0,1,1,1
NOC,class,antlr4,0.9,0.5,org.antlr.v4.misc,380,0,0,0,1,1,1
NOD,class,antlr4,0.9,0.5,org.antlr.v4.misc,380,0,0,0,1,1,1
NOP,class,antlr4,0.9,0.5,org.antlr.v4.misc,380,0,0,0,1,1,1
LLOC,class,antlr4,0.9,0.5,org.antlr.v4.misc,380,1,1,1,1,1,1
LOC,class,antlr4,0.9,0.5,org.antlr.v4.misc,380,1,1,1,1,1,1
NA,class,antlr4,0.9,0.5,org.antlr.v4.misc,380,1,1,1,1,1,1
NG,class,antlr4,0.9,0.5,org.antlr.v4.misc,380,0,0,0,1,1,1
NLA,class,antlr4,0.9,0.5,org.antlr.v4.misc,380,1,1,1,1,1,1
NLG,class,antlr4,0.9,0.5,org.antlr.v4.misc,380,0,0,0,1,1,1
NLM,class,antlr4,0.9,0.5,org.antlr.v4.misc,380,1,1,1,1,1,1
NLPA,class,antlr4,0.9,0.5,org.antlr.v4.misc,380,1,1,1,1,1,1
NLPM,class,antlr4,0.9,0.5,org.antlr.v4.misc,380,1,1,1,1,1,1
NLS,class,antlr4,0.9,0.5,org.antlr.v4.misc,380,0,0,0,1,1,1
NM,class,antlr4,0.9,0.5,org.antlr.v4.misc,380,1,1,1,1,1,1
NOS,class,antlr4,0.9,0.5,org.antlr.v4.misc,380,1,1,1,1,1,1
NPA,class,antlr4,0.9,0.5,org.antlr.v4.misc,380,1,1,1,1,1,1
NPM,class,antlr4,0.9,0.5,org.antlr.v4.misc,380,1,1,1,1,1,1
NS,class,antlr4,0.9,0.5,org.antlr.v4.misc,380,0,0,0,1,1,1
TLLOC,class,antlr4,0.9,0.5,org.antlr.v4.misc,380,1,1,1,1,1,1
TLOC,class,antlr4,0.9,0.5,org.antlr.v4.misc,380,1,1,1,1,1,1
TNA,class,antlr4,0.9,0.5,org.antlr.v4.misc,380,0,0,0,0,0,0
TNG,class,antlr4,0.9,0.5,org.antlr.v4.misc,380,0,0,0,0,0,0
TNLA,class,antlr4,0.9,0.5,org.antlr.v4.misc,380,0,0,0,0,0,0
TNLG,class,antlr4,0.9,0.5,org.antlr.v4.misc,380,0,0,0,0,0,0
TNLM,class,antlr4,0.9,0.5,org.antlr.v4.misc,380,0,0,0,0,0,0
TNLPA,class,antlr4,0.9,0.5,org.antlr.v4.misc,380,0,0,0,0,0,0
TNLPM,class,antlr4,0.9,0.5,org.antlr.v4.misc,380,0,0,0,0,0,0
TNLS,class,antlr4,0.9,0.5,org.antlr.v4.misc,380,0,0,0,0,0,0
TNM,class,antlr4,0.9,0.5,org.antlr.v4.misc,380,0,0,0,0,0,0
TNOS,class,antlr4,0.9,0.5,org.antlr.v4.misc,380,0,0,0,0,0,0
TNPA,class,antlr4,0.9,0.5,org.antlr.v4.misc,380,0,0,0,0,0,0
TNPM,class,antlr4,0.9,0.5,org.antlr.v4.misc,380,0,0,0,0,0,0
TNS,class,antlr4,0.9,0.5,org.antlr.v4.misc,380,0,0,0,0,0,0
WarningBlocker,class,antlr4,0.9,0.5,org.antlr.v4.misc,380,0,0,0,0,0,0
WarningCritical,class,antlr4,0.9,0.5,org.antlr.v4.misc,380,0,0,0,0,0,0
WarningInfo,class,antlr4,0.9,0.5,org.antlr.v4.misc,380,0,0,0,0,0,0
WarningMajor,class,antlr4,0.9,0.5,org.antlr.v4.misc,380,0,0,0,0,0,0
WarningMinor,class,antlr4,0.9,0.5,org.antlr.v4.misc,380,0,0,0,0,0,0
Android Rules,class,antlr4,0.9,0.5,org.antlr.v4.misc,380,0,0,0,0,0,0
Basic Rules,class,antlr4,0.9,0.5,org.antlr.v4.misc,380,0,0,0,0,0,0
Brace Rules,class,antlr4,0.9,0.5,org.antlr.v4.misc,380,0,0,0,0,0,0
Clone Implementation Rules,class,antlr4,0.9,0.5,org.antlr.v4.misc,380,0,0,0,0,0,0
Code Size Rules,class,antlr4,0.9,0.5,org.antlr.v4.misc,380,0,0,0,0,0,0
Comment Rules,class,antlr4,0.9,0.5,org.antlr.v4.misc,380,0,0,0,0,0,0
Controversial Rules,class,antlr4,0.9,0.5,org.antlr.v4.misc,380,0,0,0,0,0,0
Coupling Rules,class,antlr4,0.9,0.5,org.antlr.v4.misc,380,0,0,0,0,0,0
Design Rules,class,antlr4,0.9,0.5,org.antlr.v4.misc,380,0,0,0,0,0,0
Empty Code Rules,class,antlr4,0.9,0.5,org.antlr.v4.misc,380,0,0,0,0,0,0
Finalizer Rules,class,antlr4,0.9,0.5,org.antlr.v4.misc,380,0,0,0,0,0,0
Import Statement Rules,class,antlr4,0.9,0.5,org.antlr.v4.misc,380,0,0,0,0,0,0
J2EE Rules,class,antlr4,0.9,0.5,org.antlr.v4.misc,380,0,0,0,0,0,0
JUnit Rules,class,antlr4,0.9,0.5,org.antlr.v4.misc,380,0,0,0,0,0,0
Jakarta Commons Logging Rules,class,antlr4,0.9,0.5,org.antlr.v4.misc,380,0,0,0,0,0,0
Java Logging Rules,class,antlr4,0.9,0.5,org.antlr.v4.misc,380,0,0,0,0,0,0
JavaBean Rules,class,antlr4,0.9,0.5,org.antlr.v4.misc,380,0,0,0,0,0,0
MigratingToJUnit4 Rules,class,antlr4,0.9,0.5,org.antlr.v4.misc,380,0,0,0,0,0,0
Migration Rules,class,antlr4,0.9,0.5,org.antlr.v4.misc,380,0,0,0,0,0,0
Migration13 Rules,class,antlr4,0.9,0.5,org.antlr.v4.misc,380,0,0,0,0,0,0
Migration14 Rules,class,antlr4,0.9,0.5,org.antlr.v4.misc,380,0,0,0,0,0,0
Migration15 Rules,class,antlr4,0.9,0.5,org.antlr.v4.misc,380,0,0,0,0,0,0
Naming Rules,class,antlr4,0.9,0.5,org.antlr.v4.misc,380,0,0,0,0,0,0
Optimization Rules,class,antlr4,0.9,0.5,org.antlr.v4.misc,380,0,0,0,0,0,0
Security Code Guideline Rules,class,antlr4,0.9,0.5,org.antlr.v4.misc,380,0,0,0,0,0,0
Strict Exception Rules,class,antlr4,0.9,0.5,org.antlr.v4.misc,380,0,0,0,0,0,0
String and StringBuffer Rules,class,antlr4,0.9,0.5,org.antlr.v4.misc,380,0,0,0,0,0,0
Type Resolution Rules,class,antlr4,0.9,0.5,org.antlr.v4.misc,380,0,0,0,0,0,0
Unnecessary and Unused Code Rules,class,antlr4,0.9,0.5,org.antlr.v4.misc,380,0,0,0,0,0,0
Vulnerability Rules,class,antlr4,0.9,0.5,org.antlr.v4.misc,380,0,0,0,0,0,0
CC,class,antlr4,0.9,0.5,org.antlr.v4.gui,380,0,0,0,1,1,1
CCL,class,antlr4,0.9,0.5,org.antlr.v4.gui,380,0,0,0,1,1,1
CCO,class,antlr4,0.9,0.5,org.antlr.v4.gui,380,0,0,0,1,1,1
CI,class,antlr4,0.9,0.5,org.antlr.v4.gui,380,0,0,0,1,1,1
CLC,class,antlr4,0.9,0.5,org.antlr.v4.gui,380,0,0,0,1,1,1
CLLC,class,antlr4,0.9,0.5,org.antlr.v4.gui,380,0,0,0,1,1,1
LDC,class,antlr4,0.9,0.5,org.antlr.v4.gui,380,0,0,0,1,1,1
LLDC,class,antlr4,0.9,0.5,org.antlr.v4.gui,380,0,0,0,1,1,1
LCOM5,class,antlr4,0.9,0.5,org.antlr.v4.gui,380,1,1,1,1,1,1
NL,class,antlr4,0.9,0.5,org.antlr.v4.gui,380,1,1,1,1,1,1
NLE,class,antlr4,0.9,0.5,org.antlr.v4.gui,380,1,1,1,1,1,1
WMC,class,antlr4,0.9,0.5,org.antlr.v4.gui,380,1,1,1,1,1,1
CBO,class,antlr4,0.9,0.5,org.antlr.v4.gui,380,1,1,1,1,1,1
CBOI,class,antlr4,0.9,0.5,org.antlr.v4.gui,380,1,1,1,1,1,1
NII,class,antlr4,0.9,0.5,org.antlr.v4.gui,380,1,1,1,1,1,1
NOI,class,antlr4,0.9,0.5,org.antlr.v4.gui,380,1,1,1,1,1,1
RFC,class,antlr4,0.9,0.5,org.antlr.v4.gui,380,1,1,1,1,1,1
AD,class,antlr4,0.9,0.5,org.antlr.v4.gui,380,1,1,1,1,1,1
CD,class,antlr4,0.9,0.5,org.antlr.v4.gui,380,1,1,1,1,1,1
CLOC,class,antlr4,0.9,0.5,org.antlr.v4.gui,380,1,1,1,1,1,1
DLOC,class,antlr4,0.9,0.5,org.antlr.v4.gui,380,1,1,1,1,1,1
PDA,class,antlr4,0.9,0.5,org.antlr.v4.gui,380,1,1,1,1,1,1
PUA,class,antlr4,0.9,0.5,org.antlr.v4.gui,380,1,1,1,1,1,1
TCD,class,antlr4,0.9,0.5,org.antlr.v4.gui,380,1,1,1,1,1,1
TCLOC,class,antlr4,0.9,0.5,org.antlr.v4.gui,380,1,1,1,1,1,1
DIT,class,antlr4,0.9,0.5,org.antlr.v4.gui,380,0,0,0,1,1,1
NOA,class,antlr4,0.9,0.5,org.antlr.v4.gui,380,0,0,0,1,1,1
NOC,class,antlr4,0.9,0.5,org.antlr.v4.gui,380,0,0,0,1,1,1
NOD,class,antlr4,0.9,0.5,org.antlr.v4.gui,380,0,0,0,1,1,1
NOP,class,antlr4,0.9,0.5,org.antlr.v4.gui,380,0,0,0,1,1,1
LLOC,class,antlr4,0.9,0.5,org.antlr.v4.gui,380,1,1,1,1,1,1
LOC,class,antlr4,0.9,0.5,org.antlr.v4.gui,380,1,1,1,1,1,1
NA,class,antlr4,0.9,0.5,org.antlr.v4.gui,380,1,1,1,1,1,1
NG,class,antlr4,0.9,0.5,org.antlr.v4.gui,380,1,1,1,1,1,1
NLA,class,antlr4,0.9,0.5,org.antlr.v4.gui,380,1,1,1,1,1,1
NLG,class,antlr4,0.9,0.5,org.antlr.v4.gui,380,1,1,1,1,1,1
NLM,class,antlr4,0.9,0.5,org.antlr.v4.gui,380,1,1,1,1,1,1
NLPA,class,antlr4,0.9,0.5,org.antlr.v4.gui,380,1,1,1,1,1,1
NLPM,class,antlr4,0.9,0.5,org.antlr.v4.gui,380,1,1,1,1,1,1
NLS,class,antlr4,0.9,0.5,org.antlr.v4.gui,380,1,1,1,1,1,1
NM,class,antlr4,0.9,0.5,org.antlr.v4.gui,380,1,1,1,1,1,1
NOS,class,antlr4,0.9,0.5,org.antlr.v4.gui,380,1,1,1,1,1,1
NPA,class,antlr4,0.9,0.5,org.antlr.v4.gui,380,1,1,1,1,1,1
NPM,class,antlr4,0.9,0.5,org.antlr.v4.gui,380,1,1,1,1,1,1
NS,class,antlr4,0.9,0.5,org.antlr.v4.gui,380,1,1,1,1,1,1
TLLOC,class,antlr4,0.9,0.5,org.antlr.v4.gui,380,1,1,1,1,1,1
TLOC,class,antlr4,0.9,0.5,org.antlr.v4.gui,380,1,1,1,1,1,1
TNA,class,antlr4,0.9,0.5,org.antlr.v4.gui,380,0,0,0,0,0,0
TNG,class,antlr4,0.9,0.5,org.antlr.v4.gui,380,0,0,0,0,0,0
TNLA,class,antlr4,0.9,0.5,org.antlr.v4.gui,380,0,0,0,0,0,0
TNLG,class,antlr4,0.9,0.5,org.antlr.v4.gui,380,0,0,0,0,0,0
TNLM,class,antlr4,0.9,0.5,org.antlr.v4.gui,380,0,0,0,0,0,0
TNLPA,class,antlr4,0.9,0.5,org.antlr.v4.gui,380,0,0,0,0,0,0
TNLPM,class,antlr4,0.9,0.5,org.antlr.v4.gui,380,0,0,0,0,0,0
TNLS,class,antlr4,0.9,0.5,org.antlr.v4.gui,380,0,0,0,0,0,0
TNM,class,antlr4,0.9,0.5,org.antlr.v4.gui,380,0,0,0,0,0,0
TNOS,class,antlr4,0.9,0.5,org.antlr.v4.gui,380,0,0,0,0,0,0
TNPA,class,antlr4,0.9,0.5,org.antlr.v4.gui,380,0,0,0,0,0,0
TNPM,class,antlr4,0.9,0.5,org.antlr.v4.gui,380,0,0,0,0,0,0
TNS,class,antlr4,0.9,0.5,org.antlr.v4.gui,380,0,0,0,0,0,0
WarningBlocker,class,antlr4,0.9,0.5,org.antlr.v4.gui,380,0,0,0,0,0,0
WarningCritical,class,antlr4,0.9,0.5,org.antlr.v4.gui,380,0,0,0,0,0,0
WarningInfo,class,antlr4,0.9,0.5,org.antlr.v4.gui,380,0,0,0,0,0,0
WarningMajor,class,antlr4,0.9,0.5,org.antlr.v4.gui,380,0,0,0,0,0,0
WarningMinor,class,antlr4,0.9,0.5,org.antlr.v4.gui,380,0,0,0,0,0,0
Android Rules,class,antlr4,0.9,0.5,org.antlr.v4.gui,380,0,0,0,0,0,0
Basic Rules,class,antlr4,0.9,0.5,org.antlr.v4.gui,380,0,0,0,0,0,0
Brace Rules,class,antlr4,0.9,0.5,org.antlr.v4.gui,380,0,0,0,0,0,0
Clone Implementation Rules,class,antlr4,0.9,0.5,org.antlr.v4.gui,380,0,0,0,0,0,0
Code Size Rules,class,antlr4,0.9,0.5,org.antlr.v4.gui,380,0,0,0,0,0,0
Comment Rules,class,antlr4,0.9,0.5,org.antlr.v4.gui,380,0,0,0,0,0,0
Controversial Rules,class,antlr4,0.9,0.5,org.antlr.v4.gui,380,0,0,0,0,0,0
Coupling Rules,class,antlr4,0.9,0.5,org.antlr.v4.gui,380,0,0,0,0,0,0
Design Rules,class,antlr4,0.9,0.5,org.antlr.v4.gui,380,0,0,0,0,0,0
Empty Code Rules,class,antlr4,0.9,0.5,org.antlr.v4.gui,380,0,0,0,0,0,0
Finalizer Rules,class,antlr4,0.9,0.5,org.antlr.v4.gui,380,0,0,0,0,0,0
Import Statement Rules,class,antlr4,0.9,0.5,org.antlr.v4.gui,380,0,0,0,0,0,0
J2EE Rules,class,antlr4,0.9,0.5,org.antlr.v4.gui,380,0,0,0,0,0,0
JUnit Rules,class,antlr4,0.9,0.5,org.antlr.v4.gui,380,0,0,0,0,0,0
Jakarta Commons Logging Rules,class,antlr4,0.9,0.5,org.antlr.v4.gui,380,0,0,0,0,0,0
Java Logging Rules,class,antlr4,0.9,0.5,org.antlr.v4.gui,380,0,0,0,0,0,0
JavaBean Rules,class,antlr4,0.9,0.5,org.antlr.v4.gui,380,0,0,0,0,0,0
MigratingToJUnit4 Rules,class,antlr4,0.9,0.5,org.antlr.v4.gui,380,0,0,0,0,0,0
Migration Rules,class,antlr4,0.9,0.5,org.antlr.v4.gui,380,0,0,0,0,0,0
Migration13 Rules,class,antlr4,0.9,0.5,org.antlr.v4.gui,380,0,0,0,0,0,0
Migration14 Rules,class,antlr4,0.9,0.5,org.antlr.v4.gui,380,0,0,0,0,0,0
Migration15 Rules,class,antlr4,0.9,0.5,org.antlr.v4.gui,380,0,0,0,0,0,0
Naming Rules,class,antlr4,0.9,0.5,org.antlr.v4.gui,380,0,0,0,0,0,0
Optimization Rules,class,antlr4,0.9,0.5,org.antlr.v4.gui,380,0,0,0,0,0,0
Security Code Guideline Rules,class,antlr4,0.9,0.5,org.antlr.v4.gui,380,0,0,0,0,0,0
Strict Exception Rules,class,antlr4,0.9,0.5,org.antlr.v4.gui,380,0,0,0,0,0,0
String and StringBuffer Rules,class,antlr4,0.9,0.5,org.antlr.v4.gui,380,0,0,0,0,0,0
Type Resolution Rules,class,antlr4,0.9,0.5,org.antlr.v4.gui,380,0,0,0,0,0,0
Unnecessary and Unused Code Rules,class,antlr4,0.9,0.5,org.antlr.v4.gui,380,0,0,0,0,0,0
Vulnerability Rules,class,antlr4,0.9,0.5,org.antlr.v4.gui,380,0,0,0,0,0,0
CC,class,antlr4,0.9,0.5,org.antlr.v4.tool.ast,380,0,0,0,1,1,1
CCL,class,antlr4,0.9,0.5,org.antlr.v4.tool.ast,380,0,0,0,1,1,1
CCO,class,antlr4,0.9,0.5,org.antlr.v4.tool.ast,380,0,0,0,1,1,1
CI,class,antlr4,0.9,0.5,org.antlr.v4.tool.ast,380,0,0,0,1,1,1
CLC,class,antlr4,0.9,0.5,org.antlr.v4.tool.ast,380,0,0,0,1,1,1
CLLC,class,antlr4,0.9,0.5,org.antlr.v4.tool.ast,380,0,0,0,1,1,1
LDC,class,antlr4,0.9,0.5,org.antlr.v4.tool.ast,380,0,0,0,1,1,1
LLDC,class,antlr4,0.9,0.5,org.antlr.v4.tool.ast,380,0,0,0,1,1,1
LCOM5,class,antlr4,0.9,0.5,org.antlr.v4.tool.ast,380,1,1,1,1,1,1
NL,class,antlr4,0.9,0.5,org.antlr.v4.tool.ast,380,0,0,0,1,1,1
NLE,class,antlr4,0.9,0.5,org.antlr.v4.tool.ast,380,0,0,0,1,1,1
WMC,class,antlr4,0.9,0.5,org.antlr.v4.tool.ast,380,1,1,1,1,1,1
CBO,class,antlr4,0.9,0.5,org.antlr.v4.tool.ast,380,1,1,1,1,1,1
CBOI,class,antlr4,0.9,0.5,org.antlr.v4.tool.ast,380,1,1,1,1,1,1
NII,class,antlr4,0.9,0.5,org.antlr.v4.tool.ast,380,1,1,1,1,1,1
NOI,class,antlr4,0.9,0.5,org.antlr.v4.tool.ast,380,1,1,1,1,1,1
RFC,class,antlr4,0.9,0.5,org.antlr.v4.tool.ast,380,1,1,1,1,1,1
AD,class,antlr4,0.9,0.5,org.antlr.v4.tool.ast,380,1,1,1,1,1,1
CD,class,antlr4,0.9,0.5,org.antlr.v4.tool.ast,380,1,1,1,1,1,1
CLOC,class,antlr4,0.9,0.5,org.antlr.v4.tool.ast,380,1,1,1,1,1,1
DLOC,class,antlr4,0.9,0.5,org.antlr.v4.tool.ast,380,1,1,1,1,1,1
PDA,class,antlr4,0.9,0.5,org.antlr.v4.tool.ast,380,1,1,1,1,1,1
PUA,class,antlr4,0.9,0.5,org.antlr.v4.tool.ast,380,1,1,1,1,1,1
TCD,class,antlr4,0.9,0.5,org.antlr.v4.tool.ast,380,1,1,1,1,1,1
TCLOC,class,antlr4,0.9,0.5,org.antlr.v4.tool.ast,380,1,1,1,1,1,1
DIT,class,antlr4,0.9,0.5,org.antlr.v4.tool.ast,380,1,1,1,1,1,1
NOA,class,antlr4,0.9,0.5,org.antlr.v4.tool.ast,380,1,1,1,1,1,1
NOC,class,antlr4,0.9,0.5,org.antlr.v4.tool.ast,380,1,1,1,1,1,1
NOD,class,antlr4,0.9,0.5,org.antlr.v4.tool.ast,380,1,1,1,1,1,1
NOP,class,antlr4,0.9,0.5,org.antlr.v4.tool.ast,380,1,1,1,1,1,1
LLOC,class,antlr4,0.9,0.5,org.antlr.v4.tool.ast,380,1,1,1,1,1,1
LOC,class,antlr4,0.9,0.5,org.antlr.v4.tool.ast,380,1,1,1,1,1,1
NA,class,antlr4,0.9,0.5,org.antlr.v4.tool.ast,380,1,1,1,1,1,1
NG,class,antlr4,0.9,0.5,org.antlr.v4.tool.ast,380,1,1,1,1,1,1
NLA,class,antlr4,0.9,0.5,org.antlr.v4.tool.ast,380,1,1,1,1,1,1
NLG,class,antlr4,0.9,0.5,org.antlr.v4.tool.ast,380,1,1,1,1,1,1
NLM,class,antlr4,0.9,0.5,org.antlr.v4.tool.ast,380,1,1,1,1,1,1
NLPA,class,antlr4,0.9,0.5,org.antlr.v4.tool.ast,380,1,1,1,1,1,1
NLPM,class,antlr4,0.9,0.5,org.antlr.v4.tool.ast,380,1,1,1,1,1,1
NLS,class,antlr4,0.9,0.5,org.antlr.v4.tool.ast,380,1,1,1,1,1,1
NM,class,antlr4,0.9,0.5,org.antlr.v4.tool.ast,380,1,1,1,1,1,1
NOS,class,antlr4,0.9,0.5,org.antlr.v4.tool.ast,380,1,1,1,1,1,1
NPA,class,antlr4,0.9,0.5,org.antlr.v4.tool.ast,380,0,0,0,1,1,1
NPM,class,antlr4,0.9,0.5,org.antlr.v4.tool.ast,380,1,1,1,1,1,1
NS,class,antlr4,0.9,0.5,org.antlr.v4.tool.ast,380,1,1,1,1,1,1
TLLOC,class,antlr4,0.9,0.5,org.antlr.v4.tool.ast,380,1,1,1,1,1,1
TLOC,class,antlr4,0.9,0.5,org.antlr.v4.tool.ast,380,1,1,1,1,1,1
TNA,class,antlr4,0.9,0.5,org.antlr.v4.tool.ast,380,0,0,0,0,0,0
TNG,class,antlr4,0.9,0.5,org.antlr.v4.tool.ast,380,0,0,0,0,0,0
TNLA,class,antlr4,0.9,0.5,org.antlr.v4.tool.ast,380,0,0,0,0,0,0
TNLG,class,antlr4,0.9,0.5,org.antlr.v4.tool.ast,380,0,0,0,0,0,0
TNLM,class,antlr4,0.9,0.5,org.antlr.v4.tool.ast,380,0,0,0,0,0,0
TNLPA,class,antlr4,0.9,0.5,org.antlr.v4.tool.ast,380,0,0,0,0,0,0
TNLPM,class,antlr4,0.9,0.5,org.antlr.v4.tool.ast,380,0,0,0,0,0,0
TNLS,class,antlr4,0.9,0.5,org.antlr.v4.tool.ast,380,0,0,0,0,0,0
TNM,class,antlr4,0.9,0.5,org.antlr.v4.tool.ast,380,0,0,0,0,0,0
TNOS,class,antlr4,0.9,0.5,org.antlr.v4.tool.ast,380,0,0,0,0,0,0
TNPA,class,antlr4,0.9,0.5,org.antlr.v4.tool.ast,380,0,0,0,0,0,0
TNPM,class,antlr4,0.9,0.5,org.antlr.v4.tool.ast,380,0,0,0,0,0,0
TNS,class,antlr4,0.9,0.5,org.antlr.v4.tool.ast,380,0,0,0,0,0,0
WarningBlocker,class,antlr4,0.9,0.5,org.antlr.v4.tool.ast,380,0,0,0,0,0,0
WarningCritical,class,antlr4,0.9,0.5,org.antlr.v4.tool.ast,380,0,0,0,0,0,0
WarningInfo,class,antlr4,0.9,0.5,org.antlr.v4.tool.ast,380,0,0,0,0,0,0
WarningMajor,class,antlr4,0.9,0.5,org.antlr.v4.tool.ast,380,0,0,0,0,0,0
WarningMinor,class,antlr4,0.9,0.5,org.antlr.v4.tool.ast,380,0,0,0,0,0,0
Android Rules,class,antlr4,0.9,0.5,org.antlr.v4.tool.ast,380,0,0,0,0,0,0
Basic Rules,class,antlr4,0.9,0.5,org.antlr.v4.tool.ast,380,0,0,0,0,0,0
Brace Rules,class,antlr4,0.9,0.5,org.antlr.v4.tool.ast,380,0,0,0,0,0,0
Clone Implementation Rules,class,antlr4,0.9,0.5,org.antlr.v4.tool.ast,380,0,0,0,0,0,0
Code Size Rules,class,antlr4,0.9,0.5,org.antlr.v4.tool.ast,380,0,0,0,0,0,0
Comment Rules,class,antlr4,0.9,0.5,org.antlr.v4.tool.ast,380,0,0,0,0,0,0
Controversial Rules,class,antlr4,0.9,0.5,org.antlr.v4.tool.ast,380,0,0,0,0,0,0
Coupling Rules,class,antlr4,0.9,0.5,org.antlr.v4.tool.ast,380,0,0,0,0,0,0
Design Rules,class,antlr4,0.9,0.5,org.antlr.v4.tool.ast,380,0,0,0,0,0,0
Empty Code Rules,class,antlr4,0.9,0.5,org.antlr.v4.tool.ast,380,0,0,0,0,0,0
Finalizer Rules,class,antlr4,0.9,0.5,org.antlr.v4.tool.ast,380,0,0,0,0,0,0
Import Statement Rules,class,antlr4,0.9,0.5,org.antlr.v4.tool.ast,380,0,0,0,0,0,0
J2EE Rules,class,antlr4,0.9,0.5,org.antlr.v4.tool.ast,380,0,0,0,0,0,0
JUnit Rules,class,antlr4,0.9,0.5,org.antlr.v4.tool.ast,380,0,0,0,0,0,0
Jakarta Commons Logging Rules,class,antlr4,0.9,0.5,org.antlr.v4.tool.ast,380,0,0,0,0,0,0
Java Logging Rules,class,antlr4,0.9,0.5,org.antlr.v4.tool.ast,380,0,0,0,0,0,0
JavaBean Rules,class,antlr4,0.9,0.5,org.antlr.v4.tool.ast,380,0,0,0,0,0,0
MigratingToJUnit4 Rules,class,antlr4,0.9,0.5,org.antlr.v4.tool.ast,380,0,0,0,0,0,0
Migration Rules,class,antlr4,0.9,0.5,org.antlr.v4.tool.ast,380,0,0,0,0,0,0
Migration13 Rules,class,antlr4,0.9,0.5,org.antlr.v4.tool.ast,380,0,0,0,0,0,0
Migration14 Rules,class,antlr4,0.9,0.5,org.antlr.v4.tool.ast,380,0,0,0,0,0,0
Migration15 Rules,class,antlr4,0.9,0.5,org.antlr.v4.tool.ast,380,0,0,0,0,0,0
Naming Rules,class,antlr4,0.9,0.5,org.antlr.v4.tool.ast,380,0,0,0,0,0,0
Optimization Rules,class,antlr4,0.9,0.5,org.antlr.v4.tool.ast,380,0,0,0,0,0,0
Security Code Guideline Rules,class,antlr4,0.9,0.5,org.antlr.v4.tool.ast,380,0,0,0,0,0,0
Strict Exception Rules,class,antlr4,0.9,0.5,org.antlr.v4.tool.ast,380,0,0,0,0,0,0
String and StringBuffer Rules,class,antlr4,0.9,0.5,org.antlr.v4.tool.ast,380,0,0,0,0,0,0
Type Resolution Rules,class,antlr4,0.9,0.5,org.antlr.v4.tool.ast,380,0,0,0,0,0,0
Unnecessary and Unused Code Rules,class,antlr4,0.9,0.5,org.antlr.v4.tool.ast,380,0,0,0,0,0,0
Vulnerability Rules,class,antlr4,0.9,0.5,org.antlr.v4.tool.ast,380,0,0,0,0,0,0
CC,class,antlr4,0.9,0.5,org.antlr.v4,1140,0,0,0,1,1,1
CCL,class,antlr4,0.9,0.5,org.antlr.v4,1140,0,0,0,1,1,1
CCO,class,antlr4,0.9,0.5,org.antlr.v4,1140,0,0,0,1,1,1
CI,class,antlr4,0.9,0.5,org.antlr.v4,1140,0,0,0,1,1,1
CLC,class,antlr4,0.9,0.5,org.antlr.v4,1140,0,0,0,1,1,1
CLLC,class,antlr4,0.9,0.5,org.antlr.v4,1140,0,0,0,1,1,1
LDC,class,antlr4,0.9,0.5,org.antlr.v4,1140,0,0,0,1,1,1
LLDC,class,antlr4,0.9,0.5,org.antlr.v4,1140,0,0,0,1,1,1
LCOM5,class,antlr4,0.9,0.5,org.antlr.v4,1140,1,1,1,1,1,1
NL,class,antlr4,0.9,0.5,org.antlr.v4,1140,1,1,1,1,1,1
NLE,class,antlr4,0.9,0.5,org.antlr.v4,1140,1,1,1,1,1,1
WMC,class,antlr4,0.9,0.5,org.antlr.v4,1140,1,1,1,1,1,1
CBO,class,antlr4,0.9,0.5,org.antlr.v4,1140,1,1,1,1,1,1
CBOI,class,antlr4,0.9,0.5,org.antlr.v4,1140,0,0,0,1,1,1
NII,class,antlr4,0.9,0.5,org.antlr.v4,1140,0,0,0,1,1,1
NOI,class,antlr4,0.9,0.5,org.antlr.v4,1140,1,1,1,1,1,1
RFC,class,antlr4,0.9,0.5,org.antlr.v4,1140,1,1,1,1,1,1
AD,class,antlr4,0.9,0.5,org.antlr.v4,1140,1,1,1,1,1,1
CD,class,antlr4,0.9,0.5,org.antlr.v4,1140,1,1,1,1,1,1
CLOC,class,antlr4,0.9,0.5,org.antlr.v4,1140,1,1,1,1,1,1
DLOC,class,antlr4,0.9,0.5,org.antlr.v4,1140,1,1,1,1,1,1
PDA,class,antlr4,0.9,0.5,org.antlr.v4,1140,1,1,1,1,1,1
PUA,class,antlr4,0.9,0.5,org.antlr.v4,1140,1,1,1,1,1,1
TCD,class,antlr4,0.9,0.5,org.antlr.v4,1140,1,1,1,1,1,1
TCLOC,class,antlr4,0.9,0.5,org.antlr.v4,1140,1,1,1,1,1,1
DIT,class,antlr4,0.9,0.5,org.antlr.v4,1140,0,0,0,1,1,1
NOA,class,antlr4,0.9,0.5,org.antlr.v4,1140,0,0,0,1,1,1
NOC,class,antlr4,0.9,0.5,org.antlr.v4,1140,1,1,1,1,1,1
NOD,class,antlr4,0.9,0.5,org.antlr.v4,1140,1,1,1,1,1,1
NOP,class,antlr4,0.9,0.5,org.antlr.v4,1140,0,0,0,1,1,1
LLOC,class,antlr4,0.9,0.5,org.antlr.v4,1140,1,1,1,1,1,1
LOC,class,antlr4,0.9,0.5,org.antlr.v4,1140,1,1,1,1,1,1
NA,class,antlr4,0.9,0.5,org.antlr.v4,1140,1,1,1,1,1,1
NG,class,antlr4,0.9,0.5,org.antlr.v4,1140,1,1,1,1,1,1
NLA,class,antlr4,0.9,0.5,org.antlr.v4,1140,1,1,1,1,1,1
NLG,class,antlr4,0.9,0.5,org.antlr.v4,1140,1,1,1,1,1,1
NLM,class,antlr4,0.9,0.5,org.antlr.v4,1140,1,1,1,1,1,1
NLPA,class,antlr4,0.9,0.5,org.antlr.v4,1140,1,1,1,1,1,1
NLPM,class,antlr4,0.9,0.5,org.antlr.v4,1140,1,1,1,1,1,1
NLS,class,antlr4,0.9,0.5,org.antlr.v4,1140,0,0,0,1,1,1
NM,class,antlr4,0.9,0.5,org.antlr.v4,1140,1,1,1,1,1,1
NOS,class,antlr4,0.9,0.5,org.antlr.v4,1140,1,1,1,1,1,1
NPA,class,antlr4,0.9,0.5,org.antlr.v4,1140,1,1,1,1,1,1
NPM,class,antlr4,0.9,0.5,org.antlr.v4,1140,1,1,1,1,1,1
NS,class,antlr4,0.9,0.5,org.antlr.v4,1140,0,0,0,1,1,1
TLLOC,class,antlr4,0.9,0.5,org.antlr.v4,1140,1,1,1,1,1,1
TLOC,class,antlr4,0.9,0.5,org.antlr.v4,1140,1,1,1,1,1,1
TNA,class,antlr4,0.9,0.5,org.antlr.v4,1140,0,0,0,0,0,0
TNG,class,antlr4,0.9,0.5,org.antlr.v4,1140,0,0,0,0,0,0
TNLA,class,antlr4,0.9,0.5,org.antlr.v4,1140,0,0,0,0,0,0
TNLG,class,antlr4,0.9,0.5,org.antlr.v4,1140,0,0,0,0,0,0
TNLM,class,antlr4,0.9,0.5,org.antlr.v4,1140,0,0,0,0,0,0
TNLPA,class,antlr4,0.9,0.5,org.antlr.v4,1140,0,0,0,0,0,0
TNLPM,class,antlr4,0.9,0.5,org.antlr.v4,1140,0,0,0,0,0,0
TNLS,class,antlr4,0.9,0.5,org.antlr.v4,1140,0,0,0,0,0,0
TNM,class,antlr4,0.9,0.5,org.antlr.v4,1140,0,0,0,0,0,0
TNOS,class,antlr4,0.9,0.5,org.antlr.v4,1140,0,0,0,0,0,0
TNPA,class,antlr4,0.9,0.5,org.antlr.v4,1140,0,0,0,0,0,0
TNPM,class,antlr4,0.9,0.5,org.antlr.v4,1140,0,0,0,0,0,0
TNS,class,antlr4,0.9,0.5,org.antlr.v4,1140,0,0,0,0,0,0
WarningBlocker,class,antlr4,0.9,0.5,org.antlr.v4,1140,0,0,0,0,0,0
WarningCritical,class,antlr4,0.9,0.5,org.antlr.v4,1140,0,0,0,0,0,0
WarningInfo,class,antlr4,0.9,0.5,org.antlr.v4,1140,0,0,0,0,0,0
WarningMajor,class,antlr4,0.9,0.5,org.antlr.v4,1140,0,0,0,0,0,0
WarningMinor,class,antlr4,0.9,0.5,org.antlr.v4,1140,0,0,0,0,0,0
Android Rules,class,antlr4,0.9,0.5,org.antlr.v4,1140,0,0,0,0,0,0
Basic Rules,class,antlr4,0.9,0.5,org.antlr.v4,1140,0,0,0,0,0,0
Brace Rules,class,antlr4,0.9,0.5,org.antlr.v4,1140,0,0,0,0,0,0
Clone Implementation Rules,class,antlr4,0.9,0.5,org.antlr.v4,1140,0,0,0,0,0,0
Code Size Rules,class,antlr4,0.9,0.5,org.antlr.v4,1140,0,0,0,0,0,0
Comment Rules,class,antlr4,0.9,0.5,org.antlr.v4,1140,0,0,0,0,0,0
Controversial Rules,class,antlr4,0.9,0.5,org.antlr.v4,1140,0,0,0,0,0,0
Coupling Rules,class,antlr4,0.9,0.5,org.antlr.v4,1140,0,0,0,0,0,0
Design Rules,class,antlr4,0.9,0.5,org.antlr.v4,1140,0,0,0,0,0,0
Empty Code Rules,class,antlr4,0.9,0.5,org.antlr.v4,1140,0,0,0,0,0,0
Finalizer Rules,class,antlr4,0.9,0.5,org.antlr.v4,1140,0,0,0,0,0,0
Import Statement Rules,class,antlr4,0.9,0.5,org.antlr.v4,1140,0,0,0,0,0,0
J2EE Rules,class,antlr4,0.9,0.5,org.antlr.v4,1140,0,0,0,0,0,0
JUnit Rules,class,antlr4,0.9,0.5,org.antlr.v4,1140,0,0,0,0,0,0
Jakarta Commons Logging Rules,class,antlr4,0.9,0.5,org.antlr.v4,1140,0,0,0,0,0,0
Java Logging Rules,class,antlr4,0.9,0.5,org.antlr.v4,1140,0,0,0,0,0,0
JavaBean Rules,class,antlr4,0.9,0.5,org.antlr.v4,1140,0,0,0,0,0,0
MigratingToJUnit4 Rules,class,antlr4,0.9,0.5,org.antlr.v4,1140,0,0,0,0,0,0
Migration Rules,class,antlr4,0.9,0.5,org.antlr.v4,1140,0,0,0,0,0,0
Migration13 Rules,class,antlr4,0.9,0.5,org.antlr.v4,1140,0,0,0,0,0,0
Migration14 Rules,class,antlr4,0.9,0.5,org.antlr.v4,1140,0,0,0,0,0,0
Migration15 Rules,class,antlr4,0.9,0.5,org.antlr.v4,1140,0,0,0,0,0,0
Naming Rules,class,antlr4,0.9,0.5,org.antlr.v4,1140,0,0,0,0,0,0
Optimization Rules,class,antlr4,0.9,0.5,org.antlr.v4,1140,0,0,0,0,0,0
Security Code Guideline Rules,class,antlr4,0.9,0.5,org.antlr.v4,1140,0,0,0,0,0,0
Strict Exception Rules,class,antlr4,0.9,0.5,org.antlr.v4,1140,0,0,0,0,0,0
String and StringBuffer Rules,class,antlr4,0.9,0.5,org.antlr.v4,1140,0,0,0,0,0,0
Type Resolution Rules,class,antlr4,0.9,0.5,org.antlr.v4,1140,0,0,0,0,0,0
Unnecessary and Unused Code Rules,class,antlr4,0.9,0.5,org.antlr.v4,1140,0,0,0,0,0,0
Vulnerability Rules,class,antlr4,0.9,0.5,org.antlr.v4,1140,0,0,0,0,0,0
CC,class,antlr4,0.9,0.5,org.antlr.v4.runtime.dfa,190,0,0,0,1,1,1
CCL,class,antlr4,0.9,0.5,org.antlr.v4.runtime.dfa,190,0,0,0,1,1,1
CCO,class,antlr4,0.9,0.5,org.antlr.v4.runtime.dfa,190,0,0,0,1,1,1
CI,class,antlr4,0.9,0.5,org.antlr.v4.runtime.dfa,190,0,0,0,1,1,1
CLC,class,antlr4,0.9,0.5,org.antlr.v4.runtime.dfa,190,0,0,0,1,1,1
CLLC,class,antlr4,0.9,0.5,org.antlr.v4.runtime.dfa,190,0,0,0,1,1,1
LDC,class,antlr4,0.9,0.5,org.antlr.v4.runtime.dfa,190,0,0,0,1,1,1
LLDC,class,antlr4,0.9,0.5,org.antlr.v4.runtime.dfa,190,0,0,0,1,1,1
LCOM5,class,antlr4,0.9,0.5,org.antlr.v4.runtime.dfa,190,0,0,0,1,1,1
NL,class,antlr4,0.9,0.5,org.antlr.v4.runtime.dfa,190,0,0,0,1,1,1
NLE,class,antlr4,0.9,0.5,org.antlr.v4.runtime.dfa,190,0,0,0,1,1,1
WMC,class,antlr4,0.9,0.5,org.antlr.v4.runtime.dfa,190,1,1,1,1,1,1
CBO,class,antlr4,0.9,0.5,org.antlr.v4.runtime.dfa,190,1,1,1,1,1,1
CBOI,class,antlr4,0.9,0.5,org.antlr.v4.runtime.dfa,190,0,0,0,1,1,1
NII,class,antlr4,0.9,0.5,org.antlr.v4.runtime.dfa,190,0,0,0,1,1,1
NOI,class,antlr4,0.9,0.5,org.antlr.v4.runtime.dfa,190,0,0,0,1,1,1
RFC,class,antlr4,0.9,0.5,org.antlr.v4.runtime.dfa,190,0,0,0,1,1,1
AD,class,antlr4,0.9,0.5,org.antlr.v4.runtime.dfa,190,0,0,0,1,1,1
CD,class,antlr4,0.9,0.5,org.antlr.v4.runtime.dfa,190,1,1,1,1,1,1
CLOC,class,antlr4,0.9,0.5,org.antlr.v4.runtime.dfa,190,1,1,1,1,1,1
DLOC,class,antlr4,0.9,0.5,org.antlr.v4.runtime.dfa,190,1,1,1,1,1,1
PDA,class,antlr4,0.9,0.5,org.antlr.v4.runtime.dfa,190,0,0,0,1,1,1
PUA,class,antlr4,0.9,0.5,org.antlr.v4.runtime.dfa,190,0,0,0,1,1,1
TCD,class,antlr4,0.9,0.5,org.antlr.v4.runtime.dfa,190,1,1,1,1,1,1
TCLOC,class,antlr4,0.9,0.5,org.antlr.v4.runtime.dfa,190,1,1,1,1,1,1
DIT,class,antlr4,0.9,0.5,org.antlr.v4.runtime.dfa,190,0,0,0,1,1,1
NOA,class,antlr4,0.9,0.5,org.antlr.v4.runtime.dfa,190,0,0,0,1,1,1
NOC,class,antlr4,0.9,0.5,org.antlr.v4.runtime.dfa,190,0,0,0,1,1,1
NOD,class,antlr4,0.9,0.5,org.antlr.v4.runtime.dfa,190,0,0,0,1,1,1
NOP,class,antlr4,0.9,0.5,org.antlr.v4.runtime.dfa,190,0,0,0,1,1,1
LLOC,class,antlr4,0.9,0.5,org.antlr.v4.runtime.dfa,190,1,1,1,1,1,1
LOC,class,antlr4,0.9,0.5,org.antlr.v4.runtime.dfa,190,1,1,1,1,1,1
NA,class,antlr4,0.9,0.5,org.antlr.v4.runtime.dfa,190,0,0,0,1,1,1
NG,class,antlr4,0.9,0.5,org.antlr.v4.runtime.dfa,190,0,0,0,1,1,1
NLA,class,antlr4,0.9,0.5,org.antlr.v4.runtime.dfa,190,0,0,0,1,1,1
NLG,class,antlr4,0.9,0.5,org.antlr.v4.runtime.dfa,190,0,0,0,1,1,1
NLM,class,antlr4,0.9,0.5,org.antlr.v4.runtime.dfa,190,0,0,0,1,1,1
NLPA,class,antlr4,0.9,0.5,org.antlr.v4.runtime.dfa,190,0,0,0,1,1,1
NLPM,class,antlr4,0.9,0.5,org.antlr.v4.runtime.dfa,190,0,0,0,1,1,1
NLS,class,antlr4,0.9,0.5,org.antlr.v4.runtime.dfa,190,0,0,0,1,1,1
NM,class,antlr4,0.9,0.5,org.antlr.v4.runtime.dfa,190,0,0,0,1,1,1
NOS,class,antlr4,0.9,0.5,org.antlr.v4.runtime.dfa,190,1,1,1,1,1,1
NPA,class,antlr4,0.9,0.5,org.antlr.v4.runtime.dfa,190,0,0,0,1,1,1
NPM,class,antlr4,0.9,0.5,org.antlr.v4.runtime.dfa,190,0,0,0,1,1,1
NS,class,antlr4,0.9,0.5,org.antlr.v4.runtime.dfa,190,0,0,0,1,1,1
TLLOC,class,antlr4,0.9,0.5,org.antlr.v4.runtime.dfa,190,1,1,1,1,1,1
TLOC,class,antlr4,0.9,0.5,org.antlr.v4.runtime.dfa,190,1,1,1,1,1,1
TNA,class,antlr4,0.9,0.5,org.antlr.v4.runtime.dfa,190,0,0,0,0,0,0
TNG,class,antlr4,0.9,0.5,org.antlr.v4.runtime.dfa,190,0,0,0,0,0,0
TNLA,class,antlr4,0.9,0.5,org.antlr.v4.runtime.dfa,190,0,0,0,0,0,0
TNLG,class,antlr4,0.9,0.5,org.antlr.v4.runtime.dfa,190,0,0,0,0,0,0
TNLM,class,antlr4,0.9,0.5,org.antlr.v4.runtime.dfa,190,0,0,0,0,0,0
TNLPA,class,antlr4,0.9,0.5,org.antlr.v4.runtime.dfa,190,0,0,0,0,0,0
TNLPM,class,antlr4,0.9,0.5,org.antlr.v4.runtime.dfa,190,0,0,0,0,0,0
TNLS,class,antlr4,0.9,0.5,org.antlr.v4.runtime.dfa,190,0,0,0,0,0,0
TNM,class,antlr4,0.9,0.5,org.antlr.v4.runtime.dfa,190,0,0,0,0,0,0
TNOS,class,antlr4,0.9,0.5,org.antlr.v4.runtime.dfa,190,0,0,0,0,0,0
TNPA,class,antlr4,0.9,0.5,org.antlr.v4.runtime.dfa,190,0,0,0,0,0,0
TNPM,class,antlr4,0.9,0.5,org.antlr.v4.runtime.dfa,190,0,0,0,0,0,0
TNS,class,antlr4,0.9,0.5,org.antlr.v4.runtime.dfa,190,0,0,0,0,0,0
WarningBlocker,class,antlr4,0.9,0.5,org.antlr.v4.runtime.dfa,190,0,0,0,0,0,0
WarningCritical,class,antlr4,0.9,0.5,org.antlr.v4.runtime.dfa,190,0,0,0,0,0,0
WarningInfo,class,antlr4,0.9,0.5,org.antlr.v4.runtime.dfa,190,0,0,0,0,0,0
WarningMajor,class,antlr4,0.9,0.5,org.antlr.v4.runtime.dfa,190,0,0,0,0,0,0
WarningMinor,class,antlr4,0.9,0.5,org.antlr.v4.runtime.dfa,190,0,0,0,0,0,0
Android Rules,class,antlr4,0.9,0.5,org.antlr.v4.runtime.dfa,190,0,0,0,0,0,0
Basic Rules,class,antlr4,0.9,0.5,org.antlr.v4.runtime.dfa,190,0,0,0,0,0,0
Brace Rules,class,antlr4,0.9,0.5,org.antlr.v4.runtime.dfa,190,0,0,0,0,0,0
Clone Implementation Rules,class,antlr4,0.9,0.5,org.antlr.v4.runtime.dfa,190,0,0,0,0,0,0
Code Size Rules,class,antlr4,0.9,0.5,org.antlr.v4.runtime.dfa,190,0,0,0,0,0,0
Comment Rules,class,antlr4,0.9,0.5,org.antlr.v4.runtime.dfa,190,0,0,0,0,0,0
Controversial Rules,class,antlr4,0.9,0.5,org.antlr.v4.runtime.dfa,190,0,0,0,0,0,0
Coupling Rules,class,antlr4,0.9,0.5,org.antlr.v4.runtime.dfa,190,0,0,0,0,0,0
Design Rules,class,antlr4,0.9,0.5,org.antlr.v4.runtime.dfa,190,0,0,0,0,0,0
Empty Code Rules,class,antlr4,0.9,0.5,org.antlr.v4.runtime.dfa,190,0,0,0,0,0,0
Finalizer Rules,class,antlr4,0.9,0.5,org.antlr.v4.runtime.dfa,190,0,0,0,0,0,0
Import Statement Rules,class,antlr4,0.9,0.5,org.antlr.v4.runtime.dfa,190,0,0,0,0,0,0
J2EE Rules,class,antlr4,0.9,0.5,org.antlr.v4.runtime.dfa,190,0,0,0,0,0,0
JUnit Rules,class,antlr4,0.9,0.5,org.antlr.v4.runtime.dfa,190,0,0,0,0,0,0
Jakarta Commons Logging Rules,class,antlr4,0.9,0.5,org.antlr.v4.runtime.dfa,190,0,0,0,0,0,0
Java Logging Rules,class,antlr4,0.9,0.5,org.antlr.v4.runtime.dfa,190,0,0,0,0,0,0
JavaBean Rules,class,antlr4,0.9,0.5,org.antlr.v4.runtime.dfa,190,0,0,0,0,0,0
MigratingToJUnit4 Rules,class,antlr4,0.9,0.5,org.antlr.v4.runtime.dfa,190,0,0,0,0,0,0
Migration Rules,class,antlr4,0.9,0.5,org.antlr.v4.runtime.dfa,190,0,0,0,0,0,0
Migration13 Rules,class,antlr4,0.9,0.5,org.antlr.v4.runtime.dfa,190,0,0,0,0,0,0
Migration14 Rules,class,antlr4,0.9,0.5,org.antlr.v4.runtime.dfa,190,0,0,0,0,0,0
Migration15 Rules,class,antlr4,0.9,0.5,org.antlr.v4.runtime.dfa,190,0,0,0,0,0,0
Naming Rules,class,antlr4,0.9,0.5,org.antlr.v4.runtime.dfa,190,0,0,0,0,0,0
Optimization Rules,class,antlr4,0.9,0.5,org.antlr.v4.runtime.dfa,190,0,0,0,0,0,0
Security Code Guideline Rules,class,antlr4,0.9,0.5,org.antlr.v4.runtime.dfa,190,0,0,0,0,0,0
Strict Exception Rules,class,antlr4,0.9,0.5,org.antlr.v4.runtime.dfa,190,0,0,0,0,0,0
String and StringBuffer Rules,class,antlr4,0.9,0.5,org.antlr.v4.runtime.dfa,190,0,0,0,0,0,0
Type Resolution Rules,class,antlr4,0.9,0.5,org.antlr.v4.runtime.dfa,190,0,0,0,0,0,0
Unnecessary and Unused Code Rules,class,antlr4,0.9,0.5,org.antlr.v4.runtime.dfa,190,0,0,0,0,0,0
Vulnerability Rules,class,antlr4,0.9,0.5,org.antlr.v4.runtime.dfa,190,0,0,0,0,0,0
CC,class,antlr4,0.9,0.5,org.antlr.v4.parse,190,0,0,0,1,1,1
CCL,class,antlr4,0.9,0.5,org.antlr.v4.parse,190,0,0,0,1,1,1
CCO,class,antlr4,0.9,0.5,org.antlr.v4.parse,190,0,0,0,1,1,1
CI,class,antlr4,0.9,0.5,org.antlr.v4.parse,190,0,0,0,1,1,1
CLC,class,antlr4,0.9,0.5,org.antlr.v4.parse,190,0,0,0,1,1,1
CLLC,class,antlr4,0.9,0.5,org.antlr.v4.parse,190,0,0,0,1,1,1
LDC,class,antlr4,0.9,0.5,org.antlr.v4.parse,190,0,0,0,1,1,1
LLDC,class,antlr4,0.9,0.5,org.antlr.v4.parse,190,0,0,0,1,1,1
LCOM5,class,antlr4,0.9,0.5,org.antlr.v4.parse,190,0,0,0,1,1,1
NL,class,antlr4,0.9,0.5,org.antlr.v4.parse,190,0,0,0,1,1,1
NLE,class,antlr4,0.9,0.5,org.antlr.v4.parse,190,0,0,0,1,1,1
WMC,class,antlr4,0.9,0.5,org.antlr.v4.parse,190,1,1,1,1,1,1
CBO,class,antlr4,0.9,0.5,org.antlr.v4.parse,190,0,0,0,1,1,1
CBOI,class,antlr4,0.9,0.5,org.antlr.v4.parse,190,0,0,0,1,1,1
NII,class,antlr4,0.9,0.5,org.antlr.v4.parse,190,0,0,0,1,1,1
NOI,class,antlr4,0.9,0.5,org.antlr.v4.parse,190,0,0,0,1,1,1
RFC,class,antlr4,0.9,0.5,org.antlr.v4.parse,190,0,0,0,1,1,1
AD,class,antlr4,0.9,0.5,org.antlr.v4.parse,190,0,0,0,1,1,1
CD,class,antlr4,0.9,0.5,org.antlr.v4.parse,190,1,1,1,1,1,1
CLOC,class,antlr4,0.9,0.5,org.antlr.v4.parse,190,0,0,0,1,1,1
DLOC,class,antlr4,0.9,0.5,org.antlr.v4.parse,190,0,0,0,1,1,1
PDA,class,antlr4,0.9,0.5,org.antlr.v4.parse,190,0,0,0,1,1,1
PUA,class,antlr4,0.9,0.5,org.antlr.v4.parse,190,0,0,0,1,1,1
TCD,class,antlr4,0.9,0.5,org.antlr.v4.parse,190,1,1,1,1,1,1
TCLOC,class,antlr4,0.9,0.5,org.antlr.v4.parse,190,0,0,0,1,1,1
DIT,class,antlr4,0.9,0.5,org.antlr.v4.parse,190,0,0,0,1,1,1
NOA,class,antlr4,0.9,0.5,org.antlr.v4.parse,190,0,0,0,1,1,1
NOC,class,antlr4,0.9,0.5,org.antlr.v4.parse,190,0,0,0,1,1,1
NOD,class,antlr4,0.9,0.5,org.antlr.v4.parse,190,0,0,0,1,1,1
NOP,class,antlr4,0.9,0.5,org.antlr.v4.parse,190,0,0,0,1,1,1
LLOC,class,antlr4,0.9,0.5,org.antlr.v4.parse,190,1,1,1,1,1,1
LOC,class,antlr4,0.9,0.5,org.antlr.v4.parse,190,1,1,1,1,1,1
NA,class,antlr4,0.9,0.5,org.antlr.v4.parse,190,0,0,0,1,1,1
NG,class,antlr4,0.9,0.5,org.antlr.v4.parse,190,0,0,0,1,1,1
NLA,class,antlr4,0.9,0.5,org.antlr.v4.parse,190,0,0,0,1,1,1
NLG,class,antlr4,0.9,0.5,org.antlr.v4.parse,190,0,0,0,1,1,1
NLM,class,antlr4,0.9,0.5,org.antlr.v4.parse,190,0,0,0,1,1,1
NLPA,class,antlr4,0.9,0.5,org.antlr.v4.parse,190,0,0,0,1,1,1
NLPM,class,antlr4,0.9,0.5,org.antlr.v4.parse,190,0,0,0,1,1,1
NLS,class,antlr4,0.9,0.5,org.antlr.v4.parse,190,0,0,0,1,1,1
NM,class,antlr4,0.9,0.5,org.antlr.v4.parse,190,0,0,0,1,1,1
NOS,class,antlr4,0.9,0.5,org.antlr.v4.parse,190,1,1,1,1,1,1
NPA,class,antlr4,0.9,0.5,org.antlr.v4.parse,190,0,0,0,1,1,1
NPM,class,antlr4,0.9,0.5,org.antlr.v4.parse,190,0,0,0,1,1,1
NS,class,antlr4,0.9,0.5,org.antlr.v4.parse,190,0,0,0,1,1,1
TLLOC,class,antlr4,0.9,0.5,org.antlr.v4.parse,190,1,1,1,1,1,1
TLOC,class,antlr4,0.9,0.5,org.antlr.v4.parse,190,1,1,1,1,1,1
TNA,class,antlr4,0.9,0.5,org.antlr.v4.parse,190,0,0,0,0,0,0
TNG,class,antlr4,0.9,0.5,org.antlr.v4.parse,190,0,0,0,0,0,0
TNLA,class,antlr4,0.9,0.5,org.antlr.v4.parse,190,0,0,0,0,0,0
TNLG,class,antlr4,0.9,0.5,org.antlr.v4.parse,190,0,0,0,0,0,0
TNLM,class,antlr4,0.9,0.5,org.antlr.v4.parse,190,0,0,0,0,0,0
TNLPA,class,antlr4,0.9,0.5,org.antlr.v4.parse,190,0,0,0,0,0,0
TNLPM,class,antlr4,0.9,0.5,org.antlr.v4.parse,190,0,0,0,0,0,0
TNLS,class,antlr4,0.9,0.5,org.antlr.v4.parse,190,0,0,0,0,0,0
TNM,class,antlr4,0.9,0.5,org.antlr.v4.parse,190,0,0,0,0,0,0
TNOS,class,antlr4,0.9,0.5,org.antlr.v4.parse,190,0,0,0,0,0,0
TNPA,class,antlr4,0.9,0.5,org.antlr.v4.parse,190,0,0,0,0,0,0
TNPM,class,antlr4,0.9,0.5,org.antlr.v4.parse,190,0,0,0,0,0,0
TNS,class,antlr4,0.9,0.5,org.antlr.v4.parse,190,0,0,0,0,0,0
WarningBlocker,class,antlr4,0.9,0.5,org.antlr.v4.parse,190,0,0,0,0,0,0
WarningCritical,class,antlr4,0.9,0.5,org.antlr.v4.parse,190,0,0,0,0,0,0
WarningInfo,class,antlr4,0.9,0.5,org.antlr.v4.parse,190,0,0,0,0,0,0
WarningMajor,class,antlr4,0.9,0.5,org.antlr.v4.parse,190,0,0,0,0,0,0
WarningMinor,class,antlr4,0.9,0.5,org.antlr.v4.parse,190,0,0,0,0,0,0
Android Rules,class,antlr4,0.9,0.5,org.antlr.v4.parse,190,0,0,0,0,0,0
Basic Rules,class,antlr4,0.9,0.5,org.antlr.v4.parse,190,0,0,0,0,0,0
Brace Rules,class,antlr4,0.9,0.5,org.antlr.v4.parse,190,0,0,0,0,0,0
Clone Implementation Rules,class,antlr4,0.9,0.5,org.antlr.v4.parse,190,0,0,0,0,0,0
Code Size Rules,class,antlr4,0.9,0.5,org.antlr.v4.parse,190,0,0,0,0,0,0
Comment Rules,class,antlr4,0.9,0.5,org.antlr.v4.parse,190,0,0,0,0,0,0
Controversial Rules,class,antlr4,0.9,0.5,org.antlr.v4.parse,190,0,0,0,0,0,0
Coupling Rules,class,antlr4,0.9,0.5,org.antlr.v4.parse,190,0,0,0,0,0,0
Design Rules,class,antlr4,0.9,0.5,org.antlr.v4.parse,190,0,0,0,0,0,0
Empty Code Rules,class,antlr4,0.9,0.5,org.antlr.v4.parse,190,0,0,0,0,0,0
Finalizer Rules,class,antlr4,0.9,0.5,org.antlr.v4.parse,190,0,0,0,0,0,0
Import Statement Rules,class,antlr4,0.9,0.5,org.antlr.v4.parse,190,0,0,0,0,0,0
J2EE Rules,class,antlr4,0.9,0.5,org.antlr.v4.parse,190,0,0,0,0,0,0
JUnit Rules,class,antlr4,0.9,0.5,org.antlr.v4.parse,190,0,0,0,0,0,0
Jakarta Commons Logging Rules,class,antlr4,0.9,0.5,org.antlr.v4.parse,190,0,0,0,0,0,0
Java Logging Rules,class,antlr4,0.9,0.5,org.antlr.v4.parse,190,0,0,0,0,0,0
JavaBean Rules,class,antlr4,0.9,0.5,org.antlr.v4.parse,190,0,0,0,0,0,0
MigratingToJUnit4 Rules,class,antlr4,0.9,0.5,org.antlr.v4.parse,190,0,0,0,0,0,0
Migration Rules,class,antlr4,0.9,0.5,org.antlr.v4.parse,190,0,0,0,0,0,0
Migration13 Rules,class,antlr4,0.9,0.5,org.antlr.v4.parse,190,0,0,0,0,0,0
Migration14 Rules,class,antlr4,0.9,0.5,org.antlr.v4.parse,190,0,0,0,0,0,0
Migration15 Rules,class,antlr4,0.9,0.5,org.antlr.v4.parse,190,0,0,0,0,0,0
Naming Rules,class,antlr4,0.9,0.5,org.antlr.v4.parse,190,0,0,0,0,0,0
Optimization Rules,class,antlr4,0.9,0.5,org.antlr.v4.parse,190,0,0,0,0,0,0
Security Code Guideline Rules,class,antlr4,0.9,0.5,org.antlr.v4.parse,190,0,0,0,0,0,0
Strict Exception Rules,class,antlr4,0.9,0.5,org.antlr.v4.parse,190,0,0,0,0,0,0
String and StringBuffer Rules,class,antlr4,0.9,0.5,org.antlr.v4.parse,190,0,0,0,0,0,0
Type Resolution Rules,class,antlr4,0.9,0.5,org.antlr.v4.parse,190,0,0,0,0,0,0
Unnecessary and Unused Code Rules,class,antlr4,0.9,0.5,org.antlr.v4.parse,190,0,0,0,0,0,0
Vulnerability Rules,class,antlr4,0.9,0.5,org.antlr.v4.parse,190,0,0,0,0,0,0
CC,class,antlr4,0.9,0.5,org.antlr.v4.runtime.tree.gui,190,0,0,0,1,1,1
CCL,class,antlr4,0.9,0.5,org.antlr.v4.runtime.tree.gui,190,0,0,0,1,1,1
CCO,class,antlr4,0.9,0.5,org.antlr.v4.runtime.tree.gui,190,0,0,0,1,1,1
CI,class,antlr4,0.9,0.5,org.antlr.v4.runtime.tree.gui,190,0,0,0,1,1,1
CLC,class,antlr4,0.9,0.5,org.antlr.v4.runtime.tree.gui,190,0,0,0,1,1,1
CLLC,class,antlr4,0.9,0.5,org.antlr.v4.runtime.tree.gui,190,0,0,0,1,1,1
LDC,class,antlr4,0.9,0.5,org.antlr.v4.runtime.tree.gui,190,0,0,0,1,1,1
LLDC,class,antlr4,0.9,0.5,org.antlr.v4.runtime.tree.gui,190,0,0,0,1,1,1
LCOM5,class,antlr4,0.9,0.5,org.antlr.v4.runtime.tree.gui,190,0,0,0,1,1,1
NL,class,antlr4,0.9,0.5,org.antlr.v4.runtime.tree.gui,190,0,0,0,1,1,1
NLE,class,antlr4,0.9,0.5,org.antlr.v4.runtime.tree.gui,190,0,0,0,1,1,1
WMC,class,antlr4,0.9,0.5,org.antlr.v4.runtime.tree.gui,190,0,0,0,1,1,1
CBO,class,antlr4,0.9,0.5,org.antlr.v4.runtime.tree.gui,190,0,0,0,1,1,1
CBOI,class,antlr4,0.9,0.5,org.antlr.v4.runtime.tree.gui,190,0,0,0,1,1,1
NII,class,antlr4,0.9,0.5,org.antlr.v4.runtime.tree.gui,190,0,0,0,1,1,1
NOI,class,antlr4,0.9,0.5,org.antlr.v4.runtime.tree.gui,190,0,0,0,1,1,1
RFC,class,antlr4,0.9,0.5,org.antlr.v4.runtime.tree.gui,190,0,0,0,1,1,1
AD,class,antlr4,0.9,0.5,org.antlr.v4.runtime.tree.gui,190,0,0,0,1,1,1
CD,class,antlr4,0.9,0.5,org.antlr.v4.runtime.tree.gui,190,0,0,0,1,1,1
CLOC,class,antlr4,0.9,0.5,org.antlr.v4.runtime.tree.gui,190,0,0,0,1,1,1
DLOC,class,antlr4,0.9,0.5,org.antlr.v4.runtime.tree.gui,190,0,0,0,1,1,1
PDA,class,antlr4,0.9,0.5,org.antlr.v4.runtime.tree.gui,190,0,0,0,1,1,1
PUA,class,antlr4,0.9,0.5,org.antlr.v4.runtime.tree.gui,190,0,0,0,1,1,1
TCD,class,antlr4,0.9,0.5,org.antlr.v4.runtime.tree.gui,190,0,0,0,1,1,1
TCLOC,class,antlr4,0.9,0.5,org.antlr.v4.runtime.tree.gui,190,0,0,0,1,1,1
DIT,class,antlr4,0.9,0.5,org.antlr.v4.runtime.tree.gui,190,0,0,0,1,1,1
NOA,class,antlr4,0.9,0.5,org.antlr.v4.runtime.tree.gui,190,0,0,0,1,1,1
NOC,class,antlr4,0.9,0.5,org.antlr.v4.runtime.tree.gui,190,0,0,0,1,1,1
NOD,class,antlr4,0.9,0.5,org.antlr.v4.runtime.tree.gui,190,0,0,0,1,1,1
NOP,class,antlr4,0.9,0.5,org.antlr.v4.runtime.tree.gui,190,0,0,0,1,1,1
LLOC,class,antlr4,0.9,0.5,org.antlr.v4.runtime.tree.gui,190,0,0,0,1,1,1
LOC,class,antlr4,0.9,0.5,org.antlr.v4.runtime.tree.gui,190,0,0,0,1,1,1
NA,class,antlr4,0.9,0.5,org.antlr.v4.runtime.tree.gui,190,0,0,0,1,1,1
NG,class,antlr4,0.9,0.5,org.antlr.v4.runtime.tree.gui,190,0,0,0,1,1,1
NLA,class,antlr4,0.9,0.5,org.antlr.v4.runtime.tree.gui,190,0,0,0,1,1,1
NLG,class,antlr4,0.9,0.5,org.antlr.v4.runtime.tree.gui,190,0,0,0,1,1,1
NLM,class,antlr4,0.9,0.5,org.antlr.v4.runtime.tree.gui,190,0,0,0,1,1,1
NLPA,class,antlr4,0.9,0.5,org.antlr.v4.runtime.tree.gui,190,0,0,0,1,1,1
NLPM,class,antlr4,0.9,0.5,org.antlr.v4.runtime.tree.gui,190,0,0,0,1,1,1
NLS,class,antlr4,0.9,0.5,org.antlr.v4.runtime.tree.gui,190,0,0,0,1,1,1
NM,class,antlr4,0.9,0.5,org.antlr.v4.runtime.tree.gui,190,0,0,0,1,1,1
NOS,class,antlr4,0.9,0.5,org.antlr.v4.runtime.tree.gui,190,0,0,0,1,1,1
NPA,class,antlr4,0.9,0.5,org.antlr.v4.runtime.tree.gui,190,0,0,0,1,1,1
NPM,class,antlr4,0.9,0.5,org.antlr.v4.runtime.tree.gui,190,0,0,0,1,1,1
NS,class,antlr4,0.9,0.5,org.antlr.v4.runtime.tree.gui,190,0,0,0,1,1,1
TLLOC,class,antlr4,0.9,0.5,org.antlr.v4.runtime.tree.gui,190,0,0,0,1,1,1
TLOC,class,antlr4,0.9,0.5,org.antlr.v4.runtime.tree.gui,190,0,0,0,1,1,1
TNA,class,antlr4,0.9,0.5,org.antlr.v4.runtime.tree.gui,190,0,0,0,0,0,0
TNG,class,antlr4,0.9,0.5,org.antlr.v4.runtime.tree.gui,190,0,0,0,0,0,0
TNLA,class,antlr4,0.9,0.5,org.antlr.v4.runtime.tree.gui,190,0,0,0,0,0,0
TNLG,class,antlr4,0.9,0.5,org.antlr.v4.runtime.tree.gui,190,0,0,0,0,0,0
TNLM,class,antlr4,0.9,0.5,org.antlr.v4.runtime.tree.gui,190,0,0,0,0,0,0
TNLPA,class,antlr4,0.9,0.5,org.antlr.v4.runtime.tree.gui,190,0,0,0,0,0,0
TNLPM,class,antlr4,0.9,0.5,org.antlr.v4.runtime.tree.gui,190,0,0,0,0,0,0
TNLS,class,antlr4,0.9,0.5,org.antlr.v4.runtime.tree.gui,190,0,0,0,0,0,0
TNM,class,antlr4,0.9,0.5,org.antlr.v4.runtime.tree.gui,190,0,0,0,0,0,0
TNOS,class,antlr4,0.9,0.5,org.antlr.v4.runtime.tree.gui,190,0,0,0,0,0,0
TNPA,class,antlr4,0.9,0.5,org.antlr.v4.runtime.tree.gui,190,0,0,0,0,0,0
TNPM,class,antlr4,0.9,0.5,org.antlr.v4.runtime.tree.gui,190,0,0,0,0,0,0
TNS,class,antlr4,0.9,0.5,org.antlr.v4.runtime.tree.gui,190,0,0,0,0,0,0
WarningBlocker,class,antlr4,0.9,0.5,org.antlr.v4.runtime.tree.gui,190,0,0,0,0,0,0
WarningCritical,class,antlr4,0.9,0.5,org.antlr.v4.runtime.tree.gui,190,0,0,0,0,0,0
WarningInfo,class,antlr4,0.9,0.5,org.antlr.v4.runtime.tree.gui,190,0,0,0,0,0,0
WarningMajor,class,antlr4,0.9,0.5,org.antlr.v4.runtime.tree.gui,190,0,0,0,0,0,0
WarningMinor,class,antlr4,0.9,0.5,org.antlr.v4.runtime.tree.gui,190,0,0,0,0,0,0
Android Rules,class,antlr4,0.9,0.5,org.antlr.v4.runtime.tree.gui,190,0,0,0,0,0,0
Basic Rules,class,antlr4,0.9,0.5,org.antlr.v4.runtime.tree.gui,190,0,0,0,0,0,0
Brace Rules,class,antlr4,0.9,0.5,org.antlr.v4.runtime.tree.gui,190,0,0,0,0,0,0
Clone Implementation Rules,class,antlr4,0.9,0.5,org.antlr.v4.runtime.tree.gui,190,0,0,0,0,0,0
Code Size Rules,class,antlr4,0.9,0.5,org.antlr.v4.runtime.tree.gui,190,0,0,0,0,0,0
Comment Rules,class,antlr4,0.9,0.5,org.antlr.v4.runtime.tree.gui,190,0,0,0,0,0,0
Controversial Rules,class,antlr4,0.9,0.5,org.antlr.v4.runtime.tree.gui,190,0,0,0,0,0,0
Coupling Rules,class,antlr4,0.9,0.5,org.antlr.v4.runtime.tree.gui,190,0,0,0,0,0,0
Design Rules,class,antlr4,0.9,0.5,org.antlr.v4.runtime.tree.gui,190,0,0,0,0,0,0
Empty Code Rules,class,antlr4,0.9,0.5,org.antlr.v4.runtime.tree.gui,190,0,0,0,0,0,0
Finalizer Rules,class,antlr4,0.9,0.5,org.antlr.v4.runtime.tree.gui,190,0,0,0,0,0,0
Import Statement Rules,class,antlr4,0.9,0.5,org.antlr.v4.runtime.tree.gui,190,0,0,0,0,0,0
J2EE Rules,class,antlr4,0.9,0.5,org.antlr.v4.runtime.tree.gui,190,0,0,0,0,0,0
JUnit Rules,class,antlr4,0.9,0.5,org.antlr.v4.runtime.tree.gui,190,0,0,0,0,0,0
Jakarta Commons Logging Rules,class,antlr4,0.9,0.5,org.antlr.v4.runtime.tree.gui,190,0,0,0,0,0,0
Java Logging Rules,class,antlr4,0.9,0.5,org.antlr.v4.runtime.tree.gui,190,0,0,0,0,0,0
JavaBean Rules,class,antlr4,0.9,0.5,org.antlr.v4.runtime.tree.gui,190,0,0,0,0,0,0
MigratingToJUnit4 Rules,class,antlr4,0.9,0.5,org.antlr.v4.runtime.tree.gui,190,0,0,0,0,0,0
Migration Rules,class,antlr4,0.9,0.5,org.antlr.v4.runtime.tree.gui,190,0,0,0,0,0,0
Migration13 Rules,class,antlr4,0.9,0.5,org.antlr.v4.runtime.tree.gui,190,0,0,0,0,0,0
Migration14 Rules,class,antlr4,0.9,0.5,org.antlr.v4.runtime.tree.gui,190,0,0,0,0,0,0
Migration15 Rules,class,antlr4,0.9,0.5,org.antlr.v4.runtime.tree.gui,190,0,0,0,0,0,0
Naming Rules,class,antlr4,0.9,0.5,org.antlr.v4.runtime.tree.gui,190,0,0,0,0,0,0
Optimization Rules,class,antlr4,0.9,0.5,org.antlr.v4.runtime.tree.gui,190,0,0,0,0,0,0
Security Code Guideline Rules,class,antlr4,0.9,0.5,org.antlr.v4.runtime.tree.gui,190,0,0,0,0,0,0
Strict Exception Rules,class,antlr4,0.9,0.5,org.antlr.v4.runtime.tree.gui,190,0,0,0,0,0,0
String and StringBuffer Rules,class,antlr4,0.9,0.5,org.antlr.v4.runtime.tree.gui,190,0,0,0,0,0,0
Type Resolution Rules,class,antlr4,0.9,0.5,org.antlr.v4.runtime.tree.gui,190,0,0,0,0,0,0
Unnecessary and Unused Code Rules,class,antlr4,0.9,0.5,org.antlr.v4.runtime.tree.gui,190,0,0,0,0,0,0
Vulnerability Rules,class,antlr4,0.9,0.5,org.antlr.v4.runtime.tree.gui,190,0,0,0,0,0,0
CC,class,antlr4,0.9,0.5,org.antlr.v4.test.rt.gen,950,1,1,1,1,1,1
CCL,class,antlr4,0.9,0.5,org.antlr.v4.test.rt.gen,950,1,1,1,1,1,1
CCO,class,antlr4,0.9,0.5,org.antlr.v4.test.rt.gen,950,1,1,1,1,1,1
CI,class,antlr4,0.9,0.5,org.antlr.v4.test.rt.gen,950,1,1,1,1,1,1
CLC,class,antlr4,0.9,0.5,org.antlr.v4.test.rt.gen,950,1,1,1,1,1,1
CLLC,class,antlr4,0.9,0.5,org.antlr.v4.test.rt.gen,950,1,1,1,1,1,1
LDC,class,antlr4,0.9,0.5,org.antlr.v4.test.rt.gen,950,1,1,1,1,1,1
LLDC,class,antlr4,0.9,0.5,org.antlr.v4.test.rt.gen,950,1,1,1,1,1,1
LCOM5,class,antlr4,0.9,0.5,org.antlr.v4.test.rt.gen,950,0,0,0,1,1,1
NL,class,antlr4,0.9,0.5,org.antlr.v4.test.rt.gen,950,1,1,1,1,1,1
NLE,class,antlr4,0.9,0.5,org.antlr.v4.test.rt.gen,950,1,1,1,1,1,1
WMC,class,antlr4,0.9,0.5,org.antlr.v4.test.rt.gen,950,1,1,1,1,1,1
CBO,class,antlr4,0.9,0.5,org.antlr.v4.test.rt.gen,950,1,1,1,1,1,1
CBOI,class,antlr4,0.9,0.5,org.antlr.v4.test.rt.gen,950,0,0,0,1,1,1
NII,class,antlr4,0.9,0.5,org.antlr.v4.test.rt.gen,950,1,1,1,1,1,1
NOI,class,antlr4,0.9,0.5,org.antlr.v4.test.rt.gen,950,1,1,1,1,1,1
RFC,class,antlr4,0.9,0.5,org.antlr.v4.test.rt.gen,950,1,1,1,1,1,1
AD,class,antlr4,0.9,0.5,org.antlr.v4.test.rt.gen,950,0,0,0,1,1,1
CD,class,antlr4,0.9,0.5,org.antlr.v4.test.rt.gen,950,1,1,1,1,1,1
CLOC,class,antlr4,0.9,0.5,org.antlr.v4.test.rt.gen,950,1,1,1,1,1,1
DLOC,class,antlr4,0.9,0.5,org.antlr.v4.test.rt.gen,950,0,0,0,1,1,1
PDA,class,antlr4,0.9,0.5,org.antlr.v4.test.rt.gen,950,0,0,0,1,1,1
PUA,class,antlr4,0.9,0.5,org.antlr.v4.test.rt.gen,950,1,1,1,1,1,1
TCD,class,antlr4,0.9,0.5,org.antlr.v4.test.rt.gen,950,1,1,1,1,1,1
TCLOC,class,antlr4,0.9,0.5,org.antlr.v4.test.rt.gen,950,1,1,1,1,1,1
DIT,class,antlr4,0.9,0.5,org.antlr.v4.test.rt.gen,950,1,1,1,1,1,1
NOA,class,antlr4,0.9,0.5,org.antlr.v4.test.rt.gen,950,1,1,1,1,1,1
NOC,class,antlr4,0.9,0.5,org.antlr.v4.test.rt.gen,950,1,1,1,1,1,1
NOD,class,antlr4,0.9,0.5,org.antlr.v4.test.rt.gen,950,1,1,1,1,1,1
NOP,class,antlr4,0.9,0.5,org.antlr.v4.test.rt.gen,950,0,0,0,1,1,1
LLOC,class,antlr4,0.9,0.5,org.antlr.v4.test.rt.gen,950,1,1,1,1,1,1
LOC,class,antlr4,0.9,0.5,org.antlr.v4.test.rt.gen,950,1,1,1,1,1,1
NA,class,antlr4,0.9,0.5,org.antlr.v4.test.rt.gen,950,1,1,1,1,1,1
NG,class,antlr4,0.9,0.5,org.antlr.v4.test.rt.gen,950,1,1,1,1,1,1
NLA,class,antlr4,0.9,0.5,org.antlr.v4.test.rt.gen,950,1,1,1,1,1,1
NLG,class,antlr4,0.9,0.5,org.antlr.v4.test.rt.gen,950,1,1,1,1,1,1
NLM,class,antlr4,0.9,0.5,org.antlr.v4.test.rt.gen,950,0,0,0,1,1,1
NLPA,class,antlr4,0.9,0.5,org.antlr.v4.test.rt.gen,950,1,1,1,1,1,1
NLPM,class,antlr4,0.9,0.5,org.antlr.v4.test.rt.gen,950,1,1,1,1,1,1
NLS,class,antlr4,0.9,0.5,org.antlr.v4.test.rt.gen,950,0,0,0,1,1,1
NM,class,antlr4,0.9,0.5,org.antlr.v4.test.rt.gen,950,1,1,1,1,1,1
NOS,class,antlr4,0.9,0.5,org.antlr.v4.test.rt.gen,950,1,1,1,1,1,1
NPA,class,antlr4,0.9,0.5,org.antlr.v4.test.rt.gen,950,1,1,1,1,1,1
NPM,class,antlr4,0.9,0.5,org.antlr.v4.test.rt.gen,950,1,1,1,1,1,1
NS,class,antlr4,0.9,0.5,org.antlr.v4.test.rt.gen,950,0,0,0,1,1,1
TLLOC,class,antlr4,0.9,0.5,org.antlr.v4.test.rt.gen,950,1,1,1,1,1,1
TLOC,class,antlr4,0.9,0.5,org.antlr.v4.test.rt.gen,950,1,1,1,1,1,1
TNA,class,antlr4,0.9,0.5,org.antlr.v4.test.rt.gen,950,0,0,0,0,0,0
TNG,class,antlr4,0.9,0.5,org.antlr.v4.test.rt.gen,950,0,0,0,0,0,0
TNLA,class,antlr4,0.9,0.5,org.antlr.v4.test.rt.gen,950,0,0,0,0,0,0
TNLG,class,antlr4,0.9,0.5,org.antlr.v4.test.rt.gen,950,0,0,0,0,0,0
TNLM,class,antlr4,0.9,0.5,org.antlr.v4.test.rt.gen,950,0,0,0,0,0,0
TNLPA,class,antlr4,0.9,0.5,org.antlr.v4.test.rt.gen,950,0,0,0,0,0,0
TNLPM,class,antlr4,0.9,0.5,org.antlr.v4.test.rt.gen,950,0,0,0,0,0,0
TNLS,class,antlr4,0.9,0.5,org.antlr.v4.test.rt.gen,950,0,0,0,0,0,0
TNM,class,antlr4,0.9,0.5,org.antlr.v4.test.rt.gen,950,0,0,0,0,0,0
TNOS,class,antlr4,0.9,0.5,org.antlr.v4.test.rt.gen,950,0,0,0,0,0,0
TNPA,class,antlr4,0.9,0.5,org.antlr.v4.test.rt.gen,950,0,0,0,0,0,0
TNPM,class,antlr4,0.9,0.5,org.antlr.v4.test.rt.gen,950,0,0,0,0,0,0
TNS,class,antlr4,0.9,0.5,org.antlr.v4.test.rt.gen,950,0,0,0,0,0,0
WarningBlocker,class,antlr4,0.9,0.5,org.antlr.v4.test.rt.gen,950,0,0,0,0,0,0
WarningCritical,class,antlr4,0.9,0.5,org.antlr.v4.test.rt.gen,950,0,0,0,0,0,0
WarningInfo,class,antlr4,0.9,0.5,org.antlr.v4.test.rt.gen,950,0,0,0,0,0,0
WarningMajor,class,antlr4,0.9,0.5,org.antlr.v4.test.rt.gen,950,0,0,0,0,0,0
WarningMinor,class,antlr4,0.9,0.5,org.antlr.v4.test.rt.gen,950,0,0,0,0,0,0
Android Rules,class,antlr4,0.9,0.5,org.antlr.v4.test.rt.gen,950,0,0,0,0,0,0
Basic Rules,class,antlr4,0.9,0.5,org.antlr.v4.test.rt.gen,950,0,0,0,0,0,0
Brace Rules,class,antlr4,0.9,0.5,org.antlr.v4.test.rt.gen,950,0,0,0,0,0,0
Clone Implementation Rules,class,antlr4,0.9,0.5,org.antlr.v4.test.rt.gen,950,0,0,0,0,0,0
Code Size Rules,class,antlr4,0.9,0.5,org.antlr.v4.test.rt.gen,950,0,0,0,0,0,0
Comment Rules,class,antlr4,0.9,0.5,org.antlr.v4.test.rt.gen,950,0,0,0,0,0,0
Controversial Rules,class,antlr4,0.9,0.5,org.antlr.v4.test.rt.gen,950,0,0,0,0,0,0
Coupling Rules,class,antlr4,0.9,0.5,org.antlr.v4.test.rt.gen,950,0,0,0,0,0,0
Design Rules,class,antlr4,0.9,0.5,org.antlr.v4.test.rt.gen,950,0,0,0,0,0,0
Empty Code Rules,class,antlr4,0.9,0.5,org.antlr.v4.test.rt.gen,950,0,0,0,0,0,0
Finalizer Rules,class,antlr4,0.9,0.5,org.antlr.v4.test.rt.gen,950,0,0,0,0,0,0
Import Statement Rules,class,antlr4,0.9,0.5,org.antlr.v4.test.rt.gen,950,0,0,0,0,0,0
J2EE Rules,class,antlr4,0.9,0.5,org.antlr.v4.test.rt.gen,950,0,0,0,0,0,0
JUnit Rules,class,antlr4,0.9,0.5,org.antlr.v4.test.rt.gen,950,0,0,0,0,0,0
Jakarta Commons Logging Rules,class,antlr4,0.9,0.5,org.antlr.v4.test.rt.gen,950,0,0,0,0,0,0
Java Logging Rules,class,antlr4,0.9,0.5,org.antlr.v4.test.rt.gen,950,0,0,0,0,0,0
JavaBean Rules,class,antlr4,0.9,0.5,org.antlr.v4.test.rt.gen,950,0,0,0,0,0,0
MigratingToJUnit4 Rules,class,antlr4,0.9,0.5,org.antlr.v4.test.rt.gen,950,0,0,0,0,0,0
Migration Rules,class,antlr4,0.9,0.5,org.antlr.v4.test.rt.gen,950,0,0,0,0,0,0
Migration13 Rules,class,antlr4,0.9,0.5,org.antlr.v4.test.rt.gen,950,0,0,0,0,0,0
Migration14 Rules,class,antlr4,0.9,0.5,org.antlr.v4.test.rt.gen,950,0,0,0,0,0,0
Migration15 Rules,class,antlr4,0.9,0.5,org.antlr.v4.test.rt.gen,950,0,0,0,0,0,0
Naming Rules,class,antlr4,0.9,0.5,org.antlr.v4.test.rt.gen,950,0,0,0,0,0,0
Optimization Rules,class,antlr4,0.9,0.5,org.antlr.v4.test.rt.gen,950,0,0,0,0,0,0
Security Code Guideline Rules,class,antlr4,0.9,0.5,org.antlr.v4.test.rt.gen,950,0,0,0,0,0,0
Strict Exception Rules,class,antlr4,0.9,0.5,org.antlr.v4.test.rt.gen,950,0,0,0,0,0,0
String and StringBuffer Rules,class,antlr4,0.9,0.5,org.antlr.v4.test.rt.gen,950,0,0,0,0,0,0
Type Resolution Rules,class,antlr4,0.9,0.5,org.antlr.v4.test.rt.gen,950,0,0,0,0,0,0
Unnecessary and Unused Code Rules,class,antlr4,0.9,0.5,org.antlr.v4.test.rt.gen,950,0,0,0,0,0,0
Vulnerability Rules,class,antlr4,0.9,0.5,org.antlr.v4.test.rt.gen,950,0,0,0,0,0,0
CC,class,antlr4,0.9,0.5,org.antlr.v4.test.rt.java,1615,1,1,1,1,1,1
CCL,class,antlr4,0.9,0.5,org.antlr.v4.test.rt.java,1615,1,1,1,1,1,1
CCO,class,antlr4,0.9,0.5,org.antlr.v4.test.rt.java,1615,1,1,1,1,1,1
CI,class,antlr4,0.9,0.5,org.antlr.v4.test.rt.java,1615,1,1,1,1,1,1
CLC,class,antlr4,0.9,0.5,org.antlr.v4.test.rt.java,1615,1,1,1,1,1,1
CLLC,class,antlr4,0.9,0.5,org.antlr.v4.test.rt.java,1615,1,1,1,1,1,1
LDC,class,antlr4,0.9,0.5,org.antlr.v4.test.rt.java,1615,1,1,1,1,1,1
LLDC,class,antlr4,0.9,0.5,org.antlr.v4.test.rt.java,1615,1,1,1,1,1,1
LCOM5,class,antlr4,0.9,0.5,org.antlr.v4.test.rt.java,1615,1,1,1,1,1,1
NL,class,antlr4,0.9,0.5,org.antlr.v4.test.rt.java,1615,1,1,1,1,1,1
NLE,class,antlr4,0.9,0.5,org.antlr.v4.test.rt.java,1615,1,1,1,1,1,1
WMC,class,antlr4,0.9,0.5,org.antlr.v4.test.rt.java,1615,1,1,1,1,1,1
CBO,class,antlr4,0.9,0.5,org.antlr.v4.test.rt.java,1615,0,0,0,1,1,1
CBOI,class,antlr4,0.9,0.5,org.antlr.v4.test.rt.java,1615,1,1,1,1,1,1
NII,class,antlr4,0.9,0.5,org.antlr.v4.test.rt.java,1615,1,1,1,1,1,1
NOI,class,antlr4,0.9,0.5,org.antlr.v4.test.rt.java,1615,0,0,0,1,1,1
RFC,class,antlr4,0.9,0.5,org.antlr.v4.test.rt.java,1615,1,1,1,1,1,1
AD,class,antlr4,0.9,0.5,org.antlr.v4.test.rt.java,1615,1,1,1,0,0,0
CD,class,antlr4,0.9,0.5,org.antlr.v4.test.rt.java,1615,1,1,1,1,1,1
CLOC,class,antlr4,0.9,0.5,org.antlr.v4.test.rt.java,1615,1,1,1,1,1,1
DLOC,class,antlr4,0.9,0.5,org.antlr.v4.test.rt.java,1615,1,1,1,1,1,1
PDA,class,antlr4,0.9,0.5,org.antlr.v4.test.rt.java,1615,1,1,1,1,1,1
PUA,class,antlr4,0.9,0.5,org.antlr.v4.test.rt.java,1615,1,1,1,1,1,1
TCD,class,antlr4,0.9,0.5,org.antlr.v4.test.rt.java,1615,1,1,1,1,1,1
TCLOC,class,antlr4,0.9,0.5,org.antlr.v4.test.rt.java,1615,1,1,1,1,1,1
DIT,class,antlr4,0.9,0.5,org.antlr.v4.test.rt.java,1615,1,1,1,1,1,1
NOA,class,antlr4,0.9,0.5,org.antlr.v4.test.rt.java,1615,1,1,1,1,1,1
NOC,class,antlr4,0.9,0.5,org.antlr.v4.test.rt.java,1615,1,1,1,1,1,1
NOD,class,antlr4,0.9,0.5,org.antlr.v4.test.rt.java,1615,1,1,1,1,1,1
NOP,class,antlr4,0.9,0.5,org.antlr.v4.test.rt.java,1615,0,0,0,1,1,1
LLOC,class,antlr4,0.9,0.5,org.antlr.v4.test.rt.java,1615,1,1,1,1,1,1
LOC,class,antlr4,0.9,0.5,org.antlr.v4.test.rt.java,1615,1,1,1,1,1,1
NA,class,antlr4,0.9,0.5,org.antlr.v4.test.rt.java,1615,1,1,1,1,1,1
NG,class,antlr4,0.9,0.5,org.antlr.v4.test.rt.java,1615,1,1,1,1,1,1
NLA,class,antlr4,0.9,0.5,org.antlr.v4.test.rt.java,1615,0,0,0,1,1,1
NLG,class,antlr4,0.9,0.5,org.antlr.v4.test.rt.java,1615,0,0,0,0,0,0
NLM,class,antlr4,0.9,0.5,org.antlr.v4.test.rt.java,1615,1,1,1,1,1,1
NLPA,class,antlr4,0.9,0.5,org.antlr.v4.test.rt.java,1615,1,1,1,1,1,1
NLPM,class,antlr4,0.9,0.5,org.antlr.v4.test.rt.java,1615,1,1,1,1,1,1
NLS,class,antlr4,0.9,0.5,org.antlr.v4.test.rt.java,1615,0,0,0,0,0,0
NM,class,antlr4,0.9,0.5,org.antlr.v4.test.rt.java,1615,1,1,1,1,1,1
NOS,class,antlr4,0.9,0.5,org.antlr.v4.test.rt.java,1615,1,1,1,1,1,1
NPA,class,antlr4,0.9,0.5,org.antlr.v4.test.rt.java,1615,1,1,1,1,1,1
NPM,class,antlr4,0.9,0.5,org.antlr.v4.test.rt.java,1615,1,1,1,1,1,1
NS,class,antlr4,0.9,0.5,org.antlr.v4.test.rt.java,1615,1,1,1,1,1,1
TLLOC,class,antlr4,0.9,0.5,org.antlr.v4.test.rt.java,1615,1,1,1,1,1,1
TLOC,class,antlr4,0.9,0.5,org.antlr.v4.test.rt.java,1615,1,1,1,1,1,1
TNA,class,antlr4,0.9,0.5,org.antlr.v4.test.rt.java,1615,0,0,0,0,0,0
TNG,class,antlr4,0.9,0.5,org.antlr.v4.test.rt.java,1615,0,0,0,0,0,0
TNLA,class,antlr4,0.9,0.5,org.antlr.v4.test.rt.java,1615,0,0,0,0,0,0
TNLG,class,antlr4,0.9,0.5,org.antlr.v4.test.rt.java,1615,0,0,0,0,0,0
TNLM,class,antlr4,0.9,0.5,org.antlr.v4.test.rt.java,1615,0,0,0,0,0,0
TNLPA,class,antlr4,0.9,0.5,org.antlr.v4.test.rt.java,1615,0,0,0,0,0,0
TNLPM,class,antlr4,0.9,0.5,org.antlr.v4.test.rt.java,1615,0,0,0,0,0,0
TNLS,class,antlr4,0.9,0.5,org.antlr.v4.test.rt.java,1615,0,0,0,0,0,0
TNM,class,antlr4,0.9,0.5,org.antlr.v4.test.rt.java,1615,0,0,0,0,0,0
TNOS,class,antlr4,0.9,0.5,org.antlr.v4.test.rt.java,1615,0,0,0,0,0,0
TNPA,class,antlr4,0.9,0.5,org.antlr.v4.test.rt.java,1615,0,0,0,0,0,0
TNPM,class,antlr4,0.9,0.5,org.antlr.v4.test.rt.java,1615,0,0,0,0,0,0
TNS,class,antlr4,0.9,0.5,org.antlr.v4.test.rt.java,1615,0,0,0,0,0,0
WarningBlocker,class,antlr4,0.9,0.5,org.antlr.v4.test.rt.java,1615,0,0,0,0,0,0
WarningCritical,class,antlr4,0.9,0.5,org.antlr.v4.test.rt.java,1615,0,0,0,0,0,0
WarningInfo,class,antlr4,0.9,0.5,org.antlr.v4.test.rt.java,1615,0,0,0,0,0,0
WarningMajor,class,antlr4,0.9,0.5,org.antlr.v4.test.rt.java,1615,0,0,0,0,0,0
WarningMinor,class,antlr4,0.9,0.5,org.antlr.v4.test.rt.java,1615,0,0,0,0,0,0
Android Rules,class,antlr4,0.9,0.5,org.antlr.v4.test.rt.java,1615,0,0,0,0,0,0
Basic Rules,class,antlr4,0.9,0.5,org.antlr.v4.test.rt.java,1615,0,0,0,0,0,0
Brace Rules,class,antlr4,0.9,0.5,org.antlr.v4.test.rt.java,1615,0,0,0,0,0,0
Clone Implementation Rules,class,antlr4,0.9,0.5,org.antlr.v4.test.rt.java,1615,0,0,0,0,0,0
Code Size Rules,class,antlr4,0.9,0.5,org.antlr.v4.test.rt.java,1615,0,0,0,0,0,0
Comment Rules,class,antlr4,0.9,0.5,org.antlr.v4.test.rt.java,1615,0,0,0,0,0,0
Controversial Rules,class,antlr4,0.9,0.5,org.antlr.v4.test.rt.java,1615,0,0,0,0,0,0
Coupling Rules,class,antlr4,0.9,0.5,org.antlr.v4.test.rt.java,1615,0,0,0,0,0,0
Design Rules,class,antlr4,0.9,0.5,org.antlr.v4.test.rt.java,1615,0,0,0,0,0,0
Empty Code Rules,class,antlr4,0.9,0.5,org.antlr.v4.test.rt.java,1615,0,0,0,0,0,0
Finalizer Rules,class,antlr4,0.9,0.5,org.antlr.v4.test.rt.java,1615,0,0,0,0,0,0
Import Statement Rules,class,antlr4,0.9,0.5,org.antlr.v4.test.rt.java,1615,0,0,0,0,0,0
J2EE Rules,class,antlr4,0.9,0.5,org.antlr.v4.test.rt.java,1615,0,0,0,0,0,0
JUnit Rules,class,antlr4,0.9,0.5,org.antlr.v4.test.rt.java,1615,0,0,0,0,0,0
Jakarta Commons Logging Rules,class,antlr4,0.9,0.5,org.antlr.v4.test.rt.java,1615,0,0,0,0,0,0
Java Logging Rules,class,antlr4,0.9,0.5,org.antlr.v4.test.rt.java,1615,0,0,0,0,0,0
JavaBean Rules,class,antlr4,0.9,0.5,org.antlr.v4.test.rt.java,1615,0,0,0,0,0,0
MigratingToJUnit4 Rules,class,antlr4,0.9,0.5,org.antlr.v4.test.rt.java,1615,0,0,0,0,0,0
Migration Rules,class,antlr4,0.9,0.5,org.antlr.v4.test.rt.java,1615,0,0,0,0,0,0
Migration13 Rules,class,antlr4,0.9,0.5,org.antlr.v4.test.rt.java,1615,0,0,0,0,0,0
Migration14 Rules,class,antlr4,0.9,0.5,org.antlr.v4.test.rt.java,1615,0,0,0,0,0,0
Migration15 Rules,class,antlr4,0.9,0.5,org.antlr.v4.test.rt.java,1615,0,0,0,0,0,0
Naming Rules,class,antlr4,0.9,0.5,org.antlr.v4.test.rt.java,1615,0,0,0,0,0,0
Optimization Rules,class,antlr4,0.9,0.5,org.antlr.v4.test.rt.java,1615,0,0,0,0,0,0
Security Code Guideline Rules,class,antlr4,0.9,0.5,org.antlr.v4.test.rt.java,1615,0,0,0,0,0,0
Strict Exception Rules,class,antlr4,0.9,0.5,org.antlr.v4.test.rt.java,1615,0,0,0,0,0,0
String and StringBuffer Rules,class,antlr4,0.9,0.5,org.antlr.v4.test.rt.java,1615,0,0,0,0,0,0
Type Resolution Rules,class,antlr4,0.9,0.5,org.antlr.v4.test.rt.java,1615,0,0,0,0,0,0
Unnecessary and Unused Code Rules,class,antlr4,0.9,0.5,org.antlr.v4.test.rt.java,1615,0,0,0,0,0,0
Vulnerability Rules,class,antlr4,0.9,0.5,org.antlr.v4.test.rt.java,1615,0,0,0,0,0,0
McCC,file,antlr4,0.9,0.5,tool.src.org.antlr.v4.semantics,132,0,0,0,1,1,0
CLOC,file,antlr4,0.9,0.5,tool.src.org.antlr.v4.semantics,132,0,0,0,1,1,0
PDA,file,antlr4,0.9,0.5,tool.src.org.antlr.v4.semantics,132,0,0,0,1,1,0
PUA,file,antlr4,0.9,0.5,tool.src.org.antlr.v4.semantics,132,0,0,0,0,0,1
LLOC,file,antlr4,0.9,0.5,tool.src.org.antlr.v4.semantics,132,0,0,1,0,0,1
LOC,file,antlr4,0.9,0.5,tool.src.org.antlr.v4.semantics,132,0,0,1,0,0,1
McCC,file,antlr4,0.9,0.5,tool.src.org.antlr.v4.analysis,72,0,0,0,1,1,1
CLOC,file,antlr4,0.9,0.5,tool.src.org.antlr.v4.analysis,72,0,0,0,1,1,1
PDA,file,antlr4,0.9,0.5,tool.src.org.antlr.v4.analysis,72,0,0,0,1,1,1
PUA,file,antlr4,0.9,0.5,tool.src.org.antlr.v4.analysis,72,0,0,0,0,0,0
LLOC,file,antlr4,0.9,0.5,tool.src.org.antlr.v4.analysis,72,0,0,0,0,0,0
LOC,file,antlr4,0.9,0.5,tool.src.org.antlr.v4.analysis,72,0,0,0,0,0,0
McCC,file,antlr4,0.9,0.5,tool.src.org.antlr.v4.misc,12,0,0,0,1,1,1
CLOC,file,antlr4,0.9,0.5,tool.src.org.antlr.v4.misc,12,0,0,0,1,1,1
PDA,file,antlr4,0.9,0.5,tool.src.org.antlr.v4.misc,12,0,0,0,1,1,1
PUA,file,antlr4,0.9,0.5,tool.src.org.antlr.v4.misc,12,0,0,0,0,0,0
LLOC,file,antlr4,0.9,0.5,tool.src.org.antlr.v4.misc,12,0,0,0,0,0,0
LOC,file,antlr4,0.9,0.5,tool.src.org.antlr.v4.misc,12,0,0,0,0,0,0
McCC,file,antlr4,0.9,0.5,tool.test.org.antlr.v4.test,408,0,0,0,1,1,0
CLOC,file,antlr4,0.9,0.5,tool.test.org.antlr.v4.test,408,0,0,0,1,1,0
PDA,file,antlr4,0.9,0.5,tool.test.org.antlr.v4.test,408,0,0,0,1,1,0
PUA,file,antlr4,0.9,0.5,tool.test.org.antlr.v4.test,408,0,0,0,0,0,0
LLOC,file,antlr4,0.9,0.5,tool.test.org.antlr.v4.test,408,0,0,1,0,0,1
LOC,file,antlr4,0.9,0.5,tool.test.org.antlr.v4.test,408,0,0,1,0,0,1
McCC,file,antlr4,0.9,0.5,runtime.Java.src.org.antlr.v4.runtime,270,0,0,0,1,1,0
CLOC,file,antlr4,0.9,0.5,runtime.Java.src.org.antlr.v4.runtime,270,0,0,0,1,1,0
PDA,file,antlr4,0.9,0.5,runtime.Java.src.org.antlr.v4.runtime,270,0,0,0,1,1,0
PUA,file,antlr4,0.9,0.5,runtime.Java.src.org.antlr.v4.runtime,270,0,0,0,0,0,1
LLOC,file,antlr4,0.9,0.5,runtime.Java.src.org.antlr.v4.runtime,270,0,0,1,0,0,1
LOC,file,antlr4,0.9,0.5,runtime.Java.src.org.antlr.v4.runtime,270,0,0,1,0,0,1
McCC,file,antlr4,0.9,0.5,tool.src.org.antlr.v4.tool,216,0,0,0,1,1,1
CLOC,file,antlr4,0.9,0.5,tool.src.org.antlr.v4.tool,216,0,0,0,1,1,0
PDA,file,antlr4,0.9,0.5,tool.src.org.antlr.v4.tool,216,0,0,0,1,1,0
PUA,file,antlr4,0.9,0.5,tool.src.org.antlr.v4.tool,216,0,0,0,0,0,0
LLOC,file,antlr4,0.9,0.5,tool.src.org.antlr.v4.tool,216,0,0,1,0,0,1
LOC,file,antlr4,0.9,0.5,tool.src.org.antlr.v4.tool,216,0,0,1,0,0,0
McCC,file,antlr4,0.9,0.5,tool.src.org.antlr.v4.codegen.target,30,0,0,0,1,1,1
CLOC,file,antlr4,0.9,0.5,tool.src.org.antlr.v4.codegen.target,30,0,0,0,1,1,1
PDA,file,antlr4,0.9,0.5,tool.src.org.antlr.v4.codegen.target,30,0,0,0,1,1,1
PUA,file,antlr4,0.9,0.5,tool.src.org.antlr.v4.codegen.target,30,0,0,0,0,0,0
LLOC,file,antlr4,0.9,0.5,tool.src.org.antlr.v4.codegen.target,30,0,0,0,0,0,0
LOC,file,antlr4,0.9,0.5,tool.src.org.antlr.v4.codegen.target,30,0,0,0,0,0,0
McCC,file,antlr4,0.9,0.5,tool.src.org.antlr.v4.codegen.model,66,0,0,0,1,1,1
CLOC,file,antlr4,0.9,0.5,tool.src.org.antlr.v4.codegen.model,66,0,0,0,1,1,1
PDA,file,antlr4,0.9,0.5,tool.src.org.antlr.v4.codegen.model,66,0,0,0,1,1,1
PUA,file,antlr4,0.9,0.5,tool.src.org.antlr.v4.codegen.model,66,0,0,0,0,0,0
LLOC,file,antlr4,0.9,0.5,tool.src.org.antlr.v4.codegen.model,66,0,0,0,0,0,0
LOC,file,antlr4,0.9,0.5,tool.src.org.antlr.v4.codegen.model,66,0,0,0,0,0,0
McCC,file,antlr4,0.9,0.5,runtime-testsuite.test.org.antlr.v4.test.runtime,12,0,0,0,1,1,1
CLOC,file,antlr4,0.9,0.5,runtime-testsuite.test.org.antlr.v4.test.runtime,12,0,0,0,1,1,1
PDA,file,antlr4,0.9,0.5,runtime-testsuite.test.org.antlr.v4.test.runtime,12,0,0,0,1,1,1
PUA,file,antlr4,0.9,0.5,runtime-testsuite.test.org.antlr.v4.test.runtime,12,0,0,0,0,0,0
LLOC,file,antlr4,0.9,0.5,runtime-testsuite.test.org.antlr.v4.test.runtime,12,0,0,0,0,0,0
LOC,file,antlr4,0.9,0.5,runtime-testsuite.test.org.antlr.v4.test.runtime,12,0,0,0,0,0,0
McCC,file,antlr4,0.9,0.5,tool.src.org.antlr.v4.automata,30,0,0,0,1,1,1
CLOC,file,antlr4,0.9,0.5,tool.src.org.antlr.v4.automata,30,0,0,0,1,1,1
PDA,file,antlr4,0.9,0.5,tool.src.org.antlr.v4.automata,30,0,0,0,1,1,1
PUA,file,antlr4,0.9,0.5,tool.src.org.antlr.v4.automata,30,0,0,0,0,0,0
LLOC,file,antlr4,0.9,0.5,tool.src.org.antlr.v4.automata,30,0,0,0,0,0,0
LOC,file,antlr4,0.9,0.5,tool.src.org.antlr.v4.automata,30,0,0,0,0,0,0
McCC,file,antlr4,0.9,0.5,tool.src.org.antlr.v4.codegen,72,0,0,0,1,1,1
CLOC,file,antlr4,0.9,0.5,tool.src.org.antlr.v4.codegen,72,0,0,0,1,1,1
PDA,file,antlr4,0.9,0.5,tool.src.org.antlr.v4.codegen,72,0,0,0,1,1,1
PUA,file,antlr4,0.9,0.5,tool.src.org.antlr.v4.codegen,72,0,0,0,0,0,0
LLOC,file,antlr4,0.9,0.5,tool.src.org.antlr.v4.codegen,72,0,0,0,0,0,0
LOC,file,antlr4,0.9,0.5,tool.src.org.antlr.v4.codegen,72,0,0,0,0,0,0
McCC,file,antlr4,0.9,0.5,tool.src.org.antlr.v4.tool.ast,24,1,1,1,1,1,1
CLOC,file,antlr4,0.9,0.5,tool.src.org.antlr.v4.tool.ast,24,0,0,0,1,1,1
PDA,file,antlr4,0.9,0.5,tool.src.org.antlr.v4.tool.ast,24,1,1,1,1,1,1
PUA,file,antlr4,0.9,0.5,tool.src.org.antlr.v4.tool.ast,24,0,0,0,0,0,0
LLOC,file,antlr4,0.9,0.5,tool.src.org.antlr.v4.tool.ast,24,0,0,0,0,0,0
LOC,file,antlr4,0.9,0.5,tool.src.org.antlr.v4.tool.ast,24,0,0,0,0,0,0
McCC,file,antlr4,0.9,0.5,tool-testsuite.test.org.antlr.v4.test.tool,138,0,0,0,1,1,0
CLOC,file,antlr4,0.9,0.5,tool-testsuite.test.org.antlr.v4.test.tool,138,0,0,0,1,1,0
PDA,file,antlr4,0.9,0.5,tool-testsuite.test.org.antlr.v4.test.tool,138,0,0,0,1,1,0
PUA,file,antlr4,0.9,0.5,tool-testsuite.test.org.antlr.v4.test.tool,138,0,0,0,0,0,0
LLOC,file,antlr4,0.9,0.5,tool-testsuite.test.org.antlr.v4.test.tool,138,0,0,1,0,0,1
LOC,file,antlr4,0.9,0.5,tool-testsuite.test.org.antlr.v4.test.tool,138,0,0,1,0,0,1
McCC,file,antlr4,0.9,0.5,runtime.Java.src.org.antlr.v4.runtime.dfa,12,0,0,0,1,1,1
CLOC,file,antlr4,0.9,0.5,runtime.Java.src.org.antlr.v4.runtime.dfa,12,0,0,0,1,1,1
PDA,file,antlr4,0.9,0.5,runtime.Java.src.org.antlr.v4.runtime.dfa,12,0,0,0,1,1,1
PUA,file,antlr4,0.9,0.5,runtime.Java.src.org.antlr.v4.runtime.dfa,12,0,0,0,0,0,0
LLOC,file,antlr4,0.9,0.5,runtime.Java.src.org.antlr.v4.runtime.dfa,12,0,0,0,0,0,0
LOC,file,antlr4,0.9,0.5,runtime.Java.src.org.antlr.v4.runtime.dfa,12,0,0,0,0,0,0
McCC,file,antlr4,0.9,0.5,tool.test.org.antlr.v4.test.tool,234,0,0,0,1,1,0
CLOC,file,antlr4,0.9,0.5,tool.test.org.antlr.v4.test.tool,234,0,0,0,1,1,0
PDA,file,antlr4,0.9,0.5,tool.test.org.antlr.v4.test.tool,234,0,0,0,1,1,0
PUA,file,antlr4,0.9,0.5,tool.test.org.antlr.v4.test.tool,234,0,0,0,0,0,0
LLOC,file,antlr4,0.9,0.5,tool.test.org.antlr.v4.test.tool,234,0,0,1,0,0,1
LOC,file,antlr4,0.9,0.5,tool.test.org.antlr.v4.test.tool,234,0,0,1,0,0,1
McCC,file,antlr4,0.9,0.5,runtime.Java.src.org.antlr.v4.runtime.atn,144,0,0,1,1,1,1
CLOC,file,antlr4,0.9,0.5,runtime.Java.src.org.antlr.v4.runtime.atn,144,0,0,0,1,1,0
PDA,file,antlr4,0.9,0.5,runtime.Java.src.org.antlr.v4.runtime.atn,144,0,0,0,1,1,0
PUA,file,antlr4,0.9,0.5,runtime.Java.src.org.antlr.v4.runtime.atn,144,0,0,0,0,0,0
LLOC,file,antlr4,0.9,0.5,runtime.Java.src.org.antlr.v4.runtime.atn,144,0,0,1,0,0,1
LOC,file,antlr4,0.9,0.5,runtime.Java.src.org.antlr.v4.runtime.atn,144,0,0,1,0,0,1
McCC,file,antlr4,0.9,0.5,runtime.Java.src.org.antlr.v4.runtime.tree,24,1,1,1,1,1,1
CLOC,file,antlr4,0.9,0.5,runtime.Java.src.org.antlr.v4.runtime.tree,24,0,0,0,1,1,1
PDA,file,antlr4,0.9,0.5,runtime.Java.src.org.antlr.v4.runtime.tree,24,1,1,1,1,1,1
PUA,file,antlr4,0.9,0.5,runtime.Java.src.org.antlr.v4.runtime.tree,24,0,0,0,0,0,0
LLOC,file,antlr4,0.9,0.5,runtime.Java.src.org.antlr.v4.runtime.tree,24,0,0,0,0,0,0
LOC,file,antlr4,0.9,0.5,runtime.Java.src.org.antlr.v4.runtime.tree,24,0,0,0,0,0,0
McCC,file,antlr4,0.9,0.5,tool.src.org.antlr.v4,60,0,0,0,1,1,1
CLOC,file,antlr4,0.9,0.5,tool.src.org.antlr.v4,60,0,0,0,1,1,1
PDA,file,antlr4,0.9,0.5,tool.src.org.antlr.v4,60,0,0,0,1,1,1
PUA,file,antlr4,0.9,0.5,tool.src.org.antlr.v4,60,0,0,0,0,0,0
LLOC,file,antlr4,0.9,0.5,tool.src.org.antlr.v4,60,0,0,0,0,0,0
LOC,file,antlr4,0.9,0.5,tool.src.org.antlr.v4,60,0,0,0,0,0,0
McCC,file,antlr4,0.9,0.5,antlr4-maven-plugin.src.main.java.org.antlr.mojo.antlr4,36,0,0,0,1,1,1
CLOC,file,antlr4,0.9,0.5,antlr4-maven-plugin.src.main.java.org.antlr.mojo.antlr4,36,0,0,0,1,1,1
PDA,file,antlr4,0.9,0.5,antlr4-maven-plugin.src.main.java.org.antlr.mojo.antlr4,36,0,0,0,1,1,1
PUA,file,antlr4,0.9,0.5,antlr4-maven-plugin.src.main.java.org.antlr.mojo.antlr4,36,0,0,0,0,0,0
LLOC,file,antlr4,0.9,0.5,antlr4-maven-plugin.src.main.java.org.antlr.mojo.antlr4,36,0,0,0,0,0,0
LOC,file,antlr4,0.9,0.5,antlr4-maven-plugin.src.main.java.org.antlr.mojo.antlr4,36,0,0,0,0,0,0
McCC,file,antlr4,0.9,0.5,runtime.Java.src.org.antlr.v4.runtime.tree.gui,12,0,0,0,1,1,1
CLOC,file,antlr4,0.9,0.5,runtime.Java.src.org.antlr.v4.runtime.tree.gui,12,0,0,0,1,1,1
PDA,file,antlr4,0.9,0.5,runtime.Java.src.org.antlr.v4.runtime.tree.gui,12,0,0,0,1,1,1
PUA,file,antlr4,0.9,0.5,runtime.Java.src.org.antlr.v4.runtime.tree.gui,12,0,0,0,0,0,0
LLOC,file,antlr4,0.9,0.5,runtime.Java.src.org.antlr.v4.runtime.tree.gui,12,0,0,0,0,0,0
LOC,file,antlr4,0.9,0.5,runtime.Java.src.org.antlr.v4.runtime.tree.gui,12,0,0,0,0,0,0
McCC,file,antlr4,0.9,0.5,runtime-testsuite.test.org.antlr.v4.test.runtime.descriptors,54,0,0,0,1,1,1
CLOC,file,antlr4,0.9,0.5,runtime-testsuite.test.org.antlr.v4.test.runtime.descriptors,54,0,0,0,1,1,1
PDA,file,antlr4,0.9,0.5,runtime-testsuite.test.org.antlr.v4.test.runtime.descriptors,54,0,0,0,1,1,1
PUA,file,antlr4,0.9,0.5,runtime-testsuite.test.org.antlr.v4.test.runtime.descriptors,54,0,0,0,0,0,0
LLOC,file,antlr4,0.9,0.5,runtime-testsuite.test.org.antlr.v4.test.runtime.descriptors,54,0,0,0,0,0,0
LOC,file,antlr4,0.9,0.5,runtime-testsuite.test.org.antlr.v4.test.runtime.descriptors,54,0,0,0,0,0,0
McCC,file,antlr4,0.9,0.5,runtime.Java.src.org.antlr.v4.runtime.misc,48,1,1,1,1,1,1
CLOC,file,antlr4,0.9,0.5,runtime.Java.src.org.antlr.v4.runtime.misc,48,0,0,0,1,1,1
PDA,file,antlr4,0.9,0.5,runtime.Java.src.org.antlr.v4.runtime.misc,48,1,1,1,1,1,1
PUA,file,antlr4,0.9,0.5,runtime.Java.src.org.antlr.v4.runtime.misc,48,0,0,0,0,0,0
LLOC,file,antlr4,0.9,0.5,runtime.Java.src.org.antlr.v4.runtime.misc,48,0,0,0,0,0,0
LOC,file,antlr4,0.9,0.5,runtime.Java.src.org.antlr.v4.runtime.misc,48,0,0,0,0,0,0
McCC,file,antlr4,0.9,0.5,tool.src.org.antlr.v4.gui,12,0,0,0,1,1,1
CLOC,file,antlr4,0.9,0.5,tool.src.org.antlr.v4.gui,12,0,0,0,1,1,1
PDA,file,antlr4,0.9,0.5,tool.src.org.antlr.v4.gui,12,0,0,0,1,1,1
PUA,file,antlr4,0.9,0.5,tool.src.org.antlr.v4.gui,12,0,0,0,0,0,0
LLOC,file,antlr4,0.9,0.5,tool.src.org.antlr.v4.gui,12,0,0,0,0,0,0
LOC,file,antlr4,0.9,0.5,tool.src.org.antlr.v4.gui,12,0,0,0,0,0,0
McCC,file,antlr4,0.9,0.5,tool.src.org.antlr.v4.parse,12,0,0,0,1,1,1
CLOC,file,antlr4,0.9,0.5,tool.src.org.antlr.v4.parse,12,0,0,0,1,1,1
PDA,file,antlr4,0.9,0.5,tool.src.org.antlr.v4.parse,12,0,0,0,1,1,1
PUA,file,antlr4,0.9,0.5,tool.src.org.antlr.v4.parse,12,0,0,0,0,0,0
LLOC,file,antlr4,0.9,0.5,tool.src.org.antlr.v4.parse,12,0,0,0,0,0,0
LOC,file,antlr4,0.9,0.5,tool.src.org.antlr.v4.parse,12,0,0,0,0,0,0
McCC,file,antlr4,0.9,0.5,tool.test.org.antlr.v4.test.rt.gen,60,0,0,0,1,1,1
CLOC,file,antlr4,0.9,0.5,tool.test.org.antlr.v4.test.rt.gen,60,0,0,0,1,1,1
PDA,file,antlr4,0.9,0.5,tool.test.org.antlr.v4.test.rt.gen,60,0,0,0,1,1,1
PUA,file,antlr4,0.9,0.5,tool.test.org.antlr.v4.test.rt.gen,60,0,0,0,0,0,0
LLOC,file,antlr4,0.9,0.5,tool.test.org.antlr.v4.test.rt.gen,60,0,0,0,0,0,0
LOC,file,antlr4,0.9,0.5,tool.test.org.antlr.v4.test.rt.gen,60,0,0,0,0,0,0
McCC,file,antlr4,0.9,0.5,tool.test.org.antlr.v4.test.rt.java,84,1,1,1,1,1,1
CLOC,file,antlr4,0.9,0.5,tool.test.org.antlr.v4.test.rt.java,84,0,0,0,1,1,1
PDA,file,antlr4,0.9,0.5,tool.test.org.antlr.v4.test.rt.java,84,1,1,1,1,1,1
PUA,file,antlr4,0.9,0.5,tool.test.org.antlr.v4.test.rt.java,84,0,0,0,0,0,0
LLOC,file,antlr4,0.9,0.5,tool.test.org.antlr.v4.test.rt.java,84,0,0,0,0,0,0
LOC,file,antlr4,0.9,0.5,tool.test.org.antlr.v4.test.rt.java,84,0,0,0,0,0,0
CC,method,antlr4,0.9,0.5,org.antlr.v4.test.tool.TestEscapeSequenceParsing,2448,0,0,0,1,1,1
CCL,method,antlr4,0.9,0.5,org.antlr.v4.test.tool.TestEscapeSequenceParsing,2448,0,0,0,1,1,0
CCO,method,antlr4,0.9,0.5,org.antlr.v4.test.tool.TestEscapeSequenceParsing,2448,0,0,0,1,1,0
CI,method,antlr4,0.9,0.5,org.antlr.v4.test.tool.TestEscapeSequenceParsing,2448,0,0,0,1,1,0
CLC,method,antlr4,0.9,0.5,org.antlr.v4.test.tool.TestEscapeSequenceParsing,2448,0,0,0,1,1,0
CLLC,method,antlr4,0.9,0.5,org.antlr.v4.test.tool.TestEscapeSequenceParsing,2448,0,0,0,1,1,0
LDC,method,antlr4,0.9,0.5,org.antlr.v4.test.tool.TestEscapeSequenceParsing,2448,0,0,0,1,1,0
LLDC,method,antlr4,0.9,0.5,org.antlr.v4.test.tool.TestEscapeSequenceParsing,2448,0,0,0,1,1,0
HCPL,method,antlr4,0.9,0.5,org.antlr.v4.test.tool.TestEscapeSequenceParsing,2448,1,1,1,1,1,1
HDIF,method,antlr4,0.9,0.5,org.antlr.v4.test.tool.TestEscapeSequenceParsing,2448,1,1,1,1,1,1
HEFF,method,antlr4,0.9,0.5,org.antlr.v4.test.tool.TestEscapeSequenceParsing,2448,1,1,1,1,1,1
HNDB,method,antlr4,0.9,0.5,org.antlr.v4.test.tool.TestEscapeSequenceParsing,2448,1,1,1,1,1,1
HPL,method,antlr4,0.9,0.5,org.antlr.v4.test.tool.TestEscapeSequenceParsing,2448,1,1,1,1,1,1
HPV,method,antlr4,0.9,0.5,org.antlr.v4.test.tool.TestEscapeSequenceParsing,2448,1,1,1,1,1,1
HTRP,method,antlr4,0.9,0.5,org.antlr.v4.test.tool.TestEscapeSequenceParsing,2448,1,1,1,1,1,1
HVOL,method,antlr4,0.9,0.5,org.antlr.v4.test.tool.TestEscapeSequenceParsing,2448,1,1,1,1,1,1
MI,method,antlr4,0.9,0.5,org.antlr.v4.test.tool.TestEscapeSequenceParsing,2448,1,1,1,1,1,1
MIMS,method,antlr4,0.9,0.5,org.antlr.v4.test.tool.TestEscapeSequenceParsing,2448,1,1,1,1,1,1
MISEI,method,antlr4,0.9,0.5,org.antlr.v4.test.tool.TestEscapeSequenceParsing,2448,1,1,1,1,1,1
MISM,method,antlr4,0.9,0.5,org.antlr.v4.test.tool.TestEscapeSequenceParsing,2448,1,1,1,1,1,1
McCC,method,antlr4,0.9,0.5,org.antlr.v4.test.tool.TestEscapeSequenceParsing,2448,0,0,0,1,1,0
NL,method,antlr4,0.9,0.5,org.antlr.v4.test.tool.TestEscapeSequenceParsing,2448,0,0,0,1,1,0
NLE,method,antlr4,0.9,0.5,org.antlr.v4.test.tool.TestEscapeSequenceParsing,2448,0,0,0,1,1,0
NII,method,antlr4,0.9,0.5,org.antlr.v4.test.tool.TestEscapeSequenceParsing,2448,0,0,0,1,1,0
NOI,method,antlr4,0.9,0.5,org.antlr.v4.test.tool.TestEscapeSequenceParsing,2448,0,0,0,1,1,1
CD,method,antlr4,0.9,0.5,org.antlr.v4.test.tool.TestEscapeSequenceParsing,2448,0,0,0,1,1,0
CLOC,method,antlr4,0.9,0.5,org.antlr.v4.test.tool.TestEscapeSequenceParsing,2448,0,0,0,1,1,0
DLOC,method,antlr4,0.9,0.5,org.antlr.v4.test.tool.TestEscapeSequenceParsing,2448,0,0,0,1,1,0
TCD,method,antlr4,0.9,0.5,org.antlr.v4.test.tool.TestEscapeSequenceParsing,2448,0,0,0,1,1,0
TCLOC,method,antlr4,0.9,0.5,org.antlr.v4.test.tool.TestEscapeSequenceParsing,2448,0,0,0,1,1,0
LLOC,method,antlr4,0.9,0.5,org.antlr.v4.test.tool.TestEscapeSequenceParsing,2448,1,1,0,1,1,0
LOC,method,antlr4,0.9,0.5,org.antlr.v4.test.tool.TestEscapeSequenceParsing,2448,1,1,0,1,1,0
NOS,method,antlr4,0.9,0.5,org.antlr.v4.test.tool.TestEscapeSequenceParsing,2448,1,1,0,1,1,0
NUMPAR,method,antlr4,0.9,0.5,org.antlr.v4.test.tool.TestEscapeSequenceParsing,2448,0,0,0,1,1,0
TLLOC,method,antlr4,0.9,0.5,org.antlr.v4.test.tool.TestEscapeSequenceParsing,2448,1,1,0,1,1,0
TLOC,method,antlr4,0.9,0.5,org.antlr.v4.test.tool.TestEscapeSequenceParsing,2448,1,1,0,1,1,0
TNOS,method,antlr4,0.9,0.5,org.antlr.v4.test.tool.TestEscapeSequenceParsing,2448,0,0,0,0,0,0
WarningBlocker,method,antlr4,0.9,0.5,org.antlr.v4.test.tool.TestEscapeSequenceParsing,2448,0,0,0,0,0,0
WarningCritical,method,antlr4,0.9,0.5,org.antlr.v4.test.tool.TestEscapeSequenceParsing,2448,0,0,0,0,0,0
WarningInfo,method,antlr4,0.9,0.5,org.antlr.v4.test.tool.TestEscapeSequenceParsing,2448,0,0,0,0,0,0
WarningMajor,method,antlr4,0.9,0.5,org.antlr.v4.test.tool.TestEscapeSequenceParsing,2448,0,0,0,0,0,0
WarningMinor,method,antlr4,0.9,0.5,org.antlr.v4.test.tool.TestEscapeSequenceParsing,2448,0,0,1,0,0,1
Android Rules,method,antlr4,0.9,0.5,org.antlr.v4.test.tool.TestEscapeSequenceParsing,2448,0,0,0,0,0,0
Basic Rules,method,antlr4,0.9,0.5,org.antlr.v4.test.tool.TestEscapeSequenceParsing,2448,0,0,0,0,0,1
Brace Rules,method,antlr4,0.9,0.5,org.antlr.v4.test.tool.TestEscapeSequenceParsing,2448,0,0,0,0,0,1
Clone Implementation Rules,method,antlr4,0.9,0.5,org.antlr.v4.test.tool.TestEscapeSequenceParsing,2448,0,0,0,0,0,1
Code Size Rules,method,antlr4,0.9,0.5,org.antlr.v4.test.tool.TestEscapeSequenceParsing,2448,0,0,0,0,0,1
Comment Rules,method,antlr4,0.9,0.5,org.antlr.v4.test.tool.TestEscapeSequenceParsing,2448,0,0,0,0,0,1
Controversial Rules,method,antlr4,0.9,0.5,org.antlr.v4.test.tool.TestEscapeSequenceParsing,2448,0,0,0,0,0,1
Coupling Rules,method,antlr4,0.9,0.5,org.antlr.v4.test.tool.TestEscapeSequenceParsing,2448,0,0,0,0,0,1
Design Rules,method,antlr4,0.9,0.5,org.antlr.v4.test.tool.TestEscapeSequenceParsing,2448,0,0,1,0,0,1
Empty Code Rules,method,antlr4,0.9,0.5,org.antlr.v4.test.tool.TestEscapeSequenceParsing,2448,0,0,0,0,0,1
Finalizer Rules,method,antlr4,0.9,0.5,org.antlr.v4.test.tool.TestEscapeSequenceParsing,2448,0,0,0,0,0,1
Import Statement Rules,method,antlr4,0.9,0.5,org.antlr.v4.test.tool.TestEscapeSequenceParsing,2448,0,0,0,0,0,1
J2EE Rules,method,antlr4,0.9,0.5,org.antlr.v4.test.tool.TestEscapeSequenceParsing,2448,0,0,0,0,0,1
JUnit Rules,method,antlr4,0.9,0.5,org.antlr.v4.test.tool.TestEscapeSequenceParsing,2448,0,0,0,0,0,1
Jakarta Commons Logging Rules,method,antlr4,0.9,0.5,org.antlr.v4.test.tool.TestEscapeSequenceParsing,2448,0,0,0,0,0,1
Java Logging Rules,method,antlr4,0.9,0.5,org.antlr.v4.test.tool.TestEscapeSequenceParsing,2448,0,0,0,0,0,0
JavaBean Rules,method,antlr4,0.9,0.5,org.antlr.v4.test.tool.TestEscapeSequenceParsing,2448,0,0,0,0,0,1
MigratingToJUnit4 Rules,method,antlr4,0.9,0.5,org.antlr.v4.test.tool.TestEscapeSequenceParsing,2448,0,0,0,0,0,1
Migration Rules,method,antlr4,0.9,0.5,org.antlr.v4.test.tool.TestEscapeSequenceParsing,2448,0,0,0,0,0,1
Migration13 Rules,method,antlr4,0.9,0.5,org.antlr.v4.test.tool.TestEscapeSequenceParsing,2448,0,0,0,0,0,1
Migration14 Rules,method,antlr4,0.9,0.5,org.antlr.v4.test.tool.TestEscapeSequenceParsing,2448,0,0,0,0,0,0
Migration15 Rules,method,antlr4,0.9,0.5,org.antlr.v4.test.tool.TestEscapeSequenceParsing,2448,0,0,0,0,0,1
Naming Rules,method,antlr4,0.9,0.5,org.antlr.v4.test.tool.TestEscapeSequenceParsing,2448,0,0,0,0,0,1
Optimization Rules,method,antlr4,0.9,0.5,org.antlr.v4.test.tool.TestEscapeSequenceParsing,2448,0,0,0,0,0,1
Security Code Guideline Rules,method,antlr4,0.9,0.5,org.antlr.v4.test.tool.TestEscapeSequenceParsing,2448,0,0,0,0,0,0
Strict Exception Rules,method,antlr4,0.9,0.5,org.antlr.v4.test.tool.TestEscapeSequenceParsing,2448,0,0,0,0,0,0
String and StringBuffer Rules,method,antlr4,0.9,0.5,org.antlr.v4.test.tool.TestEscapeSequenceParsing,2448,0,0,0,0,0,0
Type Resolution Rules,method,antlr4,0.9,0.5,org.antlr.v4.test.tool.TestEscapeSequenceParsing,2448,0,0,0,0,0,0
Unnecessary and Unused Code Rules,method,antlr4,0.9,0.5,org.antlr.v4.test.tool.TestEscapeSequenceParsing,2448,0,0,0,0,0,0
Vulnerability Rules,method,antlr4,0.9,0.5,org.antlr.v4.test.tool.TestEscapeSequenceParsing,2448,0,0,0,0,0,0
CC,method,antlr4,0.9,0.5,org.antlr.v4.tool.GrammarTransformPipeline,288,0,0,0,1,1,1
CCL,method,antlr4,0.9,0.5,org.antlr.v4.tool.GrammarTransformPipeline,288,0,0,0,1,1,1
CCO,method,antlr4,0.9,0.5,org.antlr.v4.tool.GrammarTransformPipeline,288,0,0,0,1,1,1
CI,method,antlr4,0.9,0.5,org.antlr.v4.tool.GrammarTransformPipeline,288,0,0,0,1,1,1
CLC,method,antlr4,0.9,0.5,org.antlr.v4.tool.GrammarTransformPipeline,288,0,0,0,1,1,1
CLLC,method,antlr4,0.9,0.5,org.antlr.v4.tool.GrammarTransformPipeline,288,0,0,0,1,1,1
LDC,method,antlr4,0.9,0.5,org.antlr.v4.tool.GrammarTransformPipeline,288,0,0,0,1,1,1
LLDC,method,antlr4,0.9,0.5,org.antlr.v4.tool.GrammarTransformPipeline,288,0,0,0,1,1,1
HCPL,method,antlr4,0.9,0.5,org.antlr.v4.tool.GrammarTransformPipeline,288,1,1,1,1,1,1
HDIF,method,antlr4,0.9,0.5,org.antlr.v4.tool.GrammarTransformPipeline,288,1,1,1,1,1,1
HEFF,method,antlr4,0.9,0.5,org.antlr.v4.tool.GrammarTransformPipeline,288,1,1,1,1,1,1
HNDB,method,antlr4,0.9,0.5,org.antlr.v4.tool.GrammarTransformPipeline,288,1,1,1,1,1,1
HPL,method,antlr4,0.9,0.5,org.antlr.v4.tool.GrammarTransformPipeline,288,1,1,1,1,1,1
HPV,method,antlr4,0.9,0.5,org.antlr.v4.tool.GrammarTransformPipeline,288,1,1,1,1,1,1
HTRP,method,antlr4,0.9,0.5,org.antlr.v4.tool.GrammarTransformPipeline,288,1,1,1,1,1,1
HVOL,method,antlr4,0.9,0.5,org.antlr.v4.tool.GrammarTransformPipeline,288,1,1,1,1,1,1
MI,method,antlr4,0.9,0.5,org.antlr.v4.tool.GrammarTransformPipeline,288,1,1,1,1,1,1
MIMS,method,antlr4,0.9,0.5,org.antlr.v4.tool.GrammarTransformPipeline,288,1,1,1,1,1,1
MISEI,method,antlr4,0.9,0.5,org.antlr.v4.tool.GrammarTransformPipeline,288,1,1,1,1,1,1
MISM,method,antlr4,0.9,0.5,org.antlr.v4.tool.GrammarTransformPipeline,288,1,1,1,1,1,1
McCC,method,antlr4,0.9,0.5,org.antlr.v4.tool.GrammarTransformPipeline,288,0,0,0,1,1,1
NL,method,antlr4,0.9,0.5,org.antlr.v4.tool.GrammarTransformPipeline,288,1,1,1,1,1,1
NLE,method,antlr4,0.9,0.5,org.antlr.v4.tool.GrammarTransformPipeline,288,1,1,1,1,1,1
NII,method,antlr4,0.9,0.5,org.antlr.v4.tool.GrammarTransformPipeline,288,0,0,0,1,1,1
NOI,method,antlr4,0.9,0.5,org.antlr.v4.tool.GrammarTransformPipeline,288,0,0,0,1,1,1
CD,method,antlr4,0.9,0.5,org.antlr.v4.tool.GrammarTransformPipeline,288,1,1,1,1,1,1
CLOC,method,antlr4,0.9,0.5,org.antlr.v4.tool.GrammarTransformPipeline,288,1,1,1,1,1,1
DLOC,method,antlr4,0.9,0.5,org.antlr.v4.tool.GrammarTransformPipeline,288,1,1,1,1,1,1
TCD,method,antlr4,0.9,0.5,org.antlr.v4.tool.GrammarTransformPipeline,288,1,1,1,1,1,1
TCLOC,method,antlr4,0.9,0.5,org.antlr.v4.tool.GrammarTransformPipeline,288,1,1,1,1,1,1
LLOC,method,antlr4,0.9,0.5,org.antlr.v4.tool.GrammarTransformPipeline,288,1,1,1,1,1,1
LOC,method,antlr4,0.9,0.5,org.antlr.v4.tool.GrammarTransformPipeline,288,1,1,1,1,1,1
NOS,method,antlr4,0.9,0.5,org.antlr.v4.tool.GrammarTransformPipeline,288,1,1,1,1,1,1
NUMPAR,method,antlr4,0.9,0.5,org.antlr.v4.tool.GrammarTransformPipeline,288,0,0,0,1,1,1
TLLOC,method,antlr4,0.9,0.5,org.antlr.v4.tool.GrammarTransformPipeline,288,1,1,1,1,1,1
TLOC,method,antlr4,0.9,0.5,org.antlr.v4.tool.GrammarTransformPipeline,288,1,1,1,1,1,1
TNOS,method,antlr4,0.9,0.5,org.antlr.v4.tool.GrammarTransformPipeline,288,0,0,0,0,0,0
WarningBlocker,method,antlr4,0.9,0.5,org.antlr.v4.tool.GrammarTransformPipeline,288,0,0,0,0,0,0
WarningCritical,method,antlr4,0.9,0.5,org.antlr.v4.tool.GrammarTransformPipeline,288,0,0,0,0,0,0
WarningInfo,method,antlr4,0.9,0.5,org.antlr.v4.tool.GrammarTransformPipeline,288,0,0,0,0,0,0
WarningMajor,method,antlr4,0.9,0.5,org.antlr.v4.tool.GrammarTransformPipeline,288,0,0,0,0,0,0
WarningMinor,method,antlr4,0.9,0.5,org.antlr.v4.tool.GrammarTransformPipeline,288,0,0,0,0,0,0
Android Rules,method,antlr4,0.9,0.5,org.antlr.v4.tool.GrammarTransformPipeline,288,0,0,0,0,0,0
Basic Rules,method,antlr4,0.9,0.5,org.antlr.v4.tool.GrammarTransformPipeline,288,0,0,0,0,0,0
Brace Rules,method,antlr4,0.9,0.5,org.antlr.v4.tool.GrammarTransformPipeline,288,0,0,0,0,0,0
Clone Implementation Rules,method,antlr4,0.9,0.5,org.antlr.v4.tool.GrammarTransformPipeline,288,0,0,0,0,0,0
Code Size Rules,method,antlr4,0.9,0.5,org.antlr.v4.tool.GrammarTransformPipeline,288,0,0,0,0,0,0
Comment Rules,method,antlr4,0.9,0.5,org.antlr.v4.tool.GrammarTransformPipeline,288,0,0,0,0,0,0
Controversial Rules,method,antlr4,0.9,0.5,org.antlr.v4.tool.GrammarTransformPipeline,288,0,0,0,0,0,0
Coupling Rules,method,antlr4,0.9,0.5,org.antlr.v4.tool.GrammarTransformPipeline,288,0,0,0,0,0,0
Design Rules,method,antlr4,0.9,0.5,org.antlr.v4.tool.GrammarTransformPipeline,288,0,0,0,0,0,0
Empty Code Rules,method,antlr4,0.9,0.5,org.antlr.v4.tool.GrammarTransformPipeline,288,0,0,0,0,0,0
Finalizer Rules,method,antlr4,0.9,0.5,org.antlr.v4.tool.GrammarTransformPipeline,288,0,0,0,0,0,0
Import Statement Rules,method,antlr4,0.9,0.5,org.antlr.v4.tool.GrammarTransformPipeline,288,0,0,0,0,0,0
J2EE Rules,method,antlr4,0.9,0.5,org.antlr.v4.tool.GrammarTransformPipeline,288,0,0,0,0,0,0
JUnit Rules,method,antlr4,0.9,0.5,org.antlr.v4.tool.GrammarTransformPipeline,288,0,0,0,0,0,0
Jakarta Commons Logging Rules,method,antlr4,0.9,0.5,org.antlr.v4.tool.GrammarTransformPipeline,288,0,0,0,0,0,0
Java Logging Rules,method,antlr4,0.9,0.5,org.antlr.v4.tool.GrammarTransformPipeline,288,0,0,0,0,0,0
JavaBean Rules,method,antlr4,0.9,0.5,org.antlr.v4.tool.GrammarTransformPipeline,288,0,0,0,0,0,0
MigratingToJUnit4 Rules,method,antlr4,0.9,0.5,org.antlr.v4.tool.GrammarTransformPipeline,288,0,0,0,0,0,0
Migration Rules,method,antlr4,0.9,0.5,org.antlr.v4.tool.GrammarTransformPipeline,288,0,0,0,0,0,0
Migration13 Rules,method,antlr4,0.9,0.5,org.antlr.v4.tool.GrammarTransformPipeline,288,0,0,0,0,0,0
Migration14 Rules,method,antlr4,0.9,0.5,org.antlr.v4.tool.GrammarTransformPipeline,288,0,0,0,0,0,0
Migration15 Rules,method,antlr4,0.9,0.5,org.antlr.v4.tool.GrammarTransformPipeline,288,0,0,0,0,0,0
Naming Rules,method,antlr4,0.9,0.5,org.antlr.v4.tool.GrammarTransformPipeline,288,0,0,0,0,0,0
Optimization Rules,method,antlr4,0.9,0.5,org.antlr.v4.tool.GrammarTransformPipeline,288,0,0,0,0,0,0
Security Code Guideline Rules,method,antlr4,0.9,0.5,org.antlr.v4.tool.GrammarTransformPipeline,288,0,0,0,0,0,0
Strict Exception Rules,method,antlr4,0.9,0.5,org.antlr.v4.tool.GrammarTransformPipeline,288,0,0,0,0,0,0
String and StringBuffer Rules,method,antlr4,0.9,0.5,org.antlr.v4.tool.GrammarTransformPipeline,288,0,0,0,0,0,0
Type Resolution Rules,method,antlr4,0.9,0.5,org.antlr.v4.tool.GrammarTransformPipeline,288,0,0,0,0,0,0
Unnecessary and Unused Code Rules,method,antlr4,0.9,0.5,org.antlr.v4.tool.GrammarTransformPipeline,288,0,0,0,0,0,0
Vulnerability Rules,method,antlr4,0.9,0.5,org.antlr.v4.tool.GrammarTransformPipeline,288,0,0,0,0,0,0
CC,method,antlr4,0.9,0.5,org.antlr.v4.automata.LexerATNFactory,576,0,0,0,1,1,1
CCL,method,antlr4,0.9,0.5,org.antlr.v4.automata.LexerATNFactory,576,0,0,0,1,1,1
CCO,method,antlr4,0.9,0.5,org.antlr.v4.automata.LexerATNFactory,576,0,0,0,1,1,1
CI,method,antlr4,0.9,0.5,org.antlr.v4.automata.LexerATNFactory,576,0,0,0,1,1,1
CLC,method,antlr4,0.9,0.5,org.antlr.v4.automata.LexerATNFactory,576,0,0,0,1,1,1
CLLC,method,antlr4,0.9,0.5,org.antlr.v4.automata.LexerATNFactory,576,0,0,0,1,1,1
LDC,method,antlr4,0.9,0.5,org.antlr.v4.automata.LexerATNFactory,576,0,0,0,1,1,1
LLDC,method,antlr4,0.9,0.5,org.antlr.v4.automata.LexerATNFactory,576,0,0,0,1,1,1
HCPL,method,antlr4,0.9,0.5,org.antlr.v4.automata.LexerATNFactory,576,1,1,1,1,1,1
HDIF,method,antlr4,0.9,0.5,org.antlr.v4.automata.LexerATNFactory,576,1,1,1,1,1,1
HEFF,method,antlr4,0.9,0.5,org.antlr.v4.automata.LexerATNFactory,576,1,1,1,1,1,1
HNDB,method,antlr4,0.9,0.5,org.antlr.v4.automata.LexerATNFactory,576,1,1,1,1,1,1
HPL,method,antlr4,0.9,0.5,org.antlr.v4.automata.LexerATNFactory,576,1,1,1,1,1,1
HPV,method,antlr4,0.9,0.5,org.antlr.v4.automata.LexerATNFactory,576,1,1,1,1,1,1
HTRP,method,antlr4,0.9,0.5,org.antlr.v4.automata.LexerATNFactory,576,1,1,1,1,1,1
HVOL,method,antlr4,0.9,0.5,org.antlr.v4.automata.LexerATNFactory,576,1,1,1,1,1,1
MI,method,antlr4,0.9,0.5,org.antlr.v4.automata.LexerATNFactory,576,1,1,1,1,1,1
MIMS,method,antlr4,0.9,0.5,org.antlr.v4.automata.LexerATNFactory,576,1,1,1,1,1,1
MISEI,method,antlr4,0.9,0.5,org.antlr.v4.automata.LexerATNFactory,576,1,1,1,1,1,1
MISM,method,antlr4,0.9,0.5,org.antlr.v4.automata.LexerATNFactory,576,1,1,1,1,1,1
McCC,method,antlr4,0.9,0.5,org.antlr.v4.automata.LexerATNFactory,576,1,1,1,1,1,1
NL,method,antlr4,0.9,0.5,org.antlr.v4.automata.LexerATNFactory,576,1,1,1,1,1,1
NLE,method,antlr4,0.9,0.5,org.antlr.v4.automata.LexerATNFactory,576,1,1,1,1,1,1
NII,method,antlr4,0.9,0.5,org.antlr.v4.automata.LexerATNFactory,576,0,0,0,1,1,1
NOI,method,antlr4,0.9,0.5,org.antlr.v4.automata.LexerATNFactory,576,1,1,1,1,1,1
CD,method,antlr4,0.9,0.5,org.antlr.v4.automata.LexerATNFactory,576,1,1,1,1,1,1
CLOC,method,antlr4,0.9,0.5,org.antlr.v4.automata.LexerATNFactory,576,1,1,1,1,1,1
DLOC,method,antlr4,0.9,0.5,org.antlr.v4.automata.LexerATNFactory,576,0,0,0,1,1,1
TCD,method,antlr4,0.9,0.5,org.antlr.v4.automata.LexerATNFactory,576,1,1,1,1,1,1
TCLOC,method,antlr4,0.9,0.5,org.antlr.v4.automata.LexerATNFactory,576,1,1,1,1,1,1
LLOC,method,antlr4,0.9,0.5,org.antlr.v4.automata.LexerATNFactory,576,1,1,1,1,1,1
LOC,method,antlr4,0.9,0.5,org.antlr.v4.automata.LexerATNFactory,576,1,1,1,1,1,1
NOS,method,antlr4,0.9,0.5,org.antlr.v4.automata.LexerATNFactory,576,1,1,1,1,1,1
NUMPAR,method,antlr4,0.9,0.5,org.antlr.v4.automata.LexerATNFactory,576,0,0,0,1,1,1
TLLOC,method,antlr4,0.9,0.5,org.antlr.v4.automata.LexerATNFactory,576,1,1,1,1,1,1
TLOC,method,antlr4,0.9,0.5,org.antlr.v4.automata.LexerATNFactory,576,1,1,1,1,1,1
TNOS,method,antlr4,0.9,0.5,org.antlr.v4.automata.LexerATNFactory,576,0,0,0,0,0,0
WarningBlocker,method,antlr4,0.9,0.5,org.antlr.v4.automata.LexerATNFactory,576,0,0,0,0,0,0
WarningCritical,method,antlr4,0.9,0.5,org.antlr.v4.automata.LexerATNFactory,576,0,0,0,0,0,0
WarningInfo,method,antlr4,0.9,0.5,org.antlr.v4.automata.LexerATNFactory,576,0,0,0,0,0,0
WarningMajor,method,antlr4,0.9,0.5,org.antlr.v4.automata.LexerATNFactory,576,0,0,0,0,0,0
WarningMinor,method,antlr4,0.9,0.5,org.antlr.v4.automata.LexerATNFactory,576,0,0,0,0,0,0
Android Rules,method,antlr4,0.9,0.5,org.antlr.v4.automata.LexerATNFactory,576,0,0,0,0,0,0
Basic Rules,method,antlr4,0.9,0.5,org.antlr.v4.automata.LexerATNFactory,576,0,0,0,0,0,0
Brace Rules,method,antlr4,0.9,0.5,org.antlr.v4.automata.LexerATNFactory,576,0,0,0,0,0,0
Clone Implementation Rules,method,antlr4,0.9,0.5,org.antlr.v4.automata.LexerATNFactory,576,0,0,0,0,0,0
Code Size Rules,method,antlr4,0.9,0.5,org.antlr.v4.automata.LexerATNFactory,576,0,0,0,0,0,0
Comment Rules,method,antlr4,0.9,0.5,org.antlr.v4.automata.LexerATNFactory,576,0,0,0,0,0,0
Controversial Rules,method,antlr4,0.9,0.5,org.antlr.v4.automata.LexerATNFactory,576,0,0,0,0,0,0
Coupling Rules,method,antlr4,0.9,0.5,org.antlr.v4.automata.LexerATNFactory,576,0,0,0,0,0,0
Design Rules,method,antlr4,0.9,0.5,org.antlr.v4.automata.LexerATNFactory,576,0,0,0,0,0,0
Empty Code Rules,method,antlr4,0.9,0.5,org.antlr.v4.automata.LexerATNFactory,576,0,0,0,0,0,0
Finalizer Rules,method,antlr4,0.9,0.5,org.antlr.v4.automata.LexerATNFactory,576,0,0,0,0,0,0
Import Statement Rules,method,antlr4,0.9,0.5,org.antlr.v4.automata.LexerATNFactory,576,0,0,0,0,0,0
J2EE Rules,method,antlr4,0.9,0.5,org.antlr.v4.automata.LexerATNFactory,576,0,0,0,0,0,0
JUnit Rules,method,antlr4,0.9,0.5,org.antlr.v4.automata.LexerATNFactory,576,0,0,0,0,0,0
Jakarta Commons Logging Rules,method,antlr4,0.9,0.5,org.antlr.v4.automata.LexerATNFactory,576,0,0,0,0,0,0
Java Logging Rules,method,antlr4,0.9,0.5,org.antlr.v4.automata.LexerATNFactory,576,0,0,0,0,0,0
JavaBean Rules,method,antlr4,0.9,0.5,org.antlr.v4.automata.LexerATNFactory,576,0,0,0,0,0,0
MigratingToJUnit4 Rules,method,antlr4,0.9,0.5,org.antlr.v4.automata.LexerATNFactory,576,0,0,0,0,0,0
Migration Rules,method,antlr4,0.9,0.5,org.antlr.v4.automata.LexerATNFactory,576,0,0,0,0,0,0
Migration13 Rules,method,antlr4,0.9,0.5,org.antlr.v4.automata.LexerATNFactory,576,0,0,0,0,0,0
Migration14 Rules,method,antlr4,0.9,0.5,org.antlr.v4.automata.LexerATNFactory,576,0,0,0,0,0,0
Migration15 Rules,method,antlr4,0.9,0.5,org.antlr.v4.automata.LexerATNFactory,576,0,0,0,0,0,0
Naming Rules,method,antlr4,0.9,0.5,org.antlr.v4.automata.LexerATNFactory,576,0,0,0,0,0,0
Optimization Rules,method,antlr4,0.9,0.5,org.antlr.v4.automata.LexerATNFactory,576,0,0,0,0,0,0
Security Code Guideline Rules,method,antlr4,0.9,0.5,org.antlr.v4.automata.LexerATNFactory,576,0,0,0,0,0,0
Strict Exception Rules,method,antlr4,0.9,0.5,org.antlr.v4.automata.LexerATNFactory,576,0,0,0,0,0,0
String and StringBuffer Rules,method,antlr4,0.9,0.5,org.antlr.v4.automata.LexerATNFactory,576,0,0,0,0,0,0
Type Resolution Rules,method,antlr4,0.9,0.5,org.antlr.v4.automata.LexerATNFactory,576,0,0,0,0,0,0
Unnecessary and Unused Code Rules,method,antlr4,0.9,0.5,org.antlr.v4.automata.LexerATNFactory,576,0,0,0,0,0,0
Vulnerability Rules,method,antlr4,0.9,0.5,org.antlr.v4.automata.LexerATNFactory,576,0,0,0,0,0,0
CC,method,antlr4,0.9,0.5,org.antlr.v4.runtime.Parser,792,1,1,1,1,1,1
CCL,method,antlr4,0.9,0.5,org.antlr.v4.runtime.Parser,792,1,1,1,1,1,1
CCO,method,antlr4,0.9,0.5,org.antlr.v4.runtime.Parser,792,1,1,1,1,1,1
CI,method,antlr4,0.9,0.5,org.antlr.v4.runtime.Parser,792,1,1,1,1,1,1
CLC,method,antlr4,0.9,0.5,org.antlr.v4.runtime.Parser,792,1,1,1,1,1,1
CLLC,method,antlr4,0.9,0.5,org.antlr.v4.runtime.Parser,792,1,1,1,1,1,1
LDC,method,antlr4,0.9,0.5,org.antlr.v4.runtime.Parser,792,1,1,1,1,1,1
LLDC,method,antlr4,0.9,0.5,org.antlr.v4.runtime.Parser,792,1,1,1,1,1,1
HCPL,method,antlr4,0.9,0.5,org.antlr.v4.runtime.Parser,792,1,1,1,1,1,1
HDIF,method,antlr4,0.9,0.5,org.antlr.v4.runtime.Parser,792,1,1,1,1,1,1
HEFF,method,antlr4,0.9,0.5,org.antlr.v4.runtime.Parser,792,1,1,1,1,1,1
HNDB,method,antlr4,0.9,0.5,org.antlr.v4.runtime.Parser,792,1,1,1,1,1,1
HPL,method,antlr4,0.9,0.5,org.antlr.v4.runtime.Parser,792,1,1,1,1,1,1
HPV,method,antlr4,0.9,0.5,org.antlr.v4.runtime.Parser,792,1,1,1,1,1,1
HTRP,method,antlr4,0.9,0.5,org.antlr.v4.runtime.Parser,792,1,1,1,1,1,1
HVOL,method,antlr4,0.9,0.5,org.antlr.v4.runtime.Parser,792,1,1,1,1,1,1
MI,method,antlr4,0.9,0.5,org.antlr.v4.runtime.Parser,792,1,1,1,1,1,1
MIMS,method,antlr4,0.9,0.5,org.antlr.v4.runtime.Parser,792,1,1,1,1,1,1
MISEI,method,antlr4,0.9,0.5,org.antlr.v4.runtime.Parser,792,1,1,1,1,1,1
MISM,method,antlr4,0.9,0.5,org.antlr.v4.runtime.Parser,792,1,1,1,1,1,1
McCC,method,antlr4,0.9,0.5,org.antlr.v4.runtime.Parser,792,1,1,1,1,1,1
NL,method,antlr4,0.9,0.5,org.antlr.v4.runtime.Parser,792,1,1,1,1,1,1
NLE,method,antlr4,0.9,0.5,org.antlr.v4.runtime.Parser,792,1,1,1,1,1,1
NII,method,antlr4,0.9,0.5,org.antlr.v4.runtime.Parser,792,1,1,1,1,1,1
NOI,method,antlr4,0.9,0.5,org.antlr.v4.runtime.Parser,792,0,0,0,1,1,1
CD,method,antlr4,0.9,0.5,org.antlr.v4.runtime.Parser,792,1,1,1,1,1,1
CLOC,method,antlr4,0.9,0.5,org.antlr.v4.runtime.Parser,792,1,1,1,1,1,1
DLOC,method,antlr4,0.9,0.5,org.antlr.v4.runtime.Parser,792,1,1,1,1,1,1
TCD,method,antlr4,0.9,0.5,org.antlr.v4.runtime.Parser,792,1,1,1,1,1,1
TCLOC,method,antlr4,0.9,0.5,org.antlr.v4.runtime.Parser,792,1,1,1,1,1,1
LLOC,method,antlr4,0.9,0.5,org.antlr.v4.runtime.Parser,792,1,1,1,1,1,1
LOC,method,antlr4,0.9,0.5,org.antlr.v4.runtime.Parser,792,1,1,1,1,1,1
NOS,method,antlr4,0.9,0.5,org.antlr.v4.runtime.Parser,792,1,1,1,1,1,1
NUMPAR,method,antlr4,0.9,0.5,org.antlr.v4.runtime.Parser,792,1,1,1,0,0,0
TLLOC,method,antlr4,0.9,0.5,org.antlr.v4.runtime.Parser,792,1,1,1,1,1,1
TLOC,method,antlr4,0.9,0.5,org.antlr.v4.runtime.Parser,792,1,1,1,1,1,1
TNOS,method,antlr4,0.9,0.5,org.antlr.v4.runtime.Parser,792,0,0,0,0,0,0
WarningBlocker,method,antlr4,0.9,0.5,org.antlr.v4.runtime.Parser,792,0,0,0,0,0,0
WarningCritical,method,antlr4,0.9,0.5,org.antlr.v4.runtime.Parser,792,0,0,0,0,0,0
WarningInfo,method,antlr4,0.9,0.5,org.antlr.v4.runtime.Parser,792,0,0,0,0,0,0
WarningMajor,method,antlr4,0.9,0.5,org.antlr.v4.runtime.Parser,792,0,0,0,0,0,0
WarningMinor,method,antlr4,0.9,0.5,org.antlr.v4.runtime.Parser,792,0,0,0,0,0,0
Android Rules,method,antlr4,0.9,0.5,org.antlr.v4.runtime.Parser,792,0,0,0,0,0,0
Basic Rules,method,antlr4,0.9,0.5,org.antlr.v4.runtime.Parser,792,0,0,0,0,0,0
Brace Rules,method,antlr4,0.9,0.5,org.antlr.v4.runtime.Parser,792,0,0,0,0,0,0
Clone Implementation Rules,method,antlr4,0.9,0.5,org.antlr.v4.runtime.Parser,792,0,0,0,0,0,0
Code Size Rules,method,antlr4,0.9,0.5,org.antlr.v4.runtime.Parser,792,0,0,0,0,0,0
Comment Rules,method,antlr4,0.9,0.5,org.antlr.v4.runtime.Parser,792,0,0,0,0,0,0
Controversial Rules,method,antlr4,0.9,0.5,org.antlr.v4.runtime.Parser,792,0,0,0,0,0,0
Coupling Rules,method,antlr4,0.9,0.5,org.antlr.v4.runtime.Parser,792,0,0,0,0,0,0
Design Rules,method,antlr4,0.9,0.5,org.antlr.v4.runtime.Parser,792,0,0,0,0,0,0
Empty Code Rules,method,antlr4,0.9,0.5,org.antlr.v4.runtime.Parser,792,0,0,0,0,0,0
Finalizer Rules,method,antlr4,0.9,0.5,org.antlr.v4.runtime.Parser,792,0,0,0,0,0,0
Import Statement Rules,method,antlr4,0.9,0.5,org.antlr.v4.runtime.Parser,792,0,0,0,0,0,0
J2EE Rules,method,antlr4,0.9,0.5,org.antlr.v4.runtime.Parser,792,0,0,0,0,0,0
JUnit Rules,method,antlr4,0.9,0.5,org.antlr.v4.runtime.Parser,792,0,0,0,0,0,0
Jakarta Commons Logging Rules,method,antlr4,0.9,0.5,org.antlr.v4.runtime.Parser,792,0,0,0,0,0,0
Java Logging Rules,method,antlr4,0.9,0.5,org.antlr.v4.runtime.Parser,792,0,0,0,0,0,0
JavaBean Rules,method,antlr4,0.9,0.5,org.antlr.v4.runtime.Parser,792,0,0,0,0,0,0
MigratingToJUnit4 Rules,method,antlr4,0.9,0.5,org.antlr.v4.runtime.Parser,792,0,0,0,0,0,0
Migration Rules,method,antlr4,0.9,0.5,org.antlr.v4.runtime.Parser,792,0,0,0,0,0,0
Migration13 Rules,method,antlr4,0.9,0.5,org.antlr.v4.runtime.Parser,792,0,0,0,0,0,0
Migration14 Rules,method,antlr4,0.9,0.5,org.antlr.v4.runtime.Parser,792,0,0,0,0,0,0
Migration15 Rules,method,antlr4,0.9,0.5,org.antlr.v4.runtime.Parser,792,0,0,0,0,0,0
Naming Rules,method,antlr4,0.9,0.5,org.antlr.v4.runtime.Parser,792,0,0,0,0,0,0
Optimization Rules,method,antlr4,0.9,0.5,org.antlr.v4.runtime.Parser,792,0,0,0,0,0,0
Security Code Guideline Rules,method,antlr4,0.9,0.5,org.antlr.v4.runtime.Parser,792,0,0,0,0,0,0
Strict Exception Rules,method,antlr4,0.9,0.5,org.antlr.v4.runtime.Parser,792,0,0,0,0,0,0
String and StringBuffer Rules,method,antlr4,0.9,0.5,org.antlr.v4.runtime.Parser,792,0,0,0,0,0,0
Type Resolution Rules,method,antlr4,0.9,0.5,org.antlr.v4.runtime.Parser,792,0,0,0,0,0,0
Unnecessary and Unused Code Rules,method,antlr4,0.9,0.5,org.antlr.v4.runtime.Parser,792,0,0,0,0,0,0
Vulnerability Rules,method,antlr4,0.9,0.5,org.antlr.v4.runtime.Parser,792,0,0,0,0,0,0
CC,method,antlr4,0.9,0.5,org.antlr.v4.semantics.BasicSemanticChecks,1152,0,0,0,1,1,1
CCL,method,antlr4,0.9,0.5,org.antlr.v4.semantics.BasicSemanticChecks,1152,0,0,0,1,1,1
CCO,method,antlr4,0.9,0.5,org.antlr.v4.semantics.BasicSemanticChecks,1152,0,0,0,1,1,1
CI,method,antlr4,0.9,0.5,org.antlr.v4.semantics.BasicSemanticChecks,1152,0,0,0,1,1,1
CLC,method,antlr4,0.9,0.5,org.antlr.v4.semantics.BasicSemanticChecks,1152,0,0,0,1,1,1
CLLC,method,antlr4,0.9,0.5,org.antlr.v4.semantics.BasicSemanticChecks,1152,0,0,0,1,1,1
LDC,method,antlr4,0.9,0.5,org.antlr.v4.semantics.BasicSemanticChecks,1152,0,0,0,1,1,1
LLDC,method,antlr4,0.9,0.5,org.antlr.v4.semantics.BasicSemanticChecks,1152,0,0,0,1,1,1
HCPL,method,antlr4,0.9,0.5,org.antlr.v4.semantics.BasicSemanticChecks,1152,1,1,1,1,1,1
HDIF,method,antlr4,0.9,0.5,org.antlr.v4.semantics.BasicSemanticChecks,1152,1,1,1,1,1,1
HEFF,method,antlr4,0.9,0.5,org.antlr.v4.semantics.BasicSemanticChecks,1152,1,1,1,1,1,1
HNDB,method,antlr4,0.9,0.5,org.antlr.v4.semantics.BasicSemanticChecks,1152,1,1,1,1,1,1
HPL,method,antlr4,0.9,0.5,org.antlr.v4.semantics.BasicSemanticChecks,1152,1,1,1,1,1,1
HPV,method,antlr4,0.9,0.5,org.antlr.v4.semantics.BasicSemanticChecks,1152,1,1,1,1,1,1
HTRP,method,antlr4,0.9,0.5,org.antlr.v4.semantics.BasicSemanticChecks,1152,1,1,1,1,1,1
HVOL,method,antlr4,0.9,0.5,org.antlr.v4.semantics.BasicSemanticChecks,1152,1,1,1,1,1,1
MI,method,antlr4,0.9,0.5,org.antlr.v4.semantics.BasicSemanticChecks,1152,1,1,1,1,1,1
MIMS,method,antlr4,0.9,0.5,org.antlr.v4.semantics.BasicSemanticChecks,1152,1,1,1,1,1,1
MISEI,method,antlr4,0.9,0.5,org.antlr.v4.semantics.BasicSemanticChecks,1152,1,1,1,1,1,1
MISM,method,antlr4,0.9,0.5,org.antlr.v4.semantics.BasicSemanticChecks,1152,1,1,1,1,1,1
McCC,method,antlr4,0.9,0.5,org.antlr.v4.semantics.BasicSemanticChecks,1152,0,0,0,1,1,1
NL,method,antlr4,0.9,0.5,org.antlr.v4.semantics.BasicSemanticChecks,1152,1,1,1,1,1,1
NLE,method,antlr4,0.9,0.5,org.antlr.v4.semantics.BasicSemanticChecks,1152,1,1,1,1,1,1
NII,method,antlr4,0.9,0.5,org.antlr.v4.semantics.BasicSemanticChecks,1152,0,0,0,1,1,1
NOI,method,antlr4,0.9,0.5,org.antlr.v4.semantics.BasicSemanticChecks,1152,0,0,0,1,1,1
CD,method,antlr4,0.9,0.5,org.antlr.v4.semantics.BasicSemanticChecks,1152,1,1,1,1,1,1
CLOC,method,antlr4,0.9,0.5,org.antlr.v4.semantics.BasicSemanticChecks,1152,1,1,1,1,1,1
DLOC,method,antlr4,0.9,0.5,org.antlr.v4.semantics.BasicSemanticChecks,1152,0,0,0,1,1,1
TCD,method,antlr4,0.9,0.5,org.antlr.v4.semantics.BasicSemanticChecks,1152,1,1,1,1,1,1
TCLOC,method,antlr4,0.9,0.5,org.antlr.v4.semantics.BasicSemanticChecks,1152,1,1,1,1,1,1
LLOC,method,antlr4,0.9,0.5,org.antlr.v4.semantics.BasicSemanticChecks,1152,1,1,1,1,1,1
LOC,method,antlr4,0.9,0.5,org.antlr.v4.semantics.BasicSemanticChecks,1152,1,1,1,1,1,1
NOS,method,antlr4,0.9,0.5,org.antlr.v4.semantics.BasicSemanticChecks,1152,1,1,1,1,1,1
NUMPAR,method,antlr4,0.9,0.5,org.antlr.v4.semantics.BasicSemanticChecks,1152,0,0,0,1,1,1
TLLOC,method,antlr4,0.9,0.5,org.antlr.v4.semantics.BasicSemanticChecks,1152,1,1,1,1,1,1
TLOC,method,antlr4,0.9,0.5,org.antlr.v4.semantics.BasicSemanticChecks,1152,1,1,1,1,1,1
TNOS,method,antlr4,0.9,0.5,org.antlr.v4.semantics.BasicSemanticChecks,1152,0,0,0,0,0,0
WarningBlocker,method,antlr4,0.9,0.5,org.antlr.v4.semantics.BasicSemanticChecks,1152,0,0,0,0,0,0
WarningCritical,method,antlr4,0.9,0.5,org.antlr.v4.semantics.BasicSemanticChecks,1152,0,0,0,0,0,0
WarningInfo,method,antlr4,0.9,0.5,org.antlr.v4.semantics.BasicSemanticChecks,1152,0,0,0,0,0,0
WarningMajor,method,antlr4,0.9,0.5,org.antlr.v4.semantics.BasicSemanticChecks,1152,0,0,0,0,0,0
WarningMinor,method,antlr4,0.9,0.5,org.antlr.v4.semantics.BasicSemanticChecks,1152,0,0,0,0,0,0
Android Rules,method,antlr4,0.9,0.5,org.antlr.v4.semantics.BasicSemanticChecks,1152,0,0,0,0,0,0
Basic Rules,method,antlr4,0.9,0.5,org.antlr.v4.semantics.BasicSemanticChecks,1152,0,0,0,0,0,0
Brace Rules,method,antlr4,0.9,0.5,org.antlr.v4.semantics.BasicSemanticChecks,1152,0,0,0,0,0,0
Clone Implementation Rules,method,antlr4,0.9,0.5,org.antlr.v4.semantics.BasicSemanticChecks,1152,0,0,0,0,0,0
Code Size Rules,method,antlr4,0.9,0.5,org.antlr.v4.semantics.BasicSemanticChecks,1152,0,0,0,0,0,0
Comment Rules,method,antlr4,0.9,0.5,org.antlr.v4.semantics.BasicSemanticChecks,1152,0,0,0,0,0,0
Controversial Rules,method,antlr4,0.9,0.5,org.antlr.v4.semantics.BasicSemanticChecks,1152,0,0,0,0,0,0
Coupling Rules,method,antlr4,0.9,0.5,org.antlr.v4.semantics.BasicSemanticChecks,1152,0,0,0,0,0,0
Design Rules,method,antlr4,0.9,0.5,org.antlr.v4.semantics.BasicSemanticChecks,1152,0,0,0,0,0,0
Empty Code Rules,method,antlr4,0.9,0.5,org.antlr.v4.semantics.BasicSemanticChecks,1152,0,0,0,0,0,0
Finalizer Rules,method,antlr4,0.9,0.5,org.antlr.v4.semantics.BasicSemanticChecks,1152,0,0,0,0,0,0
Import Statement Rules,method,antlr4,0.9,0.5,org.antlr.v4.semantics.BasicSemanticChecks,1152,0,0,0,0,0,0
J2EE Rules,method,antlr4,0.9,0.5,org.antlr.v4.semantics.BasicSemanticChecks,1152,0,0,0,0,0,0
JUnit Rules,method,antlr4,0.9,0.5,org.antlr.v4.semantics.BasicSemanticChecks,1152,0,0,0,0,0,0
Jakarta Commons Logging Rules,method,antlr4,0.9,0.5,org.antlr.v4.semantics.BasicSemanticChecks,1152,0,0,0,0,0,0
Java Logging Rules,method,antlr4,0.9,0.5,org.antlr.v4.semantics.BasicSemanticChecks,1152,0,0,0,0,0,0
JavaBean Rules,method,antlr4,0.9,0.5,org.antlr.v4.semantics.BasicSemanticChecks,1152,0,0,0,0,0,0
MigratingToJUnit4 Rules,method,antlr4,0.9,0.5,org.antlr.v4.semantics.BasicSemanticChecks,1152,0,0,0,0,0,0
Migration Rules,method,antlr4,0.9,0.5,org.antlr.v4.semantics.BasicSemanticChecks,1152,0,0,0,0,0,0
Migration13 Rules,method,antlr4,0.9,0.5,org.antlr.v4.semantics.BasicSemanticChecks,1152,0,0,0,0,0,0
Migration14 Rules,method,antlr4,0.9,0.5,org.antlr.v4.semantics.BasicSemanticChecks,1152,0,0,0,0,0,0
Migration15 Rules,method,antlr4,0.9,0.5,org.antlr.v4.semantics.BasicSemanticChecks,1152,0,0,0,0,0,0
Naming Rules,method,antlr4,0.9,0.5,org.antlr.v4.semantics.BasicSemanticChecks,1152,0,0,0,0,0,0
Optimization Rules,method,antlr4,0.9,0.5,org.antlr.v4.semantics.BasicSemanticChecks,1152,0,0,0,0,0,0
Security Code Guideline Rules,method,antlr4,0.9,0.5,org.antlr.v4.semantics.BasicSemanticChecks,1152,0,0,0,0,0,0
Strict Exception Rules,method,antlr4,0.9,0.5,org.antlr.v4.semantics.BasicSemanticChecks,1152,0,0,0,0,0,0
String and StringBuffer Rules,method,antlr4,0.9,0.5,org.antlr.v4.semantics.BasicSemanticChecks,1152,0,0,0,0,0,0
Type Resolution Rules,method,antlr4,0.9,0.5,org.antlr.v4.semantics.BasicSemanticChecks,1152,0,0,0,0,0,0
Unnecessary and Unused Code Rules,method,antlr4,0.9,0.5,org.antlr.v4.semantics.BasicSemanticChecks,1152,0,0,0,0,0,0
Vulnerability Rules,method,antlr4,0.9,0.5,org.antlr.v4.semantics.BasicSemanticChecks,1152,0,0,0,0,0,0
CC,method,antlr4,0.9,0.5,org.antlr.v4.test.TestCommonTokenStream$4,144,0,0,0,1,1,1
CCL,method,antlr4,0.9,0.5,org.antlr.v4.test.TestCommonTokenStream$4,144,0,0,0,1,1,1
CCO,method,antlr4,0.9,0.5,org.antlr.v4.test.TestCommonTokenStream$4,144,0,0,0,1,1,1
CI,method,antlr4,0.9,0.5,org.antlr.v4.test.TestCommonTokenStream$4,144,0,0,0,1,1,1
CLC,method,antlr4,0.9,0.5,org.antlr.v4.test.TestCommonTokenStream$4,144,0,0,0,1,1,1
CLLC,method,antlr4,0.9,0.5,org.antlr.v4.test.TestCommonTokenStream$4,144,0,0,0,1,1,1
LDC,method,antlr4,0.9,0.5,org.antlr.v4.test.TestCommonTokenStream$4,144,0,0,0,1,1,1
LLDC,method,antlr4,0.9,0.5,org.antlr.v4.test.TestCommonTokenStream$4,144,0,0,0,1,1,1
HCPL,method,antlr4,0.9,0.5,org.antlr.v4.test.TestCommonTokenStream$4,144,1,1,1,1,1,1
HDIF,method,antlr4,0.9,0.5,org.antlr.v4.test.TestCommonTokenStream$4,144,1,1,1,1,1,1
HEFF,method,antlr4,0.9,0.5,org.antlr.v4.test.TestCommonTokenStream$4,144,1,1,1,1,1,1
HNDB,method,antlr4,0.9,0.5,org.antlr.v4.test.TestCommonTokenStream$4,144,1,1,1,1,1,1
HPL,method,antlr4,0.9,0.5,org.antlr.v4.test.TestCommonTokenStream$4,144,1,1,1,1,1,1
HPV,method,antlr4,0.9,0.5,org.antlr.v4.test.TestCommonTokenStream$4,144,1,1,1,1,1,1
HTRP,method,antlr4,0.9,0.5,org.antlr.v4.test.TestCommonTokenStream$4,144,1,1,1,1,1,1
HVOL,method,antlr4,0.9,0.5,org.antlr.v4.test.TestCommonTokenStream$4,144,1,1,1,1,1,1
MI,method,antlr4,0.9,0.5,org.antlr.v4.test.TestCommonTokenStream$4,144,1,1,1,1,1,1
MIMS,method,antlr4,0.9,0.5,org.antlr.v4.test.TestCommonTokenStream$4,144,1,1,1,1,1,1
MISEI,method,antlr4,0.9,0.5,org.antlr.v4.test.TestCommonTokenStream$4,144,1,1,1,1,1,1
MISM,method,antlr4,0.9,0.5,org.antlr.v4.test.TestCommonTokenStream$4,144,1,1,1,1,1,1
McCC,method,antlr4,0.9,0.5,org.antlr.v4.test.TestCommonTokenStream$4,144,0,0,0,1,1,1
NL,method,antlr4,0.9,0.5,org.antlr.v4.test.TestCommonTokenStream$4,144,0,0,0,1,1,1
NLE,method,antlr4,0.9,0.5,org.antlr.v4.test.TestCommonTokenStream$4,144,0,0,0,1,1,1
NII,method,antlr4,0.9,0.5,org.antlr.v4.test.TestCommonTokenStream$4,144,0,0,0,1,1,1
NOI,method,antlr4,0.9,0.5,org.antlr.v4.test.TestCommonTokenStream$4,144,0,0,0,1,1,1
CD,method,antlr4,0.9,0.5,org.antlr.v4.test.TestCommonTokenStream$4,144,0,0,0,1,1,1
CLOC,method,antlr4,0.9,0.5,org.antlr.v4.test.TestCommonTokenStream$4,144,0,0,0,1,1,1
DLOC,method,antlr4,0.9,0.5,org.antlr.v4.test.TestCommonTokenStream$4,144,0,0,0,1,1,1
TCD,method,antlr4,0.9,0.5,org.antlr.v4.test.TestCommonTokenStream$4,144,0,0,0,1,1,1
TCLOC,method,antlr4,0.9,0.5,org.antlr.v4.test.TestCommonTokenStream$4,144,0,0,0,1,1,1
LLOC,method,antlr4,0.9,0.5,org.antlr.v4.test.TestCommonTokenStream$4,144,0,0,0,1,1,1
LOC,method,antlr4,0.9,0.5,org.antlr.v4.test.TestCommonTokenStream$4,144,0,0,0,1,1,1
NOS,method,antlr4,0.9,0.5,org.antlr.v4.test.TestCommonTokenStream$4,144,0,0,0,1,1,1
NUMPAR,method,antlr4,0.9,0.5,org.antlr.v4.test.TestCommonTokenStream$4,144,0,0,0,1,1,1
TLLOC,method,antlr4,0.9,0.5,org.antlr.v4.test.TestCommonTokenStream$4,144,0,0,0,1,1,1
TLOC,method,antlr4,0.9,0.5,org.antlr.v4.test.TestCommonTokenStream$4,144,0,0,0,1,1,1
TNOS,method,antlr4,0.9,0.5,org.antlr.v4.test.TestCommonTokenStream$4,144,0,0,0,0,0,0
WarningBlocker,method,antlr4,0.9,0.5,org.antlr.v4.test.TestCommonTokenStream$4,144,0,0,0,0,0,0
WarningCritical,method,antlr4,0.9,0.5,org.antlr.v4.test.TestCommonTokenStream$4,144,0,0,0,0,0,0
WarningInfo,method,antlr4,0.9,0.5,org.antlr.v4.test.TestCommonTokenStream$4,144,0,0,0,0,0,0
WarningMajor,method,antlr4,0.9,0.5,org.antlr.v4.test.TestCommonTokenStream$4,144,0,0,0,0,0,0
WarningMinor,method,antlr4,0.9,0.5,org.antlr.v4.test.TestCommonTokenStream$4,144,0,0,0,0,0,0
Android Rules,method,antlr4,0.9,0.5,org.antlr.v4.test.TestCommonTokenStream$4,144,0,0,0,0,0,0
Basic Rules,method,antlr4,0.9,0.5,org.antlr.v4.test.TestCommonTokenStream$4,144,0,0,0,0,0,0
Brace Rules,method,antlr4,0.9,0.5,org.antlr.v4.test.TestCommonTokenStream$4,144,0,0,0,0,0,0
Clone Implementation Rules,method,antlr4,0.9,0.5,org.antlr.v4.test.TestCommonTokenStream$4,144,0,0,0,0,0,0
Code Size Rules,method,antlr4,0.9,0.5,org.antlr.v4.test.TestCommonTokenStream$4,144,0,0,0,0,0,0
Comment Rules,method,antlr4,0.9,0.5,org.antlr.v4.test.TestCommonTokenStream$4,144,0,0,0,0,0,0
Controversial Rules,method,antlr4,0.9,0.5,org.antlr.v4.test.TestCommonTokenStream$4,144,0,0,0,0,0,0
Coupling Rules,method,antlr4,0.9,0.5,org.antlr.v4.test.TestCommonTokenStream$4,144,0,0,0,0,0,0
Design Rules,method,antlr4,0.9,0.5,org.antlr.v4.test.TestCommonTokenStream$4,144,0,0,0,0,0,0
Empty Code Rules,method,antlr4,0.9,0.5,org.antlr.v4.test.TestCommonTokenStream$4,144,0,0,0,0,0,0
Finalizer Rules,method,antlr4,0.9,0.5,org.antlr.v4.test.TestCommonTokenStream$4,144,0,0,0,0,0,0
Import Statement Rules,method,antlr4,0.9,0.5,org.antlr.v4.test.TestCommonTokenStream$4,144,0,0,0,0,0,0
J2EE Rules,method,antlr4,0.9,0.5,org.antlr.v4.test.TestCommonTokenStream$4,144,0,0,0,0,0,0
JUnit Rules,method,antlr4,0.9,0.5,org.antlr.v4.test.TestCommonTokenStream$4,144,0,0,0,0,0,0
Jakarta Commons Logging Rules,method,antlr4,0.9,0.5,org.antlr.v4.test.TestCommonTokenStream$4,144,0,0,0,0,0,0
Java Logging Rules,method,antlr4,0.9,0.5,org.antlr.v4.test.TestCommonTokenStream$4,144,0,0,0,0,0,0
JavaBean Rules,method,antlr4,0.9,0.5,org.antlr.v4.test.TestCommonTokenStream$4,144,0,0,0,0,0,0
MigratingToJUnit4 Rules,method,antlr4,0.9,0.5,org.antlr.v4.test.TestCommonTokenStream$4,144,0,0,0,0,0,0
Migration Rules,method,antlr4,0.9,0.5,org.antlr.v4.test.TestCommonTokenStream$4,144,0,0,0,0,0,0
Migration13 Rules,method,antlr4,0.9,0.5,org.antlr.v4.test.TestCommonTokenStream$4,144,0,0,0,0,0,0
Migration14 Rules,method,antlr4,0.9,0.5,org.antlr.v4.test.TestCommonTokenStream$4,144,0,0,0,0,0,0
Migration15 Rules,method,antlr4,0.9,0.5,org.antlr.v4.test.TestCommonTokenStream$4,144,0,0,0,0,0,0
Naming Rules,method,antlr4,0.9,0.5,org.antlr.v4.test.TestCommonTokenStream$4,144,0,0,0,0,0,0
Optimization Rules,method,antlr4,0.9,0.5,org.antlr.v4.test.TestCommonTokenStream$4,144,0,0,0,0,0,0
Security Code Guideline Rules,method,antlr4,0.9,0.5,org.antlr.v4.test.TestCommonTokenStream$4,144,0,0,0,0,0,0
Strict Exception Rules,method,antlr4,0.9,0.5,org.antlr.v4.test.TestCommonTokenStream$4,144,0,0,0,0,0,0
String and StringBuffer Rules,method,antlr4,0.9,0.5,org.antlr.v4.test.TestCommonTokenStream$4,144,0,0,0,0,0,0
Type Resolution Rules,method,antlr4,0.9,0.5,org.antlr.v4.test.TestCommonTokenStream$4,144,0,0,0,0,0,0
Unnecessary and Unused Code Rules,method,antlr4,0.9,0.5,org.antlr.v4.test.TestCommonTokenStream$4,144,0,0,0,0,0,0
Vulnerability Rules,method,antlr4,0.9,0.5,org.antlr.v4.test.TestCommonTokenStream$4,144,0,0,0,0,0,0
CC,method,antlr4,0.9,0.5,org.antlr.v4.test.tool.TestToolSyntaxErrors,576,1,1,1,1,1,1
CCL,method,antlr4,0.9,0.5,org.antlr.v4.test.tool.TestToolSyntaxErrors,576,1,1,1,1,1,1
CCO,method,antlr4,0.9,0.5,org.antlr.v4.test.tool.TestToolSyntaxErrors,576,1,1,1,1,1,1
CI,method,antlr4,0.9,0.5,org.antlr.v4.test.tool.TestToolSyntaxErrors,576,1,1,1,1,1,1
CLC,method,antlr4,0.9,0.5,org.antlr.v4.test.tool.TestToolSyntaxErrors,576,1,1,1,1,1,1
CLLC,method,antlr4,0.9,0.5,org.antlr.v4.test.tool.TestToolSyntaxErrors,576,1,1,1,1,1,1
LDC,method,antlr4,0.9,0.5,org.antlr.v4.test.tool.TestToolSyntaxErrors,576,1,1,1,1,1,1
LLDC,method,antlr4,0.9,0.5,org.antlr.v4.test.tool.TestToolSyntaxErrors,576,1,1,1,1,1,1
HCPL,method,antlr4,0.9,0.5,org.antlr.v4.test.tool.TestToolSyntaxErrors,576,1,1,1,1,1,1
HDIF,method,antlr4,0.9,0.5,org.antlr.v4.test.tool.TestToolSyntaxErrors,576,1,1,1,1,1,1
HEFF,method,antlr4,0.9,0.5,org.antlr.v4.test.tool.TestToolSyntaxErrors,576,1,1,1,1,1,1
HNDB,method,antlr4,0.9,0.5,org.antlr.v4.test.tool.TestToolSyntaxErrors,576,1,1,1,1,1,1
HPL,method,antlr4,0.9,0.5,org.antlr.v4.test.tool.TestToolSyntaxErrors,576,1,1,1,1,1,1
HPV,method,antlr4,0.9,0.5,org.antlr.v4.test.tool.TestToolSyntaxErrors,576,1,1,1,1,1,1
HTRP,method,antlr4,0.9,0.5,org.antlr.v4.test.tool.TestToolSyntaxErrors,576,1,1,1,1,1,1
HVOL,method,antlr4,0.9,0.5,org.antlr.v4.test.tool.TestToolSyntaxErrors,576,1,1,1,1,1,1
MI,method,antlr4,0.9,0.5,org.antlr.v4.test.tool.TestToolSyntaxErrors,576,1,1,1,1,1,1
MIMS,method,antlr4,0.9,0.5,org.antlr.v4.test.tool.TestToolSyntaxErrors,576,1,1,1,1,1,1
MISEI,method,antlr4,0.9,0.5,org.antlr.v4.test.tool.TestToolSyntaxErrors,576,1,1,1,1,1,1
MISM,method,antlr4,0.9,0.5,org.antlr.v4.test.tool.TestToolSyntaxErrors,576,1,1,1,1,1,1
McCC,method,antlr4,0.9,0.5,org.antlr.v4.test.tool.TestToolSyntaxErrors,576,0,0,0,1,1,1
NL,method,antlr4,0.9,0.5,org.antlr.v4.test.tool.TestToolSyntaxErrors,576,0,0,0,1,1,1
NLE,method,antlr4,0.9,0.5,org.antlr.v4.test.tool.TestToolSyntaxErrors,576,0,0,0,1,1,1
NII,method,antlr4,0.9,0.5,org.antlr.v4.test.tool.TestToolSyntaxErrors,576,0,0,0,1,1,1
NOI,method,antlr4,0.9,0.5,org.antlr.v4.test.tool.TestToolSyntaxErrors,576,0,0,0,1,1,1
CD,method,antlr4,0.9,0.5,org.antlr.v4.test.tool.TestToolSyntaxErrors,576,1,1,1,1,1,1
CLOC,method,antlr4,0.9,0.5,org.antlr.v4.test.tool.TestToolSyntaxErrors,576,1,1,1,1,1,1
DLOC,method,antlr4,0.9,0.5,org.antlr.v4.test.tool.TestToolSyntaxErrors,576,0,0,0,1,1,1
TCD,method,antlr4,0.9,0.5,org.antlr.v4.test.tool.TestToolSyntaxErrors,576,1,1,1,1,1,1
TCLOC,method,antlr4,0.9,0.5,org.antlr.v4.test.tool.TestToolSyntaxErrors,576,1,1,1,1,1,1
LLOC,method,antlr4,0.9,0.5,org.antlr.v4.test.tool.TestToolSyntaxErrors,576,1,1,1,1,1,1
LOC,method,antlr4,0.9,0.5,org.antlr.v4.test.tool.TestToolSyntaxErrors,576,1,1,1,1,1,1
NOS,method,antlr4,0.9,0.5,org.antlr.v4.test.tool.TestToolSyntaxErrors,576,0,0,0,1,1,1
NUMPAR,method,antlr4,0.9,0.5,org.antlr.v4.test.tool.TestToolSyntaxErrors,576,0,0,0,1,1,1
TLLOC,method,antlr4,0.9,0.5,org.antlr.v4.test.tool.TestToolSyntaxErrors,576,1,1,1,1,1,1
TLOC,method,antlr4,0.9,0.5,org.antlr.v4.test.tool.TestToolSyntaxErrors,576,1,1,1,1,1,1
TNOS,method,antlr4,0.9,0.5,org.antlr.v4.test.tool.TestToolSyntaxErrors,576,0,0,0,0,0,0
WarningBlocker,method,antlr4,0.9,0.5,org.antlr.v4.test.tool.TestToolSyntaxErrors,576,0,0,0,0,0,0
WarningCritical,method,antlr4,0.9,0.5,org.antlr.v4.test.tool.TestToolSyntaxErrors,576,0,0,0,0,0,0
WarningInfo,method,antlr4,0.9,0.5,org.antlr.v4.test.tool.TestToolSyntaxErrors,576,0,0,0,0,0,0
WarningMajor,method,antlr4,0.9,0.5,org.antlr.v4.test.tool.TestToolSyntaxErrors,576,0,0,0,0,0,0
WarningMinor,method,antlr4,0.9,0.5,org.antlr.v4.test.tool.TestToolSyntaxErrors,576,0,0,0,0,0,0
Android Rules,method,antlr4,0.9,0.5,org.antlr.v4.test.tool.TestToolSyntaxErrors,576,0,0,0,0,0,0
Basic Rules,method,antlr4,0.9,0.5,org.antlr.v4.test.tool.TestToolSyntaxErrors,576,0,0,0,0,0,0
Brace Rules,method,antlr4,0.9,0.5,org.antlr.v4.test.tool.TestToolSyntaxErrors,576,0,0,0,0,0,0
Clone Implementation Rules,method,antlr4,0.9,0.5,org.antlr.v4.test.tool.TestToolSyntaxErrors,576,0,0,0,0,0,0
Code Size Rules,method,antlr4,0.9,0.5,org.antlr.v4.test.tool.TestToolSyntaxErrors,576,0,0,0,0,0,0
Comment Rules,method,antlr4,0.9,0.5,org.antlr.v4.test.tool.TestToolSyntaxErrors,576,0,0,0,0,0,0
Controversial Rules,method,antlr4,0.9,0.5,org.antlr.v4.test.tool.TestToolSyntaxErrors,576,0,0,0,0,0,0
Coupling Rules,method,antlr4,0.9,0.5,org.antlr.v4.test.tool.TestToolSyntaxErrors,576,0,0,0,0,0,0
Design Rules,method,antlr4,0.9,0.5,org.antlr.v4.test.tool.TestToolSyntaxErrors,576,0,0,0,0,0,0
Empty Code Rules,method,antlr4,0.9,0.5,org.antlr.v4.test.tool.TestToolSyntaxErrors,576,0,0,0,0,0,0
Finalizer Rules,method,antlr4,0.9,0.5,org.antlr.v4.test.tool.TestToolSyntaxErrors,576,0,0,0,0,0,0
Import Statement Rules,method,antlr4,0.9,0.5,org.antlr.v4.test.tool.TestToolSyntaxErrors,576,0,0,0,0,0,0
J2EE Rules,method,antlr4,0.9,0.5,org.antlr.v4.test.tool.TestToolSyntaxErrors,576,0,0,0,0,0,0
JUnit Rules,method,antlr4,0.9,0.5,org.antlr.v4.test.tool.TestToolSyntaxErrors,576,0,0,0,0,0,0
Jakarta Commons Logging Rules,method,antlr4,0.9,0.5,org.antlr.v4.test.tool.TestToolSyntaxErrors,576,0,0,0,0,0,0
Java Logging Rules,method,antlr4,0.9,0.5,org.antlr.v4.test.tool.TestToolSyntaxErrors,576,0,0,0,0,0,0
JavaBean Rules,method,antlr4,0.9,0.5,org.antlr.v4.test.tool.TestToolSyntaxErrors,576,0,0,0,0,0,0
MigratingToJUnit4 Rules,method,antlr4,0.9,0.5,org.antlr.v4.test.tool.TestToolSyntaxErrors,576,0,0,0,0,0,0
Migration Rules,method,antlr4,0.9,0.5,org.antlr.v4.test.tool.TestToolSyntaxErrors,576,0,0,0,0,0,0
Migration13 Rules,method,antlr4,0.9,0.5,org.antlr.v4.test.tool.TestToolSyntaxErrors,576,0,0,0,0,0,0
Migration14 Rules,method,antlr4,0.9,0.5,org.antlr.v4.test.tool.TestToolSyntaxErrors,576,0,0,0,0,0,0
Migration15 Rules,method,antlr4,0.9,0.5,org.antlr.v4.test.tool.TestToolSyntaxErrors,576,0,0,0,0,0,0
Naming Rules,method,antlr4,0.9,0.5,org.antlr.v4.test.tool.TestToolSyntaxErrors,576,0,0,0,0,0,0
Optimization Rules,method,antlr4,0.9,0.5,org.antlr.v4.test.tool.TestToolSyntaxErrors,576,0,0,0,0,0,0
Security Code Guideline Rules,method,antlr4,0.9,0.5,org.antlr.v4.test.tool.TestToolSyntaxErrors,576,0,0,0,0,0,0
Strict Exception Rules,method,antlr4,0.9,0.5,org.antlr.v4.test.tool.TestToolSyntaxErrors,576,0,0,0,0,0,0
String and StringBuffer Rules,method,antlr4,0.9,0.5,org.antlr.v4.test.tool.TestToolSyntaxErrors,576,0,0,0,0,0,0
Type Resolution Rules,method,antlr4,0.9,0.5,org.antlr.v4.test.tool.TestToolSyntaxErrors,576,0,0,0,0,0,0
Unnecessary and Unused Code Rules,method,antlr4,0.9,0.5,org.antlr.v4.test.tool.TestToolSyntaxErrors,576,0,0,0,0,0,0
Vulnerability Rules,method,antlr4,0.9,0.5,org.antlr.v4.test.tool.TestToolSyntaxErrors,576,0,0,0,0,0,0
CC,method,antlr4,0.9,0.5,org.antlr.v4.tool.Grammar,720,0,0,0,1,1,1
CCL,method,antlr4,0.9,0.5,org.antlr.v4.tool.Grammar,720,0,0,0,1,1,1
CCO,method,antlr4,0.9,0.5,org.antlr.v4.tool.Grammar,720,0,0,0,1,1,1
CI,method,antlr4,0.9,0.5,org.antlr.v4.tool.Grammar,720,0,0,0,1,1,1
CLC,method,antlr4,0.9,0.5,org.antlr.v4.tool.Grammar,720,0,0,0,1,1,1
CLLC,method,antlr4,0.9,0.5,org.antlr.v4.tool.Grammar,720,0,0,0,1,1,1
LDC,method,antlr4,0.9,0.5,org.antlr.v4.tool.Grammar,720,0,0,0,1,1,1
LLDC,method,antlr4,0.9,0.5,org.antlr.v4.tool.Grammar,720,0,0,0,1,1,1
HCPL,method,antlr4,0.9,0.5,org.antlr.v4.tool.Grammar,720,1,1,1,1,1,1
HDIF,method,antlr4,0.9,0.5,org.antlr.v4.tool.Grammar,720,1,1,1,1,1,1
HEFF,method,antlr4,0.9,0.5,org.antlr.v4.tool.Grammar,720,1,1,1,1,1,1
HNDB,method,antlr4,0.9,0.5,org.antlr.v4.tool.Grammar,720,1,1,1,1,1,1
HPL,method,antlr4,0.9,0.5,org.antlr.v4.tool.Grammar,720,1,1,1,1,1,1
HPV,method,antlr4,0.9,0.5,org.antlr.v4.tool.Grammar,720,1,1,1,1,1,1
HTRP,method,antlr4,0.9,0.5,org.antlr.v4.tool.Grammar,720,1,1,1,1,1,1
HVOL,method,antlr4,0.9,0.5,org.antlr.v4.tool.Grammar,720,1,1,1,1,1,1
MI,method,antlr4,0.9,0.5,org.antlr.v4.tool.Grammar,720,1,1,1,1,1,1
MIMS,method,antlr4,0.9,0.5,org.antlr.v4.tool.Grammar,720,1,1,1,1,1,1
MISEI,method,antlr4,0.9,0.5,org.antlr.v4.tool.Grammar,720,1,1,1,1,1,1
MISM,method,antlr4,0.9,0.5,org.antlr.v4.tool.Grammar,720,1,1,1,1,1,1
McCC,method,antlr4,0.9,0.5,org.antlr.v4.tool.Grammar,720,1,1,1,1,1,1
NL,method,antlr4,0.9,0.5,org.antlr.v4.tool.Grammar,720,1,1,1,1,1,1
NLE,method,antlr4,0.9,0.5,org.antlr.v4.tool.Grammar,720,1,1,1,1,1,1
NII,method,antlr4,0.9,0.5,org.antlr.v4.tool.Grammar,720,0,0,0,1,1,1
NOI,method,antlr4,0.9,0.5,org.antlr.v4.tool.Grammar,720,0,0,0,1,1,1
CD,method,antlr4,0.9,0.5,org.antlr.v4.tool.Grammar,720,1,1,1,1,1,1
CLOC,method,antlr4,0.9,0.5,org.antlr.v4.tool.Grammar,720,1,1,1,1,1,1
DLOC,method,antlr4,0.9,0.5,org.antlr.v4.tool.Grammar,720,0,0,0,1,1,1
TCD,method,antlr4,0.9,0.5,org.antlr.v4.tool.Grammar,720,1,1,1,1,1,1
TCLOC,method,antlr4,0.9,0.5,org.antlr.v4.tool.Grammar,720,1,1,1,1,1,1
LLOC,method,antlr4,0.9,0.5,org.antlr.v4.tool.Grammar,720,1,1,1,1,1,1
LOC,method,antlr4,0.9,0.5,org.antlr.v4.tool.Grammar,720,1,1,1,1,1,1
NOS,method,antlr4,0.9,0.5,org.antlr.v4.tool.Grammar,720,1,1,1,1,1,1
NUMPAR,method,antlr4,0.9,0.5,org.antlr.v4.tool.Grammar,720,0,0,0,1,1,1
TLLOC,method,antlr4,0.9,0.5,org.antlr.v4.tool.Grammar,720,1,1,1,1,1,1
TLOC,method,antlr4,0.9,0.5,org.antlr.v4.tool.Grammar,720,1,1,1,1,1,1
TNOS,method,antlr4,0.9,0.5,org.antlr.v4.tool.Grammar,720,0,0,0,0,0,0
WarningBlocker,method,antlr4,0.9,0.5,org.antlr.v4.tool.Grammar,720,0,0,0,0,0,0
WarningCritical,method,antlr4,0.9,0.5,org.antlr.v4.tool.Grammar,720,0,0,0,0,0,0
WarningInfo,method,antlr4,0.9,0.5,org.antlr.v4.tool.Grammar,720,0,0,0,0,0,0
WarningMajor,method,antlr4,0.9,0.5,org.antlr.v4.tool.Grammar,720,0,0,0,0,0,0
WarningMinor,method,antlr4,0.9,0.5,org.antlr.v4.tool.Grammar,720,0,0,0,0,0,0
Android Rules,method,antlr4,0.9,0.5,org.antlr.v4.tool.Grammar,720,0,0,0,0,0,0
Basic Rules,method,antlr4,0.9,0.5,org.antlr.v4.tool.Grammar,720,0,0,0,0,0,0
Brace Rules,method,antlr4,0.9,0.5,org.antlr.v4.tool.Grammar,720,0,0,0,0,0,0
Clone Implementation Rules,method,antlr4,0.9,0.5,org.antlr.v4.tool.Grammar,720,0,0,0,0,0,0
Code Size Rules,method,antlr4,0.9,0.5,org.antlr.v4.tool.Grammar,720,0,0,0,0,0,0
Comment Rules,method,antlr4,0.9,0.5,org.antlr.v4.tool.Grammar,720,0,0,0,0,0,0
Controversial Rules,method,antlr4,0.9,0.5,org.antlr.v4.tool.Grammar,720,0,0,0,0,0,0
Coupling Rules,method,antlr4,0.9,0.5,org.antlr.v4.tool.Grammar,720,0,0,0,0,0,0
Design Rules,method,antlr4,0.9,0.5,org.antlr.v4.tool.Grammar,720,0,0,0,0,0,0
Empty Code Rules,method,antlr4,0.9,0.5,org.antlr.v4.tool.Grammar,720,0,0,0,0,0,0
Finalizer Rules,method,antlr4,0.9,0.5,org.antlr.v4.tool.Grammar,720,0,0,0,0,0,0
Import Statement Rules,method,antlr4,0.9,0.5,org.antlr.v4.tool.Grammar,720,0,0,0,0,0,0
J2EE Rules,method,antlr4,0.9,0.5,org.antlr.v4.tool.Grammar,720,0,0,0,0,0,0
JUnit Rules,method,antlr4,0.9,0.5,org.antlr.v4.tool.Grammar,720,0,0,0,0,0,0
Jakarta Commons Logging Rules,method,antlr4,0.9,0.5,org.antlr.v4.tool.Grammar,720,0,0,0,0,0,0
Java Logging Rules,method,antlr4,0.9,0.5,org.antlr.v4.tool.Grammar,720,0,0,0,0,0,0
JavaBean Rules,method,antlr4,0.9,0.5,org.antlr.v4.tool.Grammar,720,0,0,0,0,0,0
MigratingToJUnit4 Rules,method,antlr4,0.9,0.5,org.antlr.v4.tool.Grammar,720,0,0,0,0,0,0
Migration Rules,method,antlr4,0.9,0.5,org.antlr.v4.tool.Grammar,720,0,0,0,0,0,0
Migration13 Rules,method,antlr4,0.9,0.5,org.antlr.v4.tool.Grammar,720,0,0,0,0,0,0
Migration14 Rules,method,antlr4,0.9,0.5,org.antlr.v4.tool.Grammar,720,0,0,0,0,0,0
Migration15 Rules,method,antlr4,0.9,0.5,org.antlr.v4.tool.Grammar,720,0,0,0,0,0,0
Naming Rules,method,antlr4,0.9,0.5,org.antlr.v4.tool.Grammar,720,0,0,0,0,0,0
Optimization Rules,method,antlr4,0.9,0.5,org.antlr.v4.tool.Grammar,720,0,0,0,0,0,0
Security Code Guideline Rules,method,antlr4,0.9,0.5,org.antlr.v4.tool.Grammar,720,0,0,0,0,0,0
Strict Exception Rules,method,antlr4,0.9,0.5,org.antlr.v4.tool.Grammar,720,0,0,0,0,0,0
String and StringBuffer Rules,method,antlr4,0.9,0.5,org.antlr.v4.tool.Grammar,720,0,0,0,0,0,0
Type Resolution Rules,method,antlr4,0.9,0.5,org.antlr.v4.tool.Grammar,720,0,0,0,0,0,0
Unnecessary and Unused Code Rules,method,antlr4,0.9,0.5,org.antlr.v4.tool.Grammar,720,0,0,0,0,0,0
Vulnerability Rules,method,antlr4,0.9,0.5,org.antlr.v4.tool.Grammar,720,0,0,0,0,0,0
CC,method,antlr4,0.9,0.5,org.antlr.v4.codegen.ActionTranslator,432,0,0,0,1,1,1
CCL,method,antlr4,0.9,0.5,org.antlr.v4.codegen.ActionTranslator,432,0,0,0,1,1,1
CCO,method,antlr4,0.9,0.5,org.antlr.v4.codegen.ActionTranslator,432,0,0,0,1,1,1
CI,method,antlr4,0.9,0.5,org.antlr.v4.codegen.ActionTranslator,432,0,0,0,1,1,1
CLC,method,antlr4,0.9,0.5,org.antlr.v4.codegen.ActionTranslator,432,0,0,0,1,1,1
CLLC,method,antlr4,0.9,0.5,org.antlr.v4.codegen.ActionTranslator,432,0,0,0,1,1,1
LDC,method,antlr4,0.9,0.5,org.antlr.v4.codegen.ActionTranslator,432,0,0,0,1,1,1
LLDC,method,antlr4,0.9,0.5,org.antlr.v4.codegen.ActionTranslator,432,0,0,0,1,1,1
HCPL,method,antlr4,0.9,0.5,org.antlr.v4.codegen.ActionTranslator,432,1,1,1,1,1,1
HDIF,method,antlr4,0.9,0.5,org.antlr.v4.codegen.ActionTranslator,432,1,1,1,1,1,1
HEFF,method,antlr4,0.9,0.5,org.antlr.v4.codegen.ActionTranslator,432,1,1,1,1,1,1
HNDB,method,antlr4,0.9,0.5,org.antlr.v4.codegen.ActionTranslator,432,1,1,1,1,1,1
HPL,method,antlr4,0.9,0.5,org.antlr.v4.codegen.ActionTranslator,432,1,1,1,1,1,1
HPV,method,antlr4,0.9,0.5,org.antlr.v4.codegen.ActionTranslator,432,1,1,1,1,1,1
HTRP,method,antlr4,0.9,0.5,org.antlr.v4.codegen.ActionTranslator,432,1,1,1,1,1,1
HVOL,method,antlr4,0.9,0.5,org.antlr.v4.codegen.ActionTranslator,432,1,1,1,1,1,1
MI,method,antlr4,0.9,0.5,org.antlr.v4.codegen.ActionTranslator,432,1,1,1,1,1,1
MIMS,method,antlr4,0.9,0.5,org.antlr.v4.codegen.ActionTranslator,432,1,1,1,1,1,1
MISEI,method,antlr4,0.9,0.5,org.antlr.v4.codegen.ActionTranslator,432,1,1,1,1,1,1
MISM,method,antlr4,0.9,0.5,org.antlr.v4.codegen.ActionTranslator,432,1,1,1,1,1,1
McCC,method,antlr4,0.9,0.5,org.antlr.v4.codegen.ActionTranslator,432,1,1,1,1,1,1
NL,method,antlr4,0.9,0.5,org.antlr.v4.codegen.ActionTranslator,432,1,1,1,1,1,1
NLE,method,antlr4,0.9,0.5,org.antlr.v4.codegen.ActionTranslator,432,1,1,1,1,1,1
NII,method,antlr4,0.9,0.5,org.antlr.v4.codegen.ActionTranslator,432,1,1,1,1,1,1
NOI,method,antlr4,0.9,0.5,org.antlr.v4.codegen.ActionTranslator,432,1,1,1,1,1,1
CD,method,antlr4,0.9,0.5,org.antlr.v4.codegen.ActionTranslator,432,1,1,1,1,1,1
CLOC,method,antlr4,0.9,0.5,org.antlr.v4.codegen.ActionTranslator,432,1,1,1,1,1,1
DLOC,method,antlr4,0.9,0.5,org.antlr.v4.codegen.ActionTranslator,432,0,0,0,1,1,1
TCD,method,antlr4,0.9,0.5,org.antlr.v4.codegen.ActionTranslator,432,1,1,1,1,1,1
TCLOC,method,antlr4,0.9,0.5,org.antlr.v4.codegen.ActionTranslator,432,1,1,1,1,1,1
LLOC,method,antlr4,0.9,0.5,org.antlr.v4.codegen.ActionTranslator,432,1,1,1,1,1,1
LOC,method,antlr4,0.9,0.5,org.antlr.v4.codegen.ActionTranslator,432,1,1,1,1,1,1
NOS,method,antlr4,0.9,0.5,org.antlr.v4.codegen.ActionTranslator,432,0,0,0,1,1,1
NUMPAR,method,antlr4,0.9,0.5,org.antlr.v4.codegen.ActionTranslator,432,1,1,1,1,1,1
TLLOC,method,antlr4,0.9,0.5,org.antlr.v4.codegen.ActionTranslator,432,1,1,1,1,1,1
TLOC,method,antlr4,0.9,0.5,org.antlr.v4.codegen.ActionTranslator,432,1,1,1,1,1,1
TNOS,method,antlr4,0.9,0.5,org.antlr.v4.codegen.ActionTranslator,432,0,0,0,0,0,0
WarningBlocker,method,antlr4,0.9,0.5,org.antlr.v4.codegen.ActionTranslator,432,0,0,0,0,0,0
WarningCritical,method,antlr4,0.9,0.5,org.antlr.v4.codegen.ActionTranslator,432,0,0,0,0,0,0
WarningInfo,method,antlr4,0.9,0.5,org.antlr.v4.codegen.ActionTranslator,432,0,0,0,0,0,0
WarningMajor,method,antlr4,0.9,0.5,org.antlr.v4.codegen.ActionTranslator,432,0,0,0,0,0,0
WarningMinor,method,antlr4,0.9,0.5,org.antlr.v4.codegen.ActionTranslator,432,0,0,0,0,0,0
Android Rules,method,antlr4,0.9,0.5,org.antlr.v4.codegen.ActionTranslator,432,0,0,0,0,0,0
Basic Rules,method,antlr4,0.9,0.5,org.antlr.v4.codegen.ActionTranslator,432,0,0,0,0,0,0
Brace Rules,method,antlr4,0.9,0.5,org.antlr.v4.codegen.ActionTranslator,432,0,0,0,0,0,0
Clone Implementation Rules,method,antlr4,0.9,0.5,org.antlr.v4.codegen.ActionTranslator,432,0,0,0,0,0,0
Code Size Rules,method,antlr4,0.9,0.5,org.antlr.v4.codegen.ActionTranslator,432,0,0,0,0,0,0
Comment Rules,method,antlr4,0.9,0.5,org.antlr.v4.codegen.ActionTranslator,432,0,0,0,0,0,0
Controversial Rules,method,antlr4,0.9,0.5,org.antlr.v4.codegen.ActionTranslator,432,0,0,0,0,0,0
Coupling Rules,method,antlr4,0.9,0.5,org.antlr.v4.codegen.ActionTranslator,432,0,0,0,0,0,0
Design Rules,method,antlr4,0.9,0.5,org.antlr.v4.codegen.ActionTranslator,432,0,0,0,0,0,0
Empty Code Rules,method,antlr4,0.9,0.5,org.antlr.v4.codegen.ActionTranslator,432,0,0,0,0,0,0
Finalizer Rules,method,antlr4,0.9,0.5,org.antlr.v4.codegen.ActionTranslator,432,0,0,0,0,0,0
Import Statement Rules,method,antlr4,0.9,0.5,org.antlr.v4.codegen.ActionTranslator,432,0,0,0,0,0,0
J2EE Rules,method,antlr4,0.9,0.5,org.antlr.v4.codegen.ActionTranslator,432,0,0,0,0,0,0
JUnit Rules,method,antlr4,0.9,0.5,org.antlr.v4.codegen.ActionTranslator,432,0,0,0,0,0,0
Jakarta Commons Logging Rules,method,antlr4,0.9,0.5,org.antlr.v4.codegen.ActionTranslator,432,0,0,0,0,0,0
Java Logging Rules,method,antlr4,0.9,0.5,org.antlr.v4.codegen.ActionTranslator,432,0,0,0,0,0,0
JavaBean Rules,method,antlr4,0.9,0.5,org.antlr.v4.codegen.ActionTranslator,432,0,0,0,0,0,0
MigratingToJUnit4 Rules,method,antlr4,0.9,0.5,org.antlr.v4.codegen.ActionTranslator,432,0,0,0,0,0,0
Migration Rules,method,antlr4,0.9,0.5,org.antlr.v4.codegen.ActionTranslator,432,0,0,0,0,0,0
Migration13 Rules,method,antlr4,0.9,0.5,org.antlr.v4.codegen.ActionTranslator,432,0,0,0,0,0,0
Migration14 Rules,method,antlr4,0.9,0.5,org.antlr.v4.codegen.ActionTranslator,432,0,0,0,0,0,0
Migration15 Rules,method,antlr4,0.9,0.5,org.antlr.v4.codegen.ActionTranslator,432,0,0,0,0,0,0
Naming Rules,method,antlr4,0.9,0.5,org.antlr.v4.codegen.ActionTranslator,432,0,0,0,0,0,0
Optimization Rules,method,antlr4,0.9,0.5,org.antlr.v4.codegen.ActionTranslator,432,0,0,0,0,0,0
Security Code Guideline Rules,method,antlr4,0.9,0.5,org.antlr.v4.codegen.ActionTranslator,432,0,0,0,0,0,0
Strict Exception Rules,method,antlr4,0.9,0.5,org.antlr.v4.codegen.ActionTranslator,432,0,0,0,0,0,0
String and StringBuffer Rules,method,antlr4,0.9,0.5,org.antlr.v4.codegen.ActionTranslator,432,0,0,0,0,0,0
Type Resolution Rules,method,antlr4,0.9,0.5,org.antlr.v4.codegen.ActionTranslator,432,0,0,0,0,0,0
Unnecessary and Unused Code Rules,method,antlr4,0.9,0.5,org.antlr.v4.codegen.ActionTranslator,432,0,0,0,0,0,0
Vulnerability Rules,method,antlr4,0.9,0.5,org.antlr.v4.codegen.ActionTranslator,432,0,0,0,0,0,0
CC,method,antlr4,0.9,0.5,org.antlr.v4.runtime.ParserRuleContext,288,0,0,0,1,1,1
CCL,method,antlr4,0.9,0.5,org.antlr.v4.runtime.ParserRuleContext,288,0,0,0,1,1,1
CCO,method,antlr4,0.9,0.5,org.antlr.v4.runtime.ParserRuleContext,288,0,0,0,1,1,1
CI,method,antlr4,0.9,0.5,org.antlr.v4.runtime.ParserRuleContext,288,0,0,0,1,1,1
CLC,method,antlr4,0.9,0.5,org.antlr.v4.runtime.ParserRuleContext,288,0,0,0,1,1,1
CLLC,method,antlr4,0.9,0.5,org.antlr.v4.runtime.ParserRuleContext,288,0,0,0,1,1,1
LDC,method,antlr4,0.9,0.5,org.antlr.v4.runtime.ParserRuleContext,288,0,0,0,1,1,1
LLDC,method,antlr4,0.9,0.5,org.antlr.v4.runtime.ParserRuleContext,288,0,0,0,1,1,1
HCPL,method,antlr4,0.9,0.5,org.antlr.v4.runtime.ParserRuleContext,288,1,1,1,1,1,1
HDIF,method,antlr4,0.9,0.5,org.antlr.v4.runtime.ParserRuleContext,288,1,1,1,1,1,1
HEFF,method,antlr4,0.9,0.5,org.antlr.v4.runtime.ParserRuleContext,288,1,1,1,1,1,1
HNDB,method,antlr4,0.9,0.5,org.antlr.v4.runtime.ParserRuleContext,288,1,1,1,1,1,1
HPL,method,antlr4,0.9,0.5,org.antlr.v4.runtime.ParserRuleContext,288,1,1,1,1,1,1
HPV,method,antlr4,0.9,0.5,org.antlr.v4.runtime.ParserRuleContext,288,1,1,1,1,1,1
HTRP,method,antlr4,0.9,0.5,org.antlr.v4.runtime.ParserRuleContext,288,1,1,1,1,1,1
HVOL,method,antlr4,0.9,0.5,org.antlr.v4.runtime.ParserRuleContext,288,1,1,1,1,1,1
MI,method,antlr4,0.9,0.5,org.antlr.v4.runtime.ParserRuleContext,288,1,1,1,1,1,1
MIMS,method,antlr4,0.9,0.5,org.antlr.v4.runtime.ParserRuleContext,288,1,1,1,1,1,1
MISEI,method,antlr4,0.9,0.5,org.antlr.v4.runtime.ParserRuleContext,288,1,1,1,1,1,1
MISM,method,antlr4,0.9,0.5,org.antlr.v4.runtime.ParserRuleContext,288,1,1,1,1,1,1
McCC,method,antlr4,0.9,0.5,org.antlr.v4.runtime.ParserRuleContext,288,1,1,1,1,1,1
NL,method,antlr4,0.9,0.5,org.antlr.v4.runtime.ParserRuleContext,288,1,1,1,1,1,1
NLE,method,antlr4,0.9,0.5,org.antlr.v4.runtime.ParserRuleContext,288,1,1,1,1,1,1
NII,method,antlr4,0.9,0.5,org.antlr.v4.runtime.ParserRuleContext,288,0,0,0,1,1,1
NOI,method,antlr4,0.9,0.5,org.antlr.v4.runtime.ParserRuleContext,288,1,1,1,1,1,1
CD,method,antlr4,0.9,0.5,org.antlr.v4.runtime.ParserRuleContext,288,1,1,1,1,1,1
CLOC,method,antlr4,0.9,0.5,org.antlr.v4.runtime.ParserRuleContext,288,1,1,1,1,1,1
DLOC,method,antlr4,0.9,0.5,org.antlr.v4.runtime.ParserRuleContext,288,1,1,1,1,1,1
TCD,method,antlr4,0.9,0.5,org.antlr.v4.runtime.ParserRuleContext,288,1,1,1,1,1,1
TCLOC,method,antlr4,0.9,0.5,org.antlr.v4.runtime.ParserRuleContext,288,1,1,1,1,1,1
LLOC,method,antlr4,0.9,0.5,org.antlr.v4.runtime.ParserRuleContext,288,1,1,1,1,1,1
LOC,method,antlr4,0.9,0.5,org.antlr.v4.runtime.ParserRuleContext,288,1,1,1,1,1,1
NOS,method,antlr4,0.9,0.5,org.antlr.v4.runtime.ParserRuleContext,288,1,1,1,1,1,1
NUMPAR,method,antlr4,0.9,0.5,org.antlr.v4.runtime.ParserRuleContext,288,1,1,1,1,1,1
TLLOC,method,antlr4,0.9,0.5,org.antlr.v4.runtime.ParserRuleContext,288,1,1,1,1,1,1
TLOC,method,antlr4,0.9,0.5,org.antlr.v4.runtime.ParserRuleContext,288,1,1,1,1,1,1
TNOS,method,antlr4,0.9,0.5,org.antlr.v4.runtime.ParserRuleContext,288,0,0,0,0,0,0
WarningBlocker,method,antlr4,0.9,0.5,org.antlr.v4.runtime.ParserRuleContext,288,0,0,0,0,0,0
WarningCritical,method,antlr4,0.9,0.5,org.antlr.v4.runtime.ParserRuleContext,288,0,0,0,0,0,0
WarningInfo,method,antlr4,0.9,0.5,org.antlr.v4.runtime.ParserRuleContext,288,0,0,0,0,0,0
WarningMajor,method,antlr4,0.9,0.5,org.antlr.v4.runtime.ParserRuleContext,288,0,0,0,0,0,0
WarningMinor,method,antlr4,0.9,0.5,org.antlr.v4.runtime.ParserRuleContext,288,0,0,0,0,0,0
Android Rules,method,antlr4,0.9,0.5,org.antlr.v4.runtime.ParserRuleContext,288,0,0,0,0,0,0
Basic Rules,method,antlr4,0.9,0.5,org.antlr.v4.runtime.ParserRuleContext,288,0,0,0,0,0,0
Brace Rules,method,antlr4,0.9,0.5,org.antlr.v4.runtime.ParserRuleContext,288,0,0,0,0,0,0
Clone Implementation Rules,method,antlr4,0.9,0.5,org.antlr.v4.runtime.ParserRuleContext,288,0,0,0,0,0,0
Code Size Rules,method,antlr4,0.9,0.5,org.antlr.v4.runtime.ParserRuleContext,288,0,0,0,0,0,0
Comment Rules,method,antlr4,0.9,0.5,org.antlr.v4.runtime.ParserRuleContext,288,0,0,0,0,0,0
Controversial Rules,method,antlr4,0.9,0.5,org.antlr.v4.runtime.ParserRuleContext,288,0,0,0,0,0,0
Coupling Rules,method,antlr4,0.9,0.5,org.antlr.v4.runtime.ParserRuleContext,288,0,0,0,0,0,0
Design Rules,method,antlr4,0.9,0.5,org.antlr.v4.runtime.ParserRuleContext,288,0,0,0,0,0,0
Empty Code Rules,method,antlr4,0.9,0.5,org.antlr.v4.runtime.ParserRuleContext,288,0,0,0,0,0,0
Finalizer Rules,method,antlr4,0.9,0.5,org.antlr.v4.runtime.ParserRuleContext,288,0,0,0,0,0,0
Import Statement Rules,method,antlr4,0.9,0.5,org.antlr.v4.runtime.ParserRuleContext,288,0,0,0,0,0,0
J2EE Rules,method,antlr4,0.9,0.5,org.antlr.v4.runtime.ParserRuleContext,288,0,0,0,0,0,0
JUnit Rules,method,antlr4,0.9,0.5,org.antlr.v4.runtime.ParserRuleContext,288,0,0,0,0,0,0
Jakarta Commons Logging Rules,method,antlr4,0.9,0.5,org.antlr.v4.runtime.ParserRuleContext,288,0,0,0,0,0,0
Java Logging Rules,method,antlr4,0.9,0.5,org.antlr.v4.runtime.ParserRuleContext,288,0,0,0,0,0,0
JavaBean Rules,method,antlr4,0.9,0.5,org.antlr.v4.runtime.ParserRuleContext,288,0,0,0,0,0,0
MigratingToJUnit4 Rules,method,antlr4,0.9,0.5,org.antlr.v4.runtime.ParserRuleContext,288,0,0,0,0,0,0
Migration Rules,method,antlr4,0.9,0.5,org.antlr.v4.runtime.ParserRuleContext,288,0,0,0,0,0,0
Migration13 Rules,method,antlr4,0.9,0.5,org.antlr.v4.runtime.ParserRuleContext,288,0,0,0,0,0,0
Migration14 Rules,method,antlr4,0.9,0.5,org.antlr.v4.runtime.ParserRuleContext,288,0,0,0,0,0,0
Migration15 Rules,method,antlr4,0.9,0.5,org.antlr.v4.runtime.ParserRuleContext,288,0,0,0,0,0,0
Naming Rules,method,antlr4,0.9,0.5,org.antlr.v4.runtime.ParserRuleContext,288,0,0,0,0,0,0
Optimization Rules,method,antlr4,0.9,0.5,org.antlr.v4.runtime.ParserRuleContext,288,0,0,0,0,0,0
Security Code Guideline Rules,method,antlr4,0.9,0.5,org.antlr.v4.runtime.ParserRuleContext,288,0,0,0,0,0,0
Strict Exception Rules,method,antlr4,0.9,0.5,org.antlr.v4.runtime.ParserRuleContext,288,0,0,0,0,0,0
String and StringBuffer Rules,method,antlr4,0.9,0.5,org.antlr.v4.runtime.ParserRuleContext,288,0,0,0,0,0,0
Type Resolution Rules,method,antlr4,0.9,0.5,org.antlr.v4.runtime.ParserRuleContext,288,0,0,0,0,0,0
Unnecessary and Unused Code Rules,method,antlr4,0.9,0.5,org.antlr.v4.runtime.ParserRuleContext,288,0,0,0,0,0,0
Vulnerability Rules,method,antlr4,0.9,0.5,org.antlr.v4.runtime.ParserRuleContext,288,0,0,0,0,0,0
CC,method,antlr4,0.9,0.5,org.antlr.v4.tool.ast.GrammarAST,288,0,0,0,1,1,1
CCL,method,antlr4,0.9,0.5,org.antlr.v4.tool.ast.GrammarAST,288,0,0,0,1,1,1
CCO,method,antlr4,0.9,0.5,org.antlr.v4.tool.ast.GrammarAST,288,0,0,0,1,1,1
CI,method,antlr4,0.9,0.5,org.antlr.v4.tool.ast.GrammarAST,288,0,0,0,1,1,1
CLC,method,antlr4,0.9,0.5,org.antlr.v4.tool.ast.GrammarAST,288,0,0,0,1,1,1
CLLC,method,antlr4,0.9,0.5,org.antlr.v4.tool.ast.GrammarAST,288,0,0,0,1,1,1
LDC,method,antlr4,0.9,0.5,org.antlr.v4.tool.ast.GrammarAST,288,0,0,0,1,1,1
LLDC,method,antlr4,0.9,0.5,org.antlr.v4.tool.ast.GrammarAST,288,0,0,0,1,1,1
HCPL,method,antlr4,0.9,0.5,org.antlr.v4.tool.ast.GrammarAST,288,1,1,1,1,1,1
HDIF,method,antlr4,0.9,0.5,org.antlr.v4.tool.ast.GrammarAST,288,1,1,1,1,1,1
HEFF,method,antlr4,0.9,0.5,org.antlr.v4.tool.ast.GrammarAST,288,1,1,1,1,1,1
HNDB,method,antlr4,0.9,0.5,org.antlr.v4.tool.ast.GrammarAST,288,1,1,1,1,1,1
HPL,method,antlr4,0.9,0.5,org.antlr.v4.tool.ast.GrammarAST,288,1,1,1,1,1,1
HPV,method,antlr4,0.9,0.5,org.antlr.v4.tool.ast.GrammarAST,288,1,1,1,1,1,1
HTRP,method,antlr4,0.9,0.5,org.antlr.v4.tool.ast.GrammarAST,288,1,1,1,1,1,1
HVOL,method,antlr4,0.9,0.5,org.antlr.v4.tool.ast.GrammarAST,288,1,1,1,1,1,1
MI,method,antlr4,0.9,0.5,org.antlr.v4.tool.ast.GrammarAST,288,1,1,1,1,1,1
MIMS,method,antlr4,0.9,0.5,org.antlr.v4.tool.ast.GrammarAST,288,1,1,1,1,1,1
MISEI,method,antlr4,0.9,0.5,org.antlr.v4.tool.ast.GrammarAST,288,1,1,1,1,1,1
MISM,method,antlr4,0.9,0.5,org.antlr.v4.tool.ast.GrammarAST,288,1,1,1,1,1,1
McCC,method,antlr4,0.9,0.5,org.antlr.v4.tool.ast.GrammarAST,288,0,0,0,1,1,1
NL,method,antlr4,0.9,0.5,org.antlr.v4.tool.ast.GrammarAST,288,0,0,0,1,1,1
NLE,method,antlr4,0.9,0.5,org.antlr.v4.tool.ast.GrammarAST,288,0,0,0,1,1,1
NII,method,antlr4,0.9,0.5,org.antlr.v4.tool.ast.GrammarAST,288,1,1,1,1,1,1
NOI,method,antlr4,0.9,0.5,org.antlr.v4.tool.ast.GrammarAST,288,0,0,0,1,1,1
CD,method,antlr4,0.9,0.5,org.antlr.v4.tool.ast.GrammarAST,288,0,0,0,1,1,1
CLOC,method,antlr4,0.9,0.5,org.antlr.v4.tool.ast.GrammarAST,288,0,0,0,1,1,1
DLOC,method,antlr4,0.9,0.5,org.antlr.v4.tool.ast.GrammarAST,288,0,0,0,1,1,1
TCD,method,antlr4,0.9,0.5,org.antlr.v4.tool.ast.GrammarAST,288,0,0,0,1,1,1
TCLOC,method,antlr4,0.9,0.5,org.antlr.v4.tool.ast.GrammarAST,288,0,0,0,1,1,1
LLOC,method,antlr4,0.9,0.5,org.antlr.v4.tool.ast.GrammarAST,288,1,1,1,1,1,1
LOC,method,antlr4,0.9,0.5,org.antlr.v4.tool.ast.GrammarAST,288,1,1,1,1,1,1
NOS,method,antlr4,0.9,0.5,org.antlr.v4.tool.ast.GrammarAST,288,1,1,1,1,1,1
NUMPAR,method,antlr4,0.9,0.5,org.antlr.v4.tool.ast.GrammarAST,288,1,1,1,1,1,1
TLLOC,method,antlr4,0.9,0.5,org.antlr.v4.tool.ast.GrammarAST,288,1,1,1,1,1,1
TLOC,method,antlr4,0.9,0.5,org.antlr.v4.tool.ast.GrammarAST,288,1,1,1,1,1,1
TNOS,method,antlr4,0.9,0.5,org.antlr.v4.tool.ast.GrammarAST,288,0,0,0,0,0,0
WarningBlocker,method,antlr4,0.9,0.5,org.antlr.v4.tool.ast.GrammarAST,288,0,0,0,0,0,0
WarningCritical,method,antlr4,0.9,0.5,org.antlr.v4.tool.ast.GrammarAST,288,0,0,0,0,0,0
WarningInfo,method,antlr4,0.9,0.5,org.antlr.v4.tool.ast.GrammarAST,288,0,0,0,0,0,0
WarningMajor,method,antlr4,0.9,0.5,org.antlr.v4.tool.ast.GrammarAST,288,0,0,0,0,0,0
WarningMinor,method,antlr4,0.9,0.5,org.antlr.v4.tool.ast.GrammarAST,288,0,0,0,0,0,0
Android Rules,method,antlr4,0.9,0.5,org.antlr.v4.tool.ast.GrammarAST,288,0,0,0,0,0,0
Basic Rules,method,antlr4,0.9,0.5,org.antlr.v4.tool.ast.GrammarAST,288,0,0,0,0,0,0
Brace Rules,method,antlr4,0.9,0.5,org.antlr.v4.tool.ast.GrammarAST,288,0,0,0,0,0,0
Clone Implementation Rules,method,antlr4,0.9,0.5,org.antlr.v4.tool.ast.GrammarAST,288,0,0,0,0,0,0
Code Size Rules,method,antlr4,0.9,0.5,org.antlr.v4.tool.ast.GrammarAST,288,0,0,0,0,0,0
Comment Rules,method,antlr4,0.9,0.5,org.antlr.v4.tool.ast.GrammarAST,288,0,0,0,0,0,0
Controversial Rules,method,antlr4,0.9,0.5,org.antlr.v4.tool.ast.GrammarAST,288,0,0,0,0,0,0
Coupling Rules,method,antlr4,0.9,0.5,org.antlr.v4.tool.ast.GrammarAST,288,0,0,0,0,0,0
Design Rules,method,antlr4,0.9,0.5,org.antlr.v4.tool.ast.GrammarAST,288,0,0,0,0,0,0
Empty Code Rules,method,antlr4,0.9,0.5,org.antlr.v4.tool.ast.GrammarAST,288,0,0,0,0,0,0
Finalizer Rules,method,antlr4,0.9,0.5,org.antlr.v4.tool.ast.GrammarAST,288,0,0,0,0,0,0
Import Statement Rules,method,antlr4,0.9,0.5,org.antlr.v4.tool.ast.GrammarAST,288,0,0,0,0,0,0
J2EE Rules,method,antlr4,0.9,0.5,org.antlr.v4.tool.ast.GrammarAST,288,0,0,0,0,0,0
JUnit Rules,method,antlr4,0.9,0.5,org.antlr.v4.tool.ast.GrammarAST,288,0,0,0,0,0,0
Jakarta Commons Logging Rules,method,antlr4,0.9,0.5,org.antlr.v4.tool.ast.GrammarAST,288,0,0,0,0,0,0
Java Logging Rules,method,antlr4,0.9,0.5,org.antlr.v4.tool.ast.GrammarAST,288,0,0,0,0,0,0
JavaBean Rules,method,antlr4,0.9,0.5,org.antlr.v4.tool.ast.GrammarAST,288,0,0,0,0,0,0
MigratingToJUnit4 Rules,method,antlr4,0.9,0.5,org.antlr.v4.tool.ast.GrammarAST,288,0,0,0,0,0,0
Migration Rules,method,antlr4,0.9,0.5,org.antlr.v4.tool.ast.GrammarAST,288,0,0,0,0,0,0
Migration13 Rules,method,antlr4,0.9,0.5,org.antlr.v4.tool.ast.GrammarAST,288,0,0,0,0,0,0
Migration14 Rules,method,antlr4,0.9,0.5,org.antlr.v4.tool.ast.GrammarAST,288,0,0,0,0,0,0
Migration15 Rules,method,antlr4,0.9,0.5,org.antlr.v4.tool.ast.GrammarAST,288,0,0,0,0,0,0
Naming Rules,method,antlr4,0.9,0.5,org.antlr.v4.tool.ast.GrammarAST,288,0,0,0,0,0,0
Optimization Rules,method,antlr4,0.9,0.5,org.antlr.v4.tool.ast.GrammarAST,288,0,0,0,0,0,0
Security Code Guideline Rules,method,antlr4,0.9,0.5,org.antlr.v4.tool.ast.GrammarAST,288,0,0,0,0,0,0
Strict Exception Rules,method,antlr4,0.9,0.5,org.antlr.v4.tool.ast.GrammarAST,288,0,0,0,0,0,0
String and StringBuffer Rules,method,antlr4,0.9,0.5,org.antlr.v4.tool.ast.GrammarAST,288,0,0,0,0,0,0
Type Resolution Rules,method,antlr4,0.9,0.5,org.antlr.v4.tool.ast.GrammarAST,288,0,0,0,0,0,0
Unnecessary and Unused Code Rules,method,antlr4,0.9,0.5,org.antlr.v4.tool.ast.GrammarAST,288,0,0,0,0,0,0
Vulnerability Rules,method,antlr4,0.9,0.5,org.antlr.v4.tool.ast.GrammarAST,288,0,0,0,0,0,0
CC,method,antlr4,0.9,0.5,org.antlr.v4.runtime.Recognizer,288,0,0,0,1,1,1
CCL,method,antlr4,0.9,0.5,org.antlr.v4.runtime.Recognizer,288,0,0,0,1,1,1
CCO,method,antlr4,0.9,0.5,org.antlr.v4.runtime.Recognizer,288,0,0,0,1,1,1
CI,method,antlr4,0.9,0.5,org.antlr.v4.runtime.Recognizer,288,0,0,0,1,1,1
CLC,method,antlr4,0.9,0.5,org.antlr.v4.runtime.Recognizer,288,0,0,0,1,1,1
CLLC,method,antlr4,0.9,0.5,org.antlr.v4.runtime.Recognizer,288,0,0,0,1,1,1
LDC,method,antlr4,0.9,0.5,org.antlr.v4.runtime.Recognizer,288,0,0,0,1,1,1
LLDC,method,antlr4,0.9,0.5,org.antlr.v4.runtime.Recognizer,288,0,0,0,1,1,1
HCPL,method,antlr4,0.9,0.5,org.antlr.v4.runtime.Recognizer,288,1,1,1,1,1,1
HDIF,method,antlr4,0.9,0.5,org.antlr.v4.runtime.Recognizer,288,1,1,1,1,1,1
HEFF,method,antlr4,0.9,0.5,org.antlr.v4.runtime.Recognizer,288,1,1,1,1,1,1
HNDB,method,antlr4,0.9,0.5,org.antlr.v4.runtime.Recognizer,288,1,1,1,1,1,1
HPL,method,antlr4,0.9,0.5,org.antlr.v4.runtime.Recognizer,288,1,1,1,1,1,1
HPV,method,antlr4,0.9,0.5,org.antlr.v4.runtime.Recognizer,288,1,1,1,1,1,1
HTRP,method,antlr4,0.9,0.5,org.antlr.v4.runtime.Recognizer,288,1,1,1,1,1,1
HVOL,method,antlr4,0.9,0.5,org.antlr.v4.runtime.Recognizer,288,1,1,1,1,1,1
MI,method,antlr4,0.9,0.5,org.antlr.v4.runtime.Recognizer,288,1,1,1,1,1,1
MIMS,method,antlr4,0.9,0.5,org.antlr.v4.runtime.Recognizer,288,1,1,1,1,1,1
MISEI,method,antlr4,0.9,0.5,org.antlr.v4.runtime.Recognizer,288,1,1,1,1,1,1
MISM,method,antlr4,0.9,0.5,org.antlr.v4.runtime.Recognizer,288,1,1,1,1,1,1
McCC,method,antlr4,0.9,0.5,org.antlr.v4.runtime.Recognizer,288,1,1,1,1,1,1
NL,method,antlr4,0.9,0.5,org.antlr.v4.runtime.Recognizer,288,1,1,1,1,1,1
NLE,method,antlr4,0.9,0.5,org.antlr.v4.runtime.Recognizer,288,1,1,1,1,1,1
NII,method,antlr4,0.9,0.5,org.antlr.v4.runtime.Recognizer,288,1,1,1,1,1,1
NOI,method,antlr4,0.9,0.5,org.antlr.v4.runtime.Recognizer,288,1,1,1,1,1,1
CD,method,antlr4,0.9,0.5,org.antlr.v4.runtime.Recognizer,288,1,1,1,1,1,1
CLOC,method,antlr4,0.9,0.5,org.antlr.v4.runtime.Recognizer,288,1,1,1,1,1,1
DLOC,method,antlr4,0.9,0.5,org.antlr.v4.runtime.Recognizer,288,1,1,1,1,1,1
TCD,method,antlr4,0.9,0.5,org.antlr.v4.runtime.Recognizer,288,1,1,1,1,1,1
TCLOC,method,antlr4,0.9,0.5,org.antlr.v4.runtime.Recognizer,288,1,1,1,1,1,1
LLOC,method,antlr4,0.9,0.5,org.antlr.v4.runtime.Recognizer,288,1,1,1,1,1,1
LOC,method,antlr4,0.9,0.5,org.antlr.v4.runtime.Recognizer,288,1,1,1,1,1,1
NOS,method,antlr4,0.9,0.5,org.antlr.v4.runtime.Recognizer,288,1,1,1,1,1,1
NUMPAR,method,antlr4,0.9,0.5,org.antlr.v4.runtime.Recognizer,288,1,1,1,1,1,1
TLLOC,method,antlr4,0.9,0.5,org.antlr.v4.runtime.Recognizer,288,1,1,1,1,1,1
TLOC,method,antlr4,0.9,0.5,org.antlr.v4.runtime.Recognizer,288,1,1,1,1,1,1
TNOS,method,antlr4,0.9,0.5,org.antlr.v4.runtime.Recognizer,288,0,0,0,0,0,0
WarningBlocker,method,antlr4,0.9,0.5,org.antlr.v4.runtime.Recognizer,288,0,0,0,0,0,0
WarningCritical,method,antlr4,0.9,0.5,org.antlr.v4.runtime.Recognizer,288,0,0,0,0,0,0
WarningInfo,method,antlr4,0.9,0.5,org.antlr.v4.runtime.Recognizer,288,0,0,0,0,0,0
WarningMajor,method,antlr4,0.9,0.5,org.antlr.v4.runtime.Recognizer,288,0,0,0,0,0,0
WarningMinor,method,antlr4,0.9,0.5,org.antlr.v4.runtime.Recognizer,288,0,0,0,0,0,0
Android Rules,method,antlr4,0.9,0.5,org.antlr.v4.runtime.Recognizer,288,0,0,0,0,0,0
Basic Rules,method,antlr4,0.9,0.5,org.antlr.v4.runtime.Recognizer,288,0,0,0,0,0,0
Brace Rules,method,antlr4,0.9,0.5,org.antlr.v4.runtime.Recognizer,288,0,0,0,0,0,0
Clone Implementation Rules,method,antlr4,0.9,0.5,org.antlr.v4.runtime.Recognizer,288,0,0,0,0,0,0
Code Size Rules,method,antlr4,0.9,0.5,org.antlr.v4.runtime.Recognizer,288,0,0,0,0,0,0
Comment Rules,method,antlr4,0.9,0.5,org.antlr.v4.runtime.Recognizer,288,0,0,0,0,0,0
Controversial Rules,method,antlr4,0.9,0.5,org.antlr.v4.runtime.Recognizer,288,0,0,0,0,0,0
Coupling Rules,method,antlr4,0.9,0.5,org.antlr.v4.runtime.Recognizer,288,0,0,0,0,0,0
Design Rules,method,antlr4,0.9,0.5,org.antlr.v4.runtime.Recognizer,288,0,0,0,0,0,0
Empty Code Rules,method,antlr4,0.9,0.5,org.antlr.v4.runtime.Recognizer,288,0,0,0,0,0,0
Finalizer Rules,method,antlr4,0.9,0.5,org.antlr.v4.runtime.Recognizer,288,0,0,0,0,0,0
Import Statement Rules,method,antlr4,0.9,0.5,org.antlr.v4.runtime.Recognizer,288,0,0,0,0,0,0
J2EE Rules,method,antlr4,0.9,0.5,org.antlr.v4.runtime.Recognizer,288,0,0,0,0,0,0
JUnit Rules,method,antlr4,0.9,0.5,org.antlr.v4.runtime.Recognizer,288,0,0,0,0,0,0
Jakarta Commons Logging Rules,method,antlr4,0.9,0.5,org.antlr.v4.runtime.Recognizer,288,0,0,0,0,0,0
Java Logging Rules,method,antlr4,0.9,0.5,org.antlr.v4.runtime.Recognizer,288,0,0,0,0,0,0
JavaBean Rules,method,antlr4,0.9,0.5,org.antlr.v4.runtime.Recognizer,288,0,0,0,0,0,0
MigratingToJUnit4 Rules,method,antlr4,0.9,0.5,org.antlr.v4.runtime.Recognizer,288,0,0,0,0,0,0
Migration Rules,method,antlr4,0.9,0.5,org.antlr.v4.runtime.Recognizer,288,0,0,0,0,0,0
Migration13 Rules,method,antlr4,0.9,0.5,org.antlr.v4.runtime.Recognizer,288,0,0,0,0,0,0
Migration14 Rules,method,antlr4,0.9,0.5,org.antlr.v4.runtime.Recognizer,288,0,0,0,0,0,0
Migration15 Rules,method,antlr4,0.9,0.5,org.antlr.v4.runtime.Recognizer,288,0,0,0,0,0,0
Naming Rules,method,antlr4,0.9,0.5,org.antlr.v4.runtime.Recognizer,288,0,0,0,0,0,0
Optimization Rules,method,antlr4,0.9,0.5,org.antlr.v4.runtime.Recognizer,288,0,0,0,0,0,0
Security Code Guideline Rules,method,antlr4,0.9,0.5,org.antlr.v4.runtime.Recognizer,288,0,0,0,0,0,0
Strict Exception Rules,method,antlr4,0.9,0.5,org.antlr.v4.runtime.Recognizer,288,0,0,0,0,0,0
String and StringBuffer Rules,method,antlr4,0.9,0.5,org.antlr.v4.runtime.Recognizer,288,0,0,0,0,0,0
Type Resolution Rules,method,antlr4,0.9,0.5,org.antlr.v4.runtime.Recognizer,288,0,0,0,0,0,0
Unnecessary and Unused Code Rules,method,antlr4,0.9,0.5,org.antlr.v4.runtime.Recognizer,288,0,0,0,0,0,0
Vulnerability Rules,method,antlr4,0.9,0.5,org.antlr.v4.runtime.Recognizer,288,0,0,0,0,0,0
CC,method,antlr4,0.9,0.5,org.antlr.v4.runtime.tree.gui.PostScriptDocument,1008,0,0,0,1,1,1
CCL,method,antlr4,0.9,0.5,org.antlr.v4.runtime.tree.gui.PostScriptDocument,1008,0,0,0,1,1,1
CCO,method,antlr4,0.9,0.5,org.antlr.v4.runtime.tree.gui.PostScriptDocument,1008,0,0,0,1,1,1
CI,method,antlr4,0.9,0.5,org.antlr.v4.runtime.tree.gui.PostScriptDocument,1008,0,0,0,1,1,1
CLC,method,antlr4,0.9,0.5,org.antlr.v4.runtime.tree.gui.PostScriptDocument,1008,0,0,0,1,1,1
CLLC,method,antlr4,0.9,0.5,org.antlr.v4.runtime.tree.gui.PostScriptDocument,1008,0,0,0,1,1,1
LDC,method,antlr4,0.9,0.5,org.antlr.v4.runtime.tree.gui.PostScriptDocument,1008,0,0,0,1,1,1
LLDC,method,antlr4,0.9,0.5,org.antlr.v4.runtime.tree.gui.PostScriptDocument,1008,0,0,0,1,1,1
HCPL,method,antlr4,0.9,0.5,org.antlr.v4.runtime.tree.gui.PostScriptDocument,1008,1,1,1,1,1,1
HDIF,method,antlr4,0.9,0.5,org.antlr.v4.runtime.tree.gui.PostScriptDocument,1008,1,1,1,1,1,1
HEFF,method,antlr4,0.9,0.5,org.antlr.v4.runtime.tree.gui.PostScriptDocument,1008,1,1,1,1,1,1
HNDB,method,antlr4,0.9,0.5,org.antlr.v4.runtime.tree.gui.PostScriptDocument,1008,1,1,1,1,1,1
HPL,method,antlr4,0.9,0.5,org.antlr.v4.runtime.tree.gui.PostScriptDocument,1008,1,1,1,1,1,1
HPV,method,antlr4,0.9,0.5,org.antlr.v4.runtime.tree.gui.PostScriptDocument,1008,1,1,1,1,1,1
HTRP,method,antlr4,0.9,0.5,org.antlr.v4.runtime.tree.gui.PostScriptDocument,1008,1,1,1,1,1,1
HVOL,method,antlr4,0.9,0.5,org.antlr.v4.runtime.tree.gui.PostScriptDocument,1008,1,1,1,1,1,1
MI,method,antlr4,0.9,0.5,org.antlr.v4.runtime.tree.gui.PostScriptDocument,1008,1,1,1,1,1,1
MIMS,method,antlr4,0.9,0.5,org.antlr.v4.runtime.tree.gui.PostScriptDocument,1008,1,1,1,1,1,1
MISEI,method,antlr4,0.9,0.5,org.antlr.v4.runtime.tree.gui.PostScriptDocument,1008,1,1,1,1,1,1
MISM,method,antlr4,0.9,0.5,org.antlr.v4.runtime.tree.gui.PostScriptDocument,1008,1,1,1,1,1,1
McCC,method,antlr4,0.9,0.5,org.antlr.v4.runtime.tree.gui.PostScriptDocument,1008,1,1,1,1,1,1
NL,method,antlr4,0.9,0.5,org.antlr.v4.runtime.tree.gui.PostScriptDocument,1008,1,1,1,1,1,1
NLE,method,antlr4,0.9,0.5,org.antlr.v4.runtime.tree.gui.PostScriptDocument,1008,1,1,1,1,1,1
NII,method,antlr4,0.9,0.5,org.antlr.v4.runtime.tree.gui.PostScriptDocument,1008,0,0,0,1,1,1
NOI,method,antlr4,0.9,0.5,org.antlr.v4.runtime.tree.gui.PostScriptDocument,1008,0,0,0,1,1,1
CD,method,antlr4,0.9,0.5,org.antlr.v4.runtime.tree.gui.PostScriptDocument,1008,1,1,1,1,1,1
CLOC,method,antlr4,0.9,0.5,org.antlr.v4.runtime.tree.gui.PostScriptDocument,1008,1,1,1,1,1,1
DLOC,method,antlr4,0.9,0.5,org.antlr.v4.runtime.tree.gui.PostScriptDocument,1008,1,1,1,1,1,1
TCD,method,antlr4,0.9,0.5,org.antlr.v4.runtime.tree.gui.PostScriptDocument,1008,1,1,1,1,1,1
TCLOC,method,antlr4,0.9,0.5,org.antlr.v4.runtime.tree.gui.PostScriptDocument,1008,1,1,1,1,1,1
LLOC,method,antlr4,0.9,0.5,org.antlr.v4.runtime.tree.gui.PostScriptDocument,1008,1,1,1,1,1,1
LOC,method,antlr4,0.9,0.5,org.antlr.v4.runtime.tree.gui.PostScriptDocument,1008,1,1,1,1,1,1
NOS,method,antlr4,0.9,0.5,org.antlr.v4.runtime.tree.gui.PostScriptDocument,1008,1,1,1,1,1,1
NUMPAR,method,antlr4,0.9,0.5,org.antlr.v4.runtime.tree.gui.PostScriptDocument,1008,0,0,0,1,1,1
TLLOC,method,antlr4,0.9,0.5,org.antlr.v4.runtime.tree.gui.PostScriptDocument,1008,1,1,1,1,1,1
TLOC,method,antlr4,0.9,0.5,org.antlr.v4.runtime.tree.gui.PostScriptDocument,1008,1,1,1,1,1,1
TNOS,method,antlr4,0.9,0.5,org.antlr.v4.runtime.tree.gui.PostScriptDocument,1008,0,0,0,0,0,0
WarningBlocker,method,antlr4,0.9,0.5,org.antlr.v4.runtime.tree.gui.PostScriptDocument,1008,0,0,0,0,0,0
WarningCritical,method,antlr4,0.9,0.5,org.antlr.v4.runtime.tree.gui.PostScriptDocument,1008,0,0,0,0,0,0
WarningInfo,method,antlr4,0.9,0.5,org.antlr.v4.runtime.tree.gui.PostScriptDocument,1008,0,0,0,0,0,0
WarningMajor,method,antlr4,0.9,0.5,org.antlr.v4.runtime.tree.gui.PostScriptDocument,1008,0,0,0,0,0,0
WarningMinor,method,antlr4,0.9,0.5,org.antlr.v4.runtime.tree.gui.PostScriptDocument,1008,0,0,0,0,0,0
Android Rules,method,antlr4,0.9,0.5,org.antlr.v4.runtime.tree.gui.PostScriptDocument,1008,0,0,0,0,0,0
Basic Rules,method,antlr4,0.9,0.5,org.antlr.v4.runtime.tree.gui.PostScriptDocument,1008,0,0,0,0,0,0
Brace Rules,method,antlr4,0.9,0.5,org.antlr.v4.runtime.tree.gui.PostScriptDocument,1008,0,0,0,0,0,0
Clone Implementation Rules,method,antlr4,0.9,0.5,org.antlr.v4.runtime.tree.gui.PostScriptDocument,1008,0,0,0,0,0,0
Code Size Rules,method,antlr4,0.9,0.5,org.antlr.v4.runtime.tree.gui.PostScriptDocument,1008,0,0,0,0,0,0
Comment Rules,method,antlr4,0.9,0.5,org.antlr.v4.runtime.tree.gui.PostScriptDocument,1008,0,0,0,0,0,0
Controversial Rules,method,antlr4,0.9,0.5,org.antlr.v4.runtime.tree.gui.PostScriptDocument,1008,0,0,0,0,0,0
Coupling Rules,method,antlr4,0.9,0.5,org.antlr.v4.runtime.tree.gui.PostScriptDocument,1008,0,0,0,0,0,0
Design Rules,method,antlr4,0.9,0.5,org.antlr.v4.runtime.tree.gui.PostScriptDocument,1008,0,0,0,0,0,0
Empty Code Rules,method,antlr4,0.9,0.5,org.antlr.v4.runtime.tree.gui.PostScriptDocument,1008,0,0,0,0,0,0
Finalizer Rules,method,antlr4,0.9,0.5,org.antlr.v4.runtime.tree.gui.PostScriptDocument,1008,0,0,0,0,0,0
Import Statement Rules,method,antlr4,0.9,0.5,org.antlr.v4.runtime.tree.gui.PostScriptDocument,1008,0,0,0,0,0,0
J2EE Rules,method,antlr4,0.9,0.5,org.antlr.v4.runtime.tree.gui.PostScriptDocument,1008,0,0,0,0,0,0
JUnit Rules,method,antlr4,0.9,0.5,org.antlr.v4.runtime.tree.gui.PostScriptDocument,1008,0,0,0,0,0,0
Jakarta Commons Logging Rules,method,antlr4,0.9,0.5,org.antlr.v4.runtime.tree.gui.PostScriptDocument,1008,0,0,0,0,0,0
Java Logging Rules,method,antlr4,0.9,0.5,org.antlr.v4.runtime.tree.gui.PostScriptDocument,1008,0,0,0,0,0,0
JavaBean Rules,method,antlr4,0.9,0.5,org.antlr.v4.runtime.tree.gui.PostScriptDocument,1008,0,0,0,0,0,0
MigratingToJUnit4 Rules,method,antlr4,0.9,0.5,org.antlr.v4.runtime.tree.gui.PostScriptDocument,1008,0,0,0,0,0,0
Migration Rules,method,antlr4,0.9,0.5,org.antlr.v4.runtime.tree.gui.PostScriptDocument,1008,0,0,0,0,0,0
Migration13 Rules,method,antlr4,0.9,0.5,org.antlr.v4.runtime.tree.gui.PostScriptDocument,1008,0,0,0,0,0,0
Migration14 Rules,method,antlr4,0.9,0.5,org.antlr.v4.runtime.tree.gui.PostScriptDocument,1008,0,0,0,0,0,0
Migration15 Rules,method,antlr4,0.9,0.5,org.antlr.v4.runtime.tree.gui.PostScriptDocument,1008,0,0,0,0,0,0
Naming Rules,method,antlr4,0.9,0.5,org.antlr.v4.runtime.tree.gui.PostScriptDocument,1008,0,0,0,0,0,0
Optimization Rules,method,antlr4,0.9,0.5,org.antlr.v4.runtime.tree.gui.PostScriptDocument,1008,0,0,0,0,0,0
Security Code Guideline Rules,method,antlr4,0.9,0.5,org.antlr.v4.runtime.tree.gui.PostScriptDocument,1008,0,0,0,0,0,0
Strict Exception Rules,method,antlr4,0.9,0.5,org.antlr.v4.runtime.tree.gui.PostScriptDocument,1008,0,0,0,0,0,0
String and StringBuffer Rules,method,antlr4,0.9,0.5,org.antlr.v4.runtime.tree.gui.PostScriptDocument,1008,0,0,0,0,0,0
Type Resolution Rules,method,antlr4,0.9,0.5,org.antlr.v4.runtime.tree.gui.PostScriptDocument,1008,0,0,0,0,0,0
Unnecessary and Unused Code Rules,method,antlr4,0.9,0.5,org.antlr.v4.runtime.tree.gui.PostScriptDocument,1008,0,0,0,0,0,0
Vulnerability Rules,method,antlr4,0.9,0.5,org.antlr.v4.runtime.tree.gui.PostScriptDocument,1008,0,0,0,0,0,0
CC,method,antlr4,0.9,0.5,org.antlr.v4.analysis.LeftRecursiveRuleTransformer,720,0,0,0,1,1,1
CCL,method,antlr4,0.9,0.5,org.antlr.v4.analysis.LeftRecursiveRuleTransformer,720,0,0,0,1,1,1
CCO,method,antlr4,0.9,0.5,org.antlr.v4.analysis.LeftRecursiveRuleTransformer,720,0,0,0,1,1,1
CI,method,antlr4,0.9,0.5,org.antlr.v4.analysis.LeftRecursiveRuleTransformer,720,0,0,0,1,1,1
CLC,method,antlr4,0.9,0.5,org.antlr.v4.analysis.LeftRecursiveRuleTransformer,720,0,0,0,1,1,1
CLLC,method,antlr4,0.9,0.5,org.antlr.v4.analysis.LeftRecursiveRuleTransformer,720,0,0,0,1,1,1
LDC,method,antlr4,0.9,0.5,org.antlr.v4.analysis.LeftRecursiveRuleTransformer,720,0,0,0,1,1,1
LLDC,method,antlr4,0.9,0.5,org.antlr.v4.analysis.LeftRecursiveRuleTransformer,720,0,0,0,1,1,1
HCPL,method,antlr4,0.9,0.5,org.antlr.v4.analysis.LeftRecursiveRuleTransformer,720,1,1,1,1,1,1
HDIF,method,antlr4,0.9,0.5,org.antlr.v4.analysis.LeftRecursiveRuleTransformer,720,1,1,1,1,1,1
HEFF,method,antlr4,0.9,0.5,org.antlr.v4.analysis.LeftRecursiveRuleTransformer,720,1,1,1,1,1,1
HNDB,method,antlr4,0.9,0.5,org.antlr.v4.analysis.LeftRecursiveRuleTransformer,720,1,1,1,1,1,1
HPL,method,antlr4,0.9,0.5,org.antlr.v4.analysis.LeftRecursiveRuleTransformer,720,1,1,1,1,1,1
HPV,method,antlr4,0.9,0.5,org.antlr.v4.analysis.LeftRecursiveRuleTransformer,720,1,1,1,1,1,1
HTRP,method,antlr4,0.9,0.5,org.antlr.v4.analysis.LeftRecursiveRuleTransformer,720,1,1,1,1,1,1
HVOL,method,antlr4,0.9,0.5,org.antlr.v4.analysis.LeftRecursiveRuleTransformer,720,1,1,1,1,1,1
MI,method,antlr4,0.9,0.5,org.antlr.v4.analysis.LeftRecursiveRuleTransformer,720,1,1,1,1,1,1
MIMS,method,antlr4,0.9,0.5,org.antlr.v4.analysis.LeftRecursiveRuleTransformer,720,1,1,1,1,1,1
MISEI,method,antlr4,0.9,0.5,org.antlr.v4.analysis.LeftRecursiveRuleTransformer,720,1,1,1,1,1,1
MISM,method,antlr4,0.9,0.5,org.antlr.v4.analysis.LeftRecursiveRuleTransformer,720,1,1,1,1,1,1
McCC,method,antlr4,0.9,0.5,org.antlr.v4.analysis.LeftRecursiveRuleTransformer,720,0,0,0,1,1,1
NL,method,antlr4,0.9,0.5,org.antlr.v4.analysis.LeftRecursiveRuleTransformer,720,1,1,1,1,1,1
NLE,method,antlr4,0.9,0.5,org.antlr.v4.analysis.LeftRecursiveRuleTransformer,720,1,1,1,1,1,1
NII,method,antlr4,0.9,0.5,org.antlr.v4.analysis.LeftRecursiveRuleTransformer,720,0,0,0,1,1,1
NOI,method,antlr4,0.9,0.5,org.antlr.v4.analysis.LeftRecursiveRuleTransformer,720,0,0,0,1,1,1
CD,method,antlr4,0.9,0.5,org.antlr.v4.analysis.LeftRecursiveRuleTransformer,720,1,1,1,1,1,1
CLOC,method,antlr4,0.9,0.5,org.antlr.v4.analysis.LeftRecursiveRuleTransformer,720,1,1,1,1,1,1
DLOC,method,antlr4,0.9,0.5,org.antlr.v4.analysis.LeftRecursiveRuleTransformer,720,1,1,1,1,1,1
TCD,method,antlr4,0.9,0.5,org.antlr.v4.analysis.LeftRecursiveRuleTransformer,720,1,1,1,1,1,1
TCLOC,method,antlr4,0.9,0.5,org.antlr.v4.analysis.LeftRecursiveRuleTransformer,720,1,1,1,1,1,1
LLOC,method,antlr4,0.9,0.5,org.antlr.v4.analysis.LeftRecursiveRuleTransformer,720,1,1,1,1,1,1
LOC,method,antlr4,0.9,0.5,org.antlr.v4.analysis.LeftRecursiveRuleTransformer,720,1,1,1,1,1,1
NOS,method,antlr4,0.9,0.5,org.antlr.v4.analysis.LeftRecursiveRuleTransformer,720,1,1,1,1,1,1
NUMPAR,method,antlr4,0.9,0.5,org.antlr.v4.analysis.LeftRecursiveRuleTransformer,720,1,1,1,1,1,1
TLLOC,method,antlr4,0.9,0.5,org.antlr.v4.analysis.LeftRecursiveRuleTransformer,720,1,1,1,1,1,1
TLOC,method,antlr4,0.9,0.5,org.antlr.v4.analysis.LeftRecursiveRuleTransformer,720,1,1,1,1,1,1
TNOS,method,antlr4,0.9,0.5,org.antlr.v4.analysis.LeftRecursiveRuleTransformer,720,0,0,0,0,0,0
WarningBlocker,method,antlr4,0.9,0.5,org.antlr.v4.analysis.LeftRecursiveRuleTransformer,720,0,0,0,0,0,0
WarningCritical,method,antlr4,0.9,0.5,org.antlr.v4.analysis.LeftRecursiveRuleTransformer,720,0,0,0,0,0,0
WarningInfo,method,antlr4,0.9,0.5,org.antlr.v4.analysis.LeftRecursiveRuleTransformer,720,0,0,0,0,0,0
WarningMajor,method,antlr4,0.9,0.5,org.antlr.v4.analysis.LeftRecursiveRuleTransformer,720,0,0,0,0,0,0
WarningMinor,method,antlr4,0.9,0.5,org.antlr.v4.analysis.LeftRecursiveRuleTransformer,720,0,0,0,0,0,0
Android Rules,method,antlr4,0.9,0.5,org.antlr.v4.analysis.LeftRecursiveRuleTransformer,720,0,0,0,0,0,0
Basic Rules,method,antlr4,0.9,0.5,org.antlr.v4.analysis.LeftRecursiveRuleTransformer,720,0,0,0,0,0,0
Brace Rules,method,antlr4,0.9,0.5,org.antlr.v4.analysis.LeftRecursiveRuleTransformer,720,0,0,0,0,0,0
Clone Implementation Rules,method,antlr4,0.9,0.5,org.antlr.v4.analysis.LeftRecursiveRuleTransformer,720,0,0,0,0,0,0
Code Size Rules,method,antlr4,0.9,0.5,org.antlr.v4.analysis.LeftRecursiveRuleTransformer,720,0,0,0,0,0,0
Comment Rules,method,antlr4,0.9,0.5,org.antlr.v4.analysis.LeftRecursiveRuleTransformer,720,0,0,0,0,0,0
Controversial Rules,method,antlr4,0.9,0.5,org.antlr.v4.analysis.LeftRecursiveRuleTransformer,720,0,0,0,0,0,0
Coupling Rules,method,antlr4,0.9,0.5,org.antlr.v4.analysis.LeftRecursiveRuleTransformer,720,0,0,0,0,0,0
Design Rules,method,antlr4,0.9,0.5,org.antlr.v4.analysis.LeftRecursiveRuleTransformer,720,0,0,0,0,0,0
Empty Code Rules,method,antlr4,0.9,0.5,org.antlr.v4.analysis.LeftRecursiveRuleTransformer,720,0,0,0,0,0,0
Finalizer Rules,method,antlr4,0.9,0.5,org.antlr.v4.analysis.LeftRecursiveRuleTransformer,720,0,0,0,0,0,0
Import Statement Rules,method,antlr4,0.9,0.5,org.antlr.v4.analysis.LeftRecursiveRuleTransformer,720,0,0,0,0,0,0
J2EE Rules,method,antlr4,0.9,0.5,org.antlr.v4.analysis.LeftRecursiveRuleTransformer,720,0,0,0,0,0,0
JUnit Rules,method,antlr4,0.9,0.5,org.antlr.v4.analysis.LeftRecursiveRuleTransformer,720,0,0,0,0,0,0
Jakarta Commons Logging Rules,method,antlr4,0.9,0.5,org.antlr.v4.analysis.LeftRecursiveRuleTransformer,720,0,0,0,0,0,0
Java Logging Rules,method,antlr4,0.9,0.5,org.antlr.v4.analysis.LeftRecursiveRuleTransformer,720,0,0,0,0,0,0
JavaBean Rules,method,antlr4,0.9,0.5,org.antlr.v4.analysis.LeftRecursiveRuleTransformer,720,0,0,0,0,0,0
MigratingToJUnit4 Rules,method,antlr4,0.9,0.5,org.antlr.v4.analysis.LeftRecursiveRuleTransformer,720,0,0,0,0,0,0
Migration Rules,method,antlr4,0.9,0.5,org.antlr.v4.analysis.LeftRecursiveRuleTransformer,720,0,0,0,0,0,0
Migration13 Rules,method,antlr4,0.9,0.5,org.antlr.v4.analysis.LeftRecursiveRuleTransformer,720,0,0,0,0,0,0
Migration14 Rules,method,antlr4,0.9,0.5,org.antlr.v4.analysis.LeftRecursiveRuleTransformer,720,0,0,0,0,0,0
Migration15 Rules,method,antlr4,0.9,0.5,org.antlr.v4.analysis.LeftRecursiveRuleTransformer,720,0,0,0,0,0,0
Naming Rules,method,antlr4,0.9,0.5,org.antlr.v4.analysis.LeftRecursiveRuleTransformer,720,0,0,0,0,0,0
Optimization Rules,method,antlr4,0.9,0.5,org.antlr.v4.analysis.LeftRecursiveRuleTransformer,720,0,0,0,0,0,0
Security Code Guideline Rules,method,antlr4,0.9,0.5,org.antlr.v4.analysis.LeftRecursiveRuleTransformer,720,0,0,0,0,0,0
Strict Exception Rules,method,antlr4,0.9,0.5,org.antlr.v4.analysis.LeftRecursiveRuleTransformer,720,0,0,0,0,0,0
String and StringBuffer Rules,method,antlr4,0.9,0.5,org.antlr.v4.analysis.LeftRecursiveRuleTransformer,720,0,0,0,0,0,0
Type Resolution Rules,method,antlr4,0.9,0.5,org.antlr.v4.analysis.LeftRecursiveRuleTransformer,720,0,0,0,0,0,0
Unnecessary and Unused Code Rules,method,antlr4,0.9,0.5,org.antlr.v4.analysis.LeftRecursiveRuleTransformer,720,0,0,0,0,0,0
Vulnerability Rules,method,antlr4,0.9,0.5,org.antlr.v4.analysis.LeftRecursiveRuleTransformer,720,0,0,0,0,0,0
CC,method,antlr4,0.9,0.5,org.antlr.v4.runtime.atn.ATNSerializer,144,0,0,0,1,1,1
CCL,method,antlr4,0.9,0.5,org.antlr.v4.runtime.atn.ATNSerializer,144,0,0,0,1,1,1
CCO,method,antlr4,0.9,0.5,org.antlr.v4.runtime.atn.ATNSerializer,144,0,0,0,1,1,1
CI,method,antlr4,0.9,0.5,org.antlr.v4.runtime.atn.ATNSerializer,144,0,0,0,1,1,1
CLC,method,antlr4,0.9,0.5,org.antlr.v4.runtime.atn.ATNSerializer,144,0,0,0,1,1,1
CLLC,method,antlr4,0.9,0.5,org.antlr.v4.runtime.atn.ATNSerializer,144,0,0,0,1,1,1
LDC,method,antlr4,0.9,0.5,org.antlr.v4.runtime.atn.ATNSerializer,144,0,0,0,1,1,1
LLDC,method,antlr4,0.9,0.5,org.antlr.v4.runtime.atn.ATNSerializer,144,0,0,0,1,1,1
HCPL,method,antlr4,0.9,0.5,org.antlr.v4.runtime.atn.ATNSerializer,144,1,1,1,1,1,1
HDIF,method,antlr4,0.9,0.5,org.antlr.v4.runtime.atn.ATNSerializer,144,1,1,1,1,1,1
HEFF,method,antlr4,0.9,0.5,org.antlr.v4.runtime.atn.ATNSerializer,144,1,1,1,1,1,1
HNDB,method,antlr4,0.9,0.5,org.antlr.v4.runtime.atn.ATNSerializer,144,1,1,1,1,1,1
HPL,method,antlr4,0.9,0.5,org.antlr.v4.runtime.atn.ATNSerializer,144,1,1,1,1,1,1
HPV,method,antlr4,0.9,0.5,org.antlr.v4.runtime.atn.ATNSerializer,144,1,1,1,1,1,1
HTRP,method,antlr4,0.9,0.5,org.antlr.v4.runtime.atn.ATNSerializer,144,1,1,1,1,1,1
HVOL,method,antlr4,0.9,0.5,org.antlr.v4.runtime.atn.ATNSerializer,144,1,1,1,1,1,1
MI,method,antlr4,0.9,0.5,org.antlr.v4.runtime.atn.ATNSerializer,144,1,1,1,1,1,1
MIMS,method,antlr4,0.9,0.5,org.antlr.v4.runtime.atn.ATNSerializer,144,1,1,1,1,1,1
MISEI,method,antlr4,0.9,0.5,org.antlr.v4.runtime.atn.ATNSerializer,144,1,1,1,1,1,1
MISM,method,antlr4,0.9,0.5,org.antlr.v4.runtime.atn.ATNSerializer,144,0,0,0,1,1,1
McCC,method,antlr4,0.9,0.5,org.antlr.v4.runtime.atn.ATNSerializer,144,1,1,1,1,1,1
NL,method,antlr4,0.9,0.5,org.antlr.v4.runtime.atn.ATNSerializer,144,0,0,0,1,1,1
NLE,method,antlr4,0.9,0.5,org.antlr.v4.runtime.atn.ATNSerializer,144,0,0,0,1,1,1
NII,method,antlr4,0.9,0.5,org.antlr.v4.runtime.atn.ATNSerializer,144,0,0,0,1,1,1
NOI,method,antlr4,0.9,0.5,org.antlr.v4.runtime.atn.ATNSerializer,144,0,0,0,1,1,1
CD,method,antlr4,0.9,0.5,org.antlr.v4.runtime.atn.ATNSerializer,144,1,1,1,1,1,1
CLOC,method,antlr4,0.9,0.5,org.antlr.v4.runtime.atn.ATNSerializer,144,0,0,0,1,1,1
DLOC,method,antlr4,0.9,0.5,org.antlr.v4.runtime.atn.ATNSerializer,144,0,0,0,1,1,1
TCD,method,antlr4,0.9,0.5,org.antlr.v4.runtime.atn.ATNSerializer,144,1,1,1,1,1,1
TCLOC,method,antlr4,0.9,0.5,org.antlr.v4.runtime.atn.ATNSerializer,144,0,0,0,1,1,1
LLOC,method,antlr4,0.9,0.5,org.antlr.v4.runtime.atn.ATNSerializer,144,1,1,1,1,1,1
LOC,method,antlr4,0.9,0.5,org.antlr.v4.runtime.atn.ATNSerializer,144,1,1,1,1,1,1
NOS,method,antlr4,0.9,0.5,org.antlr.v4.runtime.atn.ATNSerializer,144,1,1,1,1,1,1
NUMPAR,method,antlr4,0.9,0.5,org.antlr.v4.runtime.atn.ATNSerializer,144,0,0,0,1,1,1
TLLOC,method,antlr4,0.9,0.5,org.antlr.v4.runtime.atn.ATNSerializer,144,1,1,1,1,1,1
TLOC,method,antlr4,0.9,0.5,org.antlr.v4.runtime.atn.ATNSerializer,144,1,1,1,1,1,1
TNOS,method,antlr4,0.9,0.5,org.antlr.v4.runtime.atn.ATNSerializer,144,0,0,0,0,0,0
WarningBlocker,method,antlr4,0.9,0.5,org.antlr.v4.runtime.atn.ATNSerializer,144,0,0,0,0,0,0
WarningCritical,method,antlr4,0.9,0.5,org.antlr.v4.runtime.atn.ATNSerializer,144,0,0,0,0,0,0
WarningInfo,method,antlr4,0.9,0.5,org.antlr.v4.runtime.atn.ATNSerializer,144,0,0,0,0,0,0
WarningMajor,method,antlr4,0.9,0.5,org.antlr.v4.runtime.atn.ATNSerializer,144,0,0,0,0,0,0
WarningMinor,method,antlr4,0.9,0.5,org.antlr.v4.runtime.atn.ATNSerializer,144,0,0,0,0,0,0
Android Rules,method,antlr4,0.9,0.5,org.antlr.v4.runtime.atn.ATNSerializer,144,0,0,0,0,0,0
Basic Rules,method,antlr4,0.9,0.5,org.antlr.v4.runtime.atn.ATNSerializer,144,0,0,0,0,0,0
Brace Rules,method,antlr4,0.9,0.5,org.antlr.v4.runtime.atn.ATNSerializer,144,0,0,0,0,0,0
Clone Implementation Rules,method,antlr4,0.9,0.5,org.antlr.v4.runtime.atn.ATNSerializer,144,0,0,0,0,0,0
Code Size Rules,method,antlr4,0.9,0.5,org.antlr.v4.runtime.atn.ATNSerializer,144,0,0,0,0,0,0
Comment Rules,method,antlr4,0.9,0.5,org.antlr.v4.runtime.atn.ATNSerializer,144,0,0,0,0,0,0
Controversial Rules,method,antlr4,0.9,0.5,org.antlr.v4.runtime.atn.ATNSerializer,144,0,0,0,0,0,0
Coupling Rules,method,antlr4,0.9,0.5,org.antlr.v4.runtime.atn.ATNSerializer,144,0,0,0,0,0,0
Design Rules,method,antlr4,0.9,0.5,org.antlr.v4.runtime.atn.ATNSerializer,144,0,0,0,0,0,0
Empty Code Rules,method,antlr4,0.9,0.5,org.antlr.v4.runtime.atn.ATNSerializer,144,0,0,0,0,0,0
Finalizer Rules,method,antlr4,0.9,0.5,org.antlr.v4.runtime.atn.ATNSerializer,144,0,0,0,0,0,0
Import Statement Rules,method,antlr4,0.9,0.5,org.antlr.v4.runtime.atn.ATNSerializer,144,0,0,0,0,0,0
J2EE Rules,method,antlr4,0.9,0.5,org.antlr.v4.runtime.atn.ATNSerializer,144,0,0,0,0,0,0
JUnit Rules,method,antlr4,0.9,0.5,org.antlr.v4.runtime.atn.ATNSerializer,144,0,0,0,0,0,0
Jakarta Commons Logging Rules,method,antlr4,0.9,0.5,org.antlr.v4.runtime.atn.ATNSerializer,144,0,0,0,0,0,0
Java Logging Rules,method,antlr4,0.9,0.5,org.antlr.v4.runtime.atn.ATNSerializer,144,0,0,0,0,0,0
JavaBean Rules,method,antlr4,0.9,0.5,org.antlr.v4.runtime.atn.ATNSerializer,144,0,0,0,0,0,0
MigratingToJUnit4 Rules,method,antlr4,0.9,0.5,org.antlr.v4.runtime.atn.ATNSerializer,144,0,0,0,0,0,0
Migration Rules,method,antlr4,0.9,0.5,org.antlr.v4.runtime.atn.ATNSerializer,144,0,0,0,0,0,0
Migration13 Rules,method,antlr4,0.9,0.5,org.antlr.v4.runtime.atn.ATNSerializer,144,0,0,0,0,0,0
Migration14 Rules,method,antlr4,0.9,0.5,org.antlr.v4.runtime.atn.ATNSerializer,144,0,0,0,0,0,0
Migration15 Rules,method,antlr4,0.9,0.5,org.antlr.v4.runtime.atn.ATNSerializer,144,0,0,0,0,0,0
Naming Rules,method,antlr4,0.9,0.5,org.antlr.v4.runtime.atn.ATNSerializer,144,0,0,0,0,0,0
Optimization Rules,method,antlr4,0.9,0.5,org.antlr.v4.runtime.atn.ATNSerializer,144,0,0,0,0,0,0
Security Code Guideline Rules,method,antlr4,0.9,0.5,org.antlr.v4.runtime.atn.ATNSerializer,144,0,0,0,0,0,0
Strict Exception Rules,method,antlr4,0.9,0.5,org.antlr.v4.runtime.atn.ATNSerializer,144,0,0,0,0,0,0
String and StringBuffer Rules,method,antlr4,0.9,0.5,org.antlr.v4.runtime.atn.ATNSerializer,144,0,0,0,0,0,0
Type Resolution Rules,method,antlr4,0.9,0.5,org.antlr.v4.runtime.atn.ATNSerializer,144,0,0,0,0,0,0
Unnecessary and Unused Code Rules,method,antlr4,0.9,0.5,org.antlr.v4.runtime.atn.ATNSerializer,144,0,0,0,0,0,0
Vulnerability Rules,method,antlr4,0.9,0.5,org.antlr.v4.runtime.atn.ATNSerializer,144,0,0,0,0,0,0
CC,method,antlr4,0.9,0.5,org.antlr.v4.test.TestXPath,1008,1,1,1,1,1,1
CCL,method,antlr4,0.9,0.5,org.antlr.v4.test.TestXPath,1008,0,0,0,1,1,1
CCO,method,antlr4,0.9,0.5,org.antlr.v4.test.TestXPath,1008,1,1,1,1,1,1
CI,method,antlr4,0.9,0.5,org.antlr.v4.test.TestXPath,1008,1,1,1,1,1,1
CLC,method,antlr4,0.9,0.5,org.antlr.v4.test.TestXPath,1008,1,1,1,1,1,1
CLLC,method,antlr4,0.9,0.5,org.antlr.v4.test.TestXPath,1008,1,1,1,1,1,1
LDC,method,antlr4,0.9,0.5,org.antlr.v4.test.TestXPath,1008,1,1,1,1,1,1
LLDC,method,antlr4,0.9,0.5,org.antlr.v4.test.TestXPath,1008,1,1,1,1,1,1
HCPL,method,antlr4,0.9,0.5,org.antlr.v4.test.TestXPath,1008,1,1,1,1,1,1
HDIF,method,antlr4,0.9,0.5,org.antlr.v4.test.TestXPath,1008,1,1,1,1,1,1
HEFF,method,antlr4,0.9,0.5,org.antlr.v4.test.TestXPath,1008,1,1,1,1,1,1
HNDB,method,antlr4,0.9,0.5,org.antlr.v4.test.TestXPath,1008,1,1,1,1,1,1
HPL,method,antlr4,0.9,0.5,org.antlr.v4.test.TestXPath,1008,1,1,1,1,1,1
HPV,method,antlr4,0.9,0.5,org.antlr.v4.test.TestXPath,1008,1,1,1,1,1,1
HTRP,method,antlr4,0.9,0.5,org.antlr.v4.test.TestXPath,1008,1,1,1,1,1,1
HVOL,method,antlr4,0.9,0.5,org.antlr.v4.test.TestXPath,1008,1,1,1,1,1,1
MI,method,antlr4,0.9,0.5,org.antlr.v4.test.TestXPath,1008,1,1,1,1,1,1
MIMS,method,antlr4,0.9,0.5,org.antlr.v4.test.TestXPath,1008,1,1,1,1,1,1
MISEI,method,antlr4,0.9,0.5,org.antlr.v4.test.TestXPath,1008,1,1,1,1,1,1
MISM,method,antlr4,0.9,0.5,org.antlr.v4.test.TestXPath,1008,1,1,1,1,1,1
McCC,method,antlr4,0.9,0.5,org.antlr.v4.test.TestXPath,1008,1,1,1,1,1,1
NL,method,antlr4,0.9,0.5,org.antlr.v4.test.TestXPath,1008,1,1,1,1,1,1
NLE,method,antlr4,0.9,0.5,org.antlr.v4.test.TestXPath,1008,1,1,1,1,1,1
NII,method,antlr4,0.9,0.5,org.antlr.v4.test.TestXPath,1008,0,0,0,1,1,1
NOI,method,antlr4,0.9,0.5,org.antlr.v4.test.TestXPath,1008,0,0,0,1,1,1
CD,method,antlr4,0.9,0.5,org.antlr.v4.test.TestXPath,1008,1,1,1,1,1,1
CLOC,method,antlr4,0.9,0.5,org.antlr.v4.test.TestXPath,1008,1,1,1,1,1,1
DLOC,method,antlr4,0.9,0.5,org.antlr.v4.test.TestXPath,1008,0,0,0,1,1,1
TCD,method,antlr4,0.9,0.5,org.antlr.v4.test.TestXPath,1008,1,1,1,1,1,1
TCLOC,method,antlr4,0.9,0.5,org.antlr.v4.test.TestXPath,1008,1,1,1,1,1,1
LLOC,method,antlr4,0.9,0.5,org.antlr.v4.test.TestXPath,1008,1,1,1,1,1,1
LOC,method,antlr4,0.9,0.5,org.antlr.v4.test.TestXPath,1008,1,1,1,1,1,1
NOS,method,antlr4,0.9,0.5,org.antlr.v4.test.TestXPath,1008,1,1,1,1,1,1
NUMPAR,method,antlr4,0.9,0.5,org.antlr.v4.test.TestXPath,1008,0,0,0,1,1,1
TLLOC,method,antlr4,0.9,0.5,org.antlr.v4.test.TestXPath,1008,1,1,1,1,1,1
TLOC,method,antlr4,0.9,0.5,org.antlr.v4.test.TestXPath,1008,1,1,1,1,1,1
TNOS,method,antlr4,0.9,0.5,org.antlr.v4.test.TestXPath,1008,0,0,0,0,0,0
WarningBlocker,method,antlr4,0.9,0.5,org.antlr.v4.test.TestXPath,1008,0,0,0,0,0,0
WarningCritical,method,antlr4,0.9,0.5,org.antlr.v4.test.TestXPath,1008,0,0,0,0,0,0
WarningInfo,method,antlr4,0.9,0.5,org.antlr.v4.test.TestXPath,1008,0,0,0,0,0,0
WarningMajor,method,antlr4,0.9,0.5,org.antlr.v4.test.TestXPath,1008,0,0,0,0,0,0
WarningMinor,method,antlr4,0.9,0.5,org.antlr.v4.test.TestXPath,1008,0,0,0,0,0,0
Android Rules,method,antlr4,0.9,0.5,org.antlr.v4.test.TestXPath,1008,0,0,0,0,0,0
Basic Rules,method,antlr4,0.9,0.5,org.antlr.v4.test.TestXPath,1008,0,0,0,0,0,0
Brace Rules,method,antlr4,0.9,0.5,org.antlr.v4.test.TestXPath,1008,0,0,0,0,0,0
Clone Implementation Rules,method,antlr4,0.9,0.5,org.antlr.v4.test.TestXPath,1008,0,0,0,0,0,0
Code Size Rules,method,antlr4,0.9,0.5,org.antlr.v4.test.TestXPath,1008,0,0,0,0,0,0
Comment Rules,method,antlr4,0.9,0.5,org.antlr.v4.test.TestXPath,1008,0,0,0,0,0,0
Controversial Rules,method,antlr4,0.9,0.5,org.antlr.v4.test.TestXPath,1008,0,0,0,0,0,0
Coupling Rules,method,antlr4,0.9,0.5,org.antlr.v4.test.TestXPath,1008,0,0,0,0,0,0
Design Rules,method,antlr4,0.9,0.5,org.antlr.v4.test.TestXPath,1008,0,0,0,0,0,0
Empty Code Rules,method,antlr4,0.9,0.5,org.antlr.v4.test.TestXPath,1008,0,0,0,0,0,0
Finalizer Rules,method,antlr4,0.9,0.5,org.antlr.v4.test.TestXPath,1008,0,0,0,0,0,0
Import Statement Rules,method,antlr4,0.9,0.5,org.antlr.v4.test.TestXPath,1008,0,0,0,0,0,0
J2EE Rules,method,antlr4,0.9,0.5,org.antlr.v4.test.TestXPath,1008,0,0,0,0,0,0
JUnit Rules,method,antlr4,0.9,0.5,org.antlr.v4.test.TestXPath,1008,0,0,0,0,0,0
Jakarta Commons Logging Rules,method,antlr4,0.9,0.5,org.antlr.v4.test.TestXPath,1008,0,0,0,0,0,0
Java Logging Rules,method,antlr4,0.9,0.5,org.antlr.v4.test.TestXPath,1008,0,0,0,0,0,0
JavaBean Rules,method,antlr4,0.9,0.5,org.antlr.v4.test.TestXPath,1008,0,0,0,0,0,0
MigratingToJUnit4 Rules,method,antlr4,0.9,0.5,org.antlr.v4.test.TestXPath,1008,0,0,0,0,0,0
Migration Rules,method,antlr4,0.9,0.5,org.antlr.v4.test.TestXPath,1008,0,0,0,0,0,0
Migration13 Rules,method,antlr4,0.9,0.5,org.antlr.v4.test.TestXPath,1008,0,0,0,0,0,0
Migration14 Rules,method,antlr4,0.9,0.5,org.antlr.v4.test.TestXPath,1008,0,0,0,0,0,0
Migration15 Rules,method,antlr4,0.9,0.5,org.antlr.v4.test.TestXPath,1008,0,0,0,0,0,0
Naming Rules,method,antlr4,0.9,0.5,org.antlr.v4.test.TestXPath,1008,0,0,0,0,0,0
Optimization Rules,method,antlr4,0.9,0.5,org.antlr.v4.test.TestXPath,1008,0,0,0,0,0,0
Security Code Guideline Rules,method,antlr4,0.9,0.5,org.antlr.v4.test.TestXPath,1008,0,0,0,0,0,0
Strict Exception Rules,method,antlr4,0.9,0.5,org.antlr.v4.test.TestXPath,1008,0,0,0,0,0,0
String and StringBuffer Rules,method,antlr4,0.9,0.5,org.antlr.v4.test.TestXPath,1008,0,0,0,0,0,0
Type Resolution Rules,method,antlr4,0.9,0.5,org.antlr.v4.test.TestXPath,1008,0,0,0,0,0,0
Unnecessary and Unused Code Rules,method,antlr4,0.9,0.5,org.antlr.v4.test.TestXPath,1008,0,0,0,0,0,0
Vulnerability Rules,method,antlr4,0.9,0.5,org.antlr.v4.test.TestXPath,1008,0,0,0,0,0,0
CC,method,antlr4,0.9,0.5,org.antlr.v4.Tool$1UndefChecker,216,0,0,0,1,1,1
CCL,method,antlr4,0.9,0.5,org.antlr.v4.Tool$1UndefChecker,216,0,0,0,1,1,1
CCO,method,antlr4,0.9,0.5,org.antlr.v4.Tool$1UndefChecker,216,0,0,0,1,1,1
CI,method,antlr4,0.9,0.5,org.antlr.v4.Tool$1UndefChecker,216,0,0,0,1,1,1
CLC,method,antlr4,0.9,0.5,org.antlr.v4.Tool$1UndefChecker,216,0,0,0,1,1,1
CLLC,method,antlr4,0.9,0.5,org.antlr.v4.Tool$1UndefChecker,216,0,0,0,1,1,1
LDC,method,antlr4,0.9,0.5,org.antlr.v4.Tool$1UndefChecker,216,0,0,0,1,1,1
LLDC,method,antlr4,0.9,0.5,org.antlr.v4.Tool$1UndefChecker,216,0,0,0,1,1,1
HCPL,method,antlr4,0.9,0.5,org.antlr.v4.Tool$1UndefChecker,216,1,1,1,1,1,1
HDIF,method,antlr4,0.9,0.5,org.antlr.v4.Tool$1UndefChecker,216,1,1,1,1,1,1
HEFF,method,antlr4,0.9,0.5,org.antlr.v4.Tool$1UndefChecker,216,1,1,1,1,1,1
HNDB,method,antlr4,0.9,0.5,org.antlr.v4.Tool$1UndefChecker,216,1,1,1,1,1,1
HPL,method,antlr4,0.9,0.5,org.antlr.v4.Tool$1UndefChecker,216,1,1,1,1,1,1
HPV,method,antlr4,0.9,0.5,org.antlr.v4.Tool$1UndefChecker,216,1,1,1,1,1,1
HTRP,method,antlr4,0.9,0.5,org.antlr.v4.Tool$1UndefChecker,216,1,1,1,1,1,1
HVOL,method,antlr4,0.9,0.5,org.antlr.v4.Tool$1UndefChecker,216,1,1,1,1,1,1
MI,method,antlr4,0.9,0.5,org.antlr.v4.Tool$1UndefChecker,216,1,1,1,1,1,1
MIMS,method,antlr4,0.9,0.5,org.antlr.v4.Tool$1UndefChecker,216,1,1,1,1,1,1
MISEI,method,antlr4,0.9,0.5,org.antlr.v4.Tool$1UndefChecker,216,1,1,1,1,1,1
MISM,method,antlr4,0.9,0.5,org.antlr.v4.Tool$1UndefChecker,216,1,1,1,1,1,1
McCC,method,antlr4,0.9,0.5,org.antlr.v4.Tool$1UndefChecker,216,1,1,1,1,1,1
NL,method,antlr4,0.9,0.5,org.antlr.v4.Tool$1UndefChecker,216,1,1,1,1,1,1
NLE,method,antlr4,0.9,0.5,org.antlr.v4.Tool$1UndefChecker,216,1,1,1,1,1,1
NII,method,antlr4,0.9,0.5,org.antlr.v4.Tool$1UndefChecker,216,1,1,1,1,1,1
NOI,method,antlr4,0.9,0.5,org.antlr.v4.Tool$1UndefChecker,216,1,1,1,1,1,1
CD,method,antlr4,0.9,0.5,org.antlr.v4.Tool$1UndefChecker,216,0,0,0,1,1,1
CLOC,method,antlr4,0.9,0.5,org.antlr.v4.Tool$1UndefChecker,216,0,0,0,1,1,1
DLOC,method,antlr4,0.9,0.5,org.antlr.v4.Tool$1UndefChecker,216,0,0,0,1,1,1
TCD,method,antlr4,0.9,0.5,org.antlr.v4.Tool$1UndefChecker,216,0,0,0,1,1,1
TCLOC,method,antlr4,0.9,0.5,org.antlr.v4.Tool$1UndefChecker,216,0,0,0,1,1,1
LLOC,method,antlr4,0.9,0.5,org.antlr.v4.Tool$1UndefChecker,216,1,1,1,1,1,1
LOC,method,antlr4,0.9,0.5,org.antlr.v4.Tool$1UndefChecker,216,1,1,1,1,1,1
NOS,method,antlr4,0.9,0.5,org.antlr.v4.Tool$1UndefChecker,216,1,1,1,1,1,1
NUMPAR,method,antlr4,0.9,0.5,org.antlr.v4.Tool$1UndefChecker,216,1,1,1,1,1,1
TLLOC,method,antlr4,0.9,0.5,org.antlr.v4.Tool$1UndefChecker,216,1,1,1,1,1,1
TLOC,method,antlr4,0.9,0.5,org.antlr.v4.Tool$1UndefChecker,216,1,1,1,1,1,1
TNOS,method,antlr4,0.9,0.5,org.antlr.v4.Tool$1UndefChecker,216,0,0,0,0,0,0
WarningBlocker,method,antlr4,0.9,0.5,org.antlr.v4.Tool$1UndefChecker,216,0,0,0,0,0,0
WarningCritical,method,antlr4,0.9,0.5,org.antlr.v4.Tool$1UndefChecker,216,0,0,0,0,0,0
WarningInfo,method,antlr4,0.9,0.5,org.antlr.v4.Tool$1UndefChecker,216,0,0,0,0,0,0
WarningMajor,method,antlr4,0.9,0.5,org.antlr.v4.Tool$1UndefChecker,216,0,0,0,0,0,0
WarningMinor,method,antlr4,0.9,0.5,org.antlr.v4.Tool$1UndefChecker,216,0,0,0,0,0,0
Android Rules,method,antlr4,0.9,0.5,org.antlr.v4.Tool$1UndefChecker,216,0,0,0,0,0,0
Basic Rules,method,antlr4,0.9,0.5,org.antlr.v4.Tool$1UndefChecker,216,0,0,0,0,0,0
Brace Rules,method,antlr4,0.9,0.5,org.antlr.v4.Tool$1UndefChecker,216,0,0,0,0,0,0
Clone Implementation Rules,method,antlr4,0.9,0.5,org.antlr.v4.Tool$1UndefChecker,216,0,0,0,0,0,0
Code Size Rules,method,antlr4,0.9,0.5,org.antlr.v4.Tool$1UndefChecker,216,0,0,0,0,0,0
Comment Rules,method,antlr4,0.9,0.5,org.antlr.v4.Tool$1UndefChecker,216,0,0,0,0,0,0
Controversial Rules,method,antlr4,0.9,0.5,org.antlr.v4.Tool$1UndefChecker,216,0,0,0,0,0,0
Coupling Rules,method,antlr4,0.9,0.5,org.antlr.v4.Tool$1UndefChecker,216,0,0,0,0,0,0
Design Rules,method,antlr4,0.9,0.5,org.antlr.v4.Tool$1UndefChecker,216,0,0,0,0,0,0
Empty Code Rules,method,antlr4,0.9,0.5,org.antlr.v4.Tool$1UndefChecker,216,0,0,0,0,0,0
Finalizer Rules,method,antlr4,0.9,0.5,org.antlr.v4.Tool$1UndefChecker,216,0,0,0,0,0,0
Import Statement Rules,method,antlr4,0.9,0.5,org.antlr.v4.Tool$1UndefChecker,216,0,0,0,0,0,0
J2EE Rules,method,antlr4,0.9,0.5,org.antlr.v4.Tool$1UndefChecker,216,0,0,0,0,0,0
JUnit Rules,method,antlr4,0.9,0.5,org.antlr.v4.Tool$1UndefChecker,216,0,0,0,0,0,0
Jakarta Commons Logging Rules,method,antlr4,0.9,0.5,org.antlr.v4.Tool$1UndefChecker,216,0,0,0,0,0,0
Java Logging Rules,method,antlr4,0.9,0.5,org.antlr.v4.Tool$1UndefChecker,216,0,0,0,0,0,0
JavaBean Rules,method,antlr4,0.9,0.5,org.antlr.v4.Tool$1UndefChecker,216,0,0,0,0,0,0
MigratingToJUnit4 Rules,method,antlr4,0.9,0.5,org.antlr.v4.Tool$1UndefChecker,216,0,0,0,0,0,0
Migration Rules,method,antlr4,0.9,0.5,org.antlr.v4.Tool$1UndefChecker,216,0,0,0,0,0,0
Migration13 Rules,method,antlr4,0.9,0.5,org.antlr.v4.Tool$1UndefChecker,216,0,0,0,0,0,0
Migration14 Rules,method,antlr4,0.9,0.5,org.antlr.v4.Tool$1UndefChecker,216,0,0,0,0,0,0
Migration15 Rules,method,antlr4,0.9,0.5,org.antlr.v4.Tool$1UndefChecker,216,0,0,0,0,0,0
Naming Rules,method,antlr4,0.9,0.5,org.antlr.v4.Tool$1UndefChecker,216,0,0,0,0,0,0
Optimization Rules,method,antlr4,0.9,0.5,org.antlr.v4.Tool$1UndefChecker,216,0,0,0,0,0,0
Security Code Guideline Rules,method,antlr4,0.9,0.5,org.antlr.v4.Tool$1UndefChecker,216,0,0,0,0,0,0
Strict Exception Rules,method,antlr4,0.9,0.5,org.antlr.v4.Tool$1UndefChecker,216,0,0,0,0,0,0
String and StringBuffer Rules,method,antlr4,0.9,0.5,org.antlr.v4.Tool$1UndefChecker,216,0,0,0,0,0,0
Type Resolution Rules,method,antlr4,0.9,0.5,org.antlr.v4.Tool$1UndefChecker,216,0,0,0,0,0,0
Unnecessary and Unused Code Rules,method,antlr4,0.9,0.5,org.antlr.v4.Tool$1UndefChecker,216,0,0,0,0,0,0
Vulnerability Rules,method,antlr4,0.9,0.5,org.antlr.v4.Tool$1UndefChecker,216,0,0,0,0,0,0
CC,method,antlr4,0.9,0.5,org.antlr.v4.test.BaseTest,432,0,0,0,1,1,1
CCL,method,antlr4,0.9,0.5,org.antlr.v4.test.BaseTest,432,0,0,0,1,1,1
CCO,method,antlr4,0.9,0.5,org.antlr.v4.test.BaseTest,432,0,0,0,1,1,1
CI,method,antlr4,0.9,0.5,org.antlr.v4.test.BaseTest,432,0,0,0,1,1,1
CLC,method,antlr4,0.9,0.5,org.antlr.v4.test.BaseTest,432,0,0,0,1,1,1
CLLC,method,antlr4,0.9,0.5,org.antlr.v4.test.BaseTest,432,0,0,0,1,1,1
LDC,method,antlr4,0.9,0.5,org.antlr.v4.test.BaseTest,432,0,0,0,1,1,1
LLDC,method,antlr4,0.9,0.5,org.antlr.v4.test.BaseTest,432,0,0,0,1,1,1
HCPL,method,antlr4,0.9,0.5,org.antlr.v4.test.BaseTest,432,1,1,1,1,1,1
HDIF,method,antlr4,0.9,0.5,org.antlr.v4.test.BaseTest,432,1,1,1,1,1,1
HEFF,method,antlr4,0.9,0.5,org.antlr.v4.test.BaseTest,432,1,1,1,1,1,1
HNDB,method,antlr4,0.9,0.5,org.antlr.v4.test.BaseTest,432,1,1,1,1,1,1
HPL,method,antlr4,0.9,0.5,org.antlr.v4.test.BaseTest,432,1,1,1,1,1,1
HPV,method,antlr4,0.9,0.5,org.antlr.v4.test.BaseTest,432,1,1,1,1,1,1
HTRP,method,antlr4,0.9,0.5,org.antlr.v4.test.BaseTest,432,1,1,1,1,1,1
HVOL,method,antlr4,0.9,0.5,org.antlr.v4.test.BaseTest,432,1,1,1,1,1,1
MI,method,antlr4,0.9,0.5,org.antlr.v4.test.BaseTest,432,1,1,1,1,1,1
MIMS,method,antlr4,0.9,0.5,org.antlr.v4.test.BaseTest,432,1,1,1,1,1,1
MISEI,method,antlr4,0.9,0.5,org.antlr.v4.test.BaseTest,432,1,1,1,1,1,1
MISM,method,antlr4,0.9,0.5,org.antlr.v4.test.BaseTest,432,1,1,1,1,1,1
McCC,method,antlr4,0.9,0.5,org.antlr.v4.test.BaseTest,432,1,1,1,1,1,1
NL,method,antlr4,0.9,0.5,org.antlr.v4.test.BaseTest,432,1,1,1,1,1,1
NLE,method,antlr4,0.9,0.5,org.antlr.v4.test.BaseTest,432,1,1,1,1,1,1
NII,method,antlr4,0.9,0.5,org.antlr.v4.test.BaseTest,432,1,1,1,1,1,1
NOI,method,antlr4,0.9,0.5,org.antlr.v4.test.BaseTest,432,1,1,1,1,1,1
CD,method,antlr4,0.9,0.5,org.antlr.v4.test.BaseTest,432,1,1,1,1,1,1
CLOC,method,antlr4,0.9,0.5,org.antlr.v4.test.BaseTest,432,1,1,1,1,1,1
DLOC,method,antlr4,0.9,0.5,org.antlr.v4.test.BaseTest,432,1,1,1,1,1,1
TCD,method,antlr4,0.9,0.5,org.antlr.v4.test.BaseTest,432,1,1,1,1,1,1
TCLOC,method,antlr4,0.9,0.5,org.antlr.v4.test.BaseTest,432,1,1,1,1,1,1
LLOC,method,antlr4,0.9,0.5,org.antlr.v4.test.BaseTest,432,1,1,1,1,1,1
LOC,method,antlr4,0.9,0.5,org.antlr.v4.test.BaseTest,432,1,1,1,1,1,1
NOS,method,antlr4,0.9,0.5,org.antlr.v4.test.BaseTest,432,1,1,1,1,1,1
NUMPAR,method,antlr4,0.9,0.5,org.antlr.v4.test.BaseTest,432,0,0,0,1,1,1
TLLOC,method,antlr4,0.9,0.5,org.antlr.v4.test.BaseTest,432,1,1,1,1,1,1
TLOC,method,antlr4,0.9,0.5,org.antlr.v4.test.BaseTest,432,1,1,1,1,1,1
TNOS,method,antlr4,0.9,0.5,org.antlr.v4.test.BaseTest,432,0,0,0,0,0,0
WarningBlocker,method,antlr4,0.9,0.5,org.antlr.v4.test.BaseTest,432,0,0,0,0,0,0
WarningCritical,method,antlr4,0.9,0.5,org.antlr.v4.test.BaseTest,432,0,0,0,0,0,0
WarningInfo,method,antlr4,0.9,0.5,org.antlr.v4.test.BaseTest,432,0,0,0,0,0,0
WarningMajor,method,antlr4,0.9,0.5,org.antlr.v4.test.BaseTest,432,0,0,0,0,0,0
WarningMinor,method,antlr4,0.9,0.5,org.antlr.v4.test.BaseTest,432,0,0,0,0,0,0
Android Rules,method,antlr4,0.9,0.5,org.antlr.v4.test.BaseTest,432,0,0,0,0,0,0
Basic Rules,method,antlr4,0.9,0.5,org.antlr.v4.test.BaseTest,432,0,0,0,0,0,0
Brace Rules,method,antlr4,0.9,0.5,org.antlr.v4.test.BaseTest,432,0,0,0,0,0,0
Clone Implementation Rules,method,antlr4,0.9,0.5,org.antlr.v4.test.BaseTest,432,0,0,0,0,0,0
Code Size Rules,method,antlr4,0.9,0.5,org.antlr.v4.test.BaseTest,432,0,0,0,0,0,0
Comment Rules,method,antlr4,0.9,0.5,org.antlr.v4.test.BaseTest,432,0,0,0,0,0,0
Controversial Rules,method,antlr4,0.9,0.5,org.antlr.v4.test.BaseTest,432,0,0,0,0,0,0
Coupling Rules,method,antlr4,0.9,0.5,org.antlr.v4.test.BaseTest,432,0,0,0,0,0,0
Design Rules,method,antlr4,0.9,0.5,org.antlr.v4.test.BaseTest,432,0,0,0,0,0,0
Empty Code Rules,method,antlr4,0.9,0.5,org.antlr.v4.test.BaseTest,432,0,0,0,0,0,0
Finalizer Rules,method,antlr4,0.9,0.5,org.antlr.v4.test.BaseTest,432,0,0,0,0,0,0
Import Statement Rules,method,antlr4,0.9,0.5,org.antlr.v4.test.BaseTest,432,0,0,0,0,0,0
J2EE Rules,method,antlr4,0.9,0.5,org.antlr.v4.test.BaseTest,432,0,0,0,0,0,0
JUnit Rules,method,antlr4,0.9,0.5,org.antlr.v4.test.BaseTest,432,0,0,0,0,0,0
Jakarta Commons Logging Rules,method,antlr4,0.9,0.5,org.antlr.v4.test.BaseTest,432,0,0,0,0,0,0
Java Logging Rules,method,antlr4,0.9,0.5,org.antlr.v4.test.BaseTest,432,0,0,0,0,0,0
JavaBean Rules,method,antlr4,0.9,0.5,org.antlr.v4.test.BaseTest,432,0,0,0,0,0,0
MigratingToJUnit4 Rules,method,antlr4,0.9,0.5,org.antlr.v4.test.BaseTest,432,0,0,0,0,0,0
Migration Rules,method,antlr4,0.9,0.5,org.antlr.v4.test.BaseTest,432,0,0,0,0,0,0
Migration13 Rules,method,antlr4,0.9,0.5,org.antlr.v4.test.BaseTest,432,0,0,0,0,0,0
Migration14 Rules,method,antlr4,0.9,0.5,org.antlr.v4.test.BaseTest,432,0,0,0,0,0,0
Migration15 Rules,method,antlr4,0.9,0.5,org.antlr.v4.test.BaseTest,432,0,0,0,0,0,0
Naming Rules,method,antlr4,0.9,0.5,org.antlr.v4.test.BaseTest,432,0,0,0,0,0,0
Optimization Rules,method,antlr4,0.9,0.5,org.antlr.v4.test.BaseTest,432,0,0,0,0,0,0
Security Code Guideline Rules,method,antlr4,0.9,0.5,org.antlr.v4.test.BaseTest,432,0,0,0,0,0,0
Strict Exception Rules,method,antlr4,0.9,0.5,org.antlr.v4.test.BaseTest,432,0,0,0,0,0,0
String and StringBuffer Rules,method,antlr4,0.9,0.5,org.antlr.v4.test.BaseTest,432,0,0,0,0,0,0
Type Resolution Rules,method,antlr4,0.9,0.5,org.antlr.v4.test.BaseTest,432,0,0,0,0,0,0
Unnecessary and Unused Code Rules,method,antlr4,0.9,0.5,org.antlr.v4.test.BaseTest,432,0,0,0,0,0,0
Vulnerability Rules,method,antlr4,0.9,0.5,org.antlr.v4.test.BaseTest,432,0,0,0,0,0,0
CC,method,antlr4,0.9,0.5,org.antlr.v4.runtime.atn.ParserATNSimulator,1008,0,0,0,1,1,1
CCL,method,antlr4,0.9,0.5,org.antlr.v4.runtime.atn.ParserATNSimulator,1008,0,0,0,1,1,1
CCO,method,antlr4,0.9,0.5,org.antlr.v4.runtime.atn.ParserATNSimulator,1008,0,0,0,1,1,1
CI,method,antlr4,0.9,0.5,org.antlr.v4.runtime.atn.ParserATNSimulator,1008,0,0,0,1,1,1
CLC,method,antlr4,0.9,0.5,org.antlr.v4.runtime.atn.ParserATNSimulator,1008,0,0,0,1,1,1
CLLC,method,antlr4,0.9,0.5,org.antlr.v4.runtime.atn.ParserATNSimulator,1008,0,0,0,1,1,1
LDC,method,antlr4,0.9,0.5,org.antlr.v4.runtime.atn.ParserATNSimulator,1008,0,0,0,1,1,1
LLDC,method,antlr4,0.9,0.5,org.antlr.v4.runtime.atn.ParserATNSimulator,1008,0,0,0,1,1,1
HCPL,method,antlr4,0.9,0.5,org.antlr.v4.runtime.atn.ParserATNSimulator,1008,1,1,1,1,1,1
HDIF,method,antlr4,0.9,0.5,org.antlr.v4.runtime.atn.ParserATNSimulator,1008,1,1,1,1,1,1
HEFF,method,antlr4,0.9,0.5,org.antlr.v4.runtime.atn.ParserATNSimulator,1008,1,1,1,1,1,1
HNDB,method,antlr4,0.9,0.5,org.antlr.v4.runtime.atn.ParserATNSimulator,1008,1,1,1,1,1,1
HPL,method,antlr4,0.9,0.5,org.antlr.v4.runtime.atn.ParserATNSimulator,1008,1,1,1,1,1,1
HPV,method,antlr4,0.9,0.5,org.antlr.v4.runtime.atn.ParserATNSimulator,1008,1,1,1,1,1,1
HTRP,method,antlr4,0.9,0.5,org.antlr.v4.runtime.atn.ParserATNSimulator,1008,1,1,1,1,1,1
HVOL,method,antlr4,0.9,0.5,org.antlr.v4.runtime.atn.ParserATNSimulator,1008,1,1,1,1,1,1
MI,method,antlr4,0.9,0.5,org.antlr.v4.runtime.atn.ParserATNSimulator,1008,1,1,1,1,1,1
MIMS,method,antlr4,0.9,0.5,org.antlr.v4.runtime.atn.ParserATNSimulator,1008,1,1,1,1,1,1
MISEI,method,antlr4,0.9,0.5,org.antlr.v4.runtime.atn.ParserATNSimulator,1008,1,1,1,1,1,1
MISM,method,antlr4,0.9,0.5,org.antlr.v4.runtime.atn.ParserATNSimulator,1008,1,1,1,1,1,1
McCC,method,antlr4,0.9,0.5,org.antlr.v4.runtime.atn.ParserATNSimulator,1008,1,1,1,1,1,1
NL,method,antlr4,0.9,0.5,org.antlr.v4.runtime.atn.ParserATNSimulator,1008,0,0,0,1,1,1
NLE,method,antlr4,0.9,0.5,org.antlr.v4.runtime.atn.ParserATNSimulator,1008,0,0,0,1,1,1
NII,method,antlr4,0.9,0.5,org.antlr.v4.runtime.atn.ParserATNSimulator,1008,0,0,0,1,1,1
NOI,method,antlr4,0.9,0.5,org.antlr.v4.runtime.atn.ParserATNSimulator,1008,1,1,1,1,1,1
CD,method,antlr4,0.9,0.5,org.antlr.v4.runtime.atn.ParserATNSimulator,1008,1,1,1,1,1,1
CLOC,method,antlr4,0.9,0.5,org.antlr.v4.runtime.atn.ParserATNSimulator,1008,1,1,1,1,1,1
DLOC,method,antlr4,0.9,0.5,org.antlr.v4.runtime.atn.ParserATNSimulator,1008,0,0,0,1,1,1
TCD,method,antlr4,0.9,0.5,org.antlr.v4.runtime.atn.ParserATNSimulator,1008,1,1,1,1,1,1
TCLOC,method,antlr4,0.9,0.5,org.antlr.v4.runtime.atn.ParserATNSimulator,1008,1,1,1,1,1,1
LLOC,method,antlr4,0.9,0.5,org.antlr.v4.runtime.atn.ParserATNSimulator,1008,1,1,1,1,1,1
LOC,method,antlr4,0.9,0.5,org.antlr.v4.runtime.atn.ParserATNSimulator,1008,1,1,1,1,1,1
NOS,method,antlr4,0.9,0.5,org.antlr.v4.runtime.atn.ParserATNSimulator,1008,1,1,1,1,1,1
NUMPAR,method,antlr4,0.9,0.5,org.antlr.v4.runtime.atn.ParserATNSimulator,1008,0,0,0,1,1,1
TLLOC,method,antlr4,0.9,0.5,org.antlr.v4.runtime.atn.ParserATNSimulator,1008,1,1,1,1,1,1
TLOC,method,antlr4,0.9,0.5,org.antlr.v4.runtime.atn.ParserATNSimulator,1008,1,1,1,1,1,1
TNOS,method,antlr4,0.9,0.5,org.antlr.v4.runtime.atn.ParserATNSimulator,1008,0,0,0,0,0,0
WarningBlocker,method,antlr4,0.9,0.5,org.antlr.v4.runtime.atn.ParserATNSimulator,1008,0,0,0,0,0,0
WarningCritical,method,antlr4,0.9,0.5,org.antlr.v4.runtime.atn.ParserATNSimulator,1008,0,0,0,0,0,0
WarningInfo,method,antlr4,0.9,0.5,org.antlr.v4.runtime.atn.ParserATNSimulator,1008,0,0,0,0,0,0
WarningMajor,method,antlr4,0.9,0.5,org.antlr.v4.runtime.atn.ParserATNSimulator,1008,0,0,0,0,0,0
WarningMinor,method,antlr4,0.9,0.5,org.antlr.v4.runtime.atn.ParserATNSimulator,1008,0,0,0,0,0,0
Android Rules,method,antlr4,0.9,0.5,org.antlr.v4.runtime.atn.ParserATNSimulator,1008,0,0,0,0,0,0
Basic Rules,method,antlr4,0.9,0.5,org.antlr.v4.runtime.atn.ParserATNSimulator,1008,0,0,0,0,0,0
Brace Rules,method,antlr4,0.9,0.5,org.antlr.v4.runtime.atn.ParserATNSimulator,1008,0,0,0,0,0,0
Clone Implementation Rules,method,antlr4,0.9,0.5,org.antlr.v4.runtime.atn.ParserATNSimulator,1008,0,0,0,0,0,0
Code Size Rules,method,antlr4,0.9,0.5,org.antlr.v4.runtime.atn.ParserATNSimulator,1008,0,0,0,0,0,0
Comment Rules,method,antlr4,0.9,0.5,org.antlr.v4.runtime.atn.ParserATNSimulator,1008,0,0,0,0,0,0
Controversial Rules,method,antlr4,0.9,0.5,org.antlr.v4.runtime.atn.ParserATNSimulator,1008,0,0,0,0,0,0
Coupling Rules,method,antlr4,0.9,0.5,org.antlr.v4.runtime.atn.ParserATNSimulator,1008,0,0,0,0,0,0
Design Rules,method,antlr4,0.9,0.5,org.antlr.v4.runtime.atn.ParserATNSimulator,1008,0,0,0,0,0,0
Empty Code Rules,method,antlr4,0.9,0.5,org.antlr.v4.runtime.atn.ParserATNSimulator,1008,0,0,0,0,0,0
Finalizer Rules,method,antlr4,0.9,0.5,org.antlr.v4.runtime.atn.ParserATNSimulator,1008,0,0,0,0,0,0
Import Statement Rules,method,antlr4,0.9,0.5,org.antlr.v4.runtime.atn.ParserATNSimulator,1008,0,0,0,0,0,0
J2EE Rules,method,antlr4,0.9,0.5,org.antlr.v4.runtime.atn.ParserATNSimulator,1008,0,0,0,0,0,0
JUnit Rules,method,antlr4,0.9,0.5,org.antlr.v4.runtime.atn.ParserATNSimulator,1008,0,0,0,0,0,0
Jakarta Commons Logging Rules,method,antlr4,0.9,0.5,org.antlr.v4.runtime.atn.ParserATNSimulator,1008,0,0,0,0,0,0
Java Logging Rules,method,antlr4,0.9,0.5,org.antlr.v4.runtime.atn.ParserATNSimulator,1008,0,0,0,0,0,0
JavaBean Rules,method,antlr4,0.9,0.5,org.antlr.v4.runtime.atn.ParserATNSimulator,1008,0,0,0,0,0,0
MigratingToJUnit4 Rules,method,antlr4,0.9,0.5,org.antlr.v4.runtime.atn.ParserATNSimulator,1008,0,0,0,0,0,0
Migration Rules,method,antlr4,0.9,0.5,org.antlr.v4.runtime.atn.ParserATNSimulator,1008,0,0,0,0,0,0
Migration13 Rules,method,antlr4,0.9,0.5,org.antlr.v4.runtime.atn.ParserATNSimulator,1008,0,0,0,0,0,0
Migration14 Rules,method,antlr4,0.9,0.5,org.antlr.v4.runtime.atn.ParserATNSimulator,1008,0,0,0,0,0,0
Migration15 Rules,method,antlr4,0.9,0.5,org.antlr.v4.runtime.atn.ParserATNSimulator,1008,0,0,0,0,0,0
Naming Rules,method,antlr4,0.9,0.5,org.antlr.v4.runtime.atn.ParserATNSimulator,1008,0,0,0,0,0,0
Optimization Rules,method,antlr4,0.9,0.5,org.antlr.v4.runtime.atn.ParserATNSimulator,1008,0,0,0,0,0,0
Security Code Guideline Rules,method,antlr4,0.9,0.5,org.antlr.v4.runtime.atn.ParserATNSimulator,1008,0,0,0,0,0,0
Strict Exception Rules,method,antlr4,0.9,0.5,org.antlr.v4.runtime.atn.ParserATNSimulator,1008,0,0,0,0,0,0
String and StringBuffer Rules,method,antlr4,0.9,0.5,org.antlr.v4.runtime.atn.ParserATNSimulator,1008,0,0,0,0,0,0
Type Resolution Rules,method,antlr4,0.9,0.5,org.antlr.v4.runtime.atn.ParserATNSimulator,1008,0,0,0,0,0,0
Unnecessary and Unused Code Rules,method,antlr4,0.9,0.5,org.antlr.v4.runtime.atn.ParserATNSimulator,1008,0,0,0,0,0,0
Vulnerability Rules,method,antlr4,0.9,0.5,org.antlr.v4.runtime.atn.ParserATNSimulator,1008,0,0,0,0,0,0
CC,method,antlr4,0.9,0.5,org.antlr.v4.test.TestATNConstruction,144,0,0,0,1,1,1
CCL,method,antlr4,0.9,0.5,org.antlr.v4.test.TestATNConstruction,144,0,0,0,1,1,1
CCO,method,antlr4,0.9,0.5,org.antlr.v4.test.TestATNConstruction,144,0,0,0,1,1,1
CI,method,antlr4,0.9,0.5,org.antlr.v4.test.TestATNConstruction,144,0,0,0,1,1,1
CLC,method,antlr4,0.9,0.5,org.antlr.v4.test.TestATNConstruction,144,0,0,0,1,1,1
CLLC,method,antlr4,0.9,0.5,org.antlr.v4.test.TestATNConstruction,144,0,0,0,1,1,1
LDC,method,antlr4,0.9,0.5,org.antlr.v4.test.TestATNConstruction,144,0,0,0,1,1,1
LLDC,method,antlr4,0.9,0.5,org.antlr.v4.test.TestATNConstruction,144,0,0,0,1,1,1
HCPL,method,antlr4,0.9,0.5,org.antlr.v4.test.TestATNConstruction,144,1,1,1,1,1,1
HDIF,method,antlr4,0.9,0.5,org.antlr.v4.test.TestATNConstruction,144,1,1,1,1,1,1
HEFF,method,antlr4,0.9,0.5,org.antlr.v4.test.TestATNConstruction,144,1,1,1,1,1,1
HNDB,method,antlr4,0.9,0.5,org.antlr.v4.test.TestATNConstruction,144,1,1,1,1,1,1
HPL,method,antlr4,0.9,0.5,org.antlr.v4.test.TestATNConstruction,144,1,1,1,1,1,1
HPV,method,antlr4,0.9,0.5,org.antlr.v4.test.TestATNConstruction,144,1,1,1,1,1,1
HTRP,method,antlr4,0.9,0.5,org.antlr.v4.test.TestATNConstruction,144,1,1,1,1,1,1
HVOL,method,antlr4,0.9,0.5,org.antlr.v4.test.TestATNConstruction,144,1,1,1,1,1,1
MI,method,antlr4,0.9,0.5,org.antlr.v4.test.TestATNConstruction,144,1,1,1,1,1,1
MIMS,method,antlr4,0.9,0.5,org.antlr.v4.test.TestATNConstruction,144,1,1,1,1,1,1
MISEI,method,antlr4,0.9,0.5,org.antlr.v4.test.TestATNConstruction,144,1,1,1,1,1,1
MISM,method,antlr4,0.9,0.5,org.antlr.v4.test.TestATNConstruction,144,1,1,1,1,1,1
McCC,method,antlr4,0.9,0.5,org.antlr.v4.test.TestATNConstruction,144,0,0,0,1,1,1
NL,method,antlr4,0.9,0.5,org.antlr.v4.test.TestATNConstruction,144,0,0,0,1,1,1
NLE,method,antlr4,0.9,0.5,org.antlr.v4.test.TestATNConstruction,144,0,0,0,1,1,1
NII,method,antlr4,0.9,0.5,org.antlr.v4.test.TestATNConstruction,144,0,0,0,1,1,1
NOI,method,antlr4,0.9,0.5,org.antlr.v4.test.TestATNConstruction,144,1,1,1,1,1,1
CD,method,antlr4,0.9,0.5,org.antlr.v4.test.TestATNConstruction,144,0,0,0,1,1,1
CLOC,method,antlr4,0.9,0.5,org.antlr.v4.test.TestATNConstruction,144,0,0,0,1,1,1
DLOC,method,antlr4,0.9,0.5,org.antlr.v4.test.TestATNConstruction,144,0,0,0,1,1,1
TCD,method,antlr4,0.9,0.5,org.antlr.v4.test.TestATNConstruction,144,0,0,0,1,1,1
TCLOC,method,antlr4,0.9,0.5,org.antlr.v4.test.TestATNConstruction,144,0,0,0,1,1,1
LLOC,method,antlr4,0.9,0.5,org.antlr.v4.test.TestATNConstruction,144,1,1,1,1,1,1
LOC,method,antlr4,0.9,0.5,org.antlr.v4.test.TestATNConstruction,144,1,1,1,1,1,1
NOS,method,antlr4,0.9,0.5,org.antlr.v4.test.TestATNConstruction,144,1,1,1,1,1,1
NUMPAR,method,antlr4,0.9,0.5,org.antlr.v4.test.TestATNConstruction,144,0,0,0,1,1,1
TLLOC,method,antlr4,0.9,0.5,org.antlr.v4.test.TestATNConstruction,144,1,1,1,1,1,1
TLOC,method,antlr4,0.9,0.5,org.antlr.v4.test.TestATNConstruction,144,1,1,1,1,1,1
TNOS,method,antlr4,0.9,0.5,org.antlr.v4.test.TestATNConstruction,144,0,0,0,0,0,0
WarningBlocker,method,antlr4,0.9,0.5,org.antlr.v4.test.TestATNConstruction,144,0,0,0,0,0,0
WarningCritical,method,antlr4,0.9,0.5,org.antlr.v4.test.TestATNConstruction,144,0,0,0,0,0,0
WarningInfo,method,antlr4,0.9,0.5,org.antlr.v4.test.TestATNConstruction,144,0,0,0,0,0,0
WarningMajor,method,antlr4,0.9,0.5,org.antlr.v4.test.TestATNConstruction,144,0,0,0,0,0,0
WarningMinor,method,antlr4,0.9,0.5,org.antlr.v4.test.TestATNConstruction,144,0,0,0,0,0,0
Android Rules,method,antlr4,0.9,0.5,org.antlr.v4.test.TestATNConstruction,144,0,0,0,0,0,0
Basic Rules,method,antlr4,0.9,0.5,org.antlr.v4.test.TestATNConstruction,144,0,0,0,0,0,0
Brace Rules,method,antlr4,0.9,0.5,org.antlr.v4.test.TestATNConstruction,144,0,0,0,0,0,0
Clone Implementation Rules,method,antlr4,0.9,0.5,org.antlr.v4.test.TestATNConstruction,144,0,0,0,0,0,0
Code Size Rules,method,antlr4,0.9,0.5,org.antlr.v4.test.TestATNConstruction,144,0,0,0,0,0,0
Comment Rules,method,antlr4,0.9,0.5,org.antlr.v4.test.TestATNConstruction,144,0,0,0,0,0,0
Controversial Rules,method,antlr4,0.9,0.5,org.antlr.v4.test.TestATNConstruction,144,0,0,0,0,0,0
Coupling Rules,method,antlr4,0.9,0.5,org.antlr.v4.test.TestATNConstruction,144,0,0,0,0,0,0
Design Rules,method,antlr4,0.9,0.5,org.antlr.v4.test.TestATNConstruction,144,0,0,0,0,0,0
Empty Code Rules,method,antlr4,0.9,0.5,org.antlr.v4.test.TestATNConstruction,144,0,0,0,0,0,0
Finalizer Rules,method,antlr4,0.9,0.5,org.antlr.v4.test.TestATNConstruction,144,0,0,0,0,0,0
Import Statement Rules,method,antlr4,0.9,0.5,org.antlr.v4.test.TestATNConstruction,144,0,0,0,0,0,0
J2EE Rules,method,antlr4,0.9,0.5,org.antlr.v4.test.TestATNConstruction,144,0,0,0,0,0,0
JUnit Rules,method,antlr4,0.9,0.5,org.antlr.v4.test.TestATNConstruction,144,0,0,0,0,0,0
Jakarta Commons Logging Rules,method,antlr4,0.9,0.5,org.antlr.v4.test.TestATNConstruction,144,0,0,0,0,0,0
Java Logging Rules,method,antlr4,0.9,0.5,org.antlr.v4.test.TestATNConstruction,144,0,0,0,0,0,0
JavaBean Rules,method,antlr4,0.9,0.5,org.antlr.v4.test.TestATNConstruction,144,0,0,0,0,0,0
MigratingToJUnit4 Rules,method,antlr4,0.9,0.5,org.antlr.v4.test.TestATNConstruction,144,0,0,0,0,0,0
Migration Rules,method,antlr4,0.9,0.5,org.antlr.v4.test.TestATNConstruction,144,0,0,0,0,0,0
Migration13 Rules,method,antlr4,0.9,0.5,org.antlr.v4.test.TestATNConstruction,144,0,0,0,0,0,0
Migration14 Rules,method,antlr4,0.9,0.5,org.antlr.v4.test.TestATNConstruction,144,0,0,0,0,0,0
Migration15 Rules,method,antlr4,0.9,0.5,org.antlr.v4.test.TestATNConstruction,144,0,0,0,0,0,0
Naming Rules,method,antlr4,0.9,0.5,org.antlr.v4.test.TestATNConstruction,144,0,0,0,0,0,0
Optimization Rules,method,antlr4,0.9,0.5,org.antlr.v4.test.TestATNConstruction,144,0,0,0,0,0,0
Security Code Guideline Rules,method,antlr4,0.9,0.5,org.antlr.v4.test.TestATNConstruction,144,0,0,0,0,0,0
Strict Exception Rules,method,antlr4,0.9,0.5,org.antlr.v4.test.TestATNConstruction,144,0,0,0,0,0,0
String and StringBuffer Rules,method,antlr4,0.9,0.5,org.antlr.v4.test.TestATNConstruction,144,0,0,0,0,0,0
Type Resolution Rules,method,antlr4,0.9,0.5,org.antlr.v4.test.TestATNConstruction,144,0,0,0,0,0,0
Unnecessary and Unused Code Rules,method,antlr4,0.9,0.5,org.antlr.v4.test.TestATNConstruction,144,0,0,0,0,0,0
Vulnerability Rules,method,antlr4,0.9,0.5,org.antlr.v4.test.TestATNConstruction,144,0,0,0,0,0,0
CC,method,antlr4,0.9,0.5,org.antlr.v4.analysis.LeftRecursiveRuleAnalyzer,720,0,0,0,1,1,1
CCL,method,antlr4,0.9,0.5,org.antlr.v4.analysis.LeftRecursiveRuleAnalyzer,720,0,0,0,1,1,1
CCO,method,antlr4,0.9,0.5,org.antlr.v4.analysis.LeftRecursiveRuleAnalyzer,720,0,0,0,1,1,1
CI,method,antlr4,0.9,0.5,org.antlr.v4.analysis.LeftRecursiveRuleAnalyzer,720,0,0,0,1,1,1
CLC,method,antlr4,0.9,0.5,org.antlr.v4.analysis.LeftRecursiveRuleAnalyzer,720,0,0,0,1,1,1
CLLC,method,antlr4,0.9,0.5,org.antlr.v4.analysis.LeftRecursiveRuleAnalyzer,720,0,0,0,1,1,1
LDC,method,antlr4,0.9,0.5,org.antlr.v4.analysis.LeftRecursiveRuleAnalyzer,720,0,0,0,1,1,1
LLDC,method,antlr4,0.9,0.5,org.antlr.v4.analysis.LeftRecursiveRuleAnalyzer,720,0,0,0,1,1,1
HCPL,method,antlr4,0.9,0.5,org.antlr.v4.analysis.LeftRecursiveRuleAnalyzer,720,1,1,1,1,1,1
HDIF,method,antlr4,0.9,0.5,org.antlr.v4.analysis.LeftRecursiveRuleAnalyzer,720,1,1,1,1,1,1
HEFF,method,antlr4,0.9,0.5,org.antlr.v4.analysis.LeftRecursiveRuleAnalyzer,720,1,1,1,1,1,1
HNDB,method,antlr4,0.9,0.5,org.antlr.v4.analysis.LeftRecursiveRuleAnalyzer,720,1,1,1,1,1,1
HPL,method,antlr4,0.9,0.5,org.antlr.v4.analysis.LeftRecursiveRuleAnalyzer,720,1,1,1,1,1,1
HPV,method,antlr4,0.9,0.5,org.antlr.v4.analysis.LeftRecursiveRuleAnalyzer,720,1,1,1,1,1,1
HTRP,method,antlr4,0.9,0.5,org.antlr.v4.analysis.LeftRecursiveRuleAnalyzer,720,1,1,1,1,1,1
HVOL,method,antlr4,0.9,0.5,org.antlr.v4.analysis.LeftRecursiveRuleAnalyzer,720,1,1,1,1,1,1
MI,method,antlr4,0.9,0.5,org.antlr.v4.analysis.LeftRecursiveRuleAnalyzer,720,1,1,1,1,1,1
MIMS,method,antlr4,0.9,0.5,org.antlr.v4.analysis.LeftRecursiveRuleAnalyzer,720,1,1,1,1,1,1
MISEI,method,antlr4,0.9,0.5,org.antlr.v4.analysis.LeftRecursiveRuleAnalyzer,720,1,1,1,1,1,1
MISM,method,antlr4,0.9,0.5,org.antlr.v4.analysis.LeftRecursiveRuleAnalyzer,720,1,1,1,1,1,1
McCC,method,antlr4,0.9,0.5,org.antlr.v4.analysis.LeftRecursiveRuleAnalyzer,720,0,0,0,1,1,1
NL,method,antlr4,0.9,0.5,org.antlr.v4.analysis.LeftRecursiveRuleAnalyzer,720,1,1,1,1,1,1
NLE,method,antlr4,0.9,0.5,org.antlr.v4.analysis.LeftRecursiveRuleAnalyzer,720,1,1,1,1,1,1
NII,method,antlr4,0.9,0.5,org.antlr.v4.analysis.LeftRecursiveRuleAnalyzer,720,1,1,1,1,1,1
NOI,method,antlr4,0.9,0.5,org.antlr.v4.analysis.LeftRecursiveRuleAnalyzer,720,1,1,1,1,1,1
CD,method,antlr4,0.9,0.5,org.antlr.v4.analysis.LeftRecursiveRuleAnalyzer,720,1,1,1,1,1,1
CLOC,method,antlr4,0.9,0.5,org.antlr.v4.analysis.LeftRecursiveRuleAnalyzer,720,1,1,1,1,1,1
DLOC,method,antlr4,0.9,0.5,org.antlr.v4.analysis.LeftRecursiveRuleAnalyzer,720,0,0,0,1,1,1
TCD,method,antlr4,0.9,0.5,org.antlr.v4.analysis.LeftRecursiveRuleAnalyzer,720,1,1,1,1,1,1
TCLOC,method,antlr4,0.9,0.5,org.antlr.v4.analysis.LeftRecursiveRuleAnalyzer,720,1,1,1,1,1,1
LLOC,method,antlr4,0.9,0.5,org.antlr.v4.analysis.LeftRecursiveRuleAnalyzer,720,1,1,1,1,1,1
LOC,method,antlr4,0.9,0.5,org.antlr.v4.analysis.LeftRecursiveRuleAnalyzer,720,1,1,1,1,1,1
NOS,method,antlr4,0.9,0.5,org.antlr.v4.analysis.LeftRecursiveRuleAnalyzer,720,1,1,1,1,1,1
NUMPAR,method,antlr4,0.9,0.5,org.antlr.v4.analysis.LeftRecursiveRuleAnalyzer,720,0,0,0,1,1,1
TLLOC,method,antlr4,0.9,0.5,org.antlr.v4.analysis.LeftRecursiveRuleAnalyzer,720,1,1,1,1,1,1
TLOC,method,antlr4,0.9,0.5,org.antlr.v4.analysis.LeftRecursiveRuleAnalyzer,720,1,1,1,1,1,1
TNOS,method,antlr4,0.9,0.5,org.antlr.v4.analysis.LeftRecursiveRuleAnalyzer,720,0,0,0,0,0,0
WarningBlocker,method,antlr4,0.9,0.5,org.antlr.v4.analysis.LeftRecursiveRuleAnalyzer,720,0,0,0,0,0,0
WarningCritical,method,antlr4,0.9,0.5,org.antlr.v4.analysis.LeftRecursiveRuleAnalyzer,720,0,0,0,0,0,0
WarningInfo,method,antlr4,0.9,0.5,org.antlr.v4.analysis.LeftRecursiveRuleAnalyzer,720,0,0,0,0,0,0
WarningMajor,method,antlr4,0.9,0.5,org.antlr.v4.analysis.LeftRecursiveRuleAnalyzer,720,0,0,0,0,0,0
WarningMinor,method,antlr4,0.9,0.5,org.antlr.v4.analysis.LeftRecursiveRuleAnalyzer,720,0,0,0,0,0,0
Android Rules,method,antlr4,0.9,0.5,org.antlr.v4.analysis.LeftRecursiveRuleAnalyzer,720,0,0,0,0,0,0
Basic Rules,method,antlr4,0.9,0.5,org.antlr.v4.analysis.LeftRecursiveRuleAnalyzer,720,0,0,0,0,0,0
Brace Rules,method,antlr4,0.9,0.5,org.antlr.v4.analysis.LeftRecursiveRuleAnalyzer,720,0,0,0,0,0,0
Clone Implementation Rules,method,antlr4,0.9,0.5,org.antlr.v4.analysis.LeftRecursiveRuleAnalyzer,720,0,0,0,0,0,0
Code Size Rules,method,antlr4,0.9,0.5,org.antlr.v4.analysis.LeftRecursiveRuleAnalyzer,720,0,0,0,0,0,0
Comment Rules,method,antlr4,0.9,0.5,org.antlr.v4.analysis.LeftRecursiveRuleAnalyzer,720,0,0,0,0,0,0
Controversial Rules,method,antlr4,0.9,0.5,org.antlr.v4.analysis.LeftRecursiveRuleAnalyzer,720,0,0,0,0,0,0
Coupling Rules,method,antlr4,0.9,0.5,org.antlr.v4.analysis.LeftRecursiveRuleAnalyzer,720,0,0,0,0,0,0
Design Rules,method,antlr4,0.9,0.5,org.antlr.v4.analysis.LeftRecursiveRuleAnalyzer,720,0,0,0,0,0,0
Empty Code Rules,method,antlr4,0.9,0.5,org.antlr.v4.analysis.LeftRecursiveRuleAnalyzer,720,0,0,0,0,0,0
Finalizer Rules,method,antlr4,0.9,0.5,org.antlr.v4.analysis.LeftRecursiveRuleAnalyzer,720,0,0,0,0,0,0
Import Statement Rules,method,antlr4,0.9,0.5,org.antlr.v4.analysis.LeftRecursiveRuleAnalyzer,720,0,0,0,0,0,0
J2EE Rules,method,antlr4,0.9,0.5,org.antlr.v4.analysis.LeftRecursiveRuleAnalyzer,720,0,0,0,0,0,0
JUnit Rules,method,antlr4,0.9,0.5,org.antlr.v4.analysis.LeftRecursiveRuleAnalyzer,720,0,0,0,0,0,0
Jakarta Commons Logging Rules,method,antlr4,0.9,0.5,org.antlr.v4.analysis.LeftRecursiveRuleAnalyzer,720,0,0,0,0,0,0
Java Logging Rules,method,antlr4,0.9,0.5,org.antlr.v4.analysis.LeftRecursiveRuleAnalyzer,720,0,0,0,0,0,0
JavaBean Rules,method,antlr4,0.9,0.5,org.antlr.v4.analysis.LeftRecursiveRuleAnalyzer,720,0,0,0,0,0,0
MigratingToJUnit4 Rules,method,antlr4,0.9,0.5,org.antlr.v4.analysis.LeftRecursiveRuleAnalyzer,720,0,0,0,0,0,0
Migration Rules,method,antlr4,0.9,0.5,org.antlr.v4.analysis.LeftRecursiveRuleAnalyzer,720,0,0,0,0,0,0
Migration13 Rules,method,antlr4,0.9,0.5,org.antlr.v4.analysis.LeftRecursiveRuleAnalyzer,720,0,0,0,0,0,0
Migration14 Rules,method,antlr4,0.9,0.5,org.antlr.v4.analysis.LeftRecursiveRuleAnalyzer,720,0,0,0,0,0,0
Migration15 Rules,method,antlr4,0.9,0.5,org.antlr.v4.analysis.LeftRecursiveRuleAnalyzer,720,0,0,0,0,0,0
Naming Rules,method,antlr4,0.9,0.5,org.antlr.v4.analysis.LeftRecursiveRuleAnalyzer,720,0,0,0,0,0,0
Optimization Rules,method,antlr4,0.9,0.5,org.antlr.v4.analysis.LeftRecursiveRuleAnalyzer,720,0,0,0,0,0,0
Security Code Guideline Rules,method,antlr4,0.9,0.5,org.antlr.v4.analysis.LeftRecursiveRuleAnalyzer,720,0,0,0,0,0,0
Strict Exception Rules,method,antlr4,0.9,0.5,org.antlr.v4.analysis.LeftRecursiveRuleAnalyzer,720,0,0,0,0,0,0
String and StringBuffer Rules,method,antlr4,0.9,0.5,org.antlr.v4.analysis.LeftRecursiveRuleAnalyzer,720,0,0,0,0,0,0
Type Resolution Rules,method,antlr4,0.9,0.5,org.antlr.v4.analysis.LeftRecursiveRuleAnalyzer,720,0,0,0,0,0,0
Unnecessary and Unused Code Rules,method,antlr4,0.9,0.5,org.antlr.v4.analysis.LeftRecursiveRuleAnalyzer,720,0,0,0,0,0,0
Vulnerability Rules,method,antlr4,0.9,0.5,org.antlr.v4.analysis.LeftRecursiveRuleAnalyzer,720,0,0,0,0,0,0
CC,method,antlr4,0.9,0.5,org.antlr.v4.test.tool.TestCompositeGrammars,1152,1,1,1,1,1,1
CCL,method,antlr4,0.9,0.5,org.antlr.v4.test.tool.TestCompositeGrammars,1152,1,1,1,1,1,1
CCO,method,antlr4,0.9,0.5,org.antlr.v4.test.tool.TestCompositeGrammars,1152,1,1,1,1,1,1
CI,method,antlr4,0.9,0.5,org.antlr.v4.test.tool.TestCompositeGrammars,1152,1,1,1,1,1,1
CLC,method,antlr4,0.9,0.5,org.antlr.v4.test.tool.TestCompositeGrammars,1152,1,1,1,1,1,1
CLLC,method,antlr4,0.9,0.5,org.antlr.v4.test.tool.TestCompositeGrammars,1152,1,1,1,1,1,1
LDC,method,antlr4,0.9,0.5,org.antlr.v4.test.tool.TestCompositeGrammars,1152,1,1,1,1,1,1
LLDC,method,antlr4,0.9,0.5,org.antlr.v4.test.tool.TestCompositeGrammars,1152,1,1,1,1,1,1
HCPL,method,antlr4,0.9,0.5,org.antlr.v4.test.tool.TestCompositeGrammars,1152,1,1,1,1,1,1
HDIF,method,antlr4,0.9,0.5,org.antlr.v4.test.tool.TestCompositeGrammars,1152,1,1,1,1,1,1
HEFF,method,antlr4,0.9,0.5,org.antlr.v4.test.tool.TestCompositeGrammars,1152,1,1,1,1,1,1
HNDB,method,antlr4,0.9,0.5,org.antlr.v4.test.tool.TestCompositeGrammars,1152,1,1,1,1,1,1
HPL,method,antlr4,0.9,0.5,org.antlr.v4.test.tool.TestCompositeGrammars,1152,1,1,1,1,1,1
HPV,method,antlr4,0.9,0.5,org.antlr.v4.test.tool.TestCompositeGrammars,1152,1,1,1,1,1,1
HTRP,method,antlr4,0.9,0.5,org.antlr.v4.test.tool.TestCompositeGrammars,1152,1,1,1,1,1,1
HVOL,method,antlr4,0.9,0.5,org.antlr.v4.test.tool.TestCompositeGrammars,1152,1,1,1,1,1,1
MI,method,antlr4,0.9,0.5,org.antlr.v4.test.tool.TestCompositeGrammars,1152,1,1,1,1,1,1
MIMS,method,antlr4,0.9,0.5,org.antlr.v4.test.tool.TestCompositeGrammars,1152,1,1,1,1,1,1
MISEI,method,antlr4,0.9,0.5,org.antlr.v4.test.tool.TestCompositeGrammars,1152,1,1,1,1,1,1
MISM,method,antlr4,0.9,0.5,org.antlr.v4.test.tool.TestCompositeGrammars,1152,1,1,1,1,1,1
McCC,method,antlr4,0.9,0.5,org.antlr.v4.test.tool.TestCompositeGrammars,1152,0,0,0,1,1,1
NL,method,antlr4,0.9,0.5,org.antlr.v4.test.tool.TestCompositeGrammars,1152,0,0,0,1,1,1
NLE,method,antlr4,0.9,0.5,org.antlr.v4.test.tool.TestCompositeGrammars,1152,0,0,0,1,1,1
NII,method,antlr4,0.9,0.5,org.antlr.v4.test.tool.TestCompositeGrammars,1152,0,0,0,1,1,1
NOI,method,antlr4,0.9,0.5,org.antlr.v4.test.tool.TestCompositeGrammars,1152,0,0,0,1,1,1
CD,method,antlr4,0.9,0.5,org.antlr.v4.test.tool.TestCompositeGrammars,1152,1,1,1,1,1,1
CLOC,method,antlr4,0.9,0.5,org.antlr.v4.test.tool.TestCompositeGrammars,1152,1,1,1,1,1,1
DLOC,method,antlr4,0.9,0.5,org.antlr.v4.test.tool.TestCompositeGrammars,1152,0,0,0,1,1,1
TCD,method,antlr4,0.9,0.5,org.antlr.v4.test.tool.TestCompositeGrammars,1152,1,1,1,1,1,1
TCLOC,method,antlr4,0.9,0.5,org.antlr.v4.test.tool.TestCompositeGrammars,1152,1,1,1,1,1,1
LLOC,method,antlr4,0.9,0.5,org.antlr.v4.test.tool.TestCompositeGrammars,1152,1,1,1,1,1,1
LOC,method,antlr4,0.9,0.5,org.antlr.v4.test.tool.TestCompositeGrammars,1152,1,1,1,1,1,1
NOS,method,antlr4,0.9,0.5,org.antlr.v4.test.tool.TestCompositeGrammars,1152,1,1,1,1,1,1
NUMPAR,method,antlr4,0.9,0.5,org.antlr.v4.test.tool.TestCompositeGrammars,1152,0,0,0,1,1,1
TLLOC,method,antlr4,0.9,0.5,org.antlr.v4.test.tool.TestCompositeGrammars,1152,1,1,1,1,1,1
TLOC,method,antlr4,0.9,0.5,org.antlr.v4.test.tool.TestCompositeGrammars,1152,1,1,1,1,1,1
TNOS,method,antlr4,0.9,0.5,org.antlr.v4.test.tool.TestCompositeGrammars,1152,0,0,0,0,0,0
WarningBlocker,method,antlr4,0.9,0.5,org.antlr.v4.test.tool.TestCompositeGrammars,1152,0,0,0,0,0,0
WarningCritical,method,antlr4,0.9,0.5,org.antlr.v4.test.tool.TestCompositeGrammars,1152,0,0,0,0,0,0
WarningInfo,method,antlr4,0.9,0.5,org.antlr.v4.test.tool.TestCompositeGrammars,1152,0,0,0,0,0,0
WarningMajor,method,antlr4,0.9,0.5,org.antlr.v4.test.tool.TestCompositeGrammars,1152,0,0,0,0,0,0
WarningMinor,method,antlr4,0.9,0.5,org.antlr.v4.test.tool.TestCompositeGrammars,1152,0,0,0,0,0,0
Android Rules,method,antlr4,0.9,0.5,org.antlr.v4.test.tool.TestCompositeGrammars,1152,0,0,0,0,0,0
Basic Rules,method,antlr4,0.9,0.5,org.antlr.v4.test.tool.TestCompositeGrammars,1152,0,0,0,0,0,0
Brace Rules,method,antlr4,0.9,0.5,org.antlr.v4.test.tool.TestCompositeGrammars,1152,0,0,0,0,0,0
Clone Implementation Rules,method,antlr4,0.9,0.5,org.antlr.v4.test.tool.TestCompositeGrammars,1152,0,0,0,0,0,0
Code Size Rules,method,antlr4,0.9,0.5,org.antlr.v4.test.tool.TestCompositeGrammars,1152,0,0,0,0,0,0
Comment Rules,method,antlr4,0.9,0.5,org.antlr.v4.test.tool.TestCompositeGrammars,1152,0,0,0,0,0,0
Controversial Rules,method,antlr4,0.9,0.5,org.antlr.v4.test.tool.TestCompositeGrammars,1152,0,0,0,0,0,0
Coupling Rules,method,antlr4,0.9,0.5,org.antlr.v4.test.tool.TestCompositeGrammars,1152,0,0,0,0,0,0
Design Rules,method,antlr4,0.9,0.5,org.antlr.v4.test.tool.TestCompositeGrammars,1152,0,0,0,0,0,0
Empty Code Rules,method,antlr4,0.9,0.5,org.antlr.v4.test.tool.TestCompositeGrammars,1152,0,0,0,0,0,0
Finalizer Rules,method,antlr4,0.9,0.5,org.antlr.v4.test.tool.TestCompositeGrammars,1152,0,0,0,0,0,0
Import Statement Rules,method,antlr4,0.9,0.5,org.antlr.v4.test.tool.TestCompositeGrammars,1152,0,0,0,0,0,0
J2EE Rules,method,antlr4,0.9,0.5,org.antlr.v4.test.tool.TestCompositeGrammars,1152,0,0,0,0,0,0
JUnit Rules,method,antlr4,0.9,0.5,org.antlr.v4.test.tool.TestCompositeGrammars,1152,0,0,0,0,0,0
Jakarta Commons Logging Rules,method,antlr4,0.9,0.5,org.antlr.v4.test.tool.TestCompositeGrammars,1152,0,0,0,0,0,0
Java Logging Rules,method,antlr4,0.9,0.5,org.antlr.v4.test.tool.TestCompositeGrammars,1152,0,0,0,0,0,0
JavaBean Rules,method,antlr4,0.9,0.5,org.antlr.v4.test.tool.TestCompositeGrammars,1152,0,0,0,0,0,0
MigratingToJUnit4 Rules,method,antlr4,0.9,0.5,org.antlr.v4.test.tool.TestCompositeGrammars,1152,0,0,0,0,0,0
Migration Rules,method,antlr4,0.9,0.5,org.antlr.v4.test.tool.TestCompositeGrammars,1152,0,0,0,0,0,0
Migration13 Rules,method,antlr4,0.9,0.5,org.antlr.v4.test.tool.TestCompositeGrammars,1152,0,0,0,0,0,0
Migration14 Rules,method,antlr4,0.9,0.5,org.antlr.v4.test.tool.TestCompositeGrammars,1152,0,0,0,0,0,0
Migration15 Rules,method,antlr4,0.9,0.5,org.antlr.v4.test.tool.TestCompositeGrammars,1152,0,0,0,0,0,0
Naming Rules,method,antlr4,0.9,0.5,org.antlr.v4.test.tool.TestCompositeGrammars,1152,0,0,0,0,0,0
Optimization Rules,method,antlr4,0.9,0.5,org.antlr.v4.test.tool.TestCompositeGrammars,1152,0,0,0,0,0,0
Security Code Guideline Rules,method,antlr4,0.9,0.5,org.antlr.v4.test.tool.TestCompositeGrammars,1152,0,0,0,0,0,0
Strict Exception Rules,method,antlr4,0.9,0.5,org.antlr.v4.test.tool.TestCompositeGrammars,1152,0,0,0,0,0,0
String and StringBuffer Rules,method,antlr4,0.9,0.5,org.antlr.v4.test.tool.TestCompositeGrammars,1152,0,0,0,0,0,0
Type Resolution Rules,method,antlr4,0.9,0.5,org.antlr.v4.test.tool.TestCompositeGrammars,1152,0,0,0,0,0,0
Unnecessary and Unused Code Rules,method,antlr4,0.9,0.5,org.antlr.v4.test.tool.TestCompositeGrammars,1152,0,0,0,0,0,0
Vulnerability Rules,method,antlr4,0.9,0.5,org.antlr.v4.test.tool.TestCompositeGrammars,1152,0,0,0,0,0,0
CC,method,antlr4,0.9,0.5,org.antlr.v4.runtime.LexerNoViableAltException,144,0,0,0,1,1,1
CCL,method,antlr4,0.9,0.5,org.antlr.v4.runtime.LexerNoViableAltException,144,0,0,0,1,1,1
CCO,method,antlr4,0.9,0.5,org.antlr.v4.runtime.LexerNoViableAltException,144,0,0,0,1,1,1
CI,method,antlr4,0.9,0.5,org.antlr.v4.runtime.LexerNoViableAltException,144,0,0,0,1,1,1
CLC,method,antlr4,0.9,0.5,org.antlr.v4.runtime.LexerNoViableAltException,144,0,0,0,1,1,1
CLLC,method,antlr4,0.9,0.5,org.antlr.v4.runtime.LexerNoViableAltException,144,0,0,0,1,1,1
LDC,method,antlr4,0.9,0.5,org.antlr.v4.runtime.LexerNoViableAltException,144,0,0,0,1,1,1
LLDC,method,antlr4,0.9,0.5,org.antlr.v4.runtime.LexerNoViableAltException,144,0,0,0,1,1,1
HCPL,method,antlr4,0.9,0.5,org.antlr.v4.runtime.LexerNoViableAltException,144,1,1,1,1,1,1
HDIF,method,antlr4,0.9,0.5,org.antlr.v4.runtime.LexerNoViableAltException,144,1,1,1,1,1,1
HEFF,method,antlr4,0.9,0.5,org.antlr.v4.runtime.LexerNoViableAltException,144,1,1,1,1,1,1
HNDB,method,antlr4,0.9,0.5,org.antlr.v4.runtime.LexerNoViableAltException,144,1,1,1,1,1,1
HPL,method,antlr4,0.9,0.5,org.antlr.v4.runtime.LexerNoViableAltException,144,1,1,1,1,1,1
HPV,method,antlr4,0.9,0.5,org.antlr.v4.runtime.LexerNoViableAltException,144,1,1,1,1,1,1
HTRP,method,antlr4,0.9,0.5,org.antlr.v4.runtime.LexerNoViableAltException,144,1,1,1,1,1,1
HVOL,method,antlr4,0.9,0.5,org.antlr.v4.runtime.LexerNoViableAltException,144,1,1,1,1,1,1
MI,method,antlr4,0.9,0.5,org.antlr.v4.runtime.LexerNoViableAltException,144,1,1,1,1,1,1
MIMS,method,antlr4,0.9,0.5,org.antlr.v4.runtime.LexerNoViableAltException,144,1,1,1,1,1,1
MISEI,method,antlr4,0.9,0.5,org.antlr.v4.runtime.LexerNoViableAltException,144,1,1,1,1,1,1
MISM,method,antlr4,0.9,0.5,org.antlr.v4.runtime.LexerNoViableAltException,144,1,1,1,1,1,1
McCC,method,antlr4,0.9,0.5,org.antlr.v4.runtime.LexerNoViableAltException,144,0,0,0,1,1,1
NL,method,antlr4,0.9,0.5,org.antlr.v4.runtime.LexerNoViableAltException,144,0,0,0,1,1,1
NLE,method,antlr4,0.9,0.5,org.antlr.v4.runtime.LexerNoViableAltException,144,0,0,0,1,1,1
NII,method,antlr4,0.9,0.5,org.antlr.v4.runtime.LexerNoViableAltException,144,0,0,0,1,1,1
NOI,method,antlr4,0.9,0.5,org.antlr.v4.runtime.LexerNoViableAltException,144,0,0,0,1,1,1
CD,method,antlr4,0.9,0.5,org.antlr.v4.runtime.LexerNoViableAltException,144,0,0,0,1,1,1
CLOC,method,antlr4,0.9,0.5,org.antlr.v4.runtime.LexerNoViableAltException,144,0,0,0,1,1,1
DLOC,method,antlr4,0.9,0.5,org.antlr.v4.runtime.LexerNoViableAltException,144,0,0,0,1,1,1
TCD,method,antlr4,0.9,0.5,org.antlr.v4.runtime.LexerNoViableAltException,144,0,0,0,1,1,1
TCLOC,method,antlr4,0.9,0.5,org.antlr.v4.runtime.LexerNoViableAltException,144,0,0,0,1,1,1
LLOC,method,antlr4,0.9,0.5,org.antlr.v4.runtime.LexerNoViableAltException,144,0,0,0,1,1,1
LOC,method,antlr4,0.9,0.5,org.antlr.v4.runtime.LexerNoViableAltException,144,0,0,0,1,1,1
NOS,method,antlr4,0.9,0.5,org.antlr.v4.runtime.LexerNoViableAltException,144,0,0,0,1,1,1
NUMPAR,method,antlr4,0.9,0.5,org.antlr.v4.runtime.LexerNoViableAltException,144,0,0,0,1,1,1
TLLOC,method,antlr4,0.9,0.5,org.antlr.v4.runtime.LexerNoViableAltException,144,0,0,0,1,1,1
TLOC,method,antlr4,0.9,0.5,org.antlr.v4.runtime.LexerNoViableAltException,144,0,0,0,1,1,1
TNOS,method,antlr4,0.9,0.5,org.antlr.v4.runtime.LexerNoViableAltException,144,0,0,0,0,0,0
WarningBlocker,method,antlr4,0.9,0.5,org.antlr.v4.runtime.LexerNoViableAltException,144,0,0,0,0,0,0
WarningCritical,method,antlr4,0.9,0.5,org.antlr.v4.runtime.LexerNoViableAltException,144,0,0,0,0,0,0
WarningInfo,method,antlr4,0.9,0.5,org.antlr.v4.runtime.LexerNoViableAltException,144,0,0,0,0,0,0
WarningMajor,method,antlr4,0.9,0.5,org.antlr.v4.runtime.LexerNoViableAltException,144,0,0,0,0,0,0
WarningMinor,method,antlr4,0.9,0.5,org.antlr.v4.runtime.LexerNoViableAltException,144,0,0,0,0,0,0
Android Rules,method,antlr4,0.9,0.5,org.antlr.v4.runtime.LexerNoViableAltException,144,0,0,0,0,0,0
Basic Rules,method,antlr4,0.9,0.5,org.antlr.v4.runtime.LexerNoViableAltException,144,0,0,0,0,0,0
Brace Rules,method,antlr4,0.9,0.5,org.antlr.v4.runtime.LexerNoViableAltException,144,0,0,0,0,0,0
Clone Implementation Rules,method,antlr4,0.9,0.5,org.antlr.v4.runtime.LexerNoViableAltException,144,0,0,0,0,0,0
Code Size Rules,method,antlr4,0.9,0.5,org.antlr.v4.runtime.LexerNoViableAltException,144,0,0,0,0,0,0
Comment Rules,method,antlr4,0.9,0.5,org.antlr.v4.runtime.LexerNoViableAltException,144,0,0,0,0,0,0
Controversial Rules,method,antlr4,0.9,0.5,org.antlr.v4.runtime.LexerNoViableAltException,144,0,0,0,0,0,0
Coupling Rules,method,antlr4,0.9,0.5,org.antlr.v4.runtime.LexerNoViableAltException,144,0,0,0,0,0,0
Design Rules,method,antlr4,0.9,0.5,org.antlr.v4.runtime.LexerNoViableAltException,144,0,0,0,0,0,0
Empty Code Rules,method,antlr4,0.9,0.5,org.antlr.v4.runtime.LexerNoViableAltException,144,0,0,0,0,0,0
Finalizer Rules,method,antlr4,0.9,0.5,org.antlr.v4.runtime.LexerNoViableAltException,144,0,0,0,0,0,0
Import Statement Rules,method,antlr4,0.9,0.5,org.antlr.v4.runtime.LexerNoViableAltException,144,0,0,0,0,0,0
J2EE Rules,method,antlr4,0.9,0.5,org.antlr.v4.runtime.LexerNoViableAltException,144,0,0,0,0,0,0
JUnit Rules,method,antlr4,0.9,0.5,org.antlr.v4.runtime.LexerNoViableAltException,144,0,0,0,0,0,0
Jakarta Commons Logging Rules,method,antlr4,0.9,0.5,org.antlr.v4.runtime.LexerNoViableAltException,144,0,0,0,0,0,0
Java Logging Rules,method,antlr4,0.9,0.5,org.antlr.v4.runtime.LexerNoViableAltException,144,0,0,0,0,0,0
JavaBean Rules,method,antlr4,0.9,0.5,org.antlr.v4.runtime.LexerNoViableAltException,144,0,0,0,0,0,0
MigratingToJUnit4 Rules,method,antlr4,0.9,0.5,org.antlr.v4.runtime.LexerNoViableAltException,144,0,0,0,0,0,0
Migration Rules,method,antlr4,0.9,0.5,org.antlr.v4.runtime.LexerNoViableAltException,144,0,0,0,0,0,0
Migration13 Rules,method,antlr4,0.9,0.5,org.antlr.v4.runtime.LexerNoViableAltException,144,0,0,0,0,0,0
Migration14 Rules,method,antlr4,0.9,0.5,org.antlr.v4.runtime.LexerNoViableAltException,144,0,0,0,0,0,0
Migration15 Rules,method,antlr4,0.9,0.5,org.antlr.v4.runtime.LexerNoViableAltException,144,0,0,0,0,0,0
Naming Rules,method,antlr4,0.9,0.5,org.antlr.v4.runtime.LexerNoViableAltException,144,0,0,0,0,0,0
Optimization Rules,method,antlr4,0.9,0.5,org.antlr.v4.runtime.LexerNoViableAltException,144,0,0,0,0,0,0
Security Code Guideline Rules,method,antlr4,0.9,0.5,org.antlr.v4.runtime.LexerNoViableAltException,144,0,0,0,0,0,0
Strict Exception Rules,method,antlr4,0.9,0.5,org.antlr.v4.runtime.LexerNoViableAltException,144,0,0,0,0,0,0
String and StringBuffer Rules,method,antlr4,0.9,0.5,org.antlr.v4.runtime.LexerNoViableAltException,144,0,0,0,0,0,0
Type Resolution Rules,method,antlr4,0.9,0.5,org.antlr.v4.runtime.LexerNoViableAltException,144,0,0,0,0,0,0
Unnecessary and Unused Code Rules,method,antlr4,0.9,0.5,org.antlr.v4.runtime.LexerNoViableAltException,144,0,0,0,0,0,0
Vulnerability Rules,method,antlr4,0.9,0.5,org.antlr.v4.runtime.LexerNoViableAltException,144,0,0,0,0,0,0
CC,method,antlr4,0.9,0.5,org.antlr.v4.runtime.atn.ATNSimulator,288,0,0,0,1,1,1
CCL,method,antlr4,0.9,0.5,org.antlr.v4.runtime.atn.ATNSimulator,288,0,0,0,1,1,1
CCO,method,antlr4,0.9,0.5,org.antlr.v4.runtime.atn.ATNSimulator,288,0,0,0,1,1,1
CI,method,antlr4,0.9,0.5,org.antlr.v4.runtime.atn.ATNSimulator,288,0,0,0,1,1,1
CLC,method,antlr4,0.9,0.5,org.antlr.v4.runtime.atn.ATNSimulator,288,0,0,0,1,1,1
CLLC,method,antlr4,0.9,0.5,org.antlr.v4.runtime.atn.ATNSimulator,288,0,0,0,1,1,1
LDC,method,antlr4,0.9,0.5,org.antlr.v4.runtime.atn.ATNSimulator,288,0,0,0,1,1,1
LLDC,method,antlr4,0.9,0.5,org.antlr.v4.runtime.atn.ATNSimulator,288,0,0,0,1,1,1
HCPL,method,antlr4,0.9,0.5,org.antlr.v4.runtime.atn.ATNSimulator,288,1,1,1,1,1,1
HDIF,method,antlr4,0.9,0.5,org.antlr.v4.runtime.atn.ATNSimulator,288,1,1,1,1,1,1
HEFF,method,antlr4,0.9,0.5,org.antlr.v4.runtime.atn.ATNSimulator,288,1,1,1,1,1,1
HNDB,method,antlr4,0.9,0.5,org.antlr.v4.runtime.atn.ATNSimulator,288,1,1,1,1,1,1
HPL,method,antlr4,0.9,0.5,org.antlr.v4.runtime.atn.ATNSimulator,288,1,1,1,1,1,1
HPV,method,antlr4,0.9,0.5,org.antlr.v4.runtime.atn.ATNSimulator,288,1,1,1,1,1,1
HTRP,method,antlr4,0.9,0.5,org.antlr.v4.runtime.atn.ATNSimulator,288,1,1,1,1,1,1
HVOL,method,antlr4,0.9,0.5,org.antlr.v4.runtime.atn.ATNSimulator,288,1,1,1,1,1,1
MI,method,antlr4,0.9,0.5,org.antlr.v4.runtime.atn.ATNSimulator,288,1,1,1,1,1,1
MIMS,method,antlr4,0.9,0.5,org.antlr.v4.runtime.atn.ATNSimulator,288,1,1,1,1,1,1
MISEI,method,antlr4,0.9,0.5,org.antlr.v4.runtime.atn.ATNSimulator,288,1,1,1,1,1,1
MISM,method,antlr4,0.9,0.5,org.antlr.v4.runtime.atn.ATNSimulator,288,1,1,1,1,1,1
McCC,method,antlr4,0.9,0.5,org.antlr.v4.runtime.atn.ATNSimulator,288,1,1,1,1,1,1
NL,method,antlr4,0.9,0.5,org.antlr.v4.runtime.atn.ATNSimulator,288,1,1,1,1,1,1
NLE,method,antlr4,0.9,0.5,org.antlr.v4.runtime.atn.ATNSimulator,288,1,1,1,1,1,1
NII,method,antlr4,0.9,0.5,org.antlr.v4.runtime.atn.ATNSimulator,288,1,1,1,1,1,1
NOI,method,antlr4,0.9,0.5,org.antlr.v4.runtime.atn.ATNSimulator,288,1,1,1,1,1,1
CD,method,antlr4,0.9,0.5,org.antlr.v4.runtime.atn.ATNSimulator,288,1,1,1,1,1,1
CLOC,method,antlr4,0.9,0.5,org.antlr.v4.runtime.atn.ATNSimulator,288,1,1,1,1,1,1
DLOC,method,antlr4,0.9,0.5,org.antlr.v4.runtime.atn.ATNSimulator,288,0,0,0,1,1,1
TCD,method,antlr4,0.9,0.5,org.antlr.v4.runtime.atn.ATNSimulator,288,1,1,1,1,1,1
TCLOC,method,antlr4,0.9,0.5,org.antlr.v4.runtime.atn.ATNSimulator,288,1,1,1,1,1,1
LLOC,method,antlr4,0.9,0.5,org.antlr.v4.runtime.atn.ATNSimulator,288,1,1,1,1,1,1
LOC,method,antlr4,0.9,0.5,org.antlr.v4.runtime.atn.ATNSimulator,288,1,1,1,1,1,1
NOS,method,antlr4,0.9,0.5,org.antlr.v4.runtime.atn.ATNSimulator,288,1,1,1,1,1,1
NUMPAR,method,antlr4,0.9,0.5,org.antlr.v4.runtime.atn.ATNSimulator,288,1,1,1,1,1,1
TLLOC,method,antlr4,0.9,0.5,org.antlr.v4.runtime.atn.ATNSimulator,288,1,1,1,1,1,1
TLOC,method,antlr4,0.9,0.5,org.antlr.v4.runtime.atn.ATNSimulator,288,1,1,1,1,1,1
TNOS,method,antlr4,0.9,0.5,org.antlr.v4.runtime.atn.ATNSimulator,288,0,0,0,0,0,0
WarningBlocker,method,antlr4,0.9,0.5,org.antlr.v4.runtime.atn.ATNSimulator,288,0,0,0,0,0,0
WarningCritical,method,antlr4,0.9,0.5,org.antlr.v4.runtime.atn.ATNSimulator,288,0,0,0,0,0,0
WarningInfo,method,antlr4,0.9,0.5,org.antlr.v4.runtime.atn.ATNSimulator,288,0,0,0,0,0,0
WarningMajor,method,antlr4,0.9,0.5,org.antlr.v4.runtime.atn.ATNSimulator,288,0,0,0,0,0,0
WarningMinor,method,antlr4,0.9,0.5,org.antlr.v4.runtime.atn.ATNSimulator,288,0,0,0,0,0,0
Android Rules,method,antlr4,0.9,0.5,org.antlr.v4.runtime.atn.ATNSimulator,288,0,0,0,0,0,0
Basic Rules,method,antlr4,0.9,0.5,org.antlr.v4.runtime.atn.ATNSimulator,288,0,0,0,0,0,0
Brace Rules,method,antlr4,0.9,0.5,org.antlr.v4.runtime.atn.ATNSimulator,288,0,0,0,0,0,0
Clone Implementation Rules,method,antlr4,0.9,0.5,org.antlr.v4.runtime.atn.ATNSimulator,288,0,0,0,0,0,0
Code Size Rules,method,antlr4,0.9,0.5,org.antlr.v4.runtime.atn.ATNSimulator,288,0,0,0,0,0,0
Comment Rules,method,antlr4,0.9,0.5,org.antlr.v4.runtime.atn.ATNSimulator,288,0,0,0,0,0,0
Controversial Rules,method,antlr4,0.9,0.5,org.antlr.v4.runtime.atn.ATNSimulator,288,0,0,0,0,0,0
Coupling Rules,method,antlr4,0.9,0.5,org.antlr.v4.runtime.atn.ATNSimulator,288,0,0,0,0,0,0
Design Rules,method,antlr4,0.9,0.5,org.antlr.v4.runtime.atn.ATNSimulator,288,0,0,0,0,0,0
Empty Code Rules,method,antlr4,0.9,0.5,org.antlr.v4.runtime.atn.ATNSimulator,288,0,0,0,0,0,0
Finalizer Rules,method,antlr4,0.9,0.5,org.antlr.v4.runtime.atn.ATNSimulator,288,0,0,0,0,0,0
Import Statement Rules,method,antlr4,0.9,0.5,org.antlr.v4.runtime.atn.ATNSimulator,288,0,0,0,0,0,0
J2EE Rules,method,antlr4,0.9,0.5,org.antlr.v4.runtime.atn.ATNSimulator,288,0,0,0,0,0,0
JUnit Rules,method,antlr4,0.9,0.5,org.antlr.v4.runtime.atn.ATNSimulator,288,0,0,0,0,0,0
Jakarta Commons Logging Rules,method,antlr4,0.9,0.5,org.antlr.v4.runtime.atn.ATNSimulator,288,0,0,0,0,0,0
Java Logging Rules,method,antlr4,0.9,0.5,org.antlr.v4.runtime.atn.ATNSimulator,288,0,0,0,0,0,0
JavaBean Rules,method,antlr4,0.9,0.5,org.antlr.v4.runtime.atn.ATNSimulator,288,0,0,0,0,0,0
MigratingToJUnit4 Rules,method,antlr4,0.9,0.5,org.antlr.v4.runtime.atn.ATNSimulator,288,0,0,0,0,0,0
Migration Rules,method,antlr4,0.9,0.5,org.antlr.v4.runtime.atn.ATNSimulator,288,0,0,0,0,0,0
Migration13 Rules,method,antlr4,0.9,0.5,org.antlr.v4.runtime.atn.ATNSimulator,288,0,0,0,0,0,0
Migration14 Rules,method,antlr4,0.9,0.5,org.antlr.v4.runtime.atn.ATNSimulator,288,0,0,0,0,0,0
Migration15 Rules,method,antlr4,0.9,0.5,org.antlr.v4.runtime.atn.ATNSimulator,288,0,0,0,0,0,0
Naming Rules,method,antlr4,0.9,0.5,org.antlr.v4.runtime.atn.ATNSimulator,288,0,0,0,0,0,0
Optimization Rules,method,antlr4,0.9,0.5,org.antlr.v4.runtime.atn.ATNSimulator,288,0,0,0,0,0,0
Security Code Guideline Rules,method,antlr4,0.9,0.5,org.antlr.v4.runtime.atn.ATNSimulator,288,0,0,0,0,0,0
Strict Exception Rules,method,antlr4,0.9,0.5,org.antlr.v4.runtime.atn.ATNSimulator,288,0,0,0,0,0,0
String and StringBuffer Rules,method,antlr4,0.9,0.5,org.antlr.v4.runtime.atn.ATNSimulator,288,0,0,0,0,0,0
Type Resolution Rules,method,antlr4,0.9,0.5,org.antlr.v4.runtime.atn.ATNSimulator,288,0,0,0,0,0,0
Unnecessary and Unused Code Rules,method,antlr4,0.9,0.5,org.antlr.v4.runtime.atn.ATNSimulator,288,0,0,0,0,0,0
Vulnerability Rules,method,antlr4,0.9,0.5,org.antlr.v4.runtime.atn.ATNSimulator,288,0,0,0,0,0,0
CC,method,antlr4,0.9,0.5,org.antlr.v4.test.TestActionTranslation,792,0,0,0,1,1,1
CCL,method,antlr4,0.9,0.5,org.antlr.v4.test.TestActionTranslation,792,0,0,0,1,1,1
CCO,method,antlr4,0.9,0.5,org.antlr.v4.test.TestActionTranslation,792,0,0,0,1,1,1
CI,method,antlr4,0.9,0.5,org.antlr.v4.test.TestActionTranslation,792,0,0,0,1,1,1
CLC,method,antlr4,0.9,0.5,org.antlr.v4.test.TestActionTranslation,792,0,0,0,1,1,1
CLLC,method,antlr4,0.9,0.5,org.antlr.v4.test.TestActionTranslation,792,0,0,0,1,1,1
LDC,method,antlr4,0.9,0.5,org.antlr.v4.test.TestActionTranslation,792,0,0,0,1,1,1
LLDC,method,antlr4,0.9,0.5,org.antlr.v4.test.TestActionTranslation,792,0,0,0,1,1,1
HCPL,method,antlr4,0.9,0.5,org.antlr.v4.test.TestActionTranslation,792,1,1,1,1,1,1
HDIF,method,antlr4,0.9,0.5,org.antlr.v4.test.TestActionTranslation,792,1,1,1,1,1,1
HEFF,method,antlr4,0.9,0.5,org.antlr.v4.test.TestActionTranslation,792,1,1,1,1,1,1
HNDB,method,antlr4,0.9,0.5,org.antlr.v4.test.TestActionTranslation,792,1,1,1,1,1,1
HPL,method,antlr4,0.9,0.5,org.antlr.v4.test.TestActionTranslation,792,1,1,1,1,1,1
HPV,method,antlr4,0.9,0.5,org.antlr.v4.test.TestActionTranslation,792,1,1,1,1,1,1
HTRP,method,antlr4,0.9,0.5,org.antlr.v4.test.TestActionTranslation,792,1,1,1,1,1,1
HVOL,method,antlr4,0.9,0.5,org.antlr.v4.test.TestActionTranslation,792,1,1,1,1,1,1
MI,method,antlr4,0.9,0.5,org.antlr.v4.test.TestActionTranslation,792,1,1,1,1,1,1
MIMS,method,antlr4,0.9,0.5,org.antlr.v4.test.TestActionTranslation,792,1,1,1,1,1,1
MISEI,method,antlr4,0.9,0.5,org.antlr.v4.test.TestActionTranslation,792,1,1,1,1,1,1
MISM,method,antlr4,0.9,0.5,org.antlr.v4.test.TestActionTranslation,792,1,1,1,1,1,1
McCC,method,antlr4,0.9,0.5,org.antlr.v4.test.TestActionTranslation,792,0,0,0,1,1,1
NL,method,antlr4,0.9,0.5,org.antlr.v4.test.TestActionTranslation,792,0,0,0,1,1,1
NLE,method,antlr4,0.9,0.5,org.antlr.v4.test.TestActionTranslation,792,0,0,0,1,1,1
NII,method,antlr4,0.9,0.5,org.antlr.v4.test.TestActionTranslation,792,0,0,0,1,1,1
NOI,method,antlr4,0.9,0.5,org.antlr.v4.test.TestActionTranslation,792,0,0,0,1,1,1
CD,method,antlr4,0.9,0.5,org.antlr.v4.test.TestActionTranslation,792,1,1,1,1,1,1
CLOC,method,antlr4,0.9,0.5,org.antlr.v4.test.TestActionTranslation,792,1,1,1,1,1,1
DLOC,method,antlr4,0.9,0.5,org.antlr.v4.test.TestActionTranslation,792,0,0,0,1,1,1
TCD,method,antlr4,0.9,0.5,org.antlr.v4.test.TestActionTranslation,792,1,1,1,1,1,1
TCLOC,method,antlr4,0.9,0.5,org.antlr.v4.test.TestActionTranslation,792,1,1,1,1,1,1
LLOC,method,antlr4,0.9,0.5,org.antlr.v4.test.TestActionTranslation,792,1,1,1,1,1,1
LOC,method,antlr4,0.9,0.5,org.antlr.v4.test.TestActionTranslation,792,1,1,1,1,1,1
NOS,method,antlr4,0.9,0.5,org.antlr.v4.test.TestActionTranslation,792,1,1,1,1,1,1
NUMPAR,method,antlr4,0.9,0.5,org.antlr.v4.test.TestActionTranslation,792,0,0,0,1,1,1
TLLOC,method,antlr4,0.9,0.5,org.antlr.v4.test.TestActionTranslation,792,1,1,1,1,1,1
TLOC,method,antlr4,0.9,0.5,org.antlr.v4.test.TestActionTranslation,792,1,1,1,1,1,1
TNOS,method,antlr4,0.9,0.5,org.antlr.v4.test.TestActionTranslation,792,0,0,0,0,0,0
WarningBlocker,method,antlr4,0.9,0.5,org.antlr.v4.test.TestActionTranslation,792,0,0,0,0,0,0
WarningCritical,method,antlr4,0.9,0.5,org.antlr.v4.test.TestActionTranslation,792,0,0,0,0,0,0
WarningInfo,method,antlr4,0.9,0.5,org.antlr.v4.test.TestActionTranslation,792,0,0,0,0,0,0
WarningMajor,method,antlr4,0.9,0.5,org.antlr.v4.test.TestActionTranslation,792,0,0,0,0,0,0
WarningMinor,method,antlr4,0.9,0.5,org.antlr.v4.test.TestActionTranslation,792,0,0,0,0,0,0
Android Rules,method,antlr4,0.9,0.5,org.antlr.v4.test.TestActionTranslation,792,0,0,0,0,0,0
Basic Rules,method,antlr4,0.9,0.5,org.antlr.v4.test.TestActionTranslation,792,0,0,0,0,0,0
Brace Rules,method,antlr4,0.9,0.5,org.antlr.v4.test.TestActionTranslation,792,0,0,0,0,0,0
Clone Implementation Rules,method,antlr4,0.9,0.5,org.antlr.v4.test.TestActionTranslation,792,0,0,0,0,0,0
Code Size Rules,method,antlr4,0.9,0.5,org.antlr.v4.test.TestActionTranslation,792,0,0,0,0,0,0
Comment Rules,method,antlr4,0.9,0.5,org.antlr.v4.test.TestActionTranslation,792,0,0,0,0,0,0
Controversial Rules,method,antlr4,0.9,0.5,org.antlr.v4.test.TestActionTranslation,792,0,0,0,0,0,0
Coupling Rules,method,antlr4,0.9,0.5,org.antlr.v4.test.TestActionTranslation,792,0,0,0,0,0,0
Design Rules,method,antlr4,0.9,0.5,org.antlr.v4.test.TestActionTranslation,792,0,0,0,0,0,0
Empty Code Rules,method,antlr4,0.9,0.5,org.antlr.v4.test.TestActionTranslation,792,0,0,0,0,0,0
Finalizer Rules,method,antlr4,0.9,0.5,org.antlr.v4.test.TestActionTranslation,792,0,0,0,0,0,0
Import Statement Rules,method,antlr4,0.9,0.5,org.antlr.v4.test.TestActionTranslation,792,0,0,0,0,0,0
J2EE Rules,method,antlr4,0.9,0.5,org.antlr.v4.test.TestActionTranslation,792,0,0,0,0,0,0
JUnit Rules,method,antlr4,0.9,0.5,org.antlr.v4.test.TestActionTranslation,792,0,0,0,0,0,0
Jakarta Commons Logging Rules,method,antlr4,0.9,0.5,org.antlr.v4.test.TestActionTranslation,792,0,0,0,0,0,0
Java Logging Rules,method,antlr4,0.9,0.5,org.antlr.v4.test.TestActionTranslation,792,0,0,0,0,0,0
JavaBean Rules,method,antlr4,0.9,0.5,org.antlr.v4.test.TestActionTranslation,792,0,0,0,0,0,0
MigratingToJUnit4 Rules,method,antlr4,0.9,0.5,org.antlr.v4.test.TestActionTranslation,792,0,0,0,0,0,0
Migration Rules,method,antlr4,0.9,0.5,org.antlr.v4.test.TestActionTranslation,792,0,0,0,0,0,0
Migration13 Rules,method,antlr4,0.9,0.5,org.antlr.v4.test.TestActionTranslation,792,0,0,0,0,0,0
Migration14 Rules,method,antlr4,0.9,0.5,org.antlr.v4.test.TestActionTranslation,792,0,0,0,0,0,0
Migration15 Rules,method,antlr4,0.9,0.5,org.antlr.v4.test.TestActionTranslation,792,0,0,0,0,0,0
Naming Rules,method,antlr4,0.9,0.5,org.antlr.v4.test.TestActionTranslation,792,0,0,0,0,0,0
Optimization Rules,method,antlr4,0.9,0.5,org.antlr.v4.test.TestActionTranslation,792,0,0,0,0,0,0
Security Code Guideline Rules,method,antlr4,0.9,0.5,org.antlr.v4.test.TestActionTranslation,792,0,0,0,0,0,0
Strict Exception Rules,method,antlr4,0.9,0.5,org.antlr.v4.test.TestActionTranslation,792,0,0,0,0,0,0
String and StringBuffer Rules,method,antlr4,0.9,0.5,org.antlr.v4.test.TestActionTranslation,792,0,0,0,0,0,0
Type Resolution Rules,method,antlr4,0.9,0.5,org.antlr.v4.test.TestActionTranslation,792,0,0,0,0,0,0
Unnecessary and Unused Code Rules,method,antlr4,0.9,0.5,org.antlr.v4.test.TestActionTranslation,792,0,0,0,0,0,0
Vulnerability Rules,method,antlr4,0.9,0.5,org.antlr.v4.test.TestActionTranslation,792,0,0,0,0,0,0
CC,method,antlr4,0.9,0.5,org.antlr.v4.test.tool.TestTokenStreamRewriter,72,0,0,0,1,1,1
CCL,method,antlr4,0.9,0.5,org.antlr.v4.test.tool.TestTokenStreamRewriter,72,0,0,0,1,1,1
CCO,method,antlr4,0.9,0.5,org.antlr.v4.test.tool.TestTokenStreamRewriter,72,0,0,0,1,1,1
CI,method,antlr4,0.9,0.5,org.antlr.v4.test.tool.TestTokenStreamRewriter,72,0,0,0,1,1,1
CLC,method,antlr4,0.9,0.5,org.antlr.v4.test.tool.TestTokenStreamRewriter,72,0,0,0,1,1,1
CLLC,method,antlr4,0.9,0.5,org.antlr.v4.test.tool.TestTokenStreamRewriter,72,0,0,0,1,1,1
LDC,method,antlr4,0.9,0.5,org.antlr.v4.test.tool.TestTokenStreamRewriter,72,0,0,0,1,1,1
LLDC,method,antlr4,0.9,0.5,org.antlr.v4.test.tool.TestTokenStreamRewriter,72,0,0,0,1,1,1
HCPL,method,antlr4,0.9,0.5,org.antlr.v4.test.tool.TestTokenStreamRewriter,72,0,0,0,1,1,1
HDIF,method,antlr4,0.9,0.5,org.antlr.v4.test.tool.TestTokenStreamRewriter,72,0,0,0,1,1,1
HEFF,method,antlr4,0.9,0.5,org.antlr.v4.test.tool.TestTokenStreamRewriter,72,0,0,0,1,1,1
HNDB,method,antlr4,0.9,0.5,org.antlr.v4.test.tool.TestTokenStreamRewriter,72,0,0,0,1,1,1
HPL,method,antlr4,0.9,0.5,org.antlr.v4.test.tool.TestTokenStreamRewriter,72,0,0,0,1,1,1
HPV,method,antlr4,0.9,0.5,org.antlr.v4.test.tool.TestTokenStreamRewriter,72,0,0,0,1,1,1
HTRP,method,antlr4,0.9,0.5,org.antlr.v4.test.tool.TestTokenStreamRewriter,72,0,0,0,1,1,1
HVOL,method,antlr4,0.9,0.5,org.antlr.v4.test.tool.TestTokenStreamRewriter,72,0,0,0,1,1,1
MI,method,antlr4,0.9,0.5,org.antlr.v4.test.tool.TestTokenStreamRewriter,72,0,0,0,1,1,1
MIMS,method,antlr4,0.9,0.5,org.antlr.v4.test.tool.TestTokenStreamRewriter,72,0,0,0,1,1,1
MISEI,method,antlr4,0.9,0.5,org.antlr.v4.test.tool.TestTokenStreamRewriter,72,0,0,0,1,1,1
MISM,method,antlr4,0.9,0.5,org.antlr.v4.test.tool.TestTokenStreamRewriter,72,0,0,0,1,1,1
McCC,method,antlr4,0.9,0.5,org.antlr.v4.test.tool.TestTokenStreamRewriter,72,0,0,0,1,1,1
NL,method,antlr4,0.9,0.5,org.antlr.v4.test.tool.TestTokenStreamRewriter,72,0,0,0,1,1,1
NLE,method,antlr4,0.9,0.5,org.antlr.v4.test.tool.TestTokenStreamRewriter,72,0,0,0,1,1,1
NII,method,antlr4,0.9,0.5,org.antlr.v4.test.tool.TestTokenStreamRewriter,72,0,0,0,1,1,1
NOI,method,antlr4,0.9,0.5,org.antlr.v4.test.tool.TestTokenStreamRewriter,72,0,0,0,1,1,1
CD,method,antlr4,0.9,0.5,org.antlr.v4.test.tool.TestTokenStreamRewriter,72,0,0,0,1,1,1
CLOC,method,antlr4,0.9,0.5,org.antlr.v4.test.tool.TestTokenStreamRewriter,72,0,0,0,1,1,1
DLOC,method,antlr4,0.9,0.5,org.antlr.v4.test.tool.TestTokenStreamRewriter,72,0,0,0,1,1,1
TCD,method,antlr4,0.9,0.5,org.antlr.v4.test.tool.TestTokenStreamRewriter,72,0,0,0,1,1,1
TCLOC,method,antlr4,0.9,0.5,org.antlr.v4.test.tool.TestTokenStreamRewriter,72,0,0,0,1,1,1
LLOC,method,antlr4,0.9,0.5,org.antlr.v4.test.tool.TestTokenStreamRewriter,72,0,0,0,1,1,1
LOC,method,antlr4,0.9,0.5,org.antlr.v4.test.tool.TestTokenStreamRewriter,72,0,0,0,1,1,1
NOS,method,antlr4,0.9,0.5,org.antlr.v4.test.tool.TestTokenStreamRewriter,72,0,0,0,1,1,1
NUMPAR,method,antlr4,0.9,0.5,org.antlr.v4.test.tool.TestTokenStreamRewriter,72,0,0,0,1,1,1
TLLOC,method,antlr4,0.9,0.5,org.antlr.v4.test.tool.TestTokenStreamRewriter,72,0,0,0,1,1,1
TLOC,method,antlr4,0.9,0.5,org.antlr.v4.test.tool.TestTokenStreamRewriter,72,0,0,0,1,1,1
TNOS,method,antlr4,0.9,0.5,org.antlr.v4.test.tool.TestTokenStreamRewriter,72,0,0,0,0,0,0
WarningBlocker,method,antlr4,0.9,0.5,org.antlr.v4.test.tool.TestTokenStreamRewriter,72,0,0,0,0,0,0
WarningCritical,method,antlr4,0.9,0.5,org.antlr.v4.test.tool.TestTokenStreamRewriter,72,0,0,0,0,0,0
WarningInfo,method,antlr4,0.9,0.5,org.antlr.v4.test.tool.TestTokenStreamRewriter,72,0,0,0,0,0,0
WarningMajor,method,antlr4,0.9,0.5,org.antlr.v4.test.tool.TestTokenStreamRewriter,72,0,0,0,0,0,0
WarningMinor,method,antlr4,0.9,0.5,org.antlr.v4.test.tool.TestTokenStreamRewriter,72,0,0,0,0,0,0
Android Rules,method,antlr4,0.9,0.5,org.antlr.v4.test.tool.TestTokenStreamRewriter,72,0,0,0,0,0,0
Basic Rules,method,antlr4,0.9,0.5,org.antlr.v4.test.tool.TestTokenStreamRewriter,72,0,0,0,0,0,0
Brace Rules,method,antlr4,0.9,0.5,org.antlr.v4.test.tool.TestTokenStreamRewriter,72,0,0,0,0,0,0
Clone Implementation Rules,method,antlr4,0.9,0.5,org.antlr.v4.test.tool.TestTokenStreamRewriter,72,0,0,0,0,0,0
Code Size Rules,method,antlr4,0.9,0.5,org.antlr.v4.test.tool.TestTokenStreamRewriter,72,0,0,0,0,0,0
Comment Rules,method,antlr4,0.9,0.5,org.antlr.v4.test.tool.TestTokenStreamRewriter,72,0,0,0,0,0,0
Controversial Rules,method,antlr4,0.9,0.5,org.antlr.v4.test.tool.TestTokenStreamRewriter,72,0,0,0,0,0,0
Coupling Rules,method,antlr4,0.9,0.5,org.antlr.v4.test.tool.TestTokenStreamRewriter,72,0,0,0,0,0,0
Design Rules,method,antlr4,0.9,0.5,org.antlr.v4.test.tool.TestTokenStreamRewriter,72,0,0,0,0,0,0
Empty Code Rules,method,antlr4,0.9,0.5,org.antlr.v4.test.tool.TestTokenStreamRewriter,72,0,0,0,0,0,0
Finalizer Rules,method,antlr4,0.9,0.5,org.antlr.v4.test.tool.TestTokenStreamRewriter,72,0,0,0,0,0,0
Import Statement Rules,method,antlr4,0.9,0.5,org.antlr.v4.test.tool.TestTokenStreamRewriter,72,0,0,0,0,0,0
J2EE Rules,method,antlr4,0.9,0.5,org.antlr.v4.test.tool.TestTokenStreamRewriter,72,0,0,0,0,0,0
JUnit Rules,method,antlr4,0.9,0.5,org.antlr.v4.test.tool.TestTokenStreamRewriter,72,0,0,0,0,0,0
Jakarta Commons Logging Rules,method,antlr4,0.9,0.5,org.antlr.v4.test.tool.TestTokenStreamRewriter,72,0,0,0,0,0,0
Java Logging Rules,method,antlr4,0.9,0.5,org.antlr.v4.test.tool.TestTokenStreamRewriter,72,0,0,0,0,0,0
JavaBean Rules,method,antlr4,0.9,0.5,org.antlr.v4.test.tool.TestTokenStreamRewriter,72,0,0,0,0,0,0
MigratingToJUnit4 Rules,method,antlr4,0.9,0.5,org.antlr.v4.test.tool.TestTokenStreamRewriter,72,0,0,0,0,0,0
Migration Rules,method,antlr4,0.9,0.5,org.antlr.v4.test.tool.TestTokenStreamRewriter,72,0,0,0,0,0,0
Migration13 Rules,method,antlr4,0.9,0.5,org.antlr.v4.test.tool.TestTokenStreamRewriter,72,0,0,0,0,0,0
Migration14 Rules,method,antlr4,0.9,0.5,org.antlr.v4.test.tool.TestTokenStreamRewriter,72,0,0,0,0,0,0
Migration15 Rules,method,antlr4,0.9,0.5,org.antlr.v4.test.tool.TestTokenStreamRewriter,72,0,0,0,0,0,0
Naming Rules,method,antlr4,0.9,0.5,org.antlr.v4.test.tool.TestTokenStreamRewriter,72,0,0,0,0,0,0
Optimization Rules,method,antlr4,0.9,0.5,org.antlr.v4.test.tool.TestTokenStreamRewriter,72,0,0,0,0,0,0
Security Code Guideline Rules,method,antlr4,0.9,0.5,org.antlr.v4.test.tool.TestTokenStreamRewriter,72,0,0,0,0,0,0
Strict Exception Rules,method,antlr4,0.9,0.5,org.antlr.v4.test.tool.TestTokenStreamRewriter,72,0,0,0,0,0,0
String and StringBuffer Rules,method,antlr4,0.9,0.5,org.antlr.v4.test.tool.TestTokenStreamRewriter,72,0,0,0,0,0,0
Type Resolution Rules,method,antlr4,0.9,0.5,org.antlr.v4.test.tool.TestTokenStreamRewriter,72,0,0,0,0,0,0
Unnecessary and Unused Code Rules,method,antlr4,0.9,0.5,org.antlr.v4.test.tool.TestTokenStreamRewriter,72,0,0,0,0,0,0
Vulnerability Rules,method,antlr4,0.9,0.5,org.antlr.v4.test.tool.TestTokenStreamRewriter,72,0,0,0,0,0,0
CC,method,antlr4,0.9,0.5,org.antlr.v4.tool.BuildDependencyGenerator,144,0,0,0,1,1,1
CCL,method,antlr4,0.9,0.5,org.antlr.v4.tool.BuildDependencyGenerator,144,0,0,0,1,1,1
CCO,method,antlr4,0.9,0.5,org.antlr.v4.tool.BuildDependencyGenerator,144,0,0,0,1,1,1
CI,method,antlr4,0.9,0.5,org.antlr.v4.tool.BuildDependencyGenerator,144,0,0,0,1,1,1
CLC,method,antlr4,0.9,0.5,org.antlr.v4.tool.BuildDependencyGenerator,144,0,0,0,1,1,1
CLLC,method,antlr4,0.9,0.5,org.antlr.v4.tool.BuildDependencyGenerator,144,0,0,0,1,1,1
LDC,method,antlr4,0.9,0.5,org.antlr.v4.tool.BuildDependencyGenerator,144,0,0,0,1,1,1
LLDC,method,antlr4,0.9,0.5,org.antlr.v4.tool.BuildDependencyGenerator,144,0,0,0,1,1,1
HCPL,method,antlr4,0.9,0.5,org.antlr.v4.tool.BuildDependencyGenerator,144,1,1,1,1,1,1
HDIF,method,antlr4,0.9,0.5,org.antlr.v4.tool.BuildDependencyGenerator,144,1,1,1,1,1,1
HEFF,method,antlr4,0.9,0.5,org.antlr.v4.tool.BuildDependencyGenerator,144,1,1,1,1,1,1
HNDB,method,antlr4,0.9,0.5,org.antlr.v4.tool.BuildDependencyGenerator,144,1,1,1,1,1,1
HPL,method,antlr4,0.9,0.5,org.antlr.v4.tool.BuildDependencyGenerator,144,1,1,1,1,1,1
HPV,method,antlr4,0.9,0.5,org.antlr.v4.tool.BuildDependencyGenerator,144,1,1,1,1,1,1
HTRP,method,antlr4,0.9,0.5,org.antlr.v4.tool.BuildDependencyGenerator,144,1,1,1,1,1,1
HVOL,method,antlr4,0.9,0.5,org.antlr.v4.tool.BuildDependencyGenerator,144,1,1,1,1,1,1
MI,method,antlr4,0.9,0.5,org.antlr.v4.tool.BuildDependencyGenerator,144,1,1,1,1,1,1
MIMS,method,antlr4,0.9,0.5,org.antlr.v4.tool.BuildDependencyGenerator,144,1,1,1,1,1,1
MISEI,method,antlr4,0.9,0.5,org.antlr.v4.tool.BuildDependencyGenerator,144,1,1,1,1,1,1
MISM,method,antlr4,0.9,0.5,org.antlr.v4.tool.BuildDependencyGenerator,144,1,1,1,1,1,1
McCC,method,antlr4,0.9,0.5,org.antlr.v4.tool.BuildDependencyGenerator,144,0,0,0,1,1,1
NL,method,antlr4,0.9,0.5,org.antlr.v4.tool.BuildDependencyGenerator,144,0,0,0,1,1,1
NLE,method,antlr4,0.9,0.5,org.antlr.v4.tool.BuildDependencyGenerator,144,0,0,0,1,1,1
NII,method,antlr4,0.9,0.5,org.antlr.v4.tool.BuildDependencyGenerator,144,0,0,0,1,1,1
NOI,method,antlr4,0.9,0.5,org.antlr.v4.tool.BuildDependencyGenerator,144,0,0,0,1,1,1
CD,method,antlr4,0.9,0.5,org.antlr.v4.tool.BuildDependencyGenerator,144,0,0,0,1,1,1
CLOC,method,antlr4,0.9,0.5,org.antlr.v4.tool.BuildDependencyGenerator,144,0,0,0,1,1,1
DLOC,method,antlr4,0.9,0.5,org.antlr.v4.tool.BuildDependencyGenerator,144,0,0,0,1,1,1
TCD,method,antlr4,0.9,0.5,org.antlr.v4.tool.BuildDependencyGenerator,144,0,0,0,1,1,1
TCLOC,method,antlr4,0.9,0.5,org.antlr.v4.tool.BuildDependencyGenerator,144,0,0,0,1,1,1
LLOC,method,antlr4,0.9,0.5,org.antlr.v4.tool.BuildDependencyGenerator,144,0,0,0,1,1,1
LOC,method,antlr4,0.9,0.5,org.antlr.v4.tool.BuildDependencyGenerator,144,0,0,0,1,1,1
NOS,method,antlr4,0.9,0.5,org.antlr.v4.tool.BuildDependencyGenerator,144,0,0,0,1,1,1
NUMPAR,method,antlr4,0.9,0.5,org.antlr.v4.tool.BuildDependencyGenerator,144,0,0,0,1,1,1
TLLOC,method,antlr4,0.9,0.5,org.antlr.v4.tool.BuildDependencyGenerator,144,0,0,0,1,1,1
TLOC,method,antlr4,0.9,0.5,org.antlr.v4.tool.BuildDependencyGenerator,144,0,0,0,1,1,1
TNOS,method,antlr4,0.9,0.5,org.antlr.v4.tool.BuildDependencyGenerator,144,0,0,0,0,0,0
WarningBlocker,method,antlr4,0.9,0.5,org.antlr.v4.tool.BuildDependencyGenerator,144,0,0,0,0,0,0
WarningCritical,method,antlr4,0.9,0.5,org.antlr.v4.tool.BuildDependencyGenerator,144,0,0,0,0,0,0
WarningInfo,method,antlr4,0.9,0.5,org.antlr.v4.tool.BuildDependencyGenerator,144,0,0,0,0,0,0
WarningMajor,method,antlr4,0.9,0.5,org.antlr.v4.tool.BuildDependencyGenerator,144,0,0,0,0,0,0
WarningMinor,method,antlr4,0.9,0.5,org.antlr.v4.tool.BuildDependencyGenerator,144,0,0,0,0,0,0
Android Rules,method,antlr4,0.9,0.5,org.antlr.v4.tool.BuildDependencyGenerator,144,0,0,0,0,0,0
Basic Rules,method,antlr4,0.9,0.5,org.antlr.v4.tool.BuildDependencyGenerator,144,0,0,0,0,0,0
Brace Rules,method,antlr4,0.9,0.5,org.antlr.v4.tool.BuildDependencyGenerator,144,0,0,0,0,0,0
Clone Implementation Rules,method,antlr4,0.9,0.5,org.antlr.v4.tool.BuildDependencyGenerator,144,0,0,0,0,0,0
Code Size Rules,method,antlr4,0.9,0.5,org.antlr.v4.tool.BuildDependencyGenerator,144,0,0,0,0,0,0
Comment Rules,method,antlr4,0.9,0.5,org.antlr.v4.tool.BuildDependencyGenerator,144,0,0,0,0,0,0
Controversial Rules,method,antlr4,0.9,0.5,org.antlr.v4.tool.BuildDependencyGenerator,144,0,0,0,0,0,0
Coupling Rules,method,antlr4,0.9,0.5,org.antlr.v4.tool.BuildDependencyGenerator,144,0,0,0,0,0,0
Design Rules,method,antlr4,0.9,0.5,org.antlr.v4.tool.BuildDependencyGenerator,144,0,0,0,0,0,0
Empty Code Rules,method,antlr4,0.9,0.5,org.antlr.v4.tool.BuildDependencyGenerator,144,0,0,0,0,0,0
Finalizer Rules,method,antlr4,0.9,0.5,org.antlr.v4.tool.BuildDependencyGenerator,144,0,0,0,0,0,0
Import Statement Rules,method,antlr4,0.9,0.5,org.antlr.v4.tool.BuildDependencyGenerator,144,0,0,0,0,0,0
J2EE Rules,method,antlr4,0.9,0.5,org.antlr.v4.tool.BuildDependencyGenerator,144,0,0,0,0,0,0
JUnit Rules,method,antlr4,0.9,0.5,org.antlr.v4.tool.BuildDependencyGenerator,144,0,0,0,0,0,0
Jakarta Commons Logging Rules,method,antlr4,0.9,0.5,org.antlr.v4.tool.BuildDependencyGenerator,144,0,0,0,0,0,0
Java Logging Rules,method,antlr4,0.9,0.5,org.antlr.v4.tool.BuildDependencyGenerator,144,0,0,0,0,0,0
JavaBean Rules,method,antlr4,0.9,0.5,org.antlr.v4.tool.BuildDependencyGenerator,144,0,0,0,0,0,0
MigratingToJUnit4 Rules,method,antlr4,0.9,0.5,org.antlr.v4.tool.BuildDependencyGenerator,144,0,0,0,0,0,0
Migration Rules,method,antlr4,0.9,0.5,org.antlr.v4.tool.BuildDependencyGenerator,144,0,0,0,0,0,0
Migration13 Rules,method,antlr4,0.9,0.5,org.antlr.v4.tool.BuildDependencyGenerator,144,0,0,0,0,0,0
Migration14 Rules,method,antlr4,0.9,0.5,org.antlr.v4.tool.BuildDependencyGenerator,144,0,0,0,0,0,0
Migration15 Rules,method,antlr4,0.9,0.5,org.antlr.v4.tool.BuildDependencyGenerator,144,0,0,0,0,0,0
Naming Rules,method,antlr4,0.9,0.5,org.antlr.v4.tool.BuildDependencyGenerator,144,0,0,0,0,0,0
Optimization Rules,method,antlr4,0.9,0.5,org.antlr.v4.tool.BuildDependencyGenerator,144,0,0,0,0,0,0
Security Code Guideline Rules,method,antlr4,0.9,0.5,org.antlr.v4.tool.BuildDependencyGenerator,144,0,0,0,0,0,0
Strict Exception Rules,method,antlr4,0.9,0.5,org.antlr.v4.tool.BuildDependencyGenerator,144,0,0,0,0,0,0
String and StringBuffer Rules,method,antlr4,0.9,0.5,org.antlr.v4.tool.BuildDependencyGenerator,144,0,0,0,0,0,0
Type Resolution Rules,method,antlr4,0.9,0.5,org.antlr.v4.tool.BuildDependencyGenerator,144,0,0,0,0,0,0
Unnecessary and Unused Code Rules,method,antlr4,0.9,0.5,org.antlr.v4.tool.BuildDependencyGenerator,144,0,0,0,0,0,0
Vulnerability Rules,method,antlr4,0.9,0.5,org.antlr.v4.tool.BuildDependencyGenerator,144,0,0,0,0,0,0
CC,method,antlr4,0.9,0.5,org.antlr.v4.codegen.Target,216,0,0,0,1,1,1
CCL,method,antlr4,0.9,0.5,org.antlr.v4.codegen.Target,216,0,0,0,1,1,1
CCO,method,antlr4,0.9,0.5,org.antlr.v4.codegen.Target,216,0,0,0,1,1,1
CI,method,antlr4,0.9,0.5,org.antlr.v4.codegen.Target,216,0,0,0,1,1,1
CLC,method,antlr4,0.9,0.5,org.antlr.v4.codegen.Target,216,0,0,0,1,1,1
CLLC,method,antlr4,0.9,0.5,org.antlr.v4.codegen.Target,216,0,0,0,1,1,1
LDC,method,antlr4,0.9,0.5,org.antlr.v4.codegen.Target,216,0,0,0,1,1,1
LLDC,method,antlr4,0.9,0.5,org.antlr.v4.codegen.Target,216,0,0,0,1,1,1
HCPL,method,antlr4,0.9,0.5,org.antlr.v4.codegen.Target,216,1,1,1,1,1,1
HDIF,method,antlr4,0.9,0.5,org.antlr.v4.codegen.Target,216,1,1,1,1,1,1
HEFF,method,antlr4,0.9,0.5,org.antlr.v4.codegen.Target,216,1,1,1,1,1,1
HNDB,method,antlr4,0.9,0.5,org.antlr.v4.codegen.Target,216,1,1,1,1,1,1
HPL,method,antlr4,0.9,0.5,org.antlr.v4.codegen.Target,216,1,1,1,1,1,1
HPV,method,antlr4,0.9,0.5,org.antlr.v4.codegen.Target,216,1,1,1,1,1,1
HTRP,method,antlr4,0.9,0.5,org.antlr.v4.codegen.Target,216,1,1,1,1,1,1
HVOL,method,antlr4,0.9,0.5,org.antlr.v4.codegen.Target,216,1,1,1,1,1,1
MI,method,antlr4,0.9,0.5,org.antlr.v4.codegen.Target,216,1,1,1,1,1,1
MIMS,method,antlr4,0.9,0.5,org.antlr.v4.codegen.Target,216,1,1,1,1,1,1
MISEI,method,antlr4,0.9,0.5,org.antlr.v4.codegen.Target,216,1,1,1,1,1,1
MISM,method,antlr4,0.9,0.5,org.antlr.v4.codegen.Target,216,1,1,1,1,1,1
McCC,method,antlr4,0.9,0.5,org.antlr.v4.codegen.Target,216,1,1,1,1,1,1
NL,method,antlr4,0.9,0.5,org.antlr.v4.codegen.Target,216,1,1,1,1,1,1
NLE,method,antlr4,0.9,0.5,org.antlr.v4.codegen.Target,216,1,1,1,1,1,1
NII,method,antlr4,0.9,0.5,org.antlr.v4.codegen.Target,216,1,1,1,1,1,1
NOI,method,antlr4,0.9,0.5,org.antlr.v4.codegen.Target,216,1,1,1,1,1,1
CD,method,antlr4,0.9,0.5,org.antlr.v4.codegen.Target,216,1,1,1,1,1,1
CLOC,method,antlr4,0.9,0.5,org.antlr.v4.codegen.Target,216,1,1,1,1,1,1
DLOC,method,antlr4,0.9,0.5,org.antlr.v4.codegen.Target,216,1,1,1,1,1,1
TCD,method,antlr4,0.9,0.5,org.antlr.v4.codegen.Target,216,1,1,1,1,1,1
TCLOC,method,antlr4,0.9,0.5,org.antlr.v4.codegen.Target,216,1,1,1,1,1,1
LLOC,method,antlr4,0.9,0.5,org.antlr.v4.codegen.Target,216,1,1,1,1,1,1
LOC,method,antlr4,0.9,0.5,org.antlr.v4.codegen.Target,216,1,1,1,1,1,1
NOS,method,antlr4,0.9,0.5,org.antlr.v4.codegen.Target,216,1,1,1,1,1,1
NUMPAR,method,antlr4,0.9,0.5,org.antlr.v4.codegen.Target,216,1,1,1,1,1,1
TLLOC,method,antlr4,0.9,0.5,org.antlr.v4.codegen.Target,216,1,1,1,1,1,1
TLOC,method,antlr4,0.9,0.5,org.antlr.v4.codegen.Target,216,1,1,1,1,1,1
TNOS,method,antlr4,0.9,0.5,org.antlr.v4.codegen.Target,216,0,0,0,0,0,0
WarningBlocker,method,antlr4,0.9,0.5,org.antlr.v4.codegen.Target,216,0,0,0,0,0,0
WarningCritical,method,antlr4,0.9,0.5,org.antlr.v4.codegen.Target,216,0,0,0,0,0,0
WarningInfo,method,antlr4,0.9,0.5,org.antlr.v4.codegen.Target,216,0,0,0,0,0,0
WarningMajor,method,antlr4,0.9,0.5,org.antlr.v4.codegen.Target,216,0,0,0,0,0,0
WarningMinor,method,antlr4,0.9,0.5,org.antlr.v4.codegen.Target,216,0,0,0,0,0,0
Android Rules,method,antlr4,0.9,0.5,org.antlr.v4.codegen.Target,216,0,0,0,0,0,0
Basic Rules,method,antlr4,0.9,0.5,org.antlr.v4.codegen.Target,216,0,0,0,0,0,0
Brace Rules,method,antlr4,0.9,0.5,org.antlr.v4.codegen.Target,216,0,0,0,0,0,0
Clone Implementation Rules,method,antlr4,0.9,0.5,org.antlr.v4.codegen.Target,216,0,0,0,0,0,0
Code Size Rules,method,antlr4,0.9,0.5,org.antlr.v4.codegen.Target,216,0,0,0,0,0,0
Comment Rules,method,antlr4,0.9,0.5,org.antlr.v4.codegen.Target,216,0,0,0,0,0,0
Controversial Rules,method,antlr4,0.9,0.5,org.antlr.v4.codegen.Target,216,0,0,0,0,0,0
Coupling Rules,method,antlr4,0.9,0.5,org.antlr.v4.codegen.Target,216,0,0,0,0,0,0
Design Rules,method,antlr4,0.9,0.5,org.antlr.v4.codegen.Target,216,0,0,0,0,0,0
Empty Code Rules,method,antlr4,0.9,0.5,org.antlr.v4.codegen.Target,216,0,0,0,0,0,0
Finalizer Rules,method,antlr4,0.9,0.5,org.antlr.v4.codegen.Target,216,0,0,0,0,0,0
Import Statement Rules,method,antlr4,0.9,0.5,org.antlr.v4.codegen.Target,216,0,0,0,0,0,0
J2EE Rules,method,antlr4,0.9,0.5,org.antlr.v4.codegen.Target,216,0,0,0,0,0,0
JUnit Rules,method,antlr4,0.9,0.5,org.antlr.v4.codegen.Target,216,0,0,0,0,0,0
Jakarta Commons Logging Rules,method,antlr4,0.9,0.5,org.antlr.v4.codegen.Target,216,0,0,0,0,0,0
Java Logging Rules,method,antlr4,0.9,0.5,org.antlr.v4.codegen.Target,216,0,0,0,0,0,0
JavaBean Rules,method,antlr4,0.9,0.5,org.antlr.v4.codegen.Target,216,0,0,0,0,0,0
MigratingToJUnit4 Rules,method,antlr4,0.9,0.5,org.antlr.v4.codegen.Target,216,0,0,0,0,0,0
Migration Rules,method,antlr4,0.9,0.5,org.antlr.v4.codegen.Target,216,0,0,0,0,0,0
Migration13 Rules,method,antlr4,0.9,0.5,org.antlr.v4.codegen.Target,216,0,0,0,0,0,0
Migration14 Rules,method,antlr4,0.9,0.5,org.antlr.v4.codegen.Target,216,0,0,0,0,0,0
Migration15 Rules,method,antlr4,0.9,0.5,org.antlr.v4.codegen.Target,216,0,0,0,0,0,0
Naming Rules,method,antlr4,0.9,0.5,org.antlr.v4.codegen.Target,216,0,0,0,0,0,0
Optimization Rules,method,antlr4,0.9,0.5,org.antlr.v4.codegen.Target,216,0,0,0,0,0,0
Security Code Guideline Rules,method,antlr4,0.9,0.5,org.antlr.v4.codegen.Target,216,0,0,0,0,0,0
Strict Exception Rules,method,antlr4,0.9,0.5,org.antlr.v4.codegen.Target,216,0,0,0,0,0,0
String and StringBuffer Rules,method,antlr4,0.9,0.5,org.antlr.v4.codegen.Target,216,0,0,0,0,0,0
Type Resolution Rules,method,antlr4,0.9,0.5,org.antlr.v4.codegen.Target,216,0,0,0,0,0,0
Unnecessary and Unused Code Rules,method,antlr4,0.9,0.5,org.antlr.v4.codegen.Target,216,0,0,0,0,0,0
Vulnerability Rules,method,antlr4,0.9,0.5,org.antlr.v4.codegen.Target,216,0,0,0,0,0,0
CC,method,antlr4,0.9,0.5,org.antlr.v4.tool.Alternative,432,0,0,0,1,1,1
CCL,method,antlr4,0.9,0.5,org.antlr.v4.tool.Alternative,432,0,0,0,1,1,1
CCO,method,antlr4,0.9,0.5,org.antlr.v4.tool.Alternative,432,0,0,0,1,1,1
CI,method,antlr4,0.9,0.5,org.antlr.v4.tool.Alternative,432,0,0,0,1,1,1
CLC,method,antlr4,0.9,0.5,org.antlr.v4.tool.Alternative,432,0,0,0,1,1,1
CLLC,method,antlr4,0.9,0.5,org.antlr.v4.tool.Alternative,432,0,0,0,1,1,1
LDC,method,antlr4,0.9,0.5,org.antlr.v4.tool.Alternative,432,0,0,0,1,1,1
LLDC,method,antlr4,0.9,0.5,org.antlr.v4.tool.Alternative,432,0,0,0,1,1,1
HCPL,method,antlr4,0.9,0.5,org.antlr.v4.tool.Alternative,432,1,1,1,1,1,1
HDIF,method,antlr4,0.9,0.5,org.antlr.v4.tool.Alternative,432,1,1,1,1,1,1
HEFF,method,antlr4,0.9,0.5,org.antlr.v4.tool.Alternative,432,1,1,1,1,1,1
HNDB,method,antlr4,0.9,0.5,org.antlr.v4.tool.Alternative,432,1,1,1,1,1,1
HPL,method,antlr4,0.9,0.5,org.antlr.v4.tool.Alternative,432,1,1,1,1,1,1
HPV,method,antlr4,0.9,0.5,org.antlr.v4.tool.Alternative,432,1,1,1,1,1,1
HTRP,method,antlr4,0.9,0.5,org.antlr.v4.tool.Alternative,432,1,1,1,1,1,1
HVOL,method,antlr4,0.9,0.5,org.antlr.v4.tool.Alternative,432,1,1,1,1,1,1
MI,method,antlr4,0.9,0.5,org.antlr.v4.tool.Alternative,432,1,1,1,1,1,1
MIMS,method,antlr4,0.9,0.5,org.antlr.v4.tool.Alternative,432,1,1,1,1,1,1
MISEI,method,antlr4,0.9,0.5,org.antlr.v4.tool.Alternative,432,1,1,1,1,1,1
MISM,method,antlr4,0.9,0.5,org.antlr.v4.tool.Alternative,432,1,1,1,1,1,1
McCC,method,antlr4,0.9,0.5,org.antlr.v4.tool.Alternative,432,1,1,1,1,1,1
NL,method,antlr4,0.9,0.5,org.antlr.v4.tool.Alternative,432,1,1,1,1,1,1
NLE,method,antlr4,0.9,0.5,org.antlr.v4.tool.Alternative,432,1,1,1,1,1,1
NII,method,antlr4,0.9,0.5,org.antlr.v4.tool.Alternative,432,0,0,0,1,1,1
NOI,method,antlr4,0.9,0.5,org.antlr.v4.tool.Alternative,432,0,0,0,1,1,1
CD,method,antlr4,0.9,0.5,org.antlr.v4.tool.Alternative,432,1,1,1,1,1,1
CLOC,method,antlr4,0.9,0.5,org.antlr.v4.tool.Alternative,432,1,1,1,1,1,1
DLOC,method,antlr4,0.9,0.5,org.antlr.v4.tool.Alternative,432,1,1,1,1,1,1
TCD,method,antlr4,0.9,0.5,org.antlr.v4.tool.Alternative,432,1,1,1,1,1,1
TCLOC,method,antlr4,0.9,0.5,org.antlr.v4.tool.Alternative,432,1,1,1,1,1,1
LLOC,method,antlr4,0.9,0.5,org.antlr.v4.tool.Alternative,432,1,1,1,1,1,1
LOC,method,antlr4,0.9,0.5,org.antlr.v4.tool.Alternative,432,1,1,1,1,1,1
NOS,method,antlr4,0.9,0.5,org.antlr.v4.tool.Alternative,432,1,1,1,1,1,1
NUMPAR,method,antlr4,0.9,0.5,org.antlr.v4.tool.Alternative,432,1,1,1,1,1,1
TLLOC,method,antlr4,0.9,0.5,org.antlr.v4.tool.Alternative,432,1,1,1,1,1,1
TLOC,method,antlr4,0.9,0.5,org.antlr.v4.tool.Alternative,432,1,1,1,1,1,1
TNOS,method,antlr4,0.9,0.5,org.antlr.v4.tool.Alternative,432,0,0,0,0,0,0
WarningBlocker,method,antlr4,0.9,0.5,org.antlr.v4.tool.Alternative,432,0,0,0,0,0,0
WarningCritical,method,antlr4,0.9,0.5,org.antlr.v4.tool.Alternative,432,0,0,0,0,0,0
WarningInfo,method,antlr4,0.9,0.5,org.antlr.v4.tool.Alternative,432,0,0,0,0,0,0
WarningMajor,method,antlr4,0.9,0.5,org.antlr.v4.tool.Alternative,432,0,0,0,0,0,0
WarningMinor,method,antlr4,0.9,0.5,org.antlr.v4.tool.Alternative,432,0,0,0,0,0,0
Android Rules,method,antlr4,0.9,0.5,org.antlr.v4.tool.Alternative,432,0,0,0,0,0,0
Basic Rules,method,antlr4,0.9,0.5,org.antlr.v4.tool.Alternative,432,0,0,0,0,0,0
Brace Rules,method,antlr4,0.9,0.5,org.antlr.v4.tool.Alternative,432,0,0,0,0,0,0
Clone Implementation Rules,method,antlr4,0.9,0.5,org.antlr.v4.tool.Alternative,432,0,0,0,0,0,0
Code Size Rules,method,antlr4,0.9,0.5,org.antlr.v4.tool.Alternative,432,0,0,0,0,0,0
Comment Rules,method,antlr4,0.9,0.5,org.antlr.v4.tool.Alternative,432,0,0,0,0,0,0
Controversial Rules,method,antlr4,0.9,0.5,org.antlr.v4.tool.Alternative,432,0,0,0,0,0,0
Coupling Rules,method,antlr4,0.9,0.5,org.antlr.v4.tool.Alternative,432,0,0,0,0,0,0
Design Rules,method,antlr4,0.9,0.5,org.antlr.v4.tool.Alternative,432,0,0,0,0,0,0
Empty Code Rules,method,antlr4,0.9,0.5,org.antlr.v4.tool.Alternative,432,0,0,0,0,0,0
Finalizer Rules,method,antlr4,0.9,0.5,org.antlr.v4.tool.Alternative,432,0,0,0,0,0,0
Import Statement Rules,method,antlr4,0.9,0.5,org.antlr.v4.tool.Alternative,432,0,0,0,0,0,0
J2EE Rules,method,antlr4,0.9,0.5,org.antlr.v4.tool.Alternative,432,0,0,0,0,0,0
JUnit Rules,method,antlr4,0.9,0.5,org.antlr.v4.tool.Alternative,432,0,0,0,0,0,0
Jakarta Commons Logging Rules,method,antlr4,0.9,0.5,org.antlr.v4.tool.Alternative,432,0,0,0,0,0,0
Java Logging Rules,method,antlr4,0.9,0.5,org.antlr.v4.tool.Alternative,432,0,0,0,0,0,0
JavaBean Rules,method,antlr4,0.9,0.5,org.antlr.v4.tool.Alternative,432,0,0,0,0,0,0
MigratingToJUnit4 Rules,method,antlr4,0.9,0.5,org.antlr.v4.tool.Alternative,432,0,0,0,0,0,0
Migration Rules,method,antlr4,0.9,0.5,org.antlr.v4.tool.Alternative,432,0,0,0,0,0,0
Migration13 Rules,method,antlr4,0.9,0.5,org.antlr.v4.tool.Alternative,432,0,0,0,0,0,0
Migration14 Rules,method,antlr4,0.9,0.5,org.antlr.v4.tool.Alternative,432,0,0,0,0,0,0
Migration15 Rules,method,antlr4,0.9,0.5,org.antlr.v4.tool.Alternative,432,0,0,0,0,0,0
Naming Rules,method,antlr4,0.9,0.5,org.antlr.v4.tool.Alternative,432,0,0,0,0,0,0
Optimization Rules,method,antlr4,0.9,0.5,org.antlr.v4.tool.Alternative,432,0,0,0,0,0,0
Security Code Guideline Rules,method,antlr4,0.9,0.5,org.antlr.v4.tool.Alternative,432,0,0,0,0,0,0
Strict Exception Rules,method,antlr4,0.9,0.5,org.antlr.v4.tool.Alternative,432,0,0,0,0,0,0
String and StringBuffer Rules,method,antlr4,0.9,0.5,org.antlr.v4.tool.Alternative,432,0,0,0,0,0,0
Type Resolution Rules,method,antlr4,0.9,0.5,org.antlr.v4.tool.Alternative,432,0,0,0,0,0,0
Unnecessary and Unused Code Rules,method,antlr4,0.9,0.5,org.antlr.v4.tool.Alternative,432,0,0,0,0,0,0
Vulnerability Rules,method,antlr4,0.9,0.5,org.antlr.v4.tool.Alternative,432,0,0,0,0,0,0
CC,method,antlr4,0.9,0.5,org.antlr.v4.codegen.OutputModelController,144,0,0,0,1,1,1
CCL,method,antlr4,0.9,0.5,org.antlr.v4.codegen.OutputModelController,144,0,0,0,1,1,1
CCO,method,antlr4,0.9,0.5,org.antlr.v4.codegen.OutputModelController,144,0,0,0,1,1,1
CI,method,antlr4,0.9,0.5,org.antlr.v4.codegen.OutputModelController,144,0,0,0,1,1,1
CLC,method,antlr4,0.9,0.5,org.antlr.v4.codegen.OutputModelController,144,0,0,0,1,1,1
CLLC,method,antlr4,0.9,0.5,org.antlr.v4.codegen.OutputModelController,144,0,0,0,1,1,1
LDC,method,antlr4,0.9,0.5,org.antlr.v4.codegen.OutputModelController,144,0,0,0,1,1,1
LLDC,method,antlr4,0.9,0.5,org.antlr.v4.codegen.OutputModelController,144,0,0,0,1,1,1
HCPL,method,antlr4,0.9,0.5,org.antlr.v4.codegen.OutputModelController,144,1,1,1,1,1,1
HDIF,method,antlr4,0.9,0.5,org.antlr.v4.codegen.OutputModelController,144,1,1,1,1,1,1
HEFF,method,antlr4,0.9,0.5,org.antlr.v4.codegen.OutputModelController,144,1,1,1,1,1,1
HNDB,method,antlr4,0.9,0.5,org.antlr.v4.codegen.OutputModelController,144,1,1,1,1,1,1
HPL,method,antlr4,0.9,0.5,org.antlr.v4.codegen.OutputModelController,144,1,1,1,1,1,1
HPV,method,antlr4,0.9,0.5,org.antlr.v4.codegen.OutputModelController,144,1,1,1,1,1,1
HTRP,method,antlr4,0.9,0.5,org.antlr.v4.codegen.OutputModelController,144,1,1,1,1,1,1
HVOL,method,antlr4,0.9,0.5,org.antlr.v4.codegen.OutputModelController,144,1,1,1,1,1,1
MI,method,antlr4,0.9,0.5,org.antlr.v4.codegen.OutputModelController,144,1,1,1,1,1,1
MIMS,method,antlr4,0.9,0.5,org.antlr.v4.codegen.OutputModelController,144,1,1,1,1,1,1
MISEI,method,antlr4,0.9,0.5,org.antlr.v4.codegen.OutputModelController,144,1,1,1,1,1,1
MISM,method,antlr4,0.9,0.5,org.antlr.v4.codegen.OutputModelController,144,1,1,1,1,1,1
McCC,method,antlr4,0.9,0.5,org.antlr.v4.codegen.OutputModelController,144,1,1,1,1,1,1
NL,method,antlr4,0.9,0.5,org.antlr.v4.codegen.OutputModelController,144,0,0,0,1,1,1
NLE,method,antlr4,0.9,0.5,org.antlr.v4.codegen.OutputModelController,144,0,0,0,1,1,1
NII,method,antlr4,0.9,0.5,org.antlr.v4.codegen.OutputModelController,144,0,0,0,1,1,1
NOI,method,antlr4,0.9,0.5,org.antlr.v4.codegen.OutputModelController,144,0,0,0,1,1,1
CD,method,antlr4,0.9,0.5,org.antlr.v4.codegen.OutputModelController,144,1,1,1,1,1,1
CLOC,method,antlr4,0.9,0.5,org.antlr.v4.codegen.OutputModelController,144,1,1,1,1,1,1
DLOC,method,antlr4,0.9,0.5,org.antlr.v4.codegen.OutputModelController,144,0,0,0,1,1,1
TCD,method,antlr4,0.9,0.5,org.antlr.v4.codegen.OutputModelController,144,1,1,1,1,1,1
TCLOC,method,antlr4,0.9,0.5,org.antlr.v4.codegen.OutputModelController,144,1,1,1,1,1,1
LLOC,method,antlr4,0.9,0.5,org.antlr.v4.codegen.OutputModelController,144,1,1,1,1,1,1
LOC,method,antlr4,0.9,0.5,org.antlr.v4.codegen.OutputModelController,144,1,1,1,1,1,1
NOS,method,antlr4,0.9,0.5,org.antlr.v4.codegen.OutputModelController,144,1,1,1,1,1,1
NUMPAR,method,antlr4,0.9,0.5,org.antlr.v4.codegen.OutputModelController,144,0,0,0,1,1,1
TLLOC,method,antlr4,0.9,0.5,org.antlr.v4.codegen.OutputModelController,144,1,1,1,1,1,1
TLOC,method,antlr4,0.9,0.5,org.antlr.v4.codegen.OutputModelController,144,1,1,1,1,1,1
TNOS,method,antlr4,0.9,0.5,org.antlr.v4.codegen.OutputModelController,144,0,0,0,0,0,0
WarningBlocker,method,antlr4,0.9,0.5,org.antlr.v4.codegen.OutputModelController,144,0,0,0,0,0,0
WarningCritical,method,antlr4,0.9,0.5,org.antlr.v4.codegen.OutputModelController,144,0,0,0,0,0,0
WarningInfo,method,antlr4,0.9,0.5,org.antlr.v4.codegen.OutputModelController,144,0,0,0,0,0,0
WarningMajor,method,antlr4,0.9,0.5,org.antlr.v4.codegen.OutputModelController,144,0,0,0,0,0,0
WarningMinor,method,antlr4,0.9,0.5,org.antlr.v4.codegen.OutputModelController,144,0,0,0,0,0,0
Android Rules,method,antlr4,0.9,0.5,org.antlr.v4.codegen.OutputModelController,144,0,0,0,0,0,0
Basic Rules,method,antlr4,0.9,0.5,org.antlr.v4.codegen.OutputModelController,144,0,0,0,0,0,0
Brace Rules,method,antlr4,0.9,0.5,org.antlr.v4.codegen.OutputModelController,144,0,0,0,0,0,0
Clone Implementation Rules,method,antlr4,0.9,0.5,org.antlr.v4.codegen.OutputModelController,144,0,0,0,0,0,0
Code Size Rules,method,antlr4,0.9,0.5,org.antlr.v4.codegen.OutputModelController,144,0,0,0,0,0,0
Comment Rules,method,antlr4,0.9,0.5,org.antlr.v4.codegen.OutputModelController,144,0,0,0,0,0,0
Controversial Rules,method,antlr4,0.9,0.5,org.antlr.v4.codegen.OutputModelController,144,0,0,0,0,0,0
Coupling Rules,method,antlr4,0.9,0.5,org.antlr.v4.codegen.OutputModelController,144,0,0,0,0,0,0
Design Rules,method,antlr4,0.9,0.5,org.antlr.v4.codegen.OutputModelController,144,0,0,0,0,0,0
Empty Code Rules,method,antlr4,0.9,0.5,org.antlr.v4.codegen.OutputModelController,144,0,0,0,0,0,0
Finalizer Rules,method,antlr4,0.9,0.5,org.antlr.v4.codegen.OutputModelController,144,0,0,0,0,0,0
Import Statement Rules,method,antlr4,0.9,0.5,org.antlr.v4.codegen.OutputModelController,144,0,0,0,0,0,0
J2EE Rules,method,antlr4,0.9,0.5,org.antlr.v4.codegen.OutputModelController,144,0,0,0,0,0,0
JUnit Rules,method,antlr4,0.9,0.5,org.antlr.v4.codegen.OutputModelController,144,0,0,0,0,0,0
Jakarta Commons Logging Rules,method,antlr4,0.9,0.5,org.antlr.v4.codegen.OutputModelController,144,0,0,0,0,0,0
Java Logging Rules,method,antlr4,0.9,0.5,org.antlr.v4.codegen.OutputModelController,144,0,0,0,0,0,0
JavaBean Rules,method,antlr4,0.9,0.5,org.antlr.v4.codegen.OutputModelController,144,0,0,0,0,0,0
MigratingToJUnit4 Rules,method,antlr4,0.9,0.5,org.antlr.v4.codegen.OutputModelController,144,0,0,0,0,0,0
Migration Rules,method,antlr4,0.9,0.5,org.antlr.v4.codegen.OutputModelController,144,0,0,0,0,0,0
Migration13 Rules,method,antlr4,0.9,0.5,org.antlr.v4.codegen.OutputModelController,144,0,0,0,0,0,0
Migration14 Rules,method,antlr4,0.9,0.5,org.antlr.v4.codegen.OutputModelController,144,0,0,0,0,0,0
Migration15 Rules,method,antlr4,0.9,0.5,org.antlr.v4.codegen.OutputModelController,144,0,0,0,0,0,0
Naming Rules,method,antlr4,0.9,0.5,org.antlr.v4.codegen.OutputModelController,144,0,0,0,0,0,0
Optimization Rules,method,antlr4,0.9,0.5,org.antlr.v4.codegen.OutputModelController,144,0,0,0,0,0,0
Security Code Guideline Rules,method,antlr4,0.9,0.5,org.antlr.v4.codegen.OutputModelController,144,0,0,0,0,0,0
Strict Exception Rules,method,antlr4,0.9,0.5,org.antlr.v4.codegen.OutputModelController,144,0,0,0,0,0,0
String and StringBuffer Rules,method,antlr4,0.9,0.5,org.antlr.v4.codegen.OutputModelController,144,0,0,0,0,0,0
Type Resolution Rules,method,antlr4,0.9,0.5,org.antlr.v4.codegen.OutputModelController,144,0,0,0,0,0,0
Unnecessary and Unused Code Rules,method,antlr4,0.9,0.5,org.antlr.v4.codegen.OutputModelController,144,0,0,0,0,0,0
Vulnerability Rules,method,antlr4,0.9,0.5,org.antlr.v4.codegen.OutputModelController,144,0,0,0,0,0,0
CC,method,antlr4,0.9,0.5,org.antlr.v4.runtime.BufferedTokenStream,864,0,0,0,1,1,1
CCL,method,antlr4,0.9,0.5,org.antlr.v4.runtime.BufferedTokenStream,864,0,0,0,1,1,1
CCO,method,antlr4,0.9,0.5,org.antlr.v4.runtime.BufferedTokenStream,864,0,0,0,1,1,1
CI,method,antlr4,0.9,0.5,org.antlr.v4.runtime.BufferedTokenStream,864,0,0,0,1,1,1
CLC,method,antlr4,0.9,0.5,org.antlr.v4.runtime.BufferedTokenStream,864,0,0,0,1,1,1
CLLC,method,antlr4,0.9,0.5,org.antlr.v4.runtime.BufferedTokenStream,864,0,0,0,1,1,1
LDC,method,antlr4,0.9,0.5,org.antlr.v4.runtime.BufferedTokenStream,864,0,0,0,1,1,1
LLDC,method,antlr4,0.9,0.5,org.antlr.v4.runtime.BufferedTokenStream,864,0,0,0,1,1,1
HCPL,method,antlr4,0.9,0.5,org.antlr.v4.runtime.BufferedTokenStream,864,1,1,1,1,1,1
HDIF,method,antlr4,0.9,0.5,org.antlr.v4.runtime.BufferedTokenStream,864,1,1,1,1,1,1
HEFF,method,antlr4,0.9,0.5,org.antlr.v4.runtime.BufferedTokenStream,864,1,1,1,1,1,1
HNDB,method,antlr4,0.9,0.5,org.antlr.v4.runtime.BufferedTokenStream,864,1,1,1,1,1,1
HPL,method,antlr4,0.9,0.5,org.antlr.v4.runtime.BufferedTokenStream,864,1,1,1,1,1,1
HPV,method,antlr4,0.9,0.5,org.antlr.v4.runtime.BufferedTokenStream,864,1,1,1,1,1,1
HTRP,method,antlr4,0.9,0.5,org.antlr.v4.runtime.BufferedTokenStream,864,1,1,1,1,1,1
HVOL,method,antlr4,0.9,0.5,org.antlr.v4.runtime.BufferedTokenStream,864,1,1,1,1,1,1
MI,method,antlr4,0.9,0.5,org.antlr.v4.runtime.BufferedTokenStream,864,1,1,1,1,1,1
MIMS,method,antlr4,0.9,0.5,org.antlr.v4.runtime.BufferedTokenStream,864,1,1,1,1,1,1
MISEI,method,antlr4,0.9,0.5,org.antlr.v4.runtime.BufferedTokenStream,864,1,1,1,1,1,1
MISM,method,antlr4,0.9,0.5,org.antlr.v4.runtime.BufferedTokenStream,864,1,1,1,1,1,1
McCC,method,antlr4,0.9,0.5,org.antlr.v4.runtime.BufferedTokenStream,864,0,0,0,1,1,1
NL,method,antlr4,0.9,0.5,org.antlr.v4.runtime.BufferedTokenStream,864,1,1,1,1,1,1
NLE,method,antlr4,0.9,0.5,org.antlr.v4.runtime.BufferedTokenStream,864,1,1,1,1,1,1
NII,method,antlr4,0.9,0.5,org.antlr.v4.runtime.BufferedTokenStream,864,0,0,0,1,1,1
NOI,method,antlr4,0.9,0.5,org.antlr.v4.runtime.BufferedTokenStream,864,0,0,0,1,1,1
CD,method,antlr4,0.9,0.5,org.antlr.v4.runtime.BufferedTokenStream,864,1,1,1,1,1,1
CLOC,method,antlr4,0.9,0.5,org.antlr.v4.runtime.BufferedTokenStream,864,1,1,1,1,1,1
DLOC,method,antlr4,0.9,0.5,org.antlr.v4.runtime.BufferedTokenStream,864,0,0,0,1,1,1
TCD,method,antlr4,0.9,0.5,org.antlr.v4.runtime.BufferedTokenStream,864,1,1,1,1,1,1
TCLOC,method,antlr4,0.9,0.5,org.antlr.v4.runtime.BufferedTokenStream,864,1,1,1,1,1,1
LLOC,method,antlr4,0.9,0.5,org.antlr.v4.runtime.BufferedTokenStream,864,1,1,1,1,1,1
LOC,method,antlr4,0.9,0.5,org.antlr.v4.runtime.BufferedTokenStream,864,1,1,1,1,1,1
NOS,method,antlr4,0.9,0.5,org.antlr.v4.runtime.BufferedTokenStream,864,0,0,0,1,1,1
NUMPAR,method,antlr4,0.9,0.5,org.antlr.v4.runtime.BufferedTokenStream,864,0,0,0,1,1,1
TLLOC,method,antlr4,0.9,0.5,org.antlr.v4.runtime.BufferedTokenStream,864,1,1,1,1,1,1
TLOC,method,antlr4,0.9,0.5,org.antlr.v4.runtime.BufferedTokenStream,864,1,1,1,1,1,1
TNOS,method,antlr4,0.9,0.5,org.antlr.v4.runtime.BufferedTokenStream,864,0,0,0,0,0,0
WarningBlocker,method,antlr4,0.9,0.5,org.antlr.v4.runtime.BufferedTokenStream,864,0,0,0,0,0,0
WarningCritical,method,antlr4,0.9,0.5,org.antlr.v4.runtime.BufferedTokenStream,864,0,0,0,0,0,0
WarningInfo,method,antlr4,0.9,0.5,org.antlr.v4.runtime.BufferedTokenStream,864,0,0,0,0,0,0
WarningMajor,method,antlr4,0.9,0.5,org.antlr.v4.runtime.BufferedTokenStream,864,0,0,0,0,0,0
WarningMinor,method,antlr4,0.9,0.5,org.antlr.v4.runtime.BufferedTokenStream,864,0,0,0,0,0,0
Android Rules,method,antlr4,0.9,0.5,org.antlr.v4.runtime.BufferedTokenStream,864,0,0,0,0,0,0
Basic Rules,method,antlr4,0.9,0.5,org.antlr.v4.runtime.BufferedTokenStream,864,0,0,0,0,0,0
Brace Rules,method,antlr4,0.9,0.5,org.antlr.v4.runtime.BufferedTokenStream,864,0,0,0,0,0,0
Clone Implementation Rules,method,antlr4,0.9,0.5,org.antlr.v4.runtime.BufferedTokenStream,864,0,0,0,0,0,0
Code Size Rules,method,antlr4,0.9,0.5,org.antlr.v4.runtime.BufferedTokenStream,864,0,0,0,0,0,0
Comment Rules,method,antlr4,0.9,0.5,org.antlr.v4.runtime.BufferedTokenStream,864,0,0,0,0,0,0
Controversial Rules,method,antlr4,0.9,0.5,org.antlr.v4.runtime.BufferedTokenStream,864,0,0,0,0,0,0
Coupling Rules,method,antlr4,0.9,0.5,org.antlr.v4.runtime.BufferedTokenStream,864,0,0,0,0,0,0
Design Rules,method,antlr4,0.9,0.5,org.antlr.v4.runtime.BufferedTokenStream,864,0,0,0,0,0,0
Empty Code Rules,method,antlr4,0.9,0.5,org.antlr.v4.runtime.BufferedTokenStream,864,0,0,0,0,0,0
Finalizer Rules,method,antlr4,0.9,0.5,org.antlr.v4.runtime.BufferedTokenStream,864,0,0,0,0,0,0
Import Statement Rules,method,antlr4,0.9,0.5,org.antlr.v4.runtime.BufferedTokenStream,864,0,0,0,0,0,0
J2EE Rules,method,antlr4,0.9,0.5,org.antlr.v4.runtime.BufferedTokenStream,864,0,0,0,0,0,0
JUnit Rules,method,antlr4,0.9,0.5,org.antlr.v4.runtime.BufferedTokenStream,864,0,0,0,0,0,0
Jakarta Commons Logging Rules,method,antlr4,0.9,0.5,org.antlr.v4.runtime.BufferedTokenStream,864,0,0,0,0,0,0
Java Logging Rules,method,antlr4,0.9,0.5,org.antlr.v4.runtime.BufferedTokenStream,864,0,0,0,0,0,0
JavaBean Rules,method,antlr4,0.9,0.5,org.antlr.v4.runtime.BufferedTokenStream,864,0,0,0,0,0,0
MigratingToJUnit4 Rules,method,antlr4,0.9,0.5,org.antlr.v4.runtime.BufferedTokenStream,864,0,0,0,0,0,0
Migration Rules,method,antlr4,0.9,0.5,org.antlr.v4.runtime.BufferedTokenStream,864,0,0,0,0,0,0
Migration13 Rules,method,antlr4,0.9,0.5,org.antlr.v4.runtime.BufferedTokenStream,864,0,0,0,0,0,0
Migration14 Rules,method,antlr4,0.9,0.5,org.antlr.v4.runtime.BufferedTokenStream,864,0,0,0,0,0,0
Migration15 Rules,method,antlr4,0.9,0.5,org.antlr.v4.runtime.BufferedTokenStream,864,0,0,0,0,0,0
Naming Rules,method,antlr4,0.9,0.5,org.antlr.v4.runtime.BufferedTokenStream,864,0,0,0,0,0,0
Optimization Rules,method,antlr4,0.9,0.5,org.antlr.v4.runtime.BufferedTokenStream,864,0,0,0,0,0,0
Security Code Guideline Rules,method,antlr4,0.9,0.5,org.antlr.v4.runtime.BufferedTokenStream,864,0,0,0,0,0,0
Strict Exception Rules,method,antlr4,0.9,0.5,org.antlr.v4.runtime.BufferedTokenStream,864,0,0,0,0,0,0
String and StringBuffer Rules,method,antlr4,0.9,0.5,org.antlr.v4.runtime.BufferedTokenStream,864,0,0,0,0,0,0
Type Resolution Rules,method,antlr4,0.9,0.5,org.antlr.v4.runtime.BufferedTokenStream,864,0,0,0,0,0,0
Unnecessary and Unused Code Rules,method,antlr4,0.9,0.5,org.antlr.v4.runtime.BufferedTokenStream,864,0,0,0,0,0,0
Vulnerability Rules,method,antlr4,0.9,0.5,org.antlr.v4.runtime.BufferedTokenStream,864,0,0,0,0,0,0
CC,method,antlr4,0.9,0.5,org.antlr.v4.runtime.atn.ATNDeserializer,144,0,0,0,1,1,1
CCL,method,antlr4,0.9,0.5,org.antlr.v4.runtime.atn.ATNDeserializer,144,0,0,0,1,1,1
CCO,method,antlr4,0.9,0.5,org.antlr.v4.runtime.atn.ATNDeserializer,144,0,0,0,1,1,1
CI,method,antlr4,0.9,0.5,org.antlr.v4.runtime.atn.ATNDeserializer,144,0,0,0,1,1,1
CLC,method,antlr4,0.9,0.5,org.antlr.v4.runtime.atn.ATNDeserializer,144,0,0,0,1,1,1
CLLC,method,antlr4,0.9,0.5,org.antlr.v4.runtime.atn.ATNDeserializer,144,0,0,0,1,1,1
LDC,method,antlr4,0.9,0.5,org.antlr.v4.runtime.atn.ATNDeserializer,144,0,0,0,1,1,1
LLDC,method,antlr4,0.9,0.5,org.antlr.v4.runtime.atn.ATNDeserializer,144,0,0,0,1,1,1
HCPL,method,antlr4,0.9,0.5,org.antlr.v4.runtime.atn.ATNDeserializer,144,1,1,1,1,1,1
HDIF,method,antlr4,0.9,0.5,org.antlr.v4.runtime.atn.ATNDeserializer,144,1,1,1,1,1,1
HEFF,method,antlr4,0.9,0.5,org.antlr.v4.runtime.atn.ATNDeserializer,144,1,1,1,1,1,1
HNDB,method,antlr4,0.9,0.5,org.antlr.v4.runtime.atn.ATNDeserializer,144,1,1,1,1,1,1
HPL,method,antlr4,0.9,0.5,org.antlr.v4.runtime.atn.ATNDeserializer,144,1,1,1,1,1,1
HPV,method,antlr4,0.9,0.5,org.antlr.v4.runtime.atn.ATNDeserializer,144,1,1,1,1,1,1
HTRP,method,antlr4,0.9,0.5,org.antlr.v4.runtime.atn.ATNDeserializer,144,1,1,1,1,1,1
HVOL,method,antlr4,0.9,0.5,org.antlr.v4.runtime.atn.ATNDeserializer,144,1,1,1,1,1,1
MI,method,antlr4,0.9,0.5,org.antlr.v4.runtime.atn.ATNDeserializer,144,1,1,1,1,1,1
MIMS,method,antlr4,0.9,0.5,org.antlr.v4.runtime.atn.ATNDeserializer,144,1,1,1,1,1,1
MISEI,method,antlr4,0.9,0.5,org.antlr.v4.runtime.atn.ATNDeserializer,144,1,1,1,1,1,1
MISM,method,antlr4,0.9,0.5,org.antlr.v4.runtime.atn.ATNDeserializer,144,0,0,0,1,1,1
McCC,method,antlr4,0.9,0.5,org.antlr.v4.runtime.atn.ATNDeserializer,144,1,1,1,1,1,1
NL,method,antlr4,0.9,0.5,org.antlr.v4.runtime.atn.ATNDeserializer,144,0,0,0,1,1,1
NLE,method,antlr4,0.9,0.5,org.antlr.v4.runtime.atn.ATNDeserializer,144,0,0,0,1,1,1
NII,method,antlr4,0.9,0.5,org.antlr.v4.runtime.atn.ATNDeserializer,144,0,0,0,1,1,1
NOI,method,antlr4,0.9,0.5,org.antlr.v4.runtime.atn.ATNDeserializer,144,0,0,0,1,1,1
CD,method,antlr4,0.9,0.5,org.antlr.v4.runtime.atn.ATNDeserializer,144,1,1,1,1,1,1
CLOC,method,antlr4,0.9,0.5,org.antlr.v4.runtime.atn.ATNDeserializer,144,0,0,0,1,1,1
DLOC,method,antlr4,0.9,0.5,org.antlr.v4.runtime.atn.ATNDeserializer,144,0,0,0,1,1,1
TCD,method,antlr4,0.9,0.5,org.antlr.v4.runtime.atn.ATNDeserializer,144,1,1,1,1,1,1
TCLOC,method,antlr4,0.9,0.5,org.antlr.v4.runtime.atn.ATNDeserializer,144,0,0,0,1,1,1
LLOC,method,antlr4,0.9,0.5,org.antlr.v4.runtime.atn.ATNDeserializer,144,1,1,1,1,1,1
LOC,method,antlr4,0.9,0.5,org.antlr.v4.runtime.atn.ATNDeserializer,144,1,1,1,1,1,1
NOS,method,antlr4,0.9,0.5,org.antlr.v4.runtime.atn.ATNDeserializer,144,1,1,1,1,1,1
NUMPAR,method,antlr4,0.9,0.5,org.antlr.v4.runtime.atn.ATNDeserializer,144,0,0,0,1,1,1
TLLOC,method,antlr4,0.9,0.5,org.antlr.v4.runtime.atn.ATNDeserializer,144,1,1,1,1,1,1
TLOC,method,antlr4,0.9,0.5,org.antlr.v4.runtime.atn.ATNDeserializer,144,1,1,1,1,1,1
TNOS,method,antlr4,0.9,0.5,org.antlr.v4.runtime.atn.ATNDeserializer,144,0,0,0,0,0,0
WarningBlocker,method,antlr4,0.9,0.5,org.antlr.v4.runtime.atn.ATNDeserializer,144,0,0,0,0,0,0
WarningCritical,method,antlr4,0.9,0.5,org.antlr.v4.runtime.atn.ATNDeserializer,144,0,0,0,0,0,0
WarningInfo,method,antlr4,0.9,0.5,org.antlr.v4.runtime.atn.ATNDeserializer,144,0,0,0,0,0,0
WarningMajor,method,antlr4,0.9,0.5,org.antlr.v4.runtime.atn.ATNDeserializer,144,0,0,0,0,0,0
WarningMinor,method,antlr4,0.9,0.5,org.antlr.v4.runtime.atn.ATNDeserializer,144,0,0,0,0,0,0
Android Rules,method,antlr4,0.9,0.5,org.antlr.v4.runtime.atn.ATNDeserializer,144,0,0,0,0,0,0
Basic Rules,method,antlr4,0.9,0.5,org.antlr.v4.runtime.atn.ATNDeserializer,144,0,0,0,0,0,0
Brace Rules,method,antlr4,0.9,0.5,org.antlr.v4.runtime.atn.ATNDeserializer,144,0,0,0,0,0,0
Clone Implementation Rules,method,antlr4,0.9,0.5,org.antlr.v4.runtime.atn.ATNDeserializer,144,0,0,0,0,0,0
Code Size Rules,method,antlr4,0.9,0.5,org.antlr.v4.runtime.atn.ATNDeserializer,144,0,0,0,0,0,0
Comment Rules,method,antlr4,0.9,0.5,org.antlr.v4.runtime.atn.ATNDeserializer,144,0,0,0,0,0,0
Controversial Rules,method,antlr4,0.9,0.5,org.antlr.v4.runtime.atn.ATNDeserializer,144,0,0,0,0,0,0
Coupling Rules,method,antlr4,0.9,0.5,org.antlr.v4.runtime.atn.ATNDeserializer,144,0,0,0,0,0,0
Design Rules,method,antlr4,0.9,0.5,org.antlr.v4.runtime.atn.ATNDeserializer,144,0,0,0,0,0,0
Empty Code Rules,method,antlr4,0.9,0.5,org.antlr.v4.runtime.atn.ATNDeserializer,144,0,0,0,0,0,0
Finalizer Rules,method,antlr4,0.9,0.5,org.antlr.v4.runtime.atn.ATNDeserializer,144,0,0,0,0,0,0
Import Statement Rules,method,antlr4,0.9,0.5,org.antlr.v4.runtime.atn.ATNDeserializer,144,0,0,0,0,0,0
J2EE Rules,method,antlr4,0.9,0.5,org.antlr.v4.runtime.atn.ATNDeserializer,144,0,0,0,0,0,0
JUnit Rules,method,antlr4,0.9,0.5,org.antlr.v4.runtime.atn.ATNDeserializer,144,0,0,0,0,0,0
Jakarta Commons Logging Rules,method,antlr4,0.9,0.5,org.antlr.v4.runtime.atn.ATNDeserializer,144,0,0,0,0,0,0
Java Logging Rules,method,antlr4,0.9,0.5,org.antlr.v4.runtime.atn.ATNDeserializer,144,0,0,0,0,0,0
JavaBean Rules,method,antlr4,0.9,0.5,org.antlr.v4.runtime.atn.ATNDeserializer,144,0,0,0,0,0,0
MigratingToJUnit4 Rules,method,antlr4,0.9,0.5,org.antlr.v4.runtime.atn.ATNDeserializer,144,0,0,0,0,0,0
Migration Rules,method,antlr4,0.9,0.5,org.antlr.v4.runtime.atn.ATNDeserializer,144,0,0,0,0,0,0
Migration13 Rules,method,antlr4,0.9,0.5,org.antlr.v4.runtime.atn.ATNDeserializer,144,0,0,0,0,0,0
Migration14 Rules,method,antlr4,0.9,0.5,org.antlr.v4.runtime.atn.ATNDeserializer,144,0,0,0,0,0,0
Migration15 Rules,method,antlr4,0.9,0.5,org.antlr.v4.runtime.atn.ATNDeserializer,144,0,0,0,0,0,0
Naming Rules,method,antlr4,0.9,0.5,org.antlr.v4.runtime.atn.ATNDeserializer,144,0,0,0,0,0,0
Optimization Rules,method,antlr4,0.9,0.5,org.antlr.v4.runtime.atn.ATNDeserializer,144,0,0,0,0,0,0
Security Code Guideline Rules,method,antlr4,0.9,0.5,org.antlr.v4.runtime.atn.ATNDeserializer,144,0,0,0,0,0,0
Strict Exception Rules,method,antlr4,0.9,0.5,org.antlr.v4.runtime.atn.ATNDeserializer,144,0,0,0,0,0,0
String and StringBuffer Rules,method,antlr4,0.9,0.5,org.antlr.v4.runtime.atn.ATNDeserializer,144,0,0,0,0,0,0
Type Resolution Rules,method,antlr4,0.9,0.5,org.antlr.v4.runtime.atn.ATNDeserializer,144,0,0,0,0,0,0
Unnecessary and Unused Code Rules,method,antlr4,0.9,0.5,org.antlr.v4.runtime.atn.ATNDeserializer,144,0,0,0,0,0,0
Vulnerability Rules,method,antlr4,0.9,0.5,org.antlr.v4.runtime.atn.ATNDeserializer,144,0,0,0,0,0,0
CC,method,antlr4,0.9,0.5,org.antlr.v4.test.TestLeftRecursion,504,1,1,1,1,1,1
CCL,method,antlr4,0.9,0.5,org.antlr.v4.test.TestLeftRecursion,504,1,1,1,1,1,1
CCO,method,antlr4,0.9,0.5,org.antlr.v4.test.TestLeftRecursion,504,1,1,1,1,1,1
CI,method,antlr4,0.9,0.5,org.antlr.v4.test.TestLeftRecursion,504,1,1,1,1,1,1
CLC,method,antlr4,0.9,0.5,org.antlr.v4.test.TestLeftRecursion,504,1,1,1,1,1,1
CLLC,method,antlr4,0.9,0.5,org.antlr.v4.test.TestLeftRecursion,504,1,1,1,1,1,1
LDC,method,antlr4,0.9,0.5,org.antlr.v4.test.TestLeftRecursion,504,1,1,1,1,1,1
LLDC,method,antlr4,0.9,0.5,org.antlr.v4.test.TestLeftRecursion,504,1,1,1,1,1,1
HCPL,method,antlr4,0.9,0.5,org.antlr.v4.test.TestLeftRecursion,504,1,1,1,1,1,1
HDIF,method,antlr4,0.9,0.5,org.antlr.v4.test.TestLeftRecursion,504,1,1,1,1,1,1
HEFF,method,antlr4,0.9,0.5,org.antlr.v4.test.TestLeftRecursion,504,1,1,1,1,1,1
HNDB,method,antlr4,0.9,0.5,org.antlr.v4.test.TestLeftRecursion,504,1,1,1,1,1,1
HPL,method,antlr4,0.9,0.5,org.antlr.v4.test.TestLeftRecursion,504,1,1,1,1,1,1
HPV,method,antlr4,0.9,0.5,org.antlr.v4.test.TestLeftRecursion,504,1,1,1,1,1,1
HTRP,method,antlr4,0.9,0.5,org.antlr.v4.test.TestLeftRecursion,504,1,1,1,1,1,1
HVOL,method,antlr4,0.9,0.5,org.antlr.v4.test.TestLeftRecursion,504,1,1,1,1,1,1
MI,method,antlr4,0.9,0.5,org.antlr.v4.test.TestLeftRecursion,504,1,1,1,1,1,1
MIMS,method,antlr4,0.9,0.5,org.antlr.v4.test.TestLeftRecursion,504,1,1,1,1,1,1
MISEI,method,antlr4,0.9,0.5,org.antlr.v4.test.TestLeftRecursion,504,1,1,1,1,1,1
MISM,method,antlr4,0.9,0.5,org.antlr.v4.test.TestLeftRecursion,504,1,1,1,1,1,1
McCC,method,antlr4,0.9,0.5,org.antlr.v4.test.TestLeftRecursion,504,0,0,0,1,1,1
NL,method,antlr4,0.9,0.5,org.antlr.v4.test.TestLeftRecursion,504,0,0,0,1,1,1
NLE,method,antlr4,0.9,0.5,org.antlr.v4.test.TestLeftRecursion,504,0,0,0,1,1,1
NII,method,antlr4,0.9,0.5,org.antlr.v4.test.TestLeftRecursion,504,0,0,0,1,1,1
NOI,method,antlr4,0.9,0.5,org.antlr.v4.test.TestLeftRecursion,504,0,0,0,1,1,1
CD,method,antlr4,0.9,0.5,org.antlr.v4.test.TestLeftRecursion,504,1,1,1,1,1,1
CLOC,method,antlr4,0.9,0.5,org.antlr.v4.test.TestLeftRecursion,504,1,1,1,1,1,1
DLOC,method,antlr4,0.9,0.5,org.antlr.v4.test.TestLeftRecursion,504,1,1,1,1,1,1
TCD,method,antlr4,0.9,0.5,org.antlr.v4.test.TestLeftRecursion,504,1,1,1,1,1,1
TCLOC,method,antlr4,0.9,0.5,org.antlr.v4.test.TestLeftRecursion,504,1,1,1,1,1,1
LLOC,method,antlr4,0.9,0.5,org.antlr.v4.test.TestLeftRecursion,504,1,1,1,1,1,1
LOC,method,antlr4,0.9,0.5,org.antlr.v4.test.TestLeftRecursion,504,1,1,1,1,1,1
NOS,method,antlr4,0.9,0.5,org.antlr.v4.test.TestLeftRecursion,504,0,0,0,1,1,1
NUMPAR,method,antlr4,0.9,0.5,org.antlr.v4.test.TestLeftRecursion,504,0,0,0,1,1,1
TLLOC,method,antlr4,0.9,0.5,org.antlr.v4.test.TestLeftRecursion,504,1,1,1,1,1,1
TLOC,method,antlr4,0.9,0.5,org.antlr.v4.test.TestLeftRecursion,504,1,1,1,1,1,1
TNOS,method,antlr4,0.9,0.5,org.antlr.v4.test.TestLeftRecursion,504,0,0,0,0,0,0
WarningBlocker,method,antlr4,0.9,0.5,org.antlr.v4.test.TestLeftRecursion,504,0,0,0,0,0,0
WarningCritical,method,antlr4,0.9,0.5,org.antlr.v4.test.TestLeftRecursion,504,0,0,0,0,0,0
WarningInfo,method,antlr4,0.9,0.5,org.antlr.v4.test.TestLeftRecursion,504,0,0,0,0,0,0
WarningMajor,method,antlr4,0.9,0.5,org.antlr.v4.test.TestLeftRecursion,504,0,0,0,0,0,0
WarningMinor,method,antlr4,0.9,0.5,org.antlr.v4.test.TestLeftRecursion,504,0,0,0,0,0,0
Android Rules,method,antlr4,0.9,0.5,org.antlr.v4.test.TestLeftRecursion,504,0,0,0,0,0,0
Basic Rules,method,antlr4,0.9,0.5,org.antlr.v4.test.TestLeftRecursion,504,0,0,0,0,0,0
Brace Rules,method,antlr4,0.9,0.5,org.antlr.v4.test.TestLeftRecursion,504,0,0,0,0,0,0
Clone Implementation Rules,method,antlr4,0.9,0.5,org.antlr.v4.test.TestLeftRecursion,504,0,0,0,0,0,0
Code Size Rules,method,antlr4,0.9,0.5,org.antlr.v4.test.TestLeftRecursion,504,0,0,0,0,0,0
Comment Rules,method,antlr4,0.9,0.5,org.antlr.v4.test.TestLeftRecursion,504,0,0,0,0,0,0
Controversial Rules,method,antlr4,0.9,0.5,org.antlr.v4.test.TestLeftRecursion,504,0,0,0,0,0,0
Coupling Rules,method,antlr4,0.9,0.5,org.antlr.v4.test.TestLeftRecursion,504,0,0,0,0,0,0
Design Rules,method,antlr4,0.9,0.5,org.antlr.v4.test.TestLeftRecursion,504,0,0,0,0,0,0
Empty Code Rules,method,antlr4,0.9,0.5,org.antlr.v4.test.TestLeftRecursion,504,0,0,0,0,0,0
Finalizer Rules,method,antlr4,0.9,0.5,org.antlr.v4.test.TestLeftRecursion,504,0,0,0,0,0,0
Import Statement Rules,method,antlr4,0.9,0.5,org.antlr.v4.test.TestLeftRecursion,504,0,0,0,0,0,0
J2EE Rules,method,antlr4,0.9,0.5,org.antlr.v4.test.TestLeftRecursion,504,0,0,0,0,0,0
JUnit Rules,method,antlr4,0.9,0.5,org.antlr.v4.test.TestLeftRecursion,504,0,0,0,0,0,0
Jakarta Commons Logging Rules,method,antlr4,0.9,0.5,org.antlr.v4.test.TestLeftRecursion,504,0,0,0,0,0,0
Java Logging Rules,method,antlr4,0.9,0.5,org.antlr.v4.test.TestLeftRecursion,504,0,0,0,0,0,0
JavaBean Rules,method,antlr4,0.9,0.5,org.antlr.v4.test.TestLeftRecursion,504,0,0,0,0,0,0
MigratingToJUnit4 Rules,method,antlr4,0.9,0.5,org.antlr.v4.test.TestLeftRecursion,504,0,0,0,0,0,0
Migration Rules,method,antlr4,0.9,0.5,org.antlr.v4.test.TestLeftRecursion,504,0,0,0,0,0,0
Migration13 Rules,method,antlr4,0.9,0.5,org.antlr.v4.test.TestLeftRecursion,504,0,0,0,0,0,0
Migration14 Rules,method,antlr4,0.9,0.5,org.antlr.v4.test.TestLeftRecursion,504,0,0,0,0,0,0
Migration15 Rules,method,antlr4,0.9,0.5,org.antlr.v4.test.TestLeftRecursion,504,0,0,0,0,0,0
Naming Rules,method,antlr4,0.9,0.5,org.antlr.v4.test.TestLeftRecursion,504,0,0,0,0,0,0
Optimization Rules,method,antlr4,0.9,0.5,org.antlr.v4.test.TestLeftRecursion,504,0,0,0,0,0,0
Security Code Guideline Rules,method,antlr4,0.9,0.5,org.antlr.v4.test.TestLeftRecursion,504,0,0,0,0,0,0
Strict Exception Rules,method,antlr4,0.9,0.5,org.antlr.v4.test.TestLeftRecursion,504,0,0,0,0,0,0
String and StringBuffer Rules,method,antlr4,0.9,0.5,org.antlr.v4.test.TestLeftRecursion,504,0,0,0,0,0,0
Type Resolution Rules,method,antlr4,0.9,0.5,org.antlr.v4.test.TestLeftRecursion,504,0,0,0,0,0,0
Unnecessary and Unused Code Rules,method,antlr4,0.9,0.5,org.antlr.v4.test.TestLeftRecursion,504,0,0,0,0,0,0
Vulnerability Rules,method,antlr4,0.9,0.5,org.antlr.v4.test.TestLeftRecursion,504,0,0,0,0,0,0
CC,method,antlr4,0.9,0.5,org.antlr.v4.runtime.DefaultErrorStrategy,144,0,0,0,1,1,1
CCL,method,antlr4,0.9,0.5,org.antlr.v4.runtime.DefaultErrorStrategy,144,0,0,0,1,1,1
CCO,method,antlr4,0.9,0.5,org.antlr.v4.runtime.DefaultErrorStrategy,144,0,0,0,1,1,1
CI,method,antlr4,0.9,0.5,org.antlr.v4.runtime.DefaultErrorStrategy,144,0,0,0,1,1,1
CLC,method,antlr4,0.9,0.5,org.antlr.v4.runtime.DefaultErrorStrategy,144,0,0,0,1,1,1
CLLC,method,antlr4,0.9,0.5,org.antlr.v4.runtime.DefaultErrorStrategy,144,0,0,0,1,1,1
LDC,method,antlr4,0.9,0.5,org.antlr.v4.runtime.DefaultErrorStrategy,144,0,0,0,1,1,1
LLDC,method,antlr4,0.9,0.5,org.antlr.v4.runtime.DefaultErrorStrategy,144,0,0,0,1,1,1
HCPL,method,antlr4,0.9,0.5,org.antlr.v4.runtime.DefaultErrorStrategy,144,1,1,1,1,1,1
HDIF,method,antlr4,0.9,0.5,org.antlr.v4.runtime.DefaultErrorStrategy,144,1,1,1,1,1,1
HEFF,method,antlr4,0.9,0.5,org.antlr.v4.runtime.DefaultErrorStrategy,144,1,1,1,1,1,1
HNDB,method,antlr4,0.9,0.5,org.antlr.v4.runtime.DefaultErrorStrategy,144,1,1,1,1,1,1
HPL,method,antlr4,0.9,0.5,org.antlr.v4.runtime.DefaultErrorStrategy,144,1,1,1,1,1,1
HPV,method,antlr4,0.9,0.5,org.antlr.v4.runtime.DefaultErrorStrategy,144,0,0,0,1,1,1
HTRP,method,antlr4,0.9,0.5,org.antlr.v4.runtime.DefaultErrorStrategy,144,1,1,1,1,1,1
HVOL,method,antlr4,0.9,0.5,org.antlr.v4.runtime.DefaultErrorStrategy,144,1,1,1,1,1,1
MI,method,antlr4,0.9,0.5,org.antlr.v4.runtime.DefaultErrorStrategy,144,1,1,1,1,1,1
MIMS,method,antlr4,0.9,0.5,org.antlr.v4.runtime.DefaultErrorStrategy,144,1,1,1,1,1,1
MISEI,method,antlr4,0.9,0.5,org.antlr.v4.runtime.DefaultErrorStrategy,144,1,1,1,1,1,1
MISM,method,antlr4,0.9,0.5,org.antlr.v4.runtime.DefaultErrorStrategy,144,1,1,1,1,1,1
McCC,method,antlr4,0.9,0.5,org.antlr.v4.runtime.DefaultErrorStrategy,144,0,0,0,1,1,1
NL,method,antlr4,0.9,0.5,org.antlr.v4.runtime.DefaultErrorStrategy,144,0,0,0,1,1,1
NLE,method,antlr4,0.9,0.5,org.antlr.v4.runtime.DefaultErrorStrategy,144,0,0,0,1,1,1
NII,method,antlr4,0.9,0.5,org.antlr.v4.runtime.DefaultErrorStrategy,144,0,0,0,1,1,1
NOI,method,antlr4,0.9,0.5,org.antlr.v4.runtime.DefaultErrorStrategy,144,0,0,0,1,1,1
CD,method,antlr4,0.9,0.5,org.antlr.v4.runtime.DefaultErrorStrategy,144,1,1,1,1,1,1
CLOC,method,antlr4,0.9,0.5,org.antlr.v4.runtime.DefaultErrorStrategy,144,0,0,0,1,1,1
DLOC,method,antlr4,0.9,0.5,org.antlr.v4.runtime.DefaultErrorStrategy,144,0,0,0,1,1,1
TCD,method,antlr4,0.9,0.5,org.antlr.v4.runtime.DefaultErrorStrategy,144,1,1,1,1,1,1
TCLOC,method,antlr4,0.9,0.5,org.antlr.v4.runtime.DefaultErrorStrategy,144,0,0,0,1,1,1
LLOC,method,antlr4,0.9,0.5,org.antlr.v4.runtime.DefaultErrorStrategy,144,1,1,1,1,1,1
LOC,method,antlr4,0.9,0.5,org.antlr.v4.runtime.DefaultErrorStrategy,144,1,1,1,1,1,1
NOS,method,antlr4,0.9,0.5,org.antlr.v4.runtime.DefaultErrorStrategy,144,1,1,1,1,1,1
NUMPAR,method,antlr4,0.9,0.5,org.antlr.v4.runtime.DefaultErrorStrategy,144,0,0,0,1,1,1
TLLOC,method,antlr4,0.9,0.5,org.antlr.v4.runtime.DefaultErrorStrategy,144,1,1,1,1,1,1
TLOC,method,antlr4,0.9,0.5,org.antlr.v4.runtime.DefaultErrorStrategy,144,1,1,1,1,1,1
TNOS,method,antlr4,0.9,0.5,org.antlr.v4.runtime.DefaultErrorStrategy,144,0,0,0,0,0,0
WarningBlocker,method,antlr4,0.9,0.5,org.antlr.v4.runtime.DefaultErrorStrategy,144,0,0,0,0,0,0
WarningCritical,method,antlr4,0.9,0.5,org.antlr.v4.runtime.DefaultErrorStrategy,144,0,0,0,0,0,0
WarningInfo,method,antlr4,0.9,0.5,org.antlr.v4.runtime.DefaultErrorStrategy,144,0,0,0,0,0,0
WarningMajor,method,antlr4,0.9,0.5,org.antlr.v4.runtime.DefaultErrorStrategy,144,0,0,0,0,0,0
WarningMinor,method,antlr4,0.9,0.5,org.antlr.v4.runtime.DefaultErrorStrategy,144,0,0,0,0,0,0
Android Rules,method,antlr4,0.9,0.5,org.antlr.v4.runtime.DefaultErrorStrategy,144,0,0,0,0,0,0
Basic Rules,method,antlr4,0.9,0.5,org.antlr.v4.runtime.DefaultErrorStrategy,144,0,0,0,0,0,0
Brace Rules,method,antlr4,0.9,0.5,org.antlr.v4.runtime.DefaultErrorStrategy,144,0,0,0,0,0,0
Clone Implementation Rules,method,antlr4,0.9,0.5,org.antlr.v4.runtime.DefaultErrorStrategy,144,0,0,0,0,0,0
Code Size Rules,method,antlr4,0.9,0.5,org.antlr.v4.runtime.DefaultErrorStrategy,144,0,0,0,0,0,0
Comment Rules,method,antlr4,0.9,0.5,org.antlr.v4.runtime.DefaultErrorStrategy,144,0,0,0,0,0,0
Controversial Rules,method,antlr4,0.9,0.5,org.antlr.v4.runtime.DefaultErrorStrategy,144,0,0,0,0,0,0
Coupling Rules,method,antlr4,0.9,0.5,org.antlr.v4.runtime.DefaultErrorStrategy,144,0,0,0,0,0,0
Design Rules,method,antlr4,0.9,0.5,org.antlr.v4.runtime.DefaultErrorStrategy,144,0,0,0,0,0,0
Empty Code Rules,method,antlr4,0.9,0.5,org.antlr.v4.runtime.DefaultErrorStrategy,144,0,0,0,0,0,0
Finalizer Rules,method,antlr4,0.9,0.5,org.antlr.v4.runtime.DefaultErrorStrategy,144,0,0,0,0,0,0
Import Statement Rules,method,antlr4,0.9,0.5,org.antlr.v4.runtime.DefaultErrorStrategy,144,0,0,0,0,0,0
J2EE Rules,method,antlr4,0.9,0.5,org.antlr.v4.runtime.DefaultErrorStrategy,144,0,0,0,0,0,0
JUnit Rules,method,antlr4,0.9,0.5,org.antlr.v4.runtime.DefaultErrorStrategy,144,0,0,0,0,0,0
Jakarta Commons Logging Rules,method,antlr4,0.9,0.5,org.antlr.v4.runtime.DefaultErrorStrategy,144,0,0,0,0,0,0
Java Logging Rules,method,antlr4,0.9,0.5,org.antlr.v4.runtime.DefaultErrorStrategy,144,0,0,0,0,0,0
JavaBean Rules,method,antlr4,0.9,0.5,org.antlr.v4.runtime.DefaultErrorStrategy,144,0,0,0,0,0,0
MigratingToJUnit4 Rules,method,antlr4,0.9,0.5,org.antlr.v4.runtime.DefaultErrorStrategy,144,0,0,0,0,0,0
Migration Rules,method,antlr4,0.9,0.5,org.antlr.v4.runtime.DefaultErrorStrategy,144,0,0,0,0,0,0
Migration13 Rules,method,antlr4,0.9,0.5,org.antlr.v4.runtime.DefaultErrorStrategy,144,0,0,0,0,0,0
Migration14 Rules,method,antlr4,0.9,0.5,org.antlr.v4.runtime.DefaultErrorStrategy,144,0,0,0,0,0,0
Migration15 Rules,method,antlr4,0.9,0.5,org.antlr.v4.runtime.DefaultErrorStrategy,144,0,0,0,0,0,0
Naming Rules,method,antlr4,0.9,0.5,org.antlr.v4.runtime.DefaultErrorStrategy,144,0,0,0,0,0,0
Optimization Rules,method,antlr4,0.9,0.5,org.antlr.v4.runtime.DefaultErrorStrategy,144,0,0,0,0,0,0
Security Code Guideline Rules,method,antlr4,0.9,0.5,org.antlr.v4.runtime.DefaultErrorStrategy,144,0,0,0,0,0,0
Strict Exception Rules,method,antlr4,0.9,0.5,org.antlr.v4.runtime.DefaultErrorStrategy,144,0,0,0,0,0,0
String and StringBuffer Rules,method,antlr4,0.9,0.5,org.antlr.v4.runtime.DefaultErrorStrategy,144,0,0,0,0,0,0
Type Resolution Rules,method,antlr4,0.9,0.5,org.antlr.v4.runtime.DefaultErrorStrategy,144,0,0,0,0,0,0
Unnecessary and Unused Code Rules,method,antlr4,0.9,0.5,org.antlr.v4.runtime.DefaultErrorStrategy,144,0,0,0,0,0,0
Vulnerability Rules,method,antlr4,0.9,0.5,org.antlr.v4.runtime.DefaultErrorStrategy,144,0,0,0,0,0,0
CC,method,antlr4,0.9,0.5,org.antlr.v4.semantics.RuleCollector,216,0,0,0,1,1,1
CCL,method,antlr4,0.9,0.5,org.antlr.v4.semantics.RuleCollector,216,0,0,0,1,1,1
CCO,method,antlr4,0.9,0.5,org.antlr.v4.semantics.RuleCollector,216,0,0,0,1,1,1
CI,method,antlr4,0.9,0.5,org.antlr.v4.semantics.RuleCollector,216,0,0,0,1,1,1
CLC,method,antlr4,0.9,0.5,org.antlr.v4.semantics.RuleCollector,216,0,0,0,1,1,1
CLLC,method,antlr4,0.9,0.5,org.antlr.v4.semantics.RuleCollector,216,0,0,0,1,1,1
LDC,method,antlr4,0.9,0.5,org.antlr.v4.semantics.RuleCollector,216,0,0,0,1,1,1
LLDC,method,antlr4,0.9,0.5,org.antlr.v4.semantics.RuleCollector,216,0,0,0,1,1,1
HCPL,method,antlr4,0.9,0.5,org.antlr.v4.semantics.RuleCollector,216,1,1,1,1,1,1
HDIF,method,antlr4,0.9,0.5,org.antlr.v4.semantics.RuleCollector,216,1,1,1,1,1,1
HEFF,method,antlr4,0.9,0.5,org.antlr.v4.semantics.RuleCollector,216,1,1,1,1,1,1
HNDB,method,antlr4,0.9,0.5,org.antlr.v4.semantics.RuleCollector,216,1,1,1,1,1,1
HPL,method,antlr4,0.9,0.5,org.antlr.v4.semantics.RuleCollector,216,1,1,1,1,1,1
HPV,method,antlr4,0.9,0.5,org.antlr.v4.semantics.RuleCollector,216,1,1,1,1,1,1
HTRP,method,antlr4,0.9,0.5,org.antlr.v4.semantics.RuleCollector,216,1,1,1,1,1,1
HVOL,method,antlr4,0.9,0.5,org.antlr.v4.semantics.RuleCollector,216,1,1,1,1,1,1
MI,method,antlr4,0.9,0.5,org.antlr.v4.semantics.RuleCollector,216,1,1,1,1,1,1
MIMS,method,antlr4,0.9,0.5,org.antlr.v4.semantics.RuleCollector,216,1,1,1,1,1,1
MISEI,method,antlr4,0.9,0.5,org.antlr.v4.semantics.RuleCollector,216,1,1,1,1,1,1
MISM,method,antlr4,0.9,0.5,org.antlr.v4.semantics.RuleCollector,216,1,1,1,1,1,1
McCC,method,antlr4,0.9,0.5,org.antlr.v4.semantics.RuleCollector,216,0,0,0,1,1,1
NL,method,antlr4,0.9,0.5,org.antlr.v4.semantics.RuleCollector,216,0,0,0,1,1,1
NLE,method,antlr4,0.9,0.5,org.antlr.v4.semantics.RuleCollector,216,0,0,0,1,1,1
NII,method,antlr4,0.9,0.5,org.antlr.v4.semantics.RuleCollector,216,1,1,1,1,1,1
NOI,method,antlr4,0.9,0.5,org.antlr.v4.semantics.RuleCollector,216,0,0,0,1,1,1
CD,method,antlr4,0.9,0.5,org.antlr.v4.semantics.RuleCollector,216,0,0,0,1,1,1
CLOC,method,antlr4,0.9,0.5,org.antlr.v4.semantics.RuleCollector,216,0,0,0,1,1,1
DLOC,method,antlr4,0.9,0.5,org.antlr.v4.semantics.RuleCollector,216,0,0,0,1,1,1
TCD,method,antlr4,0.9,0.5,org.antlr.v4.semantics.RuleCollector,216,0,0,0,1,1,1
TCLOC,method,antlr4,0.9,0.5,org.antlr.v4.semantics.RuleCollector,216,0,0,0,1,1,1
LLOC,method,antlr4,0.9,0.5,org.antlr.v4.semantics.RuleCollector,216,1,1,1,1,1,1
LOC,method,antlr4,0.9,0.5,org.antlr.v4.semantics.RuleCollector,216,1,1,1,1,1,1
NOS,method,antlr4,0.9,0.5,org.antlr.v4.semantics.RuleCollector,216,0,0,0,1,1,1
NUMPAR,method,antlr4,0.9,0.5,org.antlr.v4.semantics.RuleCollector,216,1,1,1,1,1,1
TLLOC,method,antlr4,0.9,0.5,org.antlr.v4.semantics.RuleCollector,216,1,1,1,1,1,1
TLOC,method,antlr4,0.9,0.5,org.antlr.v4.semantics.RuleCollector,216,1,1,1,1,1,1
TNOS,method,antlr4,0.9,0.5,org.antlr.v4.semantics.RuleCollector,216,0,0,0,0,0,0
WarningBlocker,method,antlr4,0.9,0.5,org.antlr.v4.semantics.RuleCollector,216,0,0,0,0,0,0
WarningCritical,method,antlr4,0.9,0.5,org.antlr.v4.semantics.RuleCollector,216,0,0,0,0,0,0
WarningInfo,method,antlr4,0.9,0.5,org.antlr.v4.semantics.RuleCollector,216,0,0,0,0,0,0
WarningMajor,method,antlr4,0.9,0.5,org.antlr.v4.semantics.RuleCollector,216,0,0,0,0,0,0
WarningMinor,method,antlr4,0.9,0.5,org.antlr.v4.semantics.RuleCollector,216,0,0,0,0,0,0
Android Rules,method,antlr4,0.9,0.5,org.antlr.v4.semantics.RuleCollector,216,0,0,0,0,0,0
Basic Rules,method,antlr4,0.9,0.5,org.antlr.v4.semantics.RuleCollector,216,0,0,0,0,0,0
Brace Rules,method,antlr4,0.9,0.5,org.antlr.v4.semantics.RuleCollector,216,0,0,0,0,0,0
Clone Implementation Rules,method,antlr4,0.9,0.5,org.antlr.v4.semantics.RuleCollector,216,0,0,0,0,0,0
Code Size Rules,method,antlr4,0.9,0.5,org.antlr.v4.semantics.RuleCollector,216,0,0,0,0,0,0
Comment Rules,method,antlr4,0.9,0.5,org.antlr.v4.semantics.RuleCollector,216,0,0,0,0,0,0
Controversial Rules,method,antlr4,0.9,0.5,org.antlr.v4.semantics.RuleCollector,216,0,0,0,0,0,0
Coupling Rules,method,antlr4,0.9,0.5,org.antlr.v4.semantics.RuleCollector,216,0,0,0,0,0,0
Design Rules,method,antlr4,0.9,0.5,org.antlr.v4.semantics.RuleCollector,216,0,0,0,0,0,0
Empty Code Rules,method,antlr4,0.9,0.5,org.antlr.v4.semantics.RuleCollector,216,0,0,0,0,0,0
Finalizer Rules,method,antlr4,0.9,0.5,org.antlr.v4.semantics.RuleCollector,216,0,0,0,0,0,0
Import Statement Rules,method,antlr4,0.9,0.5,org.antlr.v4.semantics.RuleCollector,216,0,0,0,0,0,0
J2EE Rules,method,antlr4,0.9,0.5,org.antlr.v4.semantics.RuleCollector,216,0,0,0,0,0,0
JUnit Rules,method,antlr4,0.9,0.5,org.antlr.v4.semantics.RuleCollector,216,0,0,0,0,0,0
Jakarta Commons Logging Rules,method,antlr4,0.9,0.5,org.antlr.v4.semantics.RuleCollector,216,0,0,0,0,0,0
Java Logging Rules,method,antlr4,0.9,0.5,org.antlr.v4.semantics.RuleCollector,216,0,0,0,0,0,0
JavaBean Rules,method,antlr4,0.9,0.5,org.antlr.v4.semantics.RuleCollector,216,0,0,0,0,0,0
MigratingToJUnit4 Rules,method,antlr4,0.9,0.5,org.antlr.v4.semantics.RuleCollector,216,0,0,0,0,0,0
Migration Rules,method,antlr4,0.9,0.5,org.antlr.v4.semantics.RuleCollector,216,0,0,0,0,0,0
Migration13 Rules,method,antlr4,0.9,0.5,org.antlr.v4.semantics.RuleCollector,216,0,0,0,0,0,0
Migration14 Rules,method,antlr4,0.9,0.5,org.antlr.v4.semantics.RuleCollector,216,0,0,0,0,0,0
Migration15 Rules,method,antlr4,0.9,0.5,org.antlr.v4.semantics.RuleCollector,216,0,0,0,0,0,0
Naming Rules,method,antlr4,0.9,0.5,org.antlr.v4.semantics.RuleCollector,216,0,0,0,0,0,0
Optimization Rules,method,antlr4,0.9,0.5,org.antlr.v4.semantics.RuleCollector,216,0,0,0,0,0,0
Security Code Guideline Rules,method,antlr4,0.9,0.5,org.antlr.v4.semantics.RuleCollector,216,0,0,0,0,0,0
Strict Exception Rules,method,antlr4,0.9,0.5,org.antlr.v4.semantics.RuleCollector,216,0,0,0,0,0,0
String and StringBuffer Rules,method,antlr4,0.9,0.5,org.antlr.v4.semantics.RuleCollector,216,0,0,0,0,0,0
Type Resolution Rules,method,antlr4,0.9,0.5,org.antlr.v4.semantics.RuleCollector,216,0,0,0,0,0,0
Unnecessary and Unused Code Rules,method,antlr4,0.9,0.5,org.antlr.v4.semantics.RuleCollector,216,0,0,0,0,0,0
Vulnerability Rules,method,antlr4,0.9,0.5,org.antlr.v4.semantics.RuleCollector,216,0,0,0,0,0,0
CC,method,antlr4,0.9,0.5,org.antlr.v4.test.tool.TestPerformance$4,144,1,1,1,1,1,1
CCL,method,antlr4,0.9,0.5,org.antlr.v4.test.tool.TestPerformance$4,144,0,0,0,1,1,1
CCO,method,antlr4,0.9,0.5,org.antlr.v4.test.tool.TestPerformance$4,144,0,0,0,1,1,1
CI,method,antlr4,0.9,0.5,org.antlr.v4.test.tool.TestPerformance$4,144,0,0,0,1,1,1
CLC,method,antlr4,0.9,0.5,org.antlr.v4.test.tool.TestPerformance$4,144,0,0,0,1,1,1
CLLC,method,antlr4,0.9,0.5,org.antlr.v4.test.tool.TestPerformance$4,144,0,0,0,1,1,1
LDC,method,antlr4,0.9,0.5,org.antlr.v4.test.tool.TestPerformance$4,144,0,0,0,1,1,1
LLDC,method,antlr4,0.9,0.5,org.antlr.v4.test.tool.TestPerformance$4,144,0,0,0,1,1,1
HCPL,method,antlr4,0.9,0.5,org.antlr.v4.test.tool.TestPerformance$4,144,1,1,1,1,1,1
HDIF,method,antlr4,0.9,0.5,org.antlr.v4.test.tool.TestPerformance$4,144,1,1,1,1,1,1
HEFF,method,antlr4,0.9,0.5,org.antlr.v4.test.tool.TestPerformance$4,144,1,1,1,1,1,1
HNDB,method,antlr4,0.9,0.5,org.antlr.v4.test.tool.TestPerformance$4,144,1,1,1,1,1,1
HPL,method,antlr4,0.9,0.5,org.antlr.v4.test.tool.TestPerformance$4,144,1,1,1,1,1,1
HPV,method,antlr4,0.9,0.5,org.antlr.v4.test.tool.TestPerformance$4,144,1,1,1,1,1,1
HTRP,method,antlr4,0.9,0.5,org.antlr.v4.test.tool.TestPerformance$4,144,1,1,1,1,1,1
HVOL,method,antlr4,0.9,0.5,org.antlr.v4.test.tool.TestPerformance$4,144,1,1,1,1,1,1
MI,method,antlr4,0.9,0.5,org.antlr.v4.test.tool.TestPerformance$4,144,1,1,1,1,1,1
MIMS,method,antlr4,0.9,0.5,org.antlr.v4.test.tool.TestPerformance$4,144,1,1,1,1,1,1
MISEI,method,antlr4,0.9,0.5,org.antlr.v4.test.tool.TestPerformance$4,144,1,1,1,1,1,1
MISM,method,antlr4,0.9,0.5,org.antlr.v4.test.tool.TestPerformance$4,144,0,0,0,1,1,1
McCC,method,antlr4,0.9,0.5,org.antlr.v4.test.tool.TestPerformance$4,144,0,0,0,1,1,1
NL,method,antlr4,0.9,0.5,org.antlr.v4.test.tool.TestPerformance$4,144,0,0,0,1,1,1
NLE,method,antlr4,0.9,0.5,org.antlr.v4.test.tool.TestPerformance$4,144,0,0,0,1,1,1
NII,method,antlr4,0.9,0.5,org.antlr.v4.test.tool.TestPerformance$4,144,0,0,0,1,1,1
NOI,method,antlr4,0.9,0.5,org.antlr.v4.test.tool.TestPerformance$4,144,0,0,0,1,1,1
CD,method,antlr4,0.9,0.5,org.antlr.v4.test.tool.TestPerformance$4,144,0,0,0,1,1,1
CLOC,method,antlr4,0.9,0.5,org.antlr.v4.test.tool.TestPerformance$4,144,0,0,0,1,1,1
DLOC,method,antlr4,0.9,0.5,org.antlr.v4.test.tool.TestPerformance$4,144,0,0,0,1,1,1
TCD,method,antlr4,0.9,0.5,org.antlr.v4.test.tool.TestPerformance$4,144,0,0,0,1,1,1
TCLOC,method,antlr4,0.9,0.5,org.antlr.v4.test.tool.TestPerformance$4,144,0,0,0,1,1,1
LLOC,method,antlr4,0.9,0.5,org.antlr.v4.test.tool.TestPerformance$4,144,0,0,0,1,1,1
LOC,method,antlr4,0.9,0.5,org.antlr.v4.test.tool.TestPerformance$4,144,0,0,0,1,1,1
NOS,method,antlr4,0.9,0.5,org.antlr.v4.test.tool.TestPerformance$4,144,0,0,0,1,1,1
NUMPAR,method,antlr4,0.9,0.5,org.antlr.v4.test.tool.TestPerformance$4,144,0,0,0,1,1,1
TLLOC,method,antlr4,0.9,0.5,org.antlr.v4.test.tool.TestPerformance$4,144,0,0,0,1,1,1
TLOC,method,antlr4,0.9,0.5,org.antlr.v4.test.tool.TestPerformance$4,144,0,0,0,1,1,1
TNOS,method,antlr4,0.9,0.5,org.antlr.v4.test.tool.TestPerformance$4,144,0,0,0,0,0,0
WarningBlocker,method,antlr4,0.9,0.5,org.antlr.v4.test.tool.TestPerformance$4,144,0,0,0,0,0,0
WarningCritical,method,antlr4,0.9,0.5,org.antlr.v4.test.tool.TestPerformance$4,144,0,0,0,0,0,0
WarningInfo,method,antlr4,0.9,0.5,org.antlr.v4.test.tool.TestPerformance$4,144,0,0,0,0,0,0
WarningMajor,method,antlr4,0.9,0.5,org.antlr.v4.test.tool.TestPerformance$4,144,0,0,0,0,0,0
WarningMinor,method,antlr4,0.9,0.5,org.antlr.v4.test.tool.TestPerformance$4,144,0,0,0,0,0,0
Android Rules,method,antlr4,0.9,0.5,org.antlr.v4.test.tool.TestPerformance$4,144,0,0,0,0,0,0
Basic Rules,method,antlr4,0.9,0.5,org.antlr.v4.test.tool.TestPerformance$4,144,0,0,0,0,0,0
Brace Rules,method,antlr4,0.9,0.5,org.antlr.v4.test.tool.TestPerformance$4,144,0,0,0,0,0,0
Clone Implementation Rules,method,antlr4,0.9,0.5,org.antlr.v4.test.tool.TestPerformance$4,144,0,0,0,0,0,0
Code Size Rules,method,antlr4,0.9,0.5,org.antlr.v4.test.tool.TestPerformance$4,144,0,0,0,0,0,0
Comment Rules,method,antlr4,0.9,0.5,org.antlr.v4.test.tool.TestPerformance$4,144,0,0,0,0,0,0
Controversial Rules,method,antlr4,0.9,0.5,org.antlr.v4.test.tool.TestPerformance$4,144,0,0,0,0,0,0
Coupling Rules,method,antlr4,0.9,0.5,org.antlr.v4.test.tool.TestPerformance$4,144,0,0,0,0,0,0
Design Rules,method,antlr4,0.9,0.5,org.antlr.v4.test.tool.TestPerformance$4,144,0,0,0,0,0,0
Empty Code Rules,method,antlr4,0.9,0.5,org.antlr.v4.test.tool.TestPerformance$4,144,0,0,0,0,0,0
Finalizer Rules,method,antlr4,0.9,0.5,org.antlr.v4.test.tool.TestPerformance$4,144,0,0,0,0,0,0
Import Statement Rules,method,antlr4,0.9,0.5,org.antlr.v4.test.tool.TestPerformance$4,144,0,0,0,0,0,0
J2EE Rules,method,antlr4,0.9,0.5,org.antlr.v4.test.tool.TestPerformance$4,144,0,0,0,0,0,0
JUnit Rules,method,antlr4,0.9,0.5,org.antlr.v4.test.tool.TestPerformance$4,144,0,0,0,0,0,0
Jakarta Commons Logging Rules,method,antlr4,0.9,0.5,org.antlr.v4.test.tool.TestPerformance$4,144,0,0,0,0,0,0
Java Logging Rules,method,antlr4,0.9,0.5,org.antlr.v4.test.tool.TestPerformance$4,144,0,0,0,0,0,0
JavaBean Rules,method,antlr4,0.9,0.5,org.antlr.v4.test.tool.TestPerformance$4,144,0,0,0,0,0,0
MigratingToJUnit4 Rules,method,antlr4,0.9,0.5,org.antlr.v4.test.tool.TestPerformance$4,144,0,0,0,0,0,0
Migration Rules,method,antlr4,0.9,0.5,org.antlr.v4.test.tool.TestPerformance$4,144,0,0,0,0,0,0
Migration13 Rules,method,antlr4,0.9,0.5,org.antlr.v4.test.tool.TestPerformance$4,144,0,0,0,0,0,0
Migration14 Rules,method,antlr4,0.9,0.5,org.antlr.v4.test.tool.TestPerformance$4,144,0,0,0,0,0,0
Migration15 Rules,method,antlr4,0.9,0.5,org.antlr.v4.test.tool.TestPerformance$4,144,0,0,0,0,0,0
Naming Rules,method,antlr4,0.9,0.5,org.antlr.v4.test.tool.TestPerformance$4,144,0,0,0,0,0,0
Optimization Rules,method,antlr4,0.9,0.5,org.antlr.v4.test.tool.TestPerformance$4,144,0,0,0,0,0,0
Security Code Guideline Rules,method,antlr4,0.9,0.5,org.antlr.v4.test.tool.TestPerformance$4,144,0,0,0,0,0,0
Strict Exception Rules,method,antlr4,0.9,0.5,org.antlr.v4.test.tool.TestPerformance$4,144,0,0,0,0,0,0
String and StringBuffer Rules,method,antlr4,0.9,0.5,org.antlr.v4.test.tool.TestPerformance$4,144,0,0,0,0,0,0
Type Resolution Rules,method,antlr4,0.9,0.5,org.antlr.v4.test.tool.TestPerformance$4,144,0,0,0,0,0,0
Unnecessary and Unused Code Rules,method,antlr4,0.9,0.5,org.antlr.v4.test.tool.TestPerformance$4,144,0,0,0,0,0,0
Vulnerability Rules,method,antlr4,0.9,0.5,org.antlr.v4.test.tool.TestPerformance$4,144,0,0,0,0,0,0
CC,method,antlr4,0.9,0.5,org.antlr.v4.runtime.atn.LexerATNSimulator,864,0,0,0,1,1,1
CCL,method,antlr4,0.9,0.5,org.antlr.v4.runtime.atn.LexerATNSimulator,864,0,0,0,1,1,1
CCO,method,antlr4,0.9,0.5,org.antlr.v4.runtime.atn.LexerATNSimulator,864,0,0,0,1,1,1
CI,method,antlr4,0.9,0.5,org.antlr.v4.runtime.atn.LexerATNSimulator,864,0,0,0,1,1,1
CLC,method,antlr4,0.9,0.5,org.antlr.v4.runtime.atn.LexerATNSimulator,864,0,0,0,1,1,1
CLLC,method,antlr4,0.9,0.5,org.antlr.v4.runtime.atn.LexerATNSimulator,864,0,0,0,1,1,1
LDC,method,antlr4,0.9,0.5,org.antlr.v4.runtime.atn.LexerATNSimulator,864,0,0,0,1,1,1
LLDC,method,antlr4,0.9,0.5,org.antlr.v4.runtime.atn.LexerATNSimulator,864,0,0,0,1,1,1
HCPL,method,antlr4,0.9,0.5,org.antlr.v4.runtime.atn.LexerATNSimulator,864,1,1,1,1,1,1
HDIF,method,antlr4,0.9,0.5,org.antlr.v4.runtime.atn.LexerATNSimulator,864,1,1,1,1,1,1
HEFF,method,antlr4,0.9,0.5,org.antlr.v4.runtime.atn.LexerATNSimulator,864,1,1,1,1,1,1
HNDB,method,antlr4,0.9,0.5,org.antlr.v4.runtime.atn.LexerATNSimulator,864,1,1,1,1,1,1
HPL,method,antlr4,0.9,0.5,org.antlr.v4.runtime.atn.LexerATNSimulator,864,1,1,1,1,1,1
HPV,method,antlr4,0.9,0.5,org.antlr.v4.runtime.atn.LexerATNSimulator,864,1,1,1,1,1,1
HTRP,method,antlr4,0.9,0.5,org.antlr.v4.runtime.atn.LexerATNSimulator,864,1,1,1,1,1,1
HVOL,method,antlr4,0.9,0.5,org.antlr.v4.runtime.atn.LexerATNSimulator,864,1,1,1,1,1,1
MI,method,antlr4,0.9,0.5,org.antlr.v4.runtime.atn.LexerATNSimulator,864,1,1,1,1,1,1
MIMS,method,antlr4,0.9,0.5,org.antlr.v4.runtime.atn.LexerATNSimulator,864,1,1,1,1,1,1
MISEI,method,antlr4,0.9,0.5,org.antlr.v4.runtime.atn.LexerATNSimulator,864,1,1,1,1,1,1
MISM,method,antlr4,0.9,0.5,org.antlr.v4.runtime.atn.LexerATNSimulator,864,1,1,1,1,1,1
McCC,method,antlr4,0.9,0.5,org.antlr.v4.runtime.atn.LexerATNSimulator,864,1,1,1,1,1,1
NL,method,antlr4,0.9,0.5,org.antlr.v4.runtime.atn.LexerATNSimulator,864,1,1,1,1,1,1
NLE,method,antlr4,0.9,0.5,org.antlr.v4.runtime.atn.LexerATNSimulator,864,1,1,1,1,1,1
NII,method,antlr4,0.9,0.5,org.antlr.v4.runtime.atn.LexerATNSimulator,864,0,0,0,1,1,1
NOI,method,antlr4,0.9,0.5,org.antlr.v4.runtime.atn.LexerATNSimulator,864,1,1,1,1,1,1
CD,method,antlr4,0.9,0.5,org.antlr.v4.runtime.atn.LexerATNSimulator,864,1,1,1,1,1,1
CLOC,method,antlr4,0.9,0.5,org.antlr.v4.runtime.atn.LexerATNSimulator,864,1,1,1,1,1,1
DLOC,method,antlr4,0.9,0.5,org.antlr.v4.runtime.atn.LexerATNSimulator,864,1,1,1,1,1,1
TCD,method,antlr4,0.9,0.5,org.antlr.v4.runtime.atn.LexerATNSimulator,864,1,1,1,1,1,1
TCLOC,method,antlr4,0.9,0.5,org.antlr.v4.runtime.atn.LexerATNSimulator,864,1,1,1,1,1,1
LLOC,method,antlr4,0.9,0.5,org.antlr.v4.runtime.atn.LexerATNSimulator,864,1,1,1,1,1,1
LOC,method,antlr4,0.9,0.5,org.antlr.v4.runtime.atn.LexerATNSimulator,864,1,1,1,1,1,1
NOS,method,antlr4,0.9,0.5,org.antlr.v4.runtime.atn.LexerATNSimulator,864,1,1,1,1,1,1
NUMPAR,method,antlr4,0.9,0.5,org.antlr.v4.runtime.atn.LexerATNSimulator,864,1,1,1,1,1,1
TLLOC,method,antlr4,0.9,0.5,org.antlr.v4.runtime.atn.LexerATNSimulator,864,1,1,1,1,1,1
TLOC,method,antlr4,0.9,0.5,org.antlr.v4.runtime.atn.LexerATNSimulator,864,1,1,1,1,1,1
TNOS,method,antlr4,0.9,0.5,org.antlr.v4.runtime.atn.LexerATNSimulator,864,0,0,0,0,0,0
WarningBlocker,method,antlr4,0.9,0.5,org.antlr.v4.runtime.atn.LexerATNSimulator,864,0,0,0,0,0,0
WarningCritical,method,antlr4,0.9,0.5,org.antlr.v4.runtime.atn.LexerATNSimulator,864,0,0,0,0,0,0
WarningInfo,method,antlr4,0.9,0.5,org.antlr.v4.runtime.atn.LexerATNSimulator,864,0,0,0,0,0,0
WarningMajor,method,antlr4,0.9,0.5,org.antlr.v4.runtime.atn.LexerATNSimulator,864,0,0,0,0,0,0
WarningMinor,method,antlr4,0.9,0.5,org.antlr.v4.runtime.atn.LexerATNSimulator,864,0,0,0,0,0,0
Android Rules,method,antlr4,0.9,0.5,org.antlr.v4.runtime.atn.LexerATNSimulator,864,0,0,0,0,0,0
Basic Rules,method,antlr4,0.9,0.5,org.antlr.v4.runtime.atn.LexerATNSimulator,864,0,0,0,0,0,0
Brace Rules,method,antlr4,0.9,0.5,org.antlr.v4.runtime.atn.LexerATNSimulator,864,0,0,0,0,0,0
Clone Implementation Rules,method,antlr4,0.9,0.5,org.antlr.v4.runtime.atn.LexerATNSimulator,864,0,0,0,0,0,0
Code Size Rules,method,antlr4,0.9,0.5,org.antlr.v4.runtime.atn.LexerATNSimulator,864,0,0,0,0,0,0
Comment Rules,method,antlr4,0.9,0.5,org.antlr.v4.runtime.atn.LexerATNSimulator,864,0,0,0,0,0,0
Controversial Rules,method,antlr4,0.9,0.5,org.antlr.v4.runtime.atn.LexerATNSimulator,864,0,0,0,0,0,0
Coupling Rules,method,antlr4,0.9,0.5,org.antlr.v4.runtime.atn.LexerATNSimulator,864,0,0,0,0,0,0
Design Rules,method,antlr4,0.9,0.5,org.antlr.v4.runtime.atn.LexerATNSimulator,864,0,0,0,0,0,0
Empty Code Rules,method,antlr4,0.9,0.5,org.antlr.v4.runtime.atn.LexerATNSimulator,864,0,0,0,0,0,0
Finalizer Rules,method,antlr4,0.9,0.5,org.antlr.v4.runtime.atn.LexerATNSimulator,864,0,0,0,0,0,0
Import Statement Rules,method,antlr4,0.9,0.5,org.antlr.v4.runtime.atn.LexerATNSimulator,864,0,0,0,0,0,0
J2EE Rules,method,antlr4,0.9,0.5,org.antlr.v4.runtime.atn.LexerATNSimulator,864,0,0,0,0,0,0
JUnit Rules,method,antlr4,0.9,0.5,org.antlr.v4.runtime.atn.LexerATNSimulator,864,0,0,0,0,0,0
Jakarta Commons Logging Rules,method,antlr4,0.9,0.5,org.antlr.v4.runtime.atn.LexerATNSimulator,864,0,0,0,0,0,0
Java Logging Rules,method,antlr4,0.9,0.5,org.antlr.v4.runtime.atn.LexerATNSimulator,864,0,0,0,0,0,0
JavaBean Rules,method,antlr4,0.9,0.5,org.antlr.v4.runtime.atn.LexerATNSimulator,864,0,0,0,0,0,0
MigratingToJUnit4 Rules,method,antlr4,0.9,0.5,org.antlr.v4.runtime.atn.LexerATNSimulator,864,0,0,0,0,0,0
Migration Rules,method,antlr4,0.9,0.5,org.antlr.v4.runtime.atn.LexerATNSimulator,864,0,0,0,0,0,0
Migration13 Rules,method,antlr4,0.9,0.5,org.antlr.v4.runtime.atn.LexerATNSimulator,864,0,0,0,0,0,0
Migration14 Rules,method,antlr4,0.9,0.5,org.antlr.v4.runtime.atn.LexerATNSimulator,864,0,0,0,0,0,0
Migration15 Rules,method,antlr4,0.9,0.5,org.antlr.v4.runtime.atn.LexerATNSimulator,864,0,0,0,0,0,0
Naming Rules,method,antlr4,0.9,0.5,org.antlr.v4.runtime.atn.LexerATNSimulator,864,0,0,0,0,0,0
Optimization Rules,method,antlr4,0.9,0.5,org.antlr.v4.runtime.atn.LexerATNSimulator,864,0,0,0,0,0,0
Security Code Guideline Rules,method,antlr4,0.9,0.5,org.antlr.v4.runtime.atn.LexerATNSimulator,864,0,0,0,0,0,0
Strict Exception Rules,method,antlr4,0.9,0.5,org.antlr.v4.runtime.atn.LexerATNSimulator,864,0,0,0,0,0,0
String and StringBuffer Rules,method,antlr4,0.9,0.5,org.antlr.v4.runtime.atn.LexerATNSimulator,864,0,0,0,0,0,0
Type Resolution Rules,method,antlr4,0.9,0.5,org.antlr.v4.runtime.atn.LexerATNSimulator,864,0,0,0,0,0,0
Unnecessary and Unused Code Rules,method,antlr4,0.9,0.5,org.antlr.v4.runtime.atn.LexerATNSimulator,864,0,0,0,0,0,0
Vulnerability Rules,method,antlr4,0.9,0.5,org.antlr.v4.runtime.atn.LexerATNSimulator,864,0,0,0,0,0,0
CC,method,antlr4,0.9,0.5,org.antlr.v4.runtime.dfa.DFA,288,0,0,0,1,1,1
CCL,method,antlr4,0.9,0.5,org.antlr.v4.runtime.dfa.DFA,288,0,0,0,1,1,1
CCO,method,antlr4,0.9,0.5,org.antlr.v4.runtime.dfa.DFA,288,0,0,0,1,1,1
CI,method,antlr4,0.9,0.5,org.antlr.v4.runtime.dfa.DFA,288,0,0,0,1,1,1
CLC,method,antlr4,0.9,0.5,org.antlr.v4.runtime.dfa.DFA,288,0,0,0,1,1,1
CLLC,method,antlr4,0.9,0.5,org.antlr.v4.runtime.dfa.DFA,288,0,0,0,1,1,1
LDC,method,antlr4,0.9,0.5,org.antlr.v4.runtime.dfa.DFA,288,0,0,0,1,1,1
LLDC,method,antlr4,0.9,0.5,org.antlr.v4.runtime.dfa.DFA,288,0,0,0,1,1,1
HCPL,method,antlr4,0.9,0.5,org.antlr.v4.runtime.dfa.DFA,288,1,1,1,1,1,1
HDIF,method,antlr4,0.9,0.5,org.antlr.v4.runtime.dfa.DFA,288,1,1,1,1,1,1
HEFF,method,antlr4,0.9,0.5,org.antlr.v4.runtime.dfa.DFA,288,1,1,1,1,1,1
HNDB,method,antlr4,0.9,0.5,org.antlr.v4.runtime.dfa.DFA,288,1,1,1,1,1,1
HPL,method,antlr4,0.9,0.5,org.antlr.v4.runtime.dfa.DFA,288,1,1,1,1,1,1
HPV,method,antlr4,0.9,0.5,org.antlr.v4.runtime.dfa.DFA,288,1,1,1,1,1,1
HTRP,method,antlr4,0.9,0.5,org.antlr.v4.runtime.dfa.DFA,288,1,1,1,1,1,1
HVOL,method,antlr4,0.9,0.5,org.antlr.v4.runtime.dfa.DFA,288,1,1,1,1,1,1
MI,method,antlr4,0.9,0.5,org.antlr.v4.runtime.dfa.DFA,288,1,1,1,1,1,1
MIMS,method,antlr4,0.9,0.5,org.antlr.v4.runtime.dfa.DFA,288,1,1,1,1,1,1
MISEI,method,antlr4,0.9,0.5,org.antlr.v4.runtime.dfa.DFA,288,1,1,1,1,1,1
MISM,method,antlr4,0.9,0.5,org.antlr.v4.runtime.dfa.DFA,288,1,1,1,1,1,1
McCC,method,antlr4,0.9,0.5,org.antlr.v4.runtime.dfa.DFA,288,1,1,1,1,1,1
NL,method,antlr4,0.9,0.5,org.antlr.v4.runtime.dfa.DFA,288,1,1,1,1,1,1
NLE,method,antlr4,0.9,0.5,org.antlr.v4.runtime.dfa.DFA,288,1,1,1,1,1,1
NII,method,antlr4,0.9,0.5,org.antlr.v4.runtime.dfa.DFA,288,1,1,1,1,1,1
NOI,method,antlr4,0.9,0.5,org.antlr.v4.runtime.dfa.DFA,288,1,1,1,1,1,1
CD,method,antlr4,0.9,0.5,org.antlr.v4.runtime.dfa.DFA,288,1,1,1,1,1,1
CLOC,method,antlr4,0.9,0.5,org.antlr.v4.runtime.dfa.DFA,288,1,1,1,1,1,1
DLOC,method,antlr4,0.9,0.5,org.antlr.v4.runtime.dfa.DFA,288,1,1,1,1,1,1
TCD,method,antlr4,0.9,0.5,org.antlr.v4.runtime.dfa.DFA,288,1,1,1,1,1,1
TCLOC,method,antlr4,0.9,0.5,org.antlr.v4.runtime.dfa.DFA,288,1,1,1,1,1,1
LLOC,method,antlr4,0.9,0.5,org.antlr.v4.runtime.dfa.DFA,288,1,1,1,1,1,1
LOC,method,antlr4,0.9,0.5,org.antlr.v4.runtime.dfa.DFA,288,1,1,1,1,1,1
NOS,method,antlr4,0.9,0.5,org.antlr.v4.runtime.dfa.DFA,288,1,1,1,1,1,1
NUMPAR,method,antlr4,0.9,0.5,org.antlr.v4.runtime.dfa.DFA,288,0,0,0,1,1,1
TLLOC,method,antlr4,0.9,0.5,org.antlr.v4.runtime.dfa.DFA,288,1,1,1,1,1,1
TLOC,method,antlr4,0.9,0.5,org.antlr.v4.runtime.dfa.DFA,288,1,1,1,1,1,1
TNOS,method,antlr4,0.9,0.5,org.antlr.v4.runtime.dfa.DFA,288,0,0,0,0,0,0
WarningBlocker,method,antlr4,0.9,0.5,org.antlr.v4.runtime.dfa.DFA,288,0,0,0,0,0,0
WarningCritical,method,antlr4,0.9,0.5,org.antlr.v4.runtime.dfa.DFA,288,0,0,0,0,0,0
WarningInfo,method,antlr4,0.9,0.5,org.antlr.v4.runtime.dfa.DFA,288,0,0,0,0,0,0
WarningMajor,method,antlr4,0.9,0.5,org.antlr.v4.runtime.dfa.DFA,288,0,0,0,0,0,0
WarningMinor,method,antlr4,0.9,0.5,org.antlr.v4.runtime.dfa.DFA,288,0,0,0,0,0,0
Android Rules,method,antlr4,0.9,0.5,org.antlr.v4.runtime.dfa.DFA,288,0,0,0,0,0,0
Basic Rules,method,antlr4,0.9,0.5,org.antlr.v4.runtime.dfa.DFA,288,0,0,0,0,0,0
Brace Rules,method,antlr4,0.9,0.5,org.antlr.v4.runtime.dfa.DFA,288,0,0,0,0,0,0
Clone Implementation Rules,method,antlr4,0.9,0.5,org.antlr.v4.runtime.dfa.DFA,288,0,0,0,0,0,0
Code Size Rules,method,antlr4,0.9,0.5,org.antlr.v4.runtime.dfa.DFA,288,0,0,0,0,0,0
Comment Rules,method,antlr4,0.9,0.5,org.antlr.v4.runtime.dfa.DFA,288,0,0,0,0,0,0
Controversial Rules,method,antlr4,0.9,0.5,org.antlr.v4.runtime.dfa.DFA,288,0,0,0,0,0,0
Coupling Rules,method,antlr4,0.9,0.5,org.antlr.v4.runtime.dfa.DFA,288,0,0,0,0,0,0
Design Rules,method,antlr4,0.9,0.5,org.antlr.v4.runtime.dfa.DFA,288,0,0,0,0,0,0
Empty Code Rules,method,antlr4,0.9,0.5,org.antlr.v4.runtime.dfa.DFA,288,0,0,0,0,0,0
Finalizer Rules,method,antlr4,0.9,0.5,org.antlr.v4.runtime.dfa.DFA,288,0,0,0,0,0,0
Import Statement Rules,method,antlr4,0.9,0.5,org.antlr.v4.runtime.dfa.DFA,288,0,0,0,0,0,0
J2EE Rules,method,antlr4,0.9,0.5,org.antlr.v4.runtime.dfa.DFA,288,0,0,0,0,0,0
JUnit Rules,method,antlr4,0.9,0.5,org.antlr.v4.runtime.dfa.DFA,288,0,0,0,0,0,0
Jakarta Commons Logging Rules,method,antlr4,0.9,0.5,org.antlr.v4.runtime.dfa.DFA,288,0,0,0,0,0,0
Java Logging Rules,method,antlr4,0.9,0.5,org.antlr.v4.runtime.dfa.DFA,288,0,0,0,0,0,0
JavaBean Rules,method,antlr4,0.9,0.5,org.antlr.v4.runtime.dfa.DFA,288,0,0,0,0,0,0
MigratingToJUnit4 Rules,method,antlr4,0.9,0.5,org.antlr.v4.runtime.dfa.DFA,288,0,0,0,0,0,0
Migration Rules,method,antlr4,0.9,0.5,org.antlr.v4.runtime.dfa.DFA,288,0,0,0,0,0,0
Migration13 Rules,method,antlr4,0.9,0.5,org.antlr.v4.runtime.dfa.DFA,288,0,0,0,0,0,0
Migration14 Rules,method,antlr4,0.9,0.5,org.antlr.v4.runtime.dfa.DFA,288,0,0,0,0,0,0
Migration15 Rules,method,antlr4,0.9,0.5,org.antlr.v4.runtime.dfa.DFA,288,0,0,0,0,0,0
Naming Rules,method,antlr4,0.9,0.5,org.antlr.v4.runtime.dfa.DFA,288,0,0,0,0,0,0
Optimization Rules,method,antlr4,0.9,0.5,org.antlr.v4.runtime.dfa.DFA,288,0,0,0,0,0,0
Security Code Guideline Rules,method,antlr4,0.9,0.5,org.antlr.v4.runtime.dfa.DFA,288,0,0,0,0,0,0
Strict Exception Rules,method,antlr4,0.9,0.5,org.antlr.v4.runtime.dfa.DFA,288,0,0,0,0,0,0
String and StringBuffer Rules,method,antlr4,0.9,0.5,org.antlr.v4.runtime.dfa.DFA,288,0,0,0,0,0,0
Type Resolution Rules,method,antlr4,0.9,0.5,org.antlr.v4.runtime.dfa.DFA,288,0,0,0,0,0,0
Unnecessary and Unused Code Rules,method,antlr4,0.9,0.5,org.antlr.v4.runtime.dfa.DFA,288,0,0,0,0,0,0
Vulnerability Rules,method,antlr4,0.9,0.5,org.antlr.v4.runtime.dfa.DFA,288,0,0,0,0,0,0
CC,method,antlr4,0.9,0.5,org.antlr.v4.misc.EscapeSequenceParsing,216,0,0,0,1,1,1
CCL,method,antlr4,0.9,0.5,org.antlr.v4.misc.EscapeSequenceParsing,216,0,0,0,1,1,1
CCO,method,antlr4,0.9,0.5,org.antlr.v4.misc.EscapeSequenceParsing,216,0,0,0,1,1,1
CI,method,antlr4,0.9,0.5,org.antlr.v4.misc.EscapeSequenceParsing,216,0,0,0,1,1,1
CLC,method,antlr4,0.9,0.5,org.antlr.v4.misc.EscapeSequenceParsing,216,0,0,0,1,1,1
CLLC,method,antlr4,0.9,0.5,org.antlr.v4.misc.EscapeSequenceParsing,216,0,0,0,1,1,1
LDC,method,antlr4,0.9,0.5,org.antlr.v4.misc.EscapeSequenceParsing,216,0,0,0,1,1,1
LLDC,method,antlr4,0.9,0.5,org.antlr.v4.misc.EscapeSequenceParsing,216,0,0,0,1,1,1
HCPL,method,antlr4,0.9,0.5,org.antlr.v4.misc.EscapeSequenceParsing,216,1,1,1,1,1,1
HDIF,method,antlr4,0.9,0.5,org.antlr.v4.misc.EscapeSequenceParsing,216,1,1,1,1,1,1
HEFF,method,antlr4,0.9,0.5,org.antlr.v4.misc.EscapeSequenceParsing,216,1,1,1,1,1,1
HNDB,method,antlr4,0.9,0.5,org.antlr.v4.misc.EscapeSequenceParsing,216,1,1,1,1,1,1
HPL,method,antlr4,0.9,0.5,org.antlr.v4.misc.EscapeSequenceParsing,216,1,1,1,1,1,1
HPV,method,antlr4,0.9,0.5,org.antlr.v4.misc.EscapeSequenceParsing,216,1,1,1,1,1,1
HTRP,method,antlr4,0.9,0.5,org.antlr.v4.misc.EscapeSequenceParsing,216,1,1,1,1,1,1
HVOL,method,antlr4,0.9,0.5,org.antlr.v4.misc.EscapeSequenceParsing,216,1,1,1,1,1,1
MI,method,antlr4,0.9,0.5,org.antlr.v4.misc.EscapeSequenceParsing,216,1,1,1,1,1,1
MIMS,method,antlr4,0.9,0.5,org.antlr.v4.misc.EscapeSequenceParsing,216,1,1,1,1,1,1
MISEI,method,antlr4,0.9,0.5,org.antlr.v4.misc.EscapeSequenceParsing,216,1,1,1,1,1,1
MISM,method,antlr4,0.9,0.5,org.antlr.v4.misc.EscapeSequenceParsing,216,1,1,1,1,1,1
McCC,method,antlr4,0.9,0.5,org.antlr.v4.misc.EscapeSequenceParsing,216,1,1,1,1,1,1
NL,method,antlr4,0.9,0.5,org.antlr.v4.misc.EscapeSequenceParsing,216,1,1,1,1,1,1
NLE,method,antlr4,0.9,0.5,org.antlr.v4.misc.EscapeSequenceParsing,216,1,1,1,1,1,1
NII,method,antlr4,0.9,0.5,org.antlr.v4.misc.EscapeSequenceParsing,216,1,1,1,1,1,1
NOI,method,antlr4,0.9,0.5,org.antlr.v4.misc.EscapeSequenceParsing,216,1,1,1,1,1,1
CD,method,antlr4,0.9,0.5,org.antlr.v4.misc.EscapeSequenceParsing,216,1,1,1,1,1,1
CLOC,method,antlr4,0.9,0.5,org.antlr.v4.misc.EscapeSequenceParsing,216,1,1,1,1,1,1
DLOC,method,antlr4,0.9,0.5,org.antlr.v4.misc.EscapeSequenceParsing,216,1,1,1,1,1,1
TCD,method,antlr4,0.9,0.5,org.antlr.v4.misc.EscapeSequenceParsing,216,1,1,1,1,1,1
TCLOC,method,antlr4,0.9,0.5,org.antlr.v4.misc.EscapeSequenceParsing,216,1,1,1,1,1,1
LLOC,method,antlr4,0.9,0.5,org.antlr.v4.misc.EscapeSequenceParsing,216,1,1,1,1,1,1
LOC,method,antlr4,0.9,0.5,org.antlr.v4.misc.EscapeSequenceParsing,216,1,1,1,1,1,1
NOS,method,antlr4,0.9,0.5,org.antlr.v4.misc.EscapeSequenceParsing,216,1,1,1,1,1,1
NUMPAR,method,antlr4,0.9,0.5,org.antlr.v4.misc.EscapeSequenceParsing,216,0,0,0,1,1,1
TLLOC,method,antlr4,0.9,0.5,org.antlr.v4.misc.EscapeSequenceParsing,216,1,1,1,1,1,1
TLOC,method,antlr4,0.9,0.5,org.antlr.v4.misc.EscapeSequenceParsing,216,1,1,1,1,1,1
TNOS,method,antlr4,0.9,0.5,org.antlr.v4.misc.EscapeSequenceParsing,216,0,0,0,0,0,0
WarningBlocker,method,antlr4,0.9,0.5,org.antlr.v4.misc.EscapeSequenceParsing,216,0,0,0,0,0,0
WarningCritical,method,antlr4,0.9,0.5,org.antlr.v4.misc.EscapeSequenceParsing,216,0,0,0,0,0,0
WarningInfo,method,antlr4,0.9,0.5,org.antlr.v4.misc.EscapeSequenceParsing,216,0,0,0,0,0,0
WarningMajor,method,antlr4,0.9,0.5,org.antlr.v4.misc.EscapeSequenceParsing,216,0,0,0,0,0,0
WarningMinor,method,antlr4,0.9,0.5,org.antlr.v4.misc.EscapeSequenceParsing,216,0,0,0,0,0,0
Android Rules,method,antlr4,0.9,0.5,org.antlr.v4.misc.EscapeSequenceParsing,216,0,0,0,0,0,0
Basic Rules,method,antlr4,0.9,0.5,org.antlr.v4.misc.EscapeSequenceParsing,216,0,0,0,0,0,0
Brace Rules,method,antlr4,0.9,0.5,org.antlr.v4.misc.EscapeSequenceParsing,216,0,0,0,0,0,0
Clone Implementation Rules,method,antlr4,0.9,0.5,org.antlr.v4.misc.EscapeSequenceParsing,216,0,0,0,0,0,0
Code Size Rules,method,antlr4,0.9,0.5,org.antlr.v4.misc.EscapeSequenceParsing,216,0,0,0,0,0,0
Comment Rules,method,antlr4,0.9,0.5,org.antlr.v4.misc.EscapeSequenceParsing,216,0,0,0,0,0,0
Controversial Rules,method,antlr4,0.9,0.5,org.antlr.v4.misc.EscapeSequenceParsing,216,0,0,0,0,0,0
Coupling Rules,method,antlr4,0.9,0.5,org.antlr.v4.misc.EscapeSequenceParsing,216,0,0,0,0,0,0
Design Rules,method,antlr4,0.9,0.5,org.antlr.v4.misc.EscapeSequenceParsing,216,0,0,0,0,0,0
Empty Code Rules,method,antlr4,0.9,0.5,org.antlr.v4.misc.EscapeSequenceParsing,216,0,0,0,0,0,0
Finalizer Rules,method,antlr4,0.9,0.5,org.antlr.v4.misc.EscapeSequenceParsing,216,0,0,0,0,0,0
Import Statement Rules,method,antlr4,0.9,0.5,org.antlr.v4.misc.EscapeSequenceParsing,216,0,0,0,0,0,0
J2EE Rules,method,antlr4,0.9,0.5,org.antlr.v4.misc.EscapeSequenceParsing,216,0,0,0,0,0,0
JUnit Rules,method,antlr4,0.9,0.5,org.antlr.v4.misc.EscapeSequenceParsing,216,0,0,0,0,0,0
Jakarta Commons Logging Rules,method,antlr4,0.9,0.5,org.antlr.v4.misc.EscapeSequenceParsing,216,0,0,0,0,0,0
Java Logging Rules,method,antlr4,0.9,0.5,org.antlr.v4.misc.EscapeSequenceParsing,216,0,0,0,0,0,0
JavaBean Rules,method,antlr4,0.9,0.5,org.antlr.v4.misc.EscapeSequenceParsing,216,0,0,0,0,0,0
MigratingToJUnit4 Rules,method,antlr4,0.9,0.5,org.antlr.v4.misc.EscapeSequenceParsing,216,0,0,0,0,0,0
Migration Rules,method,antlr4,0.9,0.5,org.antlr.v4.misc.EscapeSequenceParsing,216,0,0,0,0,0,0
Migration13 Rules,method,antlr4,0.9,0.5,org.antlr.v4.misc.EscapeSequenceParsing,216,0,0,0,0,0,0
Migration14 Rules,method,antlr4,0.9,0.5,org.antlr.v4.misc.EscapeSequenceParsing,216,0,0,0,0,0,0
Migration15 Rules,method,antlr4,0.9,0.5,org.antlr.v4.misc.EscapeSequenceParsing,216,0,0,0,0,0,0
Naming Rules,method,antlr4,0.9,0.5,org.antlr.v4.misc.EscapeSequenceParsing,216,0,0,0,0,0,0
Optimization Rules,method,antlr4,0.9,0.5,org.antlr.v4.misc.EscapeSequenceParsing,216,0,0,0,0,0,0
Security Code Guideline Rules,method,antlr4,0.9,0.5,org.antlr.v4.misc.EscapeSequenceParsing,216,0,0,0,0,0,0
Strict Exception Rules,method,antlr4,0.9,0.5,org.antlr.v4.misc.EscapeSequenceParsing,216,0,0,0,0,0,0
String and StringBuffer Rules,method,antlr4,0.9,0.5,org.antlr.v4.misc.EscapeSequenceParsing,216,0,0,0,0,0,0
Type Resolution Rules,method,antlr4,0.9,0.5,org.antlr.v4.misc.EscapeSequenceParsing,216,0,0,0,0,0,0
Unnecessary and Unused Code Rules,method,antlr4,0.9,0.5,org.antlr.v4.misc.EscapeSequenceParsing,216,0,0,0,0,0,0
Vulnerability Rules,method,antlr4,0.9,0.5,org.antlr.v4.misc.EscapeSequenceParsing,216,0,0,0,0,0,0
CC,method,antlr4,0.9,0.5,org.antlr.mojo.antlr4.Antlr4Mojo$CustomTool,144,0,0,0,1,1,1
CCL,method,antlr4,0.9,0.5,org.antlr.mojo.antlr4.Antlr4Mojo$CustomTool,144,0,0,0,1,1,1
CCO,method,antlr4,0.9,0.5,org.antlr.mojo.antlr4.Antlr4Mojo$CustomTool,144,0,0,0,1,1,1
CI,method,antlr4,0.9,0.5,org.antlr.mojo.antlr4.Antlr4Mojo$CustomTool,144,0,0,0,1,1,1
CLC,method,antlr4,0.9,0.5,org.antlr.mojo.antlr4.Antlr4Mojo$CustomTool,144,0,0,0,1,1,1
CLLC,method,antlr4,0.9,0.5,org.antlr.mojo.antlr4.Antlr4Mojo$CustomTool,144,0,0,0,1,1,1
LDC,method,antlr4,0.9,0.5,org.antlr.mojo.antlr4.Antlr4Mojo$CustomTool,144,0,0,0,1,1,1
LLDC,method,antlr4,0.9,0.5,org.antlr.mojo.antlr4.Antlr4Mojo$CustomTool,144,0,0,0,1,1,1
HCPL,method,antlr4,0.9,0.5,org.antlr.mojo.antlr4.Antlr4Mojo$CustomTool,144,1,1,1,1,1,1
HDIF,method,antlr4,0.9,0.5,org.antlr.mojo.antlr4.Antlr4Mojo$CustomTool,144,1,1,1,1,1,1
HEFF,method,antlr4,0.9,0.5,org.antlr.mojo.antlr4.Antlr4Mojo$CustomTool,144,1,1,1,1,1,1
HNDB,method,antlr4,0.9,0.5,org.antlr.mojo.antlr4.Antlr4Mojo$CustomTool,144,1,1,1,1,1,1
HPL,method,antlr4,0.9,0.5,org.antlr.mojo.antlr4.Antlr4Mojo$CustomTool,144,1,1,1,1,1,1
HPV,method,antlr4,0.9,0.5,org.antlr.mojo.antlr4.Antlr4Mojo$CustomTool,144,1,1,1,1,1,1
HTRP,method,antlr4,0.9,0.5,org.antlr.mojo.antlr4.Antlr4Mojo$CustomTool,144,1,1,1,1,1,1
HVOL,method,antlr4,0.9,0.5,org.antlr.mojo.antlr4.Antlr4Mojo$CustomTool,144,1,1,1,1,1,1
MI,method,antlr4,0.9,0.5,org.antlr.mojo.antlr4.Antlr4Mojo$CustomTool,144,1,1,1,1,1,1
MIMS,method,antlr4,0.9,0.5,org.antlr.mojo.antlr4.Antlr4Mojo$CustomTool,144,1,1,1,1,1,1
MISEI,method,antlr4,0.9,0.5,org.antlr.mojo.antlr4.Antlr4Mojo$CustomTool,144,1,1,1,1,1,1
MISM,method,antlr4,0.9,0.5,org.antlr.mojo.antlr4.Antlr4Mojo$CustomTool,144,1,1,1,1,1,1
McCC,method,antlr4,0.9,0.5,org.antlr.mojo.antlr4.Antlr4Mojo$CustomTool,144,0,0,0,1,1,1
NL,method,antlr4,0.9,0.5,org.antlr.mojo.antlr4.Antlr4Mojo$CustomTool,144,0,0,0,1,1,1
NLE,method,antlr4,0.9,0.5,org.antlr.mojo.antlr4.Antlr4Mojo$CustomTool,144,0,0,0,1,1,1
NII,method,antlr4,0.9,0.5,org.antlr.mojo.antlr4.Antlr4Mojo$CustomTool,144,0,0,0,1,1,1
NOI,method,antlr4,0.9,0.5,org.antlr.mojo.antlr4.Antlr4Mojo$CustomTool,144,0,0,0,1,1,1
CD,method,antlr4,0.9,0.5,org.antlr.mojo.antlr4.Antlr4Mojo$CustomTool,144,0,0,0,1,1,1
CLOC,method,antlr4,0.9,0.5,org.antlr.mojo.antlr4.Antlr4Mojo$CustomTool,144,0,0,0,1,1,1
DLOC,method,antlr4,0.9,0.5,org.antlr.mojo.antlr4.Antlr4Mojo$CustomTool,144,0,0,0,1,1,1
TCD,method,antlr4,0.9,0.5,org.antlr.mojo.antlr4.Antlr4Mojo$CustomTool,144,0,0,0,1,1,1
TCLOC,method,antlr4,0.9,0.5,org.antlr.mojo.antlr4.Antlr4Mojo$CustomTool,144,0,0,0,1,1,1
LLOC,method,antlr4,0.9,0.5,org.antlr.mojo.antlr4.Antlr4Mojo$CustomTool,144,0,0,0,1,1,1
LOC,method,antlr4,0.9,0.5,org.antlr.mojo.antlr4.Antlr4Mojo$CustomTool,144,0,0,0,1,1,1
NOS,method,antlr4,0.9,0.5,org.antlr.mojo.antlr4.Antlr4Mojo$CustomTool,144,0,0,0,1,1,1
NUMPAR,method,antlr4,0.9,0.5,org.antlr.mojo.antlr4.Antlr4Mojo$CustomTool,144,0,0,0,1,1,1
TLLOC,method,antlr4,0.9,0.5,org.antlr.mojo.antlr4.Antlr4Mojo$CustomTool,144,0,0,0,1,1,1
TLOC,method,antlr4,0.9,0.5,org.antlr.mojo.antlr4.Antlr4Mojo$CustomTool,144,0,0,0,1,1,1
TNOS,method,antlr4,0.9,0.5,org.antlr.mojo.antlr4.Antlr4Mojo$CustomTool,144,0,0,0,0,0,0
WarningBlocker,method,antlr4,0.9,0.5,org.antlr.mojo.antlr4.Antlr4Mojo$CustomTool,144,0,0,0,0,0,0
WarningCritical,method,antlr4,0.9,0.5,org.antlr.mojo.antlr4.Antlr4Mojo$CustomTool,144,0,0,0,0,0,0
WarningInfo,method,antlr4,0.9,0.5,org.antlr.mojo.antlr4.Antlr4Mojo$CustomTool,144,0,0,0,0,0,0
WarningMajor,method,antlr4,0.9,0.5,org.antlr.mojo.antlr4.Antlr4Mojo$CustomTool,144,0,0,0,0,0,0
WarningMinor,method,antlr4,0.9,0.5,org.antlr.mojo.antlr4.Antlr4Mojo$CustomTool,144,0,0,0,0,0,0
Android Rules,method,antlr4,0.9,0.5,org.antlr.mojo.antlr4.Antlr4Mojo$CustomTool,144,0,0,0,0,0,0
Basic Rules,method,antlr4,0.9,0.5,org.antlr.mojo.antlr4.Antlr4Mojo$CustomTool,144,0,0,0,0,0,0
Brace Rules,method,antlr4,0.9,0.5,org.antlr.mojo.antlr4.Antlr4Mojo$CustomTool,144,0,0,0,0,0,0
Clone Implementation Rules,method,antlr4,0.9,0.5,org.antlr.mojo.antlr4.Antlr4Mojo$CustomTool,144,0,0,0,0,0,0
Code Size Rules,method,antlr4,0.9,0.5,org.antlr.mojo.antlr4.Antlr4Mojo$CustomTool,144,0,0,0,0,0,0
Comment Rules,method,antlr4,0.9,0.5,org.antlr.mojo.antlr4.Antlr4Mojo$CustomTool,144,0,0,0,0,0,0
Controversial Rules,method,antlr4,0.9,0.5,org.antlr.mojo.antlr4.Antlr4Mojo$CustomTool,144,0,0,0,0,0,0
Coupling Rules,method,antlr4,0.9,0.5,org.antlr.mojo.antlr4.Antlr4Mojo$CustomTool,144,0,0,0,0,0,0
Design Rules,method,antlr4,0.9,0.5,org.antlr.mojo.antlr4.Antlr4Mojo$CustomTool,144,0,0,0,0,0,0
Empty Code Rules,method,antlr4,0.9,0.5,org.antlr.mojo.antlr4.Antlr4Mojo$CustomTool,144,0,0,0,0,0,0
Finalizer Rules,method,antlr4,0.9,0.5,org.antlr.mojo.antlr4.Antlr4Mojo$CustomTool,144,0,0,0,0,0,0
Import Statement Rules,method,antlr4,0.9,0.5,org.antlr.mojo.antlr4.Antlr4Mojo$CustomTool,144,0,0,0,0,0,0
J2EE Rules,method,antlr4,0.9,0.5,org.antlr.mojo.antlr4.Antlr4Mojo$CustomTool,144,0,0,0,0,0,0
JUnit Rules,method,antlr4,0.9,0.5,org.antlr.mojo.antlr4.Antlr4Mojo$CustomTool,144,0,0,0,0,0,0
Jakarta Commons Logging Rules,method,antlr4,0.9,0.5,org.antlr.mojo.antlr4.Antlr4Mojo$CustomTool,144,0,0,0,0,0,0
Java Logging Rules,method,antlr4,0.9,0.5,org.antlr.mojo.antlr4.Antlr4Mojo$CustomTool,144,0,0,0,0,0,0
JavaBean Rules,method,antlr4,0.9,0.5,org.antlr.mojo.antlr4.Antlr4Mojo$CustomTool,144,0,0,0,0,0,0
MigratingToJUnit4 Rules,method,antlr4,0.9,0.5,org.antlr.mojo.antlr4.Antlr4Mojo$CustomTool,144,0,0,0,0,0,0
Migration Rules,method,antlr4,0.9,0.5,org.antlr.mojo.antlr4.Antlr4Mojo$CustomTool,144,0,0,0,0,0,0
Migration13 Rules,method,antlr4,0.9,0.5,org.antlr.mojo.antlr4.Antlr4Mojo$CustomTool,144,0,0,0,0,0,0
Migration14 Rules,method,antlr4,0.9,0.5,org.antlr.mojo.antlr4.Antlr4Mojo$CustomTool,144,0,0,0,0,0,0
Migration15 Rules,method,antlr4,0.9,0.5,org.antlr.mojo.antlr4.Antlr4Mojo$CustomTool,144,0,0,0,0,0,0
Naming Rules,method,antlr4,0.9,0.5,org.antlr.mojo.antlr4.Antlr4Mojo$CustomTool,144,0,0,0,0,0,0
Optimization Rules,method,antlr4,0.9,0.5,org.antlr.mojo.antlr4.Antlr4Mojo$CustomTool,144,0,0,0,0,0,0
Security Code Guideline Rules,method,antlr4,0.9,0.5,org.antlr.mojo.antlr4.Antlr4Mojo$CustomTool,144,0,0,0,0,0,0
Strict Exception Rules,method,antlr4,0.9,0.5,org.antlr.mojo.antlr4.Antlr4Mojo$CustomTool,144,0,0,0,0,0,0
String and StringBuffer Rules,method,antlr4,0.9,0.5,org.antlr.mojo.antlr4.Antlr4Mojo$CustomTool,144,0,0,0,0,0,0
Type Resolution Rules,method,antlr4,0.9,0.5,org.antlr.mojo.antlr4.Antlr4Mojo$CustomTool,144,0,0,0,0,0,0
Unnecessary and Unused Code Rules,method,antlr4,0.9,0.5,org.antlr.mojo.antlr4.Antlr4Mojo$CustomTool,144,0,0,0,0,0,0
Vulnerability Rules,method,antlr4,0.9,0.5,org.antlr.mojo.antlr4.Antlr4Mojo$CustomTool,144,0,0,0,0,0,0
CC,method,antlr4,0.9,0.5,org.antlr.v4.semantics.SymbolChecks,720,0,0,0,1,1,1
CCL,method,antlr4,0.9,0.5,org.antlr.v4.semantics.SymbolChecks,720,0,0,0,1,1,1
CCO,method,antlr4,0.9,0.5,org.antlr.v4.semantics.SymbolChecks,720,0,0,0,1,1,1
CI,method,antlr4,0.9,0.5,org.antlr.v4.semantics.SymbolChecks,720,0,0,0,1,1,1
CLC,method,antlr4,0.9,0.5,org.antlr.v4.semantics.SymbolChecks,720,0,0,0,1,1,1
CLLC,method,antlr4,0.9,0.5,org.antlr.v4.semantics.SymbolChecks,720,0,0,0,1,1,1
LDC,method,antlr4,0.9,0.5,org.antlr.v4.semantics.SymbolChecks,720,0,0,0,1,1,1
LLDC,method,antlr4,0.9,0.5,org.antlr.v4.semantics.SymbolChecks,720,0,0,0,1,1,1
HCPL,method,antlr4,0.9,0.5,org.antlr.v4.semantics.SymbolChecks,720,1,1,1,1,1,1
HDIF,method,antlr4,0.9,0.5,org.antlr.v4.semantics.SymbolChecks,720,1,1,1,1,1,1
HEFF,method,antlr4,0.9,0.5,org.antlr.v4.semantics.SymbolChecks,720,1,1,1,1,1,1
HNDB,method,antlr4,0.9,0.5,org.antlr.v4.semantics.SymbolChecks,720,1,1,1,1,1,1
HPL,method,antlr4,0.9,0.5,org.antlr.v4.semantics.SymbolChecks,720,1,1,1,1,1,1
HPV,method,antlr4,0.9,0.5,org.antlr.v4.semantics.SymbolChecks,720,1,1,1,1,1,1
HTRP,method,antlr4,0.9,0.5,org.antlr.v4.semantics.SymbolChecks,720,1,1,1,1,1,1
HVOL,method,antlr4,0.9,0.5,org.antlr.v4.semantics.SymbolChecks,720,1,1,1,1,1,1
MI,method,antlr4,0.9,0.5,org.antlr.v4.semantics.SymbolChecks,720,1,1,1,1,1,1
MIMS,method,antlr4,0.9,0.5,org.antlr.v4.semantics.SymbolChecks,720,1,1,1,1,1,1
MISEI,method,antlr4,0.9,0.5,org.antlr.v4.semantics.SymbolChecks,720,1,1,1,1,1,1
MISM,method,antlr4,0.9,0.5,org.antlr.v4.semantics.SymbolChecks,720,1,1,1,1,1,1
McCC,method,antlr4,0.9,0.5,org.antlr.v4.semantics.SymbolChecks,720,0,0,0,1,1,1
NL,method,antlr4,0.9,0.5,org.antlr.v4.semantics.SymbolChecks,720,0,0,0,1,1,1
NLE,method,antlr4,0.9,0.5,org.antlr.v4.semantics.SymbolChecks,720,0,0,0,1,1,1
NII,method,antlr4,0.9,0.5,org.antlr.v4.semantics.SymbolChecks,720,0,0,0,1,1,1
NOI,method,antlr4,0.9,0.5,org.antlr.v4.semantics.SymbolChecks,720,0,0,0,1,1,1
CD,method,antlr4,0.9,0.5,org.antlr.v4.semantics.SymbolChecks,720,1,1,1,1,1,1
CLOC,method,antlr4,0.9,0.5,org.antlr.v4.semantics.SymbolChecks,720,1,1,1,1,1,1
DLOC,method,antlr4,0.9,0.5,org.antlr.v4.semantics.SymbolChecks,720,0,0,0,1,1,1
TCD,method,antlr4,0.9,0.5,org.antlr.v4.semantics.SymbolChecks,720,1,1,1,1,1,1
TCLOC,method,antlr4,0.9,0.5,org.antlr.v4.semantics.SymbolChecks,720,1,1,1,1,1,1
LLOC,method,antlr4,0.9,0.5,org.antlr.v4.semantics.SymbolChecks,720,1,1,1,1,1,1
LOC,method,antlr4,0.9,0.5,org.antlr.v4.semantics.SymbolChecks,720,1,1,1,1,1,1
NOS,method,antlr4,0.9,0.5,org.antlr.v4.semantics.SymbolChecks,720,1,1,1,1,1,1
NUMPAR,method,antlr4,0.9,0.5,org.antlr.v4.semantics.SymbolChecks,720,0,0,0,1,1,1
TLLOC,method,antlr4,0.9,0.5,org.antlr.v4.semantics.SymbolChecks,720,1,1,1,1,1,1
TLOC,method,antlr4,0.9,0.5,org.antlr.v4.semantics.SymbolChecks,720,1,1,1,1,1,1
TNOS,method,antlr4,0.9,0.5,org.antlr.v4.semantics.SymbolChecks,720,0,0,0,0,0,0
WarningBlocker,method,antlr4,0.9,0.5,org.antlr.v4.semantics.SymbolChecks,720,0,0,0,0,0,0
WarningCritical,method,antlr4,0.9,0.5,org.antlr.v4.semantics.SymbolChecks,720,0,0,0,0,0,0
WarningInfo,method,antlr4,0.9,0.5,org.antlr.v4.semantics.SymbolChecks,720,0,0,0,0,0,0
WarningMajor,method,antlr4,0.9,0.5,org.antlr.v4.semantics.SymbolChecks,720,0,0,0,0,0,0
WarningMinor,method,antlr4,0.9,0.5,org.antlr.v4.semantics.SymbolChecks,720,0,0,0,0,0,0
Android Rules,method,antlr4,0.9,0.5,org.antlr.v4.semantics.SymbolChecks,720,0,0,0,0,0,0
Basic Rules,method,antlr4,0.9,0.5,org.antlr.v4.semantics.SymbolChecks,720,0,0,0,0,0,0
Brace Rules,method,antlr4,0.9,0.5,org.antlr.v4.semantics.SymbolChecks,720,0,0,0,0,0,0
Clone Implementation Rules,method,antlr4,0.9,0.5,org.antlr.v4.semantics.SymbolChecks,720,0,0,0,0,0,0
Code Size Rules,method,antlr4,0.9,0.5,org.antlr.v4.semantics.SymbolChecks,720,0,0,0,0,0,0
Comment Rules,method,antlr4,0.9,0.5,org.antlr.v4.semantics.SymbolChecks,720,0,0,0,0,0,0
Controversial Rules,method,antlr4,0.9,0.5,org.antlr.v4.semantics.SymbolChecks,720,0,0,0,0,0,0
Coupling Rules,method,antlr4,0.9,0.5,org.antlr.v4.semantics.SymbolChecks,720,0,0,0,0,0,0
Design Rules,method,antlr4,0.9,0.5,org.antlr.v4.semantics.SymbolChecks,720,0,0,0,0,0,0
Empty Code Rules,method,antlr4,0.9,0.5,org.antlr.v4.semantics.SymbolChecks,720,0,0,0,0,0,0
Finalizer Rules,method,antlr4,0.9,0.5,org.antlr.v4.semantics.SymbolChecks,720,0,0,0,0,0,0
Import Statement Rules,method,antlr4,0.9,0.5,org.antlr.v4.semantics.SymbolChecks,720,0,0,0,0,0,0
J2EE Rules,method,antlr4,0.9,0.5,org.antlr.v4.semantics.SymbolChecks,720,0,0,0,0,0,0
JUnit Rules,method,antlr4,0.9,0.5,org.antlr.v4.semantics.SymbolChecks,720,0,0,0,0,0,0
Jakarta Commons Logging Rules,method,antlr4,0.9,0.5,org.antlr.v4.semantics.SymbolChecks,720,0,0,0,0,0,0
Java Logging Rules,method,antlr4,0.9,0.5,org.antlr.v4.semantics.SymbolChecks,720,0,0,0,0,0,0
JavaBean Rules,method,antlr4,0.9,0.5,org.antlr.v4.semantics.SymbolChecks,720,0,0,0,0,0,0
MigratingToJUnit4 Rules,method,antlr4,0.9,0.5,org.antlr.v4.semantics.SymbolChecks,720,0,0,0,0,0,0
Migration Rules,method,antlr4,0.9,0.5,org.antlr.v4.semantics.SymbolChecks,720,0,0,0,0,0,0
Migration13 Rules,method,antlr4,0.9,0.5,org.antlr.v4.semantics.SymbolChecks,720,0,0,0,0,0,0
Migration14 Rules,method,antlr4,0.9,0.5,org.antlr.v4.semantics.SymbolChecks,720,0,0,0,0,0,0
Migration15 Rules,method,antlr4,0.9,0.5,org.antlr.v4.semantics.SymbolChecks,720,0,0,0,0,0,0
Naming Rules,method,antlr4,0.9,0.5,org.antlr.v4.semantics.SymbolChecks,720,0,0,0,0,0,0
Optimization Rules,method,antlr4,0.9,0.5,org.antlr.v4.semantics.SymbolChecks,720,0,0,0,0,0,0
Security Code Guideline Rules,method,antlr4,0.9,0.5,org.antlr.v4.semantics.SymbolChecks,720,0,0,0,0,0,0
Strict Exception Rules,method,antlr4,0.9,0.5,org.antlr.v4.semantics.SymbolChecks,720,0,0,0,0,0,0
String and StringBuffer Rules,method,antlr4,0.9,0.5,org.antlr.v4.semantics.SymbolChecks,720,0,0,0,0,0,0
Type Resolution Rules,method,antlr4,0.9,0.5,org.antlr.v4.semantics.SymbolChecks,720,0,0,0,0,0,0
Unnecessary and Unused Code Rules,method,antlr4,0.9,0.5,org.antlr.v4.semantics.SymbolChecks,720,0,0,0,0,0,0
Vulnerability Rules,method,antlr4,0.9,0.5,org.antlr.v4.semantics.SymbolChecks,720,0,0,0,0,0,0
CC,method,antlr4,0.9,0.5,org.antlr.v4.codegen.target.GoTarget,72,0,0,0,1,1,1
CCL,method,antlr4,0.9,0.5,org.antlr.v4.codegen.target.GoTarget,72,0,0,0,1,1,1
CCO,method,antlr4,0.9,0.5,org.antlr.v4.codegen.target.GoTarget,72,0,0,0,1,1,1
CI,method,antlr4,0.9,0.5,org.antlr.v4.codegen.target.GoTarget,72,0,0,0,1,1,1
CLC,method,antlr4,0.9,0.5,org.antlr.v4.codegen.target.GoTarget,72,0,0,0,1,1,1
CLLC,method,antlr4,0.9,0.5,org.antlr.v4.codegen.target.GoTarget,72,0,0,0,1,1,1
LDC,method,antlr4,0.9,0.5,org.antlr.v4.codegen.target.GoTarget,72,0,0,0,1,1,1
LLDC,method,antlr4,0.9,0.5,org.antlr.v4.codegen.target.GoTarget,72,0,0,0,1,1,1
HCPL,method,antlr4,0.9,0.5,org.antlr.v4.codegen.target.GoTarget,72,0,0,0,1,1,1
HDIF,method,antlr4,0.9,0.5,org.antlr.v4.codegen.target.GoTarget,72,0,0,0,1,1,1
HEFF,method,antlr4,0.9,0.5,org.antlr.v4.codegen.target.GoTarget,72,0,0,0,1,1,1
HNDB,method,antlr4,0.9,0.5,org.antlr.v4.codegen.target.GoTarget,72,0,0,0,1,1,1
HPL,method,antlr4,0.9,0.5,org.antlr.v4.codegen.target.GoTarget,72,0,0,0,1,1,1
HPV,method,antlr4,0.9,0.5,org.antlr.v4.codegen.target.GoTarget,72,0,0,0,1,1,1
HTRP,method,antlr4,0.9,0.5,org.antlr.v4.codegen.target.GoTarget,72,0,0,0,1,1,1
HVOL,method,antlr4,0.9,0.5,org.antlr.v4.codegen.target.GoTarget,72,0,0,0,1,1,1
MI,method,antlr4,0.9,0.5,org.antlr.v4.codegen.target.GoTarget,72,0,0,0,1,1,1
MIMS,method,antlr4,0.9,0.5,org.antlr.v4.codegen.target.GoTarget,72,0,0,0,1,1,1
MISEI,method,antlr4,0.9,0.5,org.antlr.v4.codegen.target.GoTarget,72,0,0,0,1,1,1
MISM,method,antlr4,0.9,0.5,org.antlr.v4.codegen.target.GoTarget,72,0,0,0,1,1,1
McCC,method,antlr4,0.9,0.5,org.antlr.v4.codegen.target.GoTarget,72,0,0,0,1,1,1
NL,method,antlr4,0.9,0.5,org.antlr.v4.codegen.target.GoTarget,72,0,0,0,1,1,1
NLE,method,antlr4,0.9,0.5,org.antlr.v4.codegen.target.GoTarget,72,0,0,0,1,1,1
NII,method,antlr4,0.9,0.5,org.antlr.v4.codegen.target.GoTarget,72,0,0,0,1,1,1
NOI,method,antlr4,0.9,0.5,org.antlr.v4.codegen.target.GoTarget,72,0,0,0,1,1,1
CD,method,antlr4,0.9,0.5,org.antlr.v4.codegen.target.GoTarget,72,0,0,0,1,1,1
CLOC,method,antlr4,0.9,0.5,org.antlr.v4.codegen.target.GoTarget,72,0,0,0,1,1,1
DLOC,method,antlr4,0.9,0.5,org.antlr.v4.codegen.target.GoTarget,72,0,0,0,1,1,1
TCD,method,antlr4,0.9,0.5,org.antlr.v4.codegen.target.GoTarget,72,0,0,0,1,1,1
TCLOC,method,antlr4,0.9,0.5,org.antlr.v4.codegen.target.GoTarget,72,0,0,0,1,1,1
LLOC,method,antlr4,0.9,0.5,org.antlr.v4.codegen.target.GoTarget,72,0,0,0,1,1,1
LOC,method,antlr4,0.9,0.5,org.antlr.v4.codegen.target.GoTarget,72,0,0,0,1,1,1
NOS,method,antlr4,0.9,0.5,org.antlr.v4.codegen.target.GoTarget,72,0,0,0,1,1,1
NUMPAR,method,antlr4,0.9,0.5,org.antlr.v4.codegen.target.GoTarget,72,0,0,0,1,1,1
TLLOC,method,antlr4,0.9,0.5,org.antlr.v4.codegen.target.GoTarget,72,0,0,0,1,1,1
TLOC,method,antlr4,0.9,0.5,org.antlr.v4.codegen.target.GoTarget,72,0,0,0,1,1,1
TNOS,method,antlr4,0.9,0.5,org.antlr.v4.codegen.target.GoTarget,72,0,0,0,0,0,0
WarningBlocker,method,antlr4,0.9,0.5,org.antlr.v4.codegen.target.GoTarget,72,0,0,0,0,0,0
WarningCritical,method,antlr4,0.9,0.5,org.antlr.v4.codegen.target.GoTarget,72,0,0,0,0,0,0
WarningInfo,method,antlr4,0.9,0.5,org.antlr.v4.codegen.target.GoTarget,72,0,0,0,0,0,0
WarningMajor,method,antlr4,0.9,0.5,org.antlr.v4.codegen.target.GoTarget,72,0,0,0,0,0,0
WarningMinor,method,antlr4,0.9,0.5,org.antlr.v4.codegen.target.GoTarget,72,0,0,0,0,0,0
Android Rules,method,antlr4,0.9,0.5,org.antlr.v4.codegen.target.GoTarget,72,0,0,0,0,0,0
Basic Rules,method,antlr4,0.9,0.5,org.antlr.v4.codegen.target.GoTarget,72,0,0,0,0,0,0
Brace Rules,method,antlr4,0.9,0.5,org.antlr.v4.codegen.target.GoTarget,72,0,0,0,0,0,0
Clone Implementation Rules,method,antlr4,0.9,0.5,org.antlr.v4.codegen.target.GoTarget,72,0,0,0,0,0,0
Code Size Rules,method,antlr4,0.9,0.5,org.antlr.v4.codegen.target.GoTarget,72,0,0,0,0,0,0
Comment Rules,method,antlr4,0.9,0.5,org.antlr.v4.codegen.target.GoTarget,72,0,0,0,0,0,0
Controversial Rules,method,antlr4,0.9,0.5,org.antlr.v4.codegen.target.GoTarget,72,0,0,0,0,0,0
Coupling Rules,method,antlr4,0.9,0.5,org.antlr.v4.codegen.target.GoTarget,72,0,0,0,0,0,0
Design Rules,method,antlr4,0.9,0.5,org.antlr.v4.codegen.target.GoTarget,72,0,0,0,0,0,0
Empty Code Rules,method,antlr4,0.9,0.5,org.antlr.v4.codegen.target.GoTarget,72,0,0,0,0,0,0
Finalizer Rules,method,antlr4,0.9,0.5,org.antlr.v4.codegen.target.GoTarget,72,0,0,0,0,0,0
Import Statement Rules,method,antlr4,0.9,0.5,org.antlr.v4.codegen.target.GoTarget,72,0,0,0,0,0,0
J2EE Rules,method,antlr4,0.9,0.5,org.antlr.v4.codegen.target.GoTarget,72,0,0,0,0,0,0
JUnit Rules,method,antlr4,0.9,0.5,org.antlr.v4.codegen.target.GoTarget,72,0,0,0,0,0,0
Jakarta Commons Logging Rules,method,antlr4,0.9,0.5,org.antlr.v4.codegen.target.GoTarget,72,0,0,0,0,0,0
Java Logging Rules,method,antlr4,0.9,0.5,org.antlr.v4.codegen.target.GoTarget,72,0,0,0,0,0,0
JavaBean Rules,method,antlr4,0.9,0.5,org.antlr.v4.codegen.target.GoTarget,72,0,0,0,0,0,0
MigratingToJUnit4 Rules,method,antlr4,0.9,0.5,org.antlr.v4.codegen.target.GoTarget,72,0,0,0,0,0,0
Migration Rules,method,antlr4,0.9,0.5,org.antlr.v4.codegen.target.GoTarget,72,0,0,0,0,0,0
Migration13 Rules,method,antlr4,0.9,0.5,org.antlr.v4.codegen.target.GoTarget,72,0,0,0,0,0,0
Migration14 Rules,method,antlr4,0.9,0.5,org.antlr.v4.codegen.target.GoTarget,72,0,0,0,0,0,0
Migration15 Rules,method,antlr4,0.9,0.5,org.antlr.v4.codegen.target.GoTarget,72,0,0,0,0,0,0
Naming Rules,method,antlr4,0.9,0.5,org.antlr.v4.codegen.target.GoTarget,72,0,0,0,0,0,0
Optimization Rules,method,antlr4,0.9,0.5,org.antlr.v4.codegen.target.GoTarget,72,0,0,0,0,0,0
Security Code Guideline Rules,method,antlr4,0.9,0.5,org.antlr.v4.codegen.target.GoTarget,72,0,0,0,0,0,0
Strict Exception Rules,method,antlr4,0.9,0.5,org.antlr.v4.codegen.target.GoTarget,72,0,0,0,0,0,0
String and StringBuffer Rules,method,antlr4,0.9,0.5,org.antlr.v4.codegen.target.GoTarget,72,0,0,0,0,0,0
Type Resolution Rules,method,antlr4,0.9,0.5,org.antlr.v4.codegen.target.GoTarget,72,0,0,0,0,0,0
Unnecessary and Unused Code Rules,method,antlr4,0.9,0.5,org.antlr.v4.codegen.target.GoTarget,72,0,0,0,0,0,0
Vulnerability Rules,method,antlr4,0.9,0.5,org.antlr.v4.codegen.target.GoTarget,72,0,0,0,0,0,0
CC,method,antlr4,0.9,0.5,org.antlr.v4.test.BaseTest$IntTokenStream,144,0,0,0,1,1,1
CCL,method,antlr4,0.9,0.5,org.antlr.v4.test.BaseTest$IntTokenStream,144,0,0,0,1,1,1
CCO,method,antlr4,0.9,0.5,org.antlr.v4.test.BaseTest$IntTokenStream,144,0,0,0,1,1,1
CI,method,antlr4,0.9,0.5,org.antlr.v4.test.BaseTest$IntTokenStream,144,0,0,0,1,1,1
CLC,method,antlr4,0.9,0.5,org.antlr.v4.test.BaseTest$IntTokenStream,144,0,0,0,1,1,1
CLLC,method,antlr4,0.9,0.5,org.antlr.v4.test.BaseTest$IntTokenStream,144,0,0,0,1,1,1
LDC,method,antlr4,0.9,0.5,org.antlr.v4.test.BaseTest$IntTokenStream,144,0,0,0,1,1,1
LLDC,method,antlr4,0.9,0.5,org.antlr.v4.test.BaseTest$IntTokenStream,144,0,0,0,1,1,1
HCPL,method,antlr4,0.9,0.5,org.antlr.v4.test.BaseTest$IntTokenStream,144,0,0,0,1,1,1
HDIF,method,antlr4,0.9,0.5,org.antlr.v4.test.BaseTest$IntTokenStream,144,0,0,0,1,1,1
HEFF,method,antlr4,0.9,0.5,org.antlr.v4.test.BaseTest$IntTokenStream,144,0,0,0,1,1,1
HNDB,method,antlr4,0.9,0.5,org.antlr.v4.test.BaseTest$IntTokenStream,144,0,0,0,1,1,1
HPL,method,antlr4,0.9,0.5,org.antlr.v4.test.BaseTest$IntTokenStream,144,0,0,0,1,1,1
HPV,method,antlr4,0.9,0.5,org.antlr.v4.test.BaseTest$IntTokenStream,144,0,0,0,1,1,1
HTRP,method,antlr4,0.9,0.5,org.antlr.v4.test.BaseTest$IntTokenStream,144,0,0,0,1,1,1
HVOL,method,antlr4,0.9,0.5,org.antlr.v4.test.BaseTest$IntTokenStream,144,0,0,0,1,1,1
MI,method,antlr4,0.9,0.5,org.antlr.v4.test.BaseTest$IntTokenStream,144,0,0,0,1,1,1
MIMS,method,antlr4,0.9,0.5,org.antlr.v4.test.BaseTest$IntTokenStream,144,0,0,0,1,1,1
MISEI,method,antlr4,0.9,0.5,org.antlr.v4.test.BaseTest$IntTokenStream,144,0,0,0,1,1,1
MISM,method,antlr4,0.9,0.5,org.antlr.v4.test.BaseTest$IntTokenStream,144,0,0,0,1,1,1
McCC,method,antlr4,0.9,0.5,org.antlr.v4.test.BaseTest$IntTokenStream,144,0,0,0,1,1,1
NL,method,antlr4,0.9,0.5,org.antlr.v4.test.BaseTest$IntTokenStream,144,0,0,0,1,1,1
NLE,method,antlr4,0.9,0.5,org.antlr.v4.test.BaseTest$IntTokenStream,144,0,0,0,1,1,1
NII,method,antlr4,0.9,0.5,org.antlr.v4.test.BaseTest$IntTokenStream,144,0,0,0,1,1,1
NOI,method,antlr4,0.9,0.5,org.antlr.v4.test.BaseTest$IntTokenStream,144,0,0,0,1,1,1
CD,method,antlr4,0.9,0.5,org.antlr.v4.test.BaseTest$IntTokenStream,144,0,0,0,1,1,1
CLOC,method,antlr4,0.9,0.5,org.antlr.v4.test.BaseTest$IntTokenStream,144,0,0,0,1,1,1
DLOC,method,antlr4,0.9,0.5,org.antlr.v4.test.BaseTest$IntTokenStream,144,0,0,0,1,1,1
TCD,method,antlr4,0.9,0.5,org.antlr.v4.test.BaseTest$IntTokenStream,144,0,0,0,1,1,1
TCLOC,method,antlr4,0.9,0.5,org.antlr.v4.test.BaseTest$IntTokenStream,144,0,0,0,1,1,1
LLOC,method,antlr4,0.9,0.5,org.antlr.v4.test.BaseTest$IntTokenStream,144,0,0,0,1,1,1
LOC,method,antlr4,0.9,0.5,org.antlr.v4.test.BaseTest$IntTokenStream,144,0,0,0,1,1,1
NOS,method,antlr4,0.9,0.5,org.antlr.v4.test.BaseTest$IntTokenStream,144,0,0,0,1,1,1
NUMPAR,method,antlr4,0.9,0.5,org.antlr.v4.test.BaseTest$IntTokenStream,144,0,0,0,1,1,1
TLLOC,method,antlr4,0.9,0.5,org.antlr.v4.test.BaseTest$IntTokenStream,144,0,0,0,1,1,1
TLOC,method,antlr4,0.9,0.5,org.antlr.v4.test.BaseTest$IntTokenStream,144,0,0,0,1,1,1
TNOS,method,antlr4,0.9,0.5,org.antlr.v4.test.BaseTest$IntTokenStream,144,0,0,0,0,0,0
WarningBlocker,method,antlr4,0.9,0.5,org.antlr.v4.test.BaseTest$IntTokenStream,144,0,0,0,0,0,0
WarningCritical,method,antlr4,0.9,0.5,org.antlr.v4.test.BaseTest$IntTokenStream,144,0,0,0,0,0,0
WarningInfo,method,antlr4,0.9,0.5,org.antlr.v4.test.BaseTest$IntTokenStream,144,0,0,0,0,0,0
WarningMajor,method,antlr4,0.9,0.5,org.antlr.v4.test.BaseTest$IntTokenStream,144,0,0,0,0,0,0
WarningMinor,method,antlr4,0.9,0.5,org.antlr.v4.test.BaseTest$IntTokenStream,144,0,0,0,0,0,0
Android Rules,method,antlr4,0.9,0.5,org.antlr.v4.test.BaseTest$IntTokenStream,144,0,0,0,0,0,0
Basic Rules,method,antlr4,0.9,0.5,org.antlr.v4.test.BaseTest$IntTokenStream,144,0,0,0,0,0,0
Brace Rules,method,antlr4,0.9,0.5,org.antlr.v4.test.BaseTest$IntTokenStream,144,0,0,0,0,0,0
Clone Implementation Rules,method,antlr4,0.9,0.5,org.antlr.v4.test.BaseTest$IntTokenStream,144,0,0,0,0,0,0
Code Size Rules,method,antlr4,0.9,0.5,org.antlr.v4.test.BaseTest$IntTokenStream,144,0,0,0,0,0,0
Comment Rules,method,antlr4,0.9,0.5,org.antlr.v4.test.BaseTest$IntTokenStream,144,0,0,0,0,0,0
Controversial Rules,method,antlr4,0.9,0.5,org.antlr.v4.test.BaseTest$IntTokenStream,144,0,0,0,0,0,0
Coupling Rules,method,antlr4,0.9,0.5,org.antlr.v4.test.BaseTest$IntTokenStream,144,0,0,0,0,0,0
Design Rules,method,antlr4,0.9,0.5,org.antlr.v4.test.BaseTest$IntTokenStream,144,0,0,0,0,0,0
Empty Code Rules,method,antlr4,0.9,0.5,org.antlr.v4.test.BaseTest$IntTokenStream,144,0,0,0,0,0,0
Finalizer Rules,method,antlr4,0.9,0.5,org.antlr.v4.test.BaseTest$IntTokenStream,144,0,0,0,0,0,0
Import Statement Rules,method,antlr4,0.9,0.5,org.antlr.v4.test.BaseTest$IntTokenStream,144,0,0,0,0,0,0
J2EE Rules,method,antlr4,0.9,0.5,org.antlr.v4.test.BaseTest$IntTokenStream,144,0,0,0,0,0,0
JUnit Rules,method,antlr4,0.9,0.5,org.antlr.v4.test.BaseTest$IntTokenStream,144,0,0,0,0,0,0
Jakarta Commons Logging Rules,method,antlr4,0.9,0.5,org.antlr.v4.test.BaseTest$IntTokenStream,144,0,0,0,0,0,0
Java Logging Rules,method,antlr4,0.9,0.5,org.antlr.v4.test.BaseTest$IntTokenStream,144,0,0,0,0,0,0
JavaBean Rules,method,antlr4,0.9,0.5,org.antlr.v4.test.BaseTest$IntTokenStream,144,0,0,0,0,0,0
MigratingToJUnit4 Rules,method,antlr4,0.9,0.5,org.antlr.v4.test.BaseTest$IntTokenStream,144,0,0,0,0,0,0
Migration Rules,method,antlr4,0.9,0.5,org.antlr.v4.test.BaseTest$IntTokenStream,144,0,0,0,0,0,0
Migration13 Rules,method,antlr4,0.9,0.5,org.antlr.v4.test.BaseTest$IntTokenStream,144,0,0,0,0,0,0
Migration14 Rules,method,antlr4,0.9,0.5,org.antlr.v4.test.BaseTest$IntTokenStream,144,0,0,0,0,0,0
Migration15 Rules,method,antlr4,0.9,0.5,org.antlr.v4.test.BaseTest$IntTokenStream,144,0,0,0,0,0,0
Naming Rules,method,antlr4,0.9,0.5,org.antlr.v4.test.BaseTest$IntTokenStream,144,0,0,0,0,0,0
Optimization Rules,method,antlr4,0.9,0.5,org.antlr.v4.test.BaseTest$IntTokenStream,144,0,0,0,0,0,0
Security Code Guideline Rules,method,antlr4,0.9,0.5,org.antlr.v4.test.BaseTest$IntTokenStream,144,0,0,0,0,0,0
Strict Exception Rules,method,antlr4,0.9,0.5,org.antlr.v4.test.BaseTest$IntTokenStream,144,0,0,0,0,0,0
String and StringBuffer Rules,method,antlr4,0.9,0.5,org.antlr.v4.test.BaseTest$IntTokenStream,144,0,0,0,0,0,0
Type Resolution Rules,method,antlr4,0.9,0.5,org.antlr.v4.test.BaseTest$IntTokenStream,144,0,0,0,0,0,0
Unnecessary and Unused Code Rules,method,antlr4,0.9,0.5,org.antlr.v4.test.BaseTest$IntTokenStream,144,0,0,0,0,0,0
Vulnerability Rules,method,antlr4,0.9,0.5,org.antlr.v4.test.BaseTest$IntTokenStream,144,0,0,0,0,0,0
CC,method,antlr4,0.9,0.5,org.antlr.v4.test.tool.TestPerformance,288,0,0,0,1,1,1
CCL,method,antlr4,0.9,0.5,org.antlr.v4.test.tool.TestPerformance,288,1,1,1,1,1,1
CCO,method,antlr4,0.9,0.5,org.antlr.v4.test.tool.TestPerformance,288,1,1,1,1,1,1
CI,method,antlr4,0.9,0.5,org.antlr.v4.test.tool.TestPerformance,288,1,1,1,1,1,1
CLC,method,antlr4,0.9,0.5,org.antlr.v4.test.tool.TestPerformance,288,1,1,1,1,1,1
CLLC,method,antlr4,0.9,0.5,org.antlr.v4.test.tool.TestPerformance,288,1,1,1,1,1,1
LDC,method,antlr4,0.9,0.5,org.antlr.v4.test.tool.TestPerformance,288,1,1,1,1,1,1
LLDC,method,antlr4,0.9,0.5,org.antlr.v4.test.tool.TestPerformance,288,1,1,1,1,1,1
HCPL,method,antlr4,0.9,0.5,org.antlr.v4.test.tool.TestPerformance,288,1,1,1,1,1,1
HDIF,method,antlr4,0.9,0.5,org.antlr.v4.test.tool.TestPerformance,288,1,1,1,1,1,1
HEFF,method,antlr4,0.9,0.5,org.antlr.v4.test.tool.TestPerformance,288,1,1,1,1,1,1
HNDB,method,antlr4,0.9,0.5,org.antlr.v4.test.tool.TestPerformance,288,1,1,1,1,1,1
HPL,method,antlr4,0.9,0.5,org.antlr.v4.test.tool.TestPerformance,288,1,1,1,1,1,1
HPV,method,antlr4,0.9,0.5,org.antlr.v4.test.tool.TestPerformance,288,1,1,1,1,1,1
HTRP,method,antlr4,0.9,0.5,org.antlr.v4.test.tool.TestPerformance,288,1,1,1,1,1,1
HVOL,method,antlr4,0.9,0.5,org.antlr.v4.test.tool.TestPerformance,288,1,1,1,1,1,1
MI,method,antlr4,0.9,0.5,org.antlr.v4.test.tool.TestPerformance,288,1,1,1,1,1,1
MIMS,method,antlr4,0.9,0.5,org.antlr.v4.test.tool.TestPerformance,288,1,1,1,1,1,1
MISEI,method,antlr4,0.9,0.5,org.antlr.v4.test.tool.TestPerformance,288,1,1,1,1,1,1
MISM,method,antlr4,0.9,0.5,org.antlr.v4.test.tool.TestPerformance,288,1,1,1,1,1,1
McCC,method,antlr4,0.9,0.5,org.antlr.v4.test.tool.TestPerformance,288,1,1,1,1,1,1
NL,method,antlr4,0.9,0.5,org.antlr.v4.test.tool.TestPerformance,288,1,1,1,1,1,1
NLE,method,antlr4,0.9,0.5,org.antlr.v4.test.tool.TestPerformance,288,1,1,1,1,1,1
NII,method,antlr4,0.9,0.5,org.antlr.v4.test.tool.TestPerformance,288,1,1,1,1,1,1
NOI,method,antlr4,0.9,0.5,org.antlr.v4.test.tool.TestPerformance,288,1,1,1,1,1,1
CD,method,antlr4,0.9,0.5,org.antlr.v4.test.tool.TestPerformance,288,1,1,1,1,1,1
CLOC,method,antlr4,0.9,0.5,org.antlr.v4.test.tool.TestPerformance,288,0,0,0,1,1,1
DLOC,method,antlr4,0.9,0.5,org.antlr.v4.test.tool.TestPerformance,288,0,0,0,1,1,1
TCD,method,antlr4,0.9,0.5,org.antlr.v4.test.tool.TestPerformance,288,1,1,1,1,1,1
TCLOC,method,antlr4,0.9,0.5,org.antlr.v4.test.tool.TestPerformance,288,1,1,1,1,1,1
LLOC,method,antlr4,0.9,0.5,org.antlr.v4.test.tool.TestPerformance,288,1,1,1,1,1,1
LOC,method,antlr4,0.9,0.5,org.antlr.v4.test.tool.TestPerformance,288,1,1,1,1,1,1
NOS,method,antlr4,0.9,0.5,org.antlr.v4.test.tool.TestPerformance,288,1,1,1,1,1,1
NUMPAR,method,antlr4,0.9,0.5,org.antlr.v4.test.tool.TestPerformance,288,0,0,0,1,1,1
TLLOC,method,antlr4,0.9,0.5,org.antlr.v4.test.tool.TestPerformance,288,1,1,1,1,1,1
TLOC,method,antlr4,0.9,0.5,org.antlr.v4.test.tool.TestPerformance,288,1,1,1,1,1,1
TNOS,method,antlr4,0.9,0.5,org.antlr.v4.test.tool.TestPerformance,288,0,0,0,0,0,0
WarningBlocker,method,antlr4,0.9,0.5,org.antlr.v4.test.tool.TestPerformance,288,0,0,0,0,0,0
WarningCritical,method,antlr4,0.9,0.5,org.antlr.v4.test.tool.TestPerformance,288,0,0,0,0,0,0
WarningInfo,method,antlr4,0.9,0.5,org.antlr.v4.test.tool.TestPerformance,288,0,0,0,0,0,0
WarningMajor,method,antlr4,0.9,0.5,org.antlr.v4.test.tool.TestPerformance,288,0,0,0,0,0,0
WarningMinor,method,antlr4,0.9,0.5,org.antlr.v4.test.tool.TestPerformance,288,0,0,0,0,0,0
Android Rules,method,antlr4,0.9,0.5,org.antlr.v4.test.tool.TestPerformance,288,0,0,0,0,0,0
Basic Rules,method,antlr4,0.9,0.5,org.antlr.v4.test.tool.TestPerformance,288,0,0,0,0,0,0
Brace Rules,method,antlr4,0.9,0.5,org.antlr.v4.test.tool.TestPerformance,288,0,0,0,0,0,0
Clone Implementation Rules,method,antlr4,0.9,0.5,org.antlr.v4.test.tool.TestPerformance,288,0,0,0,0,0,0
Code Size Rules,method,antlr4,0.9,0.5,org.antlr.v4.test.tool.TestPerformance,288,0,0,0,0,0,0
Comment Rules,method,antlr4,0.9,0.5,org.antlr.v4.test.tool.TestPerformance,288,0,0,0,0,0,0
Controversial Rules,method,antlr4,0.9,0.5,org.antlr.v4.test.tool.TestPerformance,288,0,0,0,0,0,0
Coupling Rules,method,antlr4,0.9,0.5,org.antlr.v4.test.tool.TestPerformance,288,0,0,0,0,0,0
Design Rules,method,antlr4,0.9,0.5,org.antlr.v4.test.tool.TestPerformance,288,0,0,0,0,0,0
Empty Code Rules,method,antlr4,0.9,0.5,org.antlr.v4.test.tool.TestPerformance,288,0,0,0,0,0,0
Finalizer Rules,method,antlr4,0.9,0.5,org.antlr.v4.test.tool.TestPerformance,288,0,0,0,0,0,0
Import Statement Rules,method,antlr4,0.9,0.5,org.antlr.v4.test.tool.TestPerformance,288,0,0,0,0,0,0
J2EE Rules,method,antlr4,0.9,0.5,org.antlr.v4.test.tool.TestPerformance,288,0,0,0,0,0,0
JUnit Rules,method,antlr4,0.9,0.5,org.antlr.v4.test.tool.TestPerformance,288,0,0,0,0,0,0
Jakarta Commons Logging Rules,method,antlr4,0.9,0.5,org.antlr.v4.test.tool.TestPerformance,288,0,0,0,0,0,0
Java Logging Rules,method,antlr4,0.9,0.5,org.antlr.v4.test.tool.TestPerformance,288,0,0,0,0,0,0
JavaBean Rules,method,antlr4,0.9,0.5,org.antlr.v4.test.tool.TestPerformance,288,0,0,0,0,0,0
MigratingToJUnit4 Rules,method,antlr4,0.9,0.5,org.antlr.v4.test.tool.TestPerformance,288,0,0,0,0,0,0
Migration Rules,method,antlr4,0.9,0.5,org.antlr.v4.test.tool.TestPerformance,288,0,0,0,0,0,0
Migration13 Rules,method,antlr4,0.9,0.5,org.antlr.v4.test.tool.TestPerformance,288,0,0,0,0,0,0
Migration14 Rules,method,antlr4,0.9,0.5,org.antlr.v4.test.tool.TestPerformance,288,0,0,0,0,0,0
Migration15 Rules,method,antlr4,0.9,0.5,org.antlr.v4.test.tool.TestPerformance,288,0,0,0,0,0,0
Naming Rules,method,antlr4,0.9,0.5,org.antlr.v4.test.tool.TestPerformance,288,0,0,0,0,0,0
Optimization Rules,method,antlr4,0.9,0.5,org.antlr.v4.test.tool.TestPerformance,288,0,0,0,0,0,0
Security Code Guideline Rules,method,antlr4,0.9,0.5,org.antlr.v4.test.tool.TestPerformance,288,0,0,0,0,0,0
Strict Exception Rules,method,antlr4,0.9,0.5,org.antlr.v4.test.tool.TestPerformance,288,0,0,0,0,0,0
String and StringBuffer Rules,method,antlr4,0.9,0.5,org.antlr.v4.test.tool.TestPerformance,288,0,0,0,0,0,0
Type Resolution Rules,method,antlr4,0.9,0.5,org.antlr.v4.test.tool.TestPerformance,288,0,0,0,0,0,0
Unnecessary and Unused Code Rules,method,antlr4,0.9,0.5,org.antlr.v4.test.tool.TestPerformance,288,0,0,0,0,0,0
Vulnerability Rules,method,antlr4,0.9,0.5,org.antlr.v4.test.tool.TestPerformance,288,0,0,0,0,0,0
CC,method,antlr4,0.9,0.5,org.antlr.v4.runtime.CommonTokenStream,144,0,0,0,1,1,1
CCL,method,antlr4,0.9,0.5,org.antlr.v4.runtime.CommonTokenStream,144,0,0,0,1,1,1
CCO,method,antlr4,0.9,0.5,org.antlr.v4.runtime.CommonTokenStream,144,0,0,0,1,1,1
CI,method,antlr4,0.9,0.5,org.antlr.v4.runtime.CommonTokenStream,144,0,0,0,1,1,1
CLC,method,antlr4,0.9,0.5,org.antlr.v4.runtime.CommonTokenStream,144,0,0,0,1,1,1
CLLC,method,antlr4,0.9,0.5,org.antlr.v4.runtime.CommonTokenStream,144,0,0,0,1,1,1
LDC,method,antlr4,0.9,0.5,org.antlr.v4.runtime.CommonTokenStream,144,0,0,0,1,1,1
LLDC,method,antlr4,0.9,0.5,org.antlr.v4.runtime.CommonTokenStream,144,0,0,0,1,1,1
HCPL,method,antlr4,0.9,0.5,org.antlr.v4.runtime.CommonTokenStream,144,1,1,1,1,1,1
HDIF,method,antlr4,0.9,0.5,org.antlr.v4.runtime.CommonTokenStream,144,1,1,1,1,1,1
HEFF,method,antlr4,0.9,0.5,org.antlr.v4.runtime.CommonTokenStream,144,1,1,1,1,1,1
HNDB,method,antlr4,0.9,0.5,org.antlr.v4.runtime.CommonTokenStream,144,1,1,1,1,1,1
HPL,method,antlr4,0.9,0.5,org.antlr.v4.runtime.CommonTokenStream,144,1,1,1,1,1,1
HPV,method,antlr4,0.9,0.5,org.antlr.v4.runtime.CommonTokenStream,144,1,1,1,1,1,1
HTRP,method,antlr4,0.9,0.5,org.antlr.v4.runtime.CommonTokenStream,144,1,1,1,1,1,1
HVOL,method,antlr4,0.9,0.5,org.antlr.v4.runtime.CommonTokenStream,144,1,1,1,1,1,1
MI,method,antlr4,0.9,0.5,org.antlr.v4.runtime.CommonTokenStream,144,1,1,1,1,1,1
MIMS,method,antlr4,0.9,0.5,org.antlr.v4.runtime.CommonTokenStream,144,1,1,1,1,1,1
MISEI,method,antlr4,0.9,0.5,org.antlr.v4.runtime.CommonTokenStream,144,1,1,1,1,1,1
MISM,method,antlr4,0.9,0.5,org.antlr.v4.runtime.CommonTokenStream,144,1,1,1,1,1,1
McCC,method,antlr4,0.9,0.5,org.antlr.v4.runtime.CommonTokenStream,144,1,1,1,1,1,1
NL,method,antlr4,0.9,0.5,org.antlr.v4.runtime.CommonTokenStream,144,0,0,0,1,1,1
NLE,method,antlr4,0.9,0.5,org.antlr.v4.runtime.CommonTokenStream,144,0,0,0,1,1,1
NII,method,antlr4,0.9,0.5,org.antlr.v4.runtime.CommonTokenStream,144,0,0,0,1,1,1
NOI,method,antlr4,0.9,0.5,org.antlr.v4.runtime.CommonTokenStream,144,0,0,0,1,1,1
CD,method,antlr4,0.9,0.5,org.antlr.v4.runtime.CommonTokenStream,144,0,0,0,1,1,1
CLOC,method,antlr4,0.9,0.5,org.antlr.v4.runtime.CommonTokenStream,144,0,0,0,1,1,1
DLOC,method,antlr4,0.9,0.5,org.antlr.v4.runtime.CommonTokenStream,144,0,0,0,1,1,1
TCD,method,antlr4,0.9,0.5,org.antlr.v4.runtime.CommonTokenStream,144,0,0,0,1,1,1
TCLOC,method,antlr4,0.9,0.5,org.antlr.v4.runtime.CommonTokenStream,144,0,0,0,1,1,1
LLOC,method,antlr4,0.9,0.5,org.antlr.v4.runtime.CommonTokenStream,144,0,0,0,1,1,1
LOC,method,antlr4,0.9,0.5,org.antlr.v4.runtime.CommonTokenStream,144,0,0,0,1,1,1
NOS,method,antlr4,0.9,0.5,org.antlr.v4.runtime.CommonTokenStream,144,0,0,0,1,1,1
NUMPAR,method,antlr4,0.9,0.5,org.antlr.v4.runtime.CommonTokenStream,144,0,0,0,1,1,1
TLLOC,method,antlr4,0.9,0.5,org.antlr.v4.runtime.CommonTokenStream,144,0,0,0,1,1,1
TLOC,method,antlr4,0.9,0.5,org.antlr.v4.runtime.CommonTokenStream,144,0,0,0,1,1,1
TNOS,method,antlr4,0.9,0.5,org.antlr.v4.runtime.CommonTokenStream,144,0,0,0,0,0,0
WarningBlocker,method,antlr4,0.9,0.5,org.antlr.v4.runtime.CommonTokenStream,144,0,0,0,0,0,0
WarningCritical,method,antlr4,0.9,0.5,org.antlr.v4.runtime.CommonTokenStream,144,0,0,0,0,0,0
WarningInfo,method,antlr4,0.9,0.5,org.antlr.v4.runtime.CommonTokenStream,144,0,0,0,0,0,0
WarningMajor,method,antlr4,0.9,0.5,org.antlr.v4.runtime.CommonTokenStream,144,0,0,0,0,0,0
WarningMinor,method,antlr4,0.9,0.5,org.antlr.v4.runtime.CommonTokenStream,144,0,0,0,0,0,0
Android Rules,method,antlr4,0.9,0.5,org.antlr.v4.runtime.CommonTokenStream,144,0,0,0,0,0,0
Basic Rules,method,antlr4,0.9,0.5,org.antlr.v4.runtime.CommonTokenStream,144,0,0,0,0,0,0
Brace Rules,method,antlr4,0.9,0.5,org.antlr.v4.runtime.CommonTokenStream,144,0,0,0,0,0,0
Clone Implementation Rules,method,antlr4,0.9,0.5,org.antlr.v4.runtime.CommonTokenStream,144,0,0,0,0,0,0
Code Size Rules,method,antlr4,0.9,0.5,org.antlr.v4.runtime.CommonTokenStream,144,0,0,0,0,0,0
Comment Rules,method,antlr4,0.9,0.5,org.antlr.v4.runtime.CommonTokenStream,144,0,0,0,0,0,0
Controversial Rules,method,antlr4,0.9,0.5,org.antlr.v4.runtime.CommonTokenStream,144,0,0,0,0,0,0
Coupling Rules,method,antlr4,0.9,0.5,org.antlr.v4.runtime.CommonTokenStream,144,0,0,0,0,0,0
Design Rules,method,antlr4,0.9,0.5,org.antlr.v4.runtime.CommonTokenStream,144,0,0,0,0,0,0
Empty Code Rules,method,antlr4,0.9,0.5,org.antlr.v4.runtime.CommonTokenStream,144,0,0,0,0,0,0
Finalizer Rules,method,antlr4,0.9,0.5,org.antlr.v4.runtime.CommonTokenStream,144,0,0,0,0,0,0
Import Statement Rules,method,antlr4,0.9,0.5,org.antlr.v4.runtime.CommonTokenStream,144,0,0,0,0,0,0
J2EE Rules,method,antlr4,0.9,0.5,org.antlr.v4.runtime.CommonTokenStream,144,0,0,0,0,0,0
JUnit Rules,method,antlr4,0.9,0.5,org.antlr.v4.runtime.CommonTokenStream,144,0,0,0,0,0,0
Jakarta Commons Logging Rules,method,antlr4,0.9,0.5,org.antlr.v4.runtime.CommonTokenStream,144,0,0,0,0,0,0
Java Logging Rules,method,antlr4,0.9,0.5,org.antlr.v4.runtime.CommonTokenStream,144,0,0,0,0,0,0
JavaBean Rules,method,antlr4,0.9,0.5,org.antlr.v4.runtime.CommonTokenStream,144,0,0,0,0,0,0
MigratingToJUnit4 Rules,method,antlr4,0.9,0.5,org.antlr.v4.runtime.CommonTokenStream,144,0,0,0,0,0,0
Migration Rules,method,antlr4,0.9,0.5,org.antlr.v4.runtime.CommonTokenStream,144,0,0,0,0,0,0
Migration13 Rules,method,antlr4,0.9,0.5,org.antlr.v4.runtime.CommonTokenStream,144,0,0,0,0,0,0
Migration14 Rules,method,antlr4,0.9,0.5,org.antlr.v4.runtime.CommonTokenStream,144,0,0,0,0,0,0
Migration15 Rules,method,antlr4,0.9,0.5,org.antlr.v4.runtime.CommonTokenStream,144,0,0,0,0,0,0
Naming Rules,method,antlr4,0.9,0.5,org.antlr.v4.runtime.CommonTokenStream,144,0,0,0,0,0,0
Optimization Rules,method,antlr4,0.9,0.5,org.antlr.v4.runtime.CommonTokenStream,144,0,0,0,0,0,0
Security Code Guideline Rules,method,antlr4,0.9,0.5,org.antlr.v4.runtime.CommonTokenStream,144,0,0,0,0,0,0
Strict Exception Rules,method,antlr4,0.9,0.5,org.antlr.v4.runtime.CommonTokenStream,144,0,0,0,0,0,0
String and StringBuffer Rules,method,antlr4,0.9,0.5,org.antlr.v4.runtime.CommonTokenStream,144,0,0,0,0,0,0
Type Resolution Rules,method,antlr4,0.9,0.5,org.antlr.v4.runtime.CommonTokenStream,144,0,0,0,0,0,0
Unnecessary and Unused Code Rules,method,antlr4,0.9,0.5,org.antlr.v4.runtime.CommonTokenStream,144,0,0,0,0,0,0
Vulnerability Rules,method,antlr4,0.9,0.5,org.antlr.v4.runtime.CommonTokenStream,144,0,0,0,0,0,0
CC,method,antlr4,0.9,0.5,org.antlr.v4.codegen.JavaTarget,216,0,0,0,1,1,1
CCL,method,antlr4,0.9,0.5,org.antlr.v4.codegen.JavaTarget,216,0,0,0,1,1,1
CCO,method,antlr4,0.9,0.5,org.antlr.v4.codegen.JavaTarget,216,0,0,0,1,1,1
CI,method,antlr4,0.9,0.5,org.antlr.v4.codegen.JavaTarget,216,0,0,0,1,1,1
CLC,method,antlr4,0.9,0.5,org.antlr.v4.codegen.JavaTarget,216,0,0,0,1,1,1
CLLC,method,antlr4,0.9,0.5,org.antlr.v4.codegen.JavaTarget,216,0,0,0,1,1,1
LDC,method,antlr4,0.9,0.5,org.antlr.v4.codegen.JavaTarget,216,0,0,0,1,1,1
LLDC,method,antlr4,0.9,0.5,org.antlr.v4.codegen.JavaTarget,216,0,0,0,1,1,1
HCPL,method,antlr4,0.9,0.5,org.antlr.v4.codegen.JavaTarget,216,1,1,1,1,1,1
HDIF,method,antlr4,0.9,0.5,org.antlr.v4.codegen.JavaTarget,216,1,1,1,1,1,1
HEFF,method,antlr4,0.9,0.5,org.antlr.v4.codegen.JavaTarget,216,1,1,1,1,1,1
HNDB,method,antlr4,0.9,0.5,org.antlr.v4.codegen.JavaTarget,216,1,1,1,1,1,1
HPL,method,antlr4,0.9,0.5,org.antlr.v4.codegen.JavaTarget,216,1,1,1,1,1,1
HPV,method,antlr4,0.9,0.5,org.antlr.v4.codegen.JavaTarget,216,1,1,1,1,1,1
HTRP,method,antlr4,0.9,0.5,org.antlr.v4.codegen.JavaTarget,216,1,1,1,1,1,1
HVOL,method,antlr4,0.9,0.5,org.antlr.v4.codegen.JavaTarget,216,1,1,1,1,1,1
MI,method,antlr4,0.9,0.5,org.antlr.v4.codegen.JavaTarget,216,1,1,1,1,1,1
MIMS,method,antlr4,0.9,0.5,org.antlr.v4.codegen.JavaTarget,216,1,1,1,1,1,1
MISEI,method,antlr4,0.9,0.5,org.antlr.v4.codegen.JavaTarget,216,1,1,1,1,1,1
MISM,method,antlr4,0.9,0.5,org.antlr.v4.codegen.JavaTarget,216,1,1,1,1,1,1
McCC,method,antlr4,0.9,0.5,org.antlr.v4.codegen.JavaTarget,216,0,0,0,1,1,1
NL,method,antlr4,0.9,0.5,org.antlr.v4.codegen.JavaTarget,216,0,0,0,1,1,1
NLE,method,antlr4,0.9,0.5,org.antlr.v4.codegen.JavaTarget,216,0,0,0,1,1,1
NII,method,antlr4,0.9,0.5,org.antlr.v4.codegen.JavaTarget,216,0,0,0,1,1,1
NOI,method,antlr4,0.9,0.5,org.antlr.v4.codegen.JavaTarget,216,1,1,1,1,1,1
CD,method,antlr4,0.9,0.5,org.antlr.v4.codegen.JavaTarget,216,1,1,1,1,1,1
CLOC,method,antlr4,0.9,0.5,org.antlr.v4.codegen.JavaTarget,216,1,1,1,1,1,1
DLOC,method,antlr4,0.9,0.5,org.antlr.v4.codegen.JavaTarget,216,0,0,0,1,1,1
TCD,method,antlr4,0.9,0.5,org.antlr.v4.codegen.JavaTarget,216,1,1,1,1,1,1
TCLOC,method,antlr4,0.9,0.5,org.antlr.v4.codegen.JavaTarget,216,1,1,1,1,1,1
LLOC,method,antlr4,0.9,0.5,org.antlr.v4.codegen.JavaTarget,216,0,0,0,1,1,1
LOC,method,antlr4,0.9,0.5,org.antlr.v4.codegen.JavaTarget,216,1,1,1,1,1,1
NOS,method,antlr4,0.9,0.5,org.antlr.v4.codegen.JavaTarget,216,0,0,0,1,1,1
NUMPAR,method,antlr4,0.9,0.5,org.antlr.v4.codegen.JavaTarget,216,1,1,1,1,1,1
TLLOC,method,antlr4,0.9,0.5,org.antlr.v4.codegen.JavaTarget,216,0,0,0,1,1,1
TLOC,method,antlr4,0.9,0.5,org.antlr.v4.codegen.JavaTarget,216,1,1,1,1,1,1
TNOS,method,antlr4,0.9,0.5,org.antlr.v4.codegen.JavaTarget,216,0,0,0,0,0,0
WarningBlocker,method,antlr4,0.9,0.5,org.antlr.v4.codegen.JavaTarget,216,0,0,0,0,0,0
WarningCritical,method,antlr4,0.9,0.5,org.antlr.v4.codegen.JavaTarget,216,0,0,0,0,0,0
WarningInfo,method,antlr4,0.9,0.5,org.antlr.v4.codegen.JavaTarget,216,0,0,0,0,0,0
WarningMajor,method,antlr4,0.9,0.5,org.antlr.v4.codegen.JavaTarget,216,0,0,0,0,0,0
WarningMinor,method,antlr4,0.9,0.5,org.antlr.v4.codegen.JavaTarget,216,0,0,0,0,0,0
Android Rules,method,antlr4,0.9,0.5,org.antlr.v4.codegen.JavaTarget,216,0,0,0,0,0,0
Basic Rules,method,antlr4,0.9,0.5,org.antlr.v4.codegen.JavaTarget,216,0,0,0,0,0,0
Brace Rules,method,antlr4,0.9,0.5,org.antlr.v4.codegen.JavaTarget,216,0,0,0,0,0,0
Clone Implementation Rules,method,antlr4,0.9,0.5,org.antlr.v4.codegen.JavaTarget,216,0,0,0,0,0,0
Code Size Rules,method,antlr4,0.9,0.5,org.antlr.v4.codegen.JavaTarget,216,0,0,0,0,0,0
Comment Rules,method,antlr4,0.9,0.5,org.antlr.v4.codegen.JavaTarget,216,0,0,0,0,0,0
Controversial Rules,method,antlr4,0.9,0.5,org.antlr.v4.codegen.JavaTarget,216,0,0,0,0,0,0
Coupling Rules,method,antlr4,0.9,0.5,org.antlr.v4.codegen.JavaTarget,216,0,0,0,0,0,0
Design Rules,method,antlr4,0.9,0.5,org.antlr.v4.codegen.JavaTarget,216,0,0,0,0,0,0
Empty Code Rules,method,antlr4,0.9,0.5,org.antlr.v4.codegen.JavaTarget,216,0,0,0,0,0,0
Finalizer Rules,method,antlr4,0.9,0.5,org.antlr.v4.codegen.JavaTarget,216,0,0,0,0,0,0
Import Statement Rules,method,antlr4,0.9,0.5,org.antlr.v4.codegen.JavaTarget,216,0,0,0,0,0,0
J2EE Rules,method,antlr4,0.9,0.5,org.antlr.v4.codegen.JavaTarget,216,0,0,0,0,0,0
JUnit Rules,method,antlr4,0.9,0.5,org.antlr.v4.codegen.JavaTarget,216,0,0,0,0,0,0
Jakarta Commons Logging Rules,method,antlr4,0.9,0.5,org.antlr.v4.codegen.JavaTarget,216,0,0,0,0,0,0
Java Logging Rules,method,antlr4,0.9,0.5,org.antlr.v4.codegen.JavaTarget,216,0,0,0,0,0,0
JavaBean Rules,method,antlr4,0.9,0.5,org.antlr.v4.codegen.JavaTarget,216,0,0,0,0,0,0
MigratingToJUnit4 Rules,method,antlr4,0.9,0.5,org.antlr.v4.codegen.JavaTarget,216,0,0,0,0,0,0
Migration Rules,method,antlr4,0.9,0.5,org.antlr.v4.codegen.JavaTarget,216,0,0,0,0,0,0
Migration13 Rules,method,antlr4,0.9,0.5,org.antlr.v4.codegen.JavaTarget,216,0,0,0,0,0,0
Migration14 Rules,method,antlr4,0.9,0.5,org.antlr.v4.codegen.JavaTarget,216,0,0,0,0,0,0
Migration15 Rules,method,antlr4,0.9,0.5,org.antlr.v4.codegen.JavaTarget,216,0,0,0,0,0,0
Naming Rules,method,antlr4,0.9,0.5,org.antlr.v4.codegen.JavaTarget,216,0,0,0,0,0,0
Optimization Rules,method,antlr4,0.9,0.5,org.antlr.v4.codegen.JavaTarget,216,0,0,0,0,0,0
Security Code Guideline Rules,method,antlr4,0.9,0.5,org.antlr.v4.codegen.JavaTarget,216,0,0,0,0,0,0
Strict Exception Rules,method,antlr4,0.9,0.5,org.antlr.v4.codegen.JavaTarget,216,0,0,0,0,0,0
String and StringBuffer Rules,method,antlr4,0.9,0.5,org.antlr.v4.codegen.JavaTarget,216,0,0,0,0,0,0
Type Resolution Rules,method,antlr4,0.9,0.5,org.antlr.v4.codegen.JavaTarget,216,0,0,0,0,0,0
Unnecessary and Unused Code Rules,method,antlr4,0.9,0.5,org.antlr.v4.codegen.JavaTarget,216,0,0,0,0,0,0
Vulnerability Rules,method,antlr4,0.9,0.5,org.antlr.v4.codegen.JavaTarget,216,0,0,0,0,0,0
CC,method,antlr4,0.9,0.5,org.antlr.v4.test.TestParserProfiler,216,1,1,1,1,1,1
CCL,method,antlr4,0.9,0.5,org.antlr.v4.test.TestParserProfiler,216,1,1,1,1,1,1
CCO,method,antlr4,0.9,0.5,org.antlr.v4.test.TestParserProfiler,216,1,1,1,1,1,1
CI,method,antlr4,0.9,0.5,org.antlr.v4.test.TestParserProfiler,216,1,1,1,1,1,1
CLC,method,antlr4,0.9,0.5,org.antlr.v4.test.TestParserProfiler,216,1,1,1,1,1,1
CLLC,method,antlr4,0.9,0.5,org.antlr.v4.test.TestParserProfiler,216,1,1,1,1,1,1
LDC,method,antlr4,0.9,0.5,org.antlr.v4.test.TestParserProfiler,216,1,1,1,1,1,1
LLDC,method,antlr4,0.9,0.5,org.antlr.v4.test.TestParserProfiler,216,1,1,1,1,1,1
HCPL,method,antlr4,0.9,0.5,org.antlr.v4.test.TestParserProfiler,216,1,1,1,1,1,1
HDIF,method,antlr4,0.9,0.5,org.antlr.v4.test.TestParserProfiler,216,1,1,1,1,1,1
HEFF,method,antlr4,0.9,0.5,org.antlr.v4.test.TestParserProfiler,216,1,1,1,1,1,1
HNDB,method,antlr4,0.9,0.5,org.antlr.v4.test.TestParserProfiler,216,1,1,1,1,1,1
HPL,method,antlr4,0.9,0.5,org.antlr.v4.test.TestParserProfiler,216,1,1,1,1,1,1
HPV,method,antlr4,0.9,0.5,org.antlr.v4.test.TestParserProfiler,216,1,1,1,1,1,1
HTRP,method,antlr4,0.9,0.5,org.antlr.v4.test.TestParserProfiler,216,1,1,1,1,1,1
HVOL,method,antlr4,0.9,0.5,org.antlr.v4.test.TestParserProfiler,216,1,1,1,1,1,1
MI,method,antlr4,0.9,0.5,org.antlr.v4.test.TestParserProfiler,216,1,1,1,1,1,1
MIMS,method,antlr4,0.9,0.5,org.antlr.v4.test.TestParserProfiler,216,1,1,1,1,1,1
MISEI,method,antlr4,0.9,0.5,org.antlr.v4.test.TestParserProfiler,216,1,1,1,1,1,1
MISM,method,antlr4,0.9,0.5,org.antlr.v4.test.TestParserProfiler,216,1,1,1,1,1,1
McCC,method,antlr4,0.9,0.5,org.antlr.v4.test.TestParserProfiler,216,0,0,0,1,1,1
NL,method,antlr4,0.9,0.5,org.antlr.v4.test.TestParserProfiler,216,0,0,0,1,1,1
NLE,method,antlr4,0.9,0.5,org.antlr.v4.test.TestParserProfiler,216,0,0,0,1,1,1
NII,method,antlr4,0.9,0.5,org.antlr.v4.test.TestParserProfiler,216,0,0,0,1,1,1
NOI,method,antlr4,0.9,0.5,org.antlr.v4.test.TestParserProfiler,216,1,1,1,1,1,1
CD,method,antlr4,0.9,0.5,org.antlr.v4.test.TestParserProfiler,216,1,1,1,1,1,1
CLOC,method,antlr4,0.9,0.5,org.antlr.v4.test.TestParserProfiler,216,1,1,1,1,1,1
DLOC,method,antlr4,0.9,0.5,org.antlr.v4.test.TestParserProfiler,216,0,0,0,1,1,1
TCD,method,antlr4,0.9,0.5,org.antlr.v4.test.TestParserProfiler,216,1,1,1,1,1,1
TCLOC,method,antlr4,0.9,0.5,org.antlr.v4.test.TestParserProfiler,216,1,1,1,1,1,1
LLOC,method,antlr4,0.9,0.5,org.antlr.v4.test.TestParserProfiler,216,1,1,1,1,1,1
LOC,method,antlr4,0.9,0.5,org.antlr.v4.test.TestParserProfiler,216,1,1,1,1,1,1
NOS,method,antlr4,0.9,0.5,org.antlr.v4.test.TestParserProfiler,216,0,0,0,1,1,1
NUMPAR,method,antlr4,0.9,0.5,org.antlr.v4.test.TestParserProfiler,216,0,0,0,1,1,1
TLLOC,method,antlr4,0.9,0.5,org.antlr.v4.test.TestParserProfiler,216,1,1,1,1,1,1
TLOC,method,antlr4,0.9,0.5,org.antlr.v4.test.TestParserProfiler,216,1,1,1,1,1,1
TNOS,method,antlr4,0.9,0.5,org.antlr.v4.test.TestParserProfiler,216,0,0,0,0,0,0
WarningBlocker,method,antlr4,0.9,0.5,org.antlr.v4.test.TestParserProfiler,216,0,0,0,0,0,0
WarningCritical,method,antlr4,0.9,0.5,org.antlr.v4.test.TestParserProfiler,216,0,0,0,0,0,0
WarningInfo,method,antlr4,0.9,0.5,org.antlr.v4.test.TestParserProfiler,216,0,0,0,0,0,0
WarningMajor,method,antlr4,0.9,0.5,org.antlr.v4.test.TestParserProfiler,216,0,0,0,0,0,0
WarningMinor,method,antlr4,0.9,0.5,org.antlr.v4.test.TestParserProfiler,216,0,0,0,0,0,0
Android Rules,method,antlr4,0.9,0.5,org.antlr.v4.test.TestParserProfiler,216,0,0,0,0,0,0
Basic Rules,method,antlr4,0.9,0.5,org.antlr.v4.test.TestParserProfiler,216,0,0,0,0,0,0
Brace Rules,method,antlr4,0.9,0.5,org.antlr.v4.test.TestParserProfiler,216,0,0,0,0,0,0
Clone Implementation Rules,method,antlr4,0.9,0.5,org.antlr.v4.test.TestParserProfiler,216,0,0,0,0,0,0
Code Size Rules,method,antlr4,0.9,0.5,org.antlr.v4.test.TestParserProfiler,216,0,0,0,0,0,0
Comment Rules,method,antlr4,0.9,0.5,org.antlr.v4.test.TestParserProfiler,216,0,0,0,0,0,0
Controversial Rules,method,antlr4,0.9,0.5,org.antlr.v4.test.TestParserProfiler,216,0,0,0,0,0,0
Coupling Rules,method,antlr4,0.9,0.5,org.antlr.v4.test.TestParserProfiler,216,0,0,0,0,0,0
Design Rules,method,antlr4,0.9,0.5,org.antlr.v4.test.TestParserProfiler,216,0,0,0,0,0,0
Empty Code Rules,method,antlr4,0.9,0.5,org.antlr.v4.test.TestParserProfiler,216,0,0,0,0,0,0
Finalizer Rules,method,antlr4,0.9,0.5,org.antlr.v4.test.TestParserProfiler,216,0,0,0,0,0,0
Import Statement Rules,method,antlr4,0.9,0.5,org.antlr.v4.test.TestParserProfiler,216,0,0,0,0,0,0
J2EE Rules,method,antlr4,0.9,0.5,org.antlr.v4.test.TestParserProfiler,216,0,0,0,0,0,0
JUnit Rules,method,antlr4,0.9,0.5,org.antlr.v4.test.TestParserProfiler,216,0,0,0,0,0,0
Jakarta Commons Logging Rules,method,antlr4,0.9,0.5,org.antlr.v4.test.TestParserProfiler,216,0,0,0,0,0,0
Java Logging Rules,method,antlr4,0.9,0.5,org.antlr.v4.test.TestParserProfiler,216,0,0,0,0,0,0
JavaBean Rules,method,antlr4,0.9,0.5,org.antlr.v4.test.TestParserProfiler,216,0,0,0,0,0,0
MigratingToJUnit4 Rules,method,antlr4,0.9,0.5,org.antlr.v4.test.TestParserProfiler,216,0,0,0,0,0,0
Migration Rules,method,antlr4,0.9,0.5,org.antlr.v4.test.TestParserProfiler,216,0,0,0,0,0,0
Migration13 Rules,method,antlr4,0.9,0.5,org.antlr.v4.test.TestParserProfiler,216,0,0,0,0,0,0
Migration14 Rules,method,antlr4,0.9,0.5,org.antlr.v4.test.TestParserProfiler,216,0,0,0,0,0,0
Migration15 Rules,method,antlr4,0.9,0.5,org.antlr.v4.test.TestParserProfiler,216,0,0,0,0,0,0
Naming Rules,method,antlr4,0.9,0.5,org.antlr.v4.test.TestParserProfiler,216,0,0,0,0,0,0
Optimization Rules,method,antlr4,0.9,0.5,org.antlr.v4.test.TestParserProfiler,216,0,0,0,0,0,0
Security Code Guideline Rules,method,antlr4,0.9,0.5,org.antlr.v4.test.TestParserProfiler,216,0,0,0,0,0,0
Strict Exception Rules,method,antlr4,0.9,0.5,org.antlr.v4.test.TestParserProfiler,216,0,0,0,0,0,0
String and StringBuffer Rules,method,antlr4,0.9,0.5,org.antlr.v4.test.TestParserProfiler,216,0,0,0,0,0,0
Type Resolution Rules,method,antlr4,0.9,0.5,org.antlr.v4.test.TestParserProfiler,216,0,0,0,0,0,0
Unnecessary and Unused Code Rules,method,antlr4,0.9,0.5,org.antlr.v4.test.TestParserProfiler,216,0,0,0,0,0,0
Vulnerability Rules,method,antlr4,0.9,0.5,org.antlr.v4.test.TestParserProfiler,216,0,0,0,0,0,0
CC,method,antlr4,0.9,0.5,org.antlr.v4.test.TestSemPredEvalParser,216,1,1,1,1,1,1
CCL,method,antlr4,0.9,0.5,org.antlr.v4.test.TestSemPredEvalParser,216,1,1,1,1,1,1
CCO,method,antlr4,0.9,0.5,org.antlr.v4.test.TestSemPredEvalParser,216,1,1,1,1,1,1
CI,method,antlr4,0.9,0.5,org.antlr.v4.test.TestSemPredEvalParser,216,1,1,1,1,1,1
CLC,method,antlr4,0.9,0.5,org.antlr.v4.test.TestSemPredEvalParser,216,1,1,1,1,1,1
CLLC,method,antlr4,0.9,0.5,org.antlr.v4.test.TestSemPredEvalParser,216,1,1,1,1,1,1
LDC,method,antlr4,0.9,0.5,org.antlr.v4.test.TestSemPredEvalParser,216,1,1,1,1,1,1
LLDC,method,antlr4,0.9,0.5,org.antlr.v4.test.TestSemPredEvalParser,216,1,1,1,1,1,1
HCPL,method,antlr4,0.9,0.5,org.antlr.v4.test.TestSemPredEvalParser,216,1,1,1,1,1,1
HDIF,method,antlr4,0.9,0.5,org.antlr.v4.test.TestSemPredEvalParser,216,1,1,1,1,1,1
HEFF,method,antlr4,0.9,0.5,org.antlr.v4.test.TestSemPredEvalParser,216,1,1,1,1,1,1
HNDB,method,antlr4,0.9,0.5,org.antlr.v4.test.TestSemPredEvalParser,216,1,1,1,1,1,1
HPL,method,antlr4,0.9,0.5,org.antlr.v4.test.TestSemPredEvalParser,216,1,1,1,1,1,1
HPV,method,antlr4,0.9,0.5,org.antlr.v4.test.TestSemPredEvalParser,216,1,1,1,1,1,1
HTRP,method,antlr4,0.9,0.5,org.antlr.v4.test.TestSemPredEvalParser,216,1,1,1,1,1,1
HVOL,method,antlr4,0.9,0.5,org.antlr.v4.test.TestSemPredEvalParser,216,1,1,1,1,1,1
MI,method,antlr4,0.9,0.5,org.antlr.v4.test.TestSemPredEvalParser,216,1,1,1,1,1,1
MIMS,method,antlr4,0.9,0.5,org.antlr.v4.test.TestSemPredEvalParser,216,1,1,1,1,1,1
MISEI,method,antlr4,0.9,0.5,org.antlr.v4.test.TestSemPredEvalParser,216,1,1,1,1,1,1
MISM,method,antlr4,0.9,0.5,org.antlr.v4.test.TestSemPredEvalParser,216,1,1,1,1,1,1
McCC,method,antlr4,0.9,0.5,org.antlr.v4.test.TestSemPredEvalParser,216,0,0,0,1,1,1
NL,method,antlr4,0.9,0.5,org.antlr.v4.test.TestSemPredEvalParser,216,0,0,0,1,1,1
NLE,method,antlr4,0.9,0.5,org.antlr.v4.test.TestSemPredEvalParser,216,0,0,0,1,1,1
NII,method,antlr4,0.9,0.5,org.antlr.v4.test.TestSemPredEvalParser,216,0,0,0,1,1,1
NOI,method,antlr4,0.9,0.5,org.antlr.v4.test.TestSemPredEvalParser,216,1,1,1,1,1,1
CD,method,antlr4,0.9,0.5,org.antlr.v4.test.TestSemPredEvalParser,216,1,1,1,1,1,1
CLOC,method,antlr4,0.9,0.5,org.antlr.v4.test.TestSemPredEvalParser,216,1,1,1,1,1,1
DLOC,method,antlr4,0.9,0.5,org.antlr.v4.test.TestSemPredEvalParser,216,1,1,1,1,1,1
TCD,method,antlr4,0.9,0.5,org.antlr.v4.test.TestSemPredEvalParser,216,1,1,1,1,1,1
TCLOC,method,antlr4,0.9,0.5,org.antlr.v4.test.TestSemPredEvalParser,216,1,1,1,1,1,1
LLOC,method,antlr4,0.9,0.5,org.antlr.v4.test.TestSemPredEvalParser,216,1,1,1,1,1,1
LOC,method,antlr4,0.9,0.5,org.antlr.v4.test.TestSemPredEvalParser,216,1,1,1,1,1,1
NOS,method,antlr4,0.9,0.5,org.antlr.v4.test.TestSemPredEvalParser,216,1,1,1,1,1,1
NUMPAR,method,antlr4,0.9,0.5,org.antlr.v4.test.TestSemPredEvalParser,216,0,0,0,1,1,1
TLLOC,method,antlr4,0.9,0.5,org.antlr.v4.test.TestSemPredEvalParser,216,1,1,1,1,1,1
TLOC,method,antlr4,0.9,0.5,org.antlr.v4.test.TestSemPredEvalParser,216,1,1,1,1,1,1
TNOS,method,antlr4,0.9,0.5,org.antlr.v4.test.TestSemPredEvalParser,216,0,0,0,0,0,0
WarningBlocker,method,antlr4,0.9,0.5,org.antlr.v4.test.TestSemPredEvalParser,216,0,0,0,0,0,0
WarningCritical,method,antlr4,0.9,0.5,org.antlr.v4.test.TestSemPredEvalParser,216,0,0,0,0,0,0
WarningInfo,method,antlr4,0.9,0.5,org.antlr.v4.test.TestSemPredEvalParser,216,0,0,0,0,0,0
WarningMajor,method,antlr4,0.9,0.5,org.antlr.v4.test.TestSemPredEvalParser,216,0,0,0,0,0,0
WarningMinor,method,antlr4,0.9,0.5,org.antlr.v4.test.TestSemPredEvalParser,216,0,0,0,0,0,0
Android Rules,method,antlr4,0.9,0.5,org.antlr.v4.test.TestSemPredEvalParser,216,0,0,0,0,0,0
Basic Rules,method,antlr4,0.9,0.5,org.antlr.v4.test.TestSemPredEvalParser,216,0,0,0,0,0,0
Brace Rules,method,antlr4,0.9,0.5,org.antlr.v4.test.TestSemPredEvalParser,216,0,0,0,0,0,0
Clone Implementation Rules,method,antlr4,0.9,0.5,org.antlr.v4.test.TestSemPredEvalParser,216,0,0,0,0,0,0
Code Size Rules,method,antlr4,0.9,0.5,org.antlr.v4.test.TestSemPredEvalParser,216,0,0,0,0,0,0
Comment Rules,method,antlr4,0.9,0.5,org.antlr.v4.test.TestSemPredEvalParser,216,0,0,0,0,0,0
Controversial Rules,method,antlr4,0.9,0.5,org.antlr.v4.test.TestSemPredEvalParser,216,0,0,0,0,0,0
Coupling Rules,method,antlr4,0.9,0.5,org.antlr.v4.test.TestSemPredEvalParser,216,0,0,0,0,0,0
Design Rules,method,antlr4,0.9,0.5,org.antlr.v4.test.TestSemPredEvalParser,216,0,0,0,0,0,0
Empty Code Rules,method,antlr4,0.9,0.5,org.antlr.v4.test.TestSemPredEvalParser,216,0,0,0,0,0,0
Finalizer Rules,method,antlr4,0.9,0.5,org.antlr.v4.test.TestSemPredEvalParser,216,0,0,0,0,0,0
Import Statement Rules,method,antlr4,0.9,0.5,org.antlr.v4.test.TestSemPredEvalParser,216,0,0,0,0,0,0
J2EE Rules,method,antlr4,0.9,0.5,org.antlr.v4.test.TestSemPredEvalParser,216,0,0,0,0,0,0
JUnit Rules,method,antlr4,0.9,0.5,org.antlr.v4.test.TestSemPredEvalParser,216,0,0,0,0,0,0
Jakarta Commons Logging Rules,method,antlr4,0.9,0.5,org.antlr.v4.test.TestSemPredEvalParser,216,0,0,0,0,0,0
Java Logging Rules,method,antlr4,0.9,0.5,org.antlr.v4.test.TestSemPredEvalParser,216,0,0,0,0,0,0
JavaBean Rules,method,antlr4,0.9,0.5,org.antlr.v4.test.TestSemPredEvalParser,216,0,0,0,0,0,0
MigratingToJUnit4 Rules,method,antlr4,0.9,0.5,org.antlr.v4.test.TestSemPredEvalParser,216,0,0,0,0,0,0
Migration Rules,method,antlr4,0.9,0.5,org.antlr.v4.test.TestSemPredEvalParser,216,0,0,0,0,0,0
Migration13 Rules,method,antlr4,0.9,0.5,org.antlr.v4.test.TestSemPredEvalParser,216,0,0,0,0,0,0
Migration14 Rules,method,antlr4,0.9,0.5,org.antlr.v4.test.TestSemPredEvalParser,216,0,0,0,0,0,0
Migration15 Rules,method,antlr4,0.9,0.5,org.antlr.v4.test.TestSemPredEvalParser,216,0,0,0,0,0,0
Naming Rules,method,antlr4,0.9,0.5,org.antlr.v4.test.TestSemPredEvalParser,216,0,0,0,0,0,0
Optimization Rules,method,antlr4,0.9,0.5,org.antlr.v4.test.TestSemPredEvalParser,216,0,0,0,0,0,0
Security Code Guideline Rules,method,antlr4,0.9,0.5,org.antlr.v4.test.TestSemPredEvalParser,216,0,0,0,0,0,0
Strict Exception Rules,method,antlr4,0.9,0.5,org.antlr.v4.test.TestSemPredEvalParser,216,0,0,0,0,0,0
String and StringBuffer Rules,method,antlr4,0.9,0.5,org.antlr.v4.test.TestSemPredEvalParser,216,0,0,0,0,0,0
Type Resolution Rules,method,antlr4,0.9,0.5,org.antlr.v4.test.TestSemPredEvalParser,216,0,0,0,0,0,0
Unnecessary and Unused Code Rules,method,antlr4,0.9,0.5,org.antlr.v4.test.TestSemPredEvalParser,216,0,0,0,0,0,0
Vulnerability Rules,method,antlr4,0.9,0.5,org.antlr.v4.test.TestSemPredEvalParser,216,0,0,0,0,0,0
CC,method,antlr4,0.9,0.5,org.antlr.v4.test.tool.TestLeftRecursionToolIssues,648,1,1,1,1,1,1
CCL,method,antlr4,0.9,0.5,org.antlr.v4.test.tool.TestLeftRecursionToolIssues,648,1,1,1,1,1,1
CCO,method,antlr4,0.9,0.5,org.antlr.v4.test.tool.TestLeftRecursionToolIssues,648,1,1,1,1,1,1
CI,method,antlr4,0.9,0.5,org.antlr.v4.test.tool.TestLeftRecursionToolIssues,648,1,1,1,1,1,1
CLC,method,antlr4,0.9,0.5,org.antlr.v4.test.tool.TestLeftRecursionToolIssues,648,1,1,1,1,1,1
CLLC,method,antlr4,0.9,0.5,org.antlr.v4.test.tool.TestLeftRecursionToolIssues,648,1,1,1,1,1,1
LDC,method,antlr4,0.9,0.5,org.antlr.v4.test.tool.TestLeftRecursionToolIssues,648,1,1,1,1,1,1
LLDC,method,antlr4,0.9,0.5,org.antlr.v4.test.tool.TestLeftRecursionToolIssues,648,1,1,1,1,1,1
HCPL,method,antlr4,0.9,0.5,org.antlr.v4.test.tool.TestLeftRecursionToolIssues,648,1,1,1,1,1,1
HDIF,method,antlr4,0.9,0.5,org.antlr.v4.test.tool.TestLeftRecursionToolIssues,648,1,1,1,1,1,1
HEFF,method,antlr4,0.9,0.5,org.antlr.v4.test.tool.TestLeftRecursionToolIssues,648,1,1,1,1,1,1
HNDB,method,antlr4,0.9,0.5,org.antlr.v4.test.tool.TestLeftRecursionToolIssues,648,1,1,1,1,1,1
HPL,method,antlr4,0.9,0.5,org.antlr.v4.test.tool.TestLeftRecursionToolIssues,648,1,1,1,1,1,1
HPV,method,antlr4,0.9,0.5,org.antlr.v4.test.tool.TestLeftRecursionToolIssues,648,1,1,1,1,1,1
HTRP,method,antlr4,0.9,0.5,org.antlr.v4.test.tool.TestLeftRecursionToolIssues,648,1,1,1,1,1,1
HVOL,method,antlr4,0.9,0.5,org.antlr.v4.test.tool.TestLeftRecursionToolIssues,648,1,1,1,1,1,1
MI,method,antlr4,0.9,0.5,org.antlr.v4.test.tool.TestLeftRecursionToolIssues,648,1,1,1,1,1,1
MIMS,method,antlr4,0.9,0.5,org.antlr.v4.test.tool.TestLeftRecursionToolIssues,648,1,1,1,1,1,1
MISEI,method,antlr4,0.9,0.5,org.antlr.v4.test.tool.TestLeftRecursionToolIssues,648,1,1,1,1,1,1
MISM,method,antlr4,0.9,0.5,org.antlr.v4.test.tool.TestLeftRecursionToolIssues,648,1,1,1,1,1,1
McCC,method,antlr4,0.9,0.5,org.antlr.v4.test.tool.TestLeftRecursionToolIssues,648,0,0,0,1,1,1
NL,method,antlr4,0.9,0.5,org.antlr.v4.test.tool.TestLeftRecursionToolIssues,648,0,0,0,1,1,1
NLE,method,antlr4,0.9,0.5,org.antlr.v4.test.tool.TestLeftRecursionToolIssues,648,0,0,0,1,1,1
NII,method,antlr4,0.9,0.5,org.antlr.v4.test.tool.TestLeftRecursionToolIssues,648,0,0,0,1,1,1
NOI,method,antlr4,0.9,0.5,org.antlr.v4.test.tool.TestLeftRecursionToolIssues,648,0,0,0,1,1,1
CD,method,antlr4,0.9,0.5,org.antlr.v4.test.tool.TestLeftRecursionToolIssues,648,1,1,1,1,1,1
CLOC,method,antlr4,0.9,0.5,org.antlr.v4.test.tool.TestLeftRecursionToolIssues,648,1,1,1,1,1,1
DLOC,method,antlr4,0.9,0.5,org.antlr.v4.test.tool.TestLeftRecursionToolIssues,648,0,0,0,1,1,1
TCD,method,antlr4,0.9,0.5,org.antlr.v4.test.tool.TestLeftRecursionToolIssues,648,1,1,1,1,1,1
TCLOC,method,antlr4,0.9,0.5,org.antlr.v4.test.tool.TestLeftRecursionToolIssues,648,1,1,1,1,1,1
LLOC,method,antlr4,0.9,0.5,org.antlr.v4.test.tool.TestLeftRecursionToolIssues,648,1,1,1,1,1,1
LOC,method,antlr4,0.9,0.5,org.antlr.v4.test.tool.TestLeftRecursionToolIssues,648,1,1,1,1,1,1
NOS,method,antlr4,0.9,0.5,org.antlr.v4.test.tool.TestLeftRecursionToolIssues,648,0,0,0,1,1,1
NUMPAR,method,antlr4,0.9,0.5,org.antlr.v4.test.tool.TestLeftRecursionToolIssues,648,0,0,0,1,1,1
TLLOC,method,antlr4,0.9,0.5,org.antlr.v4.test.tool.TestLeftRecursionToolIssues,648,1,1,1,1,1,1
TLOC,method,antlr4,0.9,0.5,org.antlr.v4.test.tool.TestLeftRecursionToolIssues,648,1,1,1,1,1,1
TNOS,method,antlr4,0.9,0.5,org.antlr.v4.test.tool.TestLeftRecursionToolIssues,648,0,0,0,0,0,0
WarningBlocker,method,antlr4,0.9,0.5,org.antlr.v4.test.tool.TestLeftRecursionToolIssues,648,0,0,0,0,0,0
WarningCritical,method,antlr4,0.9,0.5,org.antlr.v4.test.tool.TestLeftRecursionToolIssues,648,0,0,0,0,0,0
WarningInfo,method,antlr4,0.9,0.5,org.antlr.v4.test.tool.TestLeftRecursionToolIssues,648,0,0,0,0,0,0
WarningMajor,method,antlr4,0.9,0.5,org.antlr.v4.test.tool.TestLeftRecursionToolIssues,648,0,0,0,0,0,0
WarningMinor,method,antlr4,0.9,0.5,org.antlr.v4.test.tool.TestLeftRecursionToolIssues,648,0,0,0,0,0,0
Android Rules,method,antlr4,0.9,0.5,org.antlr.v4.test.tool.TestLeftRecursionToolIssues,648,0,0,0,0,0,0
Basic Rules,method,antlr4,0.9,0.5,org.antlr.v4.test.tool.TestLeftRecursionToolIssues,648,0,0,0,0,0,0
Brace Rules,method,antlr4,0.9,0.5,org.antlr.v4.test.tool.TestLeftRecursionToolIssues,648,0,0,0,0,0,0
Clone Implementation Rules,method,antlr4,0.9,0.5,org.antlr.v4.test.tool.TestLeftRecursionToolIssues,648,0,0,0,0,0,0
Code Size Rules,method,antlr4,0.9,0.5,org.antlr.v4.test.tool.TestLeftRecursionToolIssues,648,0,0,0,0,0,0
Comment Rules,method,antlr4,0.9,0.5,org.antlr.v4.test.tool.TestLeftRecursionToolIssues,648,0,0,0,0,0,0
Controversial Rules,method,antlr4,0.9,0.5,org.antlr.v4.test.tool.TestLeftRecursionToolIssues,648,0,0,0,0,0,0
Coupling Rules,method,antlr4,0.9,0.5,org.antlr.v4.test.tool.TestLeftRecursionToolIssues,648,0,0,0,0,0,0
Design Rules,method,antlr4,0.9,0.5,org.antlr.v4.test.tool.TestLeftRecursionToolIssues,648,0,0,0,0,0,0
Empty Code Rules,method,antlr4,0.9,0.5,org.antlr.v4.test.tool.TestLeftRecursionToolIssues,648,0,0,0,0,0,0
Finalizer Rules,method,antlr4,0.9,0.5,org.antlr.v4.test.tool.TestLeftRecursionToolIssues,648,0,0,0,0,0,0
Import Statement Rules,method,antlr4,0.9,0.5,org.antlr.v4.test.tool.TestLeftRecursionToolIssues,648,0,0,0,0,0,0
J2EE Rules,method,antlr4,0.9,0.5,org.antlr.v4.test.tool.TestLeftRecursionToolIssues,648,0,0,0,0,0,0
JUnit Rules,method,antlr4,0.9,0.5,org.antlr.v4.test.tool.TestLeftRecursionToolIssues,648,0,0,0,0,0,0
Jakarta Commons Logging Rules,method,antlr4,0.9,0.5,org.antlr.v4.test.tool.TestLeftRecursionToolIssues,648,0,0,0,0,0,0
Java Logging Rules,method,antlr4,0.9,0.5,org.antlr.v4.test.tool.TestLeftRecursionToolIssues,648,0,0,0,0,0,0
JavaBean Rules,method,antlr4,0.9,0.5,org.antlr.v4.test.tool.TestLeftRecursionToolIssues,648,0,0,0,0,0,0
MigratingToJUnit4 Rules,method,antlr4,0.9,0.5,org.antlr.v4.test.tool.TestLeftRecursionToolIssues,648,0,0,0,0,0,0
Migration Rules,method,antlr4,0.9,0.5,org.antlr.v4.test.tool.TestLeftRecursionToolIssues,648,0,0,0,0,0,0
Migration13 Rules,method,antlr4,0.9,0.5,org.antlr.v4.test.tool.TestLeftRecursionToolIssues,648,0,0,0,0,0,0
Migration14 Rules,method,antlr4,0.9,0.5,org.antlr.v4.test.tool.TestLeftRecursionToolIssues,648,0,0,0,0,0,0
Migration15 Rules,method,antlr4,0.9,0.5,org.antlr.v4.test.tool.TestLeftRecursionToolIssues,648,0,0,0,0,0,0
Naming Rules,method,antlr4,0.9,0.5,org.antlr.v4.test.tool.TestLeftRecursionToolIssues,648,0,0,0,0,0,0
Optimization Rules,method,antlr4,0.9,0.5,org.antlr.v4.test.tool.TestLeftRecursionToolIssues,648,0,0,0,0,0,0
Security Code Guideline Rules,method,antlr4,0.9,0.5,org.antlr.v4.test.tool.TestLeftRecursionToolIssues,648,0,0,0,0,0,0
Strict Exception Rules,method,antlr4,0.9,0.5,org.antlr.v4.test.tool.TestLeftRecursionToolIssues,648,0,0,0,0,0,0
String and StringBuffer Rules,method,antlr4,0.9,0.5,org.antlr.v4.test.tool.TestLeftRecursionToolIssues,648,0,0,0,0,0,0
Type Resolution Rules,method,antlr4,0.9,0.5,org.antlr.v4.test.tool.TestLeftRecursionToolIssues,648,0,0,0,0,0,0
Unnecessary and Unused Code Rules,method,antlr4,0.9,0.5,org.antlr.v4.test.tool.TestLeftRecursionToolIssues,648,0,0,0,0,0,0
Vulnerability Rules,method,antlr4,0.9,0.5,org.antlr.v4.test.tool.TestLeftRecursionToolIssues,648,0,0,0,0,0,0
CC,method,antlr4,0.9,0.5,org.antlr.v4.Tool,576,0,0,0,1,1,1
CCL,method,antlr4,0.9,0.5,org.antlr.v4.Tool,576,0,0,0,1,1,1
CCO,method,antlr4,0.9,0.5,org.antlr.v4.Tool,576,0,0,0,1,1,1
CI,method,antlr4,0.9,0.5,org.antlr.v4.Tool,576,0,0,0,1,1,1
CLC,method,antlr4,0.9,0.5,org.antlr.v4.Tool,576,0,0,0,1,1,1
CLLC,method,antlr4,0.9,0.5,org.antlr.v4.Tool,576,0,0,0,1,1,1
LDC,method,antlr4,0.9,0.5,org.antlr.v4.Tool,576,0,0,0,1,1,1
LLDC,method,antlr4,0.9,0.5,org.antlr.v4.Tool,576,0,0,0,1,1,1
HCPL,method,antlr4,0.9,0.5,org.antlr.v4.Tool,576,1,1,1,1,1,1
HDIF,method,antlr4,0.9,0.5,org.antlr.v4.Tool,576,1,1,1,1,1,1
HEFF,method,antlr4,0.9,0.5,org.antlr.v4.Tool,576,1,1,1,1,1,1
HNDB,method,antlr4,0.9,0.5,org.antlr.v4.Tool,576,1,1,1,1,1,1
HPL,method,antlr4,0.9,0.5,org.antlr.v4.Tool,576,1,1,1,1,1,1
HPV,method,antlr4,0.9,0.5,org.antlr.v4.Tool,576,1,1,1,1,1,1
HTRP,method,antlr4,0.9,0.5,org.antlr.v4.Tool,576,1,1,1,1,1,1
HVOL,method,antlr4,0.9,0.5,org.antlr.v4.Tool,576,1,1,1,1,1,1
MI,method,antlr4,0.9,0.5,org.antlr.v4.Tool,576,1,1,1,1,1,1
MIMS,method,antlr4,0.9,0.5,org.antlr.v4.Tool,576,1,1,1,1,1,1
MISEI,method,antlr4,0.9,0.5,org.antlr.v4.Tool,576,1,1,1,1,1,1
MISM,method,antlr4,0.9,0.5,org.antlr.v4.Tool,576,1,1,1,1,1,1
McCC,method,antlr4,0.9,0.5,org.antlr.v4.Tool,576,0,0,0,1,1,1
NL,method,antlr4,0.9,0.5,org.antlr.v4.Tool,576,0,0,0,1,1,1
NLE,method,antlr4,0.9,0.5,org.antlr.v4.Tool,576,0,0,0,1,1,1
NII,method,antlr4,0.9,0.5,org.antlr.v4.Tool,576,0,0,0,1,1,1
NOI,method,antlr4,0.9,0.5,org.antlr.v4.Tool,576,0,0,0,1,1,1
CD,method,antlr4,0.9,0.5,org.antlr.v4.Tool,576,1,1,1,1,1,1
CLOC,method,antlr4,0.9,0.5,org.antlr.v4.Tool,576,1,1,1,1,1,1
DLOC,method,antlr4,0.9,0.5,org.antlr.v4.Tool,576,0,0,0,1,1,1
TCD,method,antlr4,0.9,0.5,org.antlr.v4.Tool,576,1,1,1,1,1,1
TCLOC,method,antlr4,0.9,0.5,org.antlr.v4.Tool,576,1,1,1,1,1,1
LLOC,method,antlr4,0.9,0.5,org.antlr.v4.Tool,576,1,1,1,1,1,1
LOC,method,antlr4,0.9,0.5,org.antlr.v4.Tool,576,1,1,1,1,1,1
NOS,method,antlr4,0.9,0.5,org.antlr.v4.Tool,576,0,0,0,1,1,1
NUMPAR,method,antlr4,0.9,0.5,org.antlr.v4.Tool,576,0,0,0,1,1,1
TLLOC,method,antlr4,0.9,0.5,org.antlr.v4.Tool,576,1,1,1,1,1,1
TLOC,method,antlr4,0.9,0.5,org.antlr.v4.Tool,576,1,1,1,1,1,1
TNOS,method,antlr4,0.9,0.5,org.antlr.v4.Tool,576,0,0,0,0,0,0
WarningBlocker,method,antlr4,0.9,0.5,org.antlr.v4.Tool,576,0,0,0,0,0,0
WarningCritical,method,antlr4,0.9,0.5,org.antlr.v4.Tool,576,0,0,0,0,0,0
WarningInfo,method,antlr4,0.9,0.5,org.antlr.v4.Tool,576,0,0,0,0,0,0
WarningMajor,method,antlr4,0.9,0.5,org.antlr.v4.Tool,576,0,0,0,0,0,0
WarningMinor,method,antlr4,0.9,0.5,org.antlr.v4.Tool,576,0,0,0,0,0,0
Android Rules,method,antlr4,0.9,0.5,org.antlr.v4.Tool,576,0,0,0,0,0,0
Basic Rules,method,antlr4,0.9,0.5,org.antlr.v4.Tool,576,0,0,0,0,0,0
Brace Rules,method,antlr4,0.9,0.5,org.antlr.v4.Tool,576,0,0,0,0,0,0
Clone Implementation Rules,method,antlr4,0.9,0.5,org.antlr.v4.Tool,576,0,0,0,0,0,0
Code Size Rules,method,antlr4,0.9,0.5,org.antlr.v4.Tool,576,0,0,0,0,0,0
Comment Rules,method,antlr4,0.9,0.5,org.antlr.v4.Tool,576,0,0,0,0,0,0
Controversial Rules,method,antlr4,0.9,0.5,org.antlr.v4.Tool,576,0,0,0,0,0,0
Coupling Rules,method,antlr4,0.9,0.5,org.antlr.v4.Tool,576,0,0,0,0,0,0
Design Rules,method,antlr4,0.9,0.5,org.antlr.v4.Tool,576,0,0,0,0,0,0
Empty Code Rules,method,antlr4,0.9,0.5,org.antlr.v4.Tool,576,0,0,0,0,0,0
Finalizer Rules,method,antlr4,0.9,0.5,org.antlr.v4.Tool,576,0,0,0,0,0,0
Import Statement Rules,method,antlr4,0.9,0.5,org.antlr.v4.Tool,576,0,0,0,0,0,0
J2EE Rules,method,antlr4,0.9,0.5,org.antlr.v4.Tool,576,0,0,0,0,0,0
JUnit Rules,method,antlr4,0.9,0.5,org.antlr.v4.Tool,576,0,0,0,0,0,0
Jakarta Commons Logging Rules,method,antlr4,0.9,0.5,org.antlr.v4.Tool,576,0,0,0,0,0,0
Java Logging Rules,method,antlr4,0.9,0.5,org.antlr.v4.Tool,576,0,0,0,0,0,0
JavaBean Rules,method,antlr4,0.9,0.5,org.antlr.v4.Tool,576,0,0,0,0,0,0
MigratingToJUnit4 Rules,method,antlr4,0.9,0.5,org.antlr.v4.Tool,576,0,0,0,0,0,0
Migration Rules,method,antlr4,0.9,0.5,org.antlr.v4.Tool,576,0,0,0,0,0,0
Migration13 Rules,method,antlr4,0.9,0.5,org.antlr.v4.Tool,576,0,0,0,0,0,0
Migration14 Rules,method,antlr4,0.9,0.5,org.antlr.v4.Tool,576,0,0,0,0,0,0
Migration15 Rules,method,antlr4,0.9,0.5,org.antlr.v4.Tool,576,0,0,0,0,0,0
Naming Rules,method,antlr4,0.9,0.5,org.antlr.v4.Tool,576,0,0,0,0,0,0
Optimization Rules,method,antlr4,0.9,0.5,org.antlr.v4.Tool,576,0,0,0,0,0,0
Security Code Guideline Rules,method,antlr4,0.9,0.5,org.antlr.v4.Tool,576,0,0,0,0,0,0
Strict Exception Rules,method,antlr4,0.9,0.5,org.antlr.v4.Tool,576,0,0,0,0,0,0
String and StringBuffer Rules,method,antlr4,0.9,0.5,org.antlr.v4.Tool,576,0,0,0,0,0,0
Type Resolution Rules,method,antlr4,0.9,0.5,org.antlr.v4.Tool,576,0,0,0,0,0,0
Unnecessary and Unused Code Rules,method,antlr4,0.9,0.5,org.antlr.v4.Tool,576,0,0,0,0,0,0
Vulnerability Rules,method,antlr4,0.9,0.5,org.antlr.v4.Tool,576,0,0,0,0,0,0
CC,method,antlr4,0.9,0.5,org.antlr.mojo.antlr4.Antlr4Mojo,288,0,0,0,1,1,1
CCL,method,antlr4,0.9,0.5,org.antlr.mojo.antlr4.Antlr4Mojo,288,0,0,0,1,1,1
CCO,method,antlr4,0.9,0.5,org.antlr.mojo.antlr4.Antlr4Mojo,288,0,0,0,1,1,1
CI,method,antlr4,0.9,0.5,org.antlr.mojo.antlr4.Antlr4Mojo,288,0,0,0,1,1,1
CLC,method,antlr4,0.9,0.5,org.antlr.mojo.antlr4.Antlr4Mojo,288,0,0,0,1,1,1
CLLC,method,antlr4,0.9,0.5,org.antlr.mojo.antlr4.Antlr4Mojo,288,0,0,0,1,1,1
LDC,method,antlr4,0.9,0.5,org.antlr.mojo.antlr4.Antlr4Mojo,288,0,0,0,1,1,1
LLDC,method,antlr4,0.9,0.5,org.antlr.mojo.antlr4.Antlr4Mojo,288,0,0,0,1,1,1
HCPL,method,antlr4,0.9,0.5,org.antlr.mojo.antlr4.Antlr4Mojo,288,1,1,1,1,1,1
HDIF,method,antlr4,0.9,0.5,org.antlr.mojo.antlr4.Antlr4Mojo,288,1,1,1,1,1,1
HEFF,method,antlr4,0.9,0.5,org.antlr.mojo.antlr4.Antlr4Mojo,288,1,1,1,1,1,1
HNDB,method,antlr4,0.9,0.5,org.antlr.mojo.antlr4.Antlr4Mojo,288,1,1,1,1,1,1
HPL,method,antlr4,0.9,0.5,org.antlr.mojo.antlr4.Antlr4Mojo,288,1,1,1,1,1,1
HPV,method,antlr4,0.9,0.5,org.antlr.mojo.antlr4.Antlr4Mojo,288,1,1,1,1,1,1
HTRP,method,antlr4,0.9,0.5,org.antlr.mojo.antlr4.Antlr4Mojo,288,1,1,1,1,1,1
HVOL,method,antlr4,0.9,0.5,org.antlr.mojo.antlr4.Antlr4Mojo,288,1,1,1,1,1,1
MI,method,antlr4,0.9,0.5,org.antlr.mojo.antlr4.Antlr4Mojo,288,1,1,1,1,1,1
MIMS,method,antlr4,0.9,0.5,org.antlr.mojo.antlr4.Antlr4Mojo,288,1,1,1,1,1,1
MISEI,method,antlr4,0.9,0.5,org.antlr.mojo.antlr4.Antlr4Mojo,288,1,1,1,1,1,1
MISM,method,antlr4,0.9,0.5,org.antlr.mojo.antlr4.Antlr4Mojo,288,1,1,1,1,1,1
McCC,method,antlr4,0.9,0.5,org.antlr.mojo.antlr4.Antlr4Mojo,288,1,1,1,1,1,1
NL,method,antlr4,0.9,0.5,org.antlr.mojo.antlr4.Antlr4Mojo,288,1,1,1,1,1,1
NLE,method,antlr4,0.9,0.5,org.antlr.mojo.antlr4.Antlr4Mojo,288,1,1,1,1,1,1
NII,method,antlr4,0.9,0.5,org.antlr.mojo.antlr4.Antlr4Mojo,288,0,0,0,1,1,1
NOI,method,antlr4,0.9,0.5,org.antlr.mojo.antlr4.Antlr4Mojo,288,1,1,1,1,1,1
CD,method,antlr4,0.9,0.5,org.antlr.mojo.antlr4.Antlr4Mojo,288,1,1,1,1,1,1
CLOC,method,antlr4,0.9,0.5,org.antlr.mojo.antlr4.Antlr4Mojo,288,1,1,1,1,1,1
DLOC,method,antlr4,0.9,0.5,org.antlr.mojo.antlr4.Antlr4Mojo,288,1,1,1,1,1,1
TCD,method,antlr4,0.9,0.5,org.antlr.mojo.antlr4.Antlr4Mojo,288,1,1,1,1,1,1
TCLOC,method,antlr4,0.9,0.5,org.antlr.mojo.antlr4.Antlr4Mojo,288,1,1,1,1,1,1
LLOC,method,antlr4,0.9,0.5,org.antlr.mojo.antlr4.Antlr4Mojo,288,1,1,1,1,1,1
LOC,method,antlr4,0.9,0.5,org.antlr.mojo.antlr4.Antlr4Mojo,288,1,1,1,1,1,1
NOS,method,antlr4,0.9,0.5,org.antlr.mojo.antlr4.Antlr4Mojo,288,1,1,1,1,1,1
NUMPAR,method,antlr4,0.9,0.5,org.antlr.mojo.antlr4.Antlr4Mojo,288,0,0,0,1,1,1
TLLOC,method,antlr4,0.9,0.5,org.antlr.mojo.antlr4.Antlr4Mojo,288,1,1,1,1,1,1
TLOC,method,antlr4,0.9,0.5,org.antlr.mojo.antlr4.Antlr4Mojo,288,1,1,1,1,1,1
TNOS,method,antlr4,0.9,0.5,org.antlr.mojo.antlr4.Antlr4Mojo,288,0,0,0,0,0,0
WarningBlocker,method,antlr4,0.9,0.5,org.antlr.mojo.antlr4.Antlr4Mojo,288,0,0,0,0,0,0
WarningCritical,method,antlr4,0.9,0.5,org.antlr.mojo.antlr4.Antlr4Mojo,288,0,0,0,0,0,0
WarningInfo,method,antlr4,0.9,0.5,org.antlr.mojo.antlr4.Antlr4Mojo,288,0,0,0,0,0,0
WarningMajor,method,antlr4,0.9,0.5,org.antlr.mojo.antlr4.Antlr4Mojo,288,0,0,0,0,0,0
WarningMinor,method,antlr4,0.9,0.5,org.antlr.mojo.antlr4.Antlr4Mojo,288,0,0,0,0,0,0
Android Rules,method,antlr4,0.9,0.5,org.antlr.mojo.antlr4.Antlr4Mojo,288,0,0,0,0,0,0
Basic Rules,method,antlr4,0.9,0.5,org.antlr.mojo.antlr4.Antlr4Mojo,288,0,0,0,0,0,0
Brace Rules,method,antlr4,0.9,0.5,org.antlr.mojo.antlr4.Antlr4Mojo,288,0,0,0,0,0,0
Clone Implementation Rules,method,antlr4,0.9,0.5,org.antlr.mojo.antlr4.Antlr4Mojo,288,0,0,0,0,0,0
Code Size Rules,method,antlr4,0.9,0.5,org.antlr.mojo.antlr4.Antlr4Mojo,288,0,0,0,0,0,0
Comment Rules,method,antlr4,0.9,0.5,org.antlr.mojo.antlr4.Antlr4Mojo,288,0,0,0,0,0,0
Controversial Rules,method,antlr4,0.9,0.5,org.antlr.mojo.antlr4.Antlr4Mojo,288,0,0,0,0,0,0
Coupling Rules,method,antlr4,0.9,0.5,org.antlr.mojo.antlr4.Antlr4Mojo,288,0,0,0,0,0,0
Design Rules,method,antlr4,0.9,0.5,org.antlr.mojo.antlr4.Antlr4Mojo,288,0,0,0,0,0,0
Empty Code Rules,method,antlr4,0.9,0.5,org.antlr.mojo.antlr4.Antlr4Mojo,288,0,0,0,0,0,0
Finalizer Rules,method,antlr4,0.9,0.5,org.antlr.mojo.antlr4.Antlr4Mojo,288,0,0,0,0,0,0
Import Statement Rules,method,antlr4,0.9,0.5,org.antlr.mojo.antlr4.Antlr4Mojo,288,0,0,0,0,0,0
J2EE Rules,method,antlr4,0.9,0.5,org.antlr.mojo.antlr4.Antlr4Mojo,288,0,0,0,0,0,0
JUnit Rules,method,antlr4,0.9,0.5,org.antlr.mojo.antlr4.Antlr4Mojo,288,0,0,0,0,0,0
Jakarta Commons Logging Rules,method,antlr4,0.9,0.5,org.antlr.mojo.antlr4.Antlr4Mojo,288,0,0,0,0,0,0
Java Logging Rules,method,antlr4,0.9,0.5,org.antlr.mojo.antlr4.Antlr4Mojo,288,0,0,0,0,0,0
JavaBean Rules,method,antlr4,0.9,0.5,org.antlr.mojo.antlr4.Antlr4Mojo,288,0,0,0,0,0,0
MigratingToJUnit4 Rules,method,antlr4,0.9,0.5,org.antlr.mojo.antlr4.Antlr4Mojo,288,0,0,0,0,0,0
Migration Rules,method,antlr4,0.9,0.5,org.antlr.mojo.antlr4.Antlr4Mojo,288,0,0,0,0,0,0
Migration13 Rules,method,antlr4,0.9,0.5,org.antlr.mojo.antlr4.Antlr4Mojo,288,0,0,0,0,0,0
Migration14 Rules,method,antlr4,0.9,0.5,org.antlr.mojo.antlr4.Antlr4Mojo,288,0,0,0,0,0,0
Migration15 Rules,method,antlr4,0.9,0.5,org.antlr.mojo.antlr4.Antlr4Mojo,288,0,0,0,0,0,0
Naming Rules,method,antlr4,0.9,0.5,org.antlr.mojo.antlr4.Antlr4Mojo,288,0,0,0,0,0,0
Optimization Rules,method,antlr4,0.9,0.5,org.antlr.mojo.antlr4.Antlr4Mojo,288,0,0,0,0,0,0
Security Code Guideline Rules,method,antlr4,0.9,0.5,org.antlr.mojo.antlr4.Antlr4Mojo,288,0,0,0,0,0,0
Strict Exception Rules,method,antlr4,0.9,0.5,org.antlr.mojo.antlr4.Antlr4Mojo,288,0,0,0,0,0,0
String and StringBuffer Rules,method,antlr4,0.9,0.5,org.antlr.mojo.antlr4.Antlr4Mojo,288,0,0,0,0,0,0
Type Resolution Rules,method,antlr4,0.9,0.5,org.antlr.mojo.antlr4.Antlr4Mojo,288,0,0,0,0,0,0
Unnecessary and Unused Code Rules,method,antlr4,0.9,0.5,org.antlr.mojo.antlr4.Antlr4Mojo,288,0,0,0,0,0,0
Vulnerability Rules,method,antlr4,0.9,0.5,org.antlr.mojo.antlr4.Antlr4Mojo,288,0,0,0,0,0,0
CC,method,antlr4,0.9,0.5,org.antlr.v4.runtime.atn.ATNState,288,0,0,0,1,1,1
CCL,method,antlr4,0.9,0.5,org.antlr.v4.runtime.atn.ATNState,288,0,0,0,1,1,1
CCO,method,antlr4,0.9,0.5,org.antlr.v4.runtime.atn.ATNState,288,0,0,0,1,1,1
CI,method,antlr4,0.9,0.5,org.antlr.v4.runtime.atn.ATNState,288,0,0,0,1,1,1
CLC,method,antlr4,0.9,0.5,org.antlr.v4.runtime.atn.ATNState,288,0,0,0,1,1,1
CLLC,method,antlr4,0.9,0.5,org.antlr.v4.runtime.atn.ATNState,288,0,0,0,1,1,1
LDC,method,antlr4,0.9,0.5,org.antlr.v4.runtime.atn.ATNState,288,0,0,0,1,1,1
LLDC,method,antlr4,0.9,0.5,org.antlr.v4.runtime.atn.ATNState,288,0,0,0,1,1,1
HCPL,method,antlr4,0.9,0.5,org.antlr.v4.runtime.atn.ATNState,288,1,1,1,1,1,1
HDIF,method,antlr4,0.9,0.5,org.antlr.v4.runtime.atn.ATNState,288,1,1,1,1,1,1
HEFF,method,antlr4,0.9,0.5,org.antlr.v4.runtime.atn.ATNState,288,1,1,1,1,1,1
HNDB,method,antlr4,0.9,0.5,org.antlr.v4.runtime.atn.ATNState,288,1,1,1,1,1,1
HPL,method,antlr4,0.9,0.5,org.antlr.v4.runtime.atn.ATNState,288,1,1,1,1,1,1
HPV,method,antlr4,0.9,0.5,org.antlr.v4.runtime.atn.ATNState,288,1,1,1,1,1,1
HTRP,method,antlr4,0.9,0.5,org.antlr.v4.runtime.atn.ATNState,288,1,1,1,1,1,1
HVOL,method,antlr4,0.9,0.5,org.antlr.v4.runtime.atn.ATNState,288,1,1,1,1,1,1
MI,method,antlr4,0.9,0.5,org.antlr.v4.runtime.atn.ATNState,288,1,1,1,1,1,1
MIMS,method,antlr4,0.9,0.5,org.antlr.v4.runtime.atn.ATNState,288,1,1,1,1,1,1
MISEI,method,antlr4,0.9,0.5,org.antlr.v4.runtime.atn.ATNState,288,1,1,1,1,1,1
MISM,method,antlr4,0.9,0.5,org.antlr.v4.runtime.atn.ATNState,288,1,1,1,1,1,1
McCC,method,antlr4,0.9,0.5,org.antlr.v4.runtime.atn.ATNState,288,1,1,1,1,1,1
NL,method,antlr4,0.9,0.5,org.antlr.v4.runtime.atn.ATNState,288,1,1,1,1,1,1
NLE,method,antlr4,0.9,0.5,org.antlr.v4.runtime.atn.ATNState,288,1,1,1,1,1,1
NII,method,antlr4,0.9,0.5,org.antlr.v4.runtime.atn.ATNState,288,1,1,1,1,1,1
NOI,method,antlr4,0.9,0.5,org.antlr.v4.runtime.atn.ATNState,288,1,1,1,1,1,1
CD,method,antlr4,0.9,0.5,org.antlr.v4.runtime.atn.ATNState,288,1,1,1,1,1,1
CLOC,method,antlr4,0.9,0.5,org.antlr.v4.runtime.atn.ATNState,288,1,1,1,1,1,1
DLOC,method,antlr4,0.9,0.5,org.antlr.v4.runtime.atn.ATNState,288,0,0,0,1,1,1
TCD,method,antlr4,0.9,0.5,org.antlr.v4.runtime.atn.ATNState,288,1,1,1,1,1,1
TCLOC,method,antlr4,0.9,0.5,org.antlr.v4.runtime.atn.ATNState,288,1,1,1,1,1,1
LLOC,method,antlr4,0.9,0.5,org.antlr.v4.runtime.atn.ATNState,288,1,1,1,1,1,1
LOC,method,antlr4,0.9,0.5,org.antlr.v4.runtime.atn.ATNState,288,1,1,1,1,1,1
NOS,method,antlr4,0.9,0.5,org.antlr.v4.runtime.atn.ATNState,288,1,1,1,1,1,1
NUMPAR,method,antlr4,0.9,0.5,org.antlr.v4.runtime.atn.ATNState,288,1,1,1,1,1,1
TLLOC,method,antlr4,0.9,0.5,org.antlr.v4.runtime.atn.ATNState,288,1,1,1,1,1,1
TLOC,method,antlr4,0.9,0.5,org.antlr.v4.runtime.atn.ATNState,288,1,1,1,1,1,1
TNOS,method,antlr4,0.9,0.5,org.antlr.v4.runtime.atn.ATNState,288,0,0,0,0,0,0
WarningBlocker,method,antlr4,0.9,0.5,org.antlr.v4.runtime.atn.ATNState,288,0,0,0,0,0,0
WarningCritical,method,antlr4,0.9,0.5,org.antlr.v4.runtime.atn.ATNState,288,0,0,0,0,0,0
WarningInfo,method,antlr4,0.9,0.5,org.antlr.v4.runtime.atn.ATNState,288,0,0,0,0,0,0
WarningMajor,method,antlr4,0.9,0.5,org.antlr.v4.runtime.atn.ATNState,288,0,0,0,0,0,0
WarningMinor,method,antlr4,0.9,0.5,org.antlr.v4.runtime.atn.ATNState,288,0,0,0,0,0,0
Android Rules,method,antlr4,0.9,0.5,org.antlr.v4.runtime.atn.ATNState,288,0,0,0,0,0,0
Basic Rules,method,antlr4,0.9,0.5,org.antlr.v4.runtime.atn.ATNState,288,0,0,0,0,0,0
Brace Rules,method,antlr4,0.9,0.5,org.antlr.v4.runtime.atn.ATNState,288,0,0,0,0,0,0
Clone Implementation Rules,method,antlr4,0.9,0.5,org.antlr.v4.runtime.atn.ATNState,288,0,0,0,0,0,0
Code Size Rules,method,antlr4,0.9,0.5,org.antlr.v4.runtime.atn.ATNState,288,0,0,0,0,0,0
Comment Rules,method,antlr4,0.9,0.5,org.antlr.v4.runtime.atn.ATNState,288,0,0,0,0,0,0
Controversial Rules,method,antlr4,0.9,0.5,org.antlr.v4.runtime.atn.ATNState,288,0,0,0,0,0,0
Coupling Rules,method,antlr4,0.9,0.5,org.antlr.v4.runtime.atn.ATNState,288,0,0,0,0,0,0
Design Rules,method,antlr4,0.9,0.5,org.antlr.v4.runtime.atn.ATNState,288,0,0,0,0,0,0
Empty Code Rules,method,antlr4,0.9,0.5,org.antlr.v4.runtime.atn.ATNState,288,0,0,0,0,0,0
Finalizer Rules,method,antlr4,0.9,0.5,org.antlr.v4.runtime.atn.ATNState,288,0,0,0,0,0,0
Import Statement Rules,method,antlr4,0.9,0.5,org.antlr.v4.runtime.atn.ATNState,288,0,0,0,0,0,0
J2EE Rules,method,antlr4,0.9,0.5,org.antlr.v4.runtime.atn.ATNState,288,0,0,0,0,0,0
JUnit Rules,method,antlr4,0.9,0.5,org.antlr.v4.runtime.atn.ATNState,288,0,0,0,0,0,0
Jakarta Commons Logging Rules,method,antlr4,0.9,0.5,org.antlr.v4.runtime.atn.ATNState,288,0,0,0,0,0,0
Java Logging Rules,method,antlr4,0.9,0.5,org.antlr.v4.runtime.atn.ATNState,288,0,0,0,0,0,0
JavaBean Rules,method,antlr4,0.9,0.5,org.antlr.v4.runtime.atn.ATNState,288,0,0,0,0,0,0
MigratingToJUnit4 Rules,method,antlr4,0.9,0.5,org.antlr.v4.runtime.atn.ATNState,288,0,0,0,0,0,0
Migration Rules,method,antlr4,0.9,0.5,org.antlr.v4.runtime.atn.ATNState,288,0,0,0,0,0,0
Migration13 Rules,method,antlr4,0.9,0.5,org.antlr.v4.runtime.atn.ATNState,288,0,0,0,0,0,0
Migration14 Rules,method,antlr4,0.9,0.5,org.antlr.v4.runtime.atn.ATNState,288,0,0,0,0,0,0
Migration15 Rules,method,antlr4,0.9,0.5,org.antlr.v4.runtime.atn.ATNState,288,0,0,0,0,0,0
Naming Rules,method,antlr4,0.9,0.5,org.antlr.v4.runtime.atn.ATNState,288,0,0,0,0,0,0
Optimization Rules,method,antlr4,0.9,0.5,org.antlr.v4.runtime.atn.ATNState,288,0,0,0,0,0,0
Security Code Guideline Rules,method,antlr4,0.9,0.5,org.antlr.v4.runtime.atn.ATNState,288,0,0,0,0,0,0
Strict Exception Rules,method,antlr4,0.9,0.5,org.antlr.v4.runtime.atn.ATNState,288,0,0,0,0,0,0
String and StringBuffer Rules,method,antlr4,0.9,0.5,org.antlr.v4.runtime.atn.ATNState,288,0,0,0,0,0,0
Type Resolution Rules,method,antlr4,0.9,0.5,org.antlr.v4.runtime.atn.ATNState,288,0,0,0,0,0,0
Unnecessary and Unused Code Rules,method,antlr4,0.9,0.5,org.antlr.v4.runtime.atn.ATNState,288,0,0,0,0,0,0
Vulnerability Rules,method,antlr4,0.9,0.5,org.antlr.v4.runtime.atn.ATNState,288,0,0,0,0,0,0
CC,method,antlr4,0.9,0.5,org.antlr.v4.semantics.SemanticPipeline,288,0,0,0,1,1,1
CCL,method,antlr4,0.9,0.5,org.antlr.v4.semantics.SemanticPipeline,288,0,0,0,1,1,1
CCO,method,antlr4,0.9,0.5,org.antlr.v4.semantics.SemanticPipeline,288,0,0,0,1,1,1
CI,method,antlr4,0.9,0.5,org.antlr.v4.semantics.SemanticPipeline,288,0,0,0,1,1,1
CLC,method,antlr4,0.9,0.5,org.antlr.v4.semantics.SemanticPipeline,288,0,0,0,1,1,1
CLLC,method,antlr4,0.9,0.5,org.antlr.v4.semantics.SemanticPipeline,288,0,0,0,1,1,1
LDC,method,antlr4,0.9,0.5,org.antlr.v4.semantics.SemanticPipeline,288,0,0,0,1,1,1
LLDC,method,antlr4,0.9,0.5,org.antlr.v4.semantics.SemanticPipeline,288,0,0,0,1,1,1
HCPL,method,antlr4,0.9,0.5,org.antlr.v4.semantics.SemanticPipeline,288,1,1,1,1,1,1
HDIF,method,antlr4,0.9,0.5,org.antlr.v4.semantics.SemanticPipeline,288,1,1,1,1,1,1
HEFF,method,antlr4,0.9,0.5,org.antlr.v4.semantics.SemanticPipeline,288,1,1,1,1,1,1
HNDB,method,antlr4,0.9,0.5,org.antlr.v4.semantics.SemanticPipeline,288,1,1,1,1,1,1
HPL,method,antlr4,0.9,0.5,org.antlr.v4.semantics.SemanticPipeline,288,1,1,1,1,1,1
HPV,method,antlr4,0.9,0.5,org.antlr.v4.semantics.SemanticPipeline,288,1,1,1,1,1,1
HTRP,method,antlr4,0.9,0.5,org.antlr.v4.semantics.SemanticPipeline,288,1,1,1,1,1,1
HVOL,method,antlr4,0.9,0.5,org.antlr.v4.semantics.SemanticPipeline,288,1,1,1,1,1,1
MI,method,antlr4,0.9,0.5,org.antlr.v4.semantics.SemanticPipeline,288,1,1,1,1,1,1
MIMS,method,antlr4,0.9,0.5,org.antlr.v4.semantics.SemanticPipeline,288,1,1,1,1,1,1
MISEI,method,antlr4,0.9,0.5,org.antlr.v4.semantics.SemanticPipeline,288,1,1,1,1,1,1
MISM,method,antlr4,0.9,0.5,org.antlr.v4.semantics.SemanticPipeline,288,1,1,1,1,1,1
McCC,method,antlr4,0.9,0.5,org.antlr.v4.semantics.SemanticPipeline,288,0,0,0,1,1,1
NL,method,antlr4,0.9,0.5,org.antlr.v4.semantics.SemanticPipeline,288,0,0,0,1,1,1
NLE,method,antlr4,0.9,0.5,org.antlr.v4.semantics.SemanticPipeline,288,0,0,0,1,1,1
NII,method,antlr4,0.9,0.5,org.antlr.v4.semantics.SemanticPipeline,288,0,0,0,1,1,1
NOI,method,antlr4,0.9,0.5,org.antlr.v4.semantics.SemanticPipeline,288,1,1,1,1,1,1
CD,method,antlr4,0.9,0.5,org.antlr.v4.semantics.SemanticPipeline,288,1,1,1,1,1,1
CLOC,method,antlr4,0.9,0.5,org.antlr.v4.semantics.SemanticPipeline,288,1,1,1,1,1,1
DLOC,method,antlr4,0.9,0.5,org.antlr.v4.semantics.SemanticPipeline,288,0,0,0,1,1,1
TCD,method,antlr4,0.9,0.5,org.antlr.v4.semantics.SemanticPipeline,288,1,1,1,1,1,1
TCLOC,method,antlr4,0.9,0.5,org.antlr.v4.semantics.SemanticPipeline,288,1,1,1,1,1,1
LLOC,method,antlr4,0.9,0.5,org.antlr.v4.semantics.SemanticPipeline,288,1,1,1,1,1,1
LOC,method,antlr4,0.9,0.5,org.antlr.v4.semantics.SemanticPipeline,288,1,1,1,1,1,1
NOS,method,antlr4,0.9,0.5,org.antlr.v4.semantics.SemanticPipeline,288,1,1,1,1,1,1
NUMPAR,method,antlr4,0.9,0.5,org.antlr.v4.semantics.SemanticPipeline,288,0,0,0,1,1,1
TLLOC,method,antlr4,0.9,0.5,org.antlr.v4.semantics.SemanticPipeline,288,1,1,1,1,1,1
TLOC,method,antlr4,0.9,0.5,org.antlr.v4.semantics.SemanticPipeline,288,1,1,1,1,1,1
TNOS,method,antlr4,0.9,0.5,org.antlr.v4.semantics.SemanticPipeline,288,0,0,0,0,0,0
WarningBlocker,method,antlr4,0.9,0.5,org.antlr.v4.semantics.SemanticPipeline,288,0,0,0,0,0,0
WarningCritical,method,antlr4,0.9,0.5,org.antlr.v4.semantics.SemanticPipeline,288,0,0,0,0,0,0
WarningInfo,method,antlr4,0.9,0.5,org.antlr.v4.semantics.SemanticPipeline,288,0,0,0,0,0,0
WarningMajor,method,antlr4,0.9,0.5,org.antlr.v4.semantics.SemanticPipeline,288,0,0,0,0,0,0
WarningMinor,method,antlr4,0.9,0.5,org.antlr.v4.semantics.SemanticPipeline,288,0,0,0,0,0,0
Android Rules,method,antlr4,0.9,0.5,org.antlr.v4.semantics.SemanticPipeline,288,0,0,0,0,0,0
Basic Rules,method,antlr4,0.9,0.5,org.antlr.v4.semantics.SemanticPipeline,288,0,0,0,0,0,0
Brace Rules,method,antlr4,0.9,0.5,org.antlr.v4.semantics.SemanticPipeline,288,0,0,0,0,0,0
Clone Implementation Rules,method,antlr4,0.9,0.5,org.antlr.v4.semantics.SemanticPipeline,288,0,0,0,0,0,0
Code Size Rules,method,antlr4,0.9,0.5,org.antlr.v4.semantics.SemanticPipeline,288,0,0,0,0,0,0
Comment Rules,method,antlr4,0.9,0.5,org.antlr.v4.semantics.SemanticPipeline,288,0,0,0,0,0,0
Controversial Rules,method,antlr4,0.9,0.5,org.antlr.v4.semantics.SemanticPipeline,288,0,0,0,0,0,0
Coupling Rules,method,antlr4,0.9,0.5,org.antlr.v4.semantics.SemanticPipeline,288,0,0,0,0,0,0
Design Rules,method,antlr4,0.9,0.5,org.antlr.v4.semantics.SemanticPipeline,288,0,0,0,0,0,0
Empty Code Rules,method,antlr4,0.9,0.5,org.antlr.v4.semantics.SemanticPipeline,288,0,0,0,0,0,0
Finalizer Rules,method,antlr4,0.9,0.5,org.antlr.v4.semantics.SemanticPipeline,288,0,0,0,0,0,0
Import Statement Rules,method,antlr4,0.9,0.5,org.antlr.v4.semantics.SemanticPipeline,288,0,0,0,0,0,0
J2EE Rules,method,antlr4,0.9,0.5,org.antlr.v4.semantics.SemanticPipeline,288,0,0,0,0,0,0
JUnit Rules,method,antlr4,0.9,0.5,org.antlr.v4.semantics.SemanticPipeline,288,0,0,0,0,0,0
Jakarta Commons Logging Rules,method,antlr4,0.9,0.5,org.antlr.v4.semantics.SemanticPipeline,288,0,0,0,0,0,0
Java Logging Rules,method,antlr4,0.9,0.5,org.antlr.v4.semantics.SemanticPipeline,288,0,0,0,0,0,0
JavaBean Rules,method,antlr4,0.9,0.5,org.antlr.v4.semantics.SemanticPipeline,288,0,0,0,0,0,0
MigratingToJUnit4 Rules,method,antlr4,0.9,0.5,org.antlr.v4.semantics.SemanticPipeline,288,0,0,0,0,0,0
Migration Rules,method,antlr4,0.9,0.5,org.antlr.v4.semantics.SemanticPipeline,288,0,0,0,0,0,0
Migration13 Rules,method,antlr4,0.9,0.5,org.antlr.v4.semantics.SemanticPipeline,288,0,0,0,0,0,0
Migration14 Rules,method,antlr4,0.9,0.5,org.antlr.v4.semantics.SemanticPipeline,288,0,0,0,0,0,0
Migration15 Rules,method,antlr4,0.9,0.5,org.antlr.v4.semantics.SemanticPipeline,288,0,0,0,0,0,0
Naming Rules,method,antlr4,0.9,0.5,org.antlr.v4.semantics.SemanticPipeline,288,0,0,0,0,0,0
Optimization Rules,method,antlr4,0.9,0.5,org.antlr.v4.semantics.SemanticPipeline,288,0,0,0,0,0,0
Security Code Guideline Rules,method,antlr4,0.9,0.5,org.antlr.v4.semantics.SemanticPipeline,288,0,0,0,0,0,0
Strict Exception Rules,method,antlr4,0.9,0.5,org.antlr.v4.semantics.SemanticPipeline,288,0,0,0,0,0,0
String and StringBuffer Rules,method,antlr4,0.9,0.5,org.antlr.v4.semantics.SemanticPipeline,288,0,0,0,0,0,0
Type Resolution Rules,method,antlr4,0.9,0.5,org.antlr.v4.semantics.SemanticPipeline,288,0,0,0,0,0,0
Unnecessary and Unused Code Rules,method,antlr4,0.9,0.5,org.antlr.v4.semantics.SemanticPipeline,288,0,0,0,0,0,0
Vulnerability Rules,method,antlr4,0.9,0.5,org.antlr.v4.semantics.SemanticPipeline,288,0,0,0,0,0,0
CC,method,antlr4,0.9,0.5,org.antlr.v4.codegen.model.VisitorFile,144,0,0,0,1,1,1
CCL,method,antlr4,0.9,0.5,org.antlr.v4.codegen.model.VisitorFile,144,0,0,0,1,1,1
CCO,method,antlr4,0.9,0.5,org.antlr.v4.codegen.model.VisitorFile,144,0,0,0,1,1,1
CI,method,antlr4,0.9,0.5,org.antlr.v4.codegen.model.VisitorFile,144,0,0,0,1,1,1
CLC,method,antlr4,0.9,0.5,org.antlr.v4.codegen.model.VisitorFile,144,0,0,0,1,1,1
CLLC,method,antlr4,0.9,0.5,org.antlr.v4.codegen.model.VisitorFile,144,0,0,0,1,1,1
LDC,method,antlr4,0.9,0.5,org.antlr.v4.codegen.model.VisitorFile,144,1,1,1,1,1,1
LLDC,method,antlr4,0.9,0.5,org.antlr.v4.codegen.model.VisitorFile,144,1,1,1,1,1,1
HCPL,method,antlr4,0.9,0.5,org.antlr.v4.codegen.model.VisitorFile,144,1,1,1,1,1,1
HDIF,method,antlr4,0.9,0.5,org.antlr.v4.codegen.model.VisitorFile,144,1,1,1,1,1,1
HEFF,method,antlr4,0.9,0.5,org.antlr.v4.codegen.model.VisitorFile,144,1,1,1,1,1,1
HNDB,method,antlr4,0.9,0.5,org.antlr.v4.codegen.model.VisitorFile,144,1,1,1,1,1,1
HPL,method,antlr4,0.9,0.5,org.antlr.v4.codegen.model.VisitorFile,144,1,1,1,1,1,1
HPV,method,antlr4,0.9,0.5,org.antlr.v4.codegen.model.VisitorFile,144,1,1,1,1,1,1
HTRP,method,antlr4,0.9,0.5,org.antlr.v4.codegen.model.VisitorFile,144,1,1,1,1,1,1
HVOL,method,antlr4,0.9,0.5,org.antlr.v4.codegen.model.VisitorFile,144,1,1,1,1,1,1
MI,method,antlr4,0.9,0.5,org.antlr.v4.codegen.model.VisitorFile,144,1,1,1,1,1,1
MIMS,method,antlr4,0.9,0.5,org.antlr.v4.codegen.model.VisitorFile,144,1,1,1,1,1,1
MISEI,method,antlr4,0.9,0.5,org.antlr.v4.codegen.model.VisitorFile,144,1,1,1,1,1,1
MISM,method,antlr4,0.9,0.5,org.antlr.v4.codegen.model.VisitorFile,144,1,1,1,1,1,1
McCC,method,antlr4,0.9,0.5,org.antlr.v4.codegen.model.VisitorFile,144,0,0,0,1,1,1
NL,method,antlr4,0.9,0.5,org.antlr.v4.codegen.model.VisitorFile,144,0,0,0,1,1,1
NLE,method,antlr4,0.9,0.5,org.antlr.v4.codegen.model.VisitorFile,144,0,0,0,1,1,1
NII,method,antlr4,0.9,0.5,org.antlr.v4.codegen.model.VisitorFile,144,0,0,0,1,1,1
NOI,method,antlr4,0.9,0.5,org.antlr.v4.codegen.model.VisitorFile,144,0,0,0,1,1,1
CD,method,antlr4,0.9,0.5,org.antlr.v4.codegen.model.VisitorFile,144,1,1,1,1,1,1
CLOC,method,antlr4,0.9,0.5,org.antlr.v4.codegen.model.VisitorFile,144,0,0,0,1,1,1
DLOC,method,antlr4,0.9,0.5,org.antlr.v4.codegen.model.VisitorFile,144,0,0,0,1,1,1
TCD,method,antlr4,0.9,0.5,org.antlr.v4.codegen.model.VisitorFile,144,1,1,1,1,1,1
TCLOC,method,antlr4,0.9,0.5,org.antlr.v4.codegen.model.VisitorFile,144,0,0,0,1,1,1
LLOC,method,antlr4,0.9,0.5,org.antlr.v4.codegen.model.VisitorFile,144,1,1,1,1,1,1
LOC,method,antlr4,0.9,0.5,org.antlr.v4.codegen.model.VisitorFile,144,1,1,1,1,1,1
NOS,method,antlr4,0.9,0.5,org.antlr.v4.codegen.model.VisitorFile,144,1,1,1,1,1,1
NUMPAR,method,antlr4,0.9,0.5,org.antlr.v4.codegen.model.VisitorFile,144,0,0,0,1,1,1
TLLOC,method,antlr4,0.9,0.5,org.antlr.v4.codegen.model.VisitorFile,144,1,1,1,1,1,1
TLOC,method,antlr4,0.9,0.5,org.antlr.v4.codegen.model.VisitorFile,144,1,1,1,1,1,1
TNOS,method,antlr4,0.9,0.5,org.antlr.v4.codegen.model.VisitorFile,144,0,0,0,0,0,0
WarningBlocker,method,antlr4,0.9,0.5,org.antlr.v4.codegen.model.VisitorFile,144,0,0,0,0,0,0
WarningCritical,method,antlr4,0.9,0.5,org.antlr.v4.codegen.model.VisitorFile,144,0,0,0,0,0,0
WarningInfo,method,antlr4,0.9,0.5,org.antlr.v4.codegen.model.VisitorFile,144,0,0,0,0,0,0
WarningMajor,method,antlr4,0.9,0.5,org.antlr.v4.codegen.model.VisitorFile,144,0,0,0,0,0,0
WarningMinor,method,antlr4,0.9,0.5,org.antlr.v4.codegen.model.VisitorFile,144,0,0,0,0,0,0
Android Rules,method,antlr4,0.9,0.5,org.antlr.v4.codegen.model.VisitorFile,144,0,0,0,0,0,0
Basic Rules,method,antlr4,0.9,0.5,org.antlr.v4.codegen.model.VisitorFile,144,0,0,0,0,0,0
Brace Rules,method,antlr4,0.9,0.5,org.antlr.v4.codegen.model.VisitorFile,144,0,0,0,0,0,0
Clone Implementation Rules,method,antlr4,0.9,0.5,org.antlr.v4.codegen.model.VisitorFile,144,0,0,0,0,0,0
Code Size Rules,method,antlr4,0.9,0.5,org.antlr.v4.codegen.model.VisitorFile,144,0,0,0,0,0,0
Comment Rules,method,antlr4,0.9,0.5,org.antlr.v4.codegen.model.VisitorFile,144,0,0,0,0,0,0
Controversial Rules,method,antlr4,0.9,0.5,org.antlr.v4.codegen.model.VisitorFile,144,0,0,0,0,0,0
Coupling Rules,method,antlr4,0.9,0.5,org.antlr.v4.codegen.model.VisitorFile,144,0,0,0,0,0,0
Design Rules,method,antlr4,0.9,0.5,org.antlr.v4.codegen.model.VisitorFile,144,0,0,0,0,0,0
Empty Code Rules,method,antlr4,0.9,0.5,org.antlr.v4.codegen.model.VisitorFile,144,0,0,0,0,0,0
Finalizer Rules,method,antlr4,0.9,0.5,org.antlr.v4.codegen.model.VisitorFile,144,0,0,0,0,0,0
Import Statement Rules,method,antlr4,0.9,0.5,org.antlr.v4.codegen.model.VisitorFile,144,0,0,0,0,0,0
J2EE Rules,method,antlr4,0.9,0.5,org.antlr.v4.codegen.model.VisitorFile,144,0,0,0,0,0,0
JUnit Rules,method,antlr4,0.9,0.5,org.antlr.v4.codegen.model.VisitorFile,144,0,0,0,0,0,0
Jakarta Commons Logging Rules,method,antlr4,0.9,0.5,org.antlr.v4.codegen.model.VisitorFile,144,0,0,0,0,0,0
Java Logging Rules,method,antlr4,0.9,0.5,org.antlr.v4.codegen.model.VisitorFile,144,0,0,0,0,0,0
JavaBean Rules,method,antlr4,0.9,0.5,org.antlr.v4.codegen.model.VisitorFile,144,0,0,0,0,0,0
MigratingToJUnit4 Rules,method,antlr4,0.9,0.5,org.antlr.v4.codegen.model.VisitorFile,144,0,0,0,0,0,0
Migration Rules,method,antlr4,0.9,0.5,org.antlr.v4.codegen.model.VisitorFile,144,0,0,0,0,0,0
Migration13 Rules,method,antlr4,0.9,0.5,org.antlr.v4.codegen.model.VisitorFile,144,0,0,0,0,0,0
Migration14 Rules,method,antlr4,0.9,0.5,org.antlr.v4.codegen.model.VisitorFile,144,0,0,0,0,0,0
Migration15 Rules,method,antlr4,0.9,0.5,org.antlr.v4.codegen.model.VisitorFile,144,0,0,0,0,0,0
Naming Rules,method,antlr4,0.9,0.5,org.antlr.v4.codegen.model.VisitorFile,144,0,0,0,0,0,0
Optimization Rules,method,antlr4,0.9,0.5,org.antlr.v4.codegen.model.VisitorFile,144,0,0,0,0,0,0
Security Code Guideline Rules,method,antlr4,0.9,0.5,org.antlr.v4.codegen.model.VisitorFile,144,0,0,0,0,0,0
Strict Exception Rules,method,antlr4,0.9,0.5,org.antlr.v4.codegen.model.VisitorFile,144,0,0,0,0,0,0
String and StringBuffer Rules,method,antlr4,0.9,0.5,org.antlr.v4.codegen.model.VisitorFile,144,0,0,0,0,0,0
Type Resolution Rules,method,antlr4,0.9,0.5,org.antlr.v4.codegen.model.VisitorFile,144,0,0,0,0,0,0
Unnecessary and Unused Code Rules,method,antlr4,0.9,0.5,org.antlr.v4.codegen.model.VisitorFile,144,0,0,0,0,0,0
Vulnerability Rules,method,antlr4,0.9,0.5,org.antlr.v4.codegen.model.VisitorFile,144,0,0,0,0,0,0
CC,method,antlr4,0.9,0.5,org.antlr.v4.runtime.TokenStreamRewriter,288,0,0,0,1,1,1
CCL,method,antlr4,0.9,0.5,org.antlr.v4.runtime.TokenStreamRewriter,288,0,0,0,1,1,1
CCO,method,antlr4,0.9,0.5,org.antlr.v4.runtime.TokenStreamRewriter,288,0,0,0,1,1,1
CI,method,antlr4,0.9,0.5,org.antlr.v4.runtime.TokenStreamRewriter,288,0,0,0,1,1,1
CLC,method,antlr4,0.9,0.5,org.antlr.v4.runtime.TokenStreamRewriter,288,0,0,0,1,1,1
CLLC,method,antlr4,0.9,0.5,org.antlr.v4.runtime.TokenStreamRewriter,288,0,0,0,1,1,1
LDC,method,antlr4,0.9,0.5,org.antlr.v4.runtime.TokenStreamRewriter,288,0,0,0,1,1,1
LLDC,method,antlr4,0.9,0.5,org.antlr.v4.runtime.TokenStreamRewriter,288,0,0,0,1,1,1
HCPL,method,antlr4,0.9,0.5,org.antlr.v4.runtime.TokenStreamRewriter,288,1,1,1,1,1,1
HDIF,method,antlr4,0.9,0.5,org.antlr.v4.runtime.TokenStreamRewriter,288,1,1,1,1,1,1
HEFF,method,antlr4,0.9,0.5,org.antlr.v4.runtime.TokenStreamRewriter,288,1,1,1,1,1,1
HNDB,method,antlr4,0.9,0.5,org.antlr.v4.runtime.TokenStreamRewriter,288,1,1,1,1,1,1
HPL,method,antlr4,0.9,0.5,org.antlr.v4.runtime.TokenStreamRewriter,288,1,1,1,1,1,1
HPV,method,antlr4,0.9,0.5,org.antlr.v4.runtime.TokenStreamRewriter,288,1,1,1,1,1,1
HTRP,method,antlr4,0.9,0.5,org.antlr.v4.runtime.TokenStreamRewriter,288,1,1,1,1,1,1
HVOL,method,antlr4,0.9,0.5,org.antlr.v4.runtime.TokenStreamRewriter,288,1,1,1,1,1,1
MI,method,antlr4,0.9,0.5,org.antlr.v4.runtime.TokenStreamRewriter,288,1,1,1,1,1,1
MIMS,method,antlr4,0.9,0.5,org.antlr.v4.runtime.TokenStreamRewriter,288,1,1,1,1,1,1
MISEI,method,antlr4,0.9,0.5,org.antlr.v4.runtime.TokenStreamRewriter,288,1,1,1,1,1,1
MISM,method,antlr4,0.9,0.5,org.antlr.v4.runtime.TokenStreamRewriter,288,1,1,1,1,1,1
McCC,method,antlr4,0.9,0.5,org.antlr.v4.runtime.TokenStreamRewriter,288,1,1,1,1,1,1
NL,method,antlr4,0.9,0.5,org.antlr.v4.runtime.TokenStreamRewriter,288,1,1,1,1,1,1
NLE,method,antlr4,0.9,0.5,org.antlr.v4.runtime.TokenStreamRewriter,288,1,1,1,1,1,1
NII,method,antlr4,0.9,0.5,org.antlr.v4.runtime.TokenStreamRewriter,288,1,1,1,1,1,1
NOI,method,antlr4,0.9,0.5,org.antlr.v4.runtime.TokenStreamRewriter,288,0,0,0,1,1,1
CD,method,antlr4,0.9,0.5,org.antlr.v4.runtime.TokenStreamRewriter,288,1,1,1,1,1,1
CLOC,method,antlr4,0.9,0.5,org.antlr.v4.runtime.TokenStreamRewriter,288,1,1,1,1,1,1
DLOC,method,antlr4,0.9,0.5,org.antlr.v4.runtime.TokenStreamRewriter,288,1,1,1,1,1,1
TCD,method,antlr4,0.9,0.5,org.antlr.v4.runtime.TokenStreamRewriter,288,1,1,1,1,1,1
TCLOC,method,antlr4,0.9,0.5,org.antlr.v4.runtime.TokenStreamRewriter,288,1,1,1,1,1,1
LLOC,method,antlr4,0.9,0.5,org.antlr.v4.runtime.TokenStreamRewriter,288,1,1,1,1,1,1
LOC,method,antlr4,0.9,0.5,org.antlr.v4.runtime.TokenStreamRewriter,288,1,1,1,1,1,1
NOS,method,antlr4,0.9,0.5,org.antlr.v4.runtime.TokenStreamRewriter,288,1,1,1,1,1,1
NUMPAR,method,antlr4,0.9,0.5,org.antlr.v4.runtime.TokenStreamRewriter,288,1,1,1,1,1,1
TLLOC,method,antlr4,0.9,0.5,org.antlr.v4.runtime.TokenStreamRewriter,288,1,1,1,1,1,1
TLOC,method,antlr4,0.9,0.5,org.antlr.v4.runtime.TokenStreamRewriter,288,1,1,1,1,1,1
TNOS,method,antlr4,0.9,0.5,org.antlr.v4.runtime.TokenStreamRewriter,288,0,0,0,0,0,0
WarningBlocker,method,antlr4,0.9,0.5,org.antlr.v4.runtime.TokenStreamRewriter,288,0,0,0,0,0,0
WarningCritical,method,antlr4,0.9,0.5,org.antlr.v4.runtime.TokenStreamRewriter,288,0,0,0,0,0,0
WarningInfo,method,antlr4,0.9,0.5,org.antlr.v4.runtime.TokenStreamRewriter,288,0,0,0,0,0,0
WarningMajor,method,antlr4,0.9,0.5,org.antlr.v4.runtime.TokenStreamRewriter,288,0,0,0,0,0,0
WarningMinor,method,antlr4,0.9,0.5,org.antlr.v4.runtime.TokenStreamRewriter,288,0,0,0,0,0,0
Android Rules,method,antlr4,0.9,0.5,org.antlr.v4.runtime.TokenStreamRewriter,288,0,0,0,0,0,0
Basic Rules,method,antlr4,0.9,0.5,org.antlr.v4.runtime.TokenStreamRewriter,288,0,0,0,0,0,0
Brace Rules,method,antlr4,0.9,0.5,org.antlr.v4.runtime.TokenStreamRewriter,288,0,0,0,0,0,0
Clone Implementation Rules,method,antlr4,0.9,0.5,org.antlr.v4.runtime.TokenStreamRewriter,288,0,0,0,0,0,0
Code Size Rules,method,antlr4,0.9,0.5,org.antlr.v4.runtime.TokenStreamRewriter,288,0,0,0,0,0,0
Comment Rules,method,antlr4,0.9,0.5,org.antlr.v4.runtime.TokenStreamRewriter,288,0,0,0,0,0,0
Controversial Rules,method,antlr4,0.9,0.5,org.antlr.v4.runtime.TokenStreamRewriter,288,0,0,0,0,0,0
Coupling Rules,method,antlr4,0.9,0.5,org.antlr.v4.runtime.TokenStreamRewriter,288,0,0,0,0,0,0
Design Rules,method,antlr4,0.9,0.5,org.antlr.v4.runtime.TokenStreamRewriter,288,0,0,0,0,0,0
Empty Code Rules,method,antlr4,0.9,0.5,org.antlr.v4.runtime.TokenStreamRewriter,288,0,0,0,0,0,0
Finalizer Rules,method,antlr4,0.9,0.5,org.antlr.v4.runtime.TokenStreamRewriter,288,0,0,0,0,0,0
Import Statement Rules,method,antlr4,0.9,0.5,org.antlr.v4.runtime.TokenStreamRewriter,288,0,0,0,0,0,0
J2EE Rules,method,antlr4,0.9,0.5,org.antlr.v4.runtime.TokenStreamRewriter,288,0,0,0,0,0,0
JUnit Rules,method,antlr4,0.9,0.5,org.antlr.v4.runtime.TokenStreamRewriter,288,0,0,0,0,0,0
Jakarta Commons Logging Rules,method,antlr4,0.9,0.5,org.antlr.v4.runtime.TokenStreamRewriter,288,0,0,0,0,0,0
Java Logging Rules,method,antlr4,0.9,0.5,org.antlr.v4.runtime.TokenStreamRewriter,288,0,0,0,0,0,0
JavaBean Rules,method,antlr4,0.9,0.5,org.antlr.v4.runtime.TokenStreamRewriter,288,0,0,0,0,0,0
MigratingToJUnit4 Rules,method,antlr4,0.9,0.5,org.antlr.v4.runtime.TokenStreamRewriter,288,0,0,0,0,0,0
Migration Rules,method,antlr4,0.9,0.5,org.antlr.v4.runtime.TokenStreamRewriter,288,0,0,0,0,0,0
Migration13 Rules,method,antlr4,0.9,0.5,org.antlr.v4.runtime.TokenStreamRewriter,288,0,0,0,0,0,0
Migration14 Rules,method,antlr4,0.9,0.5,org.antlr.v4.runtime.TokenStreamRewriter,288,0,0,0,0,0,0
Migration15 Rules,method,antlr4,0.9,0.5,org.antlr.v4.runtime.TokenStreamRewriter,288,0,0,0,0,0,0
Naming Rules,method,antlr4,0.9,0.5,org.antlr.v4.runtime.TokenStreamRewriter,288,0,0,0,0,0,0
Optimization Rules,method,antlr4,0.9,0.5,org.antlr.v4.runtime.TokenStreamRewriter,288,0,0,0,0,0,0
Security Code Guideline Rules,method,antlr4,0.9,0.5,org.antlr.v4.runtime.TokenStreamRewriter,288,0,0,0,0,0,0
Strict Exception Rules,method,antlr4,0.9,0.5,org.antlr.v4.runtime.TokenStreamRewriter,288,0,0,0,0,0,0
String and StringBuffer Rules,method,antlr4,0.9,0.5,org.antlr.v4.runtime.TokenStreamRewriter,288,0,0,0,0,0,0
Type Resolution Rules,method,antlr4,0.9,0.5,org.antlr.v4.runtime.TokenStreamRewriter,288,0,0,0,0,0,0
Unnecessary and Unused Code Rules,method,antlr4,0.9,0.5,org.antlr.v4.runtime.TokenStreamRewriter,288,0,0,0,0,0,0
Vulnerability Rules,method,antlr4,0.9,0.5,org.antlr.v4.runtime.TokenStreamRewriter,288,0,0,0,0,0,0
CC,method,antlr4,0.9,0.5,org.antlr.v4.codegen.target.Python3Target,144,0,0,0,1,1,1
CCL,method,antlr4,0.9,0.5,org.antlr.v4.codegen.target.Python3Target,144,0,0,0,1,1,1
CCO,method,antlr4,0.9,0.5,org.antlr.v4.codegen.target.Python3Target,144,0,0,0,1,1,1
CI,method,antlr4,0.9,0.5,org.antlr.v4.codegen.target.Python3Target,144,0,0,0,1,1,1
CLC,method,antlr4,0.9,0.5,org.antlr.v4.codegen.target.Python3Target,144,0,0,0,1,1,1
CLLC,method,antlr4,0.9,0.5,org.antlr.v4.codegen.target.Python3Target,144,0,0,0,1,1,1
LDC,method,antlr4,0.9,0.5,org.antlr.v4.codegen.target.Python3Target,144,0,0,0,1,1,1
LLDC,method,antlr4,0.9,0.5,org.antlr.v4.codegen.target.Python3Target,144,0,0,0,1,1,1
HCPL,method,antlr4,0.9,0.5,org.antlr.v4.codegen.target.Python3Target,144,1,1,1,1,1,1
HDIF,method,antlr4,0.9,0.5,org.antlr.v4.codegen.target.Python3Target,144,1,1,1,1,1,1
HEFF,method,antlr4,0.9,0.5,org.antlr.v4.codegen.target.Python3Target,144,1,1,1,1,1,1
HNDB,method,antlr4,0.9,0.5,org.antlr.v4.codegen.target.Python3Target,144,1,1,1,1,1,1
HPL,method,antlr4,0.9,0.5,org.antlr.v4.codegen.target.Python3Target,144,0,0,0,1,1,1
HPV,method,antlr4,0.9,0.5,org.antlr.v4.codegen.target.Python3Target,144,0,0,0,1,1,1
HTRP,method,antlr4,0.9,0.5,org.antlr.v4.codegen.target.Python3Target,144,1,1,1,1,1,1
HVOL,method,antlr4,0.9,0.5,org.antlr.v4.codegen.target.Python3Target,144,0,0,0,1,1,1
MI,method,antlr4,0.9,0.5,org.antlr.v4.codegen.target.Python3Target,144,0,0,0,1,1,1
MIMS,method,antlr4,0.9,0.5,org.antlr.v4.codegen.target.Python3Target,144,0,0,0,1,1,1
MISEI,method,antlr4,0.9,0.5,org.antlr.v4.codegen.target.Python3Target,144,0,0,0,1,1,1
MISM,method,antlr4,0.9,0.5,org.antlr.v4.codegen.target.Python3Target,144,0,0,0,1,1,1
McCC,method,antlr4,0.9,0.5,org.antlr.v4.codegen.target.Python3Target,144,0,0,0,1,1,1
NL,method,antlr4,0.9,0.5,org.antlr.v4.codegen.target.Python3Target,144,0,0,0,1,1,1
NLE,method,antlr4,0.9,0.5,org.antlr.v4.codegen.target.Python3Target,144,0,0,0,1,1,1
NII,method,antlr4,0.9,0.5,org.antlr.v4.codegen.target.Python3Target,144,0,0,0,1,1,1
NOI,method,antlr4,0.9,0.5,org.antlr.v4.codegen.target.Python3Target,144,0,0,0,1,1,1
CD,method,antlr4,0.9,0.5,org.antlr.v4.codegen.target.Python3Target,144,0,0,0,1,1,1
CLOC,method,antlr4,0.9,0.5,org.antlr.v4.codegen.target.Python3Target,144,0,0,0,1,1,1
DLOC,method,antlr4,0.9,0.5,org.antlr.v4.codegen.target.Python3Target,144,0,0,0,1,1,1
TCD,method,antlr4,0.9,0.5,org.antlr.v4.codegen.target.Python3Target,144,0,0,0,1,1,1
TCLOC,method,antlr4,0.9,0.5,org.antlr.v4.codegen.target.Python3Target,144,0,0,0,1,1,1
LLOC,method,antlr4,0.9,0.5,org.antlr.v4.codegen.target.Python3Target,144,0,0,0,1,1,1
LOC,method,antlr4,0.9,0.5,org.antlr.v4.codegen.target.Python3Target,144,0,0,0,1,1,1
NOS,method,antlr4,0.9,0.5,org.antlr.v4.codegen.target.Python3Target,144,0,0,0,1,1,1
NUMPAR,method,antlr4,0.9,0.5,org.antlr.v4.codegen.target.Python3Target,144,0,0,0,1,1,1
TLLOC,method,antlr4,0.9,0.5,org.antlr.v4.codegen.target.Python3Target,144,0,0,0,1,1,1
TLOC,method,antlr4,0.9,0.5,org.antlr.v4.codegen.target.Python3Target,144,0,0,0,1,1,1
TNOS,method,antlr4,0.9,0.5,org.antlr.v4.codegen.target.Python3Target,144,0,0,0,0,0,0
WarningBlocker,method,antlr4,0.9,0.5,org.antlr.v4.codegen.target.Python3Target,144,0,0,0,0,0,0
WarningCritical,method,antlr4,0.9,0.5,org.antlr.v4.codegen.target.Python3Target,144,0,0,0,0,0,0
WarningInfo,method,antlr4,0.9,0.5,org.antlr.v4.codegen.target.Python3Target,144,0,0,0,0,0,0
WarningMajor,method,antlr4,0.9,0.5,org.antlr.v4.codegen.target.Python3Target,144,0,0,0,0,0,0
WarningMinor,method,antlr4,0.9,0.5,org.antlr.v4.codegen.target.Python3Target,144,0,0,0,0,0,0
Android Rules,method,antlr4,0.9,0.5,org.antlr.v4.codegen.target.Python3Target,144,0,0,0,0,0,0
Basic Rules,method,antlr4,0.9,0.5,org.antlr.v4.codegen.target.Python3Target,144,0,0,0,0,0,0
Brace Rules,method,antlr4,0.9,0.5,org.antlr.v4.codegen.target.Python3Target,144,0,0,0,0,0,0
Clone Implementation Rules,method,antlr4,0.9,0.5,org.antlr.v4.codegen.target.Python3Target,144,0,0,0,0,0,0
Code Size Rules,method,antlr4,0.9,0.5,org.antlr.v4.codegen.target.Python3Target,144,0,0,0,0,0,0
Comment Rules,method,antlr4,0.9,0.5,org.antlr.v4.codegen.target.Python3Target,144,0,0,0,0,0,0
Controversial Rules,method,antlr4,0.9,0.5,org.antlr.v4.codegen.target.Python3Target,144,0,0,0,0,0,0
Coupling Rules,method,antlr4,0.9,0.5,org.antlr.v4.codegen.target.Python3Target,144,0,0,0,0,0,0
Design Rules,method,antlr4,0.9,0.5,org.antlr.v4.codegen.target.Python3Target,144,0,0,0,0,0,0
Empty Code Rules,method,antlr4,0.9,0.5,org.antlr.v4.codegen.target.Python3Target,144,0,0,0,0,0,0
Finalizer Rules,method,antlr4,0.9,0.5,org.antlr.v4.codegen.target.Python3Target,144,0,0,0,0,0,0
Import Statement Rules,method,antlr4,0.9,0.5,org.antlr.v4.codegen.target.Python3Target,144,0,0,0,0,0,0
J2EE Rules,method,antlr4,0.9,0.5,org.antlr.v4.codegen.target.Python3Target,144,0,0,0,0,0,0
JUnit Rules,method,antlr4,0.9,0.5,org.antlr.v4.codegen.target.Python3Target,144,0,0,0,0,0,0
Jakarta Commons Logging Rules,method,antlr4,0.9,0.5,org.antlr.v4.codegen.target.Python3Target,144,0,0,0,0,0,0
Java Logging Rules,method,antlr4,0.9,0.5,org.antlr.v4.codegen.target.Python3Target,144,0,0,0,0,0,0
JavaBean Rules,method,antlr4,0.9,0.5,org.antlr.v4.codegen.target.Python3Target,144,0,0,0,0,0,0
MigratingToJUnit4 Rules,method,antlr4,0.9,0.5,org.antlr.v4.codegen.target.Python3Target,144,0,0,0,0,0,0
Migration Rules,method,antlr4,0.9,0.5,org.antlr.v4.codegen.target.Python3Target,144,0,0,0,0,0,0
Migration13 Rules,method,antlr4,0.9,0.5,org.antlr.v4.codegen.target.Python3Target,144,0,0,0,0,0,0
Migration14 Rules,method,antlr4,0.9,0.5,org.antlr.v4.codegen.target.Python3Target,144,0,0,0,0,0,0
Migration15 Rules,method,antlr4,0.9,0.5,org.antlr.v4.codegen.target.Python3Target,144,0,0,0,0,0,0
Naming Rules,method,antlr4,0.9,0.5,org.antlr.v4.codegen.target.Python3Target,144,0,0,0,0,0,0
Optimization Rules,method,antlr4,0.9,0.5,org.antlr.v4.codegen.target.Python3Target,144,0,0,0,0,0,0
Security Code Guideline Rules,method,antlr4,0.9,0.5,org.antlr.v4.codegen.target.Python3Target,144,0,0,0,0,0,0
Strict Exception Rules,method,antlr4,0.9,0.5,org.antlr.v4.codegen.target.Python3Target,144,0,0,0,0,0,0
String and StringBuffer Rules,method,antlr4,0.9,0.5,org.antlr.v4.codegen.target.Python3Target,144,0,0,0,0,0,0
Type Resolution Rules,method,antlr4,0.9,0.5,org.antlr.v4.codegen.target.Python3Target,144,0,0,0,0,0,0
Unnecessary and Unused Code Rules,method,antlr4,0.9,0.5,org.antlr.v4.codegen.target.Python3Target,144,0,0,0,0,0,0
Vulnerability Rules,method,antlr4,0.9,0.5,org.antlr.v4.codegen.target.Python3Target,144,0,0,0,0,0,0
CC,method,antlr4,0.9,0.5,org.antlr.v4.test.runtime.BaseRuntimeTest,144,0,0,0,1,1,1
CCL,method,antlr4,0.9,0.5,org.antlr.v4.test.runtime.BaseRuntimeTest,144,0,0,0,1,1,1
CCO,method,antlr4,0.9,0.5,org.antlr.v4.test.runtime.BaseRuntimeTest,144,0,0,0,1,1,1
CI,method,antlr4,0.9,0.5,org.antlr.v4.test.runtime.BaseRuntimeTest,144,0,0,0,1,1,1
CLC,method,antlr4,0.9,0.5,org.antlr.v4.test.runtime.BaseRuntimeTest,144,0,0,0,1,1,1
CLLC,method,antlr4,0.9,0.5,org.antlr.v4.test.runtime.BaseRuntimeTest,144,0,0,0,1,1,1
LDC,method,antlr4,0.9,0.5,org.antlr.v4.test.runtime.BaseRuntimeTest,144,0,0,0,1,1,1
LLDC,method,antlr4,0.9,0.5,org.antlr.v4.test.runtime.BaseRuntimeTest,144,0,0,0,1,1,1
HCPL,method,antlr4,0.9,0.5,org.antlr.v4.test.runtime.BaseRuntimeTest,144,0,0,0,1,1,1
HDIF,method,antlr4,0.9,0.5,org.antlr.v4.test.runtime.BaseRuntimeTest,144,0,0,0,1,1,1
HEFF,method,antlr4,0.9,0.5,org.antlr.v4.test.runtime.BaseRuntimeTest,144,0,0,0,1,1,1
HNDB,method,antlr4,0.9,0.5,org.antlr.v4.test.runtime.BaseRuntimeTest,144,0,0,0,1,1,1
HPL,method,antlr4,0.9,0.5,org.antlr.v4.test.runtime.BaseRuntimeTest,144,0,0,0,1,1,1
HPV,method,antlr4,0.9,0.5,org.antlr.v4.test.runtime.BaseRuntimeTest,144,0,0,0,1,1,1
HTRP,method,antlr4,0.9,0.5,org.antlr.v4.test.runtime.BaseRuntimeTest,144,0,0,0,1,1,1
HVOL,method,antlr4,0.9,0.5,org.antlr.v4.test.runtime.BaseRuntimeTest,144,0,0,0,1,1,1
MI,method,antlr4,0.9,0.5,org.antlr.v4.test.runtime.BaseRuntimeTest,144,0,0,0,1,1,1
MIMS,method,antlr4,0.9,0.5,org.antlr.v4.test.runtime.BaseRuntimeTest,144,0,0,0,1,1,1
MISEI,method,antlr4,0.9,0.5,org.antlr.v4.test.runtime.BaseRuntimeTest,144,1,1,1,1,1,1
MISM,method,antlr4,0.9,0.5,org.antlr.v4.test.runtime.BaseRuntimeTest,144,1,1,1,1,1,1
McCC,method,antlr4,0.9,0.5,org.antlr.v4.test.runtime.BaseRuntimeTest,144,0,0,0,1,1,1
NL,method,antlr4,0.9,0.5,org.antlr.v4.test.runtime.BaseRuntimeTest,144,0,0,0,1,1,1
NLE,method,antlr4,0.9,0.5,org.antlr.v4.test.runtime.BaseRuntimeTest,144,0,0,0,1,1,1
NII,method,antlr4,0.9,0.5,org.antlr.v4.test.runtime.BaseRuntimeTest,144,0,0,0,1,1,1
NOI,method,antlr4,0.9,0.5,org.antlr.v4.test.runtime.BaseRuntimeTest,144,0,0,0,1,1,1
CD,method,antlr4,0.9,0.5,org.antlr.v4.test.runtime.BaseRuntimeTest,144,1,1,1,1,1,1
CLOC,method,antlr4,0.9,0.5,org.antlr.v4.test.runtime.BaseRuntimeTest,144,1,1,1,1,1,1
DLOC,method,antlr4,0.9,0.5,org.antlr.v4.test.runtime.BaseRuntimeTest,144,0,0,0,1,1,1
TCD,method,antlr4,0.9,0.5,org.antlr.v4.test.runtime.BaseRuntimeTest,144,1,1,1,1,1,1
TCLOC,method,antlr4,0.9,0.5,org.antlr.v4.test.runtime.BaseRuntimeTest,144,1,1,1,1,1,1
LLOC,method,antlr4,0.9,0.5,org.antlr.v4.test.runtime.BaseRuntimeTest,144,0,0,0,1,1,1
LOC,method,antlr4,0.9,0.5,org.antlr.v4.test.runtime.BaseRuntimeTest,144,1,1,1,1,1,1
NOS,method,antlr4,0.9,0.5,org.antlr.v4.test.runtime.BaseRuntimeTest,144,0,0,0,1,1,1
NUMPAR,method,antlr4,0.9,0.5,org.antlr.v4.test.runtime.BaseRuntimeTest,144,0,0,0,1,1,1
TLLOC,method,antlr4,0.9,0.5,org.antlr.v4.test.runtime.BaseRuntimeTest,144,0,0,0,1,1,1
TLOC,method,antlr4,0.9,0.5,org.antlr.v4.test.runtime.BaseRuntimeTest,144,1,1,1,1,1,1
TNOS,method,antlr4,0.9,0.5,org.antlr.v4.test.runtime.BaseRuntimeTest,144,0,0,0,0,0,0
WarningBlocker,method,antlr4,0.9,0.5,org.antlr.v4.test.runtime.BaseRuntimeTest,144,0,0,0,0,0,0
WarningCritical,method,antlr4,0.9,0.5,org.antlr.v4.test.runtime.BaseRuntimeTest,144,0,0,0,0,0,0
WarningInfo,method,antlr4,0.9,0.5,org.antlr.v4.test.runtime.BaseRuntimeTest,144,0,0,0,0,0,0
WarningMajor,method,antlr4,0.9,0.5,org.antlr.v4.test.runtime.BaseRuntimeTest,144,0,0,0,0,0,0
WarningMinor,method,antlr4,0.9,0.5,org.antlr.v4.test.runtime.BaseRuntimeTest,144,0,0,0,0,0,0
Android Rules,method,antlr4,0.9,0.5,org.antlr.v4.test.runtime.BaseRuntimeTest,144,0,0,0,0,0,0
Basic Rules,method,antlr4,0.9,0.5,org.antlr.v4.test.runtime.BaseRuntimeTest,144,0,0,0,0,0,0
Brace Rules,method,antlr4,0.9,0.5,org.antlr.v4.test.runtime.BaseRuntimeTest,144,0,0,0,0,0,0
Clone Implementation Rules,method,antlr4,0.9,0.5,org.antlr.v4.test.runtime.BaseRuntimeTest,144,0,0,0,0,0,0
Code Size Rules,method,antlr4,0.9,0.5,org.antlr.v4.test.runtime.BaseRuntimeTest,144,0,0,0,0,0,0
Comment Rules,method,antlr4,0.9,0.5,org.antlr.v4.test.runtime.BaseRuntimeTest,144,0,0,0,0,0,0
Controversial Rules,method,antlr4,0.9,0.5,org.antlr.v4.test.runtime.BaseRuntimeTest,144,0,0,0,0,0,0
Coupling Rules,method,antlr4,0.9,0.5,org.antlr.v4.test.runtime.BaseRuntimeTest,144,0,0,0,0,0,0
Design Rules,method,antlr4,0.9,0.5,org.antlr.v4.test.runtime.BaseRuntimeTest,144,0,0,0,0,0,0
Empty Code Rules,method,antlr4,0.9,0.5,org.antlr.v4.test.runtime.BaseRuntimeTest,144,0,0,0,0,0,0
Finalizer Rules,method,antlr4,0.9,0.5,org.antlr.v4.test.runtime.BaseRuntimeTest,144,0,0,0,0,0,0
Import Statement Rules,method,antlr4,0.9,0.5,org.antlr.v4.test.runtime.BaseRuntimeTest,144,0,0,0,0,0,0
J2EE Rules,method,antlr4,0.9,0.5,org.antlr.v4.test.runtime.BaseRuntimeTest,144,0,0,0,0,0,0
JUnit Rules,method,antlr4,0.9,0.5,org.antlr.v4.test.runtime.BaseRuntimeTest,144,0,0,0,0,0,0
Jakarta Commons Logging Rules,method,antlr4,0.9,0.5,org.antlr.v4.test.runtime.BaseRuntimeTest,144,0,0,0,0,0,0
Java Logging Rules,method,antlr4,0.9,0.5,org.antlr.v4.test.runtime.BaseRuntimeTest,144,0,0,0,0,0,0
JavaBean Rules,method,antlr4,0.9,0.5,org.antlr.v4.test.runtime.BaseRuntimeTest,144,0,0,0,0,0,0
MigratingToJUnit4 Rules,method,antlr4,0.9,0.5,org.antlr.v4.test.runtime.BaseRuntimeTest,144,0,0,0,0,0,0
Migration Rules,method,antlr4,0.9,0.5,org.antlr.v4.test.runtime.BaseRuntimeTest,144,0,0,0,0,0,0
Migration13 Rules,method,antlr4,0.9,0.5,org.antlr.v4.test.runtime.BaseRuntimeTest,144,0,0,0,0,0,0
Migration14 Rules,method,antlr4,0.9,0.5,org.antlr.v4.test.runtime.BaseRuntimeTest,144,0,0,0,0,0,0
Migration15 Rules,method,antlr4,0.9,0.5,org.antlr.v4.test.runtime.BaseRuntimeTest,144,0,0,0,0,0,0
Naming Rules,method,antlr4,0.9,0.5,org.antlr.v4.test.runtime.BaseRuntimeTest,144,0,0,0,0,0,0
Optimization Rules,method,antlr4,0.9,0.5,org.antlr.v4.test.runtime.BaseRuntimeTest,144,0,0,0,0,0,0
Security Code Guideline Rules,method,antlr4,0.9,0.5,org.antlr.v4.test.runtime.BaseRuntimeTest,144,0,0,0,0,0,0
Strict Exception Rules,method,antlr4,0.9,0.5,org.antlr.v4.test.runtime.BaseRuntimeTest,144,0,0,0,0,0,0
String and StringBuffer Rules,method,antlr4,0.9,0.5,org.antlr.v4.test.runtime.BaseRuntimeTest,144,0,0,0,0,0,0
Type Resolution Rules,method,antlr4,0.9,0.5,org.antlr.v4.test.runtime.BaseRuntimeTest,144,0,0,0,0,0,0
Unnecessary and Unused Code Rules,method,antlr4,0.9,0.5,org.antlr.v4.test.runtime.BaseRuntimeTest,144,0,0,0,0,0,0
Vulnerability Rules,method,antlr4,0.9,0.5,org.antlr.v4.test.runtime.BaseRuntimeTest,144,0,0,0,0,0,0
CC,method,antlr4,0.9,0.5,org.antlr.v4.test.TestTokenPositionOptions,432,1,1,1,1,1,1
CCL,method,antlr4,0.9,0.5,org.antlr.v4.test.TestTokenPositionOptions,432,1,1,1,1,1,1
CCO,method,antlr4,0.9,0.5,org.antlr.v4.test.TestTokenPositionOptions,432,1,1,1,1,1,1
CI,method,antlr4,0.9,0.5,org.antlr.v4.test.TestTokenPositionOptions,432,1,1,1,1,1,1
CLC,method,antlr4,0.9,0.5,org.antlr.v4.test.TestTokenPositionOptions,432,1,1,1,1,1,1
CLLC,method,antlr4,0.9,0.5,org.antlr.v4.test.TestTokenPositionOptions,432,1,1,1,1,1,1
LDC,method,antlr4,0.9,0.5,org.antlr.v4.test.TestTokenPositionOptions,432,1,1,1,1,1,1
LLDC,method,antlr4,0.9,0.5,org.antlr.v4.test.TestTokenPositionOptions,432,1,1,1,1,1,1
HCPL,method,antlr4,0.9,0.5,org.antlr.v4.test.TestTokenPositionOptions,432,1,1,1,1,1,1
HDIF,method,antlr4,0.9,0.5,org.antlr.v4.test.TestTokenPositionOptions,432,1,1,1,1,1,1
HEFF,method,antlr4,0.9,0.5,org.antlr.v4.test.TestTokenPositionOptions,432,1,1,1,1,1,1
HNDB,method,antlr4,0.9,0.5,org.antlr.v4.test.TestTokenPositionOptions,432,1,1,1,1,1,1
HPL,method,antlr4,0.9,0.5,org.antlr.v4.test.TestTokenPositionOptions,432,1,1,1,1,1,1
HPV,method,antlr4,0.9,0.5,org.antlr.v4.test.TestTokenPositionOptions,432,1,1,1,1,1,1
HTRP,method,antlr4,0.9,0.5,org.antlr.v4.test.TestTokenPositionOptions,432,1,1,1,1,1,1
HVOL,method,antlr4,0.9,0.5,org.antlr.v4.test.TestTokenPositionOptions,432,1,1,1,1,1,1
MI,method,antlr4,0.9,0.5,org.antlr.v4.test.TestTokenPositionOptions,432,1,1,1,1,1,1
MIMS,method,antlr4,0.9,0.5,org.antlr.v4.test.TestTokenPositionOptions,432,1,1,1,1,1,1
MISEI,method,antlr4,0.9,0.5,org.antlr.v4.test.TestTokenPositionOptions,432,1,1,1,1,1,1
MISM,method,antlr4,0.9,0.5,org.antlr.v4.test.TestTokenPositionOptions,432,1,1,1,1,1,1
McCC,method,antlr4,0.9,0.5,org.antlr.v4.test.TestTokenPositionOptions,432,0,0,0,1,1,1
NL,method,antlr4,0.9,0.5,org.antlr.v4.test.TestTokenPositionOptions,432,0,0,0,1,1,1
NLE,method,antlr4,0.9,0.5,org.antlr.v4.test.TestTokenPositionOptions,432,0,0,0,1,1,1
NII,method,antlr4,0.9,0.5,org.antlr.v4.test.TestTokenPositionOptions,432,0,0,0,1,1,1
NOI,method,antlr4,0.9,0.5,org.antlr.v4.test.TestTokenPositionOptions,432,0,0,0,1,1,1
CD,method,antlr4,0.9,0.5,org.antlr.v4.test.TestTokenPositionOptions,432,0,0,0,1,1,1
CLOC,method,antlr4,0.9,0.5,org.antlr.v4.test.TestTokenPositionOptions,432,0,0,0,1,1,1
DLOC,method,antlr4,0.9,0.5,org.antlr.v4.test.TestTokenPositionOptions,432,0,0,0,1,1,1
TCD,method,antlr4,0.9,0.5,org.antlr.v4.test.TestTokenPositionOptions,432,0,0,0,1,1,1
TCLOC,method,antlr4,0.9,0.5,org.antlr.v4.test.TestTokenPositionOptions,432,0,0,0,1,1,1
LLOC,method,antlr4,0.9,0.5,org.antlr.v4.test.TestTokenPositionOptions,432,1,1,1,1,1,1
LOC,method,antlr4,0.9,0.5,org.antlr.v4.test.TestTokenPositionOptions,432,1,1,1,1,1,1
NOS,method,antlr4,0.9,0.5,org.antlr.v4.test.TestTokenPositionOptions,432,0,0,0,1,1,1
NUMPAR,method,antlr4,0.9,0.5,org.antlr.v4.test.TestTokenPositionOptions,432,0,0,0,1,1,1
TLLOC,method,antlr4,0.9,0.5,org.antlr.v4.test.TestTokenPositionOptions,432,1,1,1,1,1,1
TLOC,method,antlr4,0.9,0.5,org.antlr.v4.test.TestTokenPositionOptions,432,1,1,1,1,1,1
TNOS,method,antlr4,0.9,0.5,org.antlr.v4.test.TestTokenPositionOptions,432,0,0,0,0,0,0
WarningBlocker,method,antlr4,0.9,0.5,org.antlr.v4.test.TestTokenPositionOptions,432,0,0,0,0,0,0
WarningCritical,method,antlr4,0.9,0.5,org.antlr.v4.test.TestTokenPositionOptions,432,0,0,0,0,0,0
WarningInfo,method,antlr4,0.9,0.5,org.antlr.v4.test.TestTokenPositionOptions,432,0,0,0,0,0,0
WarningMajor,method,antlr4,0.9,0.5,org.antlr.v4.test.TestTokenPositionOptions,432,0,0,0,0,0,0
WarningMinor,method,antlr4,0.9,0.5,org.antlr.v4.test.TestTokenPositionOptions,432,0,0,0,0,0,0
Android Rules,method,antlr4,0.9,0.5,org.antlr.v4.test.TestTokenPositionOptions,432,0,0,0,0,0,0
Basic Rules,method,antlr4,0.9,0.5,org.antlr.v4.test.TestTokenPositionOptions,432,0,0,0,0,0,0
Brace Rules,method,antlr4,0.9,0.5,org.antlr.v4.test.TestTokenPositionOptions,432,0,0,0,0,0,0
Clone Implementation Rules,method,antlr4,0.9,0.5,org.antlr.v4.test.TestTokenPositionOptions,432,0,0,0,0,0,0
Code Size Rules,method,antlr4,0.9,0.5,org.antlr.v4.test.TestTokenPositionOptions,432,0,0,0,0,0,0
Comment Rules,method,antlr4,0.9,0.5,org.antlr.v4.test.TestTokenPositionOptions,432,0,0,0,0,0,0
Controversial Rules,method,antlr4,0.9,0.5,org.antlr.v4.test.TestTokenPositionOptions,432,0,0,0,0,0,0
Coupling Rules,method,antlr4,0.9,0.5,org.antlr.v4.test.TestTokenPositionOptions,432,0,0,0,0,0,0
Design Rules,method,antlr4,0.9,0.5,org.antlr.v4.test.TestTokenPositionOptions,432,0,0,0,0,0,0
Empty Code Rules,method,antlr4,0.9,0.5,org.antlr.v4.test.TestTokenPositionOptions,432,0,0,0,0,0,0
Finalizer Rules,method,antlr4,0.9,0.5,org.antlr.v4.test.TestTokenPositionOptions,432,0,0,0,0,0,0
Import Statement Rules,method,antlr4,0.9,0.5,org.antlr.v4.test.TestTokenPositionOptions,432,0,0,0,0,0,0
J2EE Rules,method,antlr4,0.9,0.5,org.antlr.v4.test.TestTokenPositionOptions,432,0,0,0,0,0,0
JUnit Rules,method,antlr4,0.9,0.5,org.antlr.v4.test.TestTokenPositionOptions,432,0,0,0,0,0,0
Jakarta Commons Logging Rules,method,antlr4,0.9,0.5,org.antlr.v4.test.TestTokenPositionOptions,432,0,0,0,0,0,0
Java Logging Rules,method,antlr4,0.9,0.5,org.antlr.v4.test.TestTokenPositionOptions,432,0,0,0,0,0,0
JavaBean Rules,method,antlr4,0.9,0.5,org.antlr.v4.test.TestTokenPositionOptions,432,0,0,0,0,0,0
MigratingToJUnit4 Rules,method,antlr4,0.9,0.5,org.antlr.v4.test.TestTokenPositionOptions,432,0,0,0,0,0,0
Migration Rules,method,antlr4,0.9,0.5,org.antlr.v4.test.TestTokenPositionOptions,432,0,0,0,0,0,0
Migration13 Rules,method,antlr4,0.9,0.5,org.antlr.v4.test.TestTokenPositionOptions,432,0,0,0,0,0,0
Migration14 Rules,method,antlr4,0.9,0.5,org.antlr.v4.test.TestTokenPositionOptions,432,0,0,0,0,0,0
Migration15 Rules,method,antlr4,0.9,0.5,org.antlr.v4.test.TestTokenPositionOptions,432,0,0,0,0,0,0
Naming Rules,method,antlr4,0.9,0.5,org.antlr.v4.test.TestTokenPositionOptions,432,0,0,0,0,0,0
Optimization Rules,method,antlr4,0.9,0.5,org.antlr.v4.test.TestTokenPositionOptions,432,0,0,0,0,0,0
Security Code Guideline Rules,method,antlr4,0.9,0.5,org.antlr.v4.test.TestTokenPositionOptions,432,0,0,0,0,0,0
Strict Exception Rules,method,antlr4,0.9,0.5,org.antlr.v4.test.TestTokenPositionOptions,432,0,0,0,0,0,0
String and StringBuffer Rules,method,antlr4,0.9,0.5,org.antlr.v4.test.TestTokenPositionOptions,432,0,0,0,0,0,0
Type Resolution Rules,method,antlr4,0.9,0.5,org.antlr.v4.test.TestTokenPositionOptions,432,0,0,0,0,0,0
Unnecessary and Unused Code Rules,method,antlr4,0.9,0.5,org.antlr.v4.test.TestTokenPositionOptions,432,0,0,0,0,0,0
Vulnerability Rules,method,antlr4,0.9,0.5,org.antlr.v4.test.TestTokenPositionOptions,432,0,0,0,0,0,0
CC,method,antlr4,0.9,0.5,org.antlr.v4.test.JavaUnicodeInputStream,360,0,0,0,1,1,1
CCL,method,antlr4,0.9,0.5,org.antlr.v4.test.JavaUnicodeInputStream,360,0,0,0,1,1,1
CCO,method,antlr4,0.9,0.5,org.antlr.v4.test.JavaUnicodeInputStream,360,0,0,0,1,1,1
CI,method,antlr4,0.9,0.5,org.antlr.v4.test.JavaUnicodeInputStream,360,0,0,0,1,1,1
CLC,method,antlr4,0.9,0.5,org.antlr.v4.test.JavaUnicodeInputStream,360,0,0,0,1,1,1
CLLC,method,antlr4,0.9,0.5,org.antlr.v4.test.JavaUnicodeInputStream,360,0,0,0,1,1,1
LDC,method,antlr4,0.9,0.5,org.antlr.v4.test.JavaUnicodeInputStream,360,0,0,0,1,1,1
LLDC,method,antlr4,0.9,0.5,org.antlr.v4.test.JavaUnicodeInputStream,360,0,0,0,1,1,1
HCPL,method,antlr4,0.9,0.5,org.antlr.v4.test.JavaUnicodeInputStream,360,1,1,1,1,1,1
HDIF,method,antlr4,0.9,0.5,org.antlr.v4.test.JavaUnicodeInputStream,360,1,1,1,1,1,1
HEFF,method,antlr4,0.9,0.5,org.antlr.v4.test.JavaUnicodeInputStream,360,1,1,1,1,1,1
HNDB,method,antlr4,0.9,0.5,org.antlr.v4.test.JavaUnicodeInputStream,360,1,1,1,1,1,1
HPL,method,antlr4,0.9,0.5,org.antlr.v4.test.JavaUnicodeInputStream,360,1,1,1,1,1,1
HPV,method,antlr4,0.9,0.5,org.antlr.v4.test.JavaUnicodeInputStream,360,1,1,1,1,1,1
HTRP,method,antlr4,0.9,0.5,org.antlr.v4.test.JavaUnicodeInputStream,360,1,1,1,1,1,1
HVOL,method,antlr4,0.9,0.5,org.antlr.v4.test.JavaUnicodeInputStream,360,1,1,1,1,1,1
MI,method,antlr4,0.9,0.5,org.antlr.v4.test.JavaUnicodeInputStream,360,1,1,1,1,1,1
MIMS,method,antlr4,0.9,0.5,org.antlr.v4.test.JavaUnicodeInputStream,360,1,1,1,1,1,1
MISEI,method,antlr4,0.9,0.5,org.antlr.v4.test.JavaUnicodeInputStream,360,1,1,1,1,1,1
MISM,method,antlr4,0.9,0.5,org.antlr.v4.test.JavaUnicodeInputStream,360,1,1,1,1,1,1
McCC,method,antlr4,0.9,0.5,org.antlr.v4.test.JavaUnicodeInputStream,360,1,1,1,1,1,1
NL,method,antlr4,0.9,0.5,org.antlr.v4.test.JavaUnicodeInputStream,360,1,1,1,1,1,1
NLE,method,antlr4,0.9,0.5,org.antlr.v4.test.JavaUnicodeInputStream,360,1,1,1,1,1,1
NII,method,antlr4,0.9,0.5,org.antlr.v4.test.JavaUnicodeInputStream,360,1,1,1,1,1,1
NOI,method,antlr4,0.9,0.5,org.antlr.v4.test.JavaUnicodeInputStream,360,1,1,1,1,1,1
CD,method,antlr4,0.9,0.5,org.antlr.v4.test.JavaUnicodeInputStream,360,1,1,1,1,1,1
CLOC,method,antlr4,0.9,0.5,org.antlr.v4.test.JavaUnicodeInputStream,360,1,1,1,1,1,1
DLOC,method,antlr4,0.9,0.5,org.antlr.v4.test.JavaUnicodeInputStream,360,0,0,0,1,1,1
TCD,method,antlr4,0.9,0.5,org.antlr.v4.test.JavaUnicodeInputStream,360,1,1,1,1,1,1
TCLOC,method,antlr4,0.9,0.5,org.antlr.v4.test.JavaUnicodeInputStream,360,1,1,1,1,1,1
LLOC,method,antlr4,0.9,0.5,org.antlr.v4.test.JavaUnicodeInputStream,360,1,1,1,1,1,1
LOC,method,antlr4,0.9,0.5,org.antlr.v4.test.JavaUnicodeInputStream,360,1,1,1,1,1,1
NOS,method,antlr4,0.9,0.5,org.antlr.v4.test.JavaUnicodeInputStream,360,1,1,1,1,1,1
NUMPAR,method,antlr4,0.9,0.5,org.antlr.v4.test.JavaUnicodeInputStream,360,1,1,1,1,1,1
TLLOC,method,antlr4,0.9,0.5,org.antlr.v4.test.JavaUnicodeInputStream,360,1,1,1,1,1,1
TLOC,method,antlr4,0.9,0.5,org.antlr.v4.test.JavaUnicodeInputStream,360,1,1,1,1,1,1
TNOS,method,antlr4,0.9,0.5,org.antlr.v4.test.JavaUnicodeInputStream,360,0,0,0,0,0,0
WarningBlocker,method,antlr4,0.9,0.5,org.antlr.v4.test.JavaUnicodeInputStream,360,0,0,0,0,0,0
WarningCritical,method,antlr4,0.9,0.5,org.antlr.v4.test.JavaUnicodeInputStream,360,0,0,0,0,0,0
WarningInfo,method,antlr4,0.9,0.5,org.antlr.v4.test.JavaUnicodeInputStream,360,0,0,0,0,0,0
WarningMajor,method,antlr4,0.9,0.5,org.antlr.v4.test.JavaUnicodeInputStream,360,0,0,0,0,0,0
WarningMinor,method,antlr4,0.9,0.5,org.antlr.v4.test.JavaUnicodeInputStream,360,0,0,0,0,0,0
Android Rules,method,antlr4,0.9,0.5,org.antlr.v4.test.JavaUnicodeInputStream,360,0,0,0,0,0,0
Basic Rules,method,antlr4,0.9,0.5,org.antlr.v4.test.JavaUnicodeInputStream,360,0,0,0,0,0,0
Brace Rules,method,antlr4,0.9,0.5,org.antlr.v4.test.JavaUnicodeInputStream,360,0,0,0,0,0,0
Clone Implementation Rules,method,antlr4,0.9,0.5,org.antlr.v4.test.JavaUnicodeInputStream,360,0,0,0,0,0,0
Code Size Rules,method,antlr4,0.9,0.5,org.antlr.v4.test.JavaUnicodeInputStream,360,0,0,0,0,0,0
Comment Rules,method,antlr4,0.9,0.5,org.antlr.v4.test.JavaUnicodeInputStream,360,0,0,0,0,0,0
Controversial Rules,method,antlr4,0.9,0.5,org.antlr.v4.test.JavaUnicodeInputStream,360,0,0,0,0,0,0
Coupling Rules,method,antlr4,0.9,0.5,org.antlr.v4.test.JavaUnicodeInputStream,360,0,0,0,0,0,0
Design Rules,method,antlr4,0.9,0.5,org.antlr.v4.test.JavaUnicodeInputStream,360,0,0,0,0,0,0
Empty Code Rules,method,antlr4,0.9,0.5,org.antlr.v4.test.JavaUnicodeInputStream,360,0,0,0,0,0,0
Finalizer Rules,method,antlr4,0.9,0.5,org.antlr.v4.test.JavaUnicodeInputStream,360,0,0,0,0,0,0
Import Statement Rules,method,antlr4,0.9,0.5,org.antlr.v4.test.JavaUnicodeInputStream,360,0,0,0,0,0,0
J2EE Rules,method,antlr4,0.9,0.5,org.antlr.v4.test.JavaUnicodeInputStream,360,0,0,0,0,0,0
JUnit Rules,method,antlr4,0.9,0.5,org.antlr.v4.test.JavaUnicodeInputStream,360,0,0,0,0,0,0
Jakarta Commons Logging Rules,method,antlr4,0.9,0.5,org.antlr.v4.test.JavaUnicodeInputStream,360,0,0,0,0,0,0
Java Logging Rules,method,antlr4,0.9,0.5,org.antlr.v4.test.JavaUnicodeInputStream,360,0,0,0,0,0,0
JavaBean Rules,method,antlr4,0.9,0.5,org.antlr.v4.test.JavaUnicodeInputStream,360,0,0,0,0,0,0
MigratingToJUnit4 Rules,method,antlr4,0.9,0.5,org.antlr.v4.test.JavaUnicodeInputStream,360,0,0,0,0,0,0
Migration Rules,method,antlr4,0.9,0.5,org.antlr.v4.test.JavaUnicodeInputStream,360,0,0,0,0,0,0
Migration13 Rules,method,antlr4,0.9,0.5,org.antlr.v4.test.JavaUnicodeInputStream,360,0,0,0,0,0,0
Migration14 Rules,method,antlr4,0.9,0.5,org.antlr.v4.test.JavaUnicodeInputStream,360,0,0,0,0,0,0
Migration15 Rules,method,antlr4,0.9,0.5,org.antlr.v4.test.JavaUnicodeInputStream,360,0,0,0,0,0,0
Naming Rules,method,antlr4,0.9,0.5,org.antlr.v4.test.JavaUnicodeInputStream,360,0,0,0,0,0,0
Optimization Rules,method,antlr4,0.9,0.5,org.antlr.v4.test.JavaUnicodeInputStream,360,0,0,0,0,0,0
Security Code Guideline Rules,method,antlr4,0.9,0.5,org.antlr.v4.test.JavaUnicodeInputStream,360,0,0,0,0,0,0
Strict Exception Rules,method,antlr4,0.9,0.5,org.antlr.v4.test.JavaUnicodeInputStream,360,0,0,0,0,0,0
String and StringBuffer Rules,method,antlr4,0.9,0.5,org.antlr.v4.test.JavaUnicodeInputStream,360,0,0,0,0,0,0
Type Resolution Rules,method,antlr4,0.9,0.5,org.antlr.v4.test.JavaUnicodeInputStream,360,0,0,0,0,0,0
Unnecessary and Unused Code Rules,method,antlr4,0.9,0.5,org.antlr.v4.test.JavaUnicodeInputStream,360,0,0,0,0,0,0
Vulnerability Rules,method,antlr4,0.9,0.5,org.antlr.v4.test.JavaUnicodeInputStream,360,0,0,0,0,0,0
CC,method,antlr4,0.9,0.5,org.antlr.v4.codegen.model.ListenerFile,144,0,0,0,1,1,1
CCL,method,antlr4,0.9,0.5,org.antlr.v4.codegen.model.ListenerFile,144,0,0,0,1,1,1
CCO,method,antlr4,0.9,0.5,org.antlr.v4.codegen.model.ListenerFile,144,0,0,0,1,1,1
CI,method,antlr4,0.9,0.5,org.antlr.v4.codegen.model.ListenerFile,144,0,0,0,1,1,1
CLC,method,antlr4,0.9,0.5,org.antlr.v4.codegen.model.ListenerFile,144,0,0,0,1,1,1
CLLC,method,antlr4,0.9,0.5,org.antlr.v4.codegen.model.ListenerFile,144,0,0,0,1,1,1
LDC,method,antlr4,0.9,0.5,org.antlr.v4.codegen.model.ListenerFile,144,1,1,1,1,1,1
LLDC,method,antlr4,0.9,0.5,org.antlr.v4.codegen.model.ListenerFile,144,1,1,1,1,1,1
HCPL,method,antlr4,0.9,0.5,org.antlr.v4.codegen.model.ListenerFile,144,1,1,1,1,1,1
HDIF,method,antlr4,0.9,0.5,org.antlr.v4.codegen.model.ListenerFile,144,1,1,1,1,1,1
HEFF,method,antlr4,0.9,0.5,org.antlr.v4.codegen.model.ListenerFile,144,1,1,1,1,1,1
HNDB,method,antlr4,0.9,0.5,org.antlr.v4.codegen.model.ListenerFile,144,1,1,1,1,1,1
HPL,method,antlr4,0.9,0.5,org.antlr.v4.codegen.model.ListenerFile,144,1,1,1,1,1,1
HPV,method,antlr4,0.9,0.5,org.antlr.v4.codegen.model.ListenerFile,144,1,1,1,1,1,1
HTRP,method,antlr4,0.9,0.5,org.antlr.v4.codegen.model.ListenerFile,144,1,1,1,1,1,1
HVOL,method,antlr4,0.9,0.5,org.antlr.v4.codegen.model.ListenerFile,144,1,1,1,1,1,1
MI,method,antlr4,0.9,0.5,org.antlr.v4.codegen.model.ListenerFile,144,1,1,1,1,1,1
MIMS,method,antlr4,0.9,0.5,org.antlr.v4.codegen.model.ListenerFile,144,1,1,1,1,1,1
MISEI,method,antlr4,0.9,0.5,org.antlr.v4.codegen.model.ListenerFile,144,1,1,1,1,1,1
MISM,method,antlr4,0.9,0.5,org.antlr.v4.codegen.model.ListenerFile,144,1,1,1,1,1,1
McCC,method,antlr4,0.9,0.5,org.antlr.v4.codegen.model.ListenerFile,144,0,0,0,1,1,1
NL,method,antlr4,0.9,0.5,org.antlr.v4.codegen.model.ListenerFile,144,0,0,0,1,1,1
NLE,method,antlr4,0.9,0.5,org.antlr.v4.codegen.model.ListenerFile,144,0,0,0,1,1,1
NII,method,antlr4,0.9,0.5,org.antlr.v4.codegen.model.ListenerFile,144,0,0,0,1,1,1
NOI,method,antlr4,0.9,0.5,org.antlr.v4.codegen.model.ListenerFile,144,0,0,0,1,1,1
CD,method,antlr4,0.9,0.5,org.antlr.v4.codegen.model.ListenerFile,144,1,1,1,1,1,1
CLOC,method,antlr4,0.9,0.5,org.antlr.v4.codegen.model.ListenerFile,144,0,0,0,1,1,1
DLOC,method,antlr4,0.9,0.5,org.antlr.v4.codegen.model.ListenerFile,144,0,0,0,1,1,1
TCD,method,antlr4,0.9,0.5,org.antlr.v4.codegen.model.ListenerFile,144,1,1,1,1,1,1
TCLOC,method,antlr4,0.9,0.5,org.antlr.v4.codegen.model.ListenerFile,144,0,0,0,1,1,1
LLOC,method,antlr4,0.9,0.5,org.antlr.v4.codegen.model.ListenerFile,144,1,1,1,1,1,1
LOC,method,antlr4,0.9,0.5,org.antlr.v4.codegen.model.ListenerFile,144,1,1,1,1,1,1
NOS,method,antlr4,0.9,0.5,org.antlr.v4.codegen.model.ListenerFile,144,1,1,1,1,1,1
NUMPAR,method,antlr4,0.9,0.5,org.antlr.v4.codegen.model.ListenerFile,144,0,0,0,1,1,1
TLLOC,method,antlr4,0.9,0.5,org.antlr.v4.codegen.model.ListenerFile,144,1,1,1,1,1,1
TLOC,method,antlr4,0.9,0.5,org.antlr.v4.codegen.model.ListenerFile,144,1,1,1,1,1,1
TNOS,method,antlr4,0.9,0.5,org.antlr.v4.codegen.model.ListenerFile,144,0,0,0,0,0,0
WarningBlocker,method,antlr4,0.9,0.5,org.antlr.v4.codegen.model.ListenerFile,144,0,0,0,0,0,0
WarningCritical,method,antlr4,0.9,0.5,org.antlr.v4.codegen.model.ListenerFile,144,0,0,0,0,0,0
WarningInfo,method,antlr4,0.9,0.5,org.antlr.v4.codegen.model.ListenerFile,144,0,0,0,0,0,0
WarningMajor,method,antlr4,0.9,0.5,org.antlr.v4.codegen.model.ListenerFile,144,0,0,0,0,0,0
WarningMinor,method,antlr4,0.9,0.5,org.antlr.v4.codegen.model.ListenerFile,144,0,0,0,0,0,0
Android Rules,method,antlr4,0.9,0.5,org.antlr.v4.codegen.model.ListenerFile,144,0,0,0,0,0,0
Basic Rules,method,antlr4,0.9,0.5,org.antlr.v4.codegen.model.ListenerFile,144,0,0,0,0,0,0
Brace Rules,method,antlr4,0.9,0.5,org.antlr.v4.codegen.model.ListenerFile,144,0,0,0,0,0,0
Clone Implementation Rules,method,antlr4,0.9,0.5,org.antlr.v4.codegen.model.ListenerFile,144,0,0,0,0,0,0
Code Size Rules,method,antlr4,0.9,0.5,org.antlr.v4.codegen.model.ListenerFile,144,0,0,0,0,0,0
Comment Rules,method,antlr4,0.9,0.5,org.antlr.v4.codegen.model.ListenerFile,144,0,0,0,0,0,0
Controversial Rules,method,antlr4,0.9,0.5,org.antlr.v4.codegen.model.ListenerFile,144,0,0,0,0,0,0
Coupling Rules,method,antlr4,0.9,0.5,org.antlr.v4.codegen.model.ListenerFile,144,0,0,0,0,0,0
Design Rules,method,antlr4,0.9,0.5,org.antlr.v4.codegen.model.ListenerFile,144,0,0,0,0,0,0
Empty Code Rules,method,antlr4,0.9,0.5,org.antlr.v4.codegen.model.ListenerFile,144,0,0,0,0,0,0
Finalizer Rules,method,antlr4,0.9,0.5,org.antlr.v4.codegen.model.ListenerFile,144,0,0,0,0,0,0
Import Statement Rules,method,antlr4,0.9,0.5,org.antlr.v4.codegen.model.ListenerFile,144,0,0,0,0,0,0
J2EE Rules,method,antlr4,0.9,0.5,org.antlr.v4.codegen.model.ListenerFile,144,0,0,0,0,0,0
JUnit Rules,method,antlr4,0.9,0.5,org.antlr.v4.codegen.model.ListenerFile,144,0,0,0,0,0,0
Jakarta Commons Logging Rules,method,antlr4,0.9,0.5,org.antlr.v4.codegen.model.ListenerFile,144,0,0,0,0,0,0
Java Logging Rules,method,antlr4,0.9,0.5,org.antlr.v4.codegen.model.ListenerFile,144,0,0,0,0,0,0
JavaBean Rules,method,antlr4,0.9,0.5,org.antlr.v4.codegen.model.ListenerFile,144,0,0,0,0,0,0
MigratingToJUnit4 Rules,method,antlr4,0.9,0.5,org.antlr.v4.codegen.model.ListenerFile,144,0,0,0,0,0,0
Migration Rules,method,antlr4,0.9,0.5,org.antlr.v4.codegen.model.ListenerFile,144,0,0,0,0,0,0
Migration13 Rules,method,antlr4,0.9,0.5,org.antlr.v4.codegen.model.ListenerFile,144,0,0,0,0,0,0
Migration14 Rules,method,antlr4,0.9,0.5,org.antlr.v4.codegen.model.ListenerFile,144,0,0,0,0,0,0
Migration15 Rules,method,antlr4,0.9,0.5,org.antlr.v4.codegen.model.ListenerFile,144,0,0,0,0,0,0
Naming Rules,method,antlr4,0.9,0.5,org.antlr.v4.codegen.model.ListenerFile,144,0,0,0,0,0,0
Optimization Rules,method,antlr4,0.9,0.5,org.antlr.v4.codegen.model.ListenerFile,144,0,0,0,0,0,0
Security Code Guideline Rules,method,antlr4,0.9,0.5,org.antlr.v4.codegen.model.ListenerFile,144,0,0,0,0,0,0
Strict Exception Rules,method,antlr4,0.9,0.5,org.antlr.v4.codegen.model.ListenerFile,144,0,0,0,0,0,0
String and StringBuffer Rules,method,antlr4,0.9,0.5,org.antlr.v4.codegen.model.ListenerFile,144,0,0,0,0,0,0
Type Resolution Rules,method,antlr4,0.9,0.5,org.antlr.v4.codegen.model.ListenerFile,144,0,0,0,0,0,0
Unnecessary and Unused Code Rules,method,antlr4,0.9,0.5,org.antlr.v4.codegen.model.ListenerFile,144,0,0,0,0,0,0
Vulnerability Rules,method,antlr4,0.9,0.5,org.antlr.v4.codegen.model.ListenerFile,144,0,0,0,0,0,0
CC,method,antlr4,0.9,0.5,org.antlr.v4.gui.TreeViewer,144,0,0,0,1,1,1
CCL,method,antlr4,0.9,0.5,org.antlr.v4.gui.TreeViewer,144,0,0,0,1,1,1
CCO,method,antlr4,0.9,0.5,org.antlr.v4.gui.TreeViewer,144,0,0,0,1,1,1
CI,method,antlr4,0.9,0.5,org.antlr.v4.gui.TreeViewer,144,0,0,0,1,1,1
CLC,method,antlr4,0.9,0.5,org.antlr.v4.gui.TreeViewer,144,0,0,0,1,1,1
CLLC,method,antlr4,0.9,0.5,org.antlr.v4.gui.TreeViewer,144,0,0,0,1,1,1
LDC,method,antlr4,0.9,0.5,org.antlr.v4.gui.TreeViewer,144,0,0,0,1,1,1
LLDC,method,antlr4,0.9,0.5,org.antlr.v4.gui.TreeViewer,144,0,0,0,1,1,1
HCPL,method,antlr4,0.9,0.5,org.antlr.v4.gui.TreeViewer,144,0,0,0,1,1,1
HDIF,method,antlr4,0.9,0.5,org.antlr.v4.gui.TreeViewer,144,0,0,0,1,1,1
HEFF,method,antlr4,0.9,0.5,org.antlr.v4.gui.TreeViewer,144,0,0,0,1,1,1
HNDB,method,antlr4,0.9,0.5,org.antlr.v4.gui.TreeViewer,144,0,0,0,1,1,1
HPL,method,antlr4,0.9,0.5,org.antlr.v4.gui.TreeViewer,144,0,0,0,1,1,1
HPV,method,antlr4,0.9,0.5,org.antlr.v4.gui.TreeViewer,144,0,0,0,1,1,1
HTRP,method,antlr4,0.9,0.5,org.antlr.v4.gui.TreeViewer,144,0,0,0,1,1,1
HVOL,method,antlr4,0.9,0.5,org.antlr.v4.gui.TreeViewer,144,0,0,0,1,1,1
MI,method,antlr4,0.9,0.5,org.antlr.v4.gui.TreeViewer,144,0,0,0,1,1,1
MIMS,method,antlr4,0.9,0.5,org.antlr.v4.gui.TreeViewer,144,0,0,0,1,1,1
MISEI,method,antlr4,0.9,0.5,org.antlr.v4.gui.TreeViewer,144,0,0,0,1,1,1
MISM,method,antlr4,0.9,0.5,org.antlr.v4.gui.TreeViewer,144,0,0,0,1,1,1
McCC,method,antlr4,0.9,0.5,org.antlr.v4.gui.TreeViewer,144,0,0,0,1,1,1
NL,method,antlr4,0.9,0.5,org.antlr.v4.gui.TreeViewer,144,0,0,0,1,1,1
NLE,method,antlr4,0.9,0.5,org.antlr.v4.gui.TreeViewer,144,0,0,0,1,1,1
NII,method,antlr4,0.9,0.5,org.antlr.v4.gui.TreeViewer,144,0,0,0,1,1,1
NOI,method,antlr4,0.9,0.5,org.antlr.v4.gui.TreeViewer,144,0,0,0,1,1,1
CD,method,antlr4,0.9,0.5,org.antlr.v4.gui.TreeViewer,144,0,0,0,1,1,1
CLOC,method,antlr4,0.9,0.5,org.antlr.v4.gui.TreeViewer,144,0,0,0,1,1,1
DLOC,method,antlr4,0.9,0.5,org.antlr.v4.gui.TreeViewer,144,0,0,0,1,1,1
TCD,method,antlr4,0.9,0.5,org.antlr.v4.gui.TreeViewer,144,1,1,1,1,1,1
TCLOC,method,antlr4,0.9,0.5,org.antlr.v4.gui.TreeViewer,144,0,0,0,1,1,1
LLOC,method,antlr4,0.9,0.5,org.antlr.v4.gui.TreeViewer,144,0,0,0,1,1,1
LOC,method,antlr4,0.9,0.5,org.antlr.v4.gui.TreeViewer,144,0,0,0,1,1,1
NOS,method,antlr4,0.9,0.5,org.antlr.v4.gui.TreeViewer,144,0,0,0,1,1,1
NUMPAR,method,antlr4,0.9,0.5,org.antlr.v4.gui.TreeViewer,144,0,0,0,1,1,1
TLLOC,method,antlr4,0.9,0.5,org.antlr.v4.gui.TreeViewer,144,1,1,1,1,1,1
TLOC,method,antlr4,0.9,0.5,org.antlr.v4.gui.TreeViewer,144,1,1,1,1,1,1
TNOS,method,antlr4,0.9,0.5,org.antlr.v4.gui.TreeViewer,144,0,0,0,0,0,0
WarningBlocker,method,antlr4,0.9,0.5,org.antlr.v4.gui.TreeViewer,144,0,0,0,0,0,0
WarningCritical,method,antlr4,0.9,0.5,org.antlr.v4.gui.TreeViewer,144,0,0,0,0,0,0
WarningInfo,method,antlr4,0.9,0.5,org.antlr.v4.gui.TreeViewer,144,0,0,0,0,0,0
WarningMajor,method,antlr4,0.9,0.5,org.antlr.v4.gui.TreeViewer,144,0,0,0,0,0,0
WarningMinor,method,antlr4,0.9,0.5,org.antlr.v4.gui.TreeViewer,144,0,0,0,0,0,0
Android Rules,method,antlr4,0.9,0.5,org.antlr.v4.gui.TreeViewer,144,0,0,0,0,0,0
Basic Rules,method,antlr4,0.9,0.5,org.antlr.v4.gui.TreeViewer,144,0,0,0,0,0,0
Brace Rules,method,antlr4,0.9,0.5,org.antlr.v4.gui.TreeViewer,144,0,0,0,0,0,0
Clone Implementation Rules,method,antlr4,0.9,0.5,org.antlr.v4.gui.TreeViewer,144,0,0,0,0,0,0
Code Size Rules,method,antlr4,0.9,0.5,org.antlr.v4.gui.TreeViewer,144,0,0,0,0,0,0
Comment Rules,method,antlr4,0.9,0.5,org.antlr.v4.gui.TreeViewer,144,0,0,0,0,0,0
Controversial Rules,method,antlr4,0.9,0.5,org.antlr.v4.gui.TreeViewer,144,0,0,0,0,0,0
Coupling Rules,method,antlr4,0.9,0.5,org.antlr.v4.gui.TreeViewer,144,0,0,0,0,0,0
Design Rules,method,antlr4,0.9,0.5,org.antlr.v4.gui.TreeViewer,144,0,0,0,0,0,0
Empty Code Rules,method,antlr4,0.9,0.5,org.antlr.v4.gui.TreeViewer,144,0,0,0,0,0,0
Finalizer Rules,method,antlr4,0.9,0.5,org.antlr.v4.gui.TreeViewer,144,0,0,0,0,0,0
Import Statement Rules,method,antlr4,0.9,0.5,org.antlr.v4.gui.TreeViewer,144,0,0,0,0,0,0
J2EE Rules,method,antlr4,0.9,0.5,org.antlr.v4.gui.TreeViewer,144,0,0,0,0,0,0
JUnit Rules,method,antlr4,0.9,0.5,org.antlr.v4.gui.TreeViewer,144,0,0,0,0,0,0
Jakarta Commons Logging Rules,method,antlr4,0.9,0.5,org.antlr.v4.gui.TreeViewer,144,0,0,0,0,0,0
Java Logging Rules,method,antlr4,0.9,0.5,org.antlr.v4.gui.TreeViewer,144,0,0,0,0,0,0
JavaBean Rules,method,antlr4,0.9,0.5,org.antlr.v4.gui.TreeViewer,144,0,0,0,0,0,0
MigratingToJUnit4 Rules,method,antlr4,0.9,0.5,org.antlr.v4.gui.TreeViewer,144,0,0,0,0,0,0
Migration Rules,method,antlr4,0.9,0.5,org.antlr.v4.gui.TreeViewer,144,0,0,0,0,0,0
Migration13 Rules,method,antlr4,0.9,0.5,org.antlr.v4.gui.TreeViewer,144,0,0,0,0,0,0
Migration14 Rules,method,antlr4,0.9,0.5,org.antlr.v4.gui.TreeViewer,144,0,0,0,0,0,0
Migration15 Rules,method,antlr4,0.9,0.5,org.antlr.v4.gui.TreeViewer,144,0,0,0,0,0,0
Naming Rules,method,antlr4,0.9,0.5,org.antlr.v4.gui.TreeViewer,144,0,0,0,0,0,0
Optimization Rules,method,antlr4,0.9,0.5,org.antlr.v4.gui.TreeViewer,144,0,0,0,0,0,0
Security Code Guideline Rules,method,antlr4,0.9,0.5,org.antlr.v4.gui.TreeViewer,144,0,0,0,0,0,0
Strict Exception Rules,method,antlr4,0.9,0.5,org.antlr.v4.gui.TreeViewer,144,0,0,0,0,0,0
String and StringBuffer Rules,method,antlr4,0.9,0.5,org.antlr.v4.gui.TreeViewer,144,0,0,0,0,0,0
Type Resolution Rules,method,antlr4,0.9,0.5,org.antlr.v4.gui.TreeViewer,144,0,0,0,0,0,0
Unnecessary and Unused Code Rules,method,antlr4,0.9,0.5,org.antlr.v4.gui.TreeViewer,144,0,0,0,0,0,0
Vulnerability Rules,method,antlr4,0.9,0.5,org.antlr.v4.gui.TreeViewer,144,0,0,0,0,0,0
CC,method,antlr4,0.9,0.5,org.antlr.v4.gui.TreeViewer$4,144,0,0,0,1,1,1
CCL,method,antlr4,0.9,0.5,org.antlr.v4.gui.TreeViewer$4,144,0,0,0,1,1,1
CCO,method,antlr4,0.9,0.5,org.antlr.v4.gui.TreeViewer$4,144,0,0,0,1,1,1
CI,method,antlr4,0.9,0.5,org.antlr.v4.gui.TreeViewer$4,144,0,0,0,1,1,1
CLC,method,antlr4,0.9,0.5,org.antlr.v4.gui.TreeViewer$4,144,0,0,0,1,1,1
CLLC,method,antlr4,0.9,0.5,org.antlr.v4.gui.TreeViewer$4,144,0,0,0,1,1,1
LDC,method,antlr4,0.9,0.5,org.antlr.v4.gui.TreeViewer$4,144,0,0,0,1,1,1
LLDC,method,antlr4,0.9,0.5,org.antlr.v4.gui.TreeViewer$4,144,0,0,0,1,1,1
HCPL,method,antlr4,0.9,0.5,org.antlr.v4.gui.TreeViewer$4,144,1,1,1,1,1,1
HDIF,method,antlr4,0.9,0.5,org.antlr.v4.gui.TreeViewer$4,144,1,1,1,1,1,1
HEFF,method,antlr4,0.9,0.5,org.antlr.v4.gui.TreeViewer$4,144,1,1,1,1,1,1
HNDB,method,antlr4,0.9,0.5,org.antlr.v4.gui.TreeViewer$4,144,1,1,1,1,1,1
HPL,method,antlr4,0.9,0.5,org.antlr.v4.gui.TreeViewer$4,144,1,1,1,1,1,1
HPV,method,antlr4,0.9,0.5,org.antlr.v4.gui.TreeViewer$4,144,1,1,1,1,1,1
HTRP,method,antlr4,0.9,0.5,org.antlr.v4.gui.TreeViewer$4,144,1,1,1,1,1,1
HVOL,method,antlr4,0.9,0.5,org.antlr.v4.gui.TreeViewer$4,144,1,1,1,1,1,1
MI,method,antlr4,0.9,0.5,org.antlr.v4.gui.TreeViewer$4,144,1,1,1,1,1,1
MIMS,method,antlr4,0.9,0.5,org.antlr.v4.gui.TreeViewer$4,144,1,1,1,1,1,1
MISEI,method,antlr4,0.9,0.5,org.antlr.v4.gui.TreeViewer$4,144,1,1,1,1,1,1
MISM,method,antlr4,0.9,0.5,org.antlr.v4.gui.TreeViewer$4,144,1,1,1,1,1,1
McCC,method,antlr4,0.9,0.5,org.antlr.v4.gui.TreeViewer$4,144,1,1,1,1,1,1
NL,method,antlr4,0.9,0.5,org.antlr.v4.gui.TreeViewer$4,144,1,1,1,1,1,1
NLE,method,antlr4,0.9,0.5,org.antlr.v4.gui.TreeViewer$4,144,1,1,1,1,1,1
NII,method,antlr4,0.9,0.5,org.antlr.v4.gui.TreeViewer$4,144,0,0,0,1,1,1
NOI,method,antlr4,0.9,0.5,org.antlr.v4.gui.TreeViewer$4,144,0,0,0,1,1,1
CD,method,antlr4,0.9,0.5,org.antlr.v4.gui.TreeViewer$4,144,1,1,1,1,1,1
CLOC,method,antlr4,0.9,0.5,org.antlr.v4.gui.TreeViewer$4,144,0,0,0,1,1,1
DLOC,method,antlr4,0.9,0.5,org.antlr.v4.gui.TreeViewer$4,144,0,0,0,1,1,1
TCD,method,antlr4,0.9,0.5,org.antlr.v4.gui.TreeViewer$4,144,1,1,1,1,1,1
TCLOC,method,antlr4,0.9,0.5,org.antlr.v4.gui.TreeViewer$4,144,0,0,0,1,1,1
LLOC,method,antlr4,0.9,0.5,org.antlr.v4.gui.TreeViewer$4,144,1,1,1,1,1,1
LOC,method,antlr4,0.9,0.5,org.antlr.v4.gui.TreeViewer$4,144,1,1,1,1,1,1
NOS,method,antlr4,0.9,0.5,org.antlr.v4.gui.TreeViewer$4,144,1,1,1,1,1,1
NUMPAR,method,antlr4,0.9,0.5,org.antlr.v4.gui.TreeViewer$4,144,0,0,0,1,1,1
TLLOC,method,antlr4,0.9,0.5,org.antlr.v4.gui.TreeViewer$4,144,1,1,1,1,1,1
TLOC,method,antlr4,0.9,0.5,org.antlr.v4.gui.TreeViewer$4,144,1,1,1,1,1,1
TNOS,method,antlr4,0.9,0.5,org.antlr.v4.gui.TreeViewer$4,144,0,0,0,0,0,0
WarningBlocker,method,antlr4,0.9,0.5,org.antlr.v4.gui.TreeViewer$4,144,0,0,0,0,0,0
WarningCritical,method,antlr4,0.9,0.5,org.antlr.v4.gui.TreeViewer$4,144,0,0,0,0,0,0
WarningInfo,method,antlr4,0.9,0.5,org.antlr.v4.gui.TreeViewer$4,144,0,0,0,0,0,0
WarningMajor,method,antlr4,0.9,0.5,org.antlr.v4.gui.TreeViewer$4,144,0,0,0,0,0,0
WarningMinor,method,antlr4,0.9,0.5,org.antlr.v4.gui.TreeViewer$4,144,0,0,0,0,0,0
Android Rules,method,antlr4,0.9,0.5,org.antlr.v4.gui.TreeViewer$4,144,0,0,0,0,0,0
Basic Rules,method,antlr4,0.9,0.5,org.antlr.v4.gui.TreeViewer$4,144,0,0,0,0,0,0
Brace Rules,method,antlr4,0.9,0.5,org.antlr.v4.gui.TreeViewer$4,144,0,0,0,0,0,0
Clone Implementation Rules,method,antlr4,0.9,0.5,org.antlr.v4.gui.TreeViewer$4,144,0,0,0,0,0,0
Code Size Rules,method,antlr4,0.9,0.5,org.antlr.v4.gui.TreeViewer$4,144,0,0,0,0,0,0
Comment Rules,method,antlr4,0.9,0.5,org.antlr.v4.gui.TreeViewer$4,144,0,0,0,0,0,0
Controversial Rules,method,antlr4,0.9,0.5,org.antlr.v4.gui.TreeViewer$4,144,0,0,0,0,0,0
Coupling Rules,method,antlr4,0.9,0.5,org.antlr.v4.gui.TreeViewer$4,144,0,0,0,0,0,0
Design Rules,method,antlr4,0.9,0.5,org.antlr.v4.gui.TreeViewer$4,144,0,0,0,0,0,0
Empty Code Rules,method,antlr4,0.9,0.5,org.antlr.v4.gui.TreeViewer$4,144,0,0,0,0,0,0
Finalizer Rules,method,antlr4,0.9,0.5,org.antlr.v4.gui.TreeViewer$4,144,0,0,0,0,0,0
Import Statement Rules,method,antlr4,0.9,0.5,org.antlr.v4.gui.TreeViewer$4,144,0,0,0,0,0,0
J2EE Rules,method,antlr4,0.9,0.5,org.antlr.v4.gui.TreeViewer$4,144,0,0,0,0,0,0
JUnit Rules,method,antlr4,0.9,0.5,org.antlr.v4.gui.TreeViewer$4,144,0,0,0,0,0,0
Jakarta Commons Logging Rules,method,antlr4,0.9,0.5,org.antlr.v4.gui.TreeViewer$4,144,0,0,0,0,0,0
Java Logging Rules,method,antlr4,0.9,0.5,org.antlr.v4.gui.TreeViewer$4,144,0,0,0,0,0,0
JavaBean Rules,method,antlr4,0.9,0.5,org.antlr.v4.gui.TreeViewer$4,144,0,0,0,0,0,0
MigratingToJUnit4 Rules,method,antlr4,0.9,0.5,org.antlr.v4.gui.TreeViewer$4,144,0,0,0,0,0,0
Migration Rules,method,antlr4,0.9,0.5,org.antlr.v4.gui.TreeViewer$4,144,0,0,0,0,0,0
Migration13 Rules,method,antlr4,0.9,0.5,org.antlr.v4.gui.TreeViewer$4,144,0,0,0,0,0,0
Migration14 Rules,method,antlr4,0.9,0.5,org.antlr.v4.gui.TreeViewer$4,144,0,0,0,0,0,0
Migration15 Rules,method,antlr4,0.9,0.5,org.antlr.v4.gui.TreeViewer$4,144,0,0,0,0,0,0
Naming Rules,method,antlr4,0.9,0.5,org.antlr.v4.gui.TreeViewer$4,144,0,0,0,0,0,0
Optimization Rules,method,antlr4,0.9,0.5,org.antlr.v4.gui.TreeViewer$4,144,0,0,0,0,0,0
Security Code Guideline Rules,method,antlr4,0.9,0.5,org.antlr.v4.gui.TreeViewer$4,144,0,0,0,0,0,0
Strict Exception Rules,method,antlr4,0.9,0.5,org.antlr.v4.gui.TreeViewer$4,144,0,0,0,0,0,0
String and StringBuffer Rules,method,antlr4,0.9,0.5,org.antlr.v4.gui.TreeViewer$4,144,0,0,0,0,0,0
Type Resolution Rules,method,antlr4,0.9,0.5,org.antlr.v4.gui.TreeViewer$4,144,0,0,0,0,0,0
Unnecessary and Unused Code Rules,method,antlr4,0.9,0.5,org.antlr.v4.gui.TreeViewer$4,144,0,0,0,0,0,0
Vulnerability Rules,method,antlr4,0.9,0.5,org.antlr.v4.gui.TreeViewer$4,144,0,0,0,0,0,0
CC,method,antlr4,0.9,0.5,org.antlr.v4.tool.Rule,288,0,0,0,1,1,1
CCL,method,antlr4,0.9,0.5,org.antlr.v4.tool.Rule,288,0,0,0,1,1,1
CCO,method,antlr4,0.9,0.5,org.antlr.v4.tool.Rule,288,0,0,0,1,1,1
CI,method,antlr4,0.9,0.5,org.antlr.v4.tool.Rule,288,0,0,0,1,1,1
CLC,method,antlr4,0.9,0.5,org.antlr.v4.tool.Rule,288,0,0,0,1,1,1
CLLC,method,antlr4,0.9,0.5,org.antlr.v4.tool.Rule,288,0,0,0,1,1,1
LDC,method,antlr4,0.9,0.5,org.antlr.v4.tool.Rule,288,0,0,0,1,1,1
LLDC,method,antlr4,0.9,0.5,org.antlr.v4.tool.Rule,288,0,0,0,1,1,1
HCPL,method,antlr4,0.9,0.5,org.antlr.v4.tool.Rule,288,1,1,1,1,1,1
HDIF,method,antlr4,0.9,0.5,org.antlr.v4.tool.Rule,288,1,1,1,1,1,1
HEFF,method,antlr4,0.9,0.5,org.antlr.v4.tool.Rule,288,1,1,1,1,1,1
HNDB,method,antlr4,0.9,0.5,org.antlr.v4.tool.Rule,288,1,1,1,1,1,1
HPL,method,antlr4,0.9,0.5,org.antlr.v4.tool.Rule,288,1,1,1,1,1,1
HPV,method,antlr4,0.9,0.5,org.antlr.v4.tool.Rule,288,1,1,1,1,1,1
HTRP,method,antlr4,0.9,0.5,org.antlr.v4.tool.Rule,288,1,1,1,1,1,1
HVOL,method,antlr4,0.9,0.5,org.antlr.v4.tool.Rule,288,1,1,1,1,1,1
MI,method,antlr4,0.9,0.5,org.antlr.v4.tool.Rule,288,1,1,1,1,1,1
MIMS,method,antlr4,0.9,0.5,org.antlr.v4.tool.Rule,288,1,1,1,1,1,1
MISEI,method,antlr4,0.9,0.5,org.antlr.v4.tool.Rule,288,1,1,1,1,1,1
MISM,method,antlr4,0.9,0.5,org.antlr.v4.tool.Rule,288,1,1,1,1,1,1
McCC,method,antlr4,0.9,0.5,org.antlr.v4.tool.Rule,288,1,1,1,1,1,1
NL,method,antlr4,0.9,0.5,org.antlr.v4.tool.Rule,288,1,1,1,1,1,1
NLE,method,antlr4,0.9,0.5,org.antlr.v4.tool.Rule,288,1,1,1,1,1,1
NII,method,antlr4,0.9,0.5,org.antlr.v4.tool.Rule,288,0,0,0,1,1,1
NOI,method,antlr4,0.9,0.5,org.antlr.v4.tool.Rule,288,0,0,0,1,1,1
CD,method,antlr4,0.9,0.5,org.antlr.v4.tool.Rule,288,1,1,1,1,1,1
CLOC,method,antlr4,0.9,0.5,org.antlr.v4.tool.Rule,288,1,1,1,1,1,1
DLOC,method,antlr4,0.9,0.5,org.antlr.v4.tool.Rule,288,1,1,1,1,1,1
TCD,method,antlr4,0.9,0.5,org.antlr.v4.tool.Rule,288,1,1,1,1,1,1
TCLOC,method,antlr4,0.9,0.5,org.antlr.v4.tool.Rule,288,1,1,1,1,1,1
LLOC,method,antlr4,0.9,0.5,org.antlr.v4.tool.Rule,288,1,1,1,1,1,1
LOC,method,antlr4,0.9,0.5,org.antlr.v4.tool.Rule,288,1,1,1,1,1,1
NOS,method,antlr4,0.9,0.5,org.antlr.v4.tool.Rule,288,1,1,1,1,1,1
NUMPAR,method,antlr4,0.9,0.5,org.antlr.v4.tool.Rule,288,1,1,1,1,1,1
TLLOC,method,antlr4,0.9,0.5,org.antlr.v4.tool.Rule,288,1,1,1,1,1,1
TLOC,method,antlr4,0.9,0.5,org.antlr.v4.tool.Rule,288,1,1,1,1,1,1
TNOS,method,antlr4,0.9,0.5,org.antlr.v4.tool.Rule,288,0,0,0,0,0,0
WarningBlocker,method,antlr4,0.9,0.5,org.antlr.v4.tool.Rule,288,0,0,0,0,0,0
WarningCritical,method,antlr4,0.9,0.5,org.antlr.v4.tool.Rule,288,0,0,0,0,0,0
WarningInfo,method,antlr4,0.9,0.5,org.antlr.v4.tool.Rule,288,0,0,0,0,0,0
WarningMajor,method,antlr4,0.9,0.5,org.antlr.v4.tool.Rule,288,0,0,0,0,0,0
WarningMinor,method,antlr4,0.9,0.5,org.antlr.v4.tool.Rule,288,0,0,0,0,0,0
Android Rules,method,antlr4,0.9,0.5,org.antlr.v4.tool.Rule,288,0,0,0,0,0,0
Basic Rules,method,antlr4,0.9,0.5,org.antlr.v4.tool.Rule,288,0,0,0,0,0,0
Brace Rules,method,antlr4,0.9,0.5,org.antlr.v4.tool.Rule,288,0,0,0,0,0,0
Clone Implementation Rules,method,antlr4,0.9,0.5,org.antlr.v4.tool.Rule,288,0,0,0,0,0,0
Code Size Rules,method,antlr4,0.9,0.5,org.antlr.v4.tool.Rule,288,0,0,0,0,0,0
Comment Rules,method,antlr4,0.9,0.5,org.antlr.v4.tool.Rule,288,0,0,0,0,0,0
Controversial Rules,method,antlr4,0.9,0.5,org.antlr.v4.tool.Rule,288,0,0,0,0,0,0
Coupling Rules,method,antlr4,0.9,0.5,org.antlr.v4.tool.Rule,288,0,0,0,0,0,0
Design Rules,method,antlr4,0.9,0.5,org.antlr.v4.tool.Rule,288,0,0,0,0,0,0
Empty Code Rules,method,antlr4,0.9,0.5,org.antlr.v4.tool.Rule,288,0,0,0,0,0,0
Finalizer Rules,method,antlr4,0.9,0.5,org.antlr.v4.tool.Rule,288,0,0,0,0,0,0
Import Statement Rules,method,antlr4,0.9,0.5,org.antlr.v4.tool.Rule,288,0,0,0,0,0,0
J2EE Rules,method,antlr4,0.9,0.5,org.antlr.v4.tool.Rule,288,0,0,0,0,0,0
JUnit Rules,method,antlr4,0.9,0.5,org.antlr.v4.tool.Rule,288,0,0,0,0,0,0
Jakarta Commons Logging Rules,method,antlr4,0.9,0.5,org.antlr.v4.tool.Rule,288,0,0,0,0,0,0
Java Logging Rules,method,antlr4,0.9,0.5,org.antlr.v4.tool.Rule,288,0,0,0,0,0,0
JavaBean Rules,method,antlr4,0.9,0.5,org.antlr.v4.tool.Rule,288,0,0,0,0,0,0
MigratingToJUnit4 Rules,method,antlr4,0.9,0.5,org.antlr.v4.tool.Rule,288,0,0,0,0,0,0
Migration Rules,method,antlr4,0.9,0.5,org.antlr.v4.tool.Rule,288,0,0,0,0,0,0
Migration13 Rules,method,antlr4,0.9,0.5,org.antlr.v4.tool.Rule,288,0,0,0,0,0,0
Migration14 Rules,method,antlr4,0.9,0.5,org.antlr.v4.tool.Rule,288,0,0,0,0,0,0
Migration15 Rules,method,antlr4,0.9,0.5,org.antlr.v4.tool.Rule,288,0,0,0,0,0,0
Naming Rules,method,antlr4,0.9,0.5,org.antlr.v4.tool.Rule,288,0,0,0,0,0,0
Optimization Rules,method,antlr4,0.9,0.5,org.antlr.v4.tool.Rule,288,0,0,0,0,0,0
Security Code Guideline Rules,method,antlr4,0.9,0.5,org.antlr.v4.tool.Rule,288,0,0,0,0,0,0
Strict Exception Rules,method,antlr4,0.9,0.5,org.antlr.v4.tool.Rule,288,0,0,0,0,0,0
String and StringBuffer Rules,method,antlr4,0.9,0.5,org.antlr.v4.tool.Rule,288,0,0,0,0,0,0
Type Resolution Rules,method,antlr4,0.9,0.5,org.antlr.v4.tool.Rule,288,0,0,0,0,0,0
Unnecessary and Unused Code Rules,method,antlr4,0.9,0.5,org.antlr.v4.tool.Rule,288,0,0,0,0,0,0
Vulnerability Rules,method,antlr4,0.9,0.5,org.antlr.v4.tool.Rule,288,0,0,0,0,0,0
CC,method,antlr4,0.9,0.5,org.antlr.v4.test.TestCommonTokenStream,288,0,0,0,1,1,1
CCL,method,antlr4,0.9,0.5,org.antlr.v4.test.TestCommonTokenStream,288,0,0,0,1,1,1
CCO,method,antlr4,0.9,0.5,org.antlr.v4.test.TestCommonTokenStream,288,0,0,0,1,1,1
CI,method,antlr4,0.9,0.5,org.antlr.v4.test.TestCommonTokenStream,288,0,0,0,1,1,1
CLC,method,antlr4,0.9,0.5,org.antlr.v4.test.TestCommonTokenStream,288,1,1,1,1,1,1
CLLC,method,antlr4,0.9,0.5,org.antlr.v4.test.TestCommonTokenStream,288,1,1,1,1,1,1
LDC,method,antlr4,0.9,0.5,org.antlr.v4.test.TestCommonTokenStream,288,0,0,0,1,1,1
LLDC,method,antlr4,0.9,0.5,org.antlr.v4.test.TestCommonTokenStream,288,0,0,0,1,1,1
HCPL,method,antlr4,0.9,0.5,org.antlr.v4.test.TestCommonTokenStream,288,1,1,1,1,1,1
HDIF,method,antlr4,0.9,0.5,org.antlr.v4.test.TestCommonTokenStream,288,1,1,1,1,1,1
HEFF,method,antlr4,0.9,0.5,org.antlr.v4.test.TestCommonTokenStream,288,1,1,1,1,1,1
HNDB,method,antlr4,0.9,0.5,org.antlr.v4.test.TestCommonTokenStream,288,1,1,1,1,1,1
HPL,method,antlr4,0.9,0.5,org.antlr.v4.test.TestCommonTokenStream,288,1,1,1,1,1,1
HPV,method,antlr4,0.9,0.5,org.antlr.v4.test.TestCommonTokenStream,288,1,1,1,1,1,1
HTRP,method,antlr4,0.9,0.5,org.antlr.v4.test.TestCommonTokenStream,288,1,1,1,1,1,1
HVOL,method,antlr4,0.9,0.5,org.antlr.v4.test.TestCommonTokenStream,288,1,1,1,1,1,1
MI,method,antlr4,0.9,0.5,org.antlr.v4.test.TestCommonTokenStream,288,1,1,1,1,1,1
MIMS,method,antlr4,0.9,0.5,org.antlr.v4.test.TestCommonTokenStream,288,1,1,1,1,1,1
MISEI,method,antlr4,0.9,0.5,org.antlr.v4.test.TestCommonTokenStream,288,1,1,1,1,1,1
MISM,method,antlr4,0.9,0.5,org.antlr.v4.test.TestCommonTokenStream,288,1,1,1,1,1,1
McCC,method,antlr4,0.9,0.5,org.antlr.v4.test.TestCommonTokenStream,288,0,0,0,1,1,1
NL,method,antlr4,0.9,0.5,org.antlr.v4.test.TestCommonTokenStream,288,0,0,0,1,1,1
NLE,method,antlr4,0.9,0.5,org.antlr.v4.test.TestCommonTokenStream,288,0,0,0,1,1,1
NII,method,antlr4,0.9,0.5,org.antlr.v4.test.TestCommonTokenStream,288,0,0,0,1,1,1
NOI,method,antlr4,0.9,0.5,org.antlr.v4.test.TestCommonTokenStream,288,1,1,1,1,1,1
CD,method,antlr4,0.9,0.5,org.antlr.v4.test.TestCommonTokenStream,288,0,0,0,1,1,1
CLOC,method,antlr4,0.9,0.5,org.antlr.v4.test.TestCommonTokenStream,288,0,0,0,1,1,1
DLOC,method,antlr4,0.9,0.5,org.antlr.v4.test.TestCommonTokenStream,288,0,0,0,1,1,1
TCD,method,antlr4,0.9,0.5,org.antlr.v4.test.TestCommonTokenStream,288,0,0,0,1,1,1
TCLOC,method,antlr4,0.9,0.5,org.antlr.v4.test.TestCommonTokenStream,288,0,0,0,1,1,1
LLOC,method,antlr4,0.9,0.5,org.antlr.v4.test.TestCommonTokenStream,288,1,1,1,1,1,1
LOC,method,antlr4,0.9,0.5,org.antlr.v4.test.TestCommonTokenStream,288,1,1,1,1,1,1
NOS,method,antlr4,0.9,0.5,org.antlr.v4.test.TestCommonTokenStream,288,1,1,1,1,1,1
NUMPAR,method,antlr4,0.9,0.5,org.antlr.v4.test.TestCommonTokenStream,288,0,0,0,1,1,1
TLLOC,method,antlr4,0.9,0.5,org.antlr.v4.test.TestCommonTokenStream,288,1,1,1,1,1,1
TLOC,method,antlr4,0.9,0.5,org.antlr.v4.test.TestCommonTokenStream,288,1,1,1,1,1,1
TNOS,method,antlr4,0.9,0.5,org.antlr.v4.test.TestCommonTokenStream,288,0,0,0,0,0,0
WarningBlocker,method,antlr4,0.9,0.5,org.antlr.v4.test.TestCommonTokenStream,288,0,0,0,0,0,0
WarningCritical,method,antlr4,0.9,0.5,org.antlr.v4.test.TestCommonTokenStream,288,0,0,0,0,0,0
WarningInfo,method,antlr4,0.9,0.5,org.antlr.v4.test.TestCommonTokenStream,288,0,0,0,0,0,0
WarningMajor,method,antlr4,0.9,0.5,org.antlr.v4.test.TestCommonTokenStream,288,0,0,0,0,0,0
WarningMinor,method,antlr4,0.9,0.5,org.antlr.v4.test.TestCommonTokenStream,288,0,0,0,0,0,0
Android Rules,method,antlr4,0.9,0.5,org.antlr.v4.test.TestCommonTokenStream,288,0,0,0,0,0,0
Basic Rules,method,antlr4,0.9,0.5,org.antlr.v4.test.TestCommonTokenStream,288,0,0,0,0,0,0
Brace Rules,method,antlr4,0.9,0.5,org.antlr.v4.test.TestCommonTokenStream,288,0,0,0,0,0,0
Clone Implementation Rules,method,antlr4,0.9,0.5,org.antlr.v4.test.TestCommonTokenStream,288,0,0,0,0,0,0
Code Size Rules,method,antlr4,0.9,0.5,org.antlr.v4.test.TestCommonTokenStream,288,0,0,0,0,0,0
Comment Rules,method,antlr4,0.9,0.5,org.antlr.v4.test.TestCommonTokenStream,288,0,0,0,0,0,0
Controversial Rules,method,antlr4,0.9,0.5,org.antlr.v4.test.TestCommonTokenStream,288,0,0,0,0,0,0
Coupling Rules,method,antlr4,0.9,0.5,org.antlr.v4.test.TestCommonTokenStream,288,0,0,0,0,0,0
Design Rules,method,antlr4,0.9,0.5,org.antlr.v4.test.TestCommonTokenStream,288,0,0,0,0,0,0
Empty Code Rules,method,antlr4,0.9,0.5,org.antlr.v4.test.TestCommonTokenStream,288,0,0,0,0,0,0
Finalizer Rules,method,antlr4,0.9,0.5,org.antlr.v4.test.TestCommonTokenStream,288,0,0,0,0,0,0
Import Statement Rules,method,antlr4,0.9,0.5,org.antlr.v4.test.TestCommonTokenStream,288,0,0,0,0,0,0
J2EE Rules,method,antlr4,0.9,0.5,org.antlr.v4.test.TestCommonTokenStream,288,0,0,0,0,0,0
JUnit Rules,method,antlr4,0.9,0.5,org.antlr.v4.test.TestCommonTokenStream,288,0,0,0,0,0,0
Jakarta Commons Logging Rules,method,antlr4,0.9,0.5,org.antlr.v4.test.TestCommonTokenStream,288,0,0,0,0,0,0
Java Logging Rules,method,antlr4,0.9,0.5,org.antlr.v4.test.TestCommonTokenStream,288,0,0,0,0,0,0
JavaBean Rules,method,antlr4,0.9,0.5,org.antlr.v4.test.TestCommonTokenStream,288,0,0,0,0,0,0
MigratingToJUnit4 Rules,method,antlr4,0.9,0.5,org.antlr.v4.test.TestCommonTokenStream,288,0,0,0,0,0,0
Migration Rules,method,antlr4,0.9,0.5,org.antlr.v4.test.TestCommonTokenStream,288,0,0,0,0,0,0
Migration13 Rules,method,antlr4,0.9,0.5,org.antlr.v4.test.TestCommonTokenStream,288,0,0,0,0,0,0
Migration14 Rules,method,antlr4,0.9,0.5,org.antlr.v4.test.TestCommonTokenStream,288,0,0,0,0,0,0
Migration15 Rules,method,antlr4,0.9,0.5,org.antlr.v4.test.TestCommonTokenStream,288,0,0,0,0,0,0
Naming Rules,method,antlr4,0.9,0.5,org.antlr.v4.test.TestCommonTokenStream,288,0,0,0,0,0,0
Optimization Rules,method,antlr4,0.9,0.5,org.antlr.v4.test.TestCommonTokenStream,288,0,0,0,0,0,0
Security Code Guideline Rules,method,antlr4,0.9,0.5,org.antlr.v4.test.TestCommonTokenStream,288,0,0,0,0,0,0
Strict Exception Rules,method,antlr4,0.9,0.5,org.antlr.v4.test.TestCommonTokenStream,288,0,0,0,0,0,0
String and StringBuffer Rules,method,antlr4,0.9,0.5,org.antlr.v4.test.TestCommonTokenStream,288,0,0,0,0,0,0
Type Resolution Rules,method,antlr4,0.9,0.5,org.antlr.v4.test.TestCommonTokenStream,288,0,0,0,0,0,0
Unnecessary and Unused Code Rules,method,antlr4,0.9,0.5,org.antlr.v4.test.TestCommonTokenStream,288,0,0,0,0,0,0
Vulnerability Rules,method,antlr4,0.9,0.5,org.antlr.v4.test.TestCommonTokenStream,288,0,0,0,0,0,0
CC,method,antlr4,0.9,0.5,org.antlr.v4.codegen.target.JavaScriptTarget,144,1,1,1,1,1,1
CCL,method,antlr4,0.9,0.5,org.antlr.v4.codegen.target.JavaScriptTarget,144,1,1,1,1,1,1
CCO,method,antlr4,0.9,0.5,org.antlr.v4.codegen.target.JavaScriptTarget,144,1,1,1,1,1,1
CI,method,antlr4,0.9,0.5,org.antlr.v4.codegen.target.JavaScriptTarget,144,1,1,1,1,1,1
CLC,method,antlr4,0.9,0.5,org.antlr.v4.codegen.target.JavaScriptTarget,144,1,1,1,1,1,1
CLLC,method,antlr4,0.9,0.5,org.antlr.v4.codegen.target.JavaScriptTarget,144,1,1,1,1,1,1
LDC,method,antlr4,0.9,0.5,org.antlr.v4.codegen.target.JavaScriptTarget,144,1,1,1,1,1,1
LLDC,method,antlr4,0.9,0.5,org.antlr.v4.codegen.target.JavaScriptTarget,144,1,1,1,1,1,1
HCPL,method,antlr4,0.9,0.5,org.antlr.v4.codegen.target.JavaScriptTarget,144,1,1,1,1,1,1
HDIF,method,antlr4,0.9,0.5,org.antlr.v4.codegen.target.JavaScriptTarget,144,1,1,1,1,1,1
HEFF,method,antlr4,0.9,0.5,org.antlr.v4.codegen.target.JavaScriptTarget,144,1,1,1,1,1,1
HNDB,method,antlr4,0.9,0.5,org.antlr.v4.codegen.target.JavaScriptTarget,144,1,1,1,1,1,1
HPL,method,antlr4,0.9,0.5,org.antlr.v4.codegen.target.JavaScriptTarget,144,1,1,1,1,1,1
HPV,method,antlr4,0.9,0.5,org.antlr.v4.codegen.target.JavaScriptTarget,144,1,1,1,1,1,1
HTRP,method,antlr4,0.9,0.5,org.antlr.v4.codegen.target.JavaScriptTarget,144,1,1,1,1,1,1
HVOL,method,antlr4,0.9,0.5,org.antlr.v4.codegen.target.JavaScriptTarget,144,1,1,1,1,1,1
MI,method,antlr4,0.9,0.5,org.antlr.v4.codegen.target.JavaScriptTarget,144,1,1,1,1,1,1
MIMS,method,antlr4,0.9,0.5,org.antlr.v4.codegen.target.JavaScriptTarget,144,1,1,1,1,1,1
MISEI,method,antlr4,0.9,0.5,org.antlr.v4.codegen.target.JavaScriptTarget,144,1,1,1,1,1,1
MISM,method,antlr4,0.9,0.5,org.antlr.v4.codegen.target.JavaScriptTarget,144,1,1,1,1,1,1
McCC,method,antlr4,0.9,0.5,org.antlr.v4.codegen.target.JavaScriptTarget,144,1,1,1,1,1,1
NL,method,antlr4,0.9,0.5,org.antlr.v4.codegen.target.JavaScriptTarget,144,0,0,0,1,1,1
NLE,method,antlr4,0.9,0.5,org.antlr.v4.codegen.target.JavaScriptTarget,144,0,0,0,1,1,1
NII,method,antlr4,0.9,0.5,org.antlr.v4.codegen.target.JavaScriptTarget,144,0,0,0,1,1,1
NOI,method,antlr4,0.9,0.5,org.antlr.v4.codegen.target.JavaScriptTarget,144,0,0,0,1,1,1
CD,method,antlr4,0.9,0.5,org.antlr.v4.codegen.target.JavaScriptTarget,144,0,0,0,1,1,1
CLOC,method,antlr4,0.9,0.5,org.antlr.v4.codegen.target.JavaScriptTarget,144,0,0,0,1,1,1
DLOC,method,antlr4,0.9,0.5,org.antlr.v4.codegen.target.JavaScriptTarget,144,0,0,0,1,1,1
TCD,method,antlr4,0.9,0.5,org.antlr.v4.codegen.target.JavaScriptTarget,144,0,0,0,1,1,1
TCLOC,method,antlr4,0.9,0.5,org.antlr.v4.codegen.target.JavaScriptTarget,144,0,0,0,1,1,1
LLOC,method,antlr4,0.9,0.5,org.antlr.v4.codegen.target.JavaScriptTarget,144,1,1,1,1,1,1
LOC,method,antlr4,0.9,0.5,org.antlr.v4.codegen.target.JavaScriptTarget,144,1,1,1,1,1,1
NOS,method,antlr4,0.9,0.5,org.antlr.v4.codegen.target.JavaScriptTarget,144,1,1,1,1,1,1
NUMPAR,method,antlr4,0.9,0.5,org.antlr.v4.codegen.target.JavaScriptTarget,144,0,0,0,1,1,1
TLLOC,method,antlr4,0.9,0.5,org.antlr.v4.codegen.target.JavaScriptTarget,144,1,1,1,1,1,1
TLOC,method,antlr4,0.9,0.5,org.antlr.v4.codegen.target.JavaScriptTarget,144,1,1,1,1,1,1
TNOS,method,antlr4,0.9,0.5,org.antlr.v4.codegen.target.JavaScriptTarget,144,0,0,0,0,0,0
WarningBlocker,method,antlr4,0.9,0.5,org.antlr.v4.codegen.target.JavaScriptTarget,144,0,0,0,0,0,0
WarningCritical,method,antlr4,0.9,0.5,org.antlr.v4.codegen.target.JavaScriptTarget,144,0,0,0,0,0,0
WarningInfo,method,antlr4,0.9,0.5,org.antlr.v4.codegen.target.JavaScriptTarget,144,0,0,0,0,0,0
WarningMajor,method,antlr4,0.9,0.5,org.antlr.v4.codegen.target.JavaScriptTarget,144,0,0,0,0,0,0
WarningMinor,method,antlr4,0.9,0.5,org.antlr.v4.codegen.target.JavaScriptTarget,144,0,0,0,0,0,0
Android Rules,method,antlr4,0.9,0.5,org.antlr.v4.codegen.target.JavaScriptTarget,144,0,0,0,0,0,0
Basic Rules,method,antlr4,0.9,0.5,org.antlr.v4.codegen.target.JavaScriptTarget,144,0,0,0,0,0,0
Brace Rules,method,antlr4,0.9,0.5,org.antlr.v4.codegen.target.JavaScriptTarget,144,0,0,0,0,0,0
Clone Implementation Rules,method,antlr4,0.9,0.5,org.antlr.v4.codegen.target.JavaScriptTarget,144,0,0,0,0,0,0
Code Size Rules,method,antlr4,0.9,0.5,org.antlr.v4.codegen.target.JavaScriptTarget,144,0,0,0,0,0,0
Comment Rules,method,antlr4,0.9,0.5,org.antlr.v4.codegen.target.JavaScriptTarget,144,0,0,0,0,0,0
Controversial Rules,method,antlr4,0.9,0.5,org.antlr.v4.codegen.target.JavaScriptTarget,144,0,0,0,0,0,0
Coupling Rules,method,antlr4,0.9,0.5,org.antlr.v4.codegen.target.JavaScriptTarget,144,0,0,0,0,0,0
Design Rules,method,antlr4,0.9,0.5,org.antlr.v4.codegen.target.JavaScriptTarget,144,0,0,0,0,0,0
Empty Code Rules,method,antlr4,0.9,0.5,org.antlr.v4.codegen.target.JavaScriptTarget,144,0,0,0,0,0,0
Finalizer Rules,method,antlr4,0.9,0.5,org.antlr.v4.codegen.target.JavaScriptTarget,144,0,0,0,0,0,0
Import Statement Rules,method,antlr4,0.9,0.5,org.antlr.v4.codegen.target.JavaScriptTarget,144,0,0,0,0,0,0
J2EE Rules,method,antlr4,0.9,0.5,org.antlr.v4.codegen.target.JavaScriptTarget,144,0,0,0,0,0,0
JUnit Rules,method,antlr4,0.9,0.5,org.antlr.v4.codegen.target.JavaScriptTarget,144,0,0,0,0,0,0
Jakarta Commons Logging Rules,method,antlr4,0.9,0.5,org.antlr.v4.codegen.target.JavaScriptTarget,144,0,0,0,0,0,0
Java Logging Rules,method,antlr4,0.9,0.5,org.antlr.v4.codegen.target.JavaScriptTarget,144,0,0,0,0,0,0
JavaBean Rules,method,antlr4,0.9,0.5,org.antlr.v4.codegen.target.JavaScriptTarget,144,0,0,0,0,0,0
MigratingToJUnit4 Rules,method,antlr4,0.9,0.5,org.antlr.v4.codegen.target.JavaScriptTarget,144,0,0,0,0,0,0
Migration Rules,method,antlr4,0.9,0.5,org.antlr.v4.codegen.target.JavaScriptTarget,144,0,0,0,0,0,0
Migration13 Rules,method,antlr4,0.9,0.5,org.antlr.v4.codegen.target.JavaScriptTarget,144,0,0,0,0,0,0
Migration14 Rules,method,antlr4,0.9,0.5,org.antlr.v4.codegen.target.JavaScriptTarget,144,0,0,0,0,0,0
Migration15 Rules,method,antlr4,0.9,0.5,org.antlr.v4.codegen.target.JavaScriptTarget,144,0,0,0,0,0,0
Naming Rules,method,antlr4,0.9,0.5,org.antlr.v4.codegen.target.JavaScriptTarget,144,0,0,0,0,0,0
Optimization Rules,method,antlr4,0.9,0.5,org.antlr.v4.codegen.target.JavaScriptTarget,144,0,0,0,0,0,0
Security Code Guideline Rules,method,antlr4,0.9,0.5,org.antlr.v4.codegen.target.JavaScriptTarget,144,0,0,0,0,0,0
Strict Exception Rules,method,antlr4,0.9,0.5,org.antlr.v4.codegen.target.JavaScriptTarget,144,0,0,0,0,0,0
String and StringBuffer Rules,method,antlr4,0.9,0.5,org.antlr.v4.codegen.target.JavaScriptTarget,144,0,0,0,0,0,0
Type Resolution Rules,method,antlr4,0.9,0.5,org.antlr.v4.codegen.target.JavaScriptTarget,144,0,0,0,0,0,0
Unnecessary and Unused Code Rules,method,antlr4,0.9,0.5,org.antlr.v4.codegen.target.JavaScriptTarget,144,0,0,0,0,0,0
Vulnerability Rules,method,antlr4,0.9,0.5,org.antlr.v4.codegen.target.JavaScriptTarget,144,0,0,0,0,0,0
CC,method,antlr4,0.9,0.5,org.antlr.v4.parse.TokenVocabParser,144,0,0,0,1,1,1
CCL,method,antlr4,0.9,0.5,org.antlr.v4.parse.TokenVocabParser,144,0,0,0,1,1,1
CCO,method,antlr4,0.9,0.5,org.antlr.v4.parse.TokenVocabParser,144,0,0,0,1,1,1
CI,method,antlr4,0.9,0.5,org.antlr.v4.parse.TokenVocabParser,144,0,0,0,1,1,1
CLC,method,antlr4,0.9,0.5,org.antlr.v4.parse.TokenVocabParser,144,0,0,0,1,1,1
CLLC,method,antlr4,0.9,0.5,org.antlr.v4.parse.TokenVocabParser,144,0,0,0,1,1,1
LDC,method,antlr4,0.9,0.5,org.antlr.v4.parse.TokenVocabParser,144,0,0,0,1,1,1
LLDC,method,antlr4,0.9,0.5,org.antlr.v4.parse.TokenVocabParser,144,0,0,0,1,1,1
HCPL,method,antlr4,0.9,0.5,org.antlr.v4.parse.TokenVocabParser,144,1,1,1,1,1,1
HDIF,method,antlr4,0.9,0.5,org.antlr.v4.parse.TokenVocabParser,144,1,1,1,1,1,1
HEFF,method,antlr4,0.9,0.5,org.antlr.v4.parse.TokenVocabParser,144,1,1,1,1,1,1
HNDB,method,antlr4,0.9,0.5,org.antlr.v4.parse.TokenVocabParser,144,1,1,1,1,1,1
HPL,method,antlr4,0.9,0.5,org.antlr.v4.parse.TokenVocabParser,144,1,1,1,1,1,1
HPV,method,antlr4,0.9,0.5,org.antlr.v4.parse.TokenVocabParser,144,1,1,1,1,1,1
HTRP,method,antlr4,0.9,0.5,org.antlr.v4.parse.TokenVocabParser,144,1,1,1,1,1,1
HVOL,method,antlr4,0.9,0.5,org.antlr.v4.parse.TokenVocabParser,144,1,1,1,1,1,1
MI,method,antlr4,0.9,0.5,org.antlr.v4.parse.TokenVocabParser,144,1,1,1,1,1,1
MIMS,method,antlr4,0.9,0.5,org.antlr.v4.parse.TokenVocabParser,144,1,1,1,1,1,1
MISEI,method,antlr4,0.9,0.5,org.antlr.v4.parse.TokenVocabParser,144,1,1,1,1,1,1
MISM,method,antlr4,0.9,0.5,org.antlr.v4.parse.TokenVocabParser,144,1,1,1,1,1,1
McCC,method,antlr4,0.9,0.5,org.antlr.v4.parse.TokenVocabParser,144,1,1,1,1,1,1
NL,method,antlr4,0.9,0.5,org.antlr.v4.parse.TokenVocabParser,144,0,0,0,1,1,1
NLE,method,antlr4,0.9,0.5,org.antlr.v4.parse.TokenVocabParser,144,0,0,0,1,1,1
NII,method,antlr4,0.9,0.5,org.antlr.v4.parse.TokenVocabParser,144,0,0,0,1,1,1
NOI,method,antlr4,0.9,0.5,org.antlr.v4.parse.TokenVocabParser,144,0,0,0,1,1,1
CD,method,antlr4,0.9,0.5,org.antlr.v4.parse.TokenVocabParser,144,1,1,1,1,1,1
CLOC,method,antlr4,0.9,0.5,org.antlr.v4.parse.TokenVocabParser,144,0,0,0,1,1,1
DLOC,method,antlr4,0.9,0.5,org.antlr.v4.parse.TokenVocabParser,144,0,0,0,1,1,1
TCD,method,antlr4,0.9,0.5,org.antlr.v4.parse.TokenVocabParser,144,1,1,1,1,1,1
TCLOC,method,antlr4,0.9,0.5,org.antlr.v4.parse.TokenVocabParser,144,0,0,0,1,1,1
LLOC,method,antlr4,0.9,0.5,org.antlr.v4.parse.TokenVocabParser,144,1,1,1,1,1,1
LOC,method,antlr4,0.9,0.5,org.antlr.v4.parse.TokenVocabParser,144,1,1,1,1,1,1
NOS,method,antlr4,0.9,0.5,org.antlr.v4.parse.TokenVocabParser,144,1,1,1,1,1,1
NUMPAR,method,antlr4,0.9,0.5,org.antlr.v4.parse.TokenVocabParser,144,0,0,0,1,1,1
TLLOC,method,antlr4,0.9,0.5,org.antlr.v4.parse.TokenVocabParser,144,1,1,1,1,1,1
TLOC,method,antlr4,0.9,0.5,org.antlr.v4.parse.TokenVocabParser,144,1,1,1,1,1,1
TNOS,method,antlr4,0.9,0.5,org.antlr.v4.parse.TokenVocabParser,144,0,0,0,0,0,0
WarningBlocker,method,antlr4,0.9,0.5,org.antlr.v4.parse.TokenVocabParser,144,0,0,0,0,0,0
WarningCritical,method,antlr4,0.9,0.5,org.antlr.v4.parse.TokenVocabParser,144,0,0,0,0,0,0
WarningInfo,method,antlr4,0.9,0.5,org.antlr.v4.parse.TokenVocabParser,144,0,0,0,0,0,0
WarningMajor,method,antlr4,0.9,0.5,org.antlr.v4.parse.TokenVocabParser,144,0,0,0,0,0,0
WarningMinor,method,antlr4,0.9,0.5,org.antlr.v4.parse.TokenVocabParser,144,0,0,0,0,0,0
Android Rules,method,antlr4,0.9,0.5,org.antlr.v4.parse.TokenVocabParser,144,0,0,0,0,0,0
Basic Rules,method,antlr4,0.9,0.5,org.antlr.v4.parse.TokenVocabParser,144,0,0,0,0,0,0
Brace Rules,method,antlr4,0.9,0.5,org.antlr.v4.parse.TokenVocabParser,144,0,0,0,0,0,0
Clone Implementation Rules,method,antlr4,0.9,0.5,org.antlr.v4.parse.TokenVocabParser,144,0,0,0,0,0,0
Code Size Rules,method,antlr4,0.9,0.5,org.antlr.v4.parse.TokenVocabParser,144,0,0,0,0,0,0
Comment Rules,method,antlr4,0.9,0.5,org.antlr.v4.parse.TokenVocabParser,144,0,0,0,0,0,0
Controversial Rules,method,antlr4,0.9,0.5,org.antlr.v4.parse.TokenVocabParser,144,0,0,0,0,0,0
Coupling Rules,method,antlr4,0.9,0.5,org.antlr.v4.parse.TokenVocabParser,144,0,0,0,0,0,0
Design Rules,method,antlr4,0.9,0.5,org.antlr.v4.parse.TokenVocabParser,144,0,0,0,0,0,0
Empty Code Rules,method,antlr4,0.9,0.5,org.antlr.v4.parse.TokenVocabParser,144,0,0,0,0,0,0
Finalizer Rules,method,antlr4,0.9,0.5,org.antlr.v4.parse.TokenVocabParser,144,0,0,0,0,0,0
Import Statement Rules,method,antlr4,0.9,0.5,org.antlr.v4.parse.TokenVocabParser,144,0,0,0,0,0,0
J2EE Rules,method,antlr4,0.9,0.5,org.antlr.v4.parse.TokenVocabParser,144,0,0,0,0,0,0
JUnit Rules,method,antlr4,0.9,0.5,org.antlr.v4.parse.TokenVocabParser,144,0,0,0,0,0,0
Jakarta Commons Logging Rules,method,antlr4,0.9,0.5,org.antlr.v4.parse.TokenVocabParser,144,0,0,0,0,0,0
Java Logging Rules,method,antlr4,0.9,0.5,org.antlr.v4.parse.TokenVocabParser,144,0,0,0,0,0,0
JavaBean Rules,method,antlr4,0.9,0.5,org.antlr.v4.parse.TokenVocabParser,144,0,0,0,0,0,0
MigratingToJUnit4 Rules,method,antlr4,0.9,0.5,org.antlr.v4.parse.TokenVocabParser,144,0,0,0,0,0,0
Migration Rules,method,antlr4,0.9,0.5,org.antlr.v4.parse.TokenVocabParser,144,0,0,0,0,0,0
Migration13 Rules,method,antlr4,0.9,0.5,org.antlr.v4.parse.TokenVocabParser,144,0,0,0,0,0,0
Migration14 Rules,method,antlr4,0.9,0.5,org.antlr.v4.parse.TokenVocabParser,144,0,0,0,0,0,0
Migration15 Rules,method,antlr4,0.9,0.5,org.antlr.v4.parse.TokenVocabParser,144,0,0,0,0,0,0
Naming Rules,method,antlr4,0.9,0.5,org.antlr.v4.parse.TokenVocabParser,144,0,0,0,0,0,0
Optimization Rules,method,antlr4,0.9,0.5,org.antlr.v4.parse.TokenVocabParser,144,0,0,0,0,0,0
Security Code Guideline Rules,method,antlr4,0.9,0.5,org.antlr.v4.parse.TokenVocabParser,144,0,0,0,0,0,0
Strict Exception Rules,method,antlr4,0.9,0.5,org.antlr.v4.parse.TokenVocabParser,144,0,0,0,0,0,0
String and StringBuffer Rules,method,antlr4,0.9,0.5,org.antlr.v4.parse.TokenVocabParser,144,0,0,0,0,0,0
Type Resolution Rules,method,antlr4,0.9,0.5,org.antlr.v4.parse.TokenVocabParser,144,0,0,0,0,0,0
Unnecessary and Unused Code Rules,method,antlr4,0.9,0.5,org.antlr.v4.parse.TokenVocabParser,144,0,0,0,0,0,0
Vulnerability Rules,method,antlr4,0.9,0.5,org.antlr.v4.parse.TokenVocabParser,144,0,0,0,0,0,0
CC,method,antlr4,0.9,0.5,org.antlr.v4.runtime.misc.Array2DHashSet,144,0,0,0,1,1,1
CCL,method,antlr4,0.9,0.5,org.antlr.v4.runtime.misc.Array2DHashSet,144,0,0,0,1,1,1
CCO,method,antlr4,0.9,0.5,org.antlr.v4.runtime.misc.Array2DHashSet,144,0,0,0,1,1,1
CI,method,antlr4,0.9,0.5,org.antlr.v4.runtime.misc.Array2DHashSet,144,0,0,0,1,1,1
CLC,method,antlr4,0.9,0.5,org.antlr.v4.runtime.misc.Array2DHashSet,144,0,0,0,1,1,1
CLLC,method,antlr4,0.9,0.5,org.antlr.v4.runtime.misc.Array2DHashSet,144,0,0,0,1,1,1
LDC,method,antlr4,0.9,0.5,org.antlr.v4.runtime.misc.Array2DHashSet,144,0,0,0,1,1,1
LLDC,method,antlr4,0.9,0.5,org.antlr.v4.runtime.misc.Array2DHashSet,144,0,0,0,1,1,1
HCPL,method,antlr4,0.9,0.5,org.antlr.v4.runtime.misc.Array2DHashSet,144,1,1,1,1,1,1
HDIF,method,antlr4,0.9,0.5,org.antlr.v4.runtime.misc.Array2DHashSet,144,1,1,1,1,1,1
HEFF,method,antlr4,0.9,0.5,org.antlr.v4.runtime.misc.Array2DHashSet,144,1,1,1,1,1,1
HNDB,method,antlr4,0.9,0.5,org.antlr.v4.runtime.misc.Array2DHashSet,144,1,1,1,1,1,1
HPL,method,antlr4,0.9,0.5,org.antlr.v4.runtime.misc.Array2DHashSet,144,1,1,1,1,1,1
HPV,method,antlr4,0.9,0.5,org.antlr.v4.runtime.misc.Array2DHashSet,144,1,1,1,1,1,1
HTRP,method,antlr4,0.9,0.5,org.antlr.v4.runtime.misc.Array2DHashSet,144,1,1,1,1,1,1
HVOL,method,antlr4,0.9,0.5,org.antlr.v4.runtime.misc.Array2DHashSet,144,1,1,1,1,1,1
MI,method,antlr4,0.9,0.5,org.antlr.v4.runtime.misc.Array2DHashSet,144,1,1,1,1,1,1
MIMS,method,antlr4,0.9,0.5,org.antlr.v4.runtime.misc.Array2DHashSet,144,1,1,1,1,1,1
MISEI,method,antlr4,0.9,0.5,org.antlr.v4.runtime.misc.Array2DHashSet,144,1,1,1,1,1,1
MISM,method,antlr4,0.9,0.5,org.antlr.v4.runtime.misc.Array2DHashSet,144,1,1,1,1,1,1
McCC,method,antlr4,0.9,0.5,org.antlr.v4.runtime.misc.Array2DHashSet,144,0,0,0,1,1,1
NL,method,antlr4,0.9,0.5,org.antlr.v4.runtime.misc.Array2DHashSet,144,0,0,0,1,1,1
NLE,method,antlr4,0.9,0.5,org.antlr.v4.runtime.misc.Array2DHashSet,144,0,0,0,1,1,1
NII,method,antlr4,0.9,0.5,org.antlr.v4.runtime.misc.Array2DHashSet,144,0,0,0,1,1,1
NOI,method,antlr4,0.9,0.5,org.antlr.v4.runtime.misc.Array2DHashSet,144,0,0,0,1,1,1
CD,method,antlr4,0.9,0.5,org.antlr.v4.runtime.misc.Array2DHashSet,144,0,0,0,1,1,1
CLOC,method,antlr4,0.9,0.5,org.antlr.v4.runtime.misc.Array2DHashSet,144,0,0,0,1,1,1
DLOC,method,antlr4,0.9,0.5,org.antlr.v4.runtime.misc.Array2DHashSet,144,0,0,0,1,1,1
TCD,method,antlr4,0.9,0.5,org.antlr.v4.runtime.misc.Array2DHashSet,144,0,0,0,1,1,1
TCLOC,method,antlr4,0.9,0.5,org.antlr.v4.runtime.misc.Array2DHashSet,144,0,0,0,1,1,1
LLOC,method,antlr4,0.9,0.5,org.antlr.v4.runtime.misc.Array2DHashSet,144,1,1,1,1,1,1
LOC,method,antlr4,0.9,0.5,org.antlr.v4.runtime.misc.Array2DHashSet,144,1,1,1,1,1,1
NOS,method,antlr4,0.9,0.5,org.antlr.v4.runtime.misc.Array2DHashSet,144,1,1,1,1,1,1
NUMPAR,method,antlr4,0.9,0.5,org.antlr.v4.runtime.misc.Array2DHashSet,144,0,0,0,1,1,1
TLLOC,method,antlr4,0.9,0.5,org.antlr.v4.runtime.misc.Array2DHashSet,144,1,1,1,1,1,1
TLOC,method,antlr4,0.9,0.5,org.antlr.v4.runtime.misc.Array2DHashSet,144,1,1,1,1,1,1
TNOS,method,antlr4,0.9,0.5,org.antlr.v4.runtime.misc.Array2DHashSet,144,0,0,0,0,0,0
WarningBlocker,method,antlr4,0.9,0.5,org.antlr.v4.runtime.misc.Array2DHashSet,144,0,0,0,0,0,0
WarningCritical,method,antlr4,0.9,0.5,org.antlr.v4.runtime.misc.Array2DHashSet,144,0,0,0,0,0,0
WarningInfo,method,antlr4,0.9,0.5,org.antlr.v4.runtime.misc.Array2DHashSet,144,0,0,0,0,0,0
WarningMajor,method,antlr4,0.9,0.5,org.antlr.v4.runtime.misc.Array2DHashSet,144,0,0,0,0,0,0
WarningMinor,method,antlr4,0.9,0.5,org.antlr.v4.runtime.misc.Array2DHashSet,144,0,0,0,0,0,0
Android Rules,method,antlr4,0.9,0.5,org.antlr.v4.runtime.misc.Array2DHashSet,144,0,0,0,0,0,0
Basic Rules,method,antlr4,0.9,0.5,org.antlr.v4.runtime.misc.Array2DHashSet,144,0,0,0,0,0,0
Brace Rules,method,antlr4,0.9,0.5,org.antlr.v4.runtime.misc.Array2DHashSet,144,0,0,0,0,0,0
Clone Implementation Rules,method,antlr4,0.9,0.5,org.antlr.v4.runtime.misc.Array2DHashSet,144,0,0,0,0,0,0
Code Size Rules,method,antlr4,0.9,0.5,org.antlr.v4.runtime.misc.Array2DHashSet,144,0,0,0,0,0,0
Comment Rules,method,antlr4,0.9,0.5,org.antlr.v4.runtime.misc.Array2DHashSet,144,0,0,0,0,0,0
Controversial Rules,method,antlr4,0.9,0.5,org.antlr.v4.runtime.misc.Array2DHashSet,144,0,0,0,0,0,0
Coupling Rules,method,antlr4,0.9,0.5,org.antlr.v4.runtime.misc.Array2DHashSet,144,0,0,0,0,0,0
Design Rules,method,antlr4,0.9,0.5,org.antlr.v4.runtime.misc.Array2DHashSet,144,0,0,0,0,0,0
Empty Code Rules,method,antlr4,0.9,0.5,org.antlr.v4.runtime.misc.Array2DHashSet,144,0,0,0,0,0,0
Finalizer Rules,method,antlr4,0.9,0.5,org.antlr.v4.runtime.misc.Array2DHashSet,144,0,0,0,0,0,0
Import Statement Rules,method,antlr4,0.9,0.5,org.antlr.v4.runtime.misc.Array2DHashSet,144,0,0,0,0,0,0
J2EE Rules,method,antlr4,0.9,0.5,org.antlr.v4.runtime.misc.Array2DHashSet,144,0,0,0,0,0,0
JUnit Rules,method,antlr4,0.9,0.5,org.antlr.v4.runtime.misc.Array2DHashSet,144,0,0,0,0,0,0
Jakarta Commons Logging Rules,method,antlr4,0.9,0.5,org.antlr.v4.runtime.misc.Array2DHashSet,144,0,0,0,0,0,0
Java Logging Rules,method,antlr4,0.9,0.5,org.antlr.v4.runtime.misc.Array2DHashSet,144,0,0,0,0,0,0
JavaBean Rules,method,antlr4,0.9,0.5,org.antlr.v4.runtime.misc.Array2DHashSet,144,0,0,0,0,0,0
MigratingToJUnit4 Rules,method,antlr4,0.9,0.5,org.antlr.v4.runtime.misc.Array2DHashSet,144,0,0,0,0,0,0
Migration Rules,method,antlr4,0.9,0.5,org.antlr.v4.runtime.misc.Array2DHashSet,144,0,0,0,0,0,0
Migration13 Rules,method,antlr4,0.9,0.5,org.antlr.v4.runtime.misc.Array2DHashSet,144,0,0,0,0,0,0
Migration14 Rules,method,antlr4,0.9,0.5,org.antlr.v4.runtime.misc.Array2DHashSet,144,0,0,0,0,0,0
Migration15 Rules,method,antlr4,0.9,0.5,org.antlr.v4.runtime.misc.Array2DHashSet,144,0,0,0,0,0,0
Naming Rules,method,antlr4,0.9,0.5,org.antlr.v4.runtime.misc.Array2DHashSet,144,0,0,0,0,0,0
Optimization Rules,method,antlr4,0.9,0.5,org.antlr.v4.runtime.misc.Array2DHashSet,144,0,0,0,0,0,0
Security Code Guideline Rules,method,antlr4,0.9,0.5,org.antlr.v4.runtime.misc.Array2DHashSet,144,0,0,0,0,0,0
Strict Exception Rules,method,antlr4,0.9,0.5,org.antlr.v4.runtime.misc.Array2DHashSet,144,0,0,0,0,0,0
String and StringBuffer Rules,method,antlr4,0.9,0.5,org.antlr.v4.runtime.misc.Array2DHashSet,144,0,0,0,0,0,0
Type Resolution Rules,method,antlr4,0.9,0.5,org.antlr.v4.runtime.misc.Array2DHashSet,144,0,0,0,0,0,0
Unnecessary and Unused Code Rules,method,antlr4,0.9,0.5,org.antlr.v4.runtime.misc.Array2DHashSet,144,0,0,0,0,0,0
Vulnerability Rules,method,antlr4,0.9,0.5,org.antlr.v4.runtime.misc.Array2DHashSet,144,0,0,0,0,0,0
CC,method,antlr4,0.9,0.5,org.antlr.v4.tool.ast.GrammarASTWithOptions,144,0,0,0,1,1,1
CCL,method,antlr4,0.9,0.5,org.antlr.v4.tool.ast.GrammarASTWithOptions,144,0,0,0,1,1,1
CCO,method,antlr4,0.9,0.5,org.antlr.v4.tool.ast.GrammarASTWithOptions,144,0,0,0,1,1,1
CI,method,antlr4,0.9,0.5,org.antlr.v4.tool.ast.GrammarASTWithOptions,144,0,0,0,1,1,1
CLC,method,antlr4,0.9,0.5,org.antlr.v4.tool.ast.GrammarASTWithOptions,144,0,0,0,1,1,1
CLLC,method,antlr4,0.9,0.5,org.antlr.v4.tool.ast.GrammarASTWithOptions,144,0,0,0,1,1,1
LDC,method,antlr4,0.9,0.5,org.antlr.v4.tool.ast.GrammarASTWithOptions,144,0,0,0,1,1,1
LLDC,method,antlr4,0.9,0.5,org.antlr.v4.tool.ast.GrammarASTWithOptions,144,0,0,0,1,1,1
HCPL,method,antlr4,0.9,0.5,org.antlr.v4.tool.ast.GrammarASTWithOptions,144,0,0,0,1,1,1
HDIF,method,antlr4,0.9,0.5,org.antlr.v4.tool.ast.GrammarASTWithOptions,144,1,1,1,1,1,1
HEFF,method,antlr4,0.9,0.5,org.antlr.v4.tool.ast.GrammarASTWithOptions,144,1,1,1,1,1,1
HNDB,method,antlr4,0.9,0.5,org.antlr.v4.tool.ast.GrammarASTWithOptions,144,1,1,1,1,1,1
HPL,method,antlr4,0.9,0.5,org.antlr.v4.tool.ast.GrammarASTWithOptions,144,1,1,1,1,1,1
HPV,method,antlr4,0.9,0.5,org.antlr.v4.tool.ast.GrammarASTWithOptions,144,0,0,0,1,1,1
HTRP,method,antlr4,0.9,0.5,org.antlr.v4.tool.ast.GrammarASTWithOptions,144,1,1,1,1,1,1
HVOL,method,antlr4,0.9,0.5,org.antlr.v4.tool.ast.GrammarASTWithOptions,144,1,1,1,1,1,1
MI,method,antlr4,0.9,0.5,org.antlr.v4.tool.ast.GrammarASTWithOptions,144,1,1,1,1,1,1
MIMS,method,antlr4,0.9,0.5,org.antlr.v4.tool.ast.GrammarASTWithOptions,144,1,1,1,1,1,1
MISEI,method,antlr4,0.9,0.5,org.antlr.v4.tool.ast.GrammarASTWithOptions,144,1,1,1,1,1,1
MISM,method,antlr4,0.9,0.5,org.antlr.v4.tool.ast.GrammarASTWithOptions,144,1,1,1,1,1,1
McCC,method,antlr4,0.9,0.5,org.antlr.v4.tool.ast.GrammarASTWithOptions,144,0,0,0,1,1,1
NL,method,antlr4,0.9,0.5,org.antlr.v4.tool.ast.GrammarASTWithOptions,144,0,0,0,1,1,1
NLE,method,antlr4,0.9,0.5,org.antlr.v4.tool.ast.GrammarASTWithOptions,144,0,0,0,1,1,1
NII,method,antlr4,0.9,0.5,org.antlr.v4.tool.ast.GrammarASTWithOptions,144,0,0,0,1,1,1
NOI,method,antlr4,0.9,0.5,org.antlr.v4.tool.ast.GrammarASTWithOptions,144,0,0,0,1,1,1
CD,method,antlr4,0.9,0.5,org.antlr.v4.tool.ast.GrammarASTWithOptions,144,0,0,0,1,1,1
CLOC,method,antlr4,0.9,0.5,org.antlr.v4.tool.ast.GrammarASTWithOptions,144,0,0,0,1,1,1
DLOC,method,antlr4,0.9,0.5,org.antlr.v4.tool.ast.GrammarASTWithOptions,144,0,0,0,1,1,1
TCD,method,antlr4,0.9,0.5,org.antlr.v4.tool.ast.GrammarASTWithOptions,144,0,0,0,1,1,1
TCLOC,method,antlr4,0.9,0.5,org.antlr.v4.tool.ast.GrammarASTWithOptions,144,0,0,0,1,1,1
LLOC,method,antlr4,0.9,0.5,org.antlr.v4.tool.ast.GrammarASTWithOptions,144,0,0,0,1,1,1
LOC,method,antlr4,0.9,0.5,org.antlr.v4.tool.ast.GrammarASTWithOptions,144,0,0,0,1,1,1
NOS,method,antlr4,0.9,0.5,org.antlr.v4.tool.ast.GrammarASTWithOptions,144,0,0,0,1,1,1
NUMPAR,method,antlr4,0.9,0.5,org.antlr.v4.tool.ast.GrammarASTWithOptions,144,0,0,0,1,1,1
TLLOC,method,antlr4,0.9,0.5,org.antlr.v4.tool.ast.GrammarASTWithOptions,144,0,0,0,1,1,1
TLOC,method,antlr4,0.9,0.5,org.antlr.v4.tool.ast.GrammarASTWithOptions,144,0,0,0,1,1,1
TNOS,method,antlr4,0.9,0.5,org.antlr.v4.tool.ast.GrammarASTWithOptions,144,0,0,0,0,0,0
WarningBlocker,method,antlr4,0.9,0.5,org.antlr.v4.tool.ast.GrammarASTWithOptions,144,0,0,0,0,0,0
WarningCritical,method,antlr4,0.9,0.5,org.antlr.v4.tool.ast.GrammarASTWithOptions,144,0,0,0,0,0,0
WarningInfo,method,antlr4,0.9,0.5,org.antlr.v4.tool.ast.GrammarASTWithOptions,144,0,0,0,0,0,0
WarningMajor,method,antlr4,0.9,0.5,org.antlr.v4.tool.ast.GrammarASTWithOptions,144,0,0,0,0,0,0
WarningMinor,method,antlr4,0.9,0.5,org.antlr.v4.tool.ast.GrammarASTWithOptions,144,0,0,0,0,0,0
Android Rules,method,antlr4,0.9,0.5,org.antlr.v4.tool.ast.GrammarASTWithOptions,144,0,0,0,0,0,0
Basic Rules,method,antlr4,0.9,0.5,org.antlr.v4.tool.ast.GrammarASTWithOptions,144,0,0,0,0,0,0
Brace Rules,method,antlr4,0.9,0.5,org.antlr.v4.tool.ast.GrammarASTWithOptions,144,0,0,0,0,0,0
Clone Implementation Rules,method,antlr4,0.9,0.5,org.antlr.v4.tool.ast.GrammarASTWithOptions,144,0,0,0,0,0,0
Code Size Rules,method,antlr4,0.9,0.5,org.antlr.v4.tool.ast.GrammarASTWithOptions,144,0,0,0,0,0,0
Comment Rules,method,antlr4,0.9,0.5,org.antlr.v4.tool.ast.GrammarASTWithOptions,144,0,0,0,0,0,0
Controversial Rules,method,antlr4,0.9,0.5,org.antlr.v4.tool.ast.GrammarASTWithOptions,144,0,0,0,0,0,0
Coupling Rules,method,antlr4,0.9,0.5,org.antlr.v4.tool.ast.GrammarASTWithOptions,144,0,0,0,0,0,0
Design Rules,method,antlr4,0.9,0.5,org.antlr.v4.tool.ast.GrammarASTWithOptions,144,0,0,0,0,0,0
Empty Code Rules,method,antlr4,0.9,0.5,org.antlr.v4.tool.ast.GrammarASTWithOptions,144,0,0,0,0,0,0
Finalizer Rules,method,antlr4,0.9,0.5,org.antlr.v4.tool.ast.GrammarASTWithOptions,144,0,0,0,0,0,0
Import Statement Rules,method,antlr4,0.9,0.5,org.antlr.v4.tool.ast.GrammarASTWithOptions,144,0,0,0,0,0,0
J2EE Rules,method,antlr4,0.9,0.5,org.antlr.v4.tool.ast.GrammarASTWithOptions,144,0,0,0,0,0,0
JUnit Rules,method,antlr4,0.9,0.5,org.antlr.v4.tool.ast.GrammarASTWithOptions,144,0,0,0,0,0,0
Jakarta Commons Logging Rules,method,antlr4,0.9,0.5,org.antlr.v4.tool.ast.GrammarASTWithOptions,144,0,0,0,0,0,0
Java Logging Rules,method,antlr4,0.9,0.5,org.antlr.v4.tool.ast.GrammarASTWithOptions,144,0,0,0,0,0,0
JavaBean Rules,method,antlr4,0.9,0.5,org.antlr.v4.tool.ast.GrammarASTWithOptions,144,0,0,0,0,0,0
MigratingToJUnit4 Rules,method,antlr4,0.9,0.5,org.antlr.v4.tool.ast.GrammarASTWithOptions,144,0,0,0,0,0,0
Migration Rules,method,antlr4,0.9,0.5,org.antlr.v4.tool.ast.GrammarASTWithOptions,144,0,0,0,0,0,0
Migration13 Rules,method,antlr4,0.9,0.5,org.antlr.v4.tool.ast.GrammarASTWithOptions,144,0,0,0,0,0,0
Migration14 Rules,method,antlr4,0.9,0.5,org.antlr.v4.tool.ast.GrammarASTWithOptions,144,0,0,0,0,0,0
Migration15 Rules,method,antlr4,0.9,0.5,org.antlr.v4.tool.ast.GrammarASTWithOptions,144,0,0,0,0,0,0
Naming Rules,method,antlr4,0.9,0.5,org.antlr.v4.tool.ast.GrammarASTWithOptions,144,0,0,0,0,0,0
Optimization Rules,method,antlr4,0.9,0.5,org.antlr.v4.tool.ast.GrammarASTWithOptions,144,0,0,0,0,0,0
Security Code Guideline Rules,method,antlr4,0.9,0.5,org.antlr.v4.tool.ast.GrammarASTWithOptions,144,0,0,0,0,0,0
Strict Exception Rules,method,antlr4,0.9,0.5,org.antlr.v4.tool.ast.GrammarASTWithOptions,144,0,0,0,0,0,0
String and StringBuffer Rules,method,antlr4,0.9,0.5,org.antlr.v4.tool.ast.GrammarASTWithOptions,144,0,0,0,0,0,0
Type Resolution Rules,method,antlr4,0.9,0.5,org.antlr.v4.tool.ast.GrammarASTWithOptions,144,0,0,0,0,0,0
Unnecessary and Unused Code Rules,method,antlr4,0.9,0.5,org.antlr.v4.tool.ast.GrammarASTWithOptions,144,0,0,0,0,0,0
Vulnerability Rules,method,antlr4,0.9,0.5,org.antlr.v4.tool.ast.GrammarASTWithOptions,144,0,0,0,0,0,0
CC,method,antlr4,0.9,0.5,org.antlr.v4.test.TestLexerExec,144,0,0,0,1,1,1
CCL,method,antlr4,0.9,0.5,org.antlr.v4.test.TestLexerExec,144,0,0,0,1,1,1
CCO,method,antlr4,0.9,0.5,org.antlr.v4.test.TestLexerExec,144,0,0,0,1,1,1
CI,method,antlr4,0.9,0.5,org.antlr.v4.test.TestLexerExec,144,0,0,0,1,1,1
CLC,method,antlr4,0.9,0.5,org.antlr.v4.test.TestLexerExec,144,0,0,0,1,1,1
CLLC,method,antlr4,0.9,0.5,org.antlr.v4.test.TestLexerExec,144,0,0,0,1,1,1
LDC,method,antlr4,0.9,0.5,org.antlr.v4.test.TestLexerExec,144,0,0,0,1,1,1
LLDC,method,antlr4,0.9,0.5,org.antlr.v4.test.TestLexerExec,144,0,0,0,1,1,1
HCPL,method,antlr4,0.9,0.5,org.antlr.v4.test.TestLexerExec,144,0,0,0,1,1,1
HDIF,method,antlr4,0.9,0.5,org.antlr.v4.test.TestLexerExec,144,0,0,0,1,1,1
HEFF,method,antlr4,0.9,0.5,org.antlr.v4.test.TestLexerExec,144,0,0,0,1,1,1
HNDB,method,antlr4,0.9,0.5,org.antlr.v4.test.TestLexerExec,144,0,0,0,1,1,1
HPL,method,antlr4,0.9,0.5,org.antlr.v4.test.TestLexerExec,144,0,0,0,1,1,1
HPV,method,antlr4,0.9,0.5,org.antlr.v4.test.TestLexerExec,144,0,0,0,1,1,1
HTRP,method,antlr4,0.9,0.5,org.antlr.v4.test.TestLexerExec,144,0,0,0,1,1,1
HVOL,method,antlr4,0.9,0.5,org.antlr.v4.test.TestLexerExec,144,0,0,0,1,1,1
MI,method,antlr4,0.9,0.5,org.antlr.v4.test.TestLexerExec,144,0,0,0,1,1,1
MIMS,method,antlr4,0.9,0.5,org.antlr.v4.test.TestLexerExec,144,0,0,0,1,1,1
MISEI,method,antlr4,0.9,0.5,org.antlr.v4.test.TestLexerExec,144,1,1,1,1,1,1
MISM,method,antlr4,0.9,0.5,org.antlr.v4.test.TestLexerExec,144,1,1,1,1,1,1
McCC,method,antlr4,0.9,0.5,org.antlr.v4.test.TestLexerExec,144,0,0,0,1,1,1
NL,method,antlr4,0.9,0.5,org.antlr.v4.test.TestLexerExec,144,0,0,0,1,1,1
NLE,method,antlr4,0.9,0.5,org.antlr.v4.test.TestLexerExec,144,0,0,0,1,1,1
NII,method,antlr4,0.9,0.5,org.antlr.v4.test.TestLexerExec,144,0,0,0,1,1,1
NOI,method,antlr4,0.9,0.5,org.antlr.v4.test.TestLexerExec,144,0,0,0,1,1,1
CD,method,antlr4,0.9,0.5,org.antlr.v4.test.TestLexerExec,144,1,1,1,1,1,1
CLOC,method,antlr4,0.9,0.5,org.antlr.v4.test.TestLexerExec,144,1,1,1,1,1,1
DLOC,method,antlr4,0.9,0.5,org.antlr.v4.test.TestLexerExec,144,1,1,1,1,1,1
TCD,method,antlr4,0.9,0.5,org.antlr.v4.test.TestLexerExec,144,1,1,1,1,1,1
TCLOC,method,antlr4,0.9,0.5,org.antlr.v4.test.TestLexerExec,144,1,1,1,1,1,1
LLOC,method,antlr4,0.9,0.5,org.antlr.v4.test.TestLexerExec,144,0,0,0,1,1,1
LOC,method,antlr4,0.9,0.5,org.antlr.v4.test.TestLexerExec,144,0,0,0,1,1,1
NOS,method,antlr4,0.9,0.5,org.antlr.v4.test.TestLexerExec,144,0,0,0,1,1,1
NUMPAR,method,antlr4,0.9,0.5,org.antlr.v4.test.TestLexerExec,144,0,0,0,1,1,1
TLLOC,method,antlr4,0.9,0.5,org.antlr.v4.test.TestLexerExec,144,0,0,0,1,1,1
TLOC,method,antlr4,0.9,0.5,org.antlr.v4.test.TestLexerExec,144,0,0,0,1,1,1
TNOS,method,antlr4,0.9,0.5,org.antlr.v4.test.TestLexerExec,144,0,0,0,0,0,0
WarningBlocker,method,antlr4,0.9,0.5,org.antlr.v4.test.TestLexerExec,144,0,0,0,0,0,0
WarningCritical,method,antlr4,0.9,0.5,org.antlr.v4.test.TestLexerExec,144,0,0,0,0,0,0
WarningInfo,method,antlr4,0.9,0.5,org.antlr.v4.test.TestLexerExec,144,0,0,0,0,0,0
WarningMajor,method,antlr4,0.9,0.5,org.antlr.v4.test.TestLexerExec,144,0,0,0,0,0,0
WarningMinor,method,antlr4,0.9,0.5,org.antlr.v4.test.TestLexerExec,144,0,0,0,0,0,0
Android Rules,method,antlr4,0.9,0.5,org.antlr.v4.test.TestLexerExec,144,0,0,0,0,0,0
Basic Rules,method,antlr4,0.9,0.5,org.antlr.v4.test.TestLexerExec,144,0,0,0,0,0,0
Brace Rules,method,antlr4,0.9,0.5,org.antlr.v4.test.TestLexerExec,144,0,0,0,0,0,0
Clone Implementation Rules,method,antlr4,0.9,0.5,org.antlr.v4.test.TestLexerExec,144,0,0,0,0,0,0
Code Size Rules,method,antlr4,0.9,0.5,org.antlr.v4.test.TestLexerExec,144,0,0,0,0,0,0
Comment Rules,method,antlr4,0.9,0.5,org.antlr.v4.test.TestLexerExec,144,0,0,0,0,0,0
Controversial Rules,method,antlr4,0.9,0.5,org.antlr.v4.test.TestLexerExec,144,0,0,0,0,0,0
Coupling Rules,method,antlr4,0.9,0.5,org.antlr.v4.test.TestLexerExec,144,0,0,0,0,0,0
Design Rules,method,antlr4,0.9,0.5,org.antlr.v4.test.TestLexerExec,144,0,0,0,0,0,0
Empty Code Rules,method,antlr4,0.9,0.5,org.antlr.v4.test.TestLexerExec,144,0,0,0,0,0,0
Finalizer Rules,method,antlr4,0.9,0.5,org.antlr.v4.test.TestLexerExec,144,0,0,0,0,0,0
Import Statement Rules,method,antlr4,0.9,0.5,org.antlr.v4.test.TestLexerExec,144,0,0,0,0,0,0
J2EE Rules,method,antlr4,0.9,0.5,org.antlr.v4.test.TestLexerExec,144,0,0,0,0,0,0
JUnit Rules,method,antlr4,0.9,0.5,org.antlr.v4.test.TestLexerExec,144,0,0,0,0,0,0
Jakarta Commons Logging Rules,method,antlr4,0.9,0.5,org.antlr.v4.test.TestLexerExec,144,0,0,0,0,0,0
Java Logging Rules,method,antlr4,0.9,0.5,org.antlr.v4.test.TestLexerExec,144,0,0,0,0,0,0
JavaBean Rules,method,antlr4,0.9,0.5,org.antlr.v4.test.TestLexerExec,144,0,0,0,0,0,0
MigratingToJUnit4 Rules,method,antlr4,0.9,0.5,org.antlr.v4.test.TestLexerExec,144,0,0,0,0,0,0
Migration Rules,method,antlr4,0.9,0.5,org.antlr.v4.test.TestLexerExec,144,0,0,0,0,0,0
Migration13 Rules,method,antlr4,0.9,0.5,org.antlr.v4.test.TestLexerExec,144,0,0,0,0,0,0
Migration14 Rules,method,antlr4,0.9,0.5,org.antlr.v4.test.TestLexerExec,144,0,0,0,0,0,0
Migration15 Rules,method,antlr4,0.9,0.5,org.antlr.v4.test.TestLexerExec,144,0,0,0,0,0,0
Naming Rules,method,antlr4,0.9,0.5,org.antlr.v4.test.TestLexerExec,144,0,0,0,0,0,0
Optimization Rules,method,antlr4,0.9,0.5,org.antlr.v4.test.TestLexerExec,144,0,0,0,0,0,0
Security Code Guideline Rules,method,antlr4,0.9,0.5,org.antlr.v4.test.TestLexerExec,144,0,0,0,0,0,0
Strict Exception Rules,method,antlr4,0.9,0.5,org.antlr.v4.test.TestLexerExec,144,0,0,0,0,0,0
String and StringBuffer Rules,method,antlr4,0.9,0.5,org.antlr.v4.test.TestLexerExec,144,0,0,0,0,0,0
Type Resolution Rules,method,antlr4,0.9,0.5,org.antlr.v4.test.TestLexerExec,144,0,0,0,0,0,0
Unnecessary and Unused Code Rules,method,antlr4,0.9,0.5,org.antlr.v4.test.TestLexerExec,144,0,0,0,0,0,0
Vulnerability Rules,method,antlr4,0.9,0.5,org.antlr.v4.test.TestLexerExec,144,0,0,0,0,0,0
CC,method,antlr4,0.9,0.5,org.antlr.v4.test.TestCommonTokenStream$3,144,0,0,0,1,1,1
CCL,method,antlr4,0.9,0.5,org.antlr.v4.test.TestCommonTokenStream$3,144,0,0,0,1,1,1
CCO,method,antlr4,0.9,0.5,org.antlr.v4.test.TestCommonTokenStream$3,144,0,0,0,1,1,1
CI,method,antlr4,0.9,0.5,org.antlr.v4.test.TestCommonTokenStream$3,144,0,0,0,1,1,1
CLC,method,antlr4,0.9,0.5,org.antlr.v4.test.TestCommonTokenStream$3,144,0,0,0,1,1,1
CLLC,method,antlr4,0.9,0.5,org.antlr.v4.test.TestCommonTokenStream$3,144,0,0,0,1,1,1
LDC,method,antlr4,0.9,0.5,org.antlr.v4.test.TestCommonTokenStream$3,144,0,0,0,1,1,1
LLDC,method,antlr4,0.9,0.5,org.antlr.v4.test.TestCommonTokenStream$3,144,0,0,0,1,1,1
HCPL,method,antlr4,0.9,0.5,org.antlr.v4.test.TestCommonTokenStream$3,144,1,1,1,1,1,1
HDIF,method,antlr4,0.9,0.5,org.antlr.v4.test.TestCommonTokenStream$3,144,1,1,1,1,1,1
HEFF,method,antlr4,0.9,0.5,org.antlr.v4.test.TestCommonTokenStream$3,144,1,1,1,1,1,1
HNDB,method,antlr4,0.9,0.5,org.antlr.v4.test.TestCommonTokenStream$3,144,1,1,1,1,1,1
HPL,method,antlr4,0.9,0.5,org.antlr.v4.test.TestCommonTokenStream$3,144,1,1,1,1,1,1
HPV,method,antlr4,0.9,0.5,org.antlr.v4.test.TestCommonTokenStream$3,144,1,1,1,1,1,1
HTRP,method,antlr4,0.9,0.5,org.antlr.v4.test.TestCommonTokenStream$3,144,1,1,1,1,1,1
HVOL,method,antlr4,0.9,0.5,org.antlr.v4.test.TestCommonTokenStream$3,144,1,1,1,1,1,1
MI,method,antlr4,0.9,0.5,org.antlr.v4.test.TestCommonTokenStream$3,144,1,1,1,1,1,1
MIMS,method,antlr4,0.9,0.5,org.antlr.v4.test.TestCommonTokenStream$3,144,1,1,1,1,1,1
MISEI,method,antlr4,0.9,0.5,org.antlr.v4.test.TestCommonTokenStream$3,144,1,1,1,1,1,1
MISM,method,antlr4,0.9,0.5,org.antlr.v4.test.TestCommonTokenStream$3,144,1,1,1,1,1,1
McCC,method,antlr4,0.9,0.5,org.antlr.v4.test.TestCommonTokenStream$3,144,0,0,0,1,1,1
NL,method,antlr4,0.9,0.5,org.antlr.v4.test.TestCommonTokenStream$3,144,0,0,0,1,1,1
NLE,method,antlr4,0.9,0.5,org.antlr.v4.test.TestCommonTokenStream$3,144,0,0,0,1,1,1
NII,method,antlr4,0.9,0.5,org.antlr.v4.test.TestCommonTokenStream$3,144,0,0,0,1,1,1
NOI,method,antlr4,0.9,0.5,org.antlr.v4.test.TestCommonTokenStream$3,144,0,0,0,1,1,1
CD,method,antlr4,0.9,0.5,org.antlr.v4.test.TestCommonTokenStream$3,144,0,0,0,1,1,1
CLOC,method,antlr4,0.9,0.5,org.antlr.v4.test.TestCommonTokenStream$3,144,0,0,0,1,1,1
DLOC,method,antlr4,0.9,0.5,org.antlr.v4.test.TestCommonTokenStream$3,144,0,0,0,1,1,1
TCD,method,antlr4,0.9,0.5,org.antlr.v4.test.TestCommonTokenStream$3,144,0,0,0,1,1,1
TCLOC,method,antlr4,0.9,0.5,org.antlr.v4.test.TestCommonTokenStream$3,144,0,0,0,1,1,1
LLOC,method,antlr4,0.9,0.5,org.antlr.v4.test.TestCommonTokenStream$3,144,0,0,0,1,1,1
LOC,method,antlr4,0.9,0.5,org.antlr.v4.test.TestCommonTokenStream$3,144,0,0,0,1,1,1
NOS,method,antlr4,0.9,0.5,org.antlr.v4.test.TestCommonTokenStream$3,144,0,0,0,1,1,1
NUMPAR,method,antlr4,0.9,0.5,org.antlr.v4.test.TestCommonTokenStream$3,144,0,0,0,1,1,1
TLLOC,method,antlr4,0.9,0.5,org.antlr.v4.test.TestCommonTokenStream$3,144,0,0,0,1,1,1
TLOC,method,antlr4,0.9,0.5,org.antlr.v4.test.TestCommonTokenStream$3,144,0,0,0,1,1,1
TNOS,method,antlr4,0.9,0.5,org.antlr.v4.test.TestCommonTokenStream$3,144,0,0,0,0,0,0
WarningBlocker,method,antlr4,0.9,0.5,org.antlr.v4.test.TestCommonTokenStream$3,144,0,0,0,0,0,0
WarningCritical,method,antlr4,0.9,0.5,org.antlr.v4.test.TestCommonTokenStream$3,144,0,0,0,0,0,0
WarningInfo,method,antlr4,0.9,0.5,org.antlr.v4.test.TestCommonTokenStream$3,144,0,0,0,0,0,0
WarningMajor,method,antlr4,0.9,0.5,org.antlr.v4.test.TestCommonTokenStream$3,144,0,0,0,0,0,0
WarningMinor,method,antlr4,0.9,0.5,org.antlr.v4.test.TestCommonTokenStream$3,144,0,0,0,0,0,0
Android Rules,method,antlr4,0.9,0.5,org.antlr.v4.test.TestCommonTokenStream$3,144,0,0,0,0,0,0
Basic Rules,method,antlr4,0.9,0.5,org.antlr.v4.test.TestCommonTokenStream$3,144,0,0,0,0,0,0
Brace Rules,method,antlr4,0.9,0.5,org.antlr.v4.test.TestCommonTokenStream$3,144,0,0,0,0,0,0
Clone Implementation Rules,method,antlr4,0.9,0.5,org.antlr.v4.test.TestCommonTokenStream$3,144,0,0,0,0,0,0
Code Size Rules,method,antlr4,0.9,0.5,org.antlr.v4.test.TestCommonTokenStream$3,144,0,0,0,0,0,0
Comment Rules,method,antlr4,0.9,0.5,org.antlr.v4.test.TestCommonTokenStream$3,144,0,0,0,0,0,0
Controversial Rules,method,antlr4,0.9,0.5,org.antlr.v4.test.TestCommonTokenStream$3,144,0,0,0,0,0,0
Coupling Rules,method,antlr4,0.9,0.5,org.antlr.v4.test.TestCommonTokenStream$3,144,0,0,0,0,0,0
Design Rules,method,antlr4,0.9,0.5,org.antlr.v4.test.TestCommonTokenStream$3,144,0,0,0,0,0,0
Empty Code Rules,method,antlr4,0.9,0.5,org.antlr.v4.test.TestCommonTokenStream$3,144,0,0,0,0,0,0
Finalizer Rules,method,antlr4,0.9,0.5,org.antlr.v4.test.TestCommonTokenStream$3,144,0,0,0,0,0,0
Import Statement Rules,method,antlr4,0.9,0.5,org.antlr.v4.test.TestCommonTokenStream$3,144,0,0,0,0,0,0
J2EE Rules,method,antlr4,0.9,0.5,org.antlr.v4.test.TestCommonTokenStream$3,144,0,0,0,0,0,0
JUnit Rules,method,antlr4,0.9,0.5,org.antlr.v4.test.TestCommonTokenStream$3,144,0,0,0,0,0,0
Jakarta Commons Logging Rules,method,antlr4,0.9,0.5,org.antlr.v4.test.TestCommonTokenStream$3,144,0,0,0,0,0,0
Java Logging Rules,method,antlr4,0.9,0.5,org.antlr.v4.test.TestCommonTokenStream$3,144,0,0,0,0,0,0
JavaBean Rules,method,antlr4,0.9,0.5,org.antlr.v4.test.TestCommonTokenStream$3,144,0,0,0,0,0,0
MigratingToJUnit4 Rules,method,antlr4,0.9,0.5,org.antlr.v4.test.TestCommonTokenStream$3,144,0,0,0,0,0,0
Migration Rules,method,antlr4,0.9,0.5,org.antlr.v4.test.TestCommonTokenStream$3,144,0,0,0,0,0,0
Migration13 Rules,method,antlr4,0.9,0.5,org.antlr.v4.test.TestCommonTokenStream$3,144,0,0,0,0,0,0
Migration14 Rules,method,antlr4,0.9,0.5,org.antlr.v4.test.TestCommonTokenStream$3,144,0,0,0,0,0,0
Migration15 Rules,method,antlr4,0.9,0.5,org.antlr.v4.test.TestCommonTokenStream$3,144,0,0,0,0,0,0
Naming Rules,method,antlr4,0.9,0.5,org.antlr.v4.test.TestCommonTokenStream$3,144,0,0,0,0,0,0
Optimization Rules,method,antlr4,0.9,0.5,org.antlr.v4.test.TestCommonTokenStream$3,144,0,0,0,0,0,0
Security Code Guideline Rules,method,antlr4,0.9,0.5,org.antlr.v4.test.TestCommonTokenStream$3,144,0,0,0,0,0,0
Strict Exception Rules,method,antlr4,0.9,0.5,org.antlr.v4.test.TestCommonTokenStream$3,144,0,0,0,0,0,0
String and StringBuffer Rules,method,antlr4,0.9,0.5,org.antlr.v4.test.TestCommonTokenStream$3,144,0,0,0,0,0,0
Type Resolution Rules,method,antlr4,0.9,0.5,org.antlr.v4.test.TestCommonTokenStream$3,144,0,0,0,0,0,0
Unnecessary and Unused Code Rules,method,antlr4,0.9,0.5,org.antlr.v4.test.TestCommonTokenStream$3,144,0,0,0,0,0,0
Vulnerability Rules,method,antlr4,0.9,0.5,org.antlr.v4.test.TestCommonTokenStream$3,144,0,0,0,0,0,0
CC,method,antlr4,0.9,0.5,org.antlr.v4.runtime.UnbufferedCharStream,144,0,0,0,1,1,1
CCL,method,antlr4,0.9,0.5,org.antlr.v4.runtime.UnbufferedCharStream,144,0,0,0,1,1,1
CCO,method,antlr4,0.9,0.5,org.antlr.v4.runtime.UnbufferedCharStream,144,0,0,0,1,1,1
CI,method,antlr4,0.9,0.5,org.antlr.v4.runtime.UnbufferedCharStream,144,0,0,0,1,1,1
CLC,method,antlr4,0.9,0.5,org.antlr.v4.runtime.UnbufferedCharStream,144,0,0,0,1,1,1
CLLC,method,antlr4,0.9,0.5,org.antlr.v4.runtime.UnbufferedCharStream,144,0,0,0,1,1,1
LDC,method,antlr4,0.9,0.5,org.antlr.v4.runtime.UnbufferedCharStream,144,0,0,0,1,1,1
LLDC,method,antlr4,0.9,0.5,org.antlr.v4.runtime.UnbufferedCharStream,144,0,0,0,1,1,1
HCPL,method,antlr4,0.9,0.5,org.antlr.v4.runtime.UnbufferedCharStream,144,1,1,1,1,1,1
HDIF,method,antlr4,0.9,0.5,org.antlr.v4.runtime.UnbufferedCharStream,144,1,1,1,1,1,1
HEFF,method,antlr4,0.9,0.5,org.antlr.v4.runtime.UnbufferedCharStream,144,1,1,1,1,1,1
HNDB,method,antlr4,0.9,0.5,org.antlr.v4.runtime.UnbufferedCharStream,144,1,1,1,1,1,1
HPL,method,antlr4,0.9,0.5,org.antlr.v4.runtime.UnbufferedCharStream,144,1,1,1,1,1,1
HPV,method,antlr4,0.9,0.5,org.antlr.v4.runtime.UnbufferedCharStream,144,1,1,1,1,1,1
HTRP,method,antlr4,0.9,0.5,org.antlr.v4.runtime.UnbufferedCharStream,144,1,1,1,1,1,1
HVOL,method,antlr4,0.9,0.5,org.antlr.v4.runtime.UnbufferedCharStream,144,1,1,1,1,1,1
MI,method,antlr4,0.9,0.5,org.antlr.v4.runtime.UnbufferedCharStream,144,1,1,1,1,1,1
MIMS,method,antlr4,0.9,0.5,org.antlr.v4.runtime.UnbufferedCharStream,144,1,1,1,1,1,1
MISEI,method,antlr4,0.9,0.5,org.antlr.v4.runtime.UnbufferedCharStream,144,1,1,1,1,1,1
MISM,method,antlr4,0.9,0.5,org.antlr.v4.runtime.UnbufferedCharStream,144,1,1,1,1,1,1
McCC,method,antlr4,0.9,0.5,org.antlr.v4.runtime.UnbufferedCharStream,144,1,1,1,1,1,1
NL,method,antlr4,0.9,0.5,org.antlr.v4.runtime.UnbufferedCharStream,144,1,1,1,1,1,1
NLE,method,antlr4,0.9,0.5,org.antlr.v4.runtime.UnbufferedCharStream,144,1,1,1,1,1,1
NII,method,antlr4,0.9,0.5,org.antlr.v4.runtime.UnbufferedCharStream,144,0,0,0,1,1,1
NOI,method,antlr4,0.9,0.5,org.antlr.v4.runtime.UnbufferedCharStream,144,0,0,0,1,1,1
CD,method,antlr4,0.9,0.5,org.antlr.v4.runtime.UnbufferedCharStream,144,0,0,0,1,1,1
CLOC,method,antlr4,0.9,0.5,org.antlr.v4.runtime.UnbufferedCharStream,144,0,0,0,1,1,1
DLOC,method,antlr4,0.9,0.5,org.antlr.v4.runtime.UnbufferedCharStream,144,0,0,0,1,1,1
TCD,method,antlr4,0.9,0.5,org.antlr.v4.runtime.UnbufferedCharStream,144,0,0,0,1,1,1
TCLOC,method,antlr4,0.9,0.5,org.antlr.v4.runtime.UnbufferedCharStream,144,0,0,0,1,1,1
LLOC,method,antlr4,0.9,0.5,org.antlr.v4.runtime.UnbufferedCharStream,144,1,1,1,1,1,1
LOC,method,antlr4,0.9,0.5,org.antlr.v4.runtime.UnbufferedCharStream,144,1,1,1,1,1,1
NOS,method,antlr4,0.9,0.5,org.antlr.v4.runtime.UnbufferedCharStream,144,1,1,1,1,1,1
NUMPAR,method,antlr4,0.9,0.5,org.antlr.v4.runtime.UnbufferedCharStream,144,0,0,0,1,1,1
TLLOC,method,antlr4,0.9,0.5,org.antlr.v4.runtime.UnbufferedCharStream,144,1,1,1,1,1,1
TLOC,method,antlr4,0.9,0.5,org.antlr.v4.runtime.UnbufferedCharStream,144,1,1,1,1,1,1
TNOS,method,antlr4,0.9,0.5,org.antlr.v4.runtime.UnbufferedCharStream,144,0,0,0,0,0,0
WarningBlocker,method,antlr4,0.9,0.5,org.antlr.v4.runtime.UnbufferedCharStream,144,0,0,0,0,0,0
WarningCritical,method,antlr4,0.9,0.5,org.antlr.v4.runtime.UnbufferedCharStream,144,0,0,0,0,0,0
WarningInfo,method,antlr4,0.9,0.5,org.antlr.v4.runtime.UnbufferedCharStream,144,0,0,0,0,0,0
WarningMajor,method,antlr4,0.9,0.5,org.antlr.v4.runtime.UnbufferedCharStream,144,0,0,0,0,0,0
WarningMinor,method,antlr4,0.9,0.5,org.antlr.v4.runtime.UnbufferedCharStream,144,0,0,0,0,0,0
Android Rules,method,antlr4,0.9,0.5,org.antlr.v4.runtime.UnbufferedCharStream,144,0,0,0,0,0,0
Basic Rules,method,antlr4,0.9,0.5,org.antlr.v4.runtime.UnbufferedCharStream,144,0,0,0,0,0,0
Brace Rules,method,antlr4,0.9,0.5,org.antlr.v4.runtime.UnbufferedCharStream,144,0,0,0,0,0,0
Clone Implementation Rules,method,antlr4,0.9,0.5,org.antlr.v4.runtime.UnbufferedCharStream,144,0,0,0,0,0,0
Code Size Rules,method,antlr4,0.9,0.5,org.antlr.v4.runtime.UnbufferedCharStream,144,0,0,0,0,0,0
Comment Rules,method,antlr4,0.9,0.5,org.antlr.v4.runtime.UnbufferedCharStream,144,0,0,0,0,0,0
Controversial Rules,method,antlr4,0.9,0.5,org.antlr.v4.runtime.UnbufferedCharStream,144,0,0,0,0,0,0
Coupling Rules,method,antlr4,0.9,0.5,org.antlr.v4.runtime.UnbufferedCharStream,144,0,0,0,0,0,0
Design Rules,method,antlr4,0.9,0.5,org.antlr.v4.runtime.UnbufferedCharStream,144,0,0,0,0,0,0
Empty Code Rules,method,antlr4,0.9,0.5,org.antlr.v4.runtime.UnbufferedCharStream,144,0,0,0,0,0,0
Finalizer Rules,method,antlr4,0.9,0.5,org.antlr.v4.runtime.UnbufferedCharStream,144,0,0,0,0,0,0
Import Statement Rules,method,antlr4,0.9,0.5,org.antlr.v4.runtime.UnbufferedCharStream,144,0,0,0,0,0,0
J2EE Rules,method,antlr4,0.9,0.5,org.antlr.v4.runtime.UnbufferedCharStream,144,0,0,0,0,0,0
JUnit Rules,method,antlr4,0.9,0.5,org.antlr.v4.runtime.UnbufferedCharStream,144,0,0,0,0,0,0
Jakarta Commons Logging Rules,method,antlr4,0.9,0.5,org.antlr.v4.runtime.UnbufferedCharStream,144,0,0,0,0,0,0
Java Logging Rules,method,antlr4,0.9,0.5,org.antlr.v4.runtime.UnbufferedCharStream,144,0,0,0,0,0,0
JavaBean Rules,method,antlr4,0.9,0.5,org.antlr.v4.runtime.UnbufferedCharStream,144,0,0,0,0,0,0
MigratingToJUnit4 Rules,method,antlr4,0.9,0.5,org.antlr.v4.runtime.UnbufferedCharStream,144,0,0,0,0,0,0
Migration Rules,method,antlr4,0.9,0.5,org.antlr.v4.runtime.UnbufferedCharStream,144,0,0,0,0,0,0
Migration13 Rules,method,antlr4,0.9,0.5,org.antlr.v4.runtime.UnbufferedCharStream,144,0,0,0,0,0,0
Migration14 Rules,method,antlr4,0.9,0.5,org.antlr.v4.runtime.UnbufferedCharStream,144,0,0,0,0,0,0
Migration15 Rules,method,antlr4,0.9,0.5,org.antlr.v4.runtime.UnbufferedCharStream,144,0,0,0,0,0,0
Naming Rules,method,antlr4,0.9,0.5,org.antlr.v4.runtime.UnbufferedCharStream,144,0,0,0,0,0,0
Optimization Rules,method,antlr4,0.9,0.5,org.antlr.v4.runtime.UnbufferedCharStream,144,0,0,0,0,0,0
Security Code Guideline Rules,method,antlr4,0.9,0.5,org.antlr.v4.runtime.UnbufferedCharStream,144,0,0,0,0,0,0
Strict Exception Rules,method,antlr4,0.9,0.5,org.antlr.v4.runtime.UnbufferedCharStream,144,0,0,0,0,0,0
String and StringBuffer Rules,method,antlr4,0.9,0.5,org.antlr.v4.runtime.UnbufferedCharStream,144,0,0,0,0,0,0
Type Resolution Rules,method,antlr4,0.9,0.5,org.antlr.v4.runtime.UnbufferedCharStream,144,0,0,0,0,0,0
Unnecessary and Unused Code Rules,method,antlr4,0.9,0.5,org.antlr.v4.runtime.UnbufferedCharStream,144,0,0,0,0,0,0
Vulnerability Rules,method,antlr4,0.9,0.5,org.antlr.v4.runtime.UnbufferedCharStream,144,0,0,0,0,0,0
CC,method,antlr4,0.9,0.5,org.antlr.v4.runtime.FailedPredicateException,144,0,0,0,1,1,1
CCL,method,antlr4,0.9,0.5,org.antlr.v4.runtime.FailedPredicateException,144,0,0,0,1,1,1
CCO,method,antlr4,0.9,0.5,org.antlr.v4.runtime.FailedPredicateException,144,0,0,0,1,1,1
CI,method,antlr4,0.9,0.5,org.antlr.v4.runtime.FailedPredicateException,144,0,0,0,1,1,1
CLC,method,antlr4,0.9,0.5,org.antlr.v4.runtime.FailedPredicateException,144,0,0,0,1,1,1
CLLC,method,antlr4,0.9,0.5,org.antlr.v4.runtime.FailedPredicateException,144,0,0,0,1,1,1
LDC,method,antlr4,0.9,0.5,org.antlr.v4.runtime.FailedPredicateException,144,0,0,0,1,1,1
LLDC,method,antlr4,0.9,0.5,org.antlr.v4.runtime.FailedPredicateException,144,0,0,0,1,1,1
HCPL,method,antlr4,0.9,0.5,org.antlr.v4.runtime.FailedPredicateException,144,1,1,1,1,1,1
HDIF,method,antlr4,0.9,0.5,org.antlr.v4.runtime.FailedPredicateException,144,1,1,1,1,1,1
HEFF,method,antlr4,0.9,0.5,org.antlr.v4.runtime.FailedPredicateException,144,1,1,1,1,1,1
HNDB,method,antlr4,0.9,0.5,org.antlr.v4.runtime.FailedPredicateException,144,1,1,1,1,1,1
HPL,method,antlr4,0.9,0.5,org.antlr.v4.runtime.FailedPredicateException,144,1,1,1,1,1,1
HPV,method,antlr4,0.9,0.5,org.antlr.v4.runtime.FailedPredicateException,144,1,1,1,1,1,1
HTRP,method,antlr4,0.9,0.5,org.antlr.v4.runtime.FailedPredicateException,144,1,1,1,1,1,1
HVOL,method,antlr4,0.9,0.5,org.antlr.v4.runtime.FailedPredicateException,144,1,1,1,1,1,1
MI,method,antlr4,0.9,0.5,org.antlr.v4.runtime.FailedPredicateException,144,1,1,1,1,1,1
MIMS,method,antlr4,0.9,0.5,org.antlr.v4.runtime.FailedPredicateException,144,1,1,1,1,1,1
MISEI,method,antlr4,0.9,0.5,org.antlr.v4.runtime.FailedPredicateException,144,1,1,1,1,1,1
MISM,method,antlr4,0.9,0.5,org.antlr.v4.runtime.FailedPredicateException,144,1,1,1,1,1,1
McCC,method,antlr4,0.9,0.5,org.antlr.v4.runtime.FailedPredicateException,144,0,0,0,1,1,1
NL,method,antlr4,0.9,0.5,org.antlr.v4.runtime.FailedPredicateException,144,0,0,0,1,1,1
NLE,method,antlr4,0.9,0.5,org.antlr.v4.runtime.FailedPredicateException,144,0,0,0,1,1,1
NII,method,antlr4,0.9,0.5,org.antlr.v4.runtime.FailedPredicateException,144,0,0,0,1,1,1
NOI,method,antlr4,0.9,0.5,org.antlr.v4.runtime.FailedPredicateException,144,0,0,0,1,1,1
CD,method,antlr4,0.9,0.5,org.antlr.v4.runtime.FailedPredicateException,144,0,0,0,1,1,1
CLOC,method,antlr4,0.9,0.5,org.antlr.v4.runtime.FailedPredicateException,144,0,0,0,1,1,1
DLOC,method,antlr4,0.9,0.5,org.antlr.v4.runtime.FailedPredicateException,144,0,0,0,1,1,1
TCD,method,antlr4,0.9,0.5,org.antlr.v4.runtime.FailedPredicateException,144,0,0,0,1,1,1
TCLOC,method,antlr4,0.9,0.5,org.antlr.v4.runtime.FailedPredicateException,144,0,0,0,1,1,1
LLOC,method,antlr4,0.9,0.5,org.antlr.v4.runtime.FailedPredicateException,144,0,0,0,1,1,1
LOC,method,antlr4,0.9,0.5,org.antlr.v4.runtime.FailedPredicateException,144,0,0,0,1,1,1
NOS,method,antlr4,0.9,0.5,org.antlr.v4.runtime.FailedPredicateException,144,0,0,0,1,1,1
NUMPAR,method,antlr4,0.9,0.5,org.antlr.v4.runtime.FailedPredicateException,144,0,0,0,1,1,1
TLLOC,method,antlr4,0.9,0.5,org.antlr.v4.runtime.FailedPredicateException,144,0,0,0,1,1,1
TLOC,method,antlr4,0.9,0.5,org.antlr.v4.runtime.FailedPredicateException,144,0,0,0,1,1,1
TNOS,method,antlr4,0.9,0.5,org.antlr.v4.runtime.FailedPredicateException,144,0,0,0,0,0,0
WarningBlocker,method,antlr4,0.9,0.5,org.antlr.v4.runtime.FailedPredicateException,144,0,0,0,0,0,0
WarningCritical,method,antlr4,0.9,0.5,org.antlr.v4.runtime.FailedPredicateException,144,0,0,0,0,0,0
WarningInfo,method,antlr4,0.9,0.5,org.antlr.v4.runtime.FailedPredicateException,144,0,0,0,0,0,0
WarningMajor,method,antlr4,0.9,0.5,org.antlr.v4.runtime.FailedPredicateException,144,0,0,0,0,0,0
WarningMinor,method,antlr4,0.9,0.5,org.antlr.v4.runtime.FailedPredicateException,144,0,0,0,0,0,0
Android Rules,method,antlr4,0.9,0.5,org.antlr.v4.runtime.FailedPredicateException,144,0,0,0,0,0,0
Basic Rules,method,antlr4,0.9,0.5,org.antlr.v4.runtime.FailedPredicateException,144,0,0,0,0,0,0
Brace Rules,method,antlr4,0.9,0.5,org.antlr.v4.runtime.FailedPredicateException,144,0,0,0,0,0,0
Clone Implementation Rules,method,antlr4,0.9,0.5,org.antlr.v4.runtime.FailedPredicateException,144,0,0,0,0,0,0
Code Size Rules,method,antlr4,0.9,0.5,org.antlr.v4.runtime.FailedPredicateException,144,0,0,0,0,0,0
Comment Rules,method,antlr4,0.9,0.5,org.antlr.v4.runtime.FailedPredicateException,144,0,0,0,0,0,0
Controversial Rules,method,antlr4,0.9,0.5,org.antlr.v4.runtime.FailedPredicateException,144,0,0,0,0,0,0
Coupling Rules,method,antlr4,0.9,0.5,org.antlr.v4.runtime.FailedPredicateException,144,0,0,0,0,0,0
Design Rules,method,antlr4,0.9,0.5,org.antlr.v4.runtime.FailedPredicateException,144,0,0,0,0,0,0
Empty Code Rules,method,antlr4,0.9,0.5,org.antlr.v4.runtime.FailedPredicateException,144,0,0,0,0,0,0
Finalizer Rules,method,antlr4,0.9,0.5,org.antlr.v4.runtime.FailedPredicateException,144,0,0,0,0,0,0
Import Statement Rules,method,antlr4,0.9,0.5,org.antlr.v4.runtime.FailedPredicateException,144,0,0,0,0,0,0
J2EE Rules,method,antlr4,0.9,0.5,org.antlr.v4.runtime.FailedPredicateException,144,0,0,0,0,0,0
JUnit Rules,method,antlr4,0.9,0.5,org.antlr.v4.runtime.FailedPredicateException,144,0,0,0,0,0,0
Jakarta Commons Logging Rules,method,antlr4,0.9,0.5,org.antlr.v4.runtime.FailedPredicateException,144,0,0,0,0,0,0
Java Logging Rules,method,antlr4,0.9,0.5,org.antlr.v4.runtime.FailedPredicateException,144,0,0,0,0,0,0
JavaBean Rules,method,antlr4,0.9,0.5,org.antlr.v4.runtime.FailedPredicateException,144,0,0,0,0,0,0
MigratingToJUnit4 Rules,method,antlr4,0.9,0.5,org.antlr.v4.runtime.FailedPredicateException,144,0,0,0,0,0,0
Migration Rules,method,antlr4,0.9,0.5,org.antlr.v4.runtime.FailedPredicateException,144,0,0,0,0,0,0
Migration13 Rules,method,antlr4,0.9,0.5,org.antlr.v4.runtime.FailedPredicateException,144,0,0,0,0,0,0
Migration14 Rules,method,antlr4,0.9,0.5,org.antlr.v4.runtime.FailedPredicateException,144,0,0,0,0,0,0
Migration15 Rules,method,antlr4,0.9,0.5,org.antlr.v4.runtime.FailedPredicateException,144,0,0,0,0,0,0
Naming Rules,method,antlr4,0.9,0.5,org.antlr.v4.runtime.FailedPredicateException,144,0,0,0,0,0,0
Optimization Rules,method,antlr4,0.9,0.5,org.antlr.v4.runtime.FailedPredicateException,144,0,0,0,0,0,0
Security Code Guideline Rules,method,antlr4,0.9,0.5,org.antlr.v4.runtime.FailedPredicateException,144,0,0,0,0,0,0
Strict Exception Rules,method,antlr4,0.9,0.5,org.antlr.v4.runtime.FailedPredicateException,144,0,0,0,0,0,0
String and StringBuffer Rules,method,antlr4,0.9,0.5,org.antlr.v4.runtime.FailedPredicateException,144,0,0,0,0,0,0
Type Resolution Rules,method,antlr4,0.9,0.5,org.antlr.v4.runtime.FailedPredicateException,144,0,0,0,0,0,0
Unnecessary and Unused Code Rules,method,antlr4,0.9,0.5,org.antlr.v4.runtime.FailedPredicateException,144,0,0,0,0,0,0
Vulnerability Rules,method,antlr4,0.9,0.5,org.antlr.v4.runtime.FailedPredicateException,144,0,0,0,0,0,0
CC,method,antlr4,0.9,0.5,org.antlr.v4.automata.ATNSerializer,72,0,0,0,1,1,1
CCL,method,antlr4,0.9,0.5,org.antlr.v4.automata.ATNSerializer,72,0,0,0,1,1,1
CCO,method,antlr4,0.9,0.5,org.antlr.v4.automata.ATNSerializer,72,0,0,0,1,1,1
CI,method,antlr4,0.9,0.5,org.antlr.v4.automata.ATNSerializer,72,0,0,0,1,1,1
CLC,method,antlr4,0.9,0.5,org.antlr.v4.automata.ATNSerializer,72,0,0,0,1,1,1
CLLC,method,antlr4,0.9,0.5,org.antlr.v4.automata.ATNSerializer,72,0,0,0,1,1,1
LDC,method,antlr4,0.9,0.5,org.antlr.v4.automata.ATNSerializer,72,0,0,0,1,1,1
LLDC,method,antlr4,0.9,0.5,org.antlr.v4.automata.ATNSerializer,72,0,0,0,1,1,1
HCPL,method,antlr4,0.9,0.5,org.antlr.v4.automata.ATNSerializer,72,0,0,0,1,1,1
HDIF,method,antlr4,0.9,0.5,org.antlr.v4.automata.ATNSerializer,72,0,0,0,1,1,1
HEFF,method,antlr4,0.9,0.5,org.antlr.v4.automata.ATNSerializer,72,0,0,0,1,1,1
HNDB,method,antlr4,0.9,0.5,org.antlr.v4.automata.ATNSerializer,72,0,0,0,1,1,1
HPL,method,antlr4,0.9,0.5,org.antlr.v4.automata.ATNSerializer,72,0,0,0,1,1,1
HPV,method,antlr4,0.9,0.5,org.antlr.v4.automata.ATNSerializer,72,0,0,0,1,1,1
HTRP,method,antlr4,0.9,0.5,org.antlr.v4.automata.ATNSerializer,72,0,0,0,1,1,1
HVOL,method,antlr4,0.9,0.5,org.antlr.v4.automata.ATNSerializer,72,0,0,0,1,1,1
MI,method,antlr4,0.9,0.5,org.antlr.v4.automata.ATNSerializer,72,0,0,0,1,1,1
MIMS,method,antlr4,0.9,0.5,org.antlr.v4.automata.ATNSerializer,72,0,0,0,1,1,1
MISEI,method,antlr4,0.9,0.5,org.antlr.v4.automata.ATNSerializer,72,0,0,0,1,1,1
MISM,method,antlr4,0.9,0.5,org.antlr.v4.automata.ATNSerializer,72,0,0,0,1,1,1
McCC,method,antlr4,0.9,0.5,org.antlr.v4.automata.ATNSerializer,72,0,0,0,1,1,1
NL,method,antlr4,0.9,0.5,org.antlr.v4.automata.ATNSerializer,72,0,0,0,1,1,1
NLE,method,antlr4,0.9,0.5,org.antlr.v4.automata.ATNSerializer,72,0,0,0,1,1,1
NII,method,antlr4,0.9,0.5,org.antlr.v4.automata.ATNSerializer,72,0,0,0,1,1,1
NOI,method,antlr4,0.9,0.5,org.antlr.v4.automata.ATNSerializer,72,0,0,0,1,1,1
CD,method,antlr4,0.9,0.5,org.antlr.v4.automata.ATNSerializer,72,0,0,0,1,1,1
CLOC,method,antlr4,0.9,0.5,org.antlr.v4.automata.ATNSerializer,72,0,0,0,1,1,1
DLOC,method,antlr4,0.9,0.5,org.antlr.v4.automata.ATNSerializer,72,0,0,0,1,1,1
TCD,method,antlr4,0.9,0.5,org.antlr.v4.automata.ATNSerializer,72,0,0,0,1,1,1
TCLOC,method,antlr4,0.9,0.5,org.antlr.v4.automata.ATNSerializer,72,0,0,0,1,1,1
LLOC,method,antlr4,0.9,0.5,org.antlr.v4.automata.ATNSerializer,72,0,0,0,1,1,1
LOC,method,antlr4,0.9,0.5,org.antlr.v4.automata.ATNSerializer,72,0,0,0,1,1,1
NOS,method,antlr4,0.9,0.5,org.antlr.v4.automata.ATNSerializer,72,0,0,0,1,1,1
NUMPAR,method,antlr4,0.9,0.5,org.antlr.v4.automata.ATNSerializer,72,0,0,0,1,1,1
TLLOC,method,antlr4,0.9,0.5,org.antlr.v4.automata.ATNSerializer,72,0,0,0,1,1,1
TLOC,method,antlr4,0.9,0.5,org.antlr.v4.automata.ATNSerializer,72,0,0,0,1,1,1
TNOS,method,antlr4,0.9,0.5,org.antlr.v4.automata.ATNSerializer,72,0,0,0,0,0,0
WarningBlocker,method,antlr4,0.9,0.5,org.antlr.v4.automata.ATNSerializer,72,0,0,0,0,0,0
WarningCritical,method,antlr4,0.9,0.5,org.antlr.v4.automata.ATNSerializer,72,0,0,0,0,0,0
WarningInfo,method,antlr4,0.9,0.5,org.antlr.v4.automata.ATNSerializer,72,0,0,0,0,0,0
WarningMajor,method,antlr4,0.9,0.5,org.antlr.v4.automata.ATNSerializer,72,0,0,0,0,0,0
WarningMinor,method,antlr4,0.9,0.5,org.antlr.v4.automata.ATNSerializer,72,0,0,0,0,0,0
Android Rules,method,antlr4,0.9,0.5,org.antlr.v4.automata.ATNSerializer,72,0,0,0,0,0,0
Basic Rules,method,antlr4,0.9,0.5,org.antlr.v4.automata.ATNSerializer,72,0,0,0,0,0,0
Brace Rules,method,antlr4,0.9,0.5,org.antlr.v4.automata.ATNSerializer,72,0,0,0,0,0,0
Clone Implementation Rules,method,antlr4,0.9,0.5,org.antlr.v4.automata.ATNSerializer,72,0,0,0,0,0,0
Code Size Rules,method,antlr4,0.9,0.5,org.antlr.v4.automata.ATNSerializer,72,0,0,0,0,0,0
Comment Rules,method,antlr4,0.9,0.5,org.antlr.v4.automata.ATNSerializer,72,0,0,0,0,0,0
Controversial Rules,method,antlr4,0.9,0.5,org.antlr.v4.automata.ATNSerializer,72,0,0,0,0,0,0
Coupling Rules,method,antlr4,0.9,0.5,org.antlr.v4.automata.ATNSerializer,72,0,0,0,0,0,0
Design Rules,method,antlr4,0.9,0.5,org.antlr.v4.automata.ATNSerializer,72,0,0,0,0,0,0
Empty Code Rules,method,antlr4,0.9,0.5,org.antlr.v4.automata.ATNSerializer,72,0,0,0,0,0,0
Finalizer Rules,method,antlr4,0.9,0.5,org.antlr.v4.automata.ATNSerializer,72,0,0,0,0,0,0
Import Statement Rules,method,antlr4,0.9,0.5,org.antlr.v4.automata.ATNSerializer,72,0,0,0,0,0,0
J2EE Rules,method,antlr4,0.9,0.5,org.antlr.v4.automata.ATNSerializer,72,0,0,0,0,0,0
JUnit Rules,method,antlr4,0.9,0.5,org.antlr.v4.automata.ATNSerializer,72,0,0,0,0,0,0
Jakarta Commons Logging Rules,method,antlr4,0.9,0.5,org.antlr.v4.automata.ATNSerializer,72,0,0,0,0,0,0
Java Logging Rules,method,antlr4,0.9,0.5,org.antlr.v4.automata.ATNSerializer,72,0,0,0,0,0,0
JavaBean Rules,method,antlr4,0.9,0.5,org.antlr.v4.automata.ATNSerializer,72,0,0,0,0,0,0
MigratingToJUnit4 Rules,method,antlr4,0.9,0.5,org.antlr.v4.automata.ATNSerializer,72,0,0,0,0,0,0
Migration Rules,method,antlr4,0.9,0.5,org.antlr.v4.automata.ATNSerializer,72,0,0,0,0,0,0
Migration13 Rules,method,antlr4,0.9,0.5,org.antlr.v4.automata.ATNSerializer,72,0,0,0,0,0,0
Migration14 Rules,method,antlr4,0.9,0.5,org.antlr.v4.automata.ATNSerializer,72,0,0,0,0,0,0
Migration15 Rules,method,antlr4,0.9,0.5,org.antlr.v4.automata.ATNSerializer,72,0,0,0,0,0,0
Naming Rules,method,antlr4,0.9,0.5,org.antlr.v4.automata.ATNSerializer,72,0,0,0,0,0,0
Optimization Rules,method,antlr4,0.9,0.5,org.antlr.v4.automata.ATNSerializer,72,0,0,0,0,0,0
Security Code Guideline Rules,method,antlr4,0.9,0.5,org.antlr.v4.automata.ATNSerializer,72,0,0,0,0,0,0
Strict Exception Rules,method,antlr4,0.9,0.5,org.antlr.v4.automata.ATNSerializer,72,0,0,0,0,0,0
String and StringBuffer Rules,method,antlr4,0.9,0.5,org.antlr.v4.automata.ATNSerializer,72,0,0,0,0,0,0
Type Resolution Rules,method,antlr4,0.9,0.5,org.antlr.v4.automata.ATNSerializer,72,0,0,0,0,0,0
Unnecessary and Unused Code Rules,method,antlr4,0.9,0.5,org.antlr.v4.automata.ATNSerializer,72,0,0,0,0,0,0
Vulnerability Rules,method,antlr4,0.9,0.5,org.antlr.v4.automata.ATNSerializer,72,0,0,0,0,0,0
CC,method,antlr4,0.9,0.5,org.antlr.v4.runtime.ANTLRInputStream,144,0,0,0,1,1,1
CCL,method,antlr4,0.9,0.5,org.antlr.v4.runtime.ANTLRInputStream,144,0,0,0,1,1,1
CCO,method,antlr4,0.9,0.5,org.antlr.v4.runtime.ANTLRInputStream,144,0,0,0,1,1,1
CI,method,antlr4,0.9,0.5,org.antlr.v4.runtime.ANTLRInputStream,144,0,0,0,1,1,1
CLC,method,antlr4,0.9,0.5,org.antlr.v4.runtime.ANTLRInputStream,144,0,0,0,1,1,1
CLLC,method,antlr4,0.9,0.5,org.antlr.v4.runtime.ANTLRInputStream,144,0,0,0,1,1,1
LDC,method,antlr4,0.9,0.5,org.antlr.v4.runtime.ANTLRInputStream,144,0,0,0,1,1,1
LLDC,method,antlr4,0.9,0.5,org.antlr.v4.runtime.ANTLRInputStream,144,0,0,0,1,1,1
HCPL,method,antlr4,0.9,0.5,org.antlr.v4.runtime.ANTLRInputStream,144,1,1,1,1,1,1
HDIF,method,antlr4,0.9,0.5,org.antlr.v4.runtime.ANTLRInputStream,144,1,1,1,1,1,1
HEFF,method,antlr4,0.9,0.5,org.antlr.v4.runtime.ANTLRInputStream,144,1,1,1,1,1,1
HNDB,method,antlr4,0.9,0.5,org.antlr.v4.runtime.ANTLRInputStream,144,1,1,1,1,1,1
HPL,method,antlr4,0.9,0.5,org.antlr.v4.runtime.ANTLRInputStream,144,1,1,1,1,1,1
HPV,method,antlr4,0.9,0.5,org.antlr.v4.runtime.ANTLRInputStream,144,1,1,1,1,1,1
HTRP,method,antlr4,0.9,0.5,org.antlr.v4.runtime.ANTLRInputStream,144,1,1,1,1,1,1
HVOL,method,antlr4,0.9,0.5,org.antlr.v4.runtime.ANTLRInputStream,144,1,1,1,1,1,1
MI,method,antlr4,0.9,0.5,org.antlr.v4.runtime.ANTLRInputStream,144,1,1,1,1,1,1
MIMS,method,antlr4,0.9,0.5,org.antlr.v4.runtime.ANTLRInputStream,144,1,1,1,1,1,1
MISEI,method,antlr4,0.9,0.5,org.antlr.v4.runtime.ANTLRInputStream,144,1,1,1,1,1,1
MISM,method,antlr4,0.9,0.5,org.antlr.v4.runtime.ANTLRInputStream,144,1,1,1,1,1,1
McCC,method,antlr4,0.9,0.5,org.antlr.v4.runtime.ANTLRInputStream,144,1,1,1,1,1,1
NL,method,antlr4,0.9,0.5,org.antlr.v4.runtime.ANTLRInputStream,144,1,1,1,1,1,1
NLE,method,antlr4,0.9,0.5,org.antlr.v4.runtime.ANTLRInputStream,144,1,1,1,1,1,1
NII,method,antlr4,0.9,0.5,org.antlr.v4.runtime.ANTLRInputStream,144,0,0,0,1,1,1
NOI,method,antlr4,0.9,0.5,org.antlr.v4.runtime.ANTLRInputStream,144,0,0,0,1,1,1
CD,method,antlr4,0.9,0.5,org.antlr.v4.runtime.ANTLRInputStream,144,0,0,0,1,1,1
CLOC,method,antlr4,0.9,0.5,org.antlr.v4.runtime.ANTLRInputStream,144,0,0,0,1,1,1
DLOC,method,antlr4,0.9,0.5,org.antlr.v4.runtime.ANTLRInputStream,144,0,0,0,1,1,1
TCD,method,antlr4,0.9,0.5,org.antlr.v4.runtime.ANTLRInputStream,144,0,0,0,1,1,1
TCLOC,method,antlr4,0.9,0.5,org.antlr.v4.runtime.ANTLRInputStream,144,0,0,0,1,1,1
LLOC,method,antlr4,0.9,0.5,org.antlr.v4.runtime.ANTLRInputStream,144,1,1,1,1,1,1
LOC,method,antlr4,0.9,0.5,org.antlr.v4.runtime.ANTLRInputStream,144,1,1,1,1,1,1
NOS,method,antlr4,0.9,0.5,org.antlr.v4.runtime.ANTLRInputStream,144,1,1,1,1,1,1
NUMPAR,method,antlr4,0.9,0.5,org.antlr.v4.runtime.ANTLRInputStream,144,0,0,0,1,1,1
TLLOC,method,antlr4,0.9,0.5,org.antlr.v4.runtime.ANTLRInputStream,144,1,1,1,1,1,1
TLOC,method,antlr4,0.9,0.5,org.antlr.v4.runtime.ANTLRInputStream,144,1,1,1,1,1,1
TNOS,method,antlr4,0.9,0.5,org.antlr.v4.runtime.ANTLRInputStream,144,0,0,0,0,0,0
WarningBlocker,method,antlr4,0.9,0.5,org.antlr.v4.runtime.ANTLRInputStream,144,0,0,0,0,0,0
WarningCritical,method,antlr4,0.9,0.5,org.antlr.v4.runtime.ANTLRInputStream,144,0,0,0,0,0,0
WarningInfo,method,antlr4,0.9,0.5,org.antlr.v4.runtime.ANTLRInputStream,144,0,0,0,0,0,0
WarningMajor,method,antlr4,0.9,0.5,org.antlr.v4.runtime.ANTLRInputStream,144,0,0,0,0,0,0
WarningMinor,method,antlr4,0.9,0.5,org.antlr.v4.runtime.ANTLRInputStream,144,0,0,0,0,0,0
Android Rules,method,antlr4,0.9,0.5,org.antlr.v4.runtime.ANTLRInputStream,144,0,0,0,0,0,0
Basic Rules,method,antlr4,0.9,0.5,org.antlr.v4.runtime.ANTLRInputStream,144,0,0,0,0,0,0
Brace Rules,method,antlr4,0.9,0.5,org.antlr.v4.runtime.ANTLRInputStream,144,0,0,0,0,0,0
Clone Implementation Rules,method,antlr4,0.9,0.5,org.antlr.v4.runtime.ANTLRInputStream,144,0,0,0,0,0,0
Code Size Rules,method,antlr4,0.9,0.5,org.antlr.v4.runtime.ANTLRInputStream,144,0,0,0,0,0,0
Comment Rules,method,antlr4,0.9,0.5,org.antlr.v4.runtime.ANTLRInputStream,144,0,0,0,0,0,0
Controversial Rules,method,antlr4,0.9,0.5,org.antlr.v4.runtime.ANTLRInputStream,144,0,0,0,0,0,0
Coupling Rules,method,antlr4,0.9,0.5,org.antlr.v4.runtime.ANTLRInputStream,144,0,0,0,0,0,0
Design Rules,method,antlr4,0.9,0.5,org.antlr.v4.runtime.ANTLRInputStream,144,0,0,0,0,0,0
Empty Code Rules,method,antlr4,0.9,0.5,org.antlr.v4.runtime.ANTLRInputStream,144,0,0,0,0,0,0
Finalizer Rules,method,antlr4,0.9,0.5,org.antlr.v4.runtime.ANTLRInputStream,144,0,0,0,0,0,0
Import Statement Rules,method,antlr4,0.9,0.5,org.antlr.v4.runtime.ANTLRInputStream,144,0,0,0,0,0,0
J2EE Rules,method,antlr4,0.9,0.5,org.antlr.v4.runtime.ANTLRInputStream,144,0,0,0,0,0,0
JUnit Rules,method,antlr4,0.9,0.5,org.antlr.v4.runtime.ANTLRInputStream,144,0,0,0,0,0,0
Jakarta Commons Logging Rules,method,antlr4,0.9,0.5,org.antlr.v4.runtime.ANTLRInputStream,144,0,0,0,0,0,0
Java Logging Rules,method,antlr4,0.9,0.5,org.antlr.v4.runtime.ANTLRInputStream,144,0,0,0,0,0,0
JavaBean Rules,method,antlr4,0.9,0.5,org.antlr.v4.runtime.ANTLRInputStream,144,0,0,0,0,0,0
MigratingToJUnit4 Rules,method,antlr4,0.9,0.5,org.antlr.v4.runtime.ANTLRInputStream,144,0,0,0,0,0,0
Migration Rules,method,antlr4,0.9,0.5,org.antlr.v4.runtime.ANTLRInputStream,144,0,0,0,0,0,0
Migration13 Rules,method,antlr4,0.9,0.5,org.antlr.v4.runtime.ANTLRInputStream,144,0,0,0,0,0,0
Migration14 Rules,method,antlr4,0.9,0.5,org.antlr.v4.runtime.ANTLRInputStream,144,0,0,0,0,0,0
Migration15 Rules,method,antlr4,0.9,0.5,org.antlr.v4.runtime.ANTLRInputStream,144,0,0,0,0,0,0
Naming Rules,method,antlr4,0.9,0.5,org.antlr.v4.runtime.ANTLRInputStream,144,0,0,0,0,0,0
Optimization Rules,method,antlr4,0.9,0.5,org.antlr.v4.runtime.ANTLRInputStream,144,0,0,0,0,0,0
Security Code Guideline Rules,method,antlr4,0.9,0.5,org.antlr.v4.runtime.ANTLRInputStream,144,0,0,0,0,0,0
Strict Exception Rules,method,antlr4,0.9,0.5,org.antlr.v4.runtime.ANTLRInputStream,144,0,0,0,0,0,0
String and StringBuffer Rules,method,antlr4,0.9,0.5,org.antlr.v4.runtime.ANTLRInputStream,144,0,0,0,0,0,0
Type Resolution Rules,method,antlr4,0.9,0.5,org.antlr.v4.runtime.ANTLRInputStream,144,0,0,0,0,0,0
Unnecessary and Unused Code Rules,method,antlr4,0.9,0.5,org.antlr.v4.runtime.ANTLRInputStream,144,0,0,0,0,0,0
Vulnerability Rules,method,antlr4,0.9,0.5,org.antlr.v4.runtime.ANTLRInputStream,144,0,0,0,0,0,0
CC,method,antlr4,0.9,0.5,org.antlr.mojo.antlr4.Antlr4ErrorLog,504,1,1,1,1,1,1
CCL,method,antlr4,0.9,0.5,org.antlr.mojo.antlr4.Antlr4ErrorLog,504,1,1,1,1,1,1
CCO,method,antlr4,0.9,0.5,org.antlr.mojo.antlr4.Antlr4ErrorLog,504,1,1,1,1,1,1
CI,method,antlr4,0.9,0.5,org.antlr.mojo.antlr4.Antlr4ErrorLog,504,1,1,1,1,1,1
CLC,method,antlr4,0.9,0.5,org.antlr.mojo.antlr4.Antlr4ErrorLog,504,1,1,1,1,1,1
CLLC,method,antlr4,0.9,0.5,org.antlr.mojo.antlr4.Antlr4ErrorLog,504,1,1,1,1,1,1
LDC,method,antlr4,0.9,0.5,org.antlr.mojo.antlr4.Antlr4ErrorLog,504,1,1,1,1,1,1
LLDC,method,antlr4,0.9,0.5,org.antlr.mojo.antlr4.Antlr4ErrorLog,504,1,1,1,1,1,1
HCPL,method,antlr4,0.9,0.5,org.antlr.mojo.antlr4.Antlr4ErrorLog,504,1,1,1,1,1,1
HDIF,method,antlr4,0.9,0.5,org.antlr.mojo.antlr4.Antlr4ErrorLog,504,1,1,1,1,1,1
HEFF,method,antlr4,0.9,0.5,org.antlr.mojo.antlr4.Antlr4ErrorLog,504,1,1,1,1,1,1
HNDB,method,antlr4,0.9,0.5,org.antlr.mojo.antlr4.Antlr4ErrorLog,504,1,1,1,1,1,1
HPL,method,antlr4,0.9,0.5,org.antlr.mojo.antlr4.Antlr4ErrorLog,504,1,1,1,1,1,1
HPV,method,antlr4,0.9,0.5,org.antlr.mojo.antlr4.Antlr4ErrorLog,504,1,1,1,1,1,1
HTRP,method,antlr4,0.9,0.5,org.antlr.mojo.antlr4.Antlr4ErrorLog,504,1,1,1,1,1,1
HVOL,method,antlr4,0.9,0.5,org.antlr.mojo.antlr4.Antlr4ErrorLog,504,1,1,1,1,1,1
MI,method,antlr4,0.9,0.5,org.antlr.mojo.antlr4.Antlr4ErrorLog,504,1,1,1,1,1,1
MIMS,method,antlr4,0.9,0.5,org.antlr.mojo.antlr4.Antlr4ErrorLog,504,1,1,1,1,1,1
MISEI,method,antlr4,0.9,0.5,org.antlr.mojo.antlr4.Antlr4ErrorLog,504,1,1,1,1,1,1
MISM,method,antlr4,0.9,0.5,org.antlr.mojo.antlr4.Antlr4ErrorLog,504,1,1,1,1,1,1
McCC,method,antlr4,0.9,0.5,org.antlr.mojo.antlr4.Antlr4ErrorLog,504,1,1,1,1,1,1
NL,method,antlr4,0.9,0.5,org.antlr.mojo.antlr4.Antlr4ErrorLog,504,1,1,1,1,1,1
NLE,method,antlr4,0.9,0.5,org.antlr.mojo.antlr4.Antlr4ErrorLog,504,1,1,1,1,1,1
NII,method,antlr4,0.9,0.5,org.antlr.mojo.antlr4.Antlr4ErrorLog,504,1,1,1,0,0,0
NOI,method,antlr4,0.9,0.5,org.antlr.mojo.antlr4.Antlr4ErrorLog,504,0,0,0,1,1,1
CD,method,antlr4,0.9,0.5,org.antlr.mojo.antlr4.Antlr4ErrorLog,504,1,1,1,1,1,1
CLOC,method,antlr4,0.9,0.5,org.antlr.mojo.antlr4.Antlr4ErrorLog,504,1,1,1,1,1,1
DLOC,method,antlr4,0.9,0.5,org.antlr.mojo.antlr4.Antlr4ErrorLog,504,1,1,1,1,1,1
TCD,method,antlr4,0.9,0.5,org.antlr.mojo.antlr4.Antlr4ErrorLog,504,1,1,1,1,1,1
TCLOC,method,antlr4,0.9,0.5,org.antlr.mojo.antlr4.Antlr4ErrorLog,504,1,1,1,1,1,1
LLOC,method,antlr4,0.9,0.5,org.antlr.mojo.antlr4.Antlr4ErrorLog,504,1,1,1,1,1,1
LOC,method,antlr4,0.9,0.5,org.antlr.mojo.antlr4.Antlr4ErrorLog,504,1,1,1,1,1,1
NOS,method,antlr4,0.9,0.5,org.antlr.mojo.antlr4.Antlr4ErrorLog,504,1,1,1,1,1,1
NUMPAR,method,antlr4,0.9,0.5,org.antlr.mojo.antlr4.Antlr4ErrorLog,504,1,1,1,1,1,1
TLLOC,method,antlr4,0.9,0.5,org.antlr.mojo.antlr4.Antlr4ErrorLog,504,1,1,1,1,1,1
TLOC,method,antlr4,0.9,0.5,org.antlr.mojo.antlr4.Antlr4ErrorLog,504,1,1,1,1,1,1
TNOS,method,antlr4,0.9,0.5,org.antlr.mojo.antlr4.Antlr4ErrorLog,504,0,0,0,0,0,0
WarningBlocker,method,antlr4,0.9,0.5,org.antlr.mojo.antlr4.Antlr4ErrorLog,504,0,0,0,0,0,0
WarningCritical,method,antlr4,0.9,0.5,org.antlr.mojo.antlr4.Antlr4ErrorLog,504,0,0,0,0,0,0
WarningInfo,method,antlr4,0.9,0.5,org.antlr.mojo.antlr4.Antlr4ErrorLog,504,0,0,0,0,0,0
WarningMajor,method,antlr4,0.9,0.5,org.antlr.mojo.antlr4.Antlr4ErrorLog,504,0,0,0,0,0,0
WarningMinor,method,antlr4,0.9,0.5,org.antlr.mojo.antlr4.Antlr4ErrorLog,504,0,0,0,0,0,0
Android Rules,method,antlr4,0.9,0.5,org.antlr.mojo.antlr4.Antlr4ErrorLog,504,0,0,0,0,0,0
Basic Rules,method,antlr4,0.9,0.5,org.antlr.mojo.antlr4.Antlr4ErrorLog,504,0,0,0,0,0,0
Brace Rules,method,antlr4,0.9,0.5,org.antlr.mojo.antlr4.Antlr4ErrorLog,504,0,0,0,0,0,0
Clone Implementation Rules,method,antlr4,0.9,0.5,org.antlr.mojo.antlr4.Antlr4ErrorLog,504,0,0,0,0,0,0
Code Size Rules,method,antlr4,0.9,0.5,org.antlr.mojo.antlr4.Antlr4ErrorLog,504,0,0,0,0,0,0
Comment Rules,method,antlr4,0.9,0.5,org.antlr.mojo.antlr4.Antlr4ErrorLog,504,0,0,0,0,0,0
Controversial Rules,method,antlr4,0.9,0.5,org.antlr.mojo.antlr4.Antlr4ErrorLog,504,0,0,0,0,0,0
Coupling Rules,method,antlr4,0.9,0.5,org.antlr.mojo.antlr4.Antlr4ErrorLog,504,0,0,0,0,0,0
Design Rules,method,antlr4,0.9,0.5,org.antlr.mojo.antlr4.Antlr4ErrorLog,504,0,0,0,0,0,0
Empty Code Rules,method,antlr4,0.9,0.5,org.antlr.mojo.antlr4.Antlr4ErrorLog,504,0,0,0,0,0,0
Finalizer Rules,method,antlr4,0.9,0.5,org.antlr.mojo.antlr4.Antlr4ErrorLog,504,0,0,0,0,0,0
Import Statement Rules,method,antlr4,0.9,0.5,org.antlr.mojo.antlr4.Antlr4ErrorLog,504,0,0,0,0,0,0
J2EE Rules,method,antlr4,0.9,0.5,org.antlr.mojo.antlr4.Antlr4ErrorLog,504,0,0,0,0,0,0
JUnit Rules,method,antlr4,0.9,0.5,org.antlr.mojo.antlr4.Antlr4ErrorLog,504,0,0,0,0,0,0
Jakarta Commons Logging Rules,method,antlr4,0.9,0.5,org.antlr.mojo.antlr4.Antlr4ErrorLog,504,0,0,0,0,0,0
Java Logging Rules,method,antlr4,0.9,0.5,org.antlr.mojo.antlr4.Antlr4ErrorLog,504,0,0,0,0,0,0
JavaBean Rules,method,antlr4,0.9,0.5,org.antlr.mojo.antlr4.Antlr4ErrorLog,504,0,0,0,0,0,0
MigratingToJUnit4 Rules,method,antlr4,0.9,0.5,org.antlr.mojo.antlr4.Antlr4ErrorLog,504,0,0,0,0,0,0
Migration Rules,method,antlr4,0.9,0.5,org.antlr.mojo.antlr4.Antlr4ErrorLog,504,0,0,0,0,0,0
Migration13 Rules,method,antlr4,0.9,0.5,org.antlr.mojo.antlr4.Antlr4ErrorLog,504,0,0,0,0,0,0
Migration14 Rules,method,antlr4,0.9,0.5,org.antlr.mojo.antlr4.Antlr4ErrorLog,504,0,0,0,0,0,0
Migration15 Rules,method,antlr4,0.9,0.5,org.antlr.mojo.antlr4.Antlr4ErrorLog,504,0,0,0,0,0,0
Naming Rules,method,antlr4,0.9,0.5,org.antlr.mojo.antlr4.Antlr4ErrorLog,504,0,0,0,0,0,0
Optimization Rules,method,antlr4,0.9,0.5,org.antlr.mojo.antlr4.Antlr4ErrorLog,504,0,0,0,0,0,0
Security Code Guideline Rules,method,antlr4,0.9,0.5,org.antlr.mojo.antlr4.Antlr4ErrorLog,504,0,0,0,0,0,0
Strict Exception Rules,method,antlr4,0.9,0.5,org.antlr.mojo.antlr4.Antlr4ErrorLog,504,0,0,0,0,0,0
String and StringBuffer Rules,method,antlr4,0.9,0.5,org.antlr.mojo.antlr4.Antlr4ErrorLog,504,0,0,0,0,0,0
Type Resolution Rules,method,antlr4,0.9,0.5,org.antlr.mojo.antlr4.Antlr4ErrorLog,504,0,0,0,0,0,0
Unnecessary and Unused Code Rules,method,antlr4,0.9,0.5,org.antlr.mojo.antlr4.Antlr4ErrorLog,504,0,0,0,0,0,0
Vulnerability Rules,method,antlr4,0.9,0.5,org.antlr.mojo.antlr4.Antlr4ErrorLog,504,0,0,0,0,0,0
CC,method,antlr4,0.9,0.5,org.antlr.v4.semantics.SymbolCollector,216,0,0,0,1,1,1
CCL,method,antlr4,0.9,0.5,org.antlr.v4.semantics.SymbolCollector,216,0,0,0,1,1,1
CCO,method,antlr4,0.9,0.5,org.antlr.v4.semantics.SymbolCollector,216,0,0,0,1,1,1
CI,method,antlr4,0.9,0.5,org.antlr.v4.semantics.SymbolCollector,216,0,0,0,1,1,1
CLC,method,antlr4,0.9,0.5,org.antlr.v4.semantics.SymbolCollector,216,0,0,0,1,1,1
CLLC,method,antlr4,0.9,0.5,org.antlr.v4.semantics.SymbolCollector,216,0,0,0,1,1,1
LDC,method,antlr4,0.9,0.5,org.antlr.v4.semantics.SymbolCollector,216,0,0,0,1,1,1
LLDC,method,antlr4,0.9,0.5,org.antlr.v4.semantics.SymbolCollector,216,0,0,0,1,1,1
HCPL,method,antlr4,0.9,0.5,org.antlr.v4.semantics.SymbolCollector,216,1,1,1,1,1,1
HDIF,method,antlr4,0.9,0.5,org.antlr.v4.semantics.SymbolCollector,216,1,1,1,1,1,1
HEFF,method,antlr4,0.9,0.5,org.antlr.v4.semantics.SymbolCollector,216,1,1,1,1,1,1
HNDB,method,antlr4,0.9,0.5,org.antlr.v4.semantics.SymbolCollector,216,1,1,1,1,1,1
HPL,method,antlr4,0.9,0.5,org.antlr.v4.semantics.SymbolCollector,216,1,1,1,1,1,1
HPV,method,antlr4,0.9,0.5,org.antlr.v4.semantics.SymbolCollector,216,1,1,1,1,1,1
HTRP,method,antlr4,0.9,0.5,org.antlr.v4.semantics.SymbolCollector,216,1,1,1,1,1,1
HVOL,method,antlr4,0.9,0.5,org.antlr.v4.semantics.SymbolCollector,216,1,1,1,1,1,1
MI,method,antlr4,0.9,0.5,org.antlr.v4.semantics.SymbolCollector,216,1,1,1,1,1,1
MIMS,method,antlr4,0.9,0.5,org.antlr.v4.semantics.SymbolCollector,216,1,1,1,1,1,1
MISEI,method,antlr4,0.9,0.5,org.antlr.v4.semantics.SymbolCollector,216,1,1,1,1,1,1
MISM,method,antlr4,0.9,0.5,org.antlr.v4.semantics.SymbolCollector,216,1,1,1,1,1,1
McCC,method,antlr4,0.9,0.5,org.antlr.v4.semantics.SymbolCollector,216,0,0,0,1,1,1
NL,method,antlr4,0.9,0.5,org.antlr.v4.semantics.SymbolCollector,216,0,0,0,1,1,1
NLE,method,antlr4,0.9,0.5,org.antlr.v4.semantics.SymbolCollector,216,0,0,0,1,1,1
NII,method,antlr4,0.9,0.5,org.antlr.v4.semantics.SymbolCollector,216,1,1,1,1,1,1
NOI,method,antlr4,0.9,0.5,org.antlr.v4.semantics.SymbolCollector,216,0,0,0,1,1,1
CD,method,antlr4,0.9,0.5,org.antlr.v4.semantics.SymbolCollector,216,0,0,0,1,1,1
CLOC,method,antlr4,0.9,0.5,org.antlr.v4.semantics.SymbolCollector,216,0,0,0,1,1,1
DLOC,method,antlr4,0.9,0.5,org.antlr.v4.semantics.SymbolCollector,216,0,0,0,1,1,1
TCD,method,antlr4,0.9,0.5,org.antlr.v4.semantics.SymbolCollector,216,0,0,0,1,1,1
TCLOC,method,antlr4,0.9,0.5,org.antlr.v4.semantics.SymbolCollector,216,0,0,0,1,1,1
LLOC,method,antlr4,0.9,0.5,org.antlr.v4.semantics.SymbolCollector,216,1,1,1,1,1,1
LOC,method,antlr4,0.9,0.5,org.antlr.v4.semantics.SymbolCollector,216,1,1,1,1,1,1
NOS,method,antlr4,0.9,0.5,org.antlr.v4.semantics.SymbolCollector,216,0,0,0,1,1,1
NUMPAR,method,antlr4,0.9,0.5,org.antlr.v4.semantics.SymbolCollector,216,1,1,1,1,1,1
TLLOC,method,antlr4,0.9,0.5,org.antlr.v4.semantics.SymbolCollector,216,1,1,1,1,1,1
TLOC,method,antlr4,0.9,0.5,org.antlr.v4.semantics.SymbolCollector,216,1,1,1,1,1,1
TNOS,method,antlr4,0.9,0.5,org.antlr.v4.semantics.SymbolCollector,216,0,0,0,0,0,0
WarningBlocker,method,antlr4,0.9,0.5,org.antlr.v4.semantics.SymbolCollector,216,0,0,0,0,0,0
WarningCritical,method,antlr4,0.9,0.5,org.antlr.v4.semantics.SymbolCollector,216,0,0,0,0,0,0
WarningInfo,method,antlr4,0.9,0.5,org.antlr.v4.semantics.SymbolCollector,216,0,0,0,0,0,0
WarningMajor,method,antlr4,0.9,0.5,org.antlr.v4.semantics.SymbolCollector,216,0,0,0,0,0,0
WarningMinor,method,antlr4,0.9,0.5,org.antlr.v4.semantics.SymbolCollector,216,0,0,0,0,0,0
Android Rules,method,antlr4,0.9,0.5,org.antlr.v4.semantics.SymbolCollector,216,0,0,0,0,0,0
Basic Rules,method,antlr4,0.9,0.5,org.antlr.v4.semantics.SymbolCollector,216,0,0,0,0,0,0
Brace Rules,method,antlr4,0.9,0.5,org.antlr.v4.semantics.SymbolCollector,216,0,0,0,0,0,0
Clone Implementation Rules,method,antlr4,0.9,0.5,org.antlr.v4.semantics.SymbolCollector,216,0,0,0,0,0,0
Code Size Rules,method,antlr4,0.9,0.5,org.antlr.v4.semantics.SymbolCollector,216,0,0,0,0,0,0
Comment Rules,method,antlr4,0.9,0.5,org.antlr.v4.semantics.SymbolCollector,216,0,0,0,0,0,0
Controversial Rules,method,antlr4,0.9,0.5,org.antlr.v4.semantics.SymbolCollector,216,0,0,0,0,0,0
Coupling Rules,method,antlr4,0.9,0.5,org.antlr.v4.semantics.SymbolCollector,216,0,0,0,0,0,0
Design Rules,method,antlr4,0.9,0.5,org.antlr.v4.semantics.SymbolCollector,216,0,0,0,0,0,0
Empty Code Rules,method,antlr4,0.9,0.5,org.antlr.v4.semantics.SymbolCollector,216,0,0,0,0,0,0
Finalizer Rules,method,antlr4,0.9,0.5,org.antlr.v4.semantics.SymbolCollector,216,0,0,0,0,0,0
Import Statement Rules,method,antlr4,0.9,0.5,org.antlr.v4.semantics.SymbolCollector,216,0,0,0,0,0,0
J2EE Rules,method,antlr4,0.9,0.5,org.antlr.v4.semantics.SymbolCollector,216,0,0,0,0,0,0
JUnit Rules,method,antlr4,0.9,0.5,org.antlr.v4.semantics.SymbolCollector,216,0,0,0,0,0,0
Jakarta Commons Logging Rules,method,antlr4,0.9,0.5,org.antlr.v4.semantics.SymbolCollector,216,0,0,0,0,0,0
Java Logging Rules,method,antlr4,0.9,0.5,org.antlr.v4.semantics.SymbolCollector,216,0,0,0,0,0,0
JavaBean Rules,method,antlr4,0.9,0.5,org.antlr.v4.semantics.SymbolCollector,216,0,0,0,0,0,0
MigratingToJUnit4 Rules,method,antlr4,0.9,0.5,org.antlr.v4.semantics.SymbolCollector,216,0,0,0,0,0,0
Migration Rules,method,antlr4,0.9,0.5,org.antlr.v4.semantics.SymbolCollector,216,0,0,0,0,0,0
Migration13 Rules,method,antlr4,0.9,0.5,org.antlr.v4.semantics.SymbolCollector,216,0,0,0,0,0,0
Migration14 Rules,method,antlr4,0.9,0.5,org.antlr.v4.semantics.SymbolCollector,216,0,0,0,0,0,0
Migration15 Rules,method,antlr4,0.9,0.5,org.antlr.v4.semantics.SymbolCollector,216,0,0,0,0,0,0
Naming Rules,method,antlr4,0.9,0.5,org.antlr.v4.semantics.SymbolCollector,216,0,0,0,0,0,0
Optimization Rules,method,antlr4,0.9,0.5,org.antlr.v4.semantics.SymbolCollector,216,0,0,0,0,0,0
Security Code Guideline Rules,method,antlr4,0.9,0.5,org.antlr.v4.semantics.SymbolCollector,216,0,0,0,0,0,0
Strict Exception Rules,method,antlr4,0.9,0.5,org.antlr.v4.semantics.SymbolCollector,216,0,0,0,0,0,0
String and StringBuffer Rules,method,antlr4,0.9,0.5,org.antlr.v4.semantics.SymbolCollector,216,0,0,0,0,0,0
Type Resolution Rules,method,antlr4,0.9,0.5,org.antlr.v4.semantics.SymbolCollector,216,0,0,0,0,0,0
Unnecessary and Unused Code Rules,method,antlr4,0.9,0.5,org.antlr.v4.semantics.SymbolCollector,216,0,0,0,0,0,0
Vulnerability Rules,method,antlr4,0.9,0.5,org.antlr.v4.semantics.SymbolCollector,216,0,0,0,0,0,0
CC,method,antlr4,0.9,0.5,org.antlr.v4.test.TestToolSyntaxErrors,432,1,1,1,1,1,1
CCL,method,antlr4,0.9,0.5,org.antlr.v4.test.TestToolSyntaxErrors,432,1,1,1,1,1,1
CCO,method,antlr4,0.9,0.5,org.antlr.v4.test.TestToolSyntaxErrors,432,1,1,1,1,1,1
CI,method,antlr4,0.9,0.5,org.antlr.v4.test.TestToolSyntaxErrors,432,1,1,1,1,1,1
CLC,method,antlr4,0.9,0.5,org.antlr.v4.test.TestToolSyntaxErrors,432,1,1,1,1,1,1
CLLC,method,antlr4,0.9,0.5,org.antlr.v4.test.TestToolSyntaxErrors,432,1,1,1,1,1,1
LDC,method,antlr4,0.9,0.5,org.antlr.v4.test.TestToolSyntaxErrors,432,1,1,1,1,1,1
LLDC,method,antlr4,0.9,0.5,org.antlr.v4.test.TestToolSyntaxErrors,432,1,1,1,1,1,1
HCPL,method,antlr4,0.9,0.5,org.antlr.v4.test.TestToolSyntaxErrors,432,1,1,1,1,1,1
HDIF,method,antlr4,0.9,0.5,org.antlr.v4.test.TestToolSyntaxErrors,432,1,1,1,1,1,1
HEFF,method,antlr4,0.9,0.5,org.antlr.v4.test.TestToolSyntaxErrors,432,1,1,1,1,1,1
HNDB,method,antlr4,0.9,0.5,org.antlr.v4.test.TestToolSyntaxErrors,432,1,1,1,1,1,1
HPL,method,antlr4,0.9,0.5,org.antlr.v4.test.TestToolSyntaxErrors,432,1,1,1,1,1,1
HPV,method,antlr4,0.9,0.5,org.antlr.v4.test.TestToolSyntaxErrors,432,1,1,1,1,1,1
HTRP,method,antlr4,0.9,0.5,org.antlr.v4.test.TestToolSyntaxErrors,432,1,1,1,1,1,1
HVOL,method,antlr4,0.9,0.5,org.antlr.v4.test.TestToolSyntaxErrors,432,1,1,1,1,1,1
MI,method,antlr4,0.9,0.5,org.antlr.v4.test.TestToolSyntaxErrors,432,1,1,1,1,1,1
MIMS,method,antlr4,0.9,0.5,org.antlr.v4.test.TestToolSyntaxErrors,432,1,1,1,1,1,1
MISEI,method,antlr4,0.9,0.5,org.antlr.v4.test.TestToolSyntaxErrors,432,1,1,1,1,1,1
MISM,method,antlr4,0.9,0.5,org.antlr.v4.test.TestToolSyntaxErrors,432,1,1,1,1,1,1
McCC,method,antlr4,0.9,0.5,org.antlr.v4.test.TestToolSyntaxErrors,432,0,0,0,1,1,1
NL,method,antlr4,0.9,0.5,org.antlr.v4.test.TestToolSyntaxErrors,432,0,0,0,1,1,1
NLE,method,antlr4,0.9,0.5,org.antlr.v4.test.TestToolSyntaxErrors,432,0,0,0,1,1,1
NII,method,antlr4,0.9,0.5,org.antlr.v4.test.TestToolSyntaxErrors,432,0,0,0,1,1,1
NOI,method,antlr4,0.9,0.5,org.antlr.v4.test.TestToolSyntaxErrors,432,0,0,0,1,1,1
CD,method,antlr4,0.9,0.5,org.antlr.v4.test.TestToolSyntaxErrors,432,1,1,1,1,1,1
CLOC,method,antlr4,0.9,0.5,org.antlr.v4.test.TestToolSyntaxErrors,432,1,1,1,1,1,1
DLOC,method,antlr4,0.9,0.5,org.antlr.v4.test.TestToolSyntaxErrors,432,0,0,0,1,1,1
TCD,method,antlr4,0.9,0.5,org.antlr.v4.test.TestToolSyntaxErrors,432,1,1,1,1,1,1
TCLOC,method,antlr4,0.9,0.5,org.antlr.v4.test.TestToolSyntaxErrors,432,1,1,1,1,1,1
LLOC,method,antlr4,0.9,0.5,org.antlr.v4.test.TestToolSyntaxErrors,432,1,1,1,1,1,1
LOC,method,antlr4,0.9,0.5,org.antlr.v4.test.TestToolSyntaxErrors,432,1,1,1,1,1,1
NOS,method,antlr4,0.9,0.5,org.antlr.v4.test.TestToolSyntaxErrors,432,0,0,0,1,1,1
NUMPAR,method,antlr4,0.9,0.5,org.antlr.v4.test.TestToolSyntaxErrors,432,0,0,0,1,1,1
TLLOC,method,antlr4,0.9,0.5,org.antlr.v4.test.TestToolSyntaxErrors,432,1,1,1,1,1,1
TLOC,method,antlr4,0.9,0.5,org.antlr.v4.test.TestToolSyntaxErrors,432,1,1,1,1,1,1
TNOS,method,antlr4,0.9,0.5,org.antlr.v4.test.TestToolSyntaxErrors,432,0,0,0,0,0,0
WarningBlocker,method,antlr4,0.9,0.5,org.antlr.v4.test.TestToolSyntaxErrors,432,0,0,0,0,0,0
WarningCritical,method,antlr4,0.9,0.5,org.antlr.v4.test.TestToolSyntaxErrors,432,0,0,0,0,0,0
WarningInfo,method,antlr4,0.9,0.5,org.antlr.v4.test.TestToolSyntaxErrors,432,0,0,0,0,0,0
WarningMajor,method,antlr4,0.9,0.5,org.antlr.v4.test.TestToolSyntaxErrors,432,0,0,0,0,0,0
WarningMinor,method,antlr4,0.9,0.5,org.antlr.v4.test.TestToolSyntaxErrors,432,0,0,0,0,0,0
Android Rules,method,antlr4,0.9,0.5,org.antlr.v4.test.TestToolSyntaxErrors,432,0,0,0,0,0,0
Basic Rules,method,antlr4,0.9,0.5,org.antlr.v4.test.TestToolSyntaxErrors,432,0,0,0,0,0,0
Brace Rules,method,antlr4,0.9,0.5,org.antlr.v4.test.TestToolSyntaxErrors,432,0,0,0,0,0,0
Clone Implementation Rules,method,antlr4,0.9,0.5,org.antlr.v4.test.TestToolSyntaxErrors,432,0,0,0,0,0,0
Code Size Rules,method,antlr4,0.9,0.5,org.antlr.v4.test.TestToolSyntaxErrors,432,0,0,0,0,0,0
Comment Rules,method,antlr4,0.9,0.5,org.antlr.v4.test.TestToolSyntaxErrors,432,0,0,0,0,0,0
Controversial Rules,method,antlr4,0.9,0.5,org.antlr.v4.test.TestToolSyntaxErrors,432,0,0,0,0,0,0
Coupling Rules,method,antlr4,0.9,0.5,org.antlr.v4.test.TestToolSyntaxErrors,432,0,0,0,0,0,0
Design Rules,method,antlr4,0.9,0.5,org.antlr.v4.test.TestToolSyntaxErrors,432,0,0,0,0,0,0
Empty Code Rules,method,antlr4,0.9,0.5,org.antlr.v4.test.TestToolSyntaxErrors,432,0,0,0,0,0,0
Finalizer Rules,method,antlr4,0.9,0.5,org.antlr.v4.test.TestToolSyntaxErrors,432,0,0,0,0,0,0
Import Statement Rules,method,antlr4,0.9,0.5,org.antlr.v4.test.TestToolSyntaxErrors,432,0,0,0,0,0,0
J2EE Rules,method,antlr4,0.9,0.5,org.antlr.v4.test.TestToolSyntaxErrors,432,0,0,0,0,0,0
JUnit Rules,method,antlr4,0.9,0.5,org.antlr.v4.test.TestToolSyntaxErrors,432,0,0,0,0,0,0
Jakarta Commons Logging Rules,method,antlr4,0.9,0.5,org.antlr.v4.test.TestToolSyntaxErrors,432,0,0,0,0,0,0
Java Logging Rules,method,antlr4,0.9,0.5,org.antlr.v4.test.TestToolSyntaxErrors,432,0,0,0,0,0,0
JavaBean Rules,method,antlr4,0.9,0.5,org.antlr.v4.test.TestToolSyntaxErrors,432,0,0,0,0,0,0
MigratingToJUnit4 Rules,method,antlr4,0.9,0.5,org.antlr.v4.test.TestToolSyntaxErrors,432,0,0,0,0,0,0
Migration Rules,method,antlr4,0.9,0.5,org.antlr.v4.test.TestToolSyntaxErrors,432,0,0,0,0,0,0
Migration13 Rules,method,antlr4,0.9,0.5,org.antlr.v4.test.TestToolSyntaxErrors,432,0,0,0,0,0,0
Migration14 Rules,method,antlr4,0.9,0.5,org.antlr.v4.test.TestToolSyntaxErrors,432,0,0,0,0,0,0
Migration15 Rules,method,antlr4,0.9,0.5,org.antlr.v4.test.TestToolSyntaxErrors,432,0,0,0,0,0,0
Naming Rules,method,antlr4,0.9,0.5,org.antlr.v4.test.TestToolSyntaxErrors,432,0,0,0,0,0,0
Optimization Rules,method,antlr4,0.9,0.5,org.antlr.v4.test.TestToolSyntaxErrors,432,0,0,0,0,0,0
Security Code Guideline Rules,method,antlr4,0.9,0.5,org.antlr.v4.test.TestToolSyntaxErrors,432,0,0,0,0,0,0
Strict Exception Rules,method,antlr4,0.9,0.5,org.antlr.v4.test.TestToolSyntaxErrors,432,0,0,0,0,0,0
String and StringBuffer Rules,method,antlr4,0.9,0.5,org.antlr.v4.test.TestToolSyntaxErrors,432,0,0,0,0,0,0
Type Resolution Rules,method,antlr4,0.9,0.5,org.antlr.v4.test.TestToolSyntaxErrors,432,0,0,0,0,0,0
Unnecessary and Unused Code Rules,method,antlr4,0.9,0.5,org.antlr.v4.test.TestToolSyntaxErrors,432,0,0,0,0,0,0
Vulnerability Rules,method,antlr4,0.9,0.5,org.antlr.v4.test.TestToolSyntaxErrors,432,0,0,0,0,0,0
CC,method,antlr4,0.9,0.5,org.antlr.v4.test.rt.java.TestSemPredEvalParser,2016,1,1,0,1,1,0
CCL,method,antlr4,0.9,0.5,org.antlr.v4.test.rt.java.TestSemPredEvalParser,2016,1,1,1,1,1,1
CCO,method,antlr4,0.9,0.5,org.antlr.v4.test.rt.java.TestSemPredEvalParser,2016,1,1,1,1,1,1
CI,method,antlr4,0.9,0.5,org.antlr.v4.test.rt.java.TestSemPredEvalParser,2016,1,1,1,1,1,1
CLC,method,antlr4,0.9,0.5,org.antlr.v4.test.rt.java.TestSemPredEvalParser,2016,1,1,0,1,1,0
CLLC,method,antlr4,0.9,0.5,org.antlr.v4.test.rt.java.TestSemPredEvalParser,2016,1,1,0,1,1,0
LDC,method,antlr4,0.9,0.5,org.antlr.v4.test.rt.java.TestSemPredEvalParser,2016,1,1,0,1,1,0
LLDC,method,antlr4,0.9,0.5,org.antlr.v4.test.rt.java.TestSemPredEvalParser,2016,1,1,0,1,1,0
HCPL,method,antlr4,0.9,0.5,org.antlr.v4.test.rt.java.TestSemPredEvalParser,2016,1,1,0,1,1,0
HDIF,method,antlr4,0.9,0.5,org.antlr.v4.test.rt.java.TestSemPredEvalParser,2016,1,1,0,1,1,0
HEFF,method,antlr4,0.9,0.5,org.antlr.v4.test.rt.java.TestSemPredEvalParser,2016,1,1,0,1,1,0
HNDB,method,antlr4,0.9,0.5,org.antlr.v4.test.rt.java.TestSemPredEvalParser,2016,1,1,0,1,1,0
HPL,method,antlr4,0.9,0.5,org.antlr.v4.test.rt.java.TestSemPredEvalParser,2016,1,1,0,1,1,0
HPV,method,antlr4,0.9,0.5,org.antlr.v4.test.rt.java.TestSemPredEvalParser,2016,1,1,0,1,1,0
HTRP,method,antlr4,0.9,0.5,org.antlr.v4.test.rt.java.TestSemPredEvalParser,2016,1,1,0,1,1,0
HVOL,method,antlr4,0.9,0.5,org.antlr.v4.test.rt.java.TestSemPredEvalParser,2016,1,1,0,1,1,0
MI,method,antlr4,0.9,0.5,org.antlr.v4.test.rt.java.TestSemPredEvalParser,2016,1,1,0,1,1,0
MIMS,method,antlr4,0.9,0.5,org.antlr.v4.test.rt.java.TestSemPredEvalParser,2016,1,1,0,1,1,0
MISEI,method,antlr4,0.9,0.5,org.antlr.v4.test.rt.java.TestSemPredEvalParser,2016,1,1,0,1,1,0
MISM,method,antlr4,0.9,0.5,org.antlr.v4.test.rt.java.TestSemPredEvalParser,2016,1,1,0,1,1,0
McCC,method,antlr4,0.9,0.5,org.antlr.v4.test.rt.java.TestSemPredEvalParser,2016,0,0,0,1,1,0
NL,method,antlr4,0.9,0.5,org.antlr.v4.test.rt.java.TestSemPredEvalParser,2016,0,0,0,1,1,0
NLE,method,antlr4,0.9,0.5,org.antlr.v4.test.rt.java.TestSemPredEvalParser,2016,0,0,0,1,1,0
NII,method,antlr4,0.9,0.5,org.antlr.v4.test.rt.java.TestSemPredEvalParser,2016,1,1,0,1,1,0
NOI,method,antlr4,0.9,0.5,org.antlr.v4.test.rt.java.TestSemPredEvalParser,2016,0,0,0,1,1,0
CD,method,antlr4,0.9,0.5,org.antlr.v4.test.rt.java.TestSemPredEvalParser,2016,0,0,0,1,1,1
CLOC,method,antlr4,0.9,0.5,org.antlr.v4.test.rt.java.TestSemPredEvalParser,2016,0,0,0,1,1,0
DLOC,method,antlr4,0.9,0.5,org.antlr.v4.test.rt.java.TestSemPredEvalParser,2016,0,0,0,1,1,1
TCD,method,antlr4,0.9,0.5,org.antlr.v4.test.rt.java.TestSemPredEvalParser,2016,0,0,0,1,1,1
TCLOC,method,antlr4,0.9,0.5,org.antlr.v4.test.rt.java.TestSemPredEvalParser,2016,0,0,0,1,1,1
LLOC,method,antlr4,0.9,0.5,org.antlr.v4.test.rt.java.TestSemPredEvalParser,2016,1,1,0,1,1,0
LOC,method,antlr4,0.9,0.5,org.antlr.v4.test.rt.java.TestSemPredEvalParser,2016,1,1,0,1,1,0
NOS,method,antlr4,0.9,0.5,org.antlr.v4.test.rt.java.TestSemPredEvalParser,2016,0,0,1,1,1,1
NUMPAR,method,antlr4,0.9,0.5,org.antlr.v4.test.rt.java.TestSemPredEvalParser,2016,1,1,1,1,1,1
TLLOC,method,antlr4,0.9,0.5,org.antlr.v4.test.rt.java.TestSemPredEvalParser,2016,1,1,0,1,1,0
TLOC,method,antlr4,0.9,0.5,org.antlr.v4.test.rt.java.TestSemPredEvalParser,2016,1,1,0,1,1,0
TNOS,method,antlr4,0.9,0.5,org.antlr.v4.test.rt.java.TestSemPredEvalParser,2016,0,0,1,0,0,1
WarningBlocker,method,antlr4,0.9,0.5,org.antlr.v4.test.rt.java.TestSemPredEvalParser,2016,0,0,0,0,0,1
WarningCritical,method,antlr4,0.9,0.5,org.antlr.v4.test.rt.java.TestSemPredEvalParser,2016,0,0,0,0,0,1
WarningInfo,method,antlr4,0.9,0.5,org.antlr.v4.test.rt.java.TestSemPredEvalParser,2016,0,0,0,0,0,1
WarningMajor,method,antlr4,0.9,0.5,org.antlr.v4.test.rt.java.TestSemPredEvalParser,2016,0,0,1,0,0,1
WarningMinor,method,antlr4,0.9,0.5,org.antlr.v4.test.rt.java.TestSemPredEvalParser,2016,0,0,1,0,0,1
Android Rules,method,antlr4,0.9,0.5,org.antlr.v4.test.rt.java.TestSemPredEvalParser,2016,0,0,0,0,0,1
Basic Rules,method,antlr4,0.9,0.5,org.antlr.v4.test.rt.java.TestSemPredEvalParser,2016,0,0,0,0,0,1
Brace Rules,method,antlr4,0.9,0.5,org.antlr.v4.test.rt.java.TestSemPredEvalParser,2016,0,0,0,0,0,1
Clone Implementation Rules,method,antlr4,0.9,0.5,org.antlr.v4.test.rt.java.TestSemPredEvalParser,2016,0,0,0,0,0,1
Code Size Rules,method,antlr4,0.9,0.5,org.antlr.v4.test.rt.java.TestSemPredEvalParser,2016,0,0,0,0,0,1
Comment Rules,method,antlr4,0.9,0.5,org.antlr.v4.test.rt.java.TestSemPredEvalParser,2016,0,0,0,0,0,1
Controversial Rules,method,antlr4,0.9,0.5,org.antlr.v4.test.rt.java.TestSemPredEvalParser,2016,0,0,1,0,0,1
Coupling Rules,method,antlr4,0.9,0.5,org.antlr.v4.test.rt.java.TestSemPredEvalParser,2016,0,0,0,0,0,1
Design Rules,method,antlr4,0.9,0.5,org.antlr.v4.test.rt.java.TestSemPredEvalParser,2016,0,0,0,0,0,0
Empty Code Rules,method,antlr4,0.9,0.5,org.antlr.v4.test.rt.java.TestSemPredEvalParser,2016,0,0,0,0,0,1
Finalizer Rules,method,antlr4,0.9,0.5,org.antlr.v4.test.rt.java.TestSemPredEvalParser,2016,0,0,0,0,0,1
Import Statement Rules,method,antlr4,0.9,0.5,org.antlr.v4.test.rt.java.TestSemPredEvalParser,2016,0,0,0,0,0,1
J2EE Rules,method,antlr4,0.9,0.5,org.antlr.v4.test.rt.java.TestSemPredEvalParser,2016,0,0,0,0,0,0
JUnit Rules,method,antlr4,0.9,0.5,org.antlr.v4.test.rt.java.TestSemPredEvalParser,2016,0,0,0,0,0,0
Jakarta Commons Logging Rules,method,antlr4,0.9,0.5,org.antlr.v4.test.rt.java.TestSemPredEvalParser,2016,0,0,0,0,0,0
Java Logging Rules,method,antlr4,0.9,0.5,org.antlr.v4.test.rt.java.TestSemPredEvalParser,2016,0,0,0,0,0,0
JavaBean Rules,method,antlr4,0.9,0.5,org.antlr.v4.test.rt.java.TestSemPredEvalParser,2016,0,0,0,0,0,0
MigratingToJUnit4 Rules,method,antlr4,0.9,0.5,org.antlr.v4.test.rt.java.TestSemPredEvalParser,2016,0,0,0,0,0,0
Migration Rules,method,antlr4,0.9,0.5,org.antlr.v4.test.rt.java.TestSemPredEvalParser,2016,0,0,0,0,0,0
Migration13 Rules,method,antlr4,0.9,0.5,org.antlr.v4.test.rt.java.TestSemPredEvalParser,2016,0,0,0,0,0,0
Migration14 Rules,method,antlr4,0.9,0.5,org.antlr.v4.test.rt.java.TestSemPredEvalParser,2016,0,0,0,0,0,1
Migration15 Rules,method,antlr4,0.9,0.5,org.antlr.v4.test.rt.java.TestSemPredEvalParser,2016,0,0,0,0,0,1
Naming Rules,method,antlr4,0.9,0.5,org.antlr.v4.test.rt.java.TestSemPredEvalParser,2016,0,0,0,0,0,1
Optimization Rules,method,antlr4,0.9,0.5,org.antlr.v4.test.rt.java.TestSemPredEvalParser,2016,0,0,0,0,0,1
Security Code Guideline Rules,method,antlr4,0.9,0.5,org.antlr.v4.test.rt.java.TestSemPredEvalParser,2016,0,0,0,0,0,1
Strict Exception Rules,method,antlr4,0.9,0.5,org.antlr.v4.test.rt.java.TestSemPredEvalParser,2016,0,0,0,0,0,1
String and StringBuffer Rules,method,antlr4,0.9,0.5,org.antlr.v4.test.rt.java.TestSemPredEvalParser,2016,0,0,1,0,0,1
Type Resolution Rules,method,antlr4,0.9,0.5,org.antlr.v4.test.rt.java.TestSemPredEvalParser,2016,0,0,0,0,0,1
Unnecessary and Unused Code Rules,method,antlr4,0.9,0.5,org.antlr.v4.test.rt.java.TestSemPredEvalParser,2016,0,0,0,0,0,1
Vulnerability Rules,method,antlr4,0.9,0.5,org.antlr.v4.test.rt.java.TestSemPredEvalParser,2016,0,0,0,0,0,1
CC,method,antlr4,0.9,0.5,org.antlr.v4.test.rt.java.TestLeftRecursion,8136,1,1,1,1,1,1
CCL,method,antlr4,0.9,0.5,org.antlr.v4.test.rt.java.TestLeftRecursion,8136,1,1,1,1,1,1
CCO,method,antlr4,0.9,0.5,org.antlr.v4.test.rt.java.TestLeftRecursion,8136,1,1,1,1,1,1
CI,method,antlr4,0.9,0.5,org.antlr.v4.test.rt.java.TestLeftRecursion,8136,1,1,1,1,1,1
CLC,method,antlr4,0.9,0.5,org.antlr.v4.test.rt.java.TestLeftRecursion,8136,1,1,1,1,1,1
CLLC,method,antlr4,0.9,0.5,org.antlr.v4.test.rt.java.TestLeftRecursion,8136,1,1,1,1,1,1
LDC,method,antlr4,0.9,0.5,org.antlr.v4.test.rt.java.TestLeftRecursion,8136,1,1,1,1,1,1
LLDC,method,antlr4,0.9,0.5,org.antlr.v4.test.rt.java.TestLeftRecursion,8136,1,1,1,1,1,1
HCPL,method,antlr4,0.9,0.5,org.antlr.v4.test.rt.java.TestLeftRecursion,8136,1,1,1,1,1,1
HDIF,method,antlr4,0.9,0.5,org.antlr.v4.test.rt.java.TestLeftRecursion,8136,1,1,1,1,1,1
HEFF,method,antlr4,0.9,0.5,org.antlr.v4.test.rt.java.TestLeftRecursion,8136,1,1,1,1,1,1
HNDB,method,antlr4,0.9,0.5,org.antlr.v4.test.rt.java.TestLeftRecursion,8136,1,1,1,1,1,1
HPL,method,antlr4,0.9,0.5,org.antlr.v4.test.rt.java.TestLeftRecursion,8136,1,1,1,1,1,1
HPV,method,antlr4,0.9,0.5,org.antlr.v4.test.rt.java.TestLeftRecursion,8136,1,1,1,1,1,1
HTRP,method,antlr4,0.9,0.5,org.antlr.v4.test.rt.java.TestLeftRecursion,8136,1,1,1,1,1,1
HVOL,method,antlr4,0.9,0.5,org.antlr.v4.test.rt.java.TestLeftRecursion,8136,1,1,1,1,1,1
MI,method,antlr4,0.9,0.5,org.antlr.v4.test.rt.java.TestLeftRecursion,8136,1,1,1,1,1,1
MIMS,method,antlr4,0.9,0.5,org.antlr.v4.test.rt.java.TestLeftRecursion,8136,1,1,1,1,1,1
MISEI,method,antlr4,0.9,0.5,org.antlr.v4.test.rt.java.TestLeftRecursion,8136,1,1,1,1,1,1
MISM,method,antlr4,0.9,0.5,org.antlr.v4.test.rt.java.TestLeftRecursion,8136,1,1,1,1,1,1
McCC,method,antlr4,0.9,0.5,org.antlr.v4.test.rt.java.TestLeftRecursion,8136,0,0,0,1,1,0
NL,method,antlr4,0.9,0.5,org.antlr.v4.test.rt.java.TestLeftRecursion,8136,0,0,0,1,1,0
NLE,method,antlr4,0.9,0.5,org.antlr.v4.test.rt.java.TestLeftRecursion,8136,0,0,0,1,1,0
NII,method,antlr4,0.9,0.5,org.antlr.v4.test.rt.java.TestLeftRecursion,8136,0,0,0,1,1,1
NOI,method,antlr4,0.9,0.5,org.antlr.v4.test.rt.java.TestLeftRecursion,8136,0,0,0,1,1,0
CD,method,antlr4,0.9,0.5,org.antlr.v4.test.rt.java.TestLeftRecursion,8136,0,0,0,1,1,0
CLOC,method,antlr4,0.9,0.5,org.antlr.v4.test.rt.java.TestLeftRecursion,8136,0,0,0,1,1,0
DLOC,method,antlr4,0.9,0.5,org.antlr.v4.test.rt.java.TestLeftRecursion,8136,0,0,0,1,1,0
TCD,method,antlr4,0.9,0.5,org.antlr.v4.test.rt.java.TestLeftRecursion,8136,0,0,0,1,1,1
TCLOC,method,antlr4,0.9,0.5,org.antlr.v4.test.rt.java.TestLeftRecursion,8136,0,0,0,1,1,0
LLOC,method,antlr4,0.9,0.5,org.antlr.v4.test.rt.java.TestLeftRecursion,8136,1,1,1,1,1,1
LOC,method,antlr4,0.9,0.5,org.antlr.v4.test.rt.java.TestLeftRecursion,8136,1,1,1,1,1,1
NOS,method,antlr4,0.9,0.5,org.antlr.v4.test.rt.java.TestLeftRecursion,8136,0,0,1,1,1,1
NUMPAR,method,antlr4,0.9,0.5,org.antlr.v4.test.rt.java.TestLeftRecursion,8136,0,0,1,1,1,1
TLLOC,method,antlr4,0.9,0.5,org.antlr.v4.test.rt.java.TestLeftRecursion,8136,1,1,1,1,1,1
TLOC,method,antlr4,0.9,0.5,org.antlr.v4.test.rt.java.TestLeftRecursion,8136,1,1,1,1,1,1
TNOS,method,antlr4,0.9,0.5,org.antlr.v4.test.rt.java.TestLeftRecursion,8136,0,0,1,0,0,1
WarningBlocker,method,antlr4,0.9,0.5,org.antlr.v4.test.rt.java.TestLeftRecursion,8136,0,0,0,0,0,0
WarningCritical,method,antlr4,0.9,0.5,org.antlr.v4.test.rt.java.TestLeftRecursion,8136,0,0,0,0,0,0
WarningInfo,method,antlr4,0.9,0.5,org.antlr.v4.test.rt.java.TestLeftRecursion,8136,0,0,0,0,0,0
WarningMajor,method,antlr4,0.9,0.5,org.antlr.v4.test.rt.java.TestLeftRecursion,8136,0,0,1,0,0,1
WarningMinor,method,antlr4,0.9,0.5,org.antlr.v4.test.rt.java.TestLeftRecursion,8136,0,0,1,0,0,1
Android Rules,method,antlr4,0.9,0.5,org.antlr.v4.test.rt.java.TestLeftRecursion,8136,0,0,0,0,0,0
Basic Rules,method,antlr4,0.9,0.5,org.antlr.v4.test.rt.java.TestLeftRecursion,8136,0,0,0,0,0,0
Brace Rules,method,antlr4,0.9,0.5,org.antlr.v4.test.rt.java.TestLeftRecursion,8136,0,0,0,0,0,0
Clone Implementation Rules,method,antlr4,0.9,0.5,org.antlr.v4.test.rt.java.TestLeftRecursion,8136,0,0,0,0,0,0
Code Size Rules,method,antlr4,0.9,0.5,org.antlr.v4.test.rt.java.TestLeftRecursion,8136,0,0,0,0,0,0
Comment Rules,method,antlr4,0.9,0.5,org.antlr.v4.test.rt.java.TestLeftRecursion,8136,0,0,0,0,0,0
Controversial Rules,method,antlr4,0.9,0.5,org.antlr.v4.test.rt.java.TestLeftRecursion,8136,0,0,1,0,0,1
Coupling Rules,method,antlr4,0.9,0.5,org.antlr.v4.test.rt.java.TestLeftRecursion,8136,0,0,0,0,0,0
Design Rules,method,antlr4,0.9,0.5,org.antlr.v4.test.rt.java.TestLeftRecursion,8136,0,0,0,0,0,0
Empty Code Rules,method,antlr4,0.9,0.5,org.antlr.v4.test.rt.java.TestLeftRecursion,8136,0,0,0,0,0,0
Finalizer Rules,method,antlr4,0.9,0.5,org.antlr.v4.test.rt.java.TestLeftRecursion,8136,0,0,0,0,0,0
Import Statement Rules,method,antlr4,0.9,0.5,org.antlr.v4.test.rt.java.TestLeftRecursion,8136,0,0,0,0,0,1
J2EE Rules,method,antlr4,0.9,0.5,org.antlr.v4.test.rt.java.TestLeftRecursion,8136,0,0,0,0,0,0
JUnit Rules,method,antlr4,0.9,0.5,org.antlr.v4.test.rt.java.TestLeftRecursion,8136,0,0,1,0,0,1
Jakarta Commons Logging Rules,method,antlr4,0.9,0.5,org.antlr.v4.test.rt.java.TestLeftRecursion,8136,0,0,0,0,0,0
Java Logging Rules,method,antlr4,0.9,0.5,org.antlr.v4.test.rt.java.TestLeftRecursion,8136,0,0,0,0,0,0
JavaBean Rules,method,antlr4,0.9,0.5,org.antlr.v4.test.rt.java.TestLeftRecursion,8136,0,0,0,0,0,0
MigratingToJUnit4 Rules,method,antlr4,0.9,0.5,org.antlr.v4.test.rt.java.TestLeftRecursion,8136,0,0,0,0,0,0
Migration Rules,method,antlr4,0.9,0.5,org.antlr.v4.test.rt.java.TestLeftRecursion,8136,0,0,0,0,0,0
Migration13 Rules,method,antlr4,0.9,0.5,org.antlr.v4.test.rt.java.TestLeftRecursion,8136,0,0,0,0,0,0
Migration14 Rules,method,antlr4,0.9,0.5,org.antlr.v4.test.rt.java.TestLeftRecursion,8136,0,0,0,0,0,0
Migration15 Rules,method,antlr4,0.9,0.5,org.antlr.v4.test.rt.java.TestLeftRecursion,8136,0,0,0,0,0,0
Naming Rules,method,antlr4,0.9,0.5,org.antlr.v4.test.rt.java.TestLeftRecursion,8136,0,0,1,0,0,1
Optimization Rules,method,antlr4,0.9,0.5,org.antlr.v4.test.rt.java.TestLeftRecursion,8136,0,0,0,0,0,0
Security Code Guideline Rules,method,antlr4,0.9,0.5,org.antlr.v4.test.rt.java.TestLeftRecursion,8136,0,0,0,0,0,0
Strict Exception Rules,method,antlr4,0.9,0.5,org.antlr.v4.test.rt.java.TestLeftRecursion,8136,0,0,0,0,0,0
String and StringBuffer Rules,method,antlr4,0.9,0.5,org.antlr.v4.test.rt.java.TestLeftRecursion,8136,0,0,1,0,0,1
Type Resolution Rules,method,antlr4,0.9,0.5,org.antlr.v4.test.rt.java.TestLeftRecursion,8136,0,0,0,0,0,0
Unnecessary and Unused Code Rules,method,antlr4,0.9,0.5,org.antlr.v4.test.rt.java.TestLeftRecursion,8136,0,0,0,0,0,0
Vulnerability Rules,method,antlr4,0.9,0.5,org.antlr.v4.test.rt.java.TestLeftRecursion,8136,0,0,0,0,0,0
CC,method,antlr4,0.9,0.5,org.antlr.v4.test.rt.java.TestParserExec,2736,1,1,1,1,1,1
CCL,method,antlr4,0.9,0.5,org.antlr.v4.test.rt.java.TestParserExec,2736,1,1,1,1,1,1
CCO,method,antlr4,0.9,0.5,org.antlr.v4.test.rt.java.TestParserExec,2736,1,1,1,1,1,1
CI,method,antlr4,0.9,0.5,org.antlr.v4.test.rt.java.TestParserExec,2736,1,1,1,1,1,1
CLC,method,antlr4,0.9,0.5,org.antlr.v4.test.rt.java.TestParserExec,2736,1,1,1,1,1,1
CLLC,method,antlr4,0.9,0.5,org.antlr.v4.test.rt.java.TestParserExec,2736,1,1,1,1,1,1
LDC,method,antlr4,0.9,0.5,org.antlr.v4.test.rt.java.TestParserExec,2736,1,1,1,1,1,1
LLDC,method,antlr4,0.9,0.5,org.antlr.v4.test.rt.java.TestParserExec,2736,1,1,1,1,1,1
HCPL,method,antlr4,0.9,0.5,org.antlr.v4.test.rt.java.TestParserExec,2736,1,1,1,1,1,1
HDIF,method,antlr4,0.9,0.5,org.antlr.v4.test.rt.java.TestParserExec,2736,1,1,1,1,1,1
HEFF,method,antlr4,0.9,0.5,org.antlr.v4.test.rt.java.TestParserExec,2736,1,1,1,1,1,1
HNDB,method,antlr4,0.9,0.5,org.antlr.v4.test.rt.java.TestParserExec,2736,1,1,1,1,1,1
HPL,method,antlr4,0.9,0.5,org.antlr.v4.test.rt.java.TestParserExec,2736,1,1,1,1,1,1
HPV,method,antlr4,0.9,0.5,org.antlr.v4.test.rt.java.TestParserExec,2736,1,1,1,1,1,1
HTRP,method,antlr4,0.9,0.5,org.antlr.v4.test.rt.java.TestParserExec,2736,1,1,1,1,1,1
HVOL,method,antlr4,0.9,0.5,org.antlr.v4.test.rt.java.TestParserExec,2736,1,1,1,1,1,1
MI,method,antlr4,0.9,0.5,org.antlr.v4.test.rt.java.TestParserExec,2736,1,1,1,1,1,1
MIMS,method,antlr4,0.9,0.5,org.antlr.v4.test.rt.java.TestParserExec,2736,1,1,1,1,1,1
MISEI,method,antlr4,0.9,0.5,org.antlr.v4.test.rt.java.TestParserExec,2736,1,1,1,1,1,1
MISM,method,antlr4,0.9,0.5,org.antlr.v4.test.rt.java.TestParserExec,2736,1,1,1,1,1,1
McCC,method,antlr4,0.9,0.5,org.antlr.v4.test.rt.java.TestParserExec,2736,0,0,0,1,1,0
NL,method,antlr4,0.9,0.5,org.antlr.v4.test.rt.java.TestParserExec,2736,0,0,0,1,1,0
NLE,method,antlr4,0.9,0.5,org.antlr.v4.test.rt.java.TestParserExec,2736,0,0,0,1,1,1
NII,method,antlr4,0.9,0.5,org.antlr.v4.test.rt.java.TestParserExec,2736,1,1,0,1,1,0
NOI,method,antlr4,0.9,0.5,org.antlr.v4.test.rt.java.TestParserExec,2736,0,0,0,1,1,1
CD,method,antlr4,0.9,0.5,org.antlr.v4.test.rt.java.TestParserExec,2736,0,0,0,1,1,0
CLOC,method,antlr4,0.9,0.5,org.antlr.v4.test.rt.java.TestParserExec,2736,0,0,0,1,1,0
DLOC,method,antlr4,0.9,0.5,org.antlr.v4.test.rt.java.TestParserExec,2736,0,0,0,1,1,0
TCD,method,antlr4,0.9,0.5,org.antlr.v4.test.rt.java.TestParserExec,2736,0,0,0,1,1,0
TCLOC,method,antlr4,0.9,0.5,org.antlr.v4.test.rt.java.TestParserExec,2736,0,0,0,1,1,0
LLOC,method,antlr4,0.9,0.5,org.antlr.v4.test.rt.java.TestParserExec,2736,1,1,1,1,1,1
LOC,method,antlr4,0.9,0.5,org.antlr.v4.test.rt.java.TestParserExec,2736,1,1,1,1,1,1
NOS,method,antlr4,0.9,0.5,org.antlr.v4.test.rt.java.TestParserExec,2736,0,0,0,1,1,0
NUMPAR,method,antlr4,0.9,0.5,org.antlr.v4.test.rt.java.TestParserExec,2736,1,1,0,1,1,0
TLLOC,method,antlr4,0.9,0.5,org.antlr.v4.test.rt.java.TestParserExec,2736,1,1,1,1,1,1
TLOC,method,antlr4,0.9,0.5,org.antlr.v4.test.rt.java.TestParserExec,2736,1,1,1,1,1,1
TNOS,method,antlr4,0.9,0.5,org.antlr.v4.test.rt.java.TestParserExec,2736,0,0,0,0,0,0
WarningBlocker,method,antlr4,0.9,0.5,org.antlr.v4.test.rt.java.TestParserExec,2736,0,0,0,0,0,0
WarningCritical,method,antlr4,0.9,0.5,org.antlr.v4.test.rt.java.TestParserExec,2736,0,0,0,0,0,0
WarningInfo,method,antlr4,0.9,0.5,org.antlr.v4.test.rt.java.TestParserExec,2736,0,0,0,0,0,0
WarningMajor,method,antlr4,0.9,0.5,org.antlr.v4.test.rt.java.TestParserExec,2736,0,0,1,0,0,1
WarningMinor,method,antlr4,0.9,0.5,org.antlr.v4.test.rt.java.TestParserExec,2736,0,0,0,0,0,0
Android Rules,method,antlr4,0.9,0.5,org.antlr.v4.test.rt.java.TestParserExec,2736,0,0,0,0,0,0
Basic Rules,method,antlr4,0.9,0.5,org.antlr.v4.test.rt.java.TestParserExec,2736,0,0,0,0,0,0
Brace Rules,method,antlr4,0.9,0.5,org.antlr.v4.test.rt.java.TestParserExec,2736,0,0,0,0,0,0
Clone Implementation Rules,method,antlr4,0.9,0.5,org.antlr.v4.test.rt.java.TestParserExec,2736,0,0,0,0,0,0
Code Size Rules,method,antlr4,0.9,0.5,org.antlr.v4.test.rt.java.TestParserExec,2736,0,0,0,0,0,0
Comment Rules,method,antlr4,0.9,0.5,org.antlr.v4.test.rt.java.TestParserExec,2736,0,0,0,0,0,0
Controversial Rules,method,antlr4,0.9,0.5,org.antlr.v4.test.rt.java.TestParserExec,2736,0,0,0,0,0,0
Coupling Rules,method,antlr4,0.9,0.5,org.antlr.v4.test.rt.java.TestParserExec,2736,0,0,0,0,0,0
Design Rules,method,antlr4,0.9,0.5,org.antlr.v4.test.rt.java.TestParserExec,2736,0,0,0,0,0,0
Empty Code Rules,method,antlr4,0.9,0.5,org.antlr.v4.test.rt.java.TestParserExec,2736,0,0,0,0,0,1
Finalizer Rules,method,antlr4,0.9,0.5,org.antlr.v4.test.rt.java.TestParserExec,2736,0,0,0,0,0,1
Import Statement Rules,method,antlr4,0.9,0.5,org.antlr.v4.test.rt.java.TestParserExec,2736,0,0,0,0,0,1
J2EE Rules,method,antlr4,0.9,0.5,org.antlr.v4.test.rt.java.TestParserExec,2736,0,0,0,0,0,1
JUnit Rules,method,antlr4,0.9,0.5,org.antlr.v4.test.rt.java.TestParserExec,2736,0,0,0,0,0,0
Jakarta Commons Logging Rules,method,antlr4,0.9,0.5,org.antlr.v4.test.rt.java.TestParserExec,2736,0,0,0,0,0,1
Java Logging Rules,method,antlr4,0.9,0.5,org.antlr.v4.test.rt.java.TestParserExec,2736,0,0,0,0,0,1
JavaBean Rules,method,antlr4,0.9,0.5,org.antlr.v4.test.rt.java.TestParserExec,2736,0,0,0,0,0,1
MigratingToJUnit4 Rules,method,antlr4,0.9,0.5,org.antlr.v4.test.rt.java.TestParserExec,2736,0,0,0,0,0,1
Migration Rules,method,antlr4,0.9,0.5,org.antlr.v4.test.rt.java.TestParserExec,2736,0,0,0,0,0,0
Migration13 Rules,method,antlr4,0.9,0.5,org.antlr.v4.test.rt.java.TestParserExec,2736,0,0,0,0,0,0
Migration14 Rules,method,antlr4,0.9,0.5,org.antlr.v4.test.rt.java.TestParserExec,2736,0,0,0,0,0,0
Migration15 Rules,method,antlr4,0.9,0.5,org.antlr.v4.test.rt.java.TestParserExec,2736,0,0,0,0,0,0
Naming Rules,method,antlr4,0.9,0.5,org.antlr.v4.test.rt.java.TestParserExec,2736,0,0,0,0,0,0
Optimization Rules,method,antlr4,0.9,0.5,org.antlr.v4.test.rt.java.TestParserExec,2736,0,0,0,0,0,0
Security Code Guideline Rules,method,antlr4,0.9,0.5,org.antlr.v4.test.rt.java.TestParserExec,2736,0,0,0,0,0,0
Strict Exception Rules,method,antlr4,0.9,0.5,org.antlr.v4.test.rt.java.TestParserExec,2736,0,0,0,0,0,0
String and StringBuffer Rules,method,antlr4,0.9,0.5,org.antlr.v4.test.rt.java.TestParserExec,2736,0,0,1,0,0,1
Type Resolution Rules,method,antlr4,0.9,0.5,org.antlr.v4.test.rt.java.TestParserExec,2736,0,0,0,0,0,0
Unnecessary and Unused Code Rules,method,antlr4,0.9,0.5,org.antlr.v4.test.rt.java.TestParserExec,2736,0,0,0,0,0,0
Vulnerability Rules,method,antlr4,0.9,0.5,org.antlr.v4.test.rt.java.TestParserExec,2736,0,0,0,0,0,0
CC,method,antlr4,0.9,0.5,org.antlr.v4.test.rt.java.TestSets,1656,1,1,0,1,1,1
CCL,method,antlr4,0.9,0.5,org.antlr.v4.test.rt.java.TestSets,1656,1,1,0,1,1,0
CCO,method,antlr4,0.9,0.5,org.antlr.v4.test.rt.java.TestSets,1656,1,1,0,1,1,0
CI,method,antlr4,0.9,0.5,org.antlr.v4.test.rt.java.TestSets,1656,1,1,0,1,1,0
CLC,method,antlr4,0.9,0.5,org.antlr.v4.test.rt.java.TestSets,1656,1,1,0,1,1,0
CLLC,method,antlr4,0.9,0.5,org.antlr.v4.test.rt.java.TestSets,1656,1,1,0,1,1,0
LDC,method,antlr4,0.9,0.5,org.antlr.v4.test.rt.java.TestSets,1656,1,1,0,1,1,0
LLDC,method,antlr4,0.9,0.5,org.antlr.v4.test.rt.java.TestSets,1656,1,1,0,1,1,0
HCPL,method,antlr4,0.9,0.5,org.antlr.v4.test.rt.java.TestSets,1656,1,1,0,1,1,0
HDIF,method,antlr4,0.9,0.5,org.antlr.v4.test.rt.java.TestSets,1656,1,1,0,1,1,0
HEFF,method,antlr4,0.9,0.5,org.antlr.v4.test.rt.java.TestSets,1656,1,1,0,1,1,0
HNDB,method,antlr4,0.9,0.5,org.antlr.v4.test.rt.java.TestSets,1656,1,1,0,1,1,0
HPL,method,antlr4,0.9,0.5,org.antlr.v4.test.rt.java.TestSets,1656,1,1,0,1,1,0
HPV,method,antlr4,0.9,0.5,org.antlr.v4.test.rt.java.TestSets,1656,1,1,0,1,1,0
HTRP,method,antlr4,0.9,0.5,org.antlr.v4.test.rt.java.TestSets,1656,1,1,0,1,1,0
HVOL,method,antlr4,0.9,0.5,org.antlr.v4.test.rt.java.TestSets,1656,1,1,0,1,1,0
MI,method,antlr4,0.9,0.5,org.antlr.v4.test.rt.java.TestSets,1656,1,1,0,1,1,0
MIMS,method,antlr4,0.9,0.5,org.antlr.v4.test.rt.java.TestSets,1656,1,1,0,1,1,0
MISEI,method,antlr4,0.9,0.5,org.antlr.v4.test.rt.java.TestSets,1656,1,1,0,1,1,0
MISM,method,antlr4,0.9,0.5,org.antlr.v4.test.rt.java.TestSets,1656,1,1,0,1,1,0
McCC,method,antlr4,0.9,0.5,org.antlr.v4.test.rt.java.TestSets,1656,0,0,0,1,1,0
NL,method,antlr4,0.9,0.5,org.antlr.v4.test.rt.java.TestSets,1656,0,0,0,1,1,0
NLE,method,antlr4,0.9,0.5,org.antlr.v4.test.rt.java.TestSets,1656,0,0,0,1,1,0
NII,method,antlr4,0.9,0.5,org.antlr.v4.test.rt.java.TestSets,1656,1,1,1,1,1,1
NOI,method,antlr4,0.9,0.5,org.antlr.v4.test.rt.java.TestSets,1656,0,0,0,1,1,0
CD,method,antlr4,0.9,0.5,org.antlr.v4.test.rt.java.TestSets,1656,0,0,0,1,1,0
CLOC,method,antlr4,0.9,0.5,org.antlr.v4.test.rt.java.TestSets,1656,0,0,0,1,1,0
DLOC,method,antlr4,0.9,0.5,org.antlr.v4.test.rt.java.TestSets,1656,0,0,0,1,1,0
TCD,method,antlr4,0.9,0.5,org.antlr.v4.test.rt.java.TestSets,1656,0,0,0,1,1,0
TCLOC,method,antlr4,0.9,0.5,org.antlr.v4.test.rt.java.TestSets,1656,0,0,0,1,1,0
LLOC,method,antlr4,0.9,0.5,org.antlr.v4.test.rt.java.TestSets,1656,1,1,0,1,1,0
LOC,method,antlr4,0.9,0.5,org.antlr.v4.test.rt.java.TestSets,1656,1,1,0,1,1,0
NOS,method,antlr4,0.9,0.5,org.antlr.v4.test.rt.java.TestSets,1656,0,0,1,1,1,1
NUMPAR,method,antlr4,0.9,0.5,org.antlr.v4.test.rt.java.TestSets,1656,1,1,1,1,1,1
TLLOC,method,antlr4,0.9,0.5,org.antlr.v4.test.rt.java.TestSets,1656,1,1,0,1,1,0
TLOC,method,antlr4,0.9,0.5,org.antlr.v4.test.rt.java.TestSets,1656,1,1,0,1,1,0
TNOS,method,antlr4,0.9,0.5,org.antlr.v4.test.rt.java.TestSets,1656,0,0,1,0,0,1
WarningBlocker,method,antlr4,0.9,0.5,org.antlr.v4.test.rt.java.TestSets,1656,0,0,0,0,0,1
WarningCritical,method,antlr4,0.9,0.5,org.antlr.v4.test.rt.java.TestSets,1656,0,0,0,0,0,1
WarningInfo,method,antlr4,0.9,0.5,org.antlr.v4.test.rt.java.TestSets,1656,0,0,0,0,0,1
WarningMajor,method,antlr4,0.9,0.5,org.antlr.v4.test.rt.java.TestSets,1656,0,0,0,0,0,0
WarningMinor,method,antlr4,0.9,0.5,org.antlr.v4.test.rt.java.TestSets,1656,0,0,1,0,0,1
Android Rules,method,antlr4,0.9,0.5,org.antlr.v4.test.rt.java.TestSets,1656,0,0,0,0,0,1
Basic Rules,method,antlr4,0.9,0.5,org.antlr.v4.test.rt.java.TestSets,1656,0,0,0,0,0,1
Brace Rules,method,antlr4,0.9,0.5,org.antlr.v4.test.rt.java.TestSets,1656,0,0,0,0,0,1
Clone Implementation Rules,method,antlr4,0.9,0.5,org.antlr.v4.test.rt.java.TestSets,1656,0,0,0,0,0,1
Code Size Rules,method,antlr4,0.9,0.5,org.antlr.v4.test.rt.java.TestSets,1656,0,0,0,0,0,1
Comment Rules,method,antlr4,0.9,0.5,org.antlr.v4.test.rt.java.TestSets,1656,0,0,0,0,0,1
Controversial Rules,method,antlr4,0.9,0.5,org.antlr.v4.test.rt.java.TestSets,1656,0,0,1,0,0,1
Coupling Rules,method,antlr4,0.9,0.5,org.antlr.v4.test.rt.java.TestSets,1656,0,0,0,0,0,1
Design Rules,method,antlr4,0.9,0.5,org.antlr.v4.test.rt.java.TestSets,1656,0,0,0,0,0,1
Empty Code Rules,method,antlr4,0.9,0.5,org.antlr.v4.test.rt.java.TestSets,1656,0,0,0,0,0,1
Finalizer Rules,method,antlr4,0.9,0.5,org.antlr.v4.test.rt.java.TestSets,1656,0,0,0,0,0,1
Import Statement Rules,method,antlr4,0.9,0.5,org.antlr.v4.test.rt.java.TestSets,1656,0,0,0,0,0,1
J2EE Rules,method,antlr4,0.9,0.5,org.antlr.v4.test.rt.java.TestSets,1656,0,0,0,0,0,1
JUnit Rules,method,antlr4,0.9,0.5,org.antlr.v4.test.rt.java.TestSets,1656,0,0,1,0,0,1
Jakarta Commons Logging Rules,method,antlr4,0.9,0.5,org.antlr.v4.test.rt.java.TestSets,1656,0,0,0,0,0,1
Java Logging Rules,method,antlr4,0.9,0.5,org.antlr.v4.test.rt.java.TestSets,1656,0,0,0,0,0,1
JavaBean Rules,method,antlr4,0.9,0.5,org.antlr.v4.test.rt.java.TestSets,1656,0,0,0,0,0,1
MigratingToJUnit4 Rules,method,antlr4,0.9,0.5,org.antlr.v4.test.rt.java.TestSets,1656,0,0,0,0,0,1
Migration Rules,method,antlr4,0.9,0.5,org.antlr.v4.test.rt.java.TestSets,1656,0,0,0,0,0,1
Migration13 Rules,method,antlr4,0.9,0.5,org.antlr.v4.test.rt.java.TestSets,1656,0,0,0,0,0,1
Migration14 Rules,method,antlr4,0.9,0.5,org.antlr.v4.test.rt.java.TestSets,1656,0,0,0,0,0,1
Migration15 Rules,method,antlr4,0.9,0.5,org.antlr.v4.test.rt.java.TestSets,1656,0,0,0,0,0,1
Naming Rules,method,antlr4,0.9,0.5,org.antlr.v4.test.rt.java.TestSets,1656,0,0,0,0,0,1
Optimization Rules,method,antlr4,0.9,0.5,org.antlr.v4.test.rt.java.TestSets,1656,0,0,0,0,0,1
Security Code Guideline Rules,method,antlr4,0.9,0.5,org.antlr.v4.test.rt.java.TestSets,1656,0,0,0,0,0,1
Strict Exception Rules,method,antlr4,0.9,0.5,org.antlr.v4.test.rt.java.TestSets,1656,0,0,0,0,0,1
String and StringBuffer Rules,method,antlr4,0.9,0.5,org.antlr.v4.test.rt.java.TestSets,1656,0,0,0,0,0,0
Type Resolution Rules,method,antlr4,0.9,0.5,org.antlr.v4.test.rt.java.TestSets,1656,0,0,0,0,0,1
Unnecessary and Unused Code Rules,method,antlr4,0.9,0.5,org.antlr.v4.test.rt.java.TestSets,1656,0,0,0,0,0,0
Vulnerability Rules,method,antlr4,0.9,0.5,org.antlr.v4.test.rt.java.TestSets,1656,0,0,0,0,0,0
CC,method,antlr4,0.9,0.5,org.antlr.v4.test.rt.java.TestParserErrors,1944,1,1,0,1,1,0
CCL,method,antlr4,0.9,0.5,org.antlr.v4.test.rt.java.TestParserErrors,1944,1,1,0,1,1,0
CCO,method,antlr4,0.9,0.5,org.antlr.v4.test.rt.java.TestParserErrors,1944,1,1,0,1,1,0
CI,method,antlr4,0.9,0.5,org.antlr.v4.test.rt.java.TestParserErrors,1944,1,1,0,1,1,0
CLC,method,antlr4,0.9,0.5,org.antlr.v4.test.rt.java.TestParserErrors,1944,1,1,0,1,1,0
CLLC,method,antlr4,0.9,0.5,org.antlr.v4.test.rt.java.TestParserErrors,1944,1,1,0,1,1,0
LDC,method,antlr4,0.9,0.5,org.antlr.v4.test.rt.java.TestParserErrors,1944,1,1,0,1,1,0
LLDC,method,antlr4,0.9,0.5,org.antlr.v4.test.rt.java.TestParserErrors,1944,1,1,0,1,1,0
HCPL,method,antlr4,0.9,0.5,org.antlr.v4.test.rt.java.TestParserErrors,1944,1,1,0,1,1,0
HDIF,method,antlr4,0.9,0.5,org.antlr.v4.test.rt.java.TestParserErrors,1944,1,1,0,1,1,0
HEFF,method,antlr4,0.9,0.5,org.antlr.v4.test.rt.java.TestParserErrors,1944,1,1,0,1,1,0
HNDB,method,antlr4,0.9,0.5,org.antlr.v4.test.rt.java.TestParserErrors,1944,1,1,0,1,1,0
HPL,method,antlr4,0.9,0.5,org.antlr.v4.test.rt.java.TestParserErrors,1944,1,1,0,1,1,0
HPV,method,antlr4,0.9,0.5,org.antlr.v4.test.rt.java.TestParserErrors,1944,1,1,0,1,1,0
HTRP,method,antlr4,0.9,0.5,org.antlr.v4.test.rt.java.TestParserErrors,1944,1,1,0,1,1,0
HVOL,method,antlr4,0.9,0.5,org.antlr.v4.test.rt.java.TestParserErrors,1944,1,1,0,1,1,0
MI,method,antlr4,0.9,0.5,org.antlr.v4.test.rt.java.TestParserErrors,1944,1,1,0,1,1,0
MIMS,method,antlr4,0.9,0.5,org.antlr.v4.test.rt.java.TestParserErrors,1944,1,1,0,1,1,0
MISEI,method,antlr4,0.9,0.5,org.antlr.v4.test.rt.java.TestParserErrors,1944,1,1,0,1,1,0
MISM,method,antlr4,0.9,0.5,org.antlr.v4.test.rt.java.TestParserErrors,1944,1,1,0,1,1,0
McCC,method,antlr4,0.9,0.5,org.antlr.v4.test.rt.java.TestParserErrors,1944,0,0,0,1,1,0
NL,method,antlr4,0.9,0.5,org.antlr.v4.test.rt.java.TestParserErrors,1944,0,0,0,1,1,1
NLE,method,antlr4,0.9,0.5,org.antlr.v4.test.rt.java.TestParserErrors,1944,0,0,0,1,1,1
NII,method,antlr4,0.9,0.5,org.antlr.v4.test.rt.java.TestParserErrors,1944,1,1,1,1,1,1
NOI,method,antlr4,0.9,0.5,org.antlr.v4.test.rt.java.TestParserErrors,1944,0,0,0,1,1,1
CD,method,antlr4,0.9,0.5,org.antlr.v4.test.rt.java.TestParserErrors,1944,0,0,0,1,1,1
CLOC,method,antlr4,0.9,0.5,org.antlr.v4.test.rt.java.TestParserErrors,1944,0,0,0,1,1,1
DLOC,method,antlr4,0.9,0.5,org.antlr.v4.test.rt.java.TestParserErrors,1944,0,0,0,1,1,1
TCD,method,antlr4,0.9,0.5,org.antlr.v4.test.rt.java.TestParserErrors,1944,0,0,0,1,1,1
TCLOC,method,antlr4,0.9,0.5,org.antlr.v4.test.rt.java.TestParserErrors,1944,0,0,0,1,1,1
LLOC,method,antlr4,0.9,0.5,org.antlr.v4.test.rt.java.TestParserErrors,1944,1,1,0,1,1,0
LOC,method,antlr4,0.9,0.5,org.antlr.v4.test.rt.java.TestParserErrors,1944,1,1,0,1,1,0
NOS,method,antlr4,0.9,0.5,org.antlr.v4.test.rt.java.TestParserErrors,1944,0,0,1,1,1,1
NUMPAR,method,antlr4,0.9,0.5,org.antlr.v4.test.rt.java.TestParserErrors,1944,1,1,1,1,1,1
TLLOC,method,antlr4,0.9,0.5,org.antlr.v4.test.rt.java.TestParserErrors,1944,1,1,0,1,1,0
TLOC,method,antlr4,0.9,0.5,org.antlr.v4.test.rt.java.TestParserErrors,1944,1,1,0,1,1,0
TNOS,method,antlr4,0.9,0.5,org.antlr.v4.test.rt.java.TestParserErrors,1944,0,0,1,0,0,1
WarningBlocker,method,antlr4,0.9,0.5,org.antlr.v4.test.rt.java.TestParserErrors,1944,0,0,0,0,0,1
WarningCritical,method,antlr4,0.9,0.5,org.antlr.v4.test.rt.java.TestParserErrors,1944,0,0,0,0,0,1
WarningInfo,method,antlr4,0.9,0.5,org.antlr.v4.test.rt.java.TestParserErrors,1944,0,0,0,0,0,1
WarningMajor,method,antlr4,0.9,0.5,org.antlr.v4.test.rt.java.TestParserErrors,1944,0,0,0,0,0,0
WarningMinor,method,antlr4,0.9,0.5,org.antlr.v4.test.rt.java.TestParserErrors,1944,0,0,1,0,0,1
Android Rules,method,antlr4,0.9,0.5,org.antlr.v4.test.rt.java.TestParserErrors,1944,0,0,0,0,0,1
Basic Rules,method,antlr4,0.9,0.5,org.antlr.v4.test.rt.java.TestParserErrors,1944,0,0,0,0,0,1
Brace Rules,method,antlr4,0.9,0.5,org.antlr.v4.test.rt.java.TestParserErrors,1944,0,0,0,0,0,1
Clone Implementation Rules,method,antlr4,0.9,0.5,org.antlr.v4.test.rt.java.TestParserErrors,1944,0,0,0,0,0,0
Code Size Rules,method,antlr4,0.9,0.5,org.antlr.v4.test.rt.java.TestParserErrors,1944,0,0,0,0,0,1
Comment Rules,method,antlr4,0.9,0.5,org.antlr.v4.test.rt.java.TestParserErrors,1944,0,0,0,0,0,1
Controversial Rules,method,antlr4,0.9,0.5,org.antlr.v4.test.rt.java.TestParserErrors,1944,0,0,1,0,0,1
Coupling Rules,method,antlr4,0.9,0.5,org.antlr.v4.test.rt.java.TestParserErrors,1944,0,0,0,0,0,1
Design Rules,method,antlr4,0.9,0.5,org.antlr.v4.test.rt.java.TestParserErrors,1944,0,0,0,0,0,0
Empty Code Rules,method,antlr4,0.9,0.5,org.antlr.v4.test.rt.java.TestParserErrors,1944,0,0,0,0,0,0
Finalizer Rules,method,antlr4,0.9,0.5,org.antlr.v4.test.rt.java.TestParserErrors,1944,0,0,0,0,0,0
Import Statement Rules,method,antlr4,0.9,0.5,org.antlr.v4.test.rt.java.TestParserErrors,1944,0,0,0,0,0,0
J2EE Rules,method,antlr4,0.9,0.5,org.antlr.v4.test.rt.java.TestParserErrors,1944,0,0,0,0,0,0
JUnit Rules,method,antlr4,0.9,0.5,org.antlr.v4.test.rt.java.TestParserErrors,1944,0,0,1,0,0,1
Jakarta Commons Logging Rules,method,antlr4,0.9,0.5,org.antlr.v4.test.rt.java.TestParserErrors,1944,0,0,0,0,0,0
Java Logging Rules,method,antlr4,0.9,0.5,org.antlr.v4.test.rt.java.TestParserErrors,1944,0,0,0,0,0,0
JavaBean Rules,method,antlr4,0.9,0.5,org.antlr.v4.test.rt.java.TestParserErrors,1944,0,0,0,0,0,0
MigratingToJUnit4 Rules,method,antlr4,0.9,0.5,org.antlr.v4.test.rt.java.TestParserErrors,1944,0,0,0,0,0,1
Migration Rules,method,antlr4,0.9,0.5,org.antlr.v4.test.rt.java.TestParserErrors,1944,0,0,0,0,0,1
Migration13 Rules,method,antlr4,0.9,0.5,org.antlr.v4.test.rt.java.TestParserErrors,1944,0,0,0,0,0,1
Migration14 Rules,method,antlr4,0.9,0.5,org.antlr.v4.test.rt.java.TestParserErrors,1944,0,0,0,0,0,1
Migration15 Rules,method,antlr4,0.9,0.5,org.antlr.v4.test.rt.java.TestParserErrors,1944,0,0,0,0,0,1
Naming Rules,method,antlr4,0.9,0.5,org.antlr.v4.test.rt.java.TestParserErrors,1944,0,0,0,0,0,1
Optimization Rules,method,antlr4,0.9,0.5,org.antlr.v4.test.rt.java.TestParserErrors,1944,0,0,0,0,0,1
Security Code Guideline Rules,method,antlr4,0.9,0.5,org.antlr.v4.test.rt.java.TestParserErrors,1944,0,0,0,0,0,1
Strict Exception Rules,method,antlr4,0.9,0.5,org.antlr.v4.test.rt.java.TestParserErrors,1944,0,0,0,0,0,1
String and StringBuffer Rules,method,antlr4,0.9,0.5,org.antlr.v4.test.rt.java.TestParserErrors,1944,0,0,0,0,0,0
Type Resolution Rules,method,antlr4,0.9,0.5,org.antlr.v4.test.rt.java.TestParserErrors,1944,0,0,0,0,0,1
Unnecessary and Unused Code Rules,method,antlr4,0.9,0.5,org.antlr.v4.test.rt.java.TestParserErrors,1944,0,0,0,0,0,1
Vulnerability Rules,method,antlr4,0.9,0.5,org.antlr.v4.test.rt.java.TestParserErrors,1944,0,0,0,0,0,1
CC,method,antlr4,0.9,0.5,org.antlr.v4.test.rt.java.TestListeners,648,1,1,1,1,1,1
CCL,method,antlr4,0.9,0.5,org.antlr.v4.test.rt.java.TestListeners,648,1,1,1,1,1,1
CCO,method,antlr4,0.9,0.5,org.antlr.v4.test.rt.java.TestListeners,648,1,1,1,1,1,1
CI,method,antlr4,0.9,0.5,org.antlr.v4.test.rt.java.TestListeners,648,1,1,1,1,1,1
CLC,method,antlr4,0.9,0.5,org.antlr.v4.test.rt.java.TestListeners,648,1,1,1,1,1,1
CLLC,method,antlr4,0.9,0.5,org.antlr.v4.test.rt.java.TestListeners,648,1,1,1,1,1,1
LDC,method,antlr4,0.9,0.5,org.antlr.v4.test.rt.java.TestListeners,648,1,1,1,1,1,1
LLDC,method,antlr4,0.9,0.5,org.antlr.v4.test.rt.java.TestListeners,648,1,1,1,1,1,1
HCPL,method,antlr4,0.9,0.5,org.antlr.v4.test.rt.java.TestListeners,648,1,1,1,1,1,1
HDIF,method,antlr4,0.9,0.5,org.antlr.v4.test.rt.java.TestListeners,648,1,1,1,1,1,1
HEFF,method,antlr4,0.9,0.5,org.antlr.v4.test.rt.java.TestListeners,648,1,1,1,1,1,1
HNDB,method,antlr4,0.9,0.5,org.antlr.v4.test.rt.java.TestListeners,648,1,1,1,1,1,1
HPL,method,antlr4,0.9,0.5,org.antlr.v4.test.rt.java.TestListeners,648,1,1,1,1,1,1
HPV,method,antlr4,0.9,0.5,org.antlr.v4.test.rt.java.TestListeners,648,1,1,1,1,1,1
HTRP,method,antlr4,0.9,0.5,org.antlr.v4.test.rt.java.TestListeners,648,1,1,1,1,1,1
HVOL,method,antlr4,0.9,0.5,org.antlr.v4.test.rt.java.TestListeners,648,1,1,1,1,1,1
MI,method,antlr4,0.9,0.5,org.antlr.v4.test.rt.java.TestListeners,648,1,1,1,1,1,1
MIMS,method,antlr4,0.9,0.5,org.antlr.v4.test.rt.java.TestListeners,648,1,1,1,1,1,1
MISEI,method,antlr4,0.9,0.5,org.antlr.v4.test.rt.java.TestListeners,648,1,1,1,1,1,1
MISM,method,antlr4,0.9,0.5,org.antlr.v4.test.rt.java.TestListeners,648,1,1,1,1,1,1
McCC,method,antlr4,0.9,0.5,org.antlr.v4.test.rt.java.TestListeners,648,0,0,0,1,1,1
NL,method,antlr4,0.9,0.5,org.antlr.v4.test.rt.java.TestListeners,648,0,0,0,1,1,1
NLE,method,antlr4,0.9,0.5,org.antlr.v4.test.rt.java.TestListeners,648,0,0,0,1,1,1
NII,method,antlr4,0.9,0.5,org.antlr.v4.test.rt.java.TestListeners,648,1,1,1,1,1,1
NOI,method,antlr4,0.9,0.5,org.antlr.v4.test.rt.java.TestListeners,648,0,0,0,1,1,1
CD,method,antlr4,0.9,0.5,org.antlr.v4.test.rt.java.TestListeners,648,0,0,0,1,1,1
CLOC,method,antlr4,0.9,0.5,org.antlr.v4.test.rt.java.TestListeners,648,0,0,0,1,1,1
DLOC,method,antlr4,0.9,0.5,org.antlr.v4.test.rt.java.TestListeners,648,0,0,0,1,1,1
TCD,method,antlr4,0.9,0.5,org.antlr.v4.test.rt.java.TestListeners,648,0,0,0,1,1,1
TCLOC,method,antlr4,0.9,0.5,org.antlr.v4.test.rt.java.TestListeners,648,0,0,0,1,1,1
LLOC,method,antlr4,0.9,0.5,org.antlr.v4.test.rt.java.TestListeners,648,1,1,1,1,1,1
LOC,method,antlr4,0.9,0.5,org.antlr.v4.test.rt.java.TestListeners,648,1,1,1,1,1,1
NOS,method,antlr4,0.9,0.5,org.antlr.v4.test.rt.java.TestListeners,648,0,0,0,1,1,1
NUMPAR,method,antlr4,0.9,0.5,org.antlr.v4.test.rt.java.TestListeners,648,1,1,1,1,1,1
TLLOC,method,antlr4,0.9,0.5,org.antlr.v4.test.rt.java.TestListeners,648,1,1,1,1,1,1
TLOC,method,antlr4,0.9,0.5,org.antlr.v4.test.rt.java.TestListeners,648,1,1,1,1,1,1
TNOS,method,antlr4,0.9,0.5,org.antlr.v4.test.rt.java.TestListeners,648,0,0,0,0,0,0
WarningBlocker,method,antlr4,0.9,0.5,org.antlr.v4.test.rt.java.TestListeners,648,0,0,0,0,0,0
WarningCritical,method,antlr4,0.9,0.5,org.antlr.v4.test.rt.java.TestListeners,648,0,0,0,0,0,0
WarningInfo,method,antlr4,0.9,0.5,org.antlr.v4.test.rt.java.TestListeners,648,0,0,0,0,0,0
WarningMajor,method,antlr4,0.9,0.5,org.antlr.v4.test.rt.java.TestListeners,648,0,0,0,0,0,0
WarningMinor,method,antlr4,0.9,0.5,org.antlr.v4.test.rt.java.TestListeners,648,0,0,0,0,0,0
Android Rules,method,antlr4,0.9,0.5,org.antlr.v4.test.rt.java.TestListeners,648,0,0,0,0,0,0
Basic Rules,method,antlr4,0.9,0.5,org.antlr.v4.test.rt.java.TestListeners,648,0,0,0,0,0,0
Brace Rules,method,antlr4,0.9,0.5,org.antlr.v4.test.rt.java.TestListeners,648,0,0,0,0,0,0
Clone Implementation Rules,method,antlr4,0.9,0.5,org.antlr.v4.test.rt.java.TestListeners,648,0,0,0,0,0,0
Code Size Rules,method,antlr4,0.9,0.5,org.antlr.v4.test.rt.java.TestListeners,648,0,0,0,0,0,0
Comment Rules,method,antlr4,0.9,0.5,org.antlr.v4.test.rt.java.TestListeners,648,0,0,0,0,0,0
Controversial Rules,method,antlr4,0.9,0.5,org.antlr.v4.test.rt.java.TestListeners,648,0,0,0,0,0,0
Coupling Rules,method,antlr4,0.9,0.5,org.antlr.v4.test.rt.java.TestListeners,648,0,0,0,0,0,0
Design Rules,method,antlr4,0.9,0.5,org.antlr.v4.test.rt.java.TestListeners,648,0,0,0,0,0,0
Empty Code Rules,method,antlr4,0.9,0.5,org.antlr.v4.test.rt.java.TestListeners,648,0,0,0,0,0,0
Finalizer Rules,method,antlr4,0.9,0.5,org.antlr.v4.test.rt.java.TestListeners,648,0,0,0,0,0,0
Import Statement Rules,method,antlr4,0.9,0.5,org.antlr.v4.test.rt.java.TestListeners,648,0,0,0,0,0,0
J2EE Rules,method,antlr4,0.9,0.5,org.antlr.v4.test.rt.java.TestListeners,648,0,0,0,0,0,0
JUnit Rules,method,antlr4,0.9,0.5,org.antlr.v4.test.rt.java.TestListeners,648,0,0,0,0,0,0
Jakarta Commons Logging Rules,method,antlr4,0.9,0.5,org.antlr.v4.test.rt.java.TestListeners,648,0,0,0,0,0,0
Java Logging Rules,method,antlr4,0.9,0.5,org.antlr.v4.test.rt.java.TestListeners,648,0,0,0,0,0,0
JavaBean Rules,method,antlr4,0.9,0.5,org.antlr.v4.test.rt.java.TestListeners,648,0,0,0,0,0,0
MigratingToJUnit4 Rules,method,antlr4,0.9,0.5,org.antlr.v4.test.rt.java.TestListeners,648,0,0,0,0,0,0
Migration Rules,method,antlr4,0.9,0.5,org.antlr.v4.test.rt.java.TestListeners,648,0,0,0,0,0,0
Migration13 Rules,method,antlr4,0.9,0.5,org.antlr.v4.test.rt.java.TestListeners,648,0,0,0,0,0,0
Migration14 Rules,method,antlr4,0.9,0.5,org.antlr.v4.test.rt.java.TestListeners,648,0,0,0,0,0,0
Migration15 Rules,method,antlr4,0.9,0.5,org.antlr.v4.test.rt.java.TestListeners,648,0,0,0,0,0,0
Naming Rules,method,antlr4,0.9,0.5,org.antlr.v4.test.rt.java.TestListeners,648,0,0,0,0,0,0
Optimization Rules,method,antlr4,0.9,0.5,org.antlr.v4.test.rt.java.TestListeners,648,0,0,0,0,0,0
Security Code Guideline Rules,method,antlr4,0.9,0.5,org.antlr.v4.test.rt.java.TestListeners,648,0,0,0,0,0,0
Strict Exception Rules,method,antlr4,0.9,0.5,org.antlr.v4.test.rt.java.TestListeners,648,0,0,0,0,0,0
String and StringBuffer Rules,method,antlr4,0.9,0.5,org.antlr.v4.test.rt.java.TestListeners,648,0,0,0,0,0,0
Type Resolution Rules,method,antlr4,0.9,0.5,org.antlr.v4.test.rt.java.TestListeners,648,0,0,0,0,0,0
Unnecessary and Unused Code Rules,method,antlr4,0.9,0.5,org.antlr.v4.test.rt.java.TestListeners,648,0,0,0,0,0,0
Vulnerability Rules,method,antlr4,0.9,0.5,org.antlr.v4.test.rt.java.TestListeners,648,0,0,0,0,0,0
CC,method,antlr4,0.9,0.5,org.antlr.v4.test.rt.gen.Generator,2232,1,1,0,1,1,0
CCL,method,antlr4,0.9,0.5,org.antlr.v4.test.rt.gen.Generator,2232,1,1,0,1,1,1
CCO,method,antlr4,0.9,0.5,org.antlr.v4.test.rt.gen.Generator,2232,1,1,0,1,1,0
CI,method,antlr4,0.9,0.5,org.antlr.v4.test.rt.gen.Generator,2232,1,1,0,1,1,0
CLC,method,antlr4,0.9,0.5,org.antlr.v4.test.rt.gen.Generator,2232,1,1,0,1,1,0
CLLC,method,antlr4,0.9,0.5,org.antlr.v4.test.rt.gen.Generator,2232,1,1,0,1,1,0
LDC,method,antlr4,0.9,0.5,org.antlr.v4.test.rt.gen.Generator,2232,1,1,0,1,1,0
LLDC,method,antlr4,0.9,0.5,org.antlr.v4.test.rt.gen.Generator,2232,1,1,0,1,1,0
HCPL,method,antlr4,0.9,0.5,org.antlr.v4.test.rt.gen.Generator,2232,1,1,1,1,1,1
HDIF,method,antlr4,0.9,0.5,org.antlr.v4.test.rt.gen.Generator,2232,1,1,1,1,1,1
HEFF,method,antlr4,0.9,0.5,org.antlr.v4.test.rt.gen.Generator,2232,1,1,1,1,1,1
HNDB,method,antlr4,0.9,0.5,org.antlr.v4.test.rt.gen.Generator,2232,1,1,1,1,1,1
HPL,method,antlr4,0.9,0.5,org.antlr.v4.test.rt.gen.Generator,2232,1,1,1,1,1,1
HPV,method,antlr4,0.9,0.5,org.antlr.v4.test.rt.gen.Generator,2232,1,1,1,1,1,1
HTRP,method,antlr4,0.9,0.5,org.antlr.v4.test.rt.gen.Generator,2232,1,1,1,1,1,1
HVOL,method,antlr4,0.9,0.5,org.antlr.v4.test.rt.gen.Generator,2232,1,1,1,1,1,1
MI,method,antlr4,0.9,0.5,org.antlr.v4.test.rt.gen.Generator,2232,1,1,1,1,1,1
MIMS,method,antlr4,0.9,0.5,org.antlr.v4.test.rt.gen.Generator,2232,1,1,1,1,1,1
MISEI,method,antlr4,0.9,0.5,org.antlr.v4.test.rt.gen.Generator,2232,1,1,1,1,1,1
MISM,method,antlr4,0.9,0.5,org.antlr.v4.test.rt.gen.Generator,2232,1,1,1,1,1,1
McCC,method,antlr4,0.9,0.5,org.antlr.v4.test.rt.gen.Generator,2232,0,0,0,1,1,0
NL,method,antlr4,0.9,0.5,org.antlr.v4.test.rt.gen.Generator,2232,1,1,1,1,1,1
NLE,method,antlr4,0.9,0.5,org.antlr.v4.test.rt.gen.Generator,2232,1,1,1,1,1,1
NII,method,antlr4,0.9,0.5,org.antlr.v4.test.rt.gen.Generator,2232,0,0,0,1,1,1
NOI,method,antlr4,0.9,0.5,org.antlr.v4.test.rt.gen.Generator,2232,0,0,0,1,1,1
CD,method,antlr4,0.9,0.5,org.antlr.v4.test.rt.gen.Generator,2232,1,1,1,1,1,1
CLOC,method,antlr4,0.9,0.5,org.antlr.v4.test.rt.gen.Generator,2232,1,1,1,1,1,1
DLOC,method,antlr4,0.9,0.5,org.antlr.v4.test.rt.gen.Generator,2232,0,0,0,1,1,0
TCD,method,antlr4,0.9,0.5,org.antlr.v4.test.rt.gen.Generator,2232,1,1,1,1,1,1
TCLOC,method,antlr4,0.9,0.5,org.antlr.v4.test.rt.gen.Generator,2232,1,1,1,1,1,1
LLOC,method,antlr4,0.9,0.5,org.antlr.v4.test.rt.gen.Generator,2232,1,1,1,1,1,1
LOC,method,antlr4,0.9,0.5,org.antlr.v4.test.rt.gen.Generator,2232,1,1,1,1,1,1
NOS,method,antlr4,0.9,0.5,org.antlr.v4.test.rt.gen.Generator,2232,0,0,1,1,1,1
NUMPAR,method,antlr4,0.9,0.5,org.antlr.v4.test.rt.gen.Generator,2232,0,0,0,1,1,1
TLLOC,method,antlr4,0.9,0.5,org.antlr.v4.test.rt.gen.Generator,2232,1,1,1,1,1,1
TLOC,method,antlr4,0.9,0.5,org.antlr.v4.test.rt.gen.Generator,2232,1,1,1,1,1,1
TNOS,method,antlr4,0.9,0.5,org.antlr.v4.test.rt.gen.Generator,2232,0,0,1,0,0,1
WarningBlocker,method,antlr4,0.9,0.5,org.antlr.v4.test.rt.gen.Generator,2232,0,0,0,0,0,0
WarningCritical,method,antlr4,0.9,0.5,org.antlr.v4.test.rt.gen.Generator,2232,0,0,0,0,0,0
WarningInfo,method,antlr4,0.9,0.5,org.antlr.v4.test.rt.gen.Generator,2232,0,0,0,0,0,0
WarningMajor,method,antlr4,0.9,0.5,org.antlr.v4.test.rt.gen.Generator,2232,0,0,0,0,0,1
WarningMinor,method,antlr4,0.9,0.5,org.antlr.v4.test.rt.gen.Generator,2232,0,0,0,0,0,0
Android Rules,method,antlr4,0.9,0.5,org.antlr.v4.test.rt.gen.Generator,2232,0,0,0,0,0,0
Basic Rules,method,antlr4,0.9,0.5,org.antlr.v4.test.rt.gen.Generator,2232,0,0,0,0,0,0
Brace Rules,method,antlr4,0.9,0.5,org.antlr.v4.test.rt.gen.Generator,2232,0,0,0,0,0,0
Clone Implementation Rules,method,antlr4,0.9,0.5,org.antlr.v4.test.rt.gen.Generator,2232,0,0,0,0,0,0
Code Size Rules,method,antlr4,0.9,0.5,org.antlr.v4.test.rt.gen.Generator,2232,0,0,0,0,0,0
Comment Rules,method,antlr4,0.9,0.5,org.antlr.v4.test.rt.gen.Generator,2232,0,0,0,0,0,0
Controversial Rules,method,antlr4,0.9,0.5,org.antlr.v4.test.rt.gen.Generator,2232,0,0,0,0,0,0
Coupling Rules,method,antlr4,0.9,0.5,org.antlr.v4.test.rt.gen.Generator,2232,0,0,0,0,0,0
Design Rules,method,antlr4,0.9,0.5,org.antlr.v4.test.rt.gen.Generator,2232,0,0,0,0,0,0
Empty Code Rules,method,antlr4,0.9,0.5,org.antlr.v4.test.rt.gen.Generator,2232,0,0,0,0,0,0
Finalizer Rules,method,antlr4,0.9,0.5,org.antlr.v4.test.rt.gen.Generator,2232,0,0,0,0,0,1
Import Statement Rules,method,antlr4,0.9,0.5,org.antlr.v4.test.rt.gen.Generator,2232,0,0,0,0,0,1
J2EE Rules,method,antlr4,0.9,0.5,org.antlr.v4.test.rt.gen.Generator,2232,0,0,0,0,0,1
JUnit Rules,method,antlr4,0.9,0.5,org.antlr.v4.test.rt.gen.Generator,2232,0,0,0,0,0,1
Jakarta Commons Logging Rules,method,antlr4,0.9,0.5,org.antlr.v4.test.rt.gen.Generator,2232,0,0,0,0,0,0
Java Logging Rules,method,antlr4,0.9,0.5,org.antlr.v4.test.rt.gen.Generator,2232,0,0,0,0,0,0
JavaBean Rules,method,antlr4,0.9,0.5,org.antlr.v4.test.rt.gen.Generator,2232,0,0,0,0,0,0
MigratingToJUnit4 Rules,method,antlr4,0.9,0.5,org.antlr.v4.test.rt.gen.Generator,2232,0,0,0,0,0,0
Migration Rules,method,antlr4,0.9,0.5,org.antlr.v4.test.rt.gen.Generator,2232,0,0,0,0,0,0
Migration13 Rules,method,antlr4,0.9,0.5,org.antlr.v4.test.rt.gen.Generator,2232,0,0,0,0,0,0
Migration14 Rules,method,antlr4,0.9,0.5,org.antlr.v4.test.rt.gen.Generator,2232,0,0,0,0,0,1
Migration15 Rules,method,antlr4,0.9,0.5,org.antlr.v4.test.rt.gen.Generator,2232,0,0,0,0,0,0
Naming Rules,method,antlr4,0.9,0.5,org.antlr.v4.test.rt.gen.Generator,2232,0,0,0,0,0,0
Optimization Rules,method,antlr4,0.9,0.5,org.antlr.v4.test.rt.gen.Generator,2232,0,0,0,0,0,0
Security Code Guideline Rules,method,antlr4,0.9,0.5,org.antlr.v4.test.rt.gen.Generator,2232,0,0,0,0,0,0
Strict Exception Rules,method,antlr4,0.9,0.5,org.antlr.v4.test.rt.gen.Generator,2232,0,0,0,0,0,0
String and StringBuffer Rules,method,antlr4,0.9,0.5,org.antlr.v4.test.rt.gen.Generator,2232,0,0,0,0,0,0
Type Resolution Rules,method,antlr4,0.9,0.5,org.antlr.v4.test.rt.gen.Generator,2232,0,0,0,0,0,1
Unnecessary and Unused Code Rules,method,antlr4,0.9,0.5,org.antlr.v4.test.rt.gen.Generator,2232,0,0,0,0,0,1
Vulnerability Rules,method,antlr4,0.9,0.5,org.antlr.v4.test.rt.gen.Generator,2232,0,0,0,0,0,0
CC,method,antlr4,0.9,0.5,org.antlr.v4.test.tool.TestParserInterpreter,432,1,1,1,1,1,1
CCL,method,antlr4,0.9,0.5,org.antlr.v4.test.tool.TestParserInterpreter,432,1,1,1,1,1,1
CCO,method,antlr4,0.9,0.5,org.antlr.v4.test.tool.TestParserInterpreter,432,1,1,1,1,1,1
CI,method,antlr4,0.9,0.5,org.antlr.v4.test.tool.TestParserInterpreter,432,1,1,1,1,1,1
CLC,method,antlr4,0.9,0.5,org.antlr.v4.test.tool.TestParserInterpreter,432,1,1,1,1,1,1
CLLC,method,antlr4,0.9,0.5,org.antlr.v4.test.tool.TestParserInterpreter,432,1,1,1,1,1,1
LDC,method,antlr4,0.9,0.5,org.antlr.v4.test.tool.TestParserInterpreter,432,1,1,1,1,1,1
LLDC,method,antlr4,0.9,0.5,org.antlr.v4.test.tool.TestParserInterpreter,432,0,0,0,1,1,1
HCPL,method,antlr4,0.9,0.5,org.antlr.v4.test.tool.TestParserInterpreter,432,1,1,1,1,1,1
HDIF,method,antlr4,0.9,0.5,org.antlr.v4.test.tool.TestParserInterpreter,432,1,1,1,1,1,1
HEFF,method,antlr4,0.9,0.5,org.antlr.v4.test.tool.TestParserInterpreter,432,1,1,1,1,1,1
HNDB,method,antlr4,0.9,0.5,org.antlr.v4.test.tool.TestParserInterpreter,432,1,1,1,1,1,1
HPL,method,antlr4,0.9,0.5,org.antlr.v4.test.tool.TestParserInterpreter,432,1,1,1,1,1,1
HPV,method,antlr4,0.9,0.5,org.antlr.v4.test.tool.TestParserInterpreter,432,1,1,1,1,1,1
HTRP,method,antlr4,0.9,0.5,org.antlr.v4.test.tool.TestParserInterpreter,432,1,1,1,1,1,1
HVOL,method,antlr4,0.9,0.5,org.antlr.v4.test.tool.TestParserInterpreter,432,1,1,1,1,1,1
MI,method,antlr4,0.9,0.5,org.antlr.v4.test.tool.TestParserInterpreter,432,1,1,1,1,1,1
MIMS,method,antlr4,0.9,0.5,org.antlr.v4.test.tool.TestParserInterpreter,432,1,1,1,1,1,1
MISEI,method,antlr4,0.9,0.5,org.antlr.v4.test.tool.TestParserInterpreter,432,1,1,1,1,1,1
MISM,method,antlr4,0.9,0.5,org.antlr.v4.test.tool.TestParserInterpreter,432,1,1,1,1,1,1
McCC,method,antlr4,0.9,0.5,org.antlr.v4.test.tool.TestParserInterpreter,432,0,0,0,1,1,1
NL,method,antlr4,0.9,0.5,org.antlr.v4.test.tool.TestParserInterpreter,432,0,0,0,1,1,1
NLE,method,antlr4,0.9,0.5,org.antlr.v4.test.tool.TestParserInterpreter,432,0,0,0,1,1,1
NII,method,antlr4,0.9,0.5,org.antlr.v4.test.tool.TestParserInterpreter,432,0,0,0,1,1,1
NOI,method,antlr4,0.9,0.5,org.antlr.v4.test.tool.TestParserInterpreter,432,0,0,0,1,1,1
CD,method,antlr4,0.9,0.5,org.antlr.v4.test.tool.TestParserInterpreter,432,1,1,1,1,1,1
CLOC,method,antlr4,0.9,0.5,org.antlr.v4.test.tool.TestParserInterpreter,432,1,1,1,1,1,1
DLOC,method,antlr4,0.9,0.5,org.antlr.v4.test.tool.TestParserInterpreter,432,0,0,0,1,1,1
TCD,method,antlr4,0.9,0.5,org.antlr.v4.test.tool.TestParserInterpreter,432,1,1,1,1,1,1
TCLOC,method,antlr4,0.9,0.5,org.antlr.v4.test.tool.TestParserInterpreter,432,1,1,1,1,1,1
LLOC,method,antlr4,0.9,0.5,org.antlr.v4.test.tool.TestParserInterpreter,432,1,1,1,1,1,1
LOC,method,antlr4,0.9,0.5,org.antlr.v4.test.tool.TestParserInterpreter,432,1,1,1,1,1,1
NOS,method,antlr4,0.9,0.5,org.antlr.v4.test.tool.TestParserInterpreter,432,0,0,0,1,1,1
NUMPAR,method,antlr4,0.9,0.5,org.antlr.v4.test.tool.TestParserInterpreter,432,0,0,0,1,1,1
TLLOC,method,antlr4,0.9,0.5,org.antlr.v4.test.tool.TestParserInterpreter,432,1,1,1,1,1,1
TLOC,method,antlr4,0.9,0.5,org.antlr.v4.test.tool.TestParserInterpreter,432,1,1,1,1,1,1
TNOS,method,antlr4,0.9,0.5,org.antlr.v4.test.tool.TestParserInterpreter,432,0,0,0,0,0,0
WarningBlocker,method,antlr4,0.9,0.5,org.antlr.v4.test.tool.TestParserInterpreter,432,0,0,0,0,0,0
WarningCritical,method,antlr4,0.9,0.5,org.antlr.v4.test.tool.TestParserInterpreter,432,0,0,0,0,0,0
WarningInfo,method,antlr4,0.9,0.5,org.antlr.v4.test.tool.TestParserInterpreter,432,0,0,0,0,0,0
WarningMajor,method,antlr4,0.9,0.5,org.antlr.v4.test.tool.TestParserInterpreter,432,0,0,0,0,0,0
WarningMinor,method,antlr4,0.9,0.5,org.antlr.v4.test.tool.TestParserInterpreter,432,0,0,0,0,0,0
Android Rules,method,antlr4,0.9,0.5,org.antlr.v4.test.tool.TestParserInterpreter,432,0,0,0,0,0,0
Basic Rules,method,antlr4,0.9,0.5,org.antlr.v4.test.tool.TestParserInterpreter,432,0,0,0,0,0,0
Brace Rules,method,antlr4,0.9,0.5,org.antlr.v4.test.tool.TestParserInterpreter,432,0,0,0,0,0,0
Clone Implementation Rules,method,antlr4,0.9,0.5,org.antlr.v4.test.tool.TestParserInterpreter,432,0,0,0,0,0,0
Code Size Rules,method,antlr4,0.9,0.5,org.antlr.v4.test.tool.TestParserInterpreter,432,0,0,0,0,0,0
Comment Rules,method,antlr4,0.9,0.5,org.antlr.v4.test.tool.TestParserInterpreter,432,0,0,0,0,0,0
Controversial Rules,method,antlr4,0.9,0.5,org.antlr.v4.test.tool.TestParserInterpreter,432,0,0,0,0,0,0
Coupling Rules,method,antlr4,0.9,0.5,org.antlr.v4.test.tool.TestParserInterpreter,432,0,0,0,0,0,0
Design Rules,method,antlr4,0.9,0.5,org.antlr.v4.test.tool.TestParserInterpreter,432,0,0,0,0,0,0
Empty Code Rules,method,antlr4,0.9,0.5,org.antlr.v4.test.tool.TestParserInterpreter,432,0,0,0,0,0,0
Finalizer Rules,method,antlr4,0.9,0.5,org.antlr.v4.test.tool.TestParserInterpreter,432,0,0,0,0,0,0
Import Statement Rules,method,antlr4,0.9,0.5,org.antlr.v4.test.tool.TestParserInterpreter,432,0,0,0,0,0,0
J2EE Rules,method,antlr4,0.9,0.5,org.antlr.v4.test.tool.TestParserInterpreter,432,0,0,0,0,0,0
JUnit Rules,method,antlr4,0.9,0.5,org.antlr.v4.test.tool.TestParserInterpreter,432,0,0,0,0,0,0
Jakarta Commons Logging Rules,method,antlr4,0.9,0.5,org.antlr.v4.test.tool.TestParserInterpreter,432,0,0,0,0,0,0
Java Logging Rules,method,antlr4,0.9,0.5,org.antlr.v4.test.tool.TestParserInterpreter,432,0,0,0,0,0,0
JavaBean Rules,method,antlr4,0.9,0.5,org.antlr.v4.test.tool.TestParserInterpreter,432,0,0,0,0,0,0
MigratingToJUnit4 Rules,method,antlr4,0.9,0.5,org.antlr.v4.test.tool.TestParserInterpreter,432,0,0,0,0,0,0
Migration Rules,method,antlr4,0.9,0.5,org.antlr.v4.test.tool.TestParserInterpreter,432,0,0,0,0,0,0
Migration13 Rules,method,antlr4,0.9,0.5,org.antlr.v4.test.tool.TestParserInterpreter,432,0,0,0,0,0,0
Migration14 Rules,method,antlr4,0.9,0.5,org.antlr.v4.test.tool.TestParserInterpreter,432,0,0,0,0,0,0
Migration15 Rules,method,antlr4,0.9,0.5,org.antlr.v4.test.tool.TestParserInterpreter,432,0,0,0,0,0,0
Naming Rules,method,antlr4,0.9,0.5,org.antlr.v4.test.tool.TestParserInterpreter,432,0,0,0,0,0,0
Optimization Rules,method,antlr4,0.9,0.5,org.antlr.v4.test.tool.TestParserInterpreter,432,0,0,0,0,0,0
Security Code Guideline Rules,method,antlr4,0.9,0.5,org.antlr.v4.test.tool.TestParserInterpreter,432,0,0,0,0,0,0
Strict Exception Rules,method,antlr4,0.9,0.5,org.antlr.v4.test.tool.TestParserInterpreter,432,0,0,0,0,0,0
String and StringBuffer Rules,method,antlr4,0.9,0.5,org.antlr.v4.test.tool.TestParserInterpreter,432,0,0,0,0,0,0
Type Resolution Rules,method,antlr4,0.9,0.5,org.antlr.v4.test.tool.TestParserInterpreter,432,0,0,0,0,0,0
Unnecessary and Unused Code Rules,method,antlr4,0.9,0.5,org.antlr.v4.test.tool.TestParserInterpreter,432,0,0,0,0,0,0
Vulnerability Rules,method,antlr4,0.9,0.5,org.antlr.v4.test.tool.TestParserInterpreter,432,0,0,0,0,0,0
CC,method,antlr4,0.9,0.5,org.antlr.v4.test.rt.java.BaseTest,4032,1,1,0,1,1,0
CCL,method,antlr4,0.9,0.5,org.antlr.v4.test.rt.java.BaseTest,4032,1,1,0,1,1,0
CCO,method,antlr4,0.9,0.5,org.antlr.v4.test.rt.java.BaseTest,4032,0,0,0,1,1,1
CI,method,antlr4,0.9,0.5,org.antlr.v4.test.rt.java.BaseTest,4032,1,1,0,1,1,0
CLC,method,antlr4,0.9,0.5,org.antlr.v4.test.rt.java.BaseTest,4032,1,1,0,1,1,0
CLLC,method,antlr4,0.9,0.5,org.antlr.v4.test.rt.java.BaseTest,4032,1,1,0,1,1,0
LDC,method,antlr4,0.9,0.5,org.antlr.v4.test.rt.java.BaseTest,4032,0,0,0,1,1,1
LLDC,method,antlr4,0.9,0.5,org.antlr.v4.test.rt.java.BaseTest,4032,0,0,0,1,1,1
HCPL,method,antlr4,0.9,0.5,org.antlr.v4.test.rt.java.BaseTest,4032,1,1,1,1,1,1
HDIF,method,antlr4,0.9,0.5,org.antlr.v4.test.rt.java.BaseTest,4032,1,1,1,1,1,1
HEFF,method,antlr4,0.9,0.5,org.antlr.v4.test.rt.java.BaseTest,4032,1,1,1,1,1,1
HNDB,method,antlr4,0.9,0.5,org.antlr.v4.test.rt.java.BaseTest,4032,1,1,1,1,1,1
HPL,method,antlr4,0.9,0.5,org.antlr.v4.test.rt.java.BaseTest,4032,1,1,1,1,1,1
HPV,method,antlr4,0.9,0.5,org.antlr.v4.test.rt.java.BaseTest,4032,1,1,1,1,1,1
HTRP,method,antlr4,0.9,0.5,org.antlr.v4.test.rt.java.BaseTest,4032,1,1,1,1,1,1
HVOL,method,antlr4,0.9,0.5,org.antlr.v4.test.rt.java.BaseTest,4032,1,1,1,1,1,1
MI,method,antlr4,0.9,0.5,org.antlr.v4.test.rt.java.BaseTest,4032,1,1,1,1,1,1
MIMS,method,antlr4,0.9,0.5,org.antlr.v4.test.rt.java.BaseTest,4032,1,1,1,1,1,1
MISEI,method,antlr4,0.9,0.5,org.antlr.v4.test.rt.java.BaseTest,4032,1,1,1,1,1,1
MISM,method,antlr4,0.9,0.5,org.antlr.v4.test.rt.java.BaseTest,4032,1,1,1,1,1,1
McCC,method,antlr4,0.9,0.5,org.antlr.v4.test.rt.java.BaseTest,4032,0,0,0,1,1,1
NL,method,antlr4,0.9,0.5,org.antlr.v4.test.rt.java.BaseTest,4032,1,1,1,1,1,1
NLE,method,antlr4,0.9,0.5,org.antlr.v4.test.rt.java.BaseTest,4032,1,1,1,1,1,1
NII,method,antlr4,0.9,0.5,org.antlr.v4.test.rt.java.BaseTest,4032,0,0,0,0,0,0
NOI,method,antlr4,0.9,0.5,org.antlr.v4.test.rt.java.BaseTest,4032,0,0,0,0,0,0
CD,method,antlr4,0.9,0.5,org.antlr.v4.test.rt.java.BaseTest,4032,1,1,1,1,1,1
CLOC,method,antlr4,0.9,0.5,org.antlr.v4.test.rt.java.BaseTest,4032,1,1,1,1,1,1
DLOC,method,antlr4,0.9,0.5,org.antlr.v4.test.rt.java.BaseTest,4032,0,0,0,0,0,0
TCD,method,antlr4,0.9,0.5,org.antlr.v4.test.rt.java.BaseTest,4032,1,1,1,1,1,1
TCLOC,method,antlr4,0.9,0.5,org.antlr.v4.test.rt.java.BaseTest,4032,1,1,1,1,1,1
LLOC,method,antlr4,0.9,0.5,org.antlr.v4.test.rt.java.BaseTest,4032,1,1,1,1,1,1
LOC,method,antlr4,0.9,0.5,org.antlr.v4.test.rt.java.BaseTest,4032,1,1,1,1,1,1
NOS,method,antlr4,0.9,0.5,org.antlr.v4.test.rt.java.BaseTest,4032,0,0,1,1,1,1
NUMPAR,method,antlr4,0.9,0.5,org.antlr.v4.test.rt.java.BaseTest,4032,0,0,0,0,0,0
TLLOC,method,antlr4,0.9,0.5,org.antlr.v4.test.rt.java.BaseTest,4032,1,1,1,1,1,1
TLOC,method,antlr4,0.9,0.5,org.antlr.v4.test.rt.java.BaseTest,4032,1,1,1,1,1,1
TNOS,method,antlr4,0.9,0.5,org.antlr.v4.test.rt.java.BaseTest,4032,0,0,1,0,0,1
WarningBlocker,method,antlr4,0.9,0.5,org.antlr.v4.test.rt.java.BaseTest,4032,0,0,0,0,0,0
WarningCritical,method,antlr4,0.9,0.5,org.antlr.v4.test.rt.java.BaseTest,4032,0,0,0,0,0,0
WarningInfo,method,antlr4,0.9,0.5,org.antlr.v4.test.rt.java.BaseTest,4032,0,0,0,0,0,0
WarningMajor,method,antlr4,0.9,0.5,org.antlr.v4.test.rt.java.BaseTest,4032,0,0,0,0,0,1
WarningMinor,method,antlr4,0.9,0.5,org.antlr.v4.test.rt.java.BaseTest,4032,0,0,0,0,0,0
Android Rules,method,antlr4,0.9,0.5,org.antlr.v4.test.rt.java.BaseTest,4032,0,0,0,0,0,0
Basic Rules,method,antlr4,0.9,0.5,org.antlr.v4.test.rt.java.BaseTest,4032,0,0,0,0,0,0
Brace Rules,method,antlr4,0.9,0.5,org.antlr.v4.test.rt.java.BaseTest,4032,0,0,0,0,0,0
Clone Implementation Rules,method,antlr4,0.9,0.5,org.antlr.v4.test.rt.java.BaseTest,4032,0,0,0,0,0,0
Code Size Rules,method,antlr4,0.9,0.5,org.antlr.v4.test.rt.java.BaseTest,4032,0,0,0,0,0,0
Comment Rules,method,antlr4,0.9,0.5,org.antlr.v4.test.rt.java.BaseTest,4032,0,0,0,0,0,0
Controversial Rules,method,antlr4,0.9,0.5,org.antlr.v4.test.rt.java.BaseTest,4032,0,0,0,0,0,0
Coupling Rules,method,antlr4,0.9,0.5,org.antlr.v4.test.rt.java.BaseTest,4032,0,0,0,0,0,0
Design Rules,method,antlr4,0.9,0.5,org.antlr.v4.test.rt.java.BaseTest,4032,0,0,0,0,0,0
Empty Code Rules,method,antlr4,0.9,0.5,org.antlr.v4.test.rt.java.BaseTest,4032,0,0,0,0,0,0
Finalizer Rules,method,antlr4,0.9,0.5,org.antlr.v4.test.rt.java.BaseTest,4032,0,0,0,0,0,0
Import Statement Rules,method,antlr4,0.9,0.5,org.antlr.v4.test.rt.java.BaseTest,4032,0,0,0,0,0,0
J2EE Rules,method,antlr4,0.9,0.5,org.antlr.v4.test.rt.java.BaseTest,4032,0,0,0,0,0,0
JUnit Rules,method,antlr4,0.9,0.5,org.antlr.v4.test.rt.java.BaseTest,4032,0,0,0,0,0,0
Jakarta Commons Logging Rules,method,antlr4,0.9,0.5,org.antlr.v4.test.rt.java.BaseTest,4032,0,0,0,0,0,0
Java Logging Rules,method,antlr4,0.9,0.5,org.antlr.v4.test.rt.java.BaseTest,4032,0,0,0,0,0,0
JavaBean Rules,method,antlr4,0.9,0.5,org.antlr.v4.test.rt.java.BaseTest,4032,0,0,0,0,0,0
MigratingToJUnit4 Rules,method,antlr4,0.9,0.5,org.antlr.v4.test.rt.java.BaseTest,4032,0,0,0,0,0,0
Migration Rules,method,antlr4,0.9,0.5,org.antlr.v4.test.rt.java.BaseTest,4032,0,0,0,0,0,0
Migration13 Rules,method,antlr4,0.9,0.5,org.antlr.v4.test.rt.java.BaseTest,4032,0,0,0,0,0,0
Migration14 Rules,method,antlr4,0.9,0.5,org.antlr.v4.test.rt.java.BaseTest,4032,0,0,0,0,0,0
Migration15 Rules,method,antlr4,0.9,0.5,org.antlr.v4.test.rt.java.BaseTest,4032,0,0,0,0,0,0
Naming Rules,method,antlr4,0.9,0.5,org.antlr.v4.test.rt.java.BaseTest,4032,0,0,0,0,0,0
Optimization Rules,method,antlr4,0.9,0.5,org.antlr.v4.test.rt.java.BaseTest,4032,0,0,0,0,0,0
Security Code Guideline Rules,method,antlr4,0.9,0.5,org.antlr.v4.test.rt.java.BaseTest,4032,0,0,0,0,0,0
Strict Exception Rules,method,antlr4,0.9,0.5,org.antlr.v4.test.rt.java.BaseTest,4032,0,0,0,0,0,0
String and StringBuffer Rules,method,antlr4,0.9,0.5,org.antlr.v4.test.rt.java.BaseTest,4032,0,0,0,0,0,0
Type Resolution Rules,method,antlr4,0.9,0.5,org.antlr.v4.test.rt.java.BaseTest,4032,0,0,0,0,0,0
Unnecessary and Unused Code Rules,method,antlr4,0.9,0.5,org.antlr.v4.test.rt.java.BaseTest,4032,0,0,0,0,0,0
Vulnerability Rules,method,antlr4,0.9,0.5,org.antlr.v4.test.rt.java.BaseTest,4032,0,0,0,0,0,0
CC,method,antlr4,0.9,0.5,org.antlr.v4.test.rt.java.TestCompositeParsers,1080,1,1,1,1,1,1
CCL,method,antlr4,0.9,0.5,org.antlr.v4.test.rt.java.TestCompositeParsers,1080,1,1,1,1,1,1
CCO,method,antlr4,0.9,0.5,org.antlr.v4.test.rt.java.TestCompositeParsers,1080,1,1,1,1,1,1
CI,method,antlr4,0.9,0.5,org.antlr.v4.test.rt.java.TestCompositeParsers,1080,1,1,1,1,1,1
CLC,method,antlr4,0.9,0.5,org.antlr.v4.test.rt.java.TestCompositeParsers,1080,1,1,1,1,1,1
CLLC,method,antlr4,0.9,0.5,org.antlr.v4.test.rt.java.TestCompositeParsers,1080,1,1,1,1,1,1
LDC,method,antlr4,0.9,0.5,org.antlr.v4.test.rt.java.TestCompositeParsers,1080,1,1,1,1,1,1
LLDC,method,antlr4,0.9,0.5,org.antlr.v4.test.rt.java.TestCompositeParsers,1080,1,1,1,1,1,1
HCPL,method,antlr4,0.9,0.5,org.antlr.v4.test.rt.java.TestCompositeParsers,1080,1,1,1,1,1,1
HDIF,method,antlr4,0.9,0.5,org.antlr.v4.test.rt.java.TestCompositeParsers,1080,1,1,1,1,1,1
HEFF,method,antlr4,0.9,0.5,org.antlr.v4.test.rt.java.TestCompositeParsers,1080,1,1,1,1,1,1
HNDB,method,antlr4,0.9,0.5,org.antlr.v4.test.rt.java.TestCompositeParsers,1080,1,1,1,1,1,1
HPL,method,antlr4,0.9,0.5,org.antlr.v4.test.rt.java.TestCompositeParsers,1080,1,1,1,1,1,1
HPV,method,antlr4,0.9,0.5,org.antlr.v4.test.rt.java.TestCompositeParsers,1080,1,1,1,1,1,1
HTRP,method,antlr4,0.9,0.5,org.antlr.v4.test.rt.java.TestCompositeParsers,1080,1,1,1,1,1,1
HVOL,method,antlr4,0.9,0.5,org.antlr.v4.test.rt.java.TestCompositeParsers,1080,1,1,1,1,1,1
MI,method,antlr4,0.9,0.5,org.antlr.v4.test.rt.java.TestCompositeParsers,1080,1,1,1,1,1,1
MIMS,method,antlr4,0.9,0.5,org.antlr.v4.test.rt.java.TestCompositeParsers,1080,1,1,1,1,1,1
MISEI,method,antlr4,0.9,0.5,org.antlr.v4.test.rt.java.TestCompositeParsers,1080,1,1,1,1,1,1
MISM,method,antlr4,0.9,0.5,org.antlr.v4.test.rt.java.TestCompositeParsers,1080,1,1,1,1,1,1
McCC,method,antlr4,0.9,0.5,org.antlr.v4.test.rt.java.TestCompositeParsers,1080,0,0,0,1,1,1
NL,method,antlr4,0.9,0.5,org.antlr.v4.test.rt.java.TestCompositeParsers,1080,0,0,0,1,1,1
NLE,method,antlr4,0.9,0.5,org.antlr.v4.test.rt.java.TestCompositeParsers,1080,0,0,0,1,1,1
NII,method,antlr4,0.9,0.5,org.antlr.v4.test.rt.java.TestCompositeParsers,1080,0,0,0,1,1,1
NOI,method,antlr4,0.9,0.5,org.antlr.v4.test.rt.java.TestCompositeParsers,1080,0,0,0,1,1,1
CD,method,antlr4,0.9,0.5,org.antlr.v4.test.rt.java.TestCompositeParsers,1080,0,0,0,1,1,1
CLOC,method,antlr4,0.9,0.5,org.antlr.v4.test.rt.java.TestCompositeParsers,1080,0,0,0,1,1,1
DLOC,method,antlr4,0.9,0.5,org.antlr.v4.test.rt.java.TestCompositeParsers,1080,0,0,0,1,1,1
TCD,method,antlr4,0.9,0.5,org.antlr.v4.test.rt.java.TestCompositeParsers,1080,0,0,0,1,1,1
TCLOC,method,antlr4,0.9,0.5,org.antlr.v4.test.rt.java.TestCompositeParsers,1080,0,0,0,1,1,1
LLOC,method,antlr4,0.9,0.5,org.antlr.v4.test.rt.java.TestCompositeParsers,1080,1,1,1,1,1,1
LOC,method,antlr4,0.9,0.5,org.antlr.v4.test.rt.java.TestCompositeParsers,1080,1,1,1,1,1,1
NOS,method,antlr4,0.9,0.5,org.antlr.v4.test.rt.java.TestCompositeParsers,1080,0,0,0,1,1,1
NUMPAR,method,antlr4,0.9,0.5,org.antlr.v4.test.rt.java.TestCompositeParsers,1080,0,0,0,1,1,1
TLLOC,method,antlr4,0.9,0.5,org.antlr.v4.test.rt.java.TestCompositeParsers,1080,1,1,1,1,1,1
TLOC,method,antlr4,0.9,0.5,org.antlr.v4.test.rt.java.TestCompositeParsers,1080,1,1,1,1,1,1
TNOS,method,antlr4,0.9,0.5,org.antlr.v4.test.rt.java.TestCompositeParsers,1080,0,0,0,0,0,0
WarningBlocker,method,antlr4,0.9,0.5,org.antlr.v4.test.rt.java.TestCompositeParsers,1080,0,0,0,0,0,0
WarningCritical,method,antlr4,0.9,0.5,org.antlr.v4.test.rt.java.TestCompositeParsers,1080,0,0,0,0,0,0
WarningInfo,method,antlr4,0.9,0.5,org.antlr.v4.test.rt.java.TestCompositeParsers,1080,0,0,0,0,0,0
WarningMajor,method,antlr4,0.9,0.5,org.antlr.v4.test.rt.java.TestCompositeParsers,1080,0,0,0,0,0,0
WarningMinor,method,antlr4,0.9,0.5,org.antlr.v4.test.rt.java.TestCompositeParsers,1080,0,0,0,0,0,0
Android Rules,method,antlr4,0.9,0.5,org.antlr.v4.test.rt.java.TestCompositeParsers,1080,0,0,0,0,0,0
Basic Rules,method,antlr4,0.9,0.5,org.antlr.v4.test.rt.java.TestCompositeParsers,1080,0,0,0,0,0,0
Brace Rules,method,antlr4,0.9,0.5,org.antlr.v4.test.rt.java.TestCompositeParsers,1080,0,0,0,0,0,0
Clone Implementation Rules,method,antlr4,0.9,0.5,org.antlr.v4.test.rt.java.TestCompositeParsers,1080,0,0,0,0,0,0
Code Size Rules,method,antlr4,0.9,0.5,org.antlr.v4.test.rt.java.TestCompositeParsers,1080,0,0,0,0,0,0
Comment Rules,method,antlr4,0.9,0.5,org.antlr.v4.test.rt.java.TestCompositeParsers,1080,0,0,0,0,0,0
Controversial Rules,method,antlr4,0.9,0.5,org.antlr.v4.test.rt.java.TestCompositeParsers,1080,0,0,0,0,0,0
Coupling Rules,method,antlr4,0.9,0.5,org.antlr.v4.test.rt.java.TestCompositeParsers,1080,0,0,0,0,0,0
Design Rules,method,antlr4,0.9,0.5,org.antlr.v4.test.rt.java.TestCompositeParsers,1080,0,0,0,0,0,0
Empty Code Rules,method,antlr4,0.9,0.5,org.antlr.v4.test.rt.java.TestCompositeParsers,1080,0,0,0,0,0,0
Finalizer Rules,method,antlr4,0.9,0.5,org.antlr.v4.test.rt.java.TestCompositeParsers,1080,0,0,0,0,0,0
Import Statement Rules,method,antlr4,0.9,0.5,org.antlr.v4.test.rt.java.TestCompositeParsers,1080,0,0,0,0,0,0
J2EE Rules,method,antlr4,0.9,0.5,org.antlr.v4.test.rt.java.TestCompositeParsers,1080,0,0,0,0,0,0
JUnit Rules,method,antlr4,0.9,0.5,org.antlr.v4.test.rt.java.TestCompositeParsers,1080,0,0,0,0,0,0
Jakarta Commons Logging Rules,method,antlr4,0.9,0.5,org.antlr.v4.test.rt.java.TestCompositeParsers,1080,0,0,0,0,0,0
Java Logging Rules,method,antlr4,0.9,0.5,org.antlr.v4.test.rt.java.TestCompositeParsers,1080,0,0,0,0,0,0
JavaBean Rules,method,antlr4,0.9,0.5,org.antlr.v4.test.rt.java.TestCompositeParsers,1080,0,0,0,0,0,0
MigratingToJUnit4 Rules,method,antlr4,0.9,0.5,org.antlr.v4.test.rt.java.TestCompositeParsers,1080,0,0,0,0,0,0
Migration Rules,method,antlr4,0.9,0.5,org.antlr.v4.test.rt.java.TestCompositeParsers,1080,0,0,0,0,0,0
Migration13 Rules,method,antlr4,0.9,0.5,org.antlr.v4.test.rt.java.TestCompositeParsers,1080,0,0,0,0,0,0
Migration14 Rules,method,antlr4,0.9,0.5,org.antlr.v4.test.rt.java.TestCompositeParsers,1080,0,0,0,0,0,0
Migration15 Rules,method,antlr4,0.9,0.5,org.antlr.v4.test.rt.java.TestCompositeParsers,1080,0,0,0,0,0,0
Naming Rules,method,antlr4,0.9,0.5,org.antlr.v4.test.rt.java.TestCompositeParsers,1080,0,0,0,0,0,0
Optimization Rules,method,antlr4,0.9,0.5,org.antlr.v4.test.rt.java.TestCompositeParsers,1080,0,0,0,0,0,0
Security Code Guideline Rules,method,antlr4,0.9,0.5,org.antlr.v4.test.rt.java.TestCompositeParsers,1080,0,0,0,0,0,0
Strict Exception Rules,method,antlr4,0.9,0.5,org.antlr.v4.test.rt.java.TestCompositeParsers,1080,0,0,0,0,0,0
String and StringBuffer Rules,method,antlr4,0.9,0.5,org.antlr.v4.test.rt.java.TestCompositeParsers,1080,0,0,0,0,0,0
Type Resolution Rules,method,antlr4,0.9,0.5,org.antlr.v4.test.rt.java.TestCompositeParsers,1080,0,0,0,0,0,0
Unnecessary and Unused Code Rules,method,antlr4,0.9,0.5,org.antlr.v4.test.rt.java.TestCompositeParsers,1080,0,0,0,0,0,0
Vulnerability Rules,method,antlr4,0.9,0.5,org.antlr.v4.test.rt.java.TestCompositeParsers,1080,0,0,0,0,0,0
CC,method,antlr4,0.9,0.5,org.antlr.v4.codegen.model.ElementFrequenciesVisitor,1152,0,0,0,1,1,1
CCL,method,antlr4,0.9,0.5,org.antlr.v4.codegen.model.ElementFrequenciesVisitor,1152,0,0,0,1,1,1
CCO,method,antlr4,0.9,0.5,org.antlr.v4.codegen.model.ElementFrequenciesVisitor,1152,0,0,0,1,1,1
CI,method,antlr4,0.9,0.5,org.antlr.v4.codegen.model.ElementFrequenciesVisitor,1152,0,0,0,1,1,1
CLC,method,antlr4,0.9,0.5,org.antlr.v4.codegen.model.ElementFrequenciesVisitor,1152,0,0,0,1,1,1
CLLC,method,antlr4,0.9,0.5,org.antlr.v4.codegen.model.ElementFrequenciesVisitor,1152,0,0,0,1,1,1
LDC,method,antlr4,0.9,0.5,org.antlr.v4.codegen.model.ElementFrequenciesVisitor,1152,0,0,0,1,1,1
LLDC,method,antlr4,0.9,0.5,org.antlr.v4.codegen.model.ElementFrequenciesVisitor,1152,0,0,0,1,1,1
HCPL,method,antlr4,0.9,0.5,org.antlr.v4.codegen.model.ElementFrequenciesVisitor,1152,1,1,1,1,1,1
HDIF,method,antlr4,0.9,0.5,org.antlr.v4.codegen.model.ElementFrequenciesVisitor,1152,1,1,1,1,1,1
HEFF,method,antlr4,0.9,0.5,org.antlr.v4.codegen.model.ElementFrequenciesVisitor,1152,1,1,1,1,1,1
HNDB,method,antlr4,0.9,0.5,org.antlr.v4.codegen.model.ElementFrequenciesVisitor,1152,1,1,1,1,1,1
HPL,method,antlr4,0.9,0.5,org.antlr.v4.codegen.model.ElementFrequenciesVisitor,1152,1,1,1,1,1,1
HPV,method,antlr4,0.9,0.5,org.antlr.v4.codegen.model.ElementFrequenciesVisitor,1152,1,1,1,1,1,1
HTRP,method,antlr4,0.9,0.5,org.antlr.v4.codegen.model.ElementFrequenciesVisitor,1152,1,1,1,1,1,1
HVOL,method,antlr4,0.9,0.5,org.antlr.v4.codegen.model.ElementFrequenciesVisitor,1152,1,1,1,1,1,1
MI,method,antlr4,0.9,0.5,org.antlr.v4.codegen.model.ElementFrequenciesVisitor,1152,1,1,1,1,1,1
MIMS,method,antlr4,0.9,0.5,org.antlr.v4.codegen.model.ElementFrequenciesVisitor,1152,1,1,1,1,1,1
MISEI,method,antlr4,0.9,0.5,org.antlr.v4.codegen.model.ElementFrequenciesVisitor,1152,1,1,1,1,1,1
MISM,method,antlr4,0.9,0.5,org.antlr.v4.codegen.model.ElementFrequenciesVisitor,1152,1,1,1,1,1,1
McCC,method,antlr4,0.9,0.5,org.antlr.v4.codegen.model.ElementFrequenciesVisitor,1152,1,1,1,1,1,1
NL,method,antlr4,0.9,0.5,org.antlr.v4.codegen.model.ElementFrequenciesVisitor,1152,1,1,1,1,1,1
NLE,method,antlr4,0.9,0.5,org.antlr.v4.codegen.model.ElementFrequenciesVisitor,1152,1,1,1,1,1,1
NII,method,antlr4,0.9,0.5,org.antlr.v4.codegen.model.ElementFrequenciesVisitor,1152,0,0,0,1,1,1
NOI,method,antlr4,0.9,0.5,org.antlr.v4.codegen.model.ElementFrequenciesVisitor,1152,0,0,0,1,1,1
CD,method,antlr4,0.9,0.5,org.antlr.v4.codegen.model.ElementFrequenciesVisitor,1152,1,1,1,1,1,1
CLOC,method,antlr4,0.9,0.5,org.antlr.v4.codegen.model.ElementFrequenciesVisitor,1152,1,1,1,1,1,1
DLOC,method,antlr4,0.9,0.5,org.antlr.v4.codegen.model.ElementFrequenciesVisitor,1152,1,1,1,1,1,1
TCD,method,antlr4,0.9,0.5,org.antlr.v4.codegen.model.ElementFrequenciesVisitor,1152,1,1,1,1,1,1
TCLOC,method,antlr4,0.9,0.5,org.antlr.v4.codegen.model.ElementFrequenciesVisitor,1152,1,1,1,1,1,1
LLOC,method,antlr4,0.9,0.5,org.antlr.v4.codegen.model.ElementFrequenciesVisitor,1152,1,1,1,1,1,1
LOC,method,antlr4,0.9,0.5,org.antlr.v4.codegen.model.ElementFrequenciesVisitor,1152,1,1,1,1,1,1
NOS,method,antlr4,0.9,0.5,org.antlr.v4.codegen.model.ElementFrequenciesVisitor,1152,0,0,0,1,1,1
NUMPAR,method,antlr4,0.9,0.5,org.antlr.v4.codegen.model.ElementFrequenciesVisitor,1152,0,0,0,1,1,1
TLLOC,method,antlr4,0.9,0.5,org.antlr.v4.codegen.model.ElementFrequenciesVisitor,1152,1,1,1,1,1,1
TLOC,method,antlr4,0.9,0.5,org.antlr.v4.codegen.model.ElementFrequenciesVisitor,1152,1,1,1,1,1,1
TNOS,method,antlr4,0.9,0.5,org.antlr.v4.codegen.model.ElementFrequenciesVisitor,1152,0,0,0,0,0,0
WarningBlocker,method,antlr4,0.9,0.5,org.antlr.v4.codegen.model.ElementFrequenciesVisitor,1152,0,0,0,0,0,0
WarningCritical,method,antlr4,0.9,0.5,org.antlr.v4.codegen.model.ElementFrequenciesVisitor,1152,0,0,0,0,0,0
WarningInfo,method,antlr4,0.9,0.5,org.antlr.v4.codegen.model.ElementFrequenciesVisitor,1152,0,0,0,0,0,0
WarningMajor,method,antlr4,0.9,0.5,org.antlr.v4.codegen.model.ElementFrequenciesVisitor,1152,0,0,0,0,0,0
WarningMinor,method,antlr4,0.9,0.5,org.antlr.v4.codegen.model.ElementFrequenciesVisitor,1152,0,0,0,0,0,0
Android Rules,method,antlr4,0.9,0.5,org.antlr.v4.codegen.model.ElementFrequenciesVisitor,1152,0,0,0,0,0,0
Basic Rules,method,antlr4,0.9,0.5,org.antlr.v4.codegen.model.ElementFrequenciesVisitor,1152,0,0,0,0,0,0
Brace Rules,method,antlr4,0.9,0.5,org.antlr.v4.codegen.model.ElementFrequenciesVisitor,1152,0,0,0,0,0,0
Clone Implementation Rules,method,antlr4,0.9,0.5,org.antlr.v4.codegen.model.ElementFrequenciesVisitor,1152,0,0,0,0,0,0
Code Size Rules,method,antlr4,0.9,0.5,org.antlr.v4.codegen.model.ElementFrequenciesVisitor,1152,0,0,0,0,0,0
Comment Rules,method,antlr4,0.9,0.5,org.antlr.v4.codegen.model.ElementFrequenciesVisitor,1152,0,0,0,0,0,0
Controversial Rules,method,antlr4,0.9,0.5,org.antlr.v4.codegen.model.ElementFrequenciesVisitor,1152,0,0,0,0,0,0
Coupling Rules,method,antlr4,0.9,0.5,org.antlr.v4.codegen.model.ElementFrequenciesVisitor,1152,0,0,0,0,0,0
Design Rules,method,antlr4,0.9,0.5,org.antlr.v4.codegen.model.ElementFrequenciesVisitor,1152,0,0,0,0,0,0
Empty Code Rules,method,antlr4,0.9,0.5,org.antlr.v4.codegen.model.ElementFrequenciesVisitor,1152,0,0,0,0,0,0
Finalizer Rules,method,antlr4,0.9,0.5,org.antlr.v4.codegen.model.ElementFrequenciesVisitor,1152,0,0,0,0,0,0
Import Statement Rules,method,antlr4,0.9,0.5,org.antlr.v4.codegen.model.ElementFrequenciesVisitor,1152,0,0,0,0,0,0
J2EE Rules,method,antlr4,0.9,0.5,org.antlr.v4.codegen.model.ElementFrequenciesVisitor,1152,0,0,0,0,0,0
JUnit Rules,method,antlr4,0.9,0.5,org.antlr.v4.codegen.model.ElementFrequenciesVisitor,1152,0,0,0,0,0,0
Jakarta Commons Logging Rules,method,antlr4,0.9,0.5,org.antlr.v4.codegen.model.ElementFrequenciesVisitor,1152,0,0,0,0,0,0
Java Logging Rules,method,antlr4,0.9,0.5,org.antlr.v4.codegen.model.ElementFrequenciesVisitor,1152,0,0,0,0,0,0
JavaBean Rules,method,antlr4,0.9,0.5,org.antlr.v4.codegen.model.ElementFrequenciesVisitor,1152,0,0,0,0,0,0
MigratingToJUnit4 Rules,method,antlr4,0.9,0.5,org.antlr.v4.codegen.model.ElementFrequenciesVisitor,1152,0,0,0,0,0,0
Migration Rules,method,antlr4,0.9,0.5,org.antlr.v4.codegen.model.ElementFrequenciesVisitor,1152,0,0,0,0,0,0
Migration13 Rules,method,antlr4,0.9,0.5,org.antlr.v4.codegen.model.ElementFrequenciesVisitor,1152,0,0,0,0,0,0
Migration14 Rules,method,antlr4,0.9,0.5,org.antlr.v4.codegen.model.ElementFrequenciesVisitor,1152,0,0,0,0,0,0
Migration15 Rules,method,antlr4,0.9,0.5,org.antlr.v4.codegen.model.ElementFrequenciesVisitor,1152,0,0,0,0,0,0
Naming Rules,method,antlr4,0.9,0.5,org.antlr.v4.codegen.model.ElementFrequenciesVisitor,1152,0,0,0,0,0,0
Optimization Rules,method,antlr4,0.9,0.5,org.antlr.v4.codegen.model.ElementFrequenciesVisitor,1152,0,0,0,0,0,0
Security Code Guideline Rules,method,antlr4,0.9,0.5,org.antlr.v4.codegen.model.ElementFrequenciesVisitor,1152,0,0,0,0,0,0
Strict Exception Rules,method,antlr4,0.9,0.5,org.antlr.v4.codegen.model.ElementFrequenciesVisitor,1152,0,0,0,0,0,0
String and StringBuffer Rules,method,antlr4,0.9,0.5,org.antlr.v4.codegen.model.ElementFrequenciesVisitor,1152,0,0,0,0,0,0
Type Resolution Rules,method,antlr4,0.9,0.5,org.antlr.v4.codegen.model.ElementFrequenciesVisitor,1152,0,0,0,0,0,0
Unnecessary and Unused Code Rules,method,antlr4,0.9,0.5,org.antlr.v4.codegen.model.ElementFrequenciesVisitor,1152,0,0,0,0,0,0
Vulnerability Rules,method,antlr4,0.9,0.5,org.antlr.v4.codegen.model.ElementFrequenciesVisitor,1152,0,0,0,0,0,0
CC,method,antlr4,0.9,0.5,org.antlr.v4.test.tool.TestSymbolIssues,144,0,0,0,1,1,1
CCL,method,antlr4,0.9,0.5,org.antlr.v4.test.tool.TestSymbolIssues,144,0,0,0,1,1,1
CCO,method,antlr4,0.9,0.5,org.antlr.v4.test.tool.TestSymbolIssues,144,0,0,0,1,1,1
CI,method,antlr4,0.9,0.5,org.antlr.v4.test.tool.TestSymbolIssues,144,0,0,0,1,1,1
CLC,method,antlr4,0.9,0.5,org.antlr.v4.test.tool.TestSymbolIssues,144,0,0,0,1,1,1
CLLC,method,antlr4,0.9,0.5,org.antlr.v4.test.tool.TestSymbolIssues,144,0,0,0,1,1,1
LDC,method,antlr4,0.9,0.5,org.antlr.v4.test.tool.TestSymbolIssues,144,0,0,0,1,1,1
LLDC,method,antlr4,0.9,0.5,org.antlr.v4.test.tool.TestSymbolIssues,144,0,0,0,1,1,1
HCPL,method,antlr4,0.9,0.5,org.antlr.v4.test.tool.TestSymbolIssues,144,1,1,1,1,1,1
HDIF,method,antlr4,0.9,0.5,org.antlr.v4.test.tool.TestSymbolIssues,144,1,1,1,1,1,1
HEFF,method,antlr4,0.9,0.5,org.antlr.v4.test.tool.TestSymbolIssues,144,1,1,1,1,1,1
HNDB,method,antlr4,0.9,0.5,org.antlr.v4.test.tool.TestSymbolIssues,144,1,1,1,1,1,1
HPL,method,antlr4,0.9,0.5,org.antlr.v4.test.tool.TestSymbolIssues,144,1,1,1,1,1,1
HPV,method,antlr4,0.9,0.5,org.antlr.v4.test.tool.TestSymbolIssues,144,1,1,1,1,1,1
HTRP,method,antlr4,0.9,0.5,org.antlr.v4.test.tool.TestSymbolIssues,144,1,1,1,1,1,1
HVOL,method,antlr4,0.9,0.5,org.antlr.v4.test.tool.TestSymbolIssues,144,1,1,1,1,1,1
MI,method,antlr4,0.9,0.5,org.antlr.v4.test.tool.TestSymbolIssues,144,1,1,1,1,1,1
MIMS,method,antlr4,0.9,0.5,org.antlr.v4.test.tool.TestSymbolIssues,144,1,1,1,1,1,1
MISEI,method,antlr4,0.9,0.5,org.antlr.v4.test.tool.TestSymbolIssues,144,1,1,1,1,1,1
MISM,method,antlr4,0.9,0.5,org.antlr.v4.test.tool.TestSymbolIssues,144,1,1,1,1,1,1
McCC,method,antlr4,0.9,0.5,org.antlr.v4.test.tool.TestSymbolIssues,144,0,0,0,1,1,1
NL,method,antlr4,0.9,0.5,org.antlr.v4.test.tool.TestSymbolIssues,144,0,0,0,1,1,1
NLE,method,antlr4,0.9,0.5,org.antlr.v4.test.tool.TestSymbolIssues,144,0,0,0,1,1,1
NII,method,antlr4,0.9,0.5,org.antlr.v4.test.tool.TestSymbolIssues,144,0,0,0,1,1,1
NOI,method,antlr4,0.9,0.5,org.antlr.v4.test.tool.TestSymbolIssues,144,0,0,0,1,1,1
CD,method,antlr4,0.9,0.5,org.antlr.v4.test.tool.TestSymbolIssues,144,1,1,1,1,1,1
CLOC,method,antlr4,0.9,0.5,org.antlr.v4.test.tool.TestSymbolIssues,144,0,0,0,1,1,1
DLOC,method,antlr4,0.9,0.5,org.antlr.v4.test.tool.TestSymbolIssues,144,0,0,0,1,1,1
TCD,method,antlr4,0.9,0.5,org.antlr.v4.test.tool.TestSymbolIssues,144,1,1,1,1,1,1
TCLOC,method,antlr4,0.9,0.5,org.antlr.v4.test.tool.TestSymbolIssues,144,0,0,0,1,1,1
LLOC,method,antlr4,0.9,0.5,org.antlr.v4.test.tool.TestSymbolIssues,144,1,1,1,1,1,1
LOC,method,antlr4,0.9,0.5,org.antlr.v4.test.tool.TestSymbolIssues,144,1,1,1,1,1,1
NOS,method,antlr4,0.9,0.5,org.antlr.v4.test.tool.TestSymbolIssues,144,0,0,0,1,1,1
NUMPAR,method,antlr4,0.9,0.5,org.antlr.v4.test.tool.TestSymbolIssues,144,0,0,0,1,1,1
TLLOC,method,antlr4,0.9,0.5,org.antlr.v4.test.tool.TestSymbolIssues,144,1,1,1,1,1,1
TLOC,method,antlr4,0.9,0.5,org.antlr.v4.test.tool.TestSymbolIssues,144,1,1,1,1,1,1
TNOS,method,antlr4,0.9,0.5,org.antlr.v4.test.tool.TestSymbolIssues,144,0,0,0,0,0,0
WarningBlocker,method,antlr4,0.9,0.5,org.antlr.v4.test.tool.TestSymbolIssues,144,0,0,0,0,0,0
WarningCritical,method,antlr4,0.9,0.5,org.antlr.v4.test.tool.TestSymbolIssues,144,0,0,0,0,0,0
WarningInfo,method,antlr4,0.9,0.5,org.antlr.v4.test.tool.TestSymbolIssues,144,0,0,0,0,0,0
WarningMajor,method,antlr4,0.9,0.5,org.antlr.v4.test.tool.TestSymbolIssues,144,0,0,0,0,0,0
WarningMinor,method,antlr4,0.9,0.5,org.antlr.v4.test.tool.TestSymbolIssues,144,0,0,0,0,0,0
Android Rules,method,antlr4,0.9,0.5,org.antlr.v4.test.tool.TestSymbolIssues,144,0,0,0,0,0,0
Basic Rules,method,antlr4,0.9,0.5,org.antlr.v4.test.tool.TestSymbolIssues,144,0,0,0,0,0,0
Brace Rules,method,antlr4,0.9,0.5,org.antlr.v4.test.tool.TestSymbolIssues,144,0,0,0,0,0,0
Clone Implementation Rules,method,antlr4,0.9,0.5,org.antlr.v4.test.tool.TestSymbolIssues,144,0,0,0,0,0,0
Code Size Rules,method,antlr4,0.9,0.5,org.antlr.v4.test.tool.TestSymbolIssues,144,0,0,0,0,0,0
Comment Rules,method,antlr4,0.9,0.5,org.antlr.v4.test.tool.TestSymbolIssues,144,0,0,0,0,0,0
Controversial Rules,method,antlr4,0.9,0.5,org.antlr.v4.test.tool.TestSymbolIssues,144,0,0,0,0,0,0
Coupling Rules,method,antlr4,0.9,0.5,org.antlr.v4.test.tool.TestSymbolIssues,144,0,0,0,0,0,0
Design Rules,method,antlr4,0.9,0.5,org.antlr.v4.test.tool.TestSymbolIssues,144,0,0,0,0,0,0
Empty Code Rules,method,antlr4,0.9,0.5,org.antlr.v4.test.tool.TestSymbolIssues,144,0,0,0,0,0,0
Finalizer Rules,method,antlr4,0.9,0.5,org.antlr.v4.test.tool.TestSymbolIssues,144,0,0,0,0,0,0
Import Statement Rules,method,antlr4,0.9,0.5,org.antlr.v4.test.tool.TestSymbolIssues,144,0,0,0,0,0,0
J2EE Rules,method,antlr4,0.9,0.5,org.antlr.v4.test.tool.TestSymbolIssues,144,0,0,0,0,0,0
JUnit Rules,method,antlr4,0.9,0.5,org.antlr.v4.test.tool.TestSymbolIssues,144,0,0,0,0,0,0
Jakarta Commons Logging Rules,method,antlr4,0.9,0.5,org.antlr.v4.test.tool.TestSymbolIssues,144,0,0,0,0,0,0
Java Logging Rules,method,antlr4,0.9,0.5,org.antlr.v4.test.tool.TestSymbolIssues,144,0,0,0,0,0,0
JavaBean Rules,method,antlr4,0.9,0.5,org.antlr.v4.test.tool.TestSymbolIssues,144,0,0,0,0,0,0
MigratingToJUnit4 Rules,method,antlr4,0.9,0.5,org.antlr.v4.test.tool.TestSymbolIssues,144,0,0,0,0,0,0
Migration Rules,method,antlr4,0.9,0.5,org.antlr.v4.test.tool.TestSymbolIssues,144,0,0,0,0,0,0
Migration13 Rules,method,antlr4,0.9,0.5,org.antlr.v4.test.tool.TestSymbolIssues,144,0,0,0,0,0,0
Migration14 Rules,method,antlr4,0.9,0.5,org.antlr.v4.test.tool.TestSymbolIssues,144,0,0,0,0,0,0
Migration15 Rules,method,antlr4,0.9,0.5,org.antlr.v4.test.tool.TestSymbolIssues,144,0,0,0,0,0,0
Naming Rules,method,antlr4,0.9,0.5,org.antlr.v4.test.tool.TestSymbolIssues,144,0,0,0,0,0,0
Optimization Rules,method,antlr4,0.9,0.5,org.antlr.v4.test.tool.TestSymbolIssues,144,0,0,0,0,0,0
Security Code Guideline Rules,method,antlr4,0.9,0.5,org.antlr.v4.test.tool.TestSymbolIssues,144,0,0,0,0,0,0
Strict Exception Rules,method,antlr4,0.9,0.5,org.antlr.v4.test.tool.TestSymbolIssues,144,0,0,0,0,0,0
String and StringBuffer Rules,method,antlr4,0.9,0.5,org.antlr.v4.test.tool.TestSymbolIssues,144,0,0,0,0,0,0
Type Resolution Rules,method,antlr4,0.9,0.5,org.antlr.v4.test.tool.TestSymbolIssues,144,0,0,0,0,0,0
Unnecessary and Unused Code Rules,method,antlr4,0.9,0.5,org.antlr.v4.test.tool.TestSymbolIssues,144,0,0,0,0,0,0
Vulnerability Rules,method,antlr4,0.9,0.5,org.antlr.v4.test.tool.TestSymbolIssues,144,0,0,0,0,0,0
CC,method,antlr4,0.9,0.5,org.antlr.v4.test.rt.gen.TestFile,720,0,0,0,1,1,1
CCL,method,antlr4,0.9,0.5,org.antlr.v4.test.rt.gen.TestFile,720,0,0,0,1,1,1
CCO,method,antlr4,0.9,0.5,org.antlr.v4.test.rt.gen.TestFile,720,0,0,0,1,1,1
CI,method,antlr4,0.9,0.5,org.antlr.v4.test.rt.gen.TestFile,720,0,0,0,1,1,1
CLC,method,antlr4,0.9,0.5,org.antlr.v4.test.rt.gen.TestFile,720,0,0,0,1,1,1
CLLC,method,antlr4,0.9,0.5,org.antlr.v4.test.rt.gen.TestFile,720,0,0,0,1,1,1
LDC,method,antlr4,0.9,0.5,org.antlr.v4.test.rt.gen.TestFile,720,0,0,0,1,1,1
LLDC,method,antlr4,0.9,0.5,org.antlr.v4.test.rt.gen.TestFile,720,0,0,0,1,1,1
HCPL,method,antlr4,0.9,0.5,org.antlr.v4.test.rt.gen.TestFile,720,1,1,1,1,1,1
HDIF,method,antlr4,0.9,0.5,org.antlr.v4.test.rt.gen.TestFile,720,1,1,1,1,1,1
HEFF,method,antlr4,0.9,0.5,org.antlr.v4.test.rt.gen.TestFile,720,1,1,1,1,1,1
HNDB,method,antlr4,0.9,0.5,org.antlr.v4.test.rt.gen.TestFile,720,1,1,1,1,1,1
HPL,method,antlr4,0.9,0.5,org.antlr.v4.test.rt.gen.TestFile,720,1,1,1,1,1,1
HPV,method,antlr4,0.9,0.5,org.antlr.v4.test.rt.gen.TestFile,720,1,1,1,1,1,1
HTRP,method,antlr4,0.9,0.5,org.antlr.v4.test.rt.gen.TestFile,720,1,1,1,1,1,1
HVOL,method,antlr4,0.9,0.5,org.antlr.v4.test.rt.gen.TestFile,720,1,1,1,1,1,1
MI,method,antlr4,0.9,0.5,org.antlr.v4.test.rt.gen.TestFile,720,1,1,1,1,1,1
MIMS,method,antlr4,0.9,0.5,org.antlr.v4.test.rt.gen.TestFile,720,1,1,1,1,1,1
MISEI,method,antlr4,0.9,0.5,org.antlr.v4.test.rt.gen.TestFile,720,1,1,1,1,1,1
MISM,method,antlr4,0.9,0.5,org.antlr.v4.test.rt.gen.TestFile,720,1,1,1,1,1,1
McCC,method,antlr4,0.9,0.5,org.antlr.v4.test.rt.gen.TestFile,720,1,1,1,1,1,1
NL,method,antlr4,0.9,0.5,org.antlr.v4.test.rt.gen.TestFile,720,1,1,1,1,1,1
NLE,method,antlr4,0.9,0.5,org.antlr.v4.test.rt.gen.TestFile,720,1,1,1,1,1,1
NII,method,antlr4,0.9,0.5,org.antlr.v4.test.rt.gen.TestFile,720,0,0,0,1,1,1
NOI,method,antlr4,0.9,0.5,org.antlr.v4.test.rt.gen.TestFile,720,1,1,1,1,1,1
CD,method,antlr4,0.9,0.5,org.antlr.v4.test.rt.gen.TestFile,720,0,0,0,1,1,1
CLOC,method,antlr4,0.9,0.5,org.antlr.v4.test.rt.gen.TestFile,720,0,0,0,1,1,1
DLOC,method,antlr4,0.9,0.5,org.antlr.v4.test.rt.gen.TestFile,720,0,0,0,1,1,1
TCD,method,antlr4,0.9,0.5,org.antlr.v4.test.rt.gen.TestFile,720,0,0,0,1,1,1
TCLOC,method,antlr4,0.9,0.5,org.antlr.v4.test.rt.gen.TestFile,720,0,0,0,1,1,1
LLOC,method,antlr4,0.9,0.5,org.antlr.v4.test.rt.gen.TestFile,720,1,1,1,1,1,1
LOC,method,antlr4,0.9,0.5,org.antlr.v4.test.rt.gen.TestFile,720,1,1,1,1,1,1
NOS,method,antlr4,0.9,0.5,org.antlr.v4.test.rt.gen.TestFile,720,1,1,1,1,1,1
NUMPAR,method,antlr4,0.9,0.5,org.antlr.v4.test.rt.gen.TestFile,720,1,1,1,1,1,1
TLLOC,method,antlr4,0.9,0.5,org.antlr.v4.test.rt.gen.TestFile,720,1,1,1,1,1,1
TLOC,method,antlr4,0.9,0.5,org.antlr.v4.test.rt.gen.TestFile,720,1,1,1,1,1,1
TNOS,method,antlr4,0.9,0.5,org.antlr.v4.test.rt.gen.TestFile,720,0,0,0,0,0,0
WarningBlocker,method,antlr4,0.9,0.5,org.antlr.v4.test.rt.gen.TestFile,720,0,0,0,0,0,0
WarningCritical,method,antlr4,0.9,0.5,org.antlr.v4.test.rt.gen.TestFile,720,0,0,0,0,0,0
WarningInfo,method,antlr4,0.9,0.5,org.antlr.v4.test.rt.gen.TestFile,720,0,0,0,0,0,0
WarningMajor,method,antlr4,0.9,0.5,org.antlr.v4.test.rt.gen.TestFile,720,0,0,0,0,0,0
WarningMinor,method,antlr4,0.9,0.5,org.antlr.v4.test.rt.gen.TestFile,720,0,0,0,0,0,0
Android Rules,method,antlr4,0.9,0.5,org.antlr.v4.test.rt.gen.TestFile,720,0,0,0,0,0,0
Basic Rules,method,antlr4,0.9,0.5,org.antlr.v4.test.rt.gen.TestFile,720,0,0,0,0,0,0
Brace Rules,method,antlr4,0.9,0.5,org.antlr.v4.test.rt.gen.TestFile,720,0,0,0,0,0,0
Clone Implementation Rules,method,antlr4,0.9,0.5,org.antlr.v4.test.rt.gen.TestFile,720,0,0,0,0,0,0
Code Size Rules,method,antlr4,0.9,0.5,org.antlr.v4.test.rt.gen.TestFile,720,0,0,0,0,0,0
Comment Rules,method,antlr4,0.9,0.5,org.antlr.v4.test.rt.gen.TestFile,720,0,0,0,0,0,0
Controversial Rules,method,antlr4,0.9,0.5,org.antlr.v4.test.rt.gen.TestFile,720,0,0,0,0,0,0
Coupling Rules,method,antlr4,0.9,0.5,org.antlr.v4.test.rt.gen.TestFile,720,0,0,0,0,0,0
Design Rules,method,antlr4,0.9,0.5,org.antlr.v4.test.rt.gen.TestFile,720,0,0,0,0,0,0
Empty Code Rules,method,antlr4,0.9,0.5,org.antlr.v4.test.rt.gen.TestFile,720,0,0,0,0,0,0
Finalizer Rules,method,antlr4,0.9,0.5,org.antlr.v4.test.rt.gen.TestFile,720,0,0,0,0,0,0
Import Statement Rules,method,antlr4,0.9,0.5,org.antlr.v4.test.rt.gen.TestFile,720,0,0,0,0,0,0
J2EE Rules,method,antlr4,0.9,0.5,org.antlr.v4.test.rt.gen.TestFile,720,0,0,0,0,0,0
JUnit Rules,method,antlr4,0.9,0.5,org.antlr.v4.test.rt.gen.TestFile,720,0,0,0,0,0,0
Jakarta Commons Logging Rules,method,antlr4,0.9,0.5,org.antlr.v4.test.rt.gen.TestFile,720,0,0,0,0,0,0
Java Logging Rules,method,antlr4,0.9,0.5,org.antlr.v4.test.rt.gen.TestFile,720,0,0,0,0,0,0
JavaBean Rules,method,antlr4,0.9,0.5,org.antlr.v4.test.rt.gen.TestFile,720,0,0,0,0,0,0
MigratingToJUnit4 Rules,method,antlr4,0.9,0.5,org.antlr.v4.test.rt.gen.TestFile,720,0,0,0,0,0,0
Migration Rules,method,antlr4,0.9,0.5,org.antlr.v4.test.rt.gen.TestFile,720,0,0,0,0,0,0
Migration13 Rules,method,antlr4,0.9,0.5,org.antlr.v4.test.rt.gen.TestFile,720,0,0,0,0,0,0
Migration14 Rules,method,antlr4,0.9,0.5,org.antlr.v4.test.rt.gen.TestFile,720,0,0,0,0,0,0
Migration15 Rules,method,antlr4,0.9,0.5,org.antlr.v4.test.rt.gen.TestFile,720,0,0,0,0,0,0
Naming Rules,method,antlr4,0.9,0.5,org.antlr.v4.test.rt.gen.TestFile,720,0,0,0,0,0,0
Optimization Rules,method,antlr4,0.9,0.5,org.antlr.v4.test.rt.gen.TestFile,720,0,0,0,0,0,0
Security Code Guideline Rules,method,antlr4,0.9,0.5,org.antlr.v4.test.rt.gen.TestFile,720,0,0,0,0,0,0
Strict Exception Rules,method,antlr4,0.9,0.5,org.antlr.v4.test.rt.gen.TestFile,720,0,0,0,0,0,0
String and StringBuffer Rules,method,antlr4,0.9,0.5,org.antlr.v4.test.rt.gen.TestFile,720,0,0,0,0,0,0
Type Resolution Rules,method,antlr4,0.9,0.5,org.antlr.v4.test.rt.gen.TestFile,720,0,0,0,0,0,0
Unnecessary and Unused Code Rules,method,antlr4,0.9,0.5,org.antlr.v4.test.rt.gen.TestFile,720,0,0,0,0,0,0
Vulnerability Rules,method,antlr4,0.9,0.5,org.antlr.v4.test.rt.gen.TestFile,720,0,0,0,0,0,0
CC,method,antlr4,0.9,0.5,org.antlr.v4.test.rt.java.BaseTest$IntTokenStream,1152,0,0,0,1,1,1
CCL,method,antlr4,0.9,0.5,org.antlr.v4.test.rt.java.BaseTest$IntTokenStream,1152,0,0,0,1,1,1
CCO,method,antlr4,0.9,0.5,org.antlr.v4.test.rt.java.BaseTest$IntTokenStream,1152,0,0,0,1,1,1
CI,method,antlr4,0.9,0.5,org.antlr.v4.test.rt.java.BaseTest$IntTokenStream,1152,0,0,0,1,1,1
CLC,method,antlr4,0.9,0.5,org.antlr.v4.test.rt.java.BaseTest$IntTokenStream,1152,0,0,0,1,1,1
CLLC,method,antlr4,0.9,0.5,org.antlr.v4.test.rt.java.BaseTest$IntTokenStream,1152,0,0,0,1,1,1
LDC,method,antlr4,0.9,0.5,org.antlr.v4.test.rt.java.BaseTest$IntTokenStream,1152,0,0,0,1,1,1
LLDC,method,antlr4,0.9,0.5,org.antlr.v4.test.rt.java.BaseTest$IntTokenStream,1152,0,0,0,1,1,1
HCPL,method,antlr4,0.9,0.5,org.antlr.v4.test.rt.java.BaseTest$IntTokenStream,1152,1,1,1,1,1,1
HDIF,method,antlr4,0.9,0.5,org.antlr.v4.test.rt.java.BaseTest$IntTokenStream,1152,1,1,1,1,1,1
HEFF,method,antlr4,0.9,0.5,org.antlr.v4.test.rt.java.BaseTest$IntTokenStream,1152,1,1,1,1,1,1
HNDB,method,antlr4,0.9,0.5,org.antlr.v4.test.rt.java.BaseTest$IntTokenStream,1152,1,1,1,1,1,1
HPL,method,antlr4,0.9,0.5,org.antlr.v4.test.rt.java.BaseTest$IntTokenStream,1152,1,1,1,1,1,1
HPV,method,antlr4,0.9,0.5,org.antlr.v4.test.rt.java.BaseTest$IntTokenStream,1152,1,1,1,1,1,1
HTRP,method,antlr4,0.9,0.5,org.antlr.v4.test.rt.java.BaseTest$IntTokenStream,1152,1,1,1,1,1,1
HVOL,method,antlr4,0.9,0.5,org.antlr.v4.test.rt.java.BaseTest$IntTokenStream,1152,1,1,1,1,1,1
MI,method,antlr4,0.9,0.5,org.antlr.v4.test.rt.java.BaseTest$IntTokenStream,1152,1,1,1,1,1,1
MIMS,method,antlr4,0.9,0.5,org.antlr.v4.test.rt.java.BaseTest$IntTokenStream,1152,1,1,1,1,1,1
MISEI,method,antlr4,0.9,0.5,org.antlr.v4.test.rt.java.BaseTest$IntTokenStream,1152,1,1,1,1,1,1
MISM,method,antlr4,0.9,0.5,org.antlr.v4.test.rt.java.BaseTest$IntTokenStream,1152,1,1,1,1,1,1
McCC,method,antlr4,0.9,0.5,org.antlr.v4.test.rt.java.BaseTest$IntTokenStream,1152,1,1,1,1,1,1
NL,method,antlr4,0.9,0.5,org.antlr.v4.test.rt.java.BaseTest$IntTokenStream,1152,1,1,1,1,1,1
NLE,method,antlr4,0.9,0.5,org.antlr.v4.test.rt.java.BaseTest$IntTokenStream,1152,1,1,1,1,1,1
NII,method,antlr4,0.9,0.5,org.antlr.v4.test.rt.java.BaseTest$IntTokenStream,1152,0,0,0,1,1,1
NOI,method,antlr4,0.9,0.5,org.antlr.v4.test.rt.java.BaseTest$IntTokenStream,1152,0,0,0,1,1,1
CD,method,antlr4,0.9,0.5,org.antlr.v4.test.rt.java.BaseTest$IntTokenStream,1152,0,0,0,1,1,1
CLOC,method,antlr4,0.9,0.5,org.antlr.v4.test.rt.java.BaseTest$IntTokenStream,1152,0,0,0,1,1,1
DLOC,method,antlr4,0.9,0.5,org.antlr.v4.test.rt.java.BaseTest$IntTokenStream,1152,0,0,0,1,1,1
TCD,method,antlr4,0.9,0.5,org.antlr.v4.test.rt.java.BaseTest$IntTokenStream,1152,0,0,0,1,1,1
TCLOC,method,antlr4,0.9,0.5,org.antlr.v4.test.rt.java.BaseTest$IntTokenStream,1152,0,0,0,1,1,1
LLOC,method,antlr4,0.9,0.5,org.antlr.v4.test.rt.java.BaseTest$IntTokenStream,1152,1,1,1,1,1,1
LOC,method,antlr4,0.9,0.5,org.antlr.v4.test.rt.java.BaseTest$IntTokenStream,1152,1,1,1,1,1,1
NOS,method,antlr4,0.9,0.5,org.antlr.v4.test.rt.java.BaseTest$IntTokenStream,1152,1,1,1,1,1,1
NUMPAR,method,antlr4,0.9,0.5,org.antlr.v4.test.rt.java.BaseTest$IntTokenStream,1152,0,0,0,1,1,1
TLLOC,method,antlr4,0.9,0.5,org.antlr.v4.test.rt.java.BaseTest$IntTokenStream,1152,1,1,1,1,1,1
TLOC,method,antlr4,0.9,0.5,org.antlr.v4.test.rt.java.BaseTest$IntTokenStream,1152,1,1,1,1,1,1
TNOS,method,antlr4,0.9,0.5,org.antlr.v4.test.rt.java.BaseTest$IntTokenStream,1152,0,0,0,0,0,0
WarningBlocker,method,antlr4,0.9,0.5,org.antlr.v4.test.rt.java.BaseTest$IntTokenStream,1152,0,0,0,0,0,0
WarningCritical,method,antlr4,0.9,0.5,org.antlr.v4.test.rt.java.BaseTest$IntTokenStream,1152,0,0,0,0,0,0
WarningInfo,method,antlr4,0.9,0.5,org.antlr.v4.test.rt.java.BaseTest$IntTokenStream,1152,0,0,0,0,0,0
WarningMajor,method,antlr4,0.9,0.5,org.antlr.v4.test.rt.java.BaseTest$IntTokenStream,1152,0,0,0,0,0,0
WarningMinor,method,antlr4,0.9,0.5,org.antlr.v4.test.rt.java.BaseTest$IntTokenStream,1152,0,0,0,0,0,0
Android Rules,method,antlr4,0.9,0.5,org.antlr.v4.test.rt.java.BaseTest$IntTokenStream,1152,0,0,0,0,0,0
Basic Rules,method,antlr4,0.9,0.5,org.antlr.v4.test.rt.java.BaseTest$IntTokenStream,1152,0,0,0,0,0,0
Brace Rules,method,antlr4,0.9,0.5,org.antlr.v4.test.rt.java.BaseTest$IntTokenStream,1152,0,0,0,0,0,0
Clone Implementation Rules,method,antlr4,0.9,0.5,org.antlr.v4.test.rt.java.BaseTest$IntTokenStream,1152,0,0,0,0,0,0
Code Size Rules,method,antlr4,0.9,0.5,org.antlr.v4.test.rt.java.BaseTest$IntTokenStream,1152,0,0,0,0,0,0
Comment Rules,method,antlr4,0.9,0.5,org.antlr.v4.test.rt.java.BaseTest$IntTokenStream,1152,0,0,0,0,0,0
Controversial Rules,method,antlr4,0.9,0.5,org.antlr.v4.test.rt.java.BaseTest$IntTokenStream,1152,0,0,0,0,0,0
Coupling Rules,method,antlr4,0.9,0.5,org.antlr.v4.test.rt.java.BaseTest$IntTokenStream,1152,0,0,0,0,0,0
Design Rules,method,antlr4,0.9,0.5,org.antlr.v4.test.rt.java.BaseTest$IntTokenStream,1152,0,0,0,0,0,0
Empty Code Rules,method,antlr4,0.9,0.5,org.antlr.v4.test.rt.java.BaseTest$IntTokenStream,1152,0,0,0,0,0,0
Finalizer Rules,method,antlr4,0.9,0.5,org.antlr.v4.test.rt.java.BaseTest$IntTokenStream,1152,0,0,0,0,0,0
Import Statement Rules,method,antlr4,0.9,0.5,org.antlr.v4.test.rt.java.BaseTest$IntTokenStream,1152,0,0,0,0,0,0
J2EE Rules,method,antlr4,0.9,0.5,org.antlr.v4.test.rt.java.BaseTest$IntTokenStream,1152,0,0,0,0,0,0
JUnit Rules,method,antlr4,0.9,0.5,org.antlr.v4.test.rt.java.BaseTest$IntTokenStream,1152,0,0,0,0,0,0
Jakarta Commons Logging Rules,method,antlr4,0.9,0.5,org.antlr.v4.test.rt.java.BaseTest$IntTokenStream,1152,0,0,0,0,0,0
Java Logging Rules,method,antlr4,0.9,0.5,org.antlr.v4.test.rt.java.BaseTest$IntTokenStream,1152,0,0,0,0,0,0
JavaBean Rules,method,antlr4,0.9,0.5,org.antlr.v4.test.rt.java.BaseTest$IntTokenStream,1152,0,0,0,0,0,0
MigratingToJUnit4 Rules,method,antlr4,0.9,0.5,org.antlr.v4.test.rt.java.BaseTest$IntTokenStream,1152,0,0,0,0,0,0
Migration Rules,method,antlr4,0.9,0.5,org.antlr.v4.test.rt.java.BaseTest$IntTokenStream,1152,0,0,0,0,0,0
Migration13 Rules,method,antlr4,0.9,0.5,org.antlr.v4.test.rt.java.BaseTest$IntTokenStream,1152,0,0,0,0,0,0
Migration14 Rules,method,antlr4,0.9,0.5,org.antlr.v4.test.rt.java.BaseTest$IntTokenStream,1152,0,0,0,0,0,0
Migration15 Rules,method,antlr4,0.9,0.5,org.antlr.v4.test.rt.java.BaseTest$IntTokenStream,1152,0,0,0,0,0,0
Naming Rules,method,antlr4,0.9,0.5,org.antlr.v4.test.rt.java.BaseTest$IntTokenStream,1152,0,0,0,0,0,0
Optimization Rules,method,antlr4,0.9,0.5,org.antlr.v4.test.rt.java.BaseTest$IntTokenStream,1152,0,0,0,0,0,0
Security Code Guideline Rules,method,antlr4,0.9,0.5,org.antlr.v4.test.rt.java.BaseTest$IntTokenStream,1152,0,0,0,0,0,0
Strict Exception Rules,method,antlr4,0.9,0.5,org.antlr.v4.test.rt.java.BaseTest$IntTokenStream,1152,0,0,0,0,0,0
String and StringBuffer Rules,method,antlr4,0.9,0.5,org.antlr.v4.test.rt.java.BaseTest$IntTokenStream,1152,0,0,0,0,0,0
Type Resolution Rules,method,antlr4,0.9,0.5,org.antlr.v4.test.rt.java.BaseTest$IntTokenStream,1152,0,0,0,0,0,0
Unnecessary and Unused Code Rules,method,antlr4,0.9,0.5,org.antlr.v4.test.rt.java.BaseTest$IntTokenStream,1152,0,0,0,0,0,0
Vulnerability Rules,method,antlr4,0.9,0.5,org.antlr.v4.test.rt.java.BaseTest$IntTokenStream,1152,0,0,0,0,0,0
CC,method,antlr4,0.9,0.5,org.antlr.v4.test.rt.java.TestParseTrees,576,1,1,1,1,1,1
CCL,method,antlr4,0.9,0.5,org.antlr.v4.test.rt.java.TestParseTrees,576,1,1,1,1,1,1
CCO,method,antlr4,0.9,0.5,org.antlr.v4.test.rt.java.TestParseTrees,576,1,1,1,1,1,1
CI,method,antlr4,0.9,0.5,org.antlr.v4.test.rt.java.TestParseTrees,576,1,1,1,1,1,1
CLC,method,antlr4,0.9,0.5,org.antlr.v4.test.rt.java.TestParseTrees,576,1,1,1,1,1,1
CLLC,method,antlr4,0.9,0.5,org.antlr.v4.test.rt.java.TestParseTrees,576,1,1,1,1,1,1
LDC,method,antlr4,0.9,0.5,org.antlr.v4.test.rt.java.TestParseTrees,576,1,1,1,1,1,1
LLDC,method,antlr4,0.9,0.5,org.antlr.v4.test.rt.java.TestParseTrees,576,1,1,1,1,1,1
HCPL,method,antlr4,0.9,0.5,org.antlr.v4.test.rt.java.TestParseTrees,576,1,1,1,1,1,1
HDIF,method,antlr4,0.9,0.5,org.antlr.v4.test.rt.java.TestParseTrees,576,1,1,1,1,1,1
HEFF,method,antlr4,0.9,0.5,org.antlr.v4.test.rt.java.TestParseTrees,576,1,1,1,1,1,1
HNDB,method,antlr4,0.9,0.5,org.antlr.v4.test.rt.java.TestParseTrees,576,1,1,1,1,1,1
HPL,method,antlr4,0.9,0.5,org.antlr.v4.test.rt.java.TestParseTrees,576,1,1,1,1,1,1
HPV,method,antlr4,0.9,0.5,org.antlr.v4.test.rt.java.TestParseTrees,576,1,1,1,1,1,1
HTRP,method,antlr4,0.9,0.5,org.antlr.v4.test.rt.java.TestParseTrees,576,1,1,1,1,1,1
HVOL,method,antlr4,0.9,0.5,org.antlr.v4.test.rt.java.TestParseTrees,576,1,1,1,1,1,1
MI,method,antlr4,0.9,0.5,org.antlr.v4.test.rt.java.TestParseTrees,576,1,1,1,1,1,1
MIMS,method,antlr4,0.9,0.5,org.antlr.v4.test.rt.java.TestParseTrees,576,1,1,1,1,1,1
MISEI,method,antlr4,0.9,0.5,org.antlr.v4.test.rt.java.TestParseTrees,576,1,1,1,1,1,1
MISM,method,antlr4,0.9,0.5,org.antlr.v4.test.rt.java.TestParseTrees,576,1,1,1,1,1,1
McCC,method,antlr4,0.9,0.5,org.antlr.v4.test.rt.java.TestParseTrees,576,0,0,0,1,1,1
NL,method,antlr4,0.9,0.5,org.antlr.v4.test.rt.java.TestParseTrees,576,0,0,0,1,1,1
NLE,method,antlr4,0.9,0.5,org.antlr.v4.test.rt.java.TestParseTrees,576,0,0,0,1,1,1
NII,method,antlr4,0.9,0.5,org.antlr.v4.test.rt.java.TestParseTrees,576,0,0,0,1,1,1
NOI,method,antlr4,0.9,0.5,org.antlr.v4.test.rt.java.TestParseTrees,576,0,0,0,1,1,1
CD,method,antlr4,0.9,0.5,org.antlr.v4.test.rt.java.TestParseTrees,576,0,0,0,1,1,1
CLOC,method,antlr4,0.9,0.5,org.antlr.v4.test.rt.java.TestParseTrees,576,0,0,0,1,1,1
DLOC,method,antlr4,0.9,0.5,org.antlr.v4.test.rt.java.TestParseTrees,576,0,0,0,1,1,1
TCD,method,antlr4,0.9,0.5,org.antlr.v4.test.rt.java.TestParseTrees,576,0,0,0,1,1,1
TCLOC,method,antlr4,0.9,0.5,org.antlr.v4.test.rt.java.TestParseTrees,576,0,0,0,1,1,1
LLOC,method,antlr4,0.9,0.5,org.antlr.v4.test.rt.java.TestParseTrees,576,1,1,1,1,1,1
LOC,method,antlr4,0.9,0.5,org.antlr.v4.test.rt.java.TestParseTrees,576,1,1,1,1,1,1
NOS,method,antlr4,0.9,0.5,org.antlr.v4.test.rt.java.TestParseTrees,576,0,0,0,1,1,1
NUMPAR,method,antlr4,0.9,0.5,org.antlr.v4.test.rt.java.TestParseTrees,576,0,0,0,1,1,1
TLLOC,method,antlr4,0.9,0.5,org.antlr.v4.test.rt.java.TestParseTrees,576,1,1,1,1,1,1
TLOC,method,antlr4,0.9,0.5,org.antlr.v4.test.rt.java.TestParseTrees,576,1,1,1,1,1,1
TNOS,method,antlr4,0.9,0.5,org.antlr.v4.test.rt.java.TestParseTrees,576,0,0,0,0,0,0
WarningBlocker,method,antlr4,0.9,0.5,org.antlr.v4.test.rt.java.TestParseTrees,576,0,0,0,0,0,0
WarningCritical,method,antlr4,0.9,0.5,org.antlr.v4.test.rt.java.TestParseTrees,576,0,0,0,0,0,0
WarningInfo,method,antlr4,0.9,0.5,org.antlr.v4.test.rt.java.TestParseTrees,576,0,0,0,0,0,0
WarningMajor,method,antlr4,0.9,0.5,org.antlr.v4.test.rt.java.TestParseTrees,576,0,0,0,0,0,0
WarningMinor,method,antlr4,0.9,0.5,org.antlr.v4.test.rt.java.TestParseTrees,576,0,0,0,0,0,0
Android Rules,method,antlr4,0.9,0.5,org.antlr.v4.test.rt.java.TestParseTrees,576,0,0,0,0,0,0
Basic Rules,method,antlr4,0.9,0.5,org.antlr.v4.test.rt.java.TestParseTrees,576,0,0,0,0,0,0
Brace Rules,method,antlr4,0.9,0.5,org.antlr.v4.test.rt.java.TestParseTrees,576,0,0,0,0,0,0
Clone Implementation Rules,method,antlr4,0.9,0.5,org.antlr.v4.test.rt.java.TestParseTrees,576,0,0,0,0,0,0
Code Size Rules,method,antlr4,0.9,0.5,org.antlr.v4.test.rt.java.TestParseTrees,576,0,0,0,0,0,0
Comment Rules,method,antlr4,0.9,0.5,org.antlr.v4.test.rt.java.TestParseTrees,576,0,0,0,0,0,0
Controversial Rules,method,antlr4,0.9,0.5,org.antlr.v4.test.rt.java.TestParseTrees,576,0,0,0,0,0,0
Coupling Rules,method,antlr4,0.9,0.5,org.antlr.v4.test.rt.java.TestParseTrees,576,0,0,0,0,0,0
Design Rules,method,antlr4,0.9,0.5,org.antlr.v4.test.rt.java.TestParseTrees,576,0,0,0,0,0,0
Empty Code Rules,method,antlr4,0.9,0.5,org.antlr.v4.test.rt.java.TestParseTrees,576,0,0,0,0,0,0
Finalizer Rules,method,antlr4,0.9,0.5,org.antlr.v4.test.rt.java.TestParseTrees,576,0,0,0,0,0,0
Import Statement Rules,method,antlr4,0.9,0.5,org.antlr.v4.test.rt.java.TestParseTrees,576,0,0,0,0,0,0
J2EE Rules,method,antlr4,0.9,0.5,org.antlr.v4.test.rt.java.TestParseTrees,576,0,0,0,0,0,0
JUnit Rules,method,antlr4,0.9,0.5,org.antlr.v4.test.rt.java.TestParseTrees,576,0,0,0,0,0,0
Jakarta Commons Logging Rules,method,antlr4,0.9,0.5,org.antlr.v4.test.rt.java.TestParseTrees,576,0,0,0,0,0,0
Java Logging Rules,method,antlr4,0.9,0.5,org.antlr.v4.test.rt.java.TestParseTrees,576,0,0,0,0,0,0
JavaBean Rules,method,antlr4,0.9,0.5,org.antlr.v4.test.rt.java.TestParseTrees,576,0,0,0,0,0,0
MigratingToJUnit4 Rules,method,antlr4,0.9,0.5,org.antlr.v4.test.rt.java.TestParseTrees,576,0,0,0,0,0,0
Migration Rules,method,antlr4,0.9,0.5,org.antlr.v4.test.rt.java.TestParseTrees,576,0,0,0,0,0,0
Migration13 Rules,method,antlr4,0.9,0.5,org.antlr.v4.test.rt.java.TestParseTrees,576,0,0,0,0,0,0
Migration14 Rules,method,antlr4,0.9,0.5,org.antlr.v4.test.rt.java.TestParseTrees,576,0,0,0,0,0,0
Migration15 Rules,method,antlr4,0.9,0.5,org.antlr.v4.test.rt.java.TestParseTrees,576,0,0,0,0,0,0
Naming Rules,method,antlr4,0.9,0.5,org.antlr.v4.test.rt.java.TestParseTrees,576,0,0,0,0,0,0
Optimization Rules,method,antlr4,0.9,0.5,org.antlr.v4.test.rt.java.TestParseTrees,576,0,0,0,0,0,0
Security Code Guideline Rules,method,antlr4,0.9,0.5,org.antlr.v4.test.rt.java.TestParseTrees,576,0,0,0,0,0,0
Strict Exception Rules,method,antlr4,0.9,0.5,org.antlr.v4.test.rt.java.TestParseTrees,576,0,0,0,0,0,0
String and StringBuffer Rules,method,antlr4,0.9,0.5,org.antlr.v4.test.rt.java.TestParseTrees,576,0,0,0,0,0,0
Type Resolution Rules,method,antlr4,0.9,0.5,org.antlr.v4.test.rt.java.TestParseTrees,576,0,0,0,0,0,0
Unnecessary and Unused Code Rules,method,antlr4,0.9,0.5,org.antlr.v4.test.rt.java.TestParseTrees,576,0,0,0,0,0,0
Vulnerability Rules,method,antlr4,0.9,0.5,org.antlr.v4.test.rt.java.TestParseTrees,576,0,0,0,0,0,0
CC,method,antlr4,0.9,0.5,org.antlr.v4.test.TestLexerActions,72,0,0,0,1,1,1
CCL,method,antlr4,0.9,0.5,org.antlr.v4.test.TestLexerActions,72,0,0,0,1,1,1
CCO,method,antlr4,0.9,0.5,org.antlr.v4.test.TestLexerActions,72,0,0,0,1,1,1
CI,method,antlr4,0.9,0.5,org.antlr.v4.test.TestLexerActions,72,0,0,0,1,1,1
CLC,method,antlr4,0.9,0.5,org.antlr.v4.test.TestLexerActions,72,0,0,0,1,1,1
CLLC,method,antlr4,0.9,0.5,org.antlr.v4.test.TestLexerActions,72,0,0,0,1,1,1
LDC,method,antlr4,0.9,0.5,org.antlr.v4.test.TestLexerActions,72,0,0,0,1,1,1
LLDC,method,antlr4,0.9,0.5,org.antlr.v4.test.TestLexerActions,72,0,0,0,1,1,1
HCPL,method,antlr4,0.9,0.5,org.antlr.v4.test.TestLexerActions,72,0,0,0,1,1,1
HDIF,method,antlr4,0.9,0.5,org.antlr.v4.test.TestLexerActions,72,0,0,0,1,1,1
HEFF,method,antlr4,0.9,0.5,org.antlr.v4.test.TestLexerActions,72,0,0,0,1,1,1
HNDB,method,antlr4,0.9,0.5,org.antlr.v4.test.TestLexerActions,72,0,0,0,1,1,1
HPL,method,antlr4,0.9,0.5,org.antlr.v4.test.TestLexerActions,72,0,0,0,1,1,1
HPV,method,antlr4,0.9,0.5,org.antlr.v4.test.TestLexerActions,72,0,0,0,1,1,1
HTRP,method,antlr4,0.9,0.5,org.antlr.v4.test.TestLexerActions,72,0,0,0,1,1,1
HVOL,method,antlr4,0.9,0.5,org.antlr.v4.test.TestLexerActions,72,0,0,0,1,1,1
MI,method,antlr4,0.9,0.5,org.antlr.v4.test.TestLexerActions,72,0,0,0,1,1,1
MIMS,method,antlr4,0.9,0.5,org.antlr.v4.test.TestLexerActions,72,0,0,0,1,1,1
MISEI,method,antlr4,0.9,0.5,org.antlr.v4.test.TestLexerActions,72,0,0,0,1,1,1
MISM,method,antlr4,0.9,0.5,org.antlr.v4.test.TestLexerActions,72,0,0,0,1,1,1
McCC,method,antlr4,0.9,0.5,org.antlr.v4.test.TestLexerActions,72,0,0,0,1,1,1
NL,method,antlr4,0.9,0.5,org.antlr.v4.test.TestLexerActions,72,0,0,0,1,1,1
NLE,method,antlr4,0.9,0.5,org.antlr.v4.test.TestLexerActions,72,0,0,0,1,1,1
NII,method,antlr4,0.9,0.5,org.antlr.v4.test.TestLexerActions,72,0,0,0,1,1,1
NOI,method,antlr4,0.9,0.5,org.antlr.v4.test.TestLexerActions,72,0,0,0,1,1,1
CD,method,antlr4,0.9,0.5,org.antlr.v4.test.TestLexerActions,72,0,0,0,1,1,1
CLOC,method,antlr4,0.9,0.5,org.antlr.v4.test.TestLexerActions,72,0,0,0,1,1,1
DLOC,method,antlr4,0.9,0.5,org.antlr.v4.test.TestLexerActions,72,0,0,0,1,1,1
TCD,method,antlr4,0.9,0.5,org.antlr.v4.test.TestLexerActions,72,0,0,0,1,1,1
TCLOC,method,antlr4,0.9,0.5,org.antlr.v4.test.TestLexerActions,72,0,0,0,1,1,1
LLOC,method,antlr4,0.9,0.5,org.antlr.v4.test.TestLexerActions,72,0,0,0,1,1,1
LOC,method,antlr4,0.9,0.5,org.antlr.v4.test.TestLexerActions,72,0,0,0,1,1,1
NOS,method,antlr4,0.9,0.5,org.antlr.v4.test.TestLexerActions,72,0,0,0,1,1,1
NUMPAR,method,antlr4,0.9,0.5,org.antlr.v4.test.TestLexerActions,72,0,0,0,1,1,1
TLLOC,method,antlr4,0.9,0.5,org.antlr.v4.test.TestLexerActions,72,0,0,0,1,1,1
TLOC,method,antlr4,0.9,0.5,org.antlr.v4.test.TestLexerActions,72,0,0,0,1,1,1
TNOS,method,antlr4,0.9,0.5,org.antlr.v4.test.TestLexerActions,72,0,0,0,0,0,0
WarningBlocker,method,antlr4,0.9,0.5,org.antlr.v4.test.TestLexerActions,72,0,0,0,0,0,0
WarningCritical,method,antlr4,0.9,0.5,org.antlr.v4.test.TestLexerActions,72,0,0,0,0,0,0
WarningInfo,method,antlr4,0.9,0.5,org.antlr.v4.test.TestLexerActions,72,0,0,0,0,0,0
WarningMajor,method,antlr4,0.9,0.5,org.antlr.v4.test.TestLexerActions,72,0,0,0,0,0,0
WarningMinor,method,antlr4,0.9,0.5,org.antlr.v4.test.TestLexerActions,72,0,0,0,0,0,0
Android Rules,method,antlr4,0.9,0.5,org.antlr.v4.test.TestLexerActions,72,0,0,0,0,0,0
Basic Rules,method,antlr4,0.9,0.5,org.antlr.v4.test.TestLexerActions,72,0,0,0,0,0,0
Brace Rules,method,antlr4,0.9,0.5,org.antlr.v4.test.TestLexerActions,72,0,0,0,0,0,0
Clone Implementation Rules,method,antlr4,0.9,0.5,org.antlr.v4.test.TestLexerActions,72,0,0,0,0,0,0
Code Size Rules,method,antlr4,0.9,0.5,org.antlr.v4.test.TestLexerActions,72,0,0,0,0,0,0
Comment Rules,method,antlr4,0.9,0.5,org.antlr.v4.test.TestLexerActions,72,0,0,0,0,0,0
Controversial Rules,method,antlr4,0.9,0.5,org.antlr.v4.test.TestLexerActions,72,0,0,0,0,0,0
Coupling Rules,method,antlr4,0.9,0.5,org.antlr.v4.test.TestLexerActions,72,0,0,0,0,0,0
Design Rules,method,antlr4,0.9,0.5,org.antlr.v4.test.TestLexerActions,72,0,0,0,0,0,0
Empty Code Rules,method,antlr4,0.9,0.5,org.antlr.v4.test.TestLexerActions,72,0,0,0,0,0,0
Finalizer Rules,method,antlr4,0.9,0.5,org.antlr.v4.test.TestLexerActions,72,0,0,0,0,0,0
Import Statement Rules,method,antlr4,0.9,0.5,org.antlr.v4.test.TestLexerActions,72,0,0,0,0,0,0
J2EE Rules,method,antlr4,0.9,0.5,org.antlr.v4.test.TestLexerActions,72,0,0,0,0,0,0
JUnit Rules,method,antlr4,0.9,0.5,org.antlr.v4.test.TestLexerActions,72,0,0,0,0,0,0
Jakarta Commons Logging Rules,method,antlr4,0.9,0.5,org.antlr.v4.test.TestLexerActions,72,0,0,0,0,0,0
Java Logging Rules,method,antlr4,0.9,0.5,org.antlr.v4.test.TestLexerActions,72,0,0,0,0,0,0
JavaBean Rules,method,antlr4,0.9,0.5,org.antlr.v4.test.TestLexerActions,72,0,0,0,0,0,0
MigratingToJUnit4 Rules,method,antlr4,0.9,0.5,org.antlr.v4.test.TestLexerActions,72,0,0,0,0,0,0
Migration Rules,method,antlr4,0.9,0.5,org.antlr.v4.test.TestLexerActions,72,0,0,0,0,0,0
Migration13 Rules,method,antlr4,0.9,0.5,org.antlr.v4.test.TestLexerActions,72,0,0,0,0,0,0
Migration14 Rules,method,antlr4,0.9,0.5,org.antlr.v4.test.TestLexerActions,72,0,0,0,0,0,0
Migration15 Rules,method,antlr4,0.9,0.5,org.antlr.v4.test.TestLexerActions,72,0,0,0,0,0,0
Naming Rules,method,antlr4,0.9,0.5,org.antlr.v4.test.TestLexerActions,72,0,0,0,0,0,0
Optimization Rules,method,antlr4,0.9,0.5,org.antlr.v4.test.TestLexerActions,72,0,0,0,0,0,0
Security Code Guideline Rules,method,antlr4,0.9,0.5,org.antlr.v4.test.TestLexerActions,72,0,0,0,0,0,0
Strict Exception Rules,method,antlr4,0.9,0.5,org.antlr.v4.test.TestLexerActions,72,0,0,0,0,0,0
String and StringBuffer Rules,method,antlr4,0.9,0.5,org.antlr.v4.test.TestLexerActions,72,0,0,0,0,0,0
Type Resolution Rules,method,antlr4,0.9,0.5,org.antlr.v4.test.TestLexerActions,72,0,0,0,0,0,0
Unnecessary and Unused Code Rules,method,antlr4,0.9,0.5,org.antlr.v4.test.TestLexerActions,72,0,0,0,0,0,0
Vulnerability Rules,method,antlr4,0.9,0.5,org.antlr.v4.test.TestLexerActions,72,0,0,0,0,0,0
CC,method,antlr4,0.9,0.5,org.antlr.v4.test.rt.java.BaseTest$FilteringTokenStream,216,1,1,1,1,1,1
CCL,method,antlr4,0.9,0.5,org.antlr.v4.test.rt.java.BaseTest$FilteringTokenStream,216,1,1,1,1,1,1
CCO,method,antlr4,0.9,0.5,org.antlr.v4.test.rt.java.BaseTest$FilteringTokenStream,216,1,1,1,1,1,1
CI,method,antlr4,0.9,0.5,org.antlr.v4.test.rt.java.BaseTest$FilteringTokenStream,216,1,1,1,1,1,1
CLC,method,antlr4,0.9,0.5,org.antlr.v4.test.rt.java.BaseTest$FilteringTokenStream,216,1,1,1,1,1,1
CLLC,method,antlr4,0.9,0.5,org.antlr.v4.test.rt.java.BaseTest$FilteringTokenStream,216,1,1,1,1,1,1
LDC,method,antlr4,0.9,0.5,org.antlr.v4.test.rt.java.BaseTest$FilteringTokenStream,216,1,1,1,1,1,1
LLDC,method,antlr4,0.9,0.5,org.antlr.v4.test.rt.java.BaseTest$FilteringTokenStream,216,1,1,1,1,1,1
HCPL,method,antlr4,0.9,0.5,org.antlr.v4.test.rt.java.BaseTest$FilteringTokenStream,216,1,1,1,1,1,1
HDIF,method,antlr4,0.9,0.5,org.antlr.v4.test.rt.java.BaseTest$FilteringTokenStream,216,1,1,1,1,1,1
HEFF,method,antlr4,0.9,0.5,org.antlr.v4.test.rt.java.BaseTest$FilteringTokenStream,216,1,1,1,1,1,1
HNDB,method,antlr4,0.9,0.5,org.antlr.v4.test.rt.java.BaseTest$FilteringTokenStream,216,1,1,1,1,1,1
HPL,method,antlr4,0.9,0.5,org.antlr.v4.test.rt.java.BaseTest$FilteringTokenStream,216,1,1,1,1,1,1
HPV,method,antlr4,0.9,0.5,org.antlr.v4.test.rt.java.BaseTest$FilteringTokenStream,216,1,1,1,1,1,1
HTRP,method,antlr4,0.9,0.5,org.antlr.v4.test.rt.java.BaseTest$FilteringTokenStream,216,1,1,1,1,1,1
HVOL,method,antlr4,0.9,0.5,org.antlr.v4.test.rt.java.BaseTest$FilteringTokenStream,216,1,1,1,1,1,1
MI,method,antlr4,0.9,0.5,org.antlr.v4.test.rt.java.BaseTest$FilteringTokenStream,216,1,1,1,1,1,1
MIMS,method,antlr4,0.9,0.5,org.antlr.v4.test.rt.java.BaseTest$FilteringTokenStream,216,1,1,1,1,1,1
MISEI,method,antlr4,0.9,0.5,org.antlr.v4.test.rt.java.BaseTest$FilteringTokenStream,216,1,1,1,1,1,1
MISM,method,antlr4,0.9,0.5,org.antlr.v4.test.rt.java.BaseTest$FilteringTokenStream,216,1,1,1,1,1,1
McCC,method,antlr4,0.9,0.5,org.antlr.v4.test.rt.java.BaseTest$FilteringTokenStream,216,1,1,1,1,1,1
NL,method,antlr4,0.9,0.5,org.antlr.v4.test.rt.java.BaseTest$FilteringTokenStream,216,1,1,1,1,1,1
NLE,method,antlr4,0.9,0.5,org.antlr.v4.test.rt.java.BaseTest$FilteringTokenStream,216,1,1,1,1,1,1
NII,method,antlr4,0.9,0.5,org.antlr.v4.test.rt.java.BaseTest$FilteringTokenStream,216,0,0,0,1,1,1
NOI,method,antlr4,0.9,0.5,org.antlr.v4.test.rt.java.BaseTest$FilteringTokenStream,216,1,1,1,1,1,1
CD,method,antlr4,0.9,0.5,org.antlr.v4.test.rt.java.BaseTest$FilteringTokenStream,216,0,0,0,1,1,1
CLOC,method,antlr4,0.9,0.5,org.antlr.v4.test.rt.java.BaseTest$FilteringTokenStream,216,0,0,0,1,1,1
DLOC,method,antlr4,0.9,0.5,org.antlr.v4.test.rt.java.BaseTest$FilteringTokenStream,216,0,0,0,1,1,1
TCD,method,antlr4,0.9,0.5,org.antlr.v4.test.rt.java.BaseTest$FilteringTokenStream,216,0,0,0,1,1,1
TCLOC,method,antlr4,0.9,0.5,org.antlr.v4.test.rt.java.BaseTest$FilteringTokenStream,216,0,0,0,1,1,1
LLOC,method,antlr4,0.9,0.5,org.antlr.v4.test.rt.java.BaseTest$FilteringTokenStream,216,1,1,1,1,1,1
LOC,method,antlr4,0.9,0.5,org.antlr.v4.test.rt.java.BaseTest$FilteringTokenStream,216,1,1,1,1,1,1
NOS,method,antlr4,0.9,0.5,org.antlr.v4.test.rt.java.BaseTest$FilteringTokenStream,216,1,1,1,1,1,1
NUMPAR,method,antlr4,0.9,0.5,org.antlr.v4.test.rt.java.BaseTest$FilteringTokenStream,216,0,0,0,1,1,1
TLLOC,method,antlr4,0.9,0.5,org.antlr.v4.test.rt.java.BaseTest$FilteringTokenStream,216,1,1,1,1,1,1
TLOC,method,antlr4,0.9,0.5,org.antlr.v4.test.rt.java.BaseTest$FilteringTokenStream,216,1,1,1,1,1,1
TNOS,method,antlr4,0.9,0.5,org.antlr.v4.test.rt.java.BaseTest$FilteringTokenStream,216,0,0,0,0,0,0
WarningBlocker,method,antlr4,0.9,0.5,org.antlr.v4.test.rt.java.BaseTest$FilteringTokenStream,216,0,0,0,0,0,0
WarningCritical,method,antlr4,0.9,0.5,org.antlr.v4.test.rt.java.BaseTest$FilteringTokenStream,216,0,0,0,0,0,0
WarningInfo,method,antlr4,0.9,0.5,org.antlr.v4.test.rt.java.BaseTest$FilteringTokenStream,216,0,0,0,0,0,0
WarningMajor,method,antlr4,0.9,0.5,org.antlr.v4.test.rt.java.BaseTest$FilteringTokenStream,216,0,0,0,0,0,0
WarningMinor,method,antlr4,0.9,0.5,org.antlr.v4.test.rt.java.BaseTest$FilteringTokenStream,216,0,0,0,0,0,0
Android Rules,method,antlr4,0.9,0.5,org.antlr.v4.test.rt.java.BaseTest$FilteringTokenStream,216,0,0,0,0,0,0
Basic Rules,method,antlr4,0.9,0.5,org.antlr.v4.test.rt.java.BaseTest$FilteringTokenStream,216,0,0,0,0,0,0
Brace Rules,method,antlr4,0.9,0.5,org.antlr.v4.test.rt.java.BaseTest$FilteringTokenStream,216,0,0,0,0,0,0
Clone Implementation Rules,method,antlr4,0.9,0.5,org.antlr.v4.test.rt.java.BaseTest$FilteringTokenStream,216,0,0,0,0,0,0
Code Size Rules,method,antlr4,0.9,0.5,org.antlr.v4.test.rt.java.BaseTest$FilteringTokenStream,216,0,0,0,0,0,0
Comment Rules,method,antlr4,0.9,0.5,org.antlr.v4.test.rt.java.BaseTest$FilteringTokenStream,216,0,0,0,0,0,0
Controversial Rules,method,antlr4,0.9,0.5,org.antlr.v4.test.rt.java.BaseTest$FilteringTokenStream,216,0,0,0,0,0,0
Coupling Rules,method,antlr4,0.9,0.5,org.antlr.v4.test.rt.java.BaseTest$FilteringTokenStream,216,0,0,0,0,0,0
Design Rules,method,antlr4,0.9,0.5,org.antlr.v4.test.rt.java.BaseTest$FilteringTokenStream,216,0,0,0,0,0,0
Empty Code Rules,method,antlr4,0.9,0.5,org.antlr.v4.test.rt.java.BaseTest$FilteringTokenStream,216,0,0,0,0,0,0
Finalizer Rules,method,antlr4,0.9,0.5,org.antlr.v4.test.rt.java.BaseTest$FilteringTokenStream,216,0,0,0,0,0,0
Import Statement Rules,method,antlr4,0.9,0.5,org.antlr.v4.test.rt.java.BaseTest$FilteringTokenStream,216,0,0,0,0,0,0
J2EE Rules,method,antlr4,0.9,0.5,org.antlr.v4.test.rt.java.BaseTest$FilteringTokenStream,216,0,0,0,0,0,0
JUnit Rules,method,antlr4,0.9,0.5,org.antlr.v4.test.rt.java.BaseTest$FilteringTokenStream,216,0,0,0,0,0,0
Jakarta Commons Logging Rules,method,antlr4,0.9,0.5,org.antlr.v4.test.rt.java.BaseTest$FilteringTokenStream,216,0,0,0,0,0,0
Java Logging Rules,method,antlr4,0.9,0.5,org.antlr.v4.test.rt.java.BaseTest$FilteringTokenStream,216,0,0,0,0,0,0
JavaBean Rules,method,antlr4,0.9,0.5,org.antlr.v4.test.rt.java.BaseTest$FilteringTokenStream,216,0,0,0,0,0,0
MigratingToJUnit4 Rules,method,antlr4,0.9,0.5,org.antlr.v4.test.rt.java.BaseTest$FilteringTokenStream,216,0,0,0,0,0,0
Migration Rules,method,antlr4,0.9,0.5,org.antlr.v4.test.rt.java.BaseTest$FilteringTokenStream,216,0,0,0,0,0,0
Migration13 Rules,method,antlr4,0.9,0.5,org.antlr.v4.test.rt.java.BaseTest$FilteringTokenStream,216,0,0,0,0,0,0
Migration14 Rules,method,antlr4,0.9,0.5,org.antlr.v4.test.rt.java.BaseTest$FilteringTokenStream,216,0,0,0,0,0,0
Migration15 Rules,method,antlr4,0.9,0.5,org.antlr.v4.test.rt.java.BaseTest$FilteringTokenStream,216,0,0,0,0,0,0
Naming Rules,method,antlr4,0.9,0.5,org.antlr.v4.test.rt.java.BaseTest$FilteringTokenStream,216,0,0,0,0,0,0
Optimization Rules,method,antlr4,0.9,0.5,org.antlr.v4.test.rt.java.BaseTest$FilteringTokenStream,216,0,0,0,0,0,0
Security Code Guideline Rules,method,antlr4,0.9,0.5,org.antlr.v4.test.rt.java.BaseTest$FilteringTokenStream,216,0,0,0,0,0,0
Strict Exception Rules,method,antlr4,0.9,0.5,org.antlr.v4.test.rt.java.BaseTest$FilteringTokenStream,216,0,0,0,0,0,0
String and StringBuffer Rules,method,antlr4,0.9,0.5,org.antlr.v4.test.rt.java.BaseTest$FilteringTokenStream,216,0,0,0,0,0,0
Type Resolution Rules,method,antlr4,0.9,0.5,org.antlr.v4.test.rt.java.BaseTest$FilteringTokenStream,216,0,0,0,0,0,0
Unnecessary and Unused Code Rules,method,antlr4,0.9,0.5,org.antlr.v4.test.rt.java.BaseTest$FilteringTokenStream,216,0,0,0,0,0,0
Vulnerability Rules,method,antlr4,0.9,0.5,org.antlr.v4.test.rt.java.BaseTest$FilteringTokenStream,216,0,0,0,0,0,0
CC,method,antlr4,0.9,0.5,org.antlr.v4.test.rt.gen.CompositeParserTestMethod,216,0,0,0,1,1,1
CCL,method,antlr4,0.9,0.5,org.antlr.v4.test.rt.gen.CompositeParserTestMethod,216,0,0,0,1,1,1
CCO,method,antlr4,0.9,0.5,org.antlr.v4.test.rt.gen.CompositeParserTestMethod,216,0,0,0,1,1,1
CI,method,antlr4,0.9,0.5,org.antlr.v4.test.rt.gen.CompositeParserTestMethod,216,0,0,0,1,1,1
CLC,method,antlr4,0.9,0.5,org.antlr.v4.test.rt.gen.CompositeParserTestMethod,216,0,0,0,1,1,1
CLLC,method,antlr4,0.9,0.5,org.antlr.v4.test.rt.gen.CompositeParserTestMethod,216,0,0,0,1,1,1
LDC,method,antlr4,0.9,0.5,org.antlr.v4.test.rt.gen.CompositeParserTestMethod,216,0,0,0,1,1,1
LLDC,method,antlr4,0.9,0.5,org.antlr.v4.test.rt.gen.CompositeParserTestMethod,216,0,0,0,1,1,1
HCPL,method,antlr4,0.9,0.5,org.antlr.v4.test.rt.gen.CompositeParserTestMethod,216,1,1,1,1,1,1
HDIF,method,antlr4,0.9,0.5,org.antlr.v4.test.rt.gen.CompositeParserTestMethod,216,1,1,1,1,1,1
HEFF,method,antlr4,0.9,0.5,org.antlr.v4.test.rt.gen.CompositeParserTestMethod,216,1,1,1,1,1,1
HNDB,method,antlr4,0.9,0.5,org.antlr.v4.test.rt.gen.CompositeParserTestMethod,216,1,1,1,1,1,1
HPL,method,antlr4,0.9,0.5,org.antlr.v4.test.rt.gen.CompositeParserTestMethod,216,1,1,1,1,1,1
HPV,method,antlr4,0.9,0.5,org.antlr.v4.test.rt.gen.CompositeParserTestMethod,216,1,1,1,1,1,1
HTRP,method,antlr4,0.9,0.5,org.antlr.v4.test.rt.gen.CompositeParserTestMethod,216,1,1,1,1,1,1
HVOL,method,antlr4,0.9,0.5,org.antlr.v4.test.rt.gen.CompositeParserTestMethod,216,1,1,1,1,1,1
MI,method,antlr4,0.9,0.5,org.antlr.v4.test.rt.gen.CompositeParserTestMethod,216,1,1,1,1,1,1
MIMS,method,antlr4,0.9,0.5,org.antlr.v4.test.rt.gen.CompositeParserTestMethod,216,1,1,1,1,1,1
MISEI,method,antlr4,0.9,0.5,org.antlr.v4.test.rt.gen.CompositeParserTestMethod,216,1,1,1,1,1,1
MISM,method,antlr4,0.9,0.5,org.antlr.v4.test.rt.gen.CompositeParserTestMethod,216,1,1,1,1,1,1
McCC,method,antlr4,0.9,0.5,org.antlr.v4.test.rt.gen.CompositeParserTestMethod,216,0,0,0,1,1,1
NL,method,antlr4,0.9,0.5,org.antlr.v4.test.rt.gen.CompositeParserTestMethod,216,0,0,0,1,1,1
NLE,method,antlr4,0.9,0.5,org.antlr.v4.test.rt.gen.CompositeParserTestMethod,216,0,0,0,1,1,1
NII,method,antlr4,0.9,0.5,org.antlr.v4.test.rt.gen.CompositeParserTestMethod,216,0,0,0,1,1,1
NOI,method,antlr4,0.9,0.5,org.antlr.v4.test.rt.gen.CompositeParserTestMethod,216,0,0,0,1,1,1
CD,method,antlr4,0.9,0.5,org.antlr.v4.test.rt.gen.CompositeParserTestMethod,216,0,0,0,1,1,1
CLOC,method,antlr4,0.9,0.5,org.antlr.v4.test.rt.gen.CompositeParserTestMethod,216,0,0,0,1,1,1
DLOC,method,antlr4,0.9,0.5,org.antlr.v4.test.rt.gen.CompositeParserTestMethod,216,0,0,0,1,1,1
TCD,method,antlr4,0.9,0.5,org.antlr.v4.test.rt.gen.CompositeParserTestMethod,216,0,0,0,1,1,1
TCLOC,method,antlr4,0.9,0.5,org.antlr.v4.test.rt.gen.CompositeParserTestMethod,216,0,0,0,1,1,1
LLOC,method,antlr4,0.9,0.5,org.antlr.v4.test.rt.gen.CompositeParserTestMethod,216,1,1,1,1,1,1
LOC,method,antlr4,0.9,0.5,org.antlr.v4.test.rt.gen.CompositeParserTestMethod,216,1,1,1,1,1,1
NOS,method,antlr4,0.9,0.5,org.antlr.v4.test.rt.gen.CompositeParserTestMethod,216,1,1,1,1,1,1
NUMPAR,method,antlr4,0.9,0.5,org.antlr.v4.test.rt.gen.CompositeParserTestMethod,216,1,1,1,1,1,1
TLLOC,method,antlr4,0.9,0.5,org.antlr.v4.test.rt.gen.CompositeParserTestMethod,216,1,1,1,1,1,1
TLOC,method,antlr4,0.9,0.5,org.antlr.v4.test.rt.gen.CompositeParserTestMethod,216,1,1,1,1,1,1
TNOS,method,antlr4,0.9,0.5,org.antlr.v4.test.rt.gen.CompositeParserTestMethod,216,0,0,0,0,0,0
WarningBlocker,method,antlr4,0.9,0.5,org.antlr.v4.test.rt.gen.CompositeParserTestMethod,216,0,0,0,0,0,0
WarningCritical,method,antlr4,0.9,0.5,org.antlr.v4.test.rt.gen.CompositeParserTestMethod,216,0,0,0,0,0,0
WarningInfo,method,antlr4,0.9,0.5,org.antlr.v4.test.rt.gen.CompositeParserTestMethod,216,0,0,0,0,0,0
WarningMajor,method,antlr4,0.9,0.5,org.antlr.v4.test.rt.gen.CompositeParserTestMethod,216,0,0,0,0,0,0
WarningMinor,method,antlr4,0.9,0.5,org.antlr.v4.test.rt.gen.CompositeParserTestMethod,216,0,0,0,0,0,0
Android Rules,method,antlr4,0.9,0.5,org.antlr.v4.test.rt.gen.CompositeParserTestMethod,216,0,0,0,0,0,0
Basic Rules,method,antlr4,0.9,0.5,org.antlr.v4.test.rt.gen.CompositeParserTestMethod,216,0,0,0,0,0,0
Brace Rules,method,antlr4,0.9,0.5,org.antlr.v4.test.rt.gen.CompositeParserTestMethod,216,0,0,0,0,0,0
Clone Implementation Rules,method,antlr4,0.9,0.5,org.antlr.v4.test.rt.gen.CompositeParserTestMethod,216,0,0,0,0,0,0
Code Size Rules,method,antlr4,0.9,0.5,org.antlr.v4.test.rt.gen.CompositeParserTestMethod,216,0,0,0,0,0,0
Comment Rules,method,antlr4,0.9,0.5,org.antlr.v4.test.rt.gen.CompositeParserTestMethod,216,0,0,0,0,0,0
Controversial Rules,method,antlr4,0.9,0.5,org.antlr.v4.test.rt.gen.CompositeParserTestMethod,216,0,0,0,0,0,0
Coupling Rules,method,antlr4,0.9,0.5,org.antlr.v4.test.rt.gen.CompositeParserTestMethod,216,0,0,0,0,0,0
Design Rules,method,antlr4,0.9,0.5,org.antlr.v4.test.rt.gen.CompositeParserTestMethod,216,0,0,0,0,0,0
Empty Code Rules,method,antlr4,0.9,0.5,org.antlr.v4.test.rt.gen.CompositeParserTestMethod,216,0,0,0,0,0,0
Finalizer Rules,method,antlr4,0.9,0.5,org.antlr.v4.test.rt.gen.CompositeParserTestMethod,216,0,0,0,0,0,0
Import Statement Rules,method,antlr4,0.9,0.5,org.antlr.v4.test.rt.gen.CompositeParserTestMethod,216,0,0,0,0,0,0
J2EE Rules,method,antlr4,0.9,0.5,org.antlr.v4.test.rt.gen.CompositeParserTestMethod,216,0,0,0,0,0,0
JUnit Rules,method,antlr4,0.9,0.5,org.antlr.v4.test.rt.gen.CompositeParserTestMethod,216,0,0,0,0,0,0
Jakarta Commons Logging Rules,method,antlr4,0.9,0.5,org.antlr.v4.test.rt.gen.CompositeParserTestMethod,216,0,0,0,0,0,0
Java Logging Rules,method,antlr4,0.9,0.5,org.antlr.v4.test.rt.gen.CompositeParserTestMethod,216,0,0,0,0,0,0
JavaBean Rules,method,antlr4,0.9,0.5,org.antlr.v4.test.rt.gen.CompositeParserTestMethod,216,0,0,0,0,0,0
MigratingToJUnit4 Rules,method,antlr4,0.9,0.5,org.antlr.v4.test.rt.gen.CompositeParserTestMethod,216,0,0,0,0,0,0
Migration Rules,method,antlr4,0.9,0.5,org.antlr.v4.test.rt.gen.CompositeParserTestMethod,216,0,0,0,0,0,0
Migration13 Rules,method,antlr4,0.9,0.5,org.antlr.v4.test.rt.gen.CompositeParserTestMethod,216,0,0,0,0,0,0
Migration14 Rules,method,antlr4,0.9,0.5,org.antlr.v4.test.rt.gen.CompositeParserTestMethod,216,0,0,0,0,0,0
Migration15 Rules,method,antlr4,0.9,0.5,org.antlr.v4.test.rt.gen.CompositeParserTestMethod,216,0,0,0,0,0,0
Naming Rules,method,antlr4,0.9,0.5,org.antlr.v4.test.rt.gen.CompositeParserTestMethod,216,0,0,0,0,0,0
Optimization Rules,method,antlr4,0.9,0.5,org.antlr.v4.test.rt.gen.CompositeParserTestMethod,216,0,0,0,0,0,0
Security Code Guideline Rules,method,antlr4,0.9,0.5,org.antlr.v4.test.rt.gen.CompositeParserTestMethod,216,0,0,0,0,0,0
Strict Exception Rules,method,antlr4,0.9,0.5,org.antlr.v4.test.rt.gen.CompositeParserTestMethod,216,0,0,0,0,0,0
String and StringBuffer Rules,method,antlr4,0.9,0.5,org.antlr.v4.test.rt.gen.CompositeParserTestMethod,216,0,0,0,0,0,0
Type Resolution Rules,method,antlr4,0.9,0.5,org.antlr.v4.test.rt.gen.CompositeParserTestMethod,216,0,0,0,0,0,0
Unnecessary and Unused Code Rules,method,antlr4,0.9,0.5,org.antlr.v4.test.rt.gen.CompositeParserTestMethod,216,0,0,0,0,0,0
Vulnerability Rules,method,antlr4,0.9,0.5,org.antlr.v4.test.rt.gen.CompositeParserTestMethod,216,0,0,0,0,0,0
CC,method,antlr4,0.9,0.5,org.antlr.v4.test.rt.java.TestFullContextParsing,1296,1,1,1,1,1,1
CCL,method,antlr4,0.9,0.5,org.antlr.v4.test.rt.java.TestFullContextParsing,1296,1,1,1,1,1,1
CCO,method,antlr4,0.9,0.5,org.antlr.v4.test.rt.java.TestFullContextParsing,1296,1,1,1,1,1,1
CI,method,antlr4,0.9,0.5,org.antlr.v4.test.rt.java.TestFullContextParsing,1296,1,1,1,1,1,1
CLC,method,antlr4,0.9,0.5,org.antlr.v4.test.rt.java.TestFullContextParsing,1296,1,1,1,1,1,1
CLLC,method,antlr4,0.9,0.5,org.antlr.v4.test.rt.java.TestFullContextParsing,1296,1,1,1,1,1,1
LDC,method,antlr4,0.9,0.5,org.antlr.v4.test.rt.java.TestFullContextParsing,1296,1,1,1,1,1,1
LLDC,method,antlr4,0.9,0.5,org.antlr.v4.test.rt.java.TestFullContextParsing,1296,1,1,1,1,1,1
HCPL,method,antlr4,0.9,0.5,org.antlr.v4.test.rt.java.TestFullContextParsing,1296,1,1,1,1,1,1
HDIF,method,antlr4,0.9,0.5,org.antlr.v4.test.rt.java.TestFullContextParsing,1296,1,1,1,1,1,1
HEFF,method,antlr4,0.9,0.5,org.antlr.v4.test.rt.java.TestFullContextParsing,1296,1,1,1,1,1,1
HNDB,method,antlr4,0.9,0.5,org.antlr.v4.test.rt.java.TestFullContextParsing,1296,1,1,1,1,1,1
HPL,method,antlr4,0.9,0.5,org.antlr.v4.test.rt.java.TestFullContextParsing,1296,1,1,1,1,1,1
HPV,method,antlr4,0.9,0.5,org.antlr.v4.test.rt.java.TestFullContextParsing,1296,1,1,1,1,1,1
HTRP,method,antlr4,0.9,0.5,org.antlr.v4.test.rt.java.TestFullContextParsing,1296,1,1,1,1,1,1
HVOL,method,antlr4,0.9,0.5,org.antlr.v4.test.rt.java.TestFullContextParsing,1296,1,1,1,1,1,1
MI,method,antlr4,0.9,0.5,org.antlr.v4.test.rt.java.TestFullContextParsing,1296,1,1,1,1,1,1
MIMS,method,antlr4,0.9,0.5,org.antlr.v4.test.rt.java.TestFullContextParsing,1296,1,1,1,1,1,1
MISEI,method,antlr4,0.9,0.5,org.antlr.v4.test.rt.java.TestFullContextParsing,1296,1,1,1,1,1,1
MISM,method,antlr4,0.9,0.5,org.antlr.v4.test.rt.java.TestFullContextParsing,1296,1,1,1,1,1,1
McCC,method,antlr4,0.9,0.5,org.antlr.v4.test.rt.java.TestFullContextParsing,1296,0,0,0,1,1,1
NL,method,antlr4,0.9,0.5,org.antlr.v4.test.rt.java.TestFullContextParsing,1296,0,0,0,1,1,1
NLE,method,antlr4,0.9,0.5,org.antlr.v4.test.rt.java.TestFullContextParsing,1296,0,0,0,1,1,1
NII,method,antlr4,0.9,0.5,org.antlr.v4.test.rt.java.TestFullContextParsing,1296,0,0,0,1,1,1
NOI,method,antlr4,0.9,0.5,org.antlr.v4.test.rt.java.TestFullContextParsing,1296,0,0,0,1,1,1
CD,method,antlr4,0.9,0.5,org.antlr.v4.test.rt.java.TestFullContextParsing,1296,0,0,0,1,1,1
CLOC,method,antlr4,0.9,0.5,org.antlr.v4.test.rt.java.TestFullContextParsing,1296,0,0,0,1,1,1
DLOC,method,antlr4,0.9,0.5,org.antlr.v4.test.rt.java.TestFullContextParsing,1296,0,0,0,1,1,1
TCD,method,antlr4,0.9,0.5,org.antlr.v4.test.rt.java.TestFullContextParsing,1296,0,0,0,1,1,1
TCLOC,method,antlr4,0.9,0.5,org.antlr.v4.test.rt.java.TestFullContextParsing,1296,0,0,0,1,1,1
LLOC,method,antlr4,0.9,0.5,org.antlr.v4.test.rt.java.TestFullContextParsing,1296,1,1,1,1,1,1
LOC,method,antlr4,0.9,0.5,org.antlr.v4.test.rt.java.TestFullContextParsing,1296,1,1,1,1,1,1
NOS,method,antlr4,0.9,0.5,org.antlr.v4.test.rt.java.TestFullContextParsing,1296,0,0,0,1,1,1
NUMPAR,method,antlr4,0.9,0.5,org.antlr.v4.test.rt.java.TestFullContextParsing,1296,0,0,0,1,1,1
TLLOC,method,antlr4,0.9,0.5,org.antlr.v4.test.rt.java.TestFullContextParsing,1296,1,1,1,1,1,1
TLOC,method,antlr4,0.9,0.5,org.antlr.v4.test.rt.java.TestFullContextParsing,1296,1,1,1,1,1,1
TNOS,method,antlr4,0.9,0.5,org.antlr.v4.test.rt.java.TestFullContextParsing,1296,0,0,0,0,0,0
WarningBlocker,method,antlr4,0.9,0.5,org.antlr.v4.test.rt.java.TestFullContextParsing,1296,0,0,0,0,0,0
WarningCritical,method,antlr4,0.9,0.5,org.antlr.v4.test.rt.java.TestFullContextParsing,1296,0,0,0,0,0,0
WarningInfo,method,antlr4,0.9,0.5,org.antlr.v4.test.rt.java.TestFullContextParsing,1296,0,0,0,0,0,0
WarningMajor,method,antlr4,0.9,0.5,org.antlr.v4.test.rt.java.TestFullContextParsing,1296,0,0,0,0,0,0
WarningMinor,method,antlr4,0.9,0.5,org.antlr.v4.test.rt.java.TestFullContextParsing,1296,0,0,0,0,0,0
Android Rules,method,antlr4,0.9,0.5,org.antlr.v4.test.rt.java.TestFullContextParsing,1296,0,0,0,0,0,0
Basic Rules,method,antlr4,0.9,0.5,org.antlr.v4.test.rt.java.TestFullContextParsing,1296,0,0,0,0,0,0
Brace Rules,method,antlr4,0.9,0.5,org.antlr.v4.test.rt.java.TestFullContextParsing,1296,0,0,0,0,0,0
Clone Implementation Rules,method,antlr4,0.9,0.5,org.antlr.v4.test.rt.java.TestFullContextParsing,1296,0,0,0,0,0,0
Code Size Rules,method,antlr4,0.9,0.5,org.antlr.v4.test.rt.java.TestFullContextParsing,1296,0,0,0,0,0,0
Comment Rules,method,antlr4,0.9,0.5,org.antlr.v4.test.rt.java.TestFullContextParsing,1296,0,0,0,0,0,0
Controversial Rules,method,antlr4,0.9,0.5,org.antlr.v4.test.rt.java.TestFullContextParsing,1296,0,0,0,0,0,0
Coupling Rules,method,antlr4,0.9,0.5,org.antlr.v4.test.rt.java.TestFullContextParsing,1296,0,0,0,0,0,0
Design Rules,method,antlr4,0.9,0.5,org.antlr.v4.test.rt.java.TestFullContextParsing,1296,0,0,0,0,0,0
Empty Code Rules,method,antlr4,0.9,0.5,org.antlr.v4.test.rt.java.TestFullContextParsing,1296,0,0,0,0,0,0
Finalizer Rules,method,antlr4,0.9,0.5,org.antlr.v4.test.rt.java.TestFullContextParsing,1296,0,0,0,0,0,0
Import Statement Rules,method,antlr4,0.9,0.5,org.antlr.v4.test.rt.java.TestFullContextParsing,1296,0,0,0,0,0,0
J2EE Rules,method,antlr4,0.9,0.5,org.antlr.v4.test.rt.java.TestFullContextParsing,1296,0,0,0,0,0,0
JUnit Rules,method,antlr4,0.9,0.5,org.antlr.v4.test.rt.java.TestFullContextParsing,1296,0,0,0,0,0,0
Jakarta Commons Logging Rules,method,antlr4,0.9,0.5,org.antlr.v4.test.rt.java.TestFullContextParsing,1296,0,0,0,0,0,0
Java Logging Rules,method,antlr4,0.9,0.5,org.antlr.v4.test.rt.java.TestFullContextParsing,1296,0,0,0,0,0,0
JavaBean Rules,method,antlr4,0.9,0.5,org.antlr.v4.test.rt.java.TestFullContextParsing,1296,0,0,0,0,0,0
MigratingToJUnit4 Rules,method,antlr4,0.9,0.5,org.antlr.v4.test.rt.java.TestFullContextParsing,1296,0,0,0,0,0,0
Migration Rules,method,antlr4,0.9,0.5,org.antlr.v4.test.rt.java.TestFullContextParsing,1296,0,0,0,0,0,0
Migration13 Rules,method,antlr4,0.9,0.5,org.antlr.v4.test.rt.java.TestFullContextParsing,1296,0,0,0,0,0,0
Migration14 Rules,method,antlr4,0.9,0.5,org.antlr.v4.test.rt.java.TestFullContextParsing,1296,0,0,0,0,0,0
Migration15 Rules,method,antlr4,0.9,0.5,org.antlr.v4.test.rt.java.TestFullContextParsing,1296,0,0,0,0,0,0
Naming Rules,method,antlr4,0.9,0.5,org.antlr.v4.test.rt.java.TestFullContextParsing,1296,0,0,0,0,0,0
Optimization Rules,method,antlr4,0.9,0.5,org.antlr.v4.test.rt.java.TestFullContextParsing,1296,0,0,0,0,0,0
Security Code Guideline Rules,method,antlr4,0.9,0.5,org.antlr.v4.test.rt.java.TestFullContextParsing,1296,0,0,0,0,0,0
Strict Exception Rules,method,antlr4,0.9,0.5,org.antlr.v4.test.rt.java.TestFullContextParsing,1296,0,0,0,0,0,0
String and StringBuffer Rules,method,antlr4,0.9,0.5,org.antlr.v4.test.rt.java.TestFullContextParsing,1296,0,0,0,0,0,0
Type Resolution Rules,method,antlr4,0.9,0.5,org.antlr.v4.test.rt.java.TestFullContextParsing,1296,0,0,0,0,0,0
Unnecessary and Unused Code Rules,method,antlr4,0.9,0.5,org.antlr.v4.test.rt.java.TestFullContextParsing,1296,0,0,0,0,0,0
Vulnerability Rules,method,antlr4,0.9,0.5,org.antlr.v4.test.rt.java.TestFullContextParsing,1296,0,0,0,0,0,0
CC,method,antlr4,0.9,0.5,org.antlr.v4.test.rt.gen.ConcreteParserTestMethod,216,0,0,0,1,1,1
CCL,method,antlr4,0.9,0.5,org.antlr.v4.test.rt.gen.ConcreteParserTestMethod,216,0,0,0,1,1,1
CCO,method,antlr4,0.9,0.5,org.antlr.v4.test.rt.gen.ConcreteParserTestMethod,216,0,0,0,1,1,1
CI,method,antlr4,0.9,0.5,org.antlr.v4.test.rt.gen.ConcreteParserTestMethod,216,0,0,0,1,1,1
CLC,method,antlr4,0.9,0.5,org.antlr.v4.test.rt.gen.ConcreteParserTestMethod,216,0,0,0,1,1,1
CLLC,method,antlr4,0.9,0.5,org.antlr.v4.test.rt.gen.ConcreteParserTestMethod,216,0,0,0,1,1,1
LDC,method,antlr4,0.9,0.5,org.antlr.v4.test.rt.gen.ConcreteParserTestMethod,216,0,0,0,1,1,1
LLDC,method,antlr4,0.9,0.5,org.antlr.v4.test.rt.gen.ConcreteParserTestMethod,216,0,0,0,1,1,1
HCPL,method,antlr4,0.9,0.5,org.antlr.v4.test.rt.gen.ConcreteParserTestMethod,216,1,1,1,1,1,1
HDIF,method,antlr4,0.9,0.5,org.antlr.v4.test.rt.gen.ConcreteParserTestMethod,216,1,1,1,1,1,1
HEFF,method,antlr4,0.9,0.5,org.antlr.v4.test.rt.gen.ConcreteParserTestMethod,216,1,1,1,1,1,1
HNDB,method,antlr4,0.9,0.5,org.antlr.v4.test.rt.gen.ConcreteParserTestMethod,216,1,1,1,1,1,1
HPL,method,antlr4,0.9,0.5,org.antlr.v4.test.rt.gen.ConcreteParserTestMethod,216,1,1,1,1,1,1
HPV,method,antlr4,0.9,0.5,org.antlr.v4.test.rt.gen.ConcreteParserTestMethod,216,1,1,1,1,1,1
HTRP,method,antlr4,0.9,0.5,org.antlr.v4.test.rt.gen.ConcreteParserTestMethod,216,1,1,1,1,1,1
HVOL,method,antlr4,0.9,0.5,org.antlr.v4.test.rt.gen.ConcreteParserTestMethod,216,1,1,1,1,1,1
MI,method,antlr4,0.9,0.5,org.antlr.v4.test.rt.gen.ConcreteParserTestMethod,216,1,1,1,1,1,1
MIMS,method,antlr4,0.9,0.5,org.antlr.v4.test.rt.gen.ConcreteParserTestMethod,216,1,1,1,1,1,1
MISEI,method,antlr4,0.9,0.5,org.antlr.v4.test.rt.gen.ConcreteParserTestMethod,216,1,1,1,1,1,1
MISM,method,antlr4,0.9,0.5,org.antlr.v4.test.rt.gen.ConcreteParserTestMethod,216,1,1,1,1,1,1
McCC,method,antlr4,0.9,0.5,org.antlr.v4.test.rt.gen.ConcreteParserTestMethod,216,0,0,0,1,1,1
NL,method,antlr4,0.9,0.5,org.antlr.v4.test.rt.gen.ConcreteParserTestMethod,216,0,0,0,1,1,1
NLE,method,antlr4,0.9,0.5,org.antlr.v4.test.rt.gen.ConcreteParserTestMethod,216,0,0,0,1,1,1
NII,method,antlr4,0.9,0.5,org.antlr.v4.test.rt.gen.ConcreteParserTestMethod,216,1,1,1,1,1,1
NOI,method,antlr4,0.9,0.5,org.antlr.v4.test.rt.gen.ConcreteParserTestMethod,216,1,1,1,1,1,1
CD,method,antlr4,0.9,0.5,org.antlr.v4.test.rt.gen.ConcreteParserTestMethod,216,0,0,0,1,1,1
CLOC,method,antlr4,0.9,0.5,org.antlr.v4.test.rt.gen.ConcreteParserTestMethod,216,0,0,0,1,1,1
DLOC,method,antlr4,0.9,0.5,org.antlr.v4.test.rt.gen.ConcreteParserTestMethod,216,0,0,0,1,1,1
TCD,method,antlr4,0.9,0.5,org.antlr.v4.test.rt.gen.ConcreteParserTestMethod,216,0,0,0,1,1,1
TCLOC,method,antlr4,0.9,0.5,org.antlr.v4.test.rt.gen.ConcreteParserTestMethod,216,0,0,0,1,1,1
LLOC,method,antlr4,0.9,0.5,org.antlr.v4.test.rt.gen.ConcreteParserTestMethod,216,1,1,1,1,1,1
LOC,method,antlr4,0.9,0.5,org.antlr.v4.test.rt.gen.ConcreteParserTestMethod,216,1,1,1,1,1,1
NOS,method,antlr4,0.9,0.5,org.antlr.v4.test.rt.gen.ConcreteParserTestMethod,216,1,1,1,1,1,1
NUMPAR,method,antlr4,0.9,0.5,org.antlr.v4.test.rt.gen.ConcreteParserTestMethod,216,1,1,1,1,1,1
TLLOC,method,antlr4,0.9,0.5,org.antlr.v4.test.rt.gen.ConcreteParserTestMethod,216,1,1,1,1,1,1
TLOC,method,antlr4,0.9,0.5,org.antlr.v4.test.rt.gen.ConcreteParserTestMethod,216,1,1,1,1,1,1
TNOS,method,antlr4,0.9,0.5,org.antlr.v4.test.rt.gen.ConcreteParserTestMethod,216,0,0,0,0,0,0
WarningBlocker,method,antlr4,0.9,0.5,org.antlr.v4.test.rt.gen.ConcreteParserTestMethod,216,0,0,0,0,0,0
WarningCritical,method,antlr4,0.9,0.5,org.antlr.v4.test.rt.gen.ConcreteParserTestMethod,216,0,0,0,0,0,0
WarningInfo,method,antlr4,0.9,0.5,org.antlr.v4.test.rt.gen.ConcreteParserTestMethod,216,0,0,0,0,0,0
WarningMajor,method,antlr4,0.9,0.5,org.antlr.v4.test.rt.gen.ConcreteParserTestMethod,216,0,0,0,0,0,0
WarningMinor,method,antlr4,0.9,0.5,org.antlr.v4.test.rt.gen.ConcreteParserTestMethod,216,0,0,0,0,0,0
Android Rules,method,antlr4,0.9,0.5,org.antlr.v4.test.rt.gen.ConcreteParserTestMethod,216,0,0,0,0,0,0
Basic Rules,method,antlr4,0.9,0.5,org.antlr.v4.test.rt.gen.ConcreteParserTestMethod,216,0,0,0,0,0,0
Brace Rules,method,antlr4,0.9,0.5,org.antlr.v4.test.rt.gen.ConcreteParserTestMethod,216,0,0,0,0,0,0
Clone Implementation Rules,method,antlr4,0.9,0.5,org.antlr.v4.test.rt.gen.ConcreteParserTestMethod,216,0,0,0,0,0,0
Code Size Rules,method,antlr4,0.9,0.5,org.antlr.v4.test.rt.gen.ConcreteParserTestMethod,216,0,0,0,0,0,0
Comment Rules,method,antlr4,0.9,0.5,org.antlr.v4.test.rt.gen.ConcreteParserTestMethod,216,0,0,0,0,0,0
Controversial Rules,method,antlr4,0.9,0.5,org.antlr.v4.test.rt.gen.ConcreteParserTestMethod,216,0,0,0,0,0,0
Coupling Rules,method,antlr4,0.9,0.5,org.antlr.v4.test.rt.gen.ConcreteParserTestMethod,216,0,0,0,0,0,0
Design Rules,method,antlr4,0.9,0.5,org.antlr.v4.test.rt.gen.ConcreteParserTestMethod,216,0,0,0,0,0,0
Empty Code Rules,method,antlr4,0.9,0.5,org.antlr.v4.test.rt.gen.ConcreteParserTestMethod,216,0,0,0,0,0,0
Finalizer Rules,method,antlr4,0.9,0.5,org.antlr.v4.test.rt.gen.ConcreteParserTestMethod,216,0,0,0,0,0,0
Import Statement Rules,method,antlr4,0.9,0.5,org.antlr.v4.test.rt.gen.ConcreteParserTestMethod,216,0,0,0,0,0,0
J2EE Rules,method,antlr4,0.9,0.5,org.antlr.v4.test.rt.gen.ConcreteParserTestMethod,216,0,0,0,0,0,0
JUnit Rules,method,antlr4,0.9,0.5,org.antlr.v4.test.rt.gen.ConcreteParserTestMethod,216,0,0,0,0,0,0
Jakarta Commons Logging Rules,method,antlr4,0.9,0.5,org.antlr.v4.test.rt.gen.ConcreteParserTestMethod,216,0,0,0,0,0,0
Java Logging Rules,method,antlr4,0.9,0.5,org.antlr.v4.test.rt.gen.ConcreteParserTestMethod,216,0,0,0,0,0,0
JavaBean Rules,method,antlr4,0.9,0.5,org.antlr.v4.test.rt.gen.ConcreteParserTestMethod,216,0,0,0,0,0,0
MigratingToJUnit4 Rules,method,antlr4,0.9,0.5,org.antlr.v4.test.rt.gen.ConcreteParserTestMethod,216,0,0,0,0,0,0
Migration Rules,method,antlr4,0.9,0.5,org.antlr.v4.test.rt.gen.ConcreteParserTestMethod,216,0,0,0,0,0,0
Migration13 Rules,method,antlr4,0.9,0.5,org.antlr.v4.test.rt.gen.ConcreteParserTestMethod,216,0,0,0,0,0,0
Migration14 Rules,method,antlr4,0.9,0.5,org.antlr.v4.test.rt.gen.ConcreteParserTestMethod,216,0,0,0,0,0,0
Migration15 Rules,method,antlr4,0.9,0.5,org.antlr.v4.test.rt.gen.ConcreteParserTestMethod,216,0,0,0,0,0,0
Naming Rules,method,antlr4,0.9,0.5,org.antlr.v4.test.rt.gen.ConcreteParserTestMethod,216,0,0,0,0,0,0
Optimization Rules,method,antlr4,0.9,0.5,org.antlr.v4.test.rt.gen.ConcreteParserTestMethod,216,0,0,0,0,0,0
Security Code Guideline Rules,method,antlr4,0.9,0.5,org.antlr.v4.test.rt.gen.ConcreteParserTestMethod,216,0,0,0,0,0,0
Strict Exception Rules,method,antlr4,0.9,0.5,org.antlr.v4.test.rt.gen.ConcreteParserTestMethod,216,0,0,0,0,0,0
String and StringBuffer Rules,method,antlr4,0.9,0.5,org.antlr.v4.test.rt.gen.ConcreteParserTestMethod,216,0,0,0,0,0,0
Type Resolution Rules,method,antlr4,0.9,0.5,org.antlr.v4.test.rt.gen.ConcreteParserTestMethod,216,0,0,0,0,0,0
Unnecessary and Unused Code Rules,method,antlr4,0.9,0.5,org.antlr.v4.test.rt.gen.ConcreteParserTestMethod,216,0,0,0,0,0,0
Vulnerability Rules,method,antlr4,0.9,0.5,org.antlr.v4.test.rt.gen.ConcreteParserTestMethod,216,0,0,0,0,0,0
CC,method,antlr4,0.9,0.5,org.antlr.v4.test.runtime.descriptors.ParseTreesDescriptors$ExtraTokensAndAltLabels,72,0,0,0,1,1,1
CCL,method,antlr4,0.9,0.5,org.antlr.v4.test.runtime.descriptors.ParseTreesDescriptors$ExtraTokensAndAltLabels,72,0,0,0,1,1,1
CCO,method,antlr4,0.9,0.5,org.antlr.v4.test.runtime.descriptors.ParseTreesDescriptors$ExtraTokensAndAltLabels,72,0,0,0,1,1,1
CI,method,antlr4,0.9,0.5,org.antlr.v4.test.runtime.descriptors.ParseTreesDescriptors$ExtraTokensAndAltLabels,72,0,0,0,1,1,1
CLC,method,antlr4,0.9,0.5,org.antlr.v4.test.runtime.descriptors.ParseTreesDescriptors$ExtraTokensAndAltLabels,72,0,0,0,1,1,1
CLLC,method,antlr4,0.9,0.5,org.antlr.v4.test.runtime.descriptors.ParseTreesDescriptors$ExtraTokensAndAltLabels,72,0,0,0,1,1,1
LDC,method,antlr4,0.9,0.5,org.antlr.v4.test.runtime.descriptors.ParseTreesDescriptors$ExtraTokensAndAltLabels,72,0,0,0,1,1,1
LLDC,method,antlr4,0.9,0.5,org.antlr.v4.test.runtime.descriptors.ParseTreesDescriptors$ExtraTokensAndAltLabels,72,0,0,0,1,1,1
HCPL,method,antlr4,0.9,0.5,org.antlr.v4.test.runtime.descriptors.ParseTreesDescriptors$ExtraTokensAndAltLabels,72,0,0,0,1,1,1
HDIF,method,antlr4,0.9,0.5,org.antlr.v4.test.runtime.descriptors.ParseTreesDescriptors$ExtraTokensAndAltLabels,72,0,0,0,1,1,1
HEFF,method,antlr4,0.9,0.5,org.antlr.v4.test.runtime.descriptors.ParseTreesDescriptors$ExtraTokensAndAltLabels,72,0,0,0,1,1,1
HNDB,method,antlr4,0.9,0.5,org.antlr.v4.test.runtime.descriptors.ParseTreesDescriptors$ExtraTokensAndAltLabels,72,0,0,0,1,1,1
HPL,method,antlr4,0.9,0.5,org.antlr.v4.test.runtime.descriptors.ParseTreesDescriptors$ExtraTokensAndAltLabels,72,0,0,0,1,1,1
HPV,method,antlr4,0.9,0.5,org.antlr.v4.test.runtime.descriptors.ParseTreesDescriptors$ExtraTokensAndAltLabels,72,0,0,0,1,1,1
HTRP,method,antlr4,0.9,0.5,org.antlr.v4.test.runtime.descriptors.ParseTreesDescriptors$ExtraTokensAndAltLabels,72,0,0,0,1,1,1
HVOL,method,antlr4,0.9,0.5,org.antlr.v4.test.runtime.descriptors.ParseTreesDescriptors$ExtraTokensAndAltLabels,72,0,0,0,1,1,1
MI,method,antlr4,0.9,0.5,org.antlr.v4.test.runtime.descriptors.ParseTreesDescriptors$ExtraTokensAndAltLabels,72,0,0,0,1,1,1
MIMS,method,antlr4,0.9,0.5,org.antlr.v4.test.runtime.descriptors.ParseTreesDescriptors$ExtraTokensAndAltLabels,72,0,0,0,1,1,1
MISEI,method,antlr4,0.9,0.5,org.antlr.v4.test.runtime.descriptors.ParseTreesDescriptors$ExtraTokensAndAltLabels,72,0,0,0,1,1,1
MISM,method,antlr4,0.9,0.5,org.antlr.v4.test.runtime.descriptors.ParseTreesDescriptors$ExtraTokensAndAltLabels,72,0,0,0,1,1,1
McCC,method,antlr4,0.9,0.5,org.antlr.v4.test.runtime.descriptors.ParseTreesDescriptors$ExtraTokensAndAltLabels,72,0,0,0,1,1,1
NL,method,antlr4,0.9,0.5,org.antlr.v4.test.runtime.descriptors.ParseTreesDescriptors$ExtraTokensAndAltLabels,72,0,0,0,1,1,1
NLE,method,antlr4,0.9,0.5,org.antlr.v4.test.runtime.descriptors.ParseTreesDescriptors$ExtraTokensAndAltLabels,72,0,0,0,1,1,1
NII,method,antlr4,0.9,0.5,org.antlr.v4.test.runtime.descriptors.ParseTreesDescriptors$ExtraTokensAndAltLabels,72,0,0,0,1,1,1
NOI,method,antlr4,0.9,0.5,org.antlr.v4.test.runtime.descriptors.ParseTreesDescriptors$ExtraTokensAndAltLabels,72,0,0,0,1,1,1
CD,method,antlr4,0.9,0.5,org.antlr.v4.test.runtime.descriptors.ParseTreesDescriptors$ExtraTokensAndAltLabels,72,0,0,0,1,1,1
CLOC,method,antlr4,0.9,0.5,org.antlr.v4.test.runtime.descriptors.ParseTreesDescriptors$ExtraTokensAndAltLabels,72,0,0,0,1,1,1
DLOC,method,antlr4,0.9,0.5,org.antlr.v4.test.runtime.descriptors.ParseTreesDescriptors$ExtraTokensAndAltLabels,72,0,0,0,1,1,1
TCD,method,antlr4,0.9,0.5,org.antlr.v4.test.runtime.descriptors.ParseTreesDescriptors$ExtraTokensAndAltLabels,72,0,0,0,1,1,1
TCLOC,method,antlr4,0.9,0.5,org.antlr.v4.test.runtime.descriptors.ParseTreesDescriptors$ExtraTokensAndAltLabels,72,0,0,0,1,1,1
LLOC,method,antlr4,0.9,0.5,org.antlr.v4.test.runtime.descriptors.ParseTreesDescriptors$ExtraTokensAndAltLabels,72,0,0,0,1,1,1
LOC,method,antlr4,0.9,0.5,org.antlr.v4.test.runtime.descriptors.ParseTreesDescriptors$ExtraTokensAndAltLabels,72,0,0,0,1,1,1
NOS,method,antlr4,0.9,0.5,org.antlr.v4.test.runtime.descriptors.ParseTreesDescriptors$ExtraTokensAndAltLabels,72,0,0,0,1,1,1
NUMPAR,method,antlr4,0.9,0.5,org.antlr.v4.test.runtime.descriptors.ParseTreesDescriptors$ExtraTokensAndAltLabels,72,0,0,0,1,1,1
TLLOC,method,antlr4,0.9,0.5,org.antlr.v4.test.runtime.descriptors.ParseTreesDescriptors$ExtraTokensAndAltLabels,72,0,0,0,1,1,1
TLOC,method,antlr4,0.9,0.5,org.antlr.v4.test.runtime.descriptors.ParseTreesDescriptors$ExtraTokensAndAltLabels,72,0,0,0,1,1,1
TNOS,method,antlr4,0.9,0.5,org.antlr.v4.test.runtime.descriptors.ParseTreesDescriptors$ExtraTokensAndAltLabels,72,0,0,0,0,0,0
WarningBlocker,method,antlr4,0.9,0.5,org.antlr.v4.test.runtime.descriptors.ParseTreesDescriptors$ExtraTokensAndAltLabels,72,0,0,0,0,0,0
WarningCritical,method,antlr4,0.9,0.5,org.antlr.v4.test.runtime.descriptors.ParseTreesDescriptors$ExtraTokensAndAltLabels,72,0,0,0,0,0,0
WarningInfo,method,antlr4,0.9,0.5,org.antlr.v4.test.runtime.descriptors.ParseTreesDescriptors$ExtraTokensAndAltLabels,72,0,0,0,0,0,0
WarningMajor,method,antlr4,0.9,0.5,org.antlr.v4.test.runtime.descriptors.ParseTreesDescriptors$ExtraTokensAndAltLabels,72,0,0,0,0,0,0
WarningMinor,method,antlr4,0.9,0.5,org.antlr.v4.test.runtime.descriptors.ParseTreesDescriptors$ExtraTokensAndAltLabels,72,0,0,0,0,0,0
Android Rules,method,antlr4,0.9,0.5,org.antlr.v4.test.runtime.descriptors.ParseTreesDescriptors$ExtraTokensAndAltLabels,72,0,0,0,0,0,0
Basic Rules,method,antlr4,0.9,0.5,org.antlr.v4.test.runtime.descriptors.ParseTreesDescriptors$ExtraTokensAndAltLabels,72,0,0,0,0,0,0
Brace Rules,method,antlr4,0.9,0.5,org.antlr.v4.test.runtime.descriptors.ParseTreesDescriptors$ExtraTokensAndAltLabels,72,0,0,0,0,0,0
Clone Implementation Rules,method,antlr4,0.9,0.5,org.antlr.v4.test.runtime.descriptors.ParseTreesDescriptors$ExtraTokensAndAltLabels,72,0,0,0,0,0,0
Code Size Rules,method,antlr4,0.9,0.5,org.antlr.v4.test.runtime.descriptors.ParseTreesDescriptors$ExtraTokensAndAltLabels,72,0,0,0,0,0,0
Comment Rules,method,antlr4,0.9,0.5,org.antlr.v4.test.runtime.descriptors.ParseTreesDescriptors$ExtraTokensAndAltLabels,72,0,0,0,0,0,0
Controversial Rules,method,antlr4,0.9,0.5,org.antlr.v4.test.runtime.descriptors.ParseTreesDescriptors$ExtraTokensAndAltLabels,72,0,0,0,0,0,0
Coupling Rules,method,antlr4,0.9,0.5,org.antlr.v4.test.runtime.descriptors.ParseTreesDescriptors$ExtraTokensAndAltLabels,72,0,0,0,0,0,0
Design Rules,method,antlr4,0.9,0.5,org.antlr.v4.test.runtime.descriptors.ParseTreesDescriptors$ExtraTokensAndAltLabels,72,0,0,0,0,0,0
Empty Code Rules,method,antlr4,0.9,0.5,org.antlr.v4.test.runtime.descriptors.ParseTreesDescriptors$ExtraTokensAndAltLabels,72,0,0,0,0,0,0
Finalizer Rules,method,antlr4,0.9,0.5,org.antlr.v4.test.runtime.descriptors.ParseTreesDescriptors$ExtraTokensAndAltLabels,72,0,0,0,0,0,0
Import Statement Rules,method,antlr4,0.9,0.5,org.antlr.v4.test.runtime.descriptors.ParseTreesDescriptors$ExtraTokensAndAltLabels,72,0,0,0,0,0,0
J2EE Rules,method,antlr4,0.9,0.5,org.antlr.v4.test.runtime.descriptors.ParseTreesDescriptors$ExtraTokensAndAltLabels,72,0,0,0,0,0,0
JUnit Rules,method,antlr4,0.9,0.5,org.antlr.v4.test.runtime.descriptors.ParseTreesDescriptors$ExtraTokensAndAltLabels,72,0,0,0,0,0,0
Jakarta Commons Logging Rules,method,antlr4,0.9,0.5,org.antlr.v4.test.runtime.descriptors.ParseTreesDescriptors$ExtraTokensAndAltLabels,72,0,0,0,0,0,0
Java Logging Rules,method,antlr4,0.9,0.5,org.antlr.v4.test.runtime.descriptors.ParseTreesDescriptors$ExtraTokensAndAltLabels,72,0,0,0,0,0,0
JavaBean Rules,method,antlr4,0.9,0.5,org.antlr.v4.test.runtime.descriptors.ParseTreesDescriptors$ExtraTokensAndAltLabels,72,0,0,0,0,0,0
MigratingToJUnit4 Rules,method,antlr4,0.9,0.5,org.antlr.v4.test.runtime.descriptors.ParseTreesDescriptors$ExtraTokensAndAltLabels,72,0,0,0,0,0,0
Migration Rules,method,antlr4,0.9,0.5,org.antlr.v4.test.runtime.descriptors.ParseTreesDescriptors$ExtraTokensAndAltLabels,72,0,0,0,0,0,0
Migration13 Rules,method,antlr4,0.9,0.5,org.antlr.v4.test.runtime.descriptors.ParseTreesDescriptors$ExtraTokensAndAltLabels,72,0,0,0,0,0,0
Migration14 Rules,method,antlr4,0.9,0.5,org.antlr.v4.test.runtime.descriptors.ParseTreesDescriptors$ExtraTokensAndAltLabels,72,0,0,0,0,0,0
Migration15 Rules,method,antlr4,0.9,0.5,org.antlr.v4.test.runtime.descriptors.ParseTreesDescriptors$ExtraTokensAndAltLabels,72,0,0,0,0,0,0
Naming Rules,method,antlr4,0.9,0.5,org.antlr.v4.test.runtime.descriptors.ParseTreesDescriptors$ExtraTokensAndAltLabels,72,0,0,0,0,0,0
Optimization Rules,method,antlr4,0.9,0.5,org.antlr.v4.test.runtime.descriptors.ParseTreesDescriptors$ExtraTokensAndAltLabels,72,0,0,0,0,0,0
Security Code Guideline Rules,method,antlr4,0.9,0.5,org.antlr.v4.test.runtime.descriptors.ParseTreesDescriptors$ExtraTokensAndAltLabels,72,0,0,0,0,0,0
Strict Exception Rules,method,antlr4,0.9,0.5,org.antlr.v4.test.runtime.descriptors.ParseTreesDescriptors$ExtraTokensAndAltLabels,72,0,0,0,0,0,0
String and StringBuffer Rules,method,antlr4,0.9,0.5,org.antlr.v4.test.runtime.descriptors.ParseTreesDescriptors$ExtraTokensAndAltLabels,72,0,0,0,0,0,0
Type Resolution Rules,method,antlr4,0.9,0.5,org.antlr.v4.test.runtime.descriptors.ParseTreesDescriptors$ExtraTokensAndAltLabels,72,0,0,0,0,0,0
Unnecessary and Unused Code Rules,method,antlr4,0.9,0.5,org.antlr.v4.test.runtime.descriptors.ParseTreesDescriptors$ExtraTokensAndAltLabels,72,0,0,0,0,0,0
Vulnerability Rules,method,antlr4,0.9,0.5,org.antlr.v4.test.runtime.descriptors.ParseTreesDescriptors$ExtraTokensAndAltLabels,72,0,0,0,0,0,0
CC,method,antlr4,0.9,0.5,org.antlr.v4.test.tool.TestParserExec,216,1,1,1,1,1,1
CCL,method,antlr4,0.9,0.5,org.antlr.v4.test.tool.TestParserExec,216,1,1,1,1,1,1
CCO,method,antlr4,0.9,0.5,org.antlr.v4.test.tool.TestParserExec,216,1,1,1,1,1,1
CI,method,antlr4,0.9,0.5,org.antlr.v4.test.tool.TestParserExec,216,1,1,1,1,1,1
CLC,method,antlr4,0.9,0.5,org.antlr.v4.test.tool.TestParserExec,216,1,1,1,1,1,1
CLLC,method,antlr4,0.9,0.5,org.antlr.v4.test.tool.TestParserExec,216,1,1,1,1,1,1
LDC,method,antlr4,0.9,0.5,org.antlr.v4.test.tool.TestParserExec,216,1,1,1,1,1,1
LLDC,method,antlr4,0.9,0.5,org.antlr.v4.test.tool.TestParserExec,216,1,1,1,1,1,1
HCPL,method,antlr4,0.9,0.5,org.antlr.v4.test.tool.TestParserExec,216,1,1,1,1,1,1
HDIF,method,antlr4,0.9,0.5,org.antlr.v4.test.tool.TestParserExec,216,1,1,1,1,1,1
HEFF,method,antlr4,0.9,0.5,org.antlr.v4.test.tool.TestParserExec,216,1,1,1,1,1,1
HNDB,method,antlr4,0.9,0.5,org.antlr.v4.test.tool.TestParserExec,216,1,1,1,1,1,1
HPL,method,antlr4,0.9,0.5,org.antlr.v4.test.tool.TestParserExec,216,1,1,1,1,1,1
HPV,method,antlr4,0.9,0.5,org.antlr.v4.test.tool.TestParserExec,216,1,1,1,1,1,1
HTRP,method,antlr4,0.9,0.5,org.antlr.v4.test.tool.TestParserExec,216,1,1,1,1,1,1
HVOL,method,antlr4,0.9,0.5,org.antlr.v4.test.tool.TestParserExec,216,1,1,1,1,1,1
MI,method,antlr4,0.9,0.5,org.antlr.v4.test.tool.TestParserExec,216,1,1,1,1,1,1
MIMS,method,antlr4,0.9,0.5,org.antlr.v4.test.tool.TestParserExec,216,1,1,1,1,1,1
MISEI,method,antlr4,0.9,0.5,org.antlr.v4.test.tool.TestParserExec,216,1,1,1,1,1,1
MISM,method,antlr4,0.9,0.5,org.antlr.v4.test.tool.TestParserExec,216,1,1,1,1,1,1
McCC,method,antlr4,0.9,0.5,org.antlr.v4.test.tool.TestParserExec,216,0,0,0,1,1,1
NL,method,antlr4,0.9,0.5,org.antlr.v4.test.tool.TestParserExec,216,0,0,0,1,1,1
NLE,method,antlr4,0.9,0.5,org.antlr.v4.test.tool.TestParserExec,216,0,0,0,1,1,1
NII,method,antlr4,0.9,0.5,org.antlr.v4.test.tool.TestParserExec,216,0,0,0,1,1,1
NOI,method,antlr4,0.9,0.5,org.antlr.v4.test.tool.TestParserExec,216,1,1,1,1,1,1
CD,method,antlr4,0.9,0.5,org.antlr.v4.test.tool.TestParserExec,216,1,1,1,1,1,1
CLOC,method,antlr4,0.9,0.5,org.antlr.v4.test.tool.TestParserExec,216,0,0,0,1,1,1
DLOC,method,antlr4,0.9,0.5,org.antlr.v4.test.tool.TestParserExec,216,0,0,0,1,1,1
TCD,method,antlr4,0.9,0.5,org.antlr.v4.test.tool.TestParserExec,216,1,1,1,1,1,1
TCLOC,method,antlr4,0.9,0.5,org.antlr.v4.test.tool.TestParserExec,216,0,0,0,1,1,1
LLOC,method,antlr4,0.9,0.5,org.antlr.v4.test.tool.TestParserExec,216,1,1,1,1,1,1
LOC,method,antlr4,0.9,0.5,org.antlr.v4.test.tool.TestParserExec,216,1,1,1,1,1,1
NOS,method,antlr4,0.9,0.5,org.antlr.v4.test.tool.TestParserExec,216,1,1,1,1,1,1
NUMPAR,method,antlr4,0.9,0.5,org.antlr.v4.test.tool.TestParserExec,216,0,0,0,1,1,1
TLLOC,method,antlr4,0.9,0.5,org.antlr.v4.test.tool.TestParserExec,216,1,1,1,1,1,1
TLOC,method,antlr4,0.9,0.5,org.antlr.v4.test.tool.TestParserExec,216,1,1,1,1,1,1
TNOS,method,antlr4,0.9,0.5,org.antlr.v4.test.tool.TestParserExec,216,0,0,0,0,0,0
WarningBlocker,method,antlr4,0.9,0.5,org.antlr.v4.test.tool.TestParserExec,216,0,0,0,0,0,0
WarningCritical,method,antlr4,0.9,0.5,org.antlr.v4.test.tool.TestParserExec,216,0,0,0,0,0,0
WarningInfo,method,antlr4,0.9,0.5,org.antlr.v4.test.tool.TestParserExec,216,0,0,0,0,0,0
WarningMajor,method,antlr4,0.9,0.5,org.antlr.v4.test.tool.TestParserExec,216,0,0,0,0,0,0
WarningMinor,method,antlr4,0.9,0.5,org.antlr.v4.test.tool.TestParserExec,216,0,0,0,0,0,0
Android Rules,method,antlr4,0.9,0.5,org.antlr.v4.test.tool.TestParserExec,216,0,0,0,0,0,0
Basic Rules,method,antlr4,0.9,0.5,org.antlr.v4.test.tool.TestParserExec,216,0,0,0,0,0,0
Brace Rules,method,antlr4,0.9,0.5,org.antlr.v4.test.tool.TestParserExec,216,0,0,0,0,0,0
Clone Implementation Rules,method,antlr4,0.9,0.5,org.antlr.v4.test.tool.TestParserExec,216,0,0,0,0,0,0
Code Size Rules,method,antlr4,0.9,0.5,org.antlr.v4.test.tool.TestParserExec,216,0,0,0,0,0,0
Comment Rules,method,antlr4,0.9,0.5,org.antlr.v4.test.tool.TestParserExec,216,0,0,0,0,0,0
Controversial Rules,method,antlr4,0.9,0.5,org.antlr.v4.test.tool.TestParserExec,216,0,0,0,0,0,0
Coupling Rules,method,antlr4,0.9,0.5,org.antlr.v4.test.tool.TestParserExec,216,0,0,0,0,0,0
Design Rules,method,antlr4,0.9,0.5,org.antlr.v4.test.tool.TestParserExec,216,0,0,0,0,0,0
Empty Code Rules,method,antlr4,0.9,0.5,org.antlr.v4.test.tool.TestParserExec,216,0,0,0,0,0,0
Finalizer Rules,method,antlr4,0.9,0.5,org.antlr.v4.test.tool.TestParserExec,216,0,0,0,0,0,0
Import Statement Rules,method,antlr4,0.9,0.5,org.antlr.v4.test.tool.TestParserExec,216,0,0,0,0,0,0
J2EE Rules,method,antlr4,0.9,0.5,org.antlr.v4.test.tool.TestParserExec,216,0,0,0,0,0,0
JUnit Rules,method,antlr4,0.9,0.5,org.antlr.v4.test.tool.TestParserExec,216,0,0,0,0,0,0
Jakarta Commons Logging Rules,method,antlr4,0.9,0.5,org.antlr.v4.test.tool.TestParserExec,216,0,0,0,0,0,0
Java Logging Rules,method,antlr4,0.9,0.5,org.antlr.v4.test.tool.TestParserExec,216,0,0,0,0,0,0
JavaBean Rules,method,antlr4,0.9,0.5,org.antlr.v4.test.tool.TestParserExec,216,0,0,0,0,0,0
MigratingToJUnit4 Rules,method,antlr4,0.9,0.5,org.antlr.v4.test.tool.TestParserExec,216,0,0,0,0,0,0
Migration Rules,method,antlr4,0.9,0.5,org.antlr.v4.test.tool.TestParserExec,216,0,0,0,0,0,0
Migration13 Rules,method,antlr4,0.9,0.5,org.antlr.v4.test.tool.TestParserExec,216,0,0,0,0,0,0
Migration14 Rules,method,antlr4,0.9,0.5,org.antlr.v4.test.tool.TestParserExec,216,0,0,0,0,0,0
Migration15 Rules,method,antlr4,0.9,0.5,org.antlr.v4.test.tool.TestParserExec,216,0,0,0,0,0,0
Naming Rules,method,antlr4,0.9,0.5,org.antlr.v4.test.tool.TestParserExec,216,0,0,0,0,0,0
Optimization Rules,method,antlr4,0.9,0.5,org.antlr.v4.test.tool.TestParserExec,216,0,0,0,0,0,0
Security Code Guideline Rules,method,antlr4,0.9,0.5,org.antlr.v4.test.tool.TestParserExec,216,0,0,0,0,0,0
Strict Exception Rules,method,antlr4,0.9,0.5,org.antlr.v4.test.tool.TestParserExec,216,0,0,0,0,0,0
String and StringBuffer Rules,method,antlr4,0.9,0.5,org.antlr.v4.test.tool.TestParserExec,216,0,0,0,0,0,0
Type Resolution Rules,method,antlr4,0.9,0.5,org.antlr.v4.test.tool.TestParserExec,216,0,0,0,0,0,0
Unnecessary and Unused Code Rules,method,antlr4,0.9,0.5,org.antlr.v4.test.tool.TestParserExec,216,0,0,0,0,0,0
Vulnerability Rules,method,antlr4,0.9,0.5,org.antlr.v4.test.tool.TestParserExec,216,0,0,0,0,0,0
CC,method,antlr4,0.9,0.5,org.antlr.v4.test.tool.TestCommonTokenStream,144,1,1,1,1,1,1
CCL,method,antlr4,0.9,0.5,org.antlr.v4.test.tool.TestCommonTokenStream,144,1,1,1,1,1,1
CCO,method,antlr4,0.9,0.5,org.antlr.v4.test.tool.TestCommonTokenStream,144,1,1,1,1,1,1
CI,method,antlr4,0.9,0.5,org.antlr.v4.test.tool.TestCommonTokenStream,144,1,1,1,1,1,1
CLC,method,antlr4,0.9,0.5,org.antlr.v4.test.tool.TestCommonTokenStream,144,1,1,1,1,1,1
CLLC,method,antlr4,0.9,0.5,org.antlr.v4.test.tool.TestCommonTokenStream,144,1,1,1,1,1,1
LDC,method,antlr4,0.9,0.5,org.antlr.v4.test.tool.TestCommonTokenStream,144,1,1,1,1,1,1
LLDC,method,antlr4,0.9,0.5,org.antlr.v4.test.tool.TestCommonTokenStream,144,1,1,1,1,1,1
HCPL,method,antlr4,0.9,0.5,org.antlr.v4.test.tool.TestCommonTokenStream,144,1,1,1,1,1,1
HDIF,method,antlr4,0.9,0.5,org.antlr.v4.test.tool.TestCommonTokenStream,144,1,1,1,1,1,1
HEFF,method,antlr4,0.9,0.5,org.antlr.v4.test.tool.TestCommonTokenStream,144,1,1,1,1,1,1
HNDB,method,antlr4,0.9,0.5,org.antlr.v4.test.tool.TestCommonTokenStream,144,1,1,1,1,1,1
HPL,method,antlr4,0.9,0.5,org.antlr.v4.test.tool.TestCommonTokenStream,144,1,1,1,1,1,1
HPV,method,antlr4,0.9,0.5,org.antlr.v4.test.tool.TestCommonTokenStream,144,1,1,1,1,1,1
HTRP,method,antlr4,0.9,0.5,org.antlr.v4.test.tool.TestCommonTokenStream,144,1,1,1,1,1,1
HVOL,method,antlr4,0.9,0.5,org.antlr.v4.test.tool.TestCommonTokenStream,144,1,1,1,1,1,1
MI,method,antlr4,0.9,0.5,org.antlr.v4.test.tool.TestCommonTokenStream,144,1,1,1,1,1,1
MIMS,method,antlr4,0.9,0.5,org.antlr.v4.test.tool.TestCommonTokenStream,144,1,1,1,1,1,1
MISEI,method,antlr4,0.9,0.5,org.antlr.v4.test.tool.TestCommonTokenStream,144,1,1,1,1,1,1
MISM,method,antlr4,0.9,0.5,org.antlr.v4.test.tool.TestCommonTokenStream,144,1,1,1,1,1,1
McCC,method,antlr4,0.9,0.5,org.antlr.v4.test.tool.TestCommonTokenStream,144,0,0,0,1,1,1
NL,method,antlr4,0.9,0.5,org.antlr.v4.test.tool.TestCommonTokenStream,144,0,0,0,1,1,1
NLE,method,antlr4,0.9,0.5,org.antlr.v4.test.tool.TestCommonTokenStream,144,0,0,0,1,1,1
NII,method,antlr4,0.9,0.5,org.antlr.v4.test.tool.TestCommonTokenStream,144,0,0,0,1,1,1
NOI,method,antlr4,0.9,0.5,org.antlr.v4.test.tool.TestCommonTokenStream,144,1,1,1,1,1,1
CD,method,antlr4,0.9,0.5,org.antlr.v4.test.tool.TestCommonTokenStream,144,1,1,1,1,1,1
CLOC,method,antlr4,0.9,0.5,org.antlr.v4.test.tool.TestCommonTokenStream,144,0,0,0,1,1,1
DLOC,method,antlr4,0.9,0.5,org.antlr.v4.test.tool.TestCommonTokenStream,144,0,0,0,1,1,1
TCD,method,antlr4,0.9,0.5,org.antlr.v4.test.tool.TestCommonTokenStream,144,1,1,1,1,1,1
TCLOC,method,antlr4,0.9,0.5,org.antlr.v4.test.tool.TestCommonTokenStream,144,1,1,1,1,1,1
LLOC,method,antlr4,0.9,0.5,org.antlr.v4.test.tool.TestCommonTokenStream,144,1,1,1,1,1,1
LOC,method,antlr4,0.9,0.5,org.antlr.v4.test.tool.TestCommonTokenStream,144,1,1,1,1,1,1
NOS,method,antlr4,0.9,0.5,org.antlr.v4.test.tool.TestCommonTokenStream,144,1,1,1,1,1,1
NUMPAR,method,antlr4,0.9,0.5,org.antlr.v4.test.tool.TestCommonTokenStream,144,0,0,0,1,1,1
TLLOC,method,antlr4,0.9,0.5,org.antlr.v4.test.tool.TestCommonTokenStream,144,1,1,1,1,1,1
TLOC,method,antlr4,0.9,0.5,org.antlr.v4.test.tool.TestCommonTokenStream,144,1,1,1,1,1,1
TNOS,method,antlr4,0.9,0.5,org.antlr.v4.test.tool.TestCommonTokenStream,144,0,0,0,0,0,0
WarningBlocker,method,antlr4,0.9,0.5,org.antlr.v4.test.tool.TestCommonTokenStream,144,0,0,0,0,0,0
WarningCritical,method,antlr4,0.9,0.5,org.antlr.v4.test.tool.TestCommonTokenStream,144,0,0,0,0,0,0
WarningInfo,method,antlr4,0.9,0.5,org.antlr.v4.test.tool.TestCommonTokenStream,144,0,0,0,0,0,0
WarningMajor,method,antlr4,0.9,0.5,org.antlr.v4.test.tool.TestCommonTokenStream,144,0,0,0,0,0,0
WarningMinor,method,antlr4,0.9,0.5,org.antlr.v4.test.tool.TestCommonTokenStream,144,0,0,0,0,0,0
Android Rules,method,antlr4,0.9,0.5,org.antlr.v4.test.tool.TestCommonTokenStream,144,0,0,0,0,0,0
Basic Rules,method,antlr4,0.9,0.5,org.antlr.v4.test.tool.TestCommonTokenStream,144,0,0,0,0,0,0
Brace Rules,method,antlr4,0.9,0.5,org.antlr.v4.test.tool.TestCommonTokenStream,144,0,0,0,0,0,0
Clone Implementation Rules,method,antlr4,0.9,0.5,org.antlr.v4.test.tool.TestCommonTokenStream,144,0,0,0,0,0,0
Code Size Rules,method,antlr4,0.9,0.5,org.antlr.v4.test.tool.TestCommonTokenStream,144,0,0,0,0,0,0
Comment Rules,method,antlr4,0.9,0.5,org.antlr.v4.test.tool.TestCommonTokenStream,144,0,0,0,0,0,0
Controversial Rules,method,antlr4,0.9,0.5,org.antlr.v4.test.tool.TestCommonTokenStream,144,0,0,0,0,0,0
Coupling Rules,method,antlr4,0.9,0.5,org.antlr.v4.test.tool.TestCommonTokenStream,144,0,0,0,0,0,0
Design Rules,method,antlr4,0.9,0.5,org.antlr.v4.test.tool.TestCommonTokenStream,144,0,0,0,0,0,0
Empty Code Rules,method,antlr4,0.9,0.5,org.antlr.v4.test.tool.TestCommonTokenStream,144,0,0,0,0,0,0
Finalizer Rules,method,antlr4,0.9,0.5,org.antlr.v4.test.tool.TestCommonTokenStream,144,0,0,0,0,0,0
Import Statement Rules,method,antlr4,0.9,0.5,org.antlr.v4.test.tool.TestCommonTokenStream,144,0,0,0,0,0,0
J2EE Rules,method,antlr4,0.9,0.5,org.antlr.v4.test.tool.TestCommonTokenStream,144,0,0,0,0,0,0
JUnit Rules,method,antlr4,0.9,0.5,org.antlr.v4.test.tool.TestCommonTokenStream,144,0,0,0,0,0,0
Jakarta Commons Logging Rules,method,antlr4,0.9,0.5,org.antlr.v4.test.tool.TestCommonTokenStream,144,0,0,0,0,0,0
Java Logging Rules,method,antlr4,0.9,0.5,org.antlr.v4.test.tool.TestCommonTokenStream,144,0,0,0,0,0,0
JavaBean Rules,method,antlr4,0.9,0.5,org.antlr.v4.test.tool.TestCommonTokenStream,144,0,0,0,0,0,0
MigratingToJUnit4 Rules,method,antlr4,0.9,0.5,org.antlr.v4.test.tool.TestCommonTokenStream,144,0,0,0,0,0,0
Migration Rules,method,antlr4,0.9,0.5,org.antlr.v4.test.tool.TestCommonTokenStream,144,0,0,0,0,0,0
Migration13 Rules,method,antlr4,0.9,0.5,org.antlr.v4.test.tool.TestCommonTokenStream,144,0,0,0,0,0,0
Migration14 Rules,method,antlr4,0.9,0.5,org.antlr.v4.test.tool.TestCommonTokenStream,144,0,0,0,0,0,0
Migration15 Rules,method,antlr4,0.9,0.5,org.antlr.v4.test.tool.TestCommonTokenStream,144,0,0,0,0,0,0
Naming Rules,method,antlr4,0.9,0.5,org.antlr.v4.test.tool.TestCommonTokenStream,144,0,0,0,0,0,0
Optimization Rules,method,antlr4,0.9,0.5,org.antlr.v4.test.tool.TestCommonTokenStream,144,0,0,0,0,0,0
Security Code Guideline Rules,method,antlr4,0.9,0.5,org.antlr.v4.test.tool.TestCommonTokenStream,144,0,0,0,0,0,0
Strict Exception Rules,method,antlr4,0.9,0.5,org.antlr.v4.test.tool.TestCommonTokenStream,144,0,0,0,0,0,0
String and StringBuffer Rules,method,antlr4,0.9,0.5,org.antlr.v4.test.tool.TestCommonTokenStream,144,0,0,0,0,0,0
Type Resolution Rules,method,antlr4,0.9,0.5,org.antlr.v4.test.tool.TestCommonTokenStream,144,0,0,0,0,0,0
Unnecessary and Unused Code Rules,method,antlr4,0.9,0.5,org.antlr.v4.test.tool.TestCommonTokenStream,144,0,0,0,0,0,0
Vulnerability Rules,method,antlr4,0.9,0.5,org.antlr.v4.test.tool.TestCommonTokenStream,144,0,0,0,0,0,0
CC,method,antlr4,0.9,0.5,org.antlr.v4.test.rt.java.BaseTest$StreamVacuum,360,1,1,1,1,1,1
CCL,method,antlr4,0.9,0.5,org.antlr.v4.test.rt.java.BaseTest$StreamVacuum,360,1,1,1,1,1,1
CCO,method,antlr4,0.9,0.5,org.antlr.v4.test.rt.java.BaseTest$StreamVacuum,360,1,1,1,1,1,1
CI,method,antlr4,0.9,0.5,org.antlr.v4.test.rt.java.BaseTest$StreamVacuum,360,1,1,1,1,1,1
CLC,method,antlr4,0.9,0.5,org.antlr.v4.test.rt.java.BaseTest$StreamVacuum,360,1,1,1,1,1,1
CLLC,method,antlr4,0.9,0.5,org.antlr.v4.test.rt.java.BaseTest$StreamVacuum,360,1,1,1,1,1,1
LDC,method,antlr4,0.9,0.5,org.antlr.v4.test.rt.java.BaseTest$StreamVacuum,360,1,1,1,1,1,1
LLDC,method,antlr4,0.9,0.5,org.antlr.v4.test.rt.java.BaseTest$StreamVacuum,360,1,1,1,1,1,1
HCPL,method,antlr4,0.9,0.5,org.antlr.v4.test.rt.java.BaseTest$StreamVacuum,360,1,1,1,1,1,1
HDIF,method,antlr4,0.9,0.5,org.antlr.v4.test.rt.java.BaseTest$StreamVacuum,360,1,1,1,1,1,1
HEFF,method,antlr4,0.9,0.5,org.antlr.v4.test.rt.java.BaseTest$StreamVacuum,360,1,1,1,1,1,1
HNDB,method,antlr4,0.9,0.5,org.antlr.v4.test.rt.java.BaseTest$StreamVacuum,360,1,1,1,1,1,1
HPL,method,antlr4,0.9,0.5,org.antlr.v4.test.rt.java.BaseTest$StreamVacuum,360,1,1,1,1,1,1
HPV,method,antlr4,0.9,0.5,org.antlr.v4.test.rt.java.BaseTest$StreamVacuum,360,1,1,1,1,1,1
HTRP,method,antlr4,0.9,0.5,org.antlr.v4.test.rt.java.BaseTest$StreamVacuum,360,1,1,1,1,1,1
HVOL,method,antlr4,0.9,0.5,org.antlr.v4.test.rt.java.BaseTest$StreamVacuum,360,1,1,1,1,1,1
MI,method,antlr4,0.9,0.5,org.antlr.v4.test.rt.java.BaseTest$StreamVacuum,360,1,1,1,1,1,1
MIMS,method,antlr4,0.9,0.5,org.antlr.v4.test.rt.java.BaseTest$StreamVacuum,360,1,1,1,1,1,1
MISEI,method,antlr4,0.9,0.5,org.antlr.v4.test.rt.java.BaseTest$StreamVacuum,360,1,1,1,1,1,1
MISM,method,antlr4,0.9,0.5,org.antlr.v4.test.rt.java.BaseTest$StreamVacuum,360,1,1,1,1,1,1
McCC,method,antlr4,0.9,0.5,org.antlr.v4.test.rt.java.BaseTest$StreamVacuum,360,1,1,1,1,1,1
NL,method,antlr4,0.9,0.5,org.antlr.v4.test.rt.java.BaseTest$StreamVacuum,360,1,1,1,1,1,1
NLE,method,antlr4,0.9,0.5,org.antlr.v4.test.rt.java.BaseTest$StreamVacuum,360,1,1,1,1,1,1
NII,method,antlr4,0.9,0.5,org.antlr.v4.test.rt.java.BaseTest$StreamVacuum,360,1,1,1,1,1,1
NOI,method,antlr4,0.9,0.5,org.antlr.v4.test.rt.java.BaseTest$StreamVacuum,360,0,0,0,1,1,1
CD,method,antlr4,0.9,0.5,org.antlr.v4.test.rt.java.BaseTest$StreamVacuum,360,1,1,1,1,1,1
CLOC,method,antlr4,0.9,0.5,org.antlr.v4.test.rt.java.BaseTest$StreamVacuum,360,1,1,1,1,1,1
DLOC,method,antlr4,0.9,0.5,org.antlr.v4.test.rt.java.BaseTest$StreamVacuum,360,1,1,1,1,1,1
TCD,method,antlr4,0.9,0.5,org.antlr.v4.test.rt.java.BaseTest$StreamVacuum,360,1,1,1,1,1,1
TCLOC,method,antlr4,0.9,0.5,org.antlr.v4.test.rt.java.BaseTest$StreamVacuum,360,1,1,1,1,1,1
LLOC,method,antlr4,0.9,0.5,org.antlr.v4.test.rt.java.BaseTest$StreamVacuum,360,1,1,1,1,1,1
LOC,method,antlr4,0.9,0.5,org.antlr.v4.test.rt.java.BaseTest$StreamVacuum,360,1,1,1,1,1,1
NOS,method,antlr4,0.9,0.5,org.antlr.v4.test.rt.java.BaseTest$StreamVacuum,360,0,0,0,1,1,1
NUMPAR,method,antlr4,0.9,0.5,org.antlr.v4.test.rt.java.BaseTest$StreamVacuum,360,0,0,0,1,1,1
TLLOC,method,antlr4,0.9,0.5,org.antlr.v4.test.rt.java.BaseTest$StreamVacuum,360,1,1,1,1,1,1
TLOC,method,antlr4,0.9,0.5,org.antlr.v4.test.rt.java.BaseTest$StreamVacuum,360,1,1,1,1,1,1
TNOS,method,antlr4,0.9,0.5,org.antlr.v4.test.rt.java.BaseTest$StreamVacuum,360,0,0,0,0,0,0
WarningBlocker,method,antlr4,0.9,0.5,org.antlr.v4.test.rt.java.BaseTest$StreamVacuum,360,0,0,0,0,0,0
WarningCritical,method,antlr4,0.9,0.5,org.antlr.v4.test.rt.java.BaseTest$StreamVacuum,360,0,0,0,0,0,0
WarningInfo,method,antlr4,0.9,0.5,org.antlr.v4.test.rt.java.BaseTest$StreamVacuum,360,0,0,0,0,0,0
WarningMajor,method,antlr4,0.9,0.5,org.antlr.v4.test.rt.java.BaseTest$StreamVacuum,360,0,0,0,0,0,0
WarningMinor,method,antlr4,0.9,0.5,org.antlr.v4.test.rt.java.BaseTest$StreamVacuum,360,0,0,0,0,0,0
Android Rules,method,antlr4,0.9,0.5,org.antlr.v4.test.rt.java.BaseTest$StreamVacuum,360,0,0,0,0,0,0
Basic Rules,method,antlr4,0.9,0.5,org.antlr.v4.test.rt.java.BaseTest$StreamVacuum,360,0,0,0,0,0,0
Brace Rules,method,antlr4,0.9,0.5,org.antlr.v4.test.rt.java.BaseTest$StreamVacuum,360,0,0,0,0,0,0
Clone Implementation Rules,method,antlr4,0.9,0.5,org.antlr.v4.test.rt.java.BaseTest$StreamVacuum,360,0,0,0,0,0,0
Code Size Rules,method,antlr4,0.9,0.5,org.antlr.v4.test.rt.java.BaseTest$StreamVacuum,360,0,0,0,0,0,0
Comment Rules,method,antlr4,0.9,0.5,org.antlr.v4.test.rt.java.BaseTest$StreamVacuum,360,0,0,0,0,0,0
Controversial Rules,method,antlr4,0.9,0.5,org.antlr.v4.test.rt.java.BaseTest$StreamVacuum,360,0,0,0,0,0,0
Coupling Rules,method,antlr4,0.9,0.5,org.antlr.v4.test.rt.java.BaseTest$StreamVacuum,360,0,0,0,0,0,0
Design Rules,method,antlr4,0.9,0.5,org.antlr.v4.test.rt.java.BaseTest$StreamVacuum,360,0,0,0,0,0,0
Empty Code Rules,method,antlr4,0.9,0.5,org.antlr.v4.test.rt.java.BaseTest$StreamVacuum,360,0,0,0,0,0,0
Finalizer Rules,method,antlr4,0.9,0.5,org.antlr.v4.test.rt.java.BaseTest$StreamVacuum,360,0,0,0,0,0,0
Import Statement Rules,method,antlr4,0.9,0.5,org.antlr.v4.test.rt.java.BaseTest$StreamVacuum,360,0,0,0,0,0,0
J2EE Rules,method,antlr4,0.9,0.5,org.antlr.v4.test.rt.java.BaseTest$StreamVacuum,360,0,0,0,0,0,0
JUnit Rules,method,antlr4,0.9,0.5,org.antlr.v4.test.rt.java.BaseTest$StreamVacuum,360,0,0,0,0,0,0
Jakarta Commons Logging Rules,method,antlr4,0.9,0.5,org.antlr.v4.test.rt.java.BaseTest$StreamVacuum,360,0,0,0,0,0,0
Java Logging Rules,method,antlr4,0.9,0.5,org.antlr.v4.test.rt.java.BaseTest$StreamVacuum,360,0,0,0,0,0,0
JavaBean Rules,method,antlr4,0.9,0.5,org.antlr.v4.test.rt.java.BaseTest$StreamVacuum,360,0,0,0,0,0,0
MigratingToJUnit4 Rules,method,antlr4,0.9,0.5,org.antlr.v4.test.rt.java.BaseTest$StreamVacuum,360,0,0,0,0,0,0
Migration Rules,method,antlr4,0.9,0.5,org.antlr.v4.test.rt.java.BaseTest$StreamVacuum,360,0,0,0,0,0,0
Migration13 Rules,method,antlr4,0.9,0.5,org.antlr.v4.test.rt.java.BaseTest$StreamVacuum,360,0,0,0,0,0,0
Migration14 Rules,method,antlr4,0.9,0.5,org.antlr.v4.test.rt.java.BaseTest$StreamVacuum,360,0,0,0,0,0,0
Migration15 Rules,method,antlr4,0.9,0.5,org.antlr.v4.test.rt.java.BaseTest$StreamVacuum,360,0,0,0,0,0,0
Naming Rules,method,antlr4,0.9,0.5,org.antlr.v4.test.rt.java.BaseTest$StreamVacuum,360,0,0,0,0,0,0
Optimization Rules,method,antlr4,0.9,0.5,org.antlr.v4.test.rt.java.BaseTest$StreamVacuum,360,0,0,0,0,0,0
Security Code Guideline Rules,method,antlr4,0.9,0.5,org.antlr.v4.test.rt.java.BaseTest$StreamVacuum,360,0,0,0,0,0,0
Strict Exception Rules,method,antlr4,0.9,0.5,org.antlr.v4.test.rt.java.BaseTest$StreamVacuum,360,0,0,0,0,0,0
String and StringBuffer Rules,method,antlr4,0.9,0.5,org.antlr.v4.test.rt.java.BaseTest$StreamVacuum,360,0,0,0,0,0,0
Type Resolution Rules,method,antlr4,0.9,0.5,org.antlr.v4.test.rt.java.BaseTest$StreamVacuum,360,0,0,0,0,0,0
Unnecessary and Unused Code Rules,method,antlr4,0.9,0.5,org.antlr.v4.test.rt.java.BaseTest$StreamVacuum,360,0,0,0,0,0,0
Vulnerability Rules,method,antlr4,0.9,0.5,org.antlr.v4.test.rt.java.BaseTest$StreamVacuum,360,0,0,0,0,0,0
CC,method,antlr4,0.9,0.5,org.antlr.v4.tool.Grammar$2,72,0,0,0,1,1,1
CCL,method,antlr4,0.9,0.5,org.antlr.v4.tool.Grammar$2,72,0,0,0,1,1,1
CCO,method,antlr4,0.9,0.5,org.antlr.v4.tool.Grammar$2,72,0,0,0,1,1,1
CI,method,antlr4,0.9,0.5,org.antlr.v4.tool.Grammar$2,72,0,0,0,1,1,1
CLC,method,antlr4,0.9,0.5,org.antlr.v4.tool.Grammar$2,72,0,0,0,1,1,1
CLLC,method,antlr4,0.9,0.5,org.antlr.v4.tool.Grammar$2,72,0,0,0,1,1,1
LDC,method,antlr4,0.9,0.5,org.antlr.v4.tool.Grammar$2,72,0,0,0,1,1,1
LLDC,method,antlr4,0.9,0.5,org.antlr.v4.tool.Grammar$2,72,0,0,0,1,1,1
HCPL,method,antlr4,0.9,0.5,org.antlr.v4.tool.Grammar$2,72,0,0,0,1,1,1
HDIF,method,antlr4,0.9,0.5,org.antlr.v4.tool.Grammar$2,72,0,0,0,1,1,1
HEFF,method,antlr4,0.9,0.5,org.antlr.v4.tool.Grammar$2,72,0,0,0,1,1,1
HNDB,method,antlr4,0.9,0.5,org.antlr.v4.tool.Grammar$2,72,0,0,0,1,1,1
HPL,method,antlr4,0.9,0.5,org.antlr.v4.tool.Grammar$2,72,0,0,0,1,1,1
HPV,method,antlr4,0.9,0.5,org.antlr.v4.tool.Grammar$2,72,0,0,0,1,1,1
HTRP,method,antlr4,0.9,0.5,org.antlr.v4.tool.Grammar$2,72,0,0,0,1,1,1
HVOL,method,antlr4,0.9,0.5,org.antlr.v4.tool.Grammar$2,72,0,0,0,1,1,1
MI,method,antlr4,0.9,0.5,org.antlr.v4.tool.Grammar$2,72,0,0,0,1,1,1
MIMS,method,antlr4,0.9,0.5,org.antlr.v4.tool.Grammar$2,72,0,0,0,1,1,1
MISEI,method,antlr4,0.9,0.5,org.antlr.v4.tool.Grammar$2,72,0,0,0,1,1,1
MISM,method,antlr4,0.9,0.5,org.antlr.v4.tool.Grammar$2,72,0,0,0,1,1,1
McCC,method,antlr4,0.9,0.5,org.antlr.v4.tool.Grammar$2,72,0,0,0,1,1,1
NL,method,antlr4,0.9,0.5,org.antlr.v4.tool.Grammar$2,72,0,0,0,1,1,1
NLE,method,antlr4,0.9,0.5,org.antlr.v4.tool.Grammar$2,72,0,0,0,1,1,1
NII,method,antlr4,0.9,0.5,org.antlr.v4.tool.Grammar$2,72,0,0,0,1,1,1
NOI,method,antlr4,0.9,0.5,org.antlr.v4.tool.Grammar$2,72,0,0,0,1,1,1
CD,method,antlr4,0.9,0.5,org.antlr.v4.tool.Grammar$2,72,0,0,0,1,1,1
CLOC,method,antlr4,0.9,0.5,org.antlr.v4.tool.Grammar$2,72,0,0,0,1,1,1
DLOC,method,antlr4,0.9,0.5,org.antlr.v4.tool.Grammar$2,72,0,0,0,1,1,1
TCD,method,antlr4,0.9,0.5,org.antlr.v4.tool.Grammar$2,72,0,0,0,1,1,1
TCLOC,method,antlr4,0.9,0.5,org.antlr.v4.tool.Grammar$2,72,0,0,0,1,1,1
LLOC,method,antlr4,0.9,0.5,org.antlr.v4.tool.Grammar$2,72,0,0,0,1,1,1
LOC,method,antlr4,0.9,0.5,org.antlr.v4.tool.Grammar$2,72,0,0,0,1,1,1
NOS,method,antlr4,0.9,0.5,org.antlr.v4.tool.Grammar$2,72,0,0,0,1,1,1
NUMPAR,method,antlr4,0.9,0.5,org.antlr.v4.tool.Grammar$2,72,0,0,0,1,1,1
TLLOC,method,antlr4,0.9,0.5,org.antlr.v4.tool.Grammar$2,72,0,0,0,1,1,1
TLOC,method,antlr4,0.9,0.5,org.antlr.v4.tool.Grammar$2,72,0,0,0,1,1,1
TNOS,method,antlr4,0.9,0.5,org.antlr.v4.tool.Grammar$2,72,0,0,0,0,0,0
WarningBlocker,method,antlr4,0.9,0.5,org.antlr.v4.tool.Grammar$2,72,0,0,0,0,0,0
WarningCritical,method,antlr4,0.9,0.5,org.antlr.v4.tool.Grammar$2,72,0,0,0,0,0,0
WarningInfo,method,antlr4,0.9,0.5,org.antlr.v4.tool.Grammar$2,72,0,0,0,0,0,0
WarningMajor,method,antlr4,0.9,0.5,org.antlr.v4.tool.Grammar$2,72,0,0,0,0,0,0
WarningMinor,method,antlr4,0.9,0.5,org.antlr.v4.tool.Grammar$2,72,0,0,0,0,0,0
Android Rules,method,antlr4,0.9,0.5,org.antlr.v4.tool.Grammar$2,72,0,0,0,0,0,0
Basic Rules,method,antlr4,0.9,0.5,org.antlr.v4.tool.Grammar$2,72,0,0,0,0,0,0
Brace Rules,method,antlr4,0.9,0.5,org.antlr.v4.tool.Grammar$2,72,0,0,0,0,0,0
Clone Implementation Rules,method,antlr4,0.9,0.5,org.antlr.v4.tool.Grammar$2,72,0,0,0,0,0,0
Code Size Rules,method,antlr4,0.9,0.5,org.antlr.v4.tool.Grammar$2,72,0,0,0,0,0,0
Comment Rules,method,antlr4,0.9,0.5,org.antlr.v4.tool.Grammar$2,72,0,0,0,0,0,0
Controversial Rules,method,antlr4,0.9,0.5,org.antlr.v4.tool.Grammar$2,72,0,0,0,0,0,0
Coupling Rules,method,antlr4,0.9,0.5,org.antlr.v4.tool.Grammar$2,72,0,0,0,0,0,0
Design Rules,method,antlr4,0.9,0.5,org.antlr.v4.tool.Grammar$2,72,0,0,0,0,0,0
Empty Code Rules,method,antlr4,0.9,0.5,org.antlr.v4.tool.Grammar$2,72,0,0,0,0,0,0
Finalizer Rules,method,antlr4,0.9,0.5,org.antlr.v4.tool.Grammar$2,72,0,0,0,0,0,0
Import Statement Rules,method,antlr4,0.9,0.5,org.antlr.v4.tool.Grammar$2,72,0,0,0,0,0,0
J2EE Rules,method,antlr4,0.9,0.5,org.antlr.v4.tool.Grammar$2,72,0,0,0,0,0,0
JUnit Rules,method,antlr4,0.9,0.5,org.antlr.v4.tool.Grammar$2,72,0,0,0,0,0,0
Jakarta Commons Logging Rules,method,antlr4,0.9,0.5,org.antlr.v4.tool.Grammar$2,72,0,0,0,0,0,0
Java Logging Rules,method,antlr4,0.9,0.5,org.antlr.v4.tool.Grammar$2,72,0,0,0,0,0,0
JavaBean Rules,method,antlr4,0.9,0.5,org.antlr.v4.tool.Grammar$2,72,0,0,0,0,0,0
MigratingToJUnit4 Rules,method,antlr4,0.9,0.5,org.antlr.v4.tool.Grammar$2,72,0,0,0,0,0,0
Migration Rules,method,antlr4,0.9,0.5,org.antlr.v4.tool.Grammar$2,72,0,0,0,0,0,0
Migration13 Rules,method,antlr4,0.9,0.5,org.antlr.v4.tool.Grammar$2,72,0,0,0,0,0,0
Migration14 Rules,method,antlr4,0.9,0.5,org.antlr.v4.tool.Grammar$2,72,0,0,0,0,0,0
Migration15 Rules,method,antlr4,0.9,0.5,org.antlr.v4.tool.Grammar$2,72,0,0,0,0,0,0
Naming Rules,method,antlr4,0.9,0.5,org.antlr.v4.tool.Grammar$2,72,0,0,0,0,0,0
Optimization Rules,method,antlr4,0.9,0.5,org.antlr.v4.tool.Grammar$2,72,0,0,0,0,0,0
Security Code Guideline Rules,method,antlr4,0.9,0.5,org.antlr.v4.tool.Grammar$2,72,0,0,0,0,0,0
Strict Exception Rules,method,antlr4,0.9,0.5,org.antlr.v4.tool.Grammar$2,72,0,0,0,0,0,0
String and StringBuffer Rules,method,antlr4,0.9,0.5,org.antlr.v4.tool.Grammar$2,72,0,0,0,0,0,0
Type Resolution Rules,method,antlr4,0.9,0.5,org.antlr.v4.tool.Grammar$2,72,0,0,0,0,0,0
Unnecessary and Unused Code Rules,method,antlr4,0.9,0.5,org.antlr.v4.tool.Grammar$2,72,0,0,0,0,0,0
Vulnerability Rules,method,antlr4,0.9,0.5,org.antlr.v4.tool.Grammar$2,72,0,0,0,0,0,0
CC,method,antlr4,0.9,0.5,org.antlr.v4.test.rt.java.TestLexerErrors,864,1,1,1,1,1,1
CCL,method,antlr4,0.9,0.5,org.antlr.v4.test.rt.java.TestLexerErrors,864,1,1,1,1,1,1
CCO,method,antlr4,0.9,0.5,org.antlr.v4.test.rt.java.TestLexerErrors,864,1,1,1,1,1,1
CI,method,antlr4,0.9,0.5,org.antlr.v4.test.rt.java.TestLexerErrors,864,1,1,1,1,1,1
CLC,method,antlr4,0.9,0.5,org.antlr.v4.test.rt.java.TestLexerErrors,864,1,1,1,1,1,1
CLLC,method,antlr4,0.9,0.5,org.antlr.v4.test.rt.java.TestLexerErrors,864,1,1,1,1,1,1
LDC,method,antlr4,0.9,0.5,org.antlr.v4.test.rt.java.TestLexerErrors,864,1,1,1,1,1,1
LLDC,method,antlr4,0.9,0.5,org.antlr.v4.test.rt.java.TestLexerErrors,864,1,1,1,1,1,1
HCPL,method,antlr4,0.9,0.5,org.antlr.v4.test.rt.java.TestLexerErrors,864,1,1,1,1,1,1
HDIF,method,antlr4,0.9,0.5,org.antlr.v4.test.rt.java.TestLexerErrors,864,1,1,1,1,1,1
HEFF,method,antlr4,0.9,0.5,org.antlr.v4.test.rt.java.TestLexerErrors,864,1,1,1,1,1,1
HNDB,method,antlr4,0.9,0.5,org.antlr.v4.test.rt.java.TestLexerErrors,864,1,1,1,1,1,1
HPL,method,antlr4,0.9,0.5,org.antlr.v4.test.rt.java.TestLexerErrors,864,1,1,1,1,1,1
HPV,method,antlr4,0.9,0.5,org.antlr.v4.test.rt.java.TestLexerErrors,864,1,1,1,1,1,1
HTRP,method,antlr4,0.9,0.5,org.antlr.v4.test.rt.java.TestLexerErrors,864,1,1,1,1,1,1
HVOL,method,antlr4,0.9,0.5,org.antlr.v4.test.rt.java.TestLexerErrors,864,1,1,1,1,1,1
MI,method,antlr4,0.9,0.5,org.antlr.v4.test.rt.java.TestLexerErrors,864,1,1,1,1,1,1
MIMS,method,antlr4,0.9,0.5,org.antlr.v4.test.rt.java.TestLexerErrors,864,1,1,1,1,1,1
MISEI,method,antlr4,0.9,0.5,org.antlr.v4.test.rt.java.TestLexerErrors,864,1,1,1,1,1,1
MISM,method,antlr4,0.9,0.5,org.antlr.v4.test.rt.java.TestLexerErrors,864,1,1,1,1,1,1
McCC,method,antlr4,0.9,0.5,org.antlr.v4.test.rt.java.TestLexerErrors,864,0,0,0,1,1,1
NL,method,antlr4,0.9,0.5,org.antlr.v4.test.rt.java.TestLexerErrors,864,0,0,0,1,1,1
NLE,method,antlr4,0.9,0.5,org.antlr.v4.test.rt.java.TestLexerErrors,864,0,0,0,1,1,1
NII,method,antlr4,0.9,0.5,org.antlr.v4.test.rt.java.TestLexerErrors,864,0,0,0,1,1,1
NOI,method,antlr4,0.9,0.5,org.antlr.v4.test.rt.java.TestLexerErrors,864,0,0,0,1,1,1
CD,method,antlr4,0.9,0.5,org.antlr.v4.test.rt.java.TestLexerErrors,864,0,0,0,1,1,1
CLOC,method,antlr4,0.9,0.5,org.antlr.v4.test.rt.java.TestLexerErrors,864,0,0,0,1,1,1
DLOC,method,antlr4,0.9,0.5,org.antlr.v4.test.rt.java.TestLexerErrors,864,0,0,0,1,1,1
TCD,method,antlr4,0.9,0.5,org.antlr.v4.test.rt.java.TestLexerErrors,864,0,0,0,1,1,1
TCLOC,method,antlr4,0.9,0.5,org.antlr.v4.test.rt.java.TestLexerErrors,864,0,0,0,1,1,1
LLOC,method,antlr4,0.9,0.5,org.antlr.v4.test.rt.java.TestLexerErrors,864,1,1,1,1,1,1
LOC,method,antlr4,0.9,0.5,org.antlr.v4.test.rt.java.TestLexerErrors,864,1,1,1,1,1,1
NOS,method,antlr4,0.9,0.5,org.antlr.v4.test.rt.java.TestLexerErrors,864,0,0,0,1,1,1
NUMPAR,method,antlr4,0.9,0.5,org.antlr.v4.test.rt.java.TestLexerErrors,864,0,0,0,1,1,1
TLLOC,method,antlr4,0.9,0.5,org.antlr.v4.test.rt.java.TestLexerErrors,864,1,1,1,1,1,1
TLOC,method,antlr4,0.9,0.5,org.antlr.v4.test.rt.java.TestLexerErrors,864,1,1,1,1,1,1
TNOS,method,antlr4,0.9,0.5,org.antlr.v4.test.rt.java.TestLexerErrors,864,0,0,0,0,0,0
WarningBlocker,method,antlr4,0.9,0.5,org.antlr.v4.test.rt.java.TestLexerErrors,864,0,0,0,0,0,0
WarningCritical,method,antlr4,0.9,0.5,org.antlr.v4.test.rt.java.TestLexerErrors,864,0,0,0,0,0,0
WarningInfo,method,antlr4,0.9,0.5,org.antlr.v4.test.rt.java.TestLexerErrors,864,0,0,0,0,0,0
WarningMajor,method,antlr4,0.9,0.5,org.antlr.v4.test.rt.java.TestLexerErrors,864,0,0,0,0,0,0
WarningMinor,method,antlr4,0.9,0.5,org.antlr.v4.test.rt.java.TestLexerErrors,864,0,0,0,0,0,0
Android Rules,method,antlr4,0.9,0.5,org.antlr.v4.test.rt.java.TestLexerErrors,864,0,0,0,0,0,0
Basic Rules,method,antlr4,0.9,0.5,org.antlr.v4.test.rt.java.TestLexerErrors,864,0,0,0,0,0,0
Brace Rules,method,antlr4,0.9,0.5,org.antlr.v4.test.rt.java.TestLexerErrors,864,0,0,0,0,0,0
Clone Implementation Rules,method,antlr4,0.9,0.5,org.antlr.v4.test.rt.java.TestLexerErrors,864,0,0,0,0,0,0
Code Size Rules,method,antlr4,0.9,0.5,org.antlr.v4.test.rt.java.TestLexerErrors,864,0,0,0,0,0,0
Comment Rules,method,antlr4,0.9,0.5,org.antlr.v4.test.rt.java.TestLexerErrors,864,0,0,0,0,0,0
Controversial Rules,method,antlr4,0.9,0.5,org.antlr.v4.test.rt.java.TestLexerErrors,864,0,0,0,0,0,0
Coupling Rules,method,antlr4,0.9,0.5,org.antlr.v4.test.rt.java.TestLexerErrors,864,0,0,0,0,0,0
Design Rules,method,antlr4,0.9,0.5,org.antlr.v4.test.rt.java.TestLexerErrors,864,0,0,0,0,0,0
Empty Code Rules,method,antlr4,0.9,0.5,org.antlr.v4.test.rt.java.TestLexerErrors,864,0,0,0,0,0,0
Finalizer Rules,method,antlr4,0.9,0.5,org.antlr.v4.test.rt.java.TestLexerErrors,864,0,0,0,0,0,0
Import Statement Rules,method,antlr4,0.9,0.5,org.antlr.v4.test.rt.java.TestLexerErrors,864,0,0,0,0,0,0
J2EE Rules,method,antlr4,0.9,0.5,org.antlr.v4.test.rt.java.TestLexerErrors,864,0,0,0,0,0,0
JUnit Rules,method,antlr4,0.9,0.5,org.antlr.v4.test.rt.java.TestLexerErrors,864,0,0,0,0,0,0
Jakarta Commons Logging Rules,method,antlr4,0.9,0.5,org.antlr.v4.test.rt.java.TestLexerErrors,864,0,0,0,0,0,0
Java Logging Rules,method,antlr4,0.9,0.5,org.antlr.v4.test.rt.java.TestLexerErrors,864,0,0,0,0,0,0
JavaBean Rules,method,antlr4,0.9,0.5,org.antlr.v4.test.rt.java.TestLexerErrors,864,0,0,0,0,0,0
MigratingToJUnit4 Rules,method,antlr4,0.9,0.5,org.antlr.v4.test.rt.java.TestLexerErrors,864,0,0,0,0,0,0
Migration Rules,method,antlr4,0.9,0.5,org.antlr.v4.test.rt.java.TestLexerErrors,864,0,0,0,0,0,0
Migration13 Rules,method,antlr4,0.9,0.5,org.antlr.v4.test.rt.java.TestLexerErrors,864,0,0,0,0,0,0
Migration14 Rules,method,antlr4,0.9,0.5,org.antlr.v4.test.rt.java.TestLexerErrors,864,0,0,0,0,0,0
Migration15 Rules,method,antlr4,0.9,0.5,org.antlr.v4.test.rt.java.TestLexerErrors,864,0,0,0,0,0,0
Naming Rules,method,antlr4,0.9,0.5,org.antlr.v4.test.rt.java.TestLexerErrors,864,0,0,0,0,0,0
Optimization Rules,method,antlr4,0.9,0.5,org.antlr.v4.test.rt.java.TestLexerErrors,864,0,0,0,0,0,0
Security Code Guideline Rules,method,antlr4,0.9,0.5,org.antlr.v4.test.rt.java.TestLexerErrors,864,0,0,0,0,0,0
Strict Exception Rules,method,antlr4,0.9,0.5,org.antlr.v4.test.rt.java.TestLexerErrors,864,0,0,0,0,0,0
String and StringBuffer Rules,method,antlr4,0.9,0.5,org.antlr.v4.test.rt.java.TestLexerErrors,864,0,0,0,0,0,0
Type Resolution Rules,method,antlr4,0.9,0.5,org.antlr.v4.test.rt.java.TestLexerErrors,864,0,0,0,0,0,0
Unnecessary and Unused Code Rules,method,antlr4,0.9,0.5,org.antlr.v4.test.rt.java.TestLexerErrors,864,0,0,0,0,0,0
Vulnerability Rules,method,antlr4,0.9,0.5,org.antlr.v4.test.rt.java.TestLexerErrors,864,0,0,0,0,0,0
CC,method,antlr4,0.9,0.5,org.antlr.v4.test.rt.gen.ParserTestMethod,72,0,0,0,1,1,1
CCL,method,antlr4,0.9,0.5,org.antlr.v4.test.rt.gen.ParserTestMethod,72,0,0,0,1,1,1
CCO,method,antlr4,0.9,0.5,org.antlr.v4.test.rt.gen.ParserTestMethod,72,0,0,0,1,1,1
CI,method,antlr4,0.9,0.5,org.antlr.v4.test.rt.gen.ParserTestMethod,72,0,0,0,1,1,1
CLC,method,antlr4,0.9,0.5,org.antlr.v4.test.rt.gen.ParserTestMethod,72,0,0,0,1,1,1
CLLC,method,antlr4,0.9,0.5,org.antlr.v4.test.rt.gen.ParserTestMethod,72,0,0,0,1,1,1
LDC,method,antlr4,0.9,0.5,org.antlr.v4.test.rt.gen.ParserTestMethod,72,0,0,0,1,1,1
LLDC,method,antlr4,0.9,0.5,org.antlr.v4.test.rt.gen.ParserTestMethod,72,0,0,0,1,1,1
HCPL,method,antlr4,0.9,0.5,org.antlr.v4.test.rt.gen.ParserTestMethod,72,0,0,0,1,1,1
HDIF,method,antlr4,0.9,0.5,org.antlr.v4.test.rt.gen.ParserTestMethod,72,0,0,0,1,1,1
HEFF,method,antlr4,0.9,0.5,org.antlr.v4.test.rt.gen.ParserTestMethod,72,0,0,0,1,1,1
HNDB,method,antlr4,0.9,0.5,org.antlr.v4.test.rt.gen.ParserTestMethod,72,0,0,0,1,1,1
HPL,method,antlr4,0.9,0.5,org.antlr.v4.test.rt.gen.ParserTestMethod,72,0,0,0,1,1,1
HPV,method,antlr4,0.9,0.5,org.antlr.v4.test.rt.gen.ParserTestMethod,72,0,0,0,1,1,1
HTRP,method,antlr4,0.9,0.5,org.antlr.v4.test.rt.gen.ParserTestMethod,72,0,0,0,1,1,1
HVOL,method,antlr4,0.9,0.5,org.antlr.v4.test.rt.gen.ParserTestMethod,72,0,0,0,1,1,1
MI,method,antlr4,0.9,0.5,org.antlr.v4.test.rt.gen.ParserTestMethod,72,0,0,0,1,1,1
MIMS,method,antlr4,0.9,0.5,org.antlr.v4.test.rt.gen.ParserTestMethod,72,0,0,0,1,1,1
MISEI,method,antlr4,0.9,0.5,org.antlr.v4.test.rt.gen.ParserTestMethod,72,0,0,0,1,1,1
MISM,method,antlr4,0.9,0.5,org.antlr.v4.test.rt.gen.ParserTestMethod,72,0,0,0,1,1,1
McCC,method,antlr4,0.9,0.5,org.antlr.v4.test.rt.gen.ParserTestMethod,72,0,0,0,1,1,1
NL,method,antlr4,0.9,0.5,org.antlr.v4.test.rt.gen.ParserTestMethod,72,0,0,0,1,1,1
NLE,method,antlr4,0.9,0.5,org.antlr.v4.test.rt.gen.ParserTestMethod,72,0,0,0,1,1,1
NII,method,antlr4,0.9,0.5,org.antlr.v4.test.rt.gen.ParserTestMethod,72,0,0,0,1,1,1
NOI,method,antlr4,0.9,0.5,org.antlr.v4.test.rt.gen.ParserTestMethod,72,0,0,0,1,1,1
CD,method,antlr4,0.9,0.5,org.antlr.v4.test.rt.gen.ParserTestMethod,72,0,0,0,1,1,1
CLOC,method,antlr4,0.9,0.5,org.antlr.v4.test.rt.gen.ParserTestMethod,72,0,0,0,1,1,1
DLOC,method,antlr4,0.9,0.5,org.antlr.v4.test.rt.gen.ParserTestMethod,72,0,0,0,1,1,1
TCD,method,antlr4,0.9,0.5,org.antlr.v4.test.rt.gen.ParserTestMethod,72,0,0,0,1,1,1
TCLOC,method,antlr4,0.9,0.5,org.antlr.v4.test.rt.gen.ParserTestMethod,72,0,0,0,1,1,1
LLOC,method,antlr4,0.9,0.5,org.antlr.v4.test.rt.gen.ParserTestMethod,72,0,0,0,1,1,1
LOC,method,antlr4,0.9,0.5,org.antlr.v4.test.rt.gen.ParserTestMethod,72,0,0,0,1,1,1
NOS,method,antlr4,0.9,0.5,org.antlr.v4.test.rt.gen.ParserTestMethod,72,0,0,0,1,1,1
NUMPAR,method,antlr4,0.9,0.5,org.antlr.v4.test.rt.gen.ParserTestMethod,72,0,0,0,1,1,1
TLLOC,method,antlr4,0.9,0.5,org.antlr.v4.test.rt.gen.ParserTestMethod,72,0,0,0,1,1,1
TLOC,method,antlr4,0.9,0.5,org.antlr.v4.test.rt.gen.ParserTestMethod,72,0,0,0,1,1,1
TNOS,method,antlr4,0.9,0.5,org.antlr.v4.test.rt.gen.ParserTestMethod,72,0,0,0,0,0,0
WarningBlocker,method,antlr4,0.9,0.5,org.antlr.v4.test.rt.gen.ParserTestMethod,72,0,0,0,0,0,0
WarningCritical,method,antlr4,0.9,0.5,org.antlr.v4.test.rt.gen.ParserTestMethod,72,0,0,0,0,0,0
WarningInfo,method,antlr4,0.9,0.5,org.antlr.v4.test.rt.gen.ParserTestMethod,72,0,0,0,0,0,0
WarningMajor,method,antlr4,0.9,0.5,org.antlr.v4.test.rt.gen.ParserTestMethod,72,0,0,0,0,0,0
WarningMinor,method,antlr4,0.9,0.5,org.antlr.v4.test.rt.gen.ParserTestMethod,72,0,0,0,0,0,0
Android Rules,method,antlr4,0.9,0.5,org.antlr.v4.test.rt.gen.ParserTestMethod,72,0,0,0,0,0,0
Basic Rules,method,antlr4,0.9,0.5,org.antlr.v4.test.rt.gen.ParserTestMethod,72,0,0,0,0,0,0
Brace Rules,method,antlr4,0.9,0.5,org.antlr.v4.test.rt.gen.ParserTestMethod,72,0,0,0,0,0,0
Clone Implementation Rules,method,antlr4,0.9,0.5,org.antlr.v4.test.rt.gen.ParserTestMethod,72,0,0,0,0,0,0
Code Size Rules,method,antlr4,0.9,0.5,org.antlr.v4.test.rt.gen.ParserTestMethod,72,0,0,0,0,0,0
Comment Rules,method,antlr4,0.9,0.5,org.antlr.v4.test.rt.gen.ParserTestMethod,72,0,0,0,0,0,0
Controversial Rules,method,antlr4,0.9,0.5,org.antlr.v4.test.rt.gen.ParserTestMethod,72,0,0,0,0,0,0
Coupling Rules,method,antlr4,0.9,0.5,org.antlr.v4.test.rt.gen.ParserTestMethod,72,0,0,0,0,0,0
Design Rules,method,antlr4,0.9,0.5,org.antlr.v4.test.rt.gen.ParserTestMethod,72,0,0,0,0,0,0
Empty Code Rules,method,antlr4,0.9,0.5,org.antlr.v4.test.rt.gen.ParserTestMethod,72,0,0,0,0,0,0
Finalizer Rules,method,antlr4,0.9,0.5,org.antlr.v4.test.rt.gen.ParserTestMethod,72,0,0,0,0,0,0
Import Statement Rules,method,antlr4,0.9,0.5,org.antlr.v4.test.rt.gen.ParserTestMethod,72,0,0,0,0,0,0
J2EE Rules,method,antlr4,0.9,0.5,org.antlr.v4.test.rt.gen.ParserTestMethod,72,0,0,0,0,0,0
JUnit Rules,method,antlr4,0.9,0.5,org.antlr.v4.test.rt.gen.ParserTestMethod,72,0,0,0,0,0,0
Jakarta Commons Logging Rules,method,antlr4,0.9,0.5,org.antlr.v4.test.rt.gen.ParserTestMethod,72,0,0,0,0,0,0
Java Logging Rules,method,antlr4,0.9,0.5,org.antlr.v4.test.rt.gen.ParserTestMethod,72,0,0,0,0,0,0
JavaBean Rules,method,antlr4,0.9,0.5,org.antlr.v4.test.rt.gen.ParserTestMethod,72,0,0,0,0,0,0
MigratingToJUnit4 Rules,method,antlr4,0.9,0.5,org.antlr.v4.test.rt.gen.ParserTestMethod,72,0,0,0,0,0,0
Migration Rules,method,antlr4,0.9,0.5,org.antlr.v4.test.rt.gen.ParserTestMethod,72,0,0,0,0,0,0
Migration13 Rules,method,antlr4,0.9,0.5,org.antlr.v4.test.rt.gen.ParserTestMethod,72,0,0,0,0,0,0
Migration14 Rules,method,antlr4,0.9,0.5,org.antlr.v4.test.rt.gen.ParserTestMethod,72,0,0,0,0,0,0
Migration15 Rules,method,antlr4,0.9,0.5,org.antlr.v4.test.rt.gen.ParserTestMethod,72,0,0,0,0,0,0
Naming Rules,method,antlr4,0.9,0.5,org.antlr.v4.test.rt.gen.ParserTestMethod,72,0,0,0,0,0,0
Optimization Rules,method,antlr4,0.9,0.5,org.antlr.v4.test.rt.gen.ParserTestMethod,72,0,0,0,0,0,0
Security Code Guideline Rules,method,antlr4,0.9,0.5,org.antlr.v4.test.rt.gen.ParserTestMethod,72,0,0,0,0,0,0
Strict Exception Rules,method,antlr4,0.9,0.5,org.antlr.v4.test.rt.gen.ParserTestMethod,72,0,0,0,0,0,0
String and StringBuffer Rules,method,antlr4,0.9,0.5,org.antlr.v4.test.rt.gen.ParserTestMethod,72,0,0,0,0,0,0
Type Resolution Rules,method,antlr4,0.9,0.5,org.antlr.v4.test.rt.gen.ParserTestMethod,72,0,0,0,0,0,0
Unnecessary and Unused Code Rules,method,antlr4,0.9,0.5,org.antlr.v4.test.rt.gen.ParserTestMethod,72,0,0,0,0,0,0
Vulnerability Rules,method,antlr4,0.9,0.5,org.antlr.v4.test.rt.gen.ParserTestMethod,72,0,0,0,0,0,0
CC,method,antlr4,0.9,0.5,org.antlr.v4.runtime.TokenStreamRewriter$InsertAfterOp,72,0,0,0,1,1,1
CCL,method,antlr4,0.9,0.5,org.antlr.v4.runtime.TokenStreamRewriter$InsertAfterOp,72,0,0,0,1,1,1
CCO,method,antlr4,0.9,0.5,org.antlr.v4.runtime.TokenStreamRewriter$InsertAfterOp,72,0,0,0,1,1,1
CI,method,antlr4,0.9,0.5,org.antlr.v4.runtime.TokenStreamRewriter$InsertAfterOp,72,0,0,0,1,1,1
CLC,method,antlr4,0.9,0.5,org.antlr.v4.runtime.TokenStreamRewriter$InsertAfterOp,72,0,0,0,1,1,1
CLLC,method,antlr4,0.9,0.5,org.antlr.v4.runtime.TokenStreamRewriter$InsertAfterOp,72,0,0,0,1,1,1
LDC,method,antlr4,0.9,0.5,org.antlr.v4.runtime.TokenStreamRewriter$InsertAfterOp,72,0,0,0,1,1,1
LLDC,method,antlr4,0.9,0.5,org.antlr.v4.runtime.TokenStreamRewriter$InsertAfterOp,72,0,0,0,1,1,1
HCPL,method,antlr4,0.9,0.5,org.antlr.v4.runtime.TokenStreamRewriter$InsertAfterOp,72,0,0,0,1,1,1
HDIF,method,antlr4,0.9,0.5,org.antlr.v4.runtime.TokenStreamRewriter$InsertAfterOp,72,0,0,0,1,1,1
HEFF,method,antlr4,0.9,0.5,org.antlr.v4.runtime.TokenStreamRewriter$InsertAfterOp,72,0,0,0,1,1,1
HNDB,method,antlr4,0.9,0.5,org.antlr.v4.runtime.TokenStreamRewriter$InsertAfterOp,72,0,0,0,1,1,1
HPL,method,antlr4,0.9,0.5,org.antlr.v4.runtime.TokenStreamRewriter$InsertAfterOp,72,0,0,0,1,1,1
HPV,method,antlr4,0.9,0.5,org.antlr.v4.runtime.TokenStreamRewriter$InsertAfterOp,72,0,0,0,1,1,1
HTRP,method,antlr4,0.9,0.5,org.antlr.v4.runtime.TokenStreamRewriter$InsertAfterOp,72,0,0,0,1,1,1
HVOL,method,antlr4,0.9,0.5,org.antlr.v4.runtime.TokenStreamRewriter$InsertAfterOp,72,0,0,0,1,1,1
MI,method,antlr4,0.9,0.5,org.antlr.v4.runtime.TokenStreamRewriter$InsertAfterOp,72,0,0,0,1,1,1
MIMS,method,antlr4,0.9,0.5,org.antlr.v4.runtime.TokenStreamRewriter$InsertAfterOp,72,0,0,0,1,1,1
MISEI,method,antlr4,0.9,0.5,org.antlr.v4.runtime.TokenStreamRewriter$InsertAfterOp,72,0,0,0,1,1,1
MISM,method,antlr4,0.9,0.5,org.antlr.v4.runtime.TokenStreamRewriter$InsertAfterOp,72,0,0,0,1,1,1
McCC,method,antlr4,0.9,0.5,org.antlr.v4.runtime.TokenStreamRewriter$InsertAfterOp,72,0,0,0,1,1,1
NL,method,antlr4,0.9,0.5,org.antlr.v4.runtime.TokenStreamRewriter$InsertAfterOp,72,0,0,0,1,1,1
NLE,method,antlr4,0.9,0.5,org.antlr.v4.runtime.TokenStreamRewriter$InsertAfterOp,72,0,0,0,1,1,1
NII,method,antlr4,0.9,0.5,org.antlr.v4.runtime.TokenStreamRewriter$InsertAfterOp,72,0,0,0,1,1,1
NOI,method,antlr4,0.9,0.5,org.antlr.v4.runtime.TokenStreamRewriter$InsertAfterOp,72,0,0,0,1,1,1
CD,method,antlr4,0.9,0.5,org.antlr.v4.runtime.TokenStreamRewriter$InsertAfterOp,72,0,0,0,1,1,1
CLOC,method,antlr4,0.9,0.5,org.antlr.v4.runtime.TokenStreamRewriter$InsertAfterOp,72,0,0,0,1,1,1
DLOC,method,antlr4,0.9,0.5,org.antlr.v4.runtime.TokenStreamRewriter$InsertAfterOp,72,0,0,0,1,1,1
TCD,method,antlr4,0.9,0.5,org.antlr.v4.runtime.TokenStreamRewriter$InsertAfterOp,72,0,0,0,1,1,1
TCLOC,method,antlr4,0.9,0.5,org.antlr.v4.runtime.TokenStreamRewriter$InsertAfterOp,72,0,0,0,1,1,1
LLOC,method,antlr4,0.9,0.5,org.antlr.v4.runtime.TokenStreamRewriter$InsertAfterOp,72,0,0,0,1,1,1
LOC,method,antlr4,0.9,0.5,org.antlr.v4.runtime.TokenStreamRewriter$InsertAfterOp,72,0,0,0,1,1,1
NOS,method,antlr4,0.9,0.5,org.antlr.v4.runtime.TokenStreamRewriter$InsertAfterOp,72,0,0,0,1,1,1
NUMPAR,method,antlr4,0.9,0.5,org.antlr.v4.runtime.TokenStreamRewriter$InsertAfterOp,72,0,0,0,1,1,1
TLLOC,method,antlr4,0.9,0.5,org.antlr.v4.runtime.TokenStreamRewriter$InsertAfterOp,72,0,0,0,1,1,1
TLOC,method,antlr4,0.9,0.5,org.antlr.v4.runtime.TokenStreamRewriter$InsertAfterOp,72,0,0,0,1,1,1
TNOS,method,antlr4,0.9,0.5,org.antlr.v4.runtime.TokenStreamRewriter$InsertAfterOp,72,0,0,0,0,0,0
WarningBlocker,method,antlr4,0.9,0.5,org.antlr.v4.runtime.TokenStreamRewriter$InsertAfterOp,72,0,0,0,0,0,0
WarningCritical,method,antlr4,0.9,0.5,org.antlr.v4.runtime.TokenStreamRewriter$InsertAfterOp,72,0,0,0,0,0,0
WarningInfo,method,antlr4,0.9,0.5,org.antlr.v4.runtime.TokenStreamRewriter$InsertAfterOp,72,0,0,0,0,0,0
WarningMajor,method,antlr4,0.9,0.5,org.antlr.v4.runtime.TokenStreamRewriter$InsertAfterOp,72,0,0,0,0,0,0
WarningMinor,method,antlr4,0.9,0.5,org.antlr.v4.runtime.TokenStreamRewriter$InsertAfterOp,72,0,0,0,0,0,0
Android Rules,method,antlr4,0.9,0.5,org.antlr.v4.runtime.TokenStreamRewriter$InsertAfterOp,72,0,0,0,0,0,0
Basic Rules,method,antlr4,0.9,0.5,org.antlr.v4.runtime.TokenStreamRewriter$InsertAfterOp,72,0,0,0,0,0,0
Brace Rules,method,antlr4,0.9,0.5,org.antlr.v4.runtime.TokenStreamRewriter$InsertAfterOp,72,0,0,0,0,0,0
Clone Implementation Rules,method,antlr4,0.9,0.5,org.antlr.v4.runtime.TokenStreamRewriter$InsertAfterOp,72,0,0,0,0,0,0
Code Size Rules,method,antlr4,0.9,0.5,org.antlr.v4.runtime.TokenStreamRewriter$InsertAfterOp,72,0,0,0,0,0,0
Comment Rules,method,antlr4,0.9,0.5,org.antlr.v4.runtime.TokenStreamRewriter$InsertAfterOp,72,0,0,0,0,0,0
Controversial Rules,method,antlr4,0.9,0.5,org.antlr.v4.runtime.TokenStreamRewriter$InsertAfterOp,72,0,0,0,0,0,0
Coupling Rules,method,antlr4,0.9,0.5,org.antlr.v4.runtime.TokenStreamRewriter$InsertAfterOp,72,0,0,0,0,0,0
Design Rules,method,antlr4,0.9,0.5,org.antlr.v4.runtime.TokenStreamRewriter$InsertAfterOp,72,0,0,0,0,0,0
Empty Code Rules,method,antlr4,0.9,0.5,org.antlr.v4.runtime.TokenStreamRewriter$InsertAfterOp,72,0,0,0,0,0,0
Finalizer Rules,method,antlr4,0.9,0.5,org.antlr.v4.runtime.TokenStreamRewriter$InsertAfterOp,72,0,0,0,0,0,0
Import Statement Rules,method,antlr4,0.9,0.5,org.antlr.v4.runtime.TokenStreamRewriter$InsertAfterOp,72,0,0,0,0,0,0
J2EE Rules,method,antlr4,0.9,0.5,org.antlr.v4.runtime.TokenStreamRewriter$InsertAfterOp,72,0,0,0,0,0,0
JUnit Rules,method,antlr4,0.9,0.5,org.antlr.v4.runtime.TokenStreamRewriter$InsertAfterOp,72,0,0,0,0,0,0
Jakarta Commons Logging Rules,method,antlr4,0.9,0.5,org.antlr.v4.runtime.TokenStreamRewriter$InsertAfterOp,72,0,0,0,0,0,0
Java Logging Rules,method,antlr4,0.9,0.5,org.antlr.v4.runtime.TokenStreamRewriter$InsertAfterOp,72,0,0,0,0,0,0
JavaBean Rules,method,antlr4,0.9,0.5,org.antlr.v4.runtime.TokenStreamRewriter$InsertAfterOp,72,0,0,0,0,0,0
MigratingToJUnit4 Rules,method,antlr4,0.9,0.5,org.antlr.v4.runtime.TokenStreamRewriter$InsertAfterOp,72,0,0,0,0,0,0
Migration Rules,method,antlr4,0.9,0.5,org.antlr.v4.runtime.TokenStreamRewriter$InsertAfterOp,72,0,0,0,0,0,0
Migration13 Rules,method,antlr4,0.9,0.5,org.antlr.v4.runtime.TokenStreamRewriter$InsertAfterOp,72,0,0,0,0,0,0
Migration14 Rules,method,antlr4,0.9,0.5,org.antlr.v4.runtime.TokenStreamRewriter$InsertAfterOp,72,0,0,0,0,0,0
Migration15 Rules,method,antlr4,0.9,0.5,org.antlr.v4.runtime.TokenStreamRewriter$InsertAfterOp,72,0,0,0,0,0,0
Naming Rules,method,antlr4,0.9,0.5,org.antlr.v4.runtime.TokenStreamRewriter$InsertAfterOp,72,0,0,0,0,0,0
Optimization Rules,method,antlr4,0.9,0.5,org.antlr.v4.runtime.TokenStreamRewriter$InsertAfterOp,72,0,0,0,0,0,0
Security Code Guideline Rules,method,antlr4,0.9,0.5,org.antlr.v4.runtime.TokenStreamRewriter$InsertAfterOp,72,0,0,0,0,0,0
Strict Exception Rules,method,antlr4,0.9,0.5,org.antlr.v4.runtime.TokenStreamRewriter$InsertAfterOp,72,0,0,0,0,0,0
String and StringBuffer Rules,method,antlr4,0.9,0.5,org.antlr.v4.runtime.TokenStreamRewriter$InsertAfterOp,72,0,0,0,0,0,0
Type Resolution Rules,method,antlr4,0.9,0.5,org.antlr.v4.runtime.TokenStreamRewriter$InsertAfterOp,72,0,0,0,0,0,0
Unnecessary and Unused Code Rules,method,antlr4,0.9,0.5,org.antlr.v4.runtime.TokenStreamRewriter$InsertAfterOp,72,0,0,0,0,0,0
Vulnerability Rules,method,antlr4,0.9,0.5,org.antlr.v4.runtime.TokenStreamRewriter$InsertAfterOp,72,0,0,0,0,0,0
CC,method,antlr4,0.9,0.5,org.antlr.v4.test.rt.java.TestSemPredEvalLexer,504,1,1,1,1,1,1
CCL,method,antlr4,0.9,0.5,org.antlr.v4.test.rt.java.TestSemPredEvalLexer,504,1,1,1,1,1,1
CCO,method,antlr4,0.9,0.5,org.antlr.v4.test.rt.java.TestSemPredEvalLexer,504,1,1,1,1,1,1
CI,method,antlr4,0.9,0.5,org.antlr.v4.test.rt.java.TestSemPredEvalLexer,504,1,1,1,1,1,1
CLC,method,antlr4,0.9,0.5,org.antlr.v4.test.rt.java.TestSemPredEvalLexer,504,1,1,1,1,1,1
CLLC,method,antlr4,0.9,0.5,org.antlr.v4.test.rt.java.TestSemPredEvalLexer,504,1,1,1,1,1,1
LDC,method,antlr4,0.9,0.5,org.antlr.v4.test.rt.java.TestSemPredEvalLexer,504,1,1,1,1,1,1
LLDC,method,antlr4,0.9,0.5,org.antlr.v4.test.rt.java.TestSemPredEvalLexer,504,1,1,1,1,1,1
HCPL,method,antlr4,0.9,0.5,org.antlr.v4.test.rt.java.TestSemPredEvalLexer,504,1,1,1,1,1,1
HDIF,method,antlr4,0.9,0.5,org.antlr.v4.test.rt.java.TestSemPredEvalLexer,504,1,1,1,1,1,1
HEFF,method,antlr4,0.9,0.5,org.antlr.v4.test.rt.java.TestSemPredEvalLexer,504,1,1,1,1,1,1
HNDB,method,antlr4,0.9,0.5,org.antlr.v4.test.rt.java.TestSemPredEvalLexer,504,1,1,1,1,1,1
HPL,method,antlr4,0.9,0.5,org.antlr.v4.test.rt.java.TestSemPredEvalLexer,504,1,1,1,1,1,1
HPV,method,antlr4,0.9,0.5,org.antlr.v4.test.rt.java.TestSemPredEvalLexer,504,1,1,1,1,1,1
HTRP,method,antlr4,0.9,0.5,org.antlr.v4.test.rt.java.TestSemPredEvalLexer,504,1,1,1,1,1,1
HVOL,method,antlr4,0.9,0.5,org.antlr.v4.test.rt.java.TestSemPredEvalLexer,504,1,1,1,1,1,1
MI,method,antlr4,0.9,0.5,org.antlr.v4.test.rt.java.TestSemPredEvalLexer,504,1,1,1,1,1,1
MIMS,method,antlr4,0.9,0.5,org.antlr.v4.test.rt.java.TestSemPredEvalLexer,504,1,1,1,1,1,1
MISEI,method,antlr4,0.9,0.5,org.antlr.v4.test.rt.java.TestSemPredEvalLexer,504,1,1,1,1,1,1
MISM,method,antlr4,0.9,0.5,org.antlr.v4.test.rt.java.TestSemPredEvalLexer,504,1,1,1,1,1,1
McCC,method,antlr4,0.9,0.5,org.antlr.v4.test.rt.java.TestSemPredEvalLexer,504,0,0,0,1,1,1
NL,method,antlr4,0.9,0.5,org.antlr.v4.test.rt.java.TestSemPredEvalLexer,504,0,0,0,1,1,1
NLE,method,antlr4,0.9,0.5,org.antlr.v4.test.rt.java.TestSemPredEvalLexer,504,0,0,0,1,1,1
NII,method,antlr4,0.9,0.5,org.antlr.v4.test.rt.java.TestSemPredEvalLexer,504,0,0,0,1,1,1
NOI,method,antlr4,0.9,0.5,org.antlr.v4.test.rt.java.TestSemPredEvalLexer,504,0,0,0,1,1,1
CD,method,antlr4,0.9,0.5,org.antlr.v4.test.rt.java.TestSemPredEvalLexer,504,0,0,0,1,1,1
CLOC,method,antlr4,0.9,0.5,org.antlr.v4.test.rt.java.TestSemPredEvalLexer,504,0,0,0,1,1,1
DLOC,method,antlr4,0.9,0.5,org.antlr.v4.test.rt.java.TestSemPredEvalLexer,504,0,0,0,1,1,1
TCD,method,antlr4,0.9,0.5,org.antlr.v4.test.rt.java.TestSemPredEvalLexer,504,0,0,0,1,1,1
TCLOC,method,antlr4,0.9,0.5,org.antlr.v4.test.rt.java.TestSemPredEvalLexer,504,0,0,0,1,1,1
LLOC,method,antlr4,0.9,0.5,org.antlr.v4.test.rt.java.TestSemPredEvalLexer,504,1,1,1,1,1,1
LOC,method,antlr4,0.9,0.5,org.antlr.v4.test.rt.java.TestSemPredEvalLexer,504,1,1,1,1,1,1
NOS,method,antlr4,0.9,0.5,org.antlr.v4.test.rt.java.TestSemPredEvalLexer,504,0,0,0,1,1,1
NUMPAR,method,antlr4,0.9,0.5,org.antlr.v4.test.rt.java.TestSemPredEvalLexer,504,0,0,0,1,1,1
TLLOC,method,antlr4,0.9,0.5,org.antlr.v4.test.rt.java.TestSemPredEvalLexer,504,1,1,1,1,1,1
TLOC,method,antlr4,0.9,0.5,org.antlr.v4.test.rt.java.TestSemPredEvalLexer,504,1,1,1,1,1,1
TNOS,method,antlr4,0.9,0.5,org.antlr.v4.test.rt.java.TestSemPredEvalLexer,504,0,0,0,0,0,0
WarningBlocker,method,antlr4,0.9,0.5,org.antlr.v4.test.rt.java.TestSemPredEvalLexer,504,0,0,0,0,0,0
WarningCritical,method,antlr4,0.9,0.5,org.antlr.v4.test.rt.java.TestSemPredEvalLexer,504,0,0,0,0,0,0
WarningInfo,method,antlr4,0.9,0.5,org.antlr.v4.test.rt.java.TestSemPredEvalLexer,504,0,0,0,0,0,0
WarningMajor,method,antlr4,0.9,0.5,org.antlr.v4.test.rt.java.TestSemPredEvalLexer,504,0,0,0,0,0,0
WarningMinor,method,antlr4,0.9,0.5,org.antlr.v4.test.rt.java.TestSemPredEvalLexer,504,0,0,0,0,0,0
Android Rules,method,antlr4,0.9,0.5,org.antlr.v4.test.rt.java.TestSemPredEvalLexer,504,0,0,0,0,0,0
Basic Rules,method,antlr4,0.9,0.5,org.antlr.v4.test.rt.java.TestSemPredEvalLexer,504,0,0,0,0,0,0
Brace Rules,method,antlr4,0.9,0.5,org.antlr.v4.test.rt.java.TestSemPredEvalLexer,504,0,0,0,0,0,0
Clone Implementation Rules,method,antlr4,0.9,0.5,org.antlr.v4.test.rt.java.TestSemPredEvalLexer,504,0,0,0,0,0,0
Code Size Rules,method,antlr4,0.9,0.5,org.antlr.v4.test.rt.java.TestSemPredEvalLexer,504,0,0,0,0,0,0
Comment Rules,method,antlr4,0.9,0.5,org.antlr.v4.test.rt.java.TestSemPredEvalLexer,504,0,0,0,0,0,0
Controversial Rules,method,antlr4,0.9,0.5,org.antlr.v4.test.rt.java.TestSemPredEvalLexer,504,0,0,0,0,0,0
Coupling Rules,method,antlr4,0.9,0.5,org.antlr.v4.test.rt.java.TestSemPredEvalLexer,504,0,0,0,0,0,0
Design Rules,method,antlr4,0.9,0.5,org.antlr.v4.test.rt.java.TestSemPredEvalLexer,504,0,0,0,0,0,0
Empty Code Rules,method,antlr4,0.9,0.5,org.antlr.v4.test.rt.java.TestSemPredEvalLexer,504,0,0,0,0,0,0
Finalizer Rules,method,antlr4,0.9,0.5,org.antlr.v4.test.rt.java.TestSemPredEvalLexer,504,0,0,0,0,0,0
Import Statement Rules,method,antlr4,0.9,0.5,org.antlr.v4.test.rt.java.TestSemPredEvalLexer,504,0,0,0,0,0,0
J2EE Rules,method,antlr4,0.9,0.5,org.antlr.v4.test.rt.java.TestSemPredEvalLexer,504,0,0,0,0,0,0
JUnit Rules,method,antlr4,0.9,0.5,org.antlr.v4.test.rt.java.TestSemPredEvalLexer,504,0,0,0,0,0,0
Jakarta Commons Logging Rules,method,antlr4,0.9,0.5,org.antlr.v4.test.rt.java.TestSemPredEvalLexer,504,0,0,0,0,0,0
Java Logging Rules,method,antlr4,0.9,0.5,org.antlr.v4.test.rt.java.TestSemPredEvalLexer,504,0,0,0,0,0,0
JavaBean Rules,method,antlr4,0.9,0.5,org.antlr.v4.test.rt.java.TestSemPredEvalLexer,504,0,0,0,0,0,0
MigratingToJUnit4 Rules,method,antlr4,0.9,0.5,org.antlr.v4.test.rt.java.TestSemPredEvalLexer,504,0,0,0,0,0,0
Migration Rules,method,antlr4,0.9,0.5,org.antlr.v4.test.rt.java.TestSemPredEvalLexer,504,0,0,0,0,0,0
Migration13 Rules,method,antlr4,0.9,0.5,org.antlr.v4.test.rt.java.TestSemPredEvalLexer,504,0,0,0,0,0,0
Migration14 Rules,method,antlr4,0.9,0.5,org.antlr.v4.test.rt.java.TestSemPredEvalLexer,504,0,0,0,0,0,0
Migration15 Rules,method,antlr4,0.9,0.5,org.antlr.v4.test.rt.java.TestSemPredEvalLexer,504,0,0,0,0,0,0
Naming Rules,method,antlr4,0.9,0.5,org.antlr.v4.test.rt.java.TestSemPredEvalLexer,504,0,0,0,0,0,0
Optimization Rules,method,antlr4,0.9,0.5,org.antlr.v4.test.rt.java.TestSemPredEvalLexer,504,0,0,0,0,0,0
Security Code Guideline Rules,method,antlr4,0.9,0.5,org.antlr.v4.test.rt.java.TestSemPredEvalLexer,504,0,0,0,0,0,0
Strict Exception Rules,method,antlr4,0.9,0.5,org.antlr.v4.test.rt.java.TestSemPredEvalLexer,504,0,0,0,0,0,0
String and StringBuffer Rules,method,antlr4,0.9,0.5,org.antlr.v4.test.rt.java.TestSemPredEvalLexer,504,0,0,0,0,0,0
Type Resolution Rules,method,antlr4,0.9,0.5,org.antlr.v4.test.rt.java.TestSemPredEvalLexer,504,0,0,0,0,0,0
Unnecessary and Unused Code Rules,method,antlr4,0.9,0.5,org.antlr.v4.test.rt.java.TestSemPredEvalLexer,504,0,0,0,0,0,0
Vulnerability Rules,method,antlr4,0.9,0.5,org.antlr.v4.test.rt.java.TestSemPredEvalLexer,504,0,0,0,0,0,0
CC,method,antlr4,0.9,0.5,org.antlr.v4.test.tool.TestErrorSets,216,1,1,1,1,1,1
CCL,method,antlr4,0.9,0.5,org.antlr.v4.test.tool.TestErrorSets,216,1,1,1,1,1,1
CCO,method,antlr4,0.9,0.5,org.antlr.v4.test.tool.TestErrorSets,216,1,1,1,1,1,1
CI,method,antlr4,0.9,0.5,org.antlr.v4.test.tool.TestErrorSets,216,1,1,1,1,1,1
CLC,method,antlr4,0.9,0.5,org.antlr.v4.test.tool.TestErrorSets,216,1,1,1,1,1,1
CLLC,method,antlr4,0.9,0.5,org.antlr.v4.test.tool.TestErrorSets,216,1,1,1,1,1,1
LDC,method,antlr4,0.9,0.5,org.antlr.v4.test.tool.TestErrorSets,216,1,1,1,1,1,1
LLDC,method,antlr4,0.9,0.5,org.antlr.v4.test.tool.TestErrorSets,216,1,1,1,1,1,1
HCPL,method,antlr4,0.9,0.5,org.antlr.v4.test.tool.TestErrorSets,216,1,1,1,1,1,1
HDIF,method,antlr4,0.9,0.5,org.antlr.v4.test.tool.TestErrorSets,216,1,1,1,1,1,1
HEFF,method,antlr4,0.9,0.5,org.antlr.v4.test.tool.TestErrorSets,216,1,1,1,1,1,1
HNDB,method,antlr4,0.9,0.5,org.antlr.v4.test.tool.TestErrorSets,216,1,1,1,1,1,1
HPL,method,antlr4,0.9,0.5,org.antlr.v4.test.tool.TestErrorSets,216,1,1,1,1,1,1
HPV,method,antlr4,0.9,0.5,org.antlr.v4.test.tool.TestErrorSets,216,1,1,1,1,1,1
HTRP,method,antlr4,0.9,0.5,org.antlr.v4.test.tool.TestErrorSets,216,1,1,1,1,1,1
HVOL,method,antlr4,0.9,0.5,org.antlr.v4.test.tool.TestErrorSets,216,1,1,1,1,1,1
MI,method,antlr4,0.9,0.5,org.antlr.v4.test.tool.TestErrorSets,216,1,1,1,1,1,1
MIMS,method,antlr4,0.9,0.5,org.antlr.v4.test.tool.TestErrorSets,216,1,1,1,1,1,1
MISEI,method,antlr4,0.9,0.5,org.antlr.v4.test.tool.TestErrorSets,216,1,1,1,1,1,1
MISM,method,antlr4,0.9,0.5,org.antlr.v4.test.tool.TestErrorSets,216,1,1,1,1,1,1
McCC,method,antlr4,0.9,0.5,org.antlr.v4.test.tool.TestErrorSets,216,0,0,0,1,1,1
NL,method,antlr4,0.9,0.5,org.antlr.v4.test.tool.TestErrorSets,216,0,0,0,1,1,1
NLE,method,antlr4,0.9,0.5,org.antlr.v4.test.tool.TestErrorSets,216,0,0,0,1,1,1
NII,method,antlr4,0.9,0.5,org.antlr.v4.test.tool.TestErrorSets,216,0,0,0,1,1,1
NOI,method,antlr4,0.9,0.5,org.antlr.v4.test.tool.TestErrorSets,216,1,1,1,1,1,1
CD,method,antlr4,0.9,0.5,org.antlr.v4.test.tool.TestErrorSets,216,1,1,1,1,1,1
CLOC,method,antlr4,0.9,0.5,org.antlr.v4.test.tool.TestErrorSets,216,0,0,0,1,1,1
DLOC,method,antlr4,0.9,0.5,org.antlr.v4.test.tool.TestErrorSets,216,1,1,1,1,1,1
TCD,method,antlr4,0.9,0.5,org.antlr.v4.test.tool.TestErrorSets,216,1,1,1,1,1,1
TCLOC,method,antlr4,0.9,0.5,org.antlr.v4.test.tool.TestErrorSets,216,0,0,0,1,1,1
LLOC,method,antlr4,0.9,0.5,org.antlr.v4.test.tool.TestErrorSets,216,1,1,1,1,1,1
LOC,method,antlr4,0.9,0.5,org.antlr.v4.test.tool.TestErrorSets,216,1,1,1,1,1,1
NOS,method,antlr4,0.9,0.5,org.antlr.v4.test.tool.TestErrorSets,216,1,1,1,1,1,1
NUMPAR,method,antlr4,0.9,0.5,org.antlr.v4.test.tool.TestErrorSets,216,0,0,0,1,1,1
TLLOC,method,antlr4,0.9,0.5,org.antlr.v4.test.tool.TestErrorSets,216,1,1,1,1,1,1
TLOC,method,antlr4,0.9,0.5,org.antlr.v4.test.tool.TestErrorSets,216,1,1,1,1,1,1
TNOS,method,antlr4,0.9,0.5,org.antlr.v4.test.tool.TestErrorSets,216,0,0,0,0,0,0
WarningBlocker,method,antlr4,0.9,0.5,org.antlr.v4.test.tool.TestErrorSets,216,0,0,0,0,0,0
WarningCritical,method,antlr4,0.9,0.5,org.antlr.v4.test.tool.TestErrorSets,216,0,0,0,0,0,0
WarningInfo,method,antlr4,0.9,0.5,org.antlr.v4.test.tool.TestErrorSets,216,0,0,0,0,0,0
WarningMajor,method,antlr4,0.9,0.5,org.antlr.v4.test.tool.TestErrorSets,216,0,0,0,0,0,0
WarningMinor,method,antlr4,0.9,0.5,org.antlr.v4.test.tool.TestErrorSets,216,0,0,0,0,0,0
Android Rules,method,antlr4,0.9,0.5,org.antlr.v4.test.tool.TestErrorSets,216,0,0,0,0,0,0
Basic Rules,method,antlr4,0.9,0.5,org.antlr.v4.test.tool.TestErrorSets,216,0,0,0,0,0,0
Brace Rules,method,antlr4,0.9,0.5,org.antlr.v4.test.tool.TestErrorSets,216,0,0,0,0,0,0
Clone Implementation Rules,method,antlr4,0.9,0.5,org.antlr.v4.test.tool.TestErrorSets,216,0,0,0,0,0,0
Code Size Rules,method,antlr4,0.9,0.5,org.antlr.v4.test.tool.TestErrorSets,216,0,0,0,0,0,0
Comment Rules,method,antlr4,0.9,0.5,org.antlr.v4.test.tool.TestErrorSets,216,0,0,0,0,0,0
Controversial Rules,method,antlr4,0.9,0.5,org.antlr.v4.test.tool.TestErrorSets,216,0,0,0,0,0,0
Coupling Rules,method,antlr4,0.9,0.5,org.antlr.v4.test.tool.TestErrorSets,216,0,0,0,0,0,0
Design Rules,method,antlr4,0.9,0.5,org.antlr.v4.test.tool.TestErrorSets,216,0,0,0,0,0,0
Empty Code Rules,method,antlr4,0.9,0.5,org.antlr.v4.test.tool.TestErrorSets,216,0,0,0,0,0,0
Finalizer Rules,method,antlr4,0.9,0.5,org.antlr.v4.test.tool.TestErrorSets,216,0,0,0,0,0,0
Import Statement Rules,method,antlr4,0.9,0.5,org.antlr.v4.test.tool.TestErrorSets,216,0,0,0,0,0,0
J2EE Rules,method,antlr4,0.9,0.5,org.antlr.v4.test.tool.TestErrorSets,216,0,0,0,0,0,0
JUnit Rules,method,antlr4,0.9,0.5,org.antlr.v4.test.tool.TestErrorSets,216,0,0,0,0,0,0
Jakarta Commons Logging Rules,method,antlr4,0.9,0.5,org.antlr.v4.test.tool.TestErrorSets,216,0,0,0,0,0,0
Java Logging Rules,method,antlr4,0.9,0.5,org.antlr.v4.test.tool.TestErrorSets,216,0,0,0,0,0,0
JavaBean Rules,method,antlr4,0.9,0.5,org.antlr.v4.test.tool.TestErrorSets,216,0,0,0,0,0,0
MigratingToJUnit4 Rules,method,antlr4,0.9,0.5,org.antlr.v4.test.tool.TestErrorSets,216,0,0,0,0,0,0
Migration Rules,method,antlr4,0.9,0.5,org.antlr.v4.test.tool.TestErrorSets,216,0,0,0,0,0,0
Migration13 Rules,method,antlr4,0.9,0.5,org.antlr.v4.test.tool.TestErrorSets,216,0,0,0,0,0,0
Migration14 Rules,method,antlr4,0.9,0.5,org.antlr.v4.test.tool.TestErrorSets,216,0,0,0,0,0,0
Migration15 Rules,method,antlr4,0.9,0.5,org.antlr.v4.test.tool.TestErrorSets,216,0,0,0,0,0,0
Naming Rules,method,antlr4,0.9,0.5,org.antlr.v4.test.tool.TestErrorSets,216,0,0,0,0,0,0
Optimization Rules,method,antlr4,0.9,0.5,org.antlr.v4.test.tool.TestErrorSets,216,0,0,0,0,0,0
Security Code Guideline Rules,method,antlr4,0.9,0.5,org.antlr.v4.test.tool.TestErrorSets,216,0,0,0,0,0,0
Strict Exception Rules,method,antlr4,0.9,0.5,org.antlr.v4.test.tool.TestErrorSets,216,0,0,0,0,0,0
String and StringBuffer Rules,method,antlr4,0.9,0.5,org.antlr.v4.test.tool.TestErrorSets,216,0,0,0,0,0,0
Type Resolution Rules,method,antlr4,0.9,0.5,org.antlr.v4.test.tool.TestErrorSets,216,0,0,0,0,0,0
Unnecessary and Unused Code Rules,method,antlr4,0.9,0.5,org.antlr.v4.test.tool.TestErrorSets,216,0,0,0,0,0,0
Vulnerability Rules,method,antlr4,0.9,0.5,org.antlr.v4.test.tool.TestErrorSets,216,0,0,0,0,0,0
CC,method,antlr4,0.9,0.5,org.antlr.v4.test.rt.gen.CompositeLexerTestMethod,216,0,0,0,1,1,1
CCL,method,antlr4,0.9,0.5,org.antlr.v4.test.rt.gen.CompositeLexerTestMethod,216,0,0,0,1,1,1
CCO,method,antlr4,0.9,0.5,org.antlr.v4.test.rt.gen.CompositeLexerTestMethod,216,0,0,0,1,1,1
CI,method,antlr4,0.9,0.5,org.antlr.v4.test.rt.gen.CompositeLexerTestMethod,216,0,0,0,1,1,1
CLC,method,antlr4,0.9,0.5,org.antlr.v4.test.rt.gen.CompositeLexerTestMethod,216,0,0,0,1,1,1
CLLC,method,antlr4,0.9,0.5,org.antlr.v4.test.rt.gen.CompositeLexerTestMethod,216,0,0,0,1,1,1
LDC,method,antlr4,0.9,0.5,org.antlr.v4.test.rt.gen.CompositeLexerTestMethod,216,0,0,0,1,1,1
LLDC,method,antlr4,0.9,0.5,org.antlr.v4.test.rt.gen.CompositeLexerTestMethod,216,0,0,0,1,1,1
HCPL,method,antlr4,0.9,0.5,org.antlr.v4.test.rt.gen.CompositeLexerTestMethod,216,1,1,1,1,1,1
HDIF,method,antlr4,0.9,0.5,org.antlr.v4.test.rt.gen.CompositeLexerTestMethod,216,1,1,1,1,1,1
HEFF,method,antlr4,0.9,0.5,org.antlr.v4.test.rt.gen.CompositeLexerTestMethod,216,1,1,1,1,1,1
HNDB,method,antlr4,0.9,0.5,org.antlr.v4.test.rt.gen.CompositeLexerTestMethod,216,1,1,1,1,1,1
HPL,method,antlr4,0.9,0.5,org.antlr.v4.test.rt.gen.CompositeLexerTestMethod,216,1,1,1,1,1,1
HPV,method,antlr4,0.9,0.5,org.antlr.v4.test.rt.gen.CompositeLexerTestMethod,216,1,1,1,1,1,1
HTRP,method,antlr4,0.9,0.5,org.antlr.v4.test.rt.gen.CompositeLexerTestMethod,216,1,1,1,1,1,1
HVOL,method,antlr4,0.9,0.5,org.antlr.v4.test.rt.gen.CompositeLexerTestMethod,216,1,1,1,1,1,1
MI,method,antlr4,0.9,0.5,org.antlr.v4.test.rt.gen.CompositeLexerTestMethod,216,1,1,1,1,1,1
MIMS,method,antlr4,0.9,0.5,org.antlr.v4.test.rt.gen.CompositeLexerTestMethod,216,1,1,1,1,1,1
MISEI,method,antlr4,0.9,0.5,org.antlr.v4.test.rt.gen.CompositeLexerTestMethod,216,1,1,1,1,1,1
MISM,method,antlr4,0.9,0.5,org.antlr.v4.test.rt.gen.CompositeLexerTestMethod,216,1,1,1,1,1,1
McCC,method,antlr4,0.9,0.5,org.antlr.v4.test.rt.gen.CompositeLexerTestMethod,216,0,0,0,1,1,1
NL,method,antlr4,0.9,0.5,org.antlr.v4.test.rt.gen.CompositeLexerTestMethod,216,0,0,0,1,1,1
NLE,method,antlr4,0.9,0.5,org.antlr.v4.test.rt.gen.CompositeLexerTestMethod,216,0,0,0,1,1,1
NII,method,antlr4,0.9,0.5,org.antlr.v4.test.rt.gen.CompositeLexerTestMethod,216,0,0,0,1,1,1
NOI,method,antlr4,0.9,0.5,org.antlr.v4.test.rt.gen.CompositeLexerTestMethod,216,0,0,0,1,1,1
CD,method,antlr4,0.9,0.5,org.antlr.v4.test.rt.gen.CompositeLexerTestMethod,216,0,0,0,1,1,1
CLOC,method,antlr4,0.9,0.5,org.antlr.v4.test.rt.gen.CompositeLexerTestMethod,216,0,0,0,1,1,1
DLOC,method,antlr4,0.9,0.5,org.antlr.v4.test.rt.gen.CompositeLexerTestMethod,216,0,0,0,1,1,1
TCD,method,antlr4,0.9,0.5,org.antlr.v4.test.rt.gen.CompositeLexerTestMethod,216,0,0,0,1,1,1
TCLOC,method,antlr4,0.9,0.5,org.antlr.v4.test.rt.gen.CompositeLexerTestMethod,216,0,0,0,1,1,1
LLOC,method,antlr4,0.9,0.5,org.antlr.v4.test.rt.gen.CompositeLexerTestMethod,216,1,1,1,1,1,1
LOC,method,antlr4,0.9,0.5,org.antlr.v4.test.rt.gen.CompositeLexerTestMethod,216,1,1,1,1,1,1
NOS,method,antlr4,0.9,0.5,org.antlr.v4.test.rt.gen.CompositeLexerTestMethod,216,1,1,1,1,1,1
NUMPAR,method,antlr4,0.9,0.5,org.antlr.v4.test.rt.gen.CompositeLexerTestMethod,216,1,1,1,1,1,1
TLLOC,method,antlr4,0.9,0.5,org.antlr.v4.test.rt.gen.CompositeLexerTestMethod,216,1,1,1,1,1,1
TLOC,method,antlr4,0.9,0.5,org.antlr.v4.test.rt.gen.CompositeLexerTestMethod,216,1,1,1,1,1,1
TNOS,method,antlr4,0.9,0.5,org.antlr.v4.test.rt.gen.CompositeLexerTestMethod,216,0,0,0,0,0,0
WarningBlocker,method,antlr4,0.9,0.5,org.antlr.v4.test.rt.gen.CompositeLexerTestMethod,216,0,0,0,0,0,0
WarningCritical,method,antlr4,0.9,0.5,org.antlr.v4.test.rt.gen.CompositeLexerTestMethod,216,0,0,0,0,0,0
WarningInfo,method,antlr4,0.9,0.5,org.antlr.v4.test.rt.gen.CompositeLexerTestMethod,216,0,0,0,0,0,0
WarningMajor,method,antlr4,0.9,0.5,org.antlr.v4.test.rt.gen.CompositeLexerTestMethod,216,0,0,0,0,0,0
WarningMinor,method,antlr4,0.9,0.5,org.antlr.v4.test.rt.gen.CompositeLexerTestMethod,216,0,0,0,0,0,0
Android Rules,method,antlr4,0.9,0.5,org.antlr.v4.test.rt.gen.CompositeLexerTestMethod,216,0,0,0,0,0,0
Basic Rules,method,antlr4,0.9,0.5,org.antlr.v4.test.rt.gen.CompositeLexerTestMethod,216,0,0,0,0,0,0
Brace Rules,method,antlr4,0.9,0.5,org.antlr.v4.test.rt.gen.CompositeLexerTestMethod,216,0,0,0,0,0,0
Clone Implementation Rules,method,antlr4,0.9,0.5,org.antlr.v4.test.rt.gen.CompositeLexerTestMethod,216,0,0,0,0,0,0
Code Size Rules,method,antlr4,0.9,0.5,org.antlr.v4.test.rt.gen.CompositeLexerTestMethod,216,0,0,0,0,0,0
Comment Rules,method,antlr4,0.9,0.5,org.antlr.v4.test.rt.gen.CompositeLexerTestMethod,216,0,0,0,0,0,0
Controversial Rules,method,antlr4,0.9,0.5,org.antlr.v4.test.rt.gen.CompositeLexerTestMethod,216,0,0,0,0,0,0
Coupling Rules,method,antlr4,0.9,0.5,org.antlr.v4.test.rt.gen.CompositeLexerTestMethod,216,0,0,0,0,0,0
Design Rules,method,antlr4,0.9,0.5,org.antlr.v4.test.rt.gen.CompositeLexerTestMethod,216,0,0,0,0,0,0
Empty Code Rules,method,antlr4,0.9,0.5,org.antlr.v4.test.rt.gen.CompositeLexerTestMethod,216,0,0,0,0,0,0
Finalizer Rules,method,antlr4,0.9,0.5,org.antlr.v4.test.rt.gen.CompositeLexerTestMethod,216,0,0,0,0,0,0
Import Statement Rules,method,antlr4,0.9,0.5,org.antlr.v4.test.rt.gen.CompositeLexerTestMethod,216,0,0,0,0,0,0
J2EE Rules,method,antlr4,0.9,0.5,org.antlr.v4.test.rt.gen.CompositeLexerTestMethod,216,0,0,0,0,0,0
JUnit Rules,method,antlr4,0.9,0.5,org.antlr.v4.test.rt.gen.CompositeLexerTestMethod,216,0,0,0,0,0,0
Jakarta Commons Logging Rules,method,antlr4,0.9,0.5,org.antlr.v4.test.rt.gen.CompositeLexerTestMethod,216,0,0,0,0,0,0
Java Logging Rules,method,antlr4,0.9,0.5,org.antlr.v4.test.rt.gen.CompositeLexerTestMethod,216,0,0,0,0,0,0
JavaBean Rules,method,antlr4,0.9,0.5,org.antlr.v4.test.rt.gen.CompositeLexerTestMethod,216,0,0,0,0,0,0
MigratingToJUnit4 Rules,method,antlr4,0.9,0.5,org.antlr.v4.test.rt.gen.CompositeLexerTestMethod,216,0,0,0,0,0,0
Migration Rules,method,antlr4,0.9,0.5,org.antlr.v4.test.rt.gen.CompositeLexerTestMethod,216,0,0,0,0,0,0
Migration13 Rules,method,antlr4,0.9,0.5,org.antlr.v4.test.rt.gen.CompositeLexerTestMethod,216,0,0,0,0,0,0
Migration14 Rules,method,antlr4,0.9,0.5,org.antlr.v4.test.rt.gen.CompositeLexerTestMethod,216,0,0,0,0,0,0
Migration15 Rules,method,antlr4,0.9,0.5,org.antlr.v4.test.rt.gen.CompositeLexerTestMethod,216,0,0,0,0,0,0
Naming Rules,method,antlr4,0.9,0.5,org.antlr.v4.test.rt.gen.CompositeLexerTestMethod,216,0,0,0,0,0,0
Optimization Rules,method,antlr4,0.9,0.5,org.antlr.v4.test.rt.gen.CompositeLexerTestMethod,216,0,0,0,0,0,0
Security Code Guideline Rules,method,antlr4,0.9,0.5,org.antlr.v4.test.rt.gen.CompositeLexerTestMethod,216,0,0,0,0,0,0
Strict Exception Rules,method,antlr4,0.9,0.5,org.antlr.v4.test.rt.gen.CompositeLexerTestMethod,216,0,0,0,0,0,0
String and StringBuffer Rules,method,antlr4,0.9,0.5,org.antlr.v4.test.rt.gen.CompositeLexerTestMethod,216,0,0,0,0,0,0
Type Resolution Rules,method,antlr4,0.9,0.5,org.antlr.v4.test.rt.gen.CompositeLexerTestMethod,216,0,0,0,0,0,0
Unnecessary and Unused Code Rules,method,antlr4,0.9,0.5,org.antlr.v4.test.rt.gen.CompositeLexerTestMethod,216,0,0,0,0,0,0
Vulnerability Rules,method,antlr4,0.9,0.5,org.antlr.v4.test.rt.gen.CompositeLexerTestMethod,216,0,0,0,0,0,0
CC,method,antlr4,0.9,0.5,org.antlr.v4.runtime.misc.Utils,72,0,0,0,1,1,1
CCL,method,antlr4,0.9,0.5,org.antlr.v4.runtime.misc.Utils,72,0,0,0,1,1,1
CCO,method,antlr4,0.9,0.5,org.antlr.v4.runtime.misc.Utils,72,0,0,0,1,1,1
CI,method,antlr4,0.9,0.5,org.antlr.v4.runtime.misc.Utils,72,0,0,0,1,1,1
CLC,method,antlr4,0.9,0.5,org.antlr.v4.runtime.misc.Utils,72,0,0,0,1,1,1
CLLC,method,antlr4,0.9,0.5,org.antlr.v4.runtime.misc.Utils,72,0,0,0,1,1,1
LDC,method,antlr4,0.9,0.5,org.antlr.v4.runtime.misc.Utils,72,0,0,0,1,1,1
LLDC,method,antlr4,0.9,0.5,org.antlr.v4.runtime.misc.Utils,72,0,0,0,1,1,1
HCPL,method,antlr4,0.9,0.5,org.antlr.v4.runtime.misc.Utils,72,0,0,0,1,1,1
HDIF,method,antlr4,0.9,0.5,org.antlr.v4.runtime.misc.Utils,72,0,0,0,1,1,1
HEFF,method,antlr4,0.9,0.5,org.antlr.v4.runtime.misc.Utils,72,0,0,0,1,1,1
HNDB,method,antlr4,0.9,0.5,org.antlr.v4.runtime.misc.Utils,72,0,0,0,1,1,1
HPL,method,antlr4,0.9,0.5,org.antlr.v4.runtime.misc.Utils,72,0,0,0,1,1,1
HPV,method,antlr4,0.9,0.5,org.antlr.v4.runtime.misc.Utils,72,0,0,0,1,1,1
HTRP,method,antlr4,0.9,0.5,org.antlr.v4.runtime.misc.Utils,72,0,0,0,1,1,1
HVOL,method,antlr4,0.9,0.5,org.antlr.v4.runtime.misc.Utils,72,0,0,0,1,1,1
MI,method,antlr4,0.9,0.5,org.antlr.v4.runtime.misc.Utils,72,0,0,0,1,1,1
MIMS,method,antlr4,0.9,0.5,org.antlr.v4.runtime.misc.Utils,72,0,0,0,1,1,1
MISEI,method,antlr4,0.9,0.5,org.antlr.v4.runtime.misc.Utils,72,0,0,0,1,1,1
MISM,method,antlr4,0.9,0.5,org.antlr.v4.runtime.misc.Utils,72,0,0,0,1,1,1
McCC,method,antlr4,0.9,0.5,org.antlr.v4.runtime.misc.Utils,72,0,0,0,1,1,1
NL,method,antlr4,0.9,0.5,org.antlr.v4.runtime.misc.Utils,72,0,0,0,1,1,1
NLE,method,antlr4,0.9,0.5,org.antlr.v4.runtime.misc.Utils,72,0,0,0,1,1,1
NII,method,antlr4,0.9,0.5,org.antlr.v4.runtime.misc.Utils,72,0,0,0,1,1,1
NOI,method,antlr4,0.9,0.5,org.antlr.v4.runtime.misc.Utils,72,0,0,0,1,1,1
CD,method,antlr4,0.9,0.5,org.antlr.v4.runtime.misc.Utils,72,0,0,0,1,1,1
CLOC,method,antlr4,0.9,0.5,org.antlr.v4.runtime.misc.Utils,72,0,0,0,1,1,1
DLOC,method,antlr4,0.9,0.5,org.antlr.v4.runtime.misc.Utils,72,0,0,0,1,1,1
TCD,method,antlr4,0.9,0.5,org.antlr.v4.runtime.misc.Utils,72,0,0,0,1,1,1
TCLOC,method,antlr4,0.9,0.5,org.antlr.v4.runtime.misc.Utils,72,0,0,0,1,1,1
LLOC,method,antlr4,0.9,0.5,org.antlr.v4.runtime.misc.Utils,72,0,0,0,1,1,1
LOC,method,antlr4,0.9,0.5,org.antlr.v4.runtime.misc.Utils,72,0,0,0,1,1,1
NOS,method,antlr4,0.9,0.5,org.antlr.v4.runtime.misc.Utils,72,0,0,0,1,1,1
NUMPAR,method,antlr4,0.9,0.5,org.antlr.v4.runtime.misc.Utils,72,0,0,0,1,1,1
TLLOC,method,antlr4,0.9,0.5,org.antlr.v4.runtime.misc.Utils,72,0,0,0,1,1,1
TLOC,method,antlr4,0.9,0.5,org.antlr.v4.runtime.misc.Utils,72,0,0,0,1,1,1
TNOS,method,antlr4,0.9,0.5,org.antlr.v4.runtime.misc.Utils,72,0,0,0,0,0,0
WarningBlocker,method,antlr4,0.9,0.5,org.antlr.v4.runtime.misc.Utils,72,0,0,0,0,0,0
WarningCritical,method,antlr4,0.9,0.5,org.antlr.v4.runtime.misc.Utils,72,0,0,0,0,0,0
WarningInfo,method,antlr4,0.9,0.5,org.antlr.v4.runtime.misc.Utils,72,0,0,0,0,0,0
WarningMajor,method,antlr4,0.9,0.5,org.antlr.v4.runtime.misc.Utils,72,0,0,0,0,0,0
WarningMinor,method,antlr4,0.9,0.5,org.antlr.v4.runtime.misc.Utils,72,0,0,0,0,0,0
Android Rules,method,antlr4,0.9,0.5,org.antlr.v4.runtime.misc.Utils,72,0,0,0,0,0,0
Basic Rules,method,antlr4,0.9,0.5,org.antlr.v4.runtime.misc.Utils,72,0,0,0,0,0,0
Brace Rules,method,antlr4,0.9,0.5,org.antlr.v4.runtime.misc.Utils,72,0,0,0,0,0,0
Clone Implementation Rules,method,antlr4,0.9,0.5,org.antlr.v4.runtime.misc.Utils,72,0,0,0,0,0,0
Code Size Rules,method,antlr4,0.9,0.5,org.antlr.v4.runtime.misc.Utils,72,0,0,0,0,0,0
Comment Rules,method,antlr4,0.9,0.5,org.antlr.v4.runtime.misc.Utils,72,0,0,0,0,0,0
Controversial Rules,method,antlr4,0.9,0.5,org.antlr.v4.runtime.misc.Utils,72,0,0,0,0,0,0
Coupling Rules,method,antlr4,0.9,0.5,org.antlr.v4.runtime.misc.Utils,72,0,0,0,0,0,0
Design Rules,method,antlr4,0.9,0.5,org.antlr.v4.runtime.misc.Utils,72,0,0,0,0,0,0
Empty Code Rules,method,antlr4,0.9,0.5,org.antlr.v4.runtime.misc.Utils,72,0,0,0,0,0,0
Finalizer Rules,method,antlr4,0.9,0.5,org.antlr.v4.runtime.misc.Utils,72,0,0,0,0,0,0
Import Statement Rules,method,antlr4,0.9,0.5,org.antlr.v4.runtime.misc.Utils,72,0,0,0,0,0,0
J2EE Rules,method,antlr4,0.9,0.5,org.antlr.v4.runtime.misc.Utils,72,0,0,0,0,0,0
JUnit Rules,method,antlr4,0.9,0.5,org.antlr.v4.runtime.misc.Utils,72,0,0,0,0,0,0
Jakarta Commons Logging Rules,method,antlr4,0.9,0.5,org.antlr.v4.runtime.misc.Utils,72,0,0,0,0,0,0
Java Logging Rules,method,antlr4,0.9,0.5,org.antlr.v4.runtime.misc.Utils,72,0,0,0,0,0,0
JavaBean Rules,method,antlr4,0.9,0.5,org.antlr.v4.runtime.misc.Utils,72,0,0,0,0,0,0
MigratingToJUnit4 Rules,method,antlr4,0.9,0.5,org.antlr.v4.runtime.misc.Utils,72,0,0,0,0,0,0
Migration Rules,method,antlr4,0.9,0.5,org.antlr.v4.runtime.misc.Utils,72,0,0,0,0,0,0
Migration13 Rules,method,antlr4,0.9,0.5,org.antlr.v4.runtime.misc.Utils,72,0,0,0,0,0,0
Migration14 Rules,method,antlr4,0.9,0.5,org.antlr.v4.runtime.misc.Utils,72,0,0,0,0,0,0
Migration15 Rules,method,antlr4,0.9,0.5,org.antlr.v4.runtime.misc.Utils,72,0,0,0,0,0,0
Naming Rules,method,antlr4,0.9,0.5,org.antlr.v4.runtime.misc.Utils,72,0,0,0,0,0,0
Optimization Rules,method,antlr4,0.9,0.5,org.antlr.v4.runtime.misc.Utils,72,0,0,0,0,0,0
Security Code Guideline Rules,method,antlr4,0.9,0.5,org.antlr.v4.runtime.misc.Utils,72,0,0,0,0,0,0
Strict Exception Rules,method,antlr4,0.9,0.5,org.antlr.v4.runtime.misc.Utils,72,0,0,0,0,0,0
String and StringBuffer Rules,method,antlr4,0.9,0.5,org.antlr.v4.runtime.misc.Utils,72,0,0,0,0,0,0
Type Resolution Rules,method,antlr4,0.9,0.5,org.antlr.v4.runtime.misc.Utils,72,0,0,0,0,0,0
Unnecessary and Unused Code Rules,method,antlr4,0.9,0.5,org.antlr.v4.runtime.misc.Utils,72,0,0,0,0,0,0
Vulnerability Rules,method,antlr4,0.9,0.5,org.antlr.v4.runtime.misc.Utils,72,0,0,0,0,0,0
CC,method,antlr4,0.9,0.5,org.antlr.v4.test.TestCompositeGrammars,72,0,0,0,1,1,1
CCL,method,antlr4,0.9,0.5,org.antlr.v4.test.TestCompositeGrammars,72,0,0,0,1,1,1
CCO,method,antlr4,0.9,0.5,org.antlr.v4.test.TestCompositeGrammars,72,0,0,0,1,1,1
CI,method,antlr4,0.9,0.5,org.antlr.v4.test.TestCompositeGrammars,72,0,0,0,1,1,1
CLC,method,antlr4,0.9,0.5,org.antlr.v4.test.TestCompositeGrammars,72,0,0,0,1,1,1
CLLC,method,antlr4,0.9,0.5,org.antlr.v4.test.TestCompositeGrammars,72,0,0,0,1,1,1
LDC,method,antlr4,0.9,0.5,org.antlr.v4.test.TestCompositeGrammars,72,0,0,0,1,1,1
LLDC,method,antlr4,0.9,0.5,org.antlr.v4.test.TestCompositeGrammars,72,0,0,0,1,1,1
HCPL,method,antlr4,0.9,0.5,org.antlr.v4.test.TestCompositeGrammars,72,0,0,0,1,1,1
HDIF,method,antlr4,0.9,0.5,org.antlr.v4.test.TestCompositeGrammars,72,0,0,0,1,1,1
HEFF,method,antlr4,0.9,0.5,org.antlr.v4.test.TestCompositeGrammars,72,0,0,0,1,1,1
HNDB,method,antlr4,0.9,0.5,org.antlr.v4.test.TestCompositeGrammars,72,0,0,0,1,1,1
HPL,method,antlr4,0.9,0.5,org.antlr.v4.test.TestCompositeGrammars,72,0,0,0,1,1,1
HPV,method,antlr4,0.9,0.5,org.antlr.v4.test.TestCompositeGrammars,72,0,0,0,1,1,1
HTRP,method,antlr4,0.9,0.5,org.antlr.v4.test.TestCompositeGrammars,72,0,0,0,1,1,1
HVOL,method,antlr4,0.9,0.5,org.antlr.v4.test.TestCompositeGrammars,72,0,0,0,1,1,1
MI,method,antlr4,0.9,0.5,org.antlr.v4.test.TestCompositeGrammars,72,0,0,0,1,1,1
MIMS,method,antlr4,0.9,0.5,org.antlr.v4.test.TestCompositeGrammars,72,0,0,0,1,1,1
MISEI,method,antlr4,0.9,0.5,org.antlr.v4.test.TestCompositeGrammars,72,0,0,0,1,1,1
MISM,method,antlr4,0.9,0.5,org.antlr.v4.test.TestCompositeGrammars,72,0,0,0,1,1,1
McCC,method,antlr4,0.9,0.5,org.antlr.v4.test.TestCompositeGrammars,72,0,0,0,1,1,1
NL,method,antlr4,0.9,0.5,org.antlr.v4.test.TestCompositeGrammars,72,0,0,0,1,1,1
NLE,method,antlr4,0.9,0.5,org.antlr.v4.test.TestCompositeGrammars,72,0,0,0,1,1,1
NII,method,antlr4,0.9,0.5,org.antlr.v4.test.TestCompositeGrammars,72,0,0,0,1,1,1
NOI,method,antlr4,0.9,0.5,org.antlr.v4.test.TestCompositeGrammars,72,0,0,0,1,1,1
CD,method,antlr4,0.9,0.5,org.antlr.v4.test.TestCompositeGrammars,72,0,0,0,1,1,1
CLOC,method,antlr4,0.9,0.5,org.antlr.v4.test.TestCompositeGrammars,72,0,0,0,1,1,1
DLOC,method,antlr4,0.9,0.5,org.antlr.v4.test.TestCompositeGrammars,72,0,0,0,1,1,1
TCD,method,antlr4,0.9,0.5,org.antlr.v4.test.TestCompositeGrammars,72,0,0,0,1,1,1
TCLOC,method,antlr4,0.9,0.5,org.antlr.v4.test.TestCompositeGrammars,72,0,0,0,1,1,1
LLOC,method,antlr4,0.9,0.5,org.antlr.v4.test.TestCompositeGrammars,72,0,0,0,1,1,1
LOC,method,antlr4,0.9,0.5,org.antlr.v4.test.TestCompositeGrammars,72,0,0,0,1,1,1
NOS,method,antlr4,0.9,0.5,org.antlr.v4.test.TestCompositeGrammars,72,0,0,0,1,1,1
NUMPAR,method,antlr4,0.9,0.5,org.antlr.v4.test.TestCompositeGrammars,72,0,0,0,1,1,1
TLLOC,method,antlr4,0.9,0.5,org.antlr.v4.test.TestCompositeGrammars,72,0,0,0,1,1,1
TLOC,method,antlr4,0.9,0.5,org.antlr.v4.test.TestCompositeGrammars,72,0,0,0,1,1,1
TNOS,method,antlr4,0.9,0.5,org.antlr.v4.test.TestCompositeGrammars,72,0,0,0,0,0,0
WarningBlocker,method,antlr4,0.9,0.5,org.antlr.v4.test.TestCompositeGrammars,72,0,0,0,0,0,0
WarningCritical,method,antlr4,0.9,0.5,org.antlr.v4.test.TestCompositeGrammars,72,0,0,0,0,0,0
WarningInfo,method,antlr4,0.9,0.5,org.antlr.v4.test.TestCompositeGrammars,72,0,0,0,0,0,0
WarningMajor,method,antlr4,0.9,0.5,org.antlr.v4.test.TestCompositeGrammars,72,0,0,0,0,0,0
WarningMinor,method,antlr4,0.9,0.5,org.antlr.v4.test.TestCompositeGrammars,72,0,0,0,0,0,0
Android Rules,method,antlr4,0.9,0.5,org.antlr.v4.test.TestCompositeGrammars,72,0,0,0,0,0,0
Basic Rules,method,antlr4,0.9,0.5,org.antlr.v4.test.TestCompositeGrammars,72,0,0,0,0,0,0
Brace Rules,method,antlr4,0.9,0.5,org.antlr.v4.test.TestCompositeGrammars,72,0,0,0,0,0,0
Clone Implementation Rules,method,antlr4,0.9,0.5,org.antlr.v4.test.TestCompositeGrammars,72,0,0,0,0,0,0
Code Size Rules,method,antlr4,0.9,0.5,org.antlr.v4.test.TestCompositeGrammars,72,0,0,0,0,0,0
Comment Rules,method,antlr4,0.9,0.5,org.antlr.v4.test.TestCompositeGrammars,72,0,0,0,0,0,0
Controversial Rules,method,antlr4,0.9,0.5,org.antlr.v4.test.TestCompositeGrammars,72,0,0,0,0,0,0
Coupling Rules,method,antlr4,0.9,0.5,org.antlr.v4.test.TestCompositeGrammars,72,0,0,0,0,0,0
Design Rules,method,antlr4,0.9,0.5,org.antlr.v4.test.TestCompositeGrammars,72,0,0,0,0,0,0
Empty Code Rules,method,antlr4,0.9,0.5,org.antlr.v4.test.TestCompositeGrammars,72,0,0,0,0,0,0
Finalizer Rules,method,antlr4,0.9,0.5,org.antlr.v4.test.TestCompositeGrammars,72,0,0,0,0,0,0
Import Statement Rules,method,antlr4,0.9,0.5,org.antlr.v4.test.TestCompositeGrammars,72,0,0,0,0,0,0
J2EE Rules,method,antlr4,0.9,0.5,org.antlr.v4.test.TestCompositeGrammars,72,0,0,0,0,0,0
JUnit Rules,method,antlr4,0.9,0.5,org.antlr.v4.test.TestCompositeGrammars,72,0,0,0,0,0,0
Jakarta Commons Logging Rules,method,antlr4,0.9,0.5,org.antlr.v4.test.TestCompositeGrammars,72,0,0,0,0,0,0
Java Logging Rules,method,antlr4,0.9,0.5,org.antlr.v4.test.TestCompositeGrammars,72,0,0,0,0,0,0
JavaBean Rules,method,antlr4,0.9,0.5,org.antlr.v4.test.TestCompositeGrammars,72,0,0,0,0,0,0
MigratingToJUnit4 Rules,method,antlr4,0.9,0.5,org.antlr.v4.test.TestCompositeGrammars,72,0,0,0,0,0,0
Migration Rules,method,antlr4,0.9,0.5,org.antlr.v4.test.TestCompositeGrammars,72,0,0,0,0,0,0
Migration13 Rules,method,antlr4,0.9,0.5,org.antlr.v4.test.TestCompositeGrammars,72,0,0,0,0,0,0
Migration14 Rules,method,antlr4,0.9,0.5,org.antlr.v4.test.TestCompositeGrammars,72,0,0,0,0,0,0
Migration15 Rules,method,antlr4,0.9,0.5,org.antlr.v4.test.TestCompositeGrammars,72,0,0,0,0,0,0
Naming Rules,method,antlr4,0.9,0.5,org.antlr.v4.test.TestCompositeGrammars,72,0,0,0,0,0,0
Optimization Rules,method,antlr4,0.9,0.5,org.antlr.v4.test.TestCompositeGrammars,72,0,0,0,0,0,0
Security Code Guideline Rules,method,antlr4,0.9,0.5,org.antlr.v4.test.TestCompositeGrammars,72,0,0,0,0,0,0
Strict Exception Rules,method,antlr4,0.9,0.5,org.antlr.v4.test.TestCompositeGrammars,72,0,0,0,0,0,0
String and StringBuffer Rules,method,antlr4,0.9,0.5,org.antlr.v4.test.TestCompositeGrammars,72,0,0,0,0,0,0
Type Resolution Rules,method,antlr4,0.9,0.5,org.antlr.v4.test.TestCompositeGrammars,72,0,0,0,0,0,0
Unnecessary and Unused Code Rules,method,antlr4,0.9,0.5,org.antlr.v4.test.TestCompositeGrammars,72,0,0,0,0,0,0
Vulnerability Rules,method,antlr4,0.9,0.5,org.antlr.v4.test.TestCompositeGrammars,72,0,0,0,0,0,0
CC,method,antlr4,0.9,0.5,org.antlr.v4.test.rt.gen.LexerTestMethod,72,0,0,0,1,1,1
CCL,method,antlr4,0.9,0.5,org.antlr.v4.test.rt.gen.LexerTestMethod,72,0,0,0,1,1,1
CCO,method,antlr4,0.9,0.5,org.antlr.v4.test.rt.gen.LexerTestMethod,72,0,0,0,1,1,1
CI,method,antlr4,0.9,0.5,org.antlr.v4.test.rt.gen.LexerTestMethod,72,0,0,0,1,1,1
CLC,method,antlr4,0.9,0.5,org.antlr.v4.test.rt.gen.LexerTestMethod,72,0,0,0,1,1,1
CLLC,method,antlr4,0.9,0.5,org.antlr.v4.test.rt.gen.LexerTestMethod,72,0,0,0,1,1,1
LDC,method,antlr4,0.9,0.5,org.antlr.v4.test.rt.gen.LexerTestMethod,72,0,0,0,1,1,1
LLDC,method,antlr4,0.9,0.5,org.antlr.v4.test.rt.gen.LexerTestMethod,72,0,0,0,1,1,1
HCPL,method,antlr4,0.9,0.5,org.antlr.v4.test.rt.gen.LexerTestMethod,72,0,0,0,1,1,1
HDIF,method,antlr4,0.9,0.5,org.antlr.v4.test.rt.gen.LexerTestMethod,72,0,0,0,1,1,1
HEFF,method,antlr4,0.9,0.5,org.antlr.v4.test.rt.gen.LexerTestMethod,72,0,0,0,1,1,1
HNDB,method,antlr4,0.9,0.5,org.antlr.v4.test.rt.gen.LexerTestMethod,72,0,0,0,1,1,1
HPL,method,antlr4,0.9,0.5,org.antlr.v4.test.rt.gen.LexerTestMethod,72,0,0,0,1,1,1
HPV,method,antlr4,0.9,0.5,org.antlr.v4.test.rt.gen.LexerTestMethod,72,0,0,0,1,1,1
HTRP,method,antlr4,0.9,0.5,org.antlr.v4.test.rt.gen.LexerTestMethod,72,0,0,0,1,1,1
HVOL,method,antlr4,0.9,0.5,org.antlr.v4.test.rt.gen.LexerTestMethod,72,0,0,0,1,1,1
MI,method,antlr4,0.9,0.5,org.antlr.v4.test.rt.gen.LexerTestMethod,72,0,0,0,1,1,1
MIMS,method,antlr4,0.9,0.5,org.antlr.v4.test.rt.gen.LexerTestMethod,72,0,0,0,1,1,1
MISEI,method,antlr4,0.9,0.5,org.antlr.v4.test.rt.gen.LexerTestMethod,72,0,0,0,1,1,1
MISM,method,antlr4,0.9,0.5,org.antlr.v4.test.rt.gen.LexerTestMethod,72,0,0,0,1,1,1
McCC,method,antlr4,0.9,0.5,org.antlr.v4.test.rt.gen.LexerTestMethod,72,0,0,0,1,1,1
NL,method,antlr4,0.9,0.5,org.antlr.v4.test.rt.gen.LexerTestMethod,72,0,0,0,1,1,1
NLE,method,antlr4,0.9,0.5,org.antlr.v4.test.rt.gen.LexerTestMethod,72,0,0,0,1,1,1
NII,method,antlr4,0.9,0.5,org.antlr.v4.test.rt.gen.LexerTestMethod,72,0,0,0,1,1,1
NOI,method,antlr4,0.9,0.5,org.antlr.v4.test.rt.gen.LexerTestMethod,72,0,0,0,1,1,1
CD,method,antlr4,0.9,0.5,org.antlr.v4.test.rt.gen.LexerTestMethod,72,0,0,0,1,1,1
CLOC,method,antlr4,0.9,0.5,org.antlr.v4.test.rt.gen.LexerTestMethod,72,0,0,0,1,1,1
DLOC,method,antlr4,0.9,0.5,org.antlr.v4.test.rt.gen.LexerTestMethod,72,0,0,0,1,1,1
TCD,method,antlr4,0.9,0.5,org.antlr.v4.test.rt.gen.LexerTestMethod,72,0,0,0,1,1,1
TCLOC,method,antlr4,0.9,0.5,org.antlr.v4.test.rt.gen.LexerTestMethod,72,0,0,0,1,1,1
LLOC,method,antlr4,0.9,0.5,org.antlr.v4.test.rt.gen.LexerTestMethod,72,0,0,0,1,1,1
LOC,method,antlr4,0.9,0.5,org.antlr.v4.test.rt.gen.LexerTestMethod,72,0,0,0,1,1,1
NOS,method,antlr4,0.9,0.5,org.antlr.v4.test.rt.gen.LexerTestMethod,72,0,0,0,1,1,1
NUMPAR,method,antlr4,0.9,0.5,org.antlr.v4.test.rt.gen.LexerTestMethod,72,0,0,0,1,1,1
TLLOC,method,antlr4,0.9,0.5,org.antlr.v4.test.rt.gen.LexerTestMethod,72,0,0,0,1,1,1
TLOC,method,antlr4,0.9,0.5,org.antlr.v4.test.rt.gen.LexerTestMethod,72,0,0,0,1,1,1
TNOS,method,antlr4,0.9,0.5,org.antlr.v4.test.rt.gen.LexerTestMethod,72,0,0,0,0,0,0
WarningBlocker,method,antlr4,0.9,0.5,org.antlr.v4.test.rt.gen.LexerTestMethod,72,0,0,0,0,0,0
WarningCritical,method,antlr4,0.9,0.5,org.antlr.v4.test.rt.gen.LexerTestMethod,72,0,0,0,0,0,0
WarningInfo,method,antlr4,0.9,0.5,org.antlr.v4.test.rt.gen.LexerTestMethod,72,0,0,0,0,0,0
WarningMajor,method,antlr4,0.9,0.5,org.antlr.v4.test.rt.gen.LexerTestMethod,72,0,0,0,0,0,0
WarningMinor,method,antlr4,0.9,0.5,org.antlr.v4.test.rt.gen.LexerTestMethod,72,0,0,0,0,0,0
Android Rules,method,antlr4,0.9,0.5,org.antlr.v4.test.rt.gen.LexerTestMethod,72,0,0,0,0,0,0
Basic Rules,method,antlr4,0.9,0.5,org.antlr.v4.test.rt.gen.LexerTestMethod,72,0,0,0,0,0,0
Brace Rules,method,antlr4,0.9,0.5,org.antlr.v4.test.rt.gen.LexerTestMethod,72,0,0,0,0,0,0
Clone Implementation Rules,method,antlr4,0.9,0.5,org.antlr.v4.test.rt.gen.LexerTestMethod,72,0,0,0,0,0,0
Code Size Rules,method,antlr4,0.9,0.5,org.antlr.v4.test.rt.gen.LexerTestMethod,72,0,0,0,0,0,0
Comment Rules,method,antlr4,0.9,0.5,org.antlr.v4.test.rt.gen.LexerTestMethod,72,0,0,0,0,0,0
Controversial Rules,method,antlr4,0.9,0.5,org.antlr.v4.test.rt.gen.LexerTestMethod,72,0,0,0,0,0,0
Coupling Rules,method,antlr4,0.9,0.5,org.antlr.v4.test.rt.gen.LexerTestMethod,72,0,0,0,0,0,0
Design Rules,method,antlr4,0.9,0.5,org.antlr.v4.test.rt.gen.LexerTestMethod,72,0,0,0,0,0,0
Empty Code Rules,method,antlr4,0.9,0.5,org.antlr.v4.test.rt.gen.LexerTestMethod,72,0,0,0,0,0,0
Finalizer Rules,method,antlr4,0.9,0.5,org.antlr.v4.test.rt.gen.LexerTestMethod,72,0,0,0,0,0,0
Import Statement Rules,method,antlr4,0.9,0.5,org.antlr.v4.test.rt.gen.LexerTestMethod,72,0,0,0,0,0,0
J2EE Rules,method,antlr4,0.9,0.5,org.antlr.v4.test.rt.gen.LexerTestMethod,72,0,0,0,0,0,0
JUnit Rules,method,antlr4,0.9,0.5,org.antlr.v4.test.rt.gen.LexerTestMethod,72,0,0,0,0,0,0
Jakarta Commons Logging Rules,method,antlr4,0.9,0.5,org.antlr.v4.test.rt.gen.LexerTestMethod,72,0,0,0,0,0,0
Java Logging Rules,method,antlr4,0.9,0.5,org.antlr.v4.test.rt.gen.LexerTestMethod,72,0,0,0,0,0,0
JavaBean Rules,method,antlr4,0.9,0.5,org.antlr.v4.test.rt.gen.LexerTestMethod,72,0,0,0,0,0,0
MigratingToJUnit4 Rules,method,antlr4,0.9,0.5,org.antlr.v4.test.rt.gen.LexerTestMethod,72,0,0,0,0,0,0
Migration Rules,method,antlr4,0.9,0.5,org.antlr.v4.test.rt.gen.LexerTestMethod,72,0,0,0,0,0,0
Migration13 Rules,method,antlr4,0.9,0.5,org.antlr.v4.test.rt.gen.LexerTestMethod,72,0,0,0,0,0,0
Migration14 Rules,method,antlr4,0.9,0.5,org.antlr.v4.test.rt.gen.LexerTestMethod,72,0,0,0,0,0,0
Migration15 Rules,method,antlr4,0.9,0.5,org.antlr.v4.test.rt.gen.LexerTestMethod,72,0,0,0,0,0,0
Naming Rules,method,antlr4,0.9,0.5,org.antlr.v4.test.rt.gen.LexerTestMethod,72,0,0,0,0,0,0
Optimization Rules,method,antlr4,0.9,0.5,org.antlr.v4.test.rt.gen.LexerTestMethod,72,0,0,0,0,0,0
Security Code Guideline Rules,method,antlr4,0.9,0.5,org.antlr.v4.test.rt.gen.LexerTestMethod,72,0,0,0,0,0,0
Strict Exception Rules,method,antlr4,0.9,0.5,org.antlr.v4.test.rt.gen.LexerTestMethod,72,0,0,0,0,0,0
String and StringBuffer Rules,method,antlr4,0.9,0.5,org.antlr.v4.test.rt.gen.LexerTestMethod,72,0,0,0,0,0,0
Type Resolution Rules,method,antlr4,0.9,0.5,org.antlr.v4.test.rt.gen.LexerTestMethod,72,0,0,0,0,0,0
Unnecessary and Unused Code Rules,method,antlr4,0.9,0.5,org.antlr.v4.test.rt.gen.LexerTestMethod,72,0,0,0,0,0,0
Vulnerability Rules,method,antlr4,0.9,0.5,org.antlr.v4.test.rt.gen.LexerTestMethod,72,0,0,0,0,0,0
CC,method,antlr4,0.9,0.5,org.antlr.v4.test.TestParserExec,216,1,1,1,1,1,1
CCL,method,antlr4,0.9,0.5,org.antlr.v4.test.TestParserExec,216,1,1,1,1,1,1
CCO,method,antlr4,0.9,0.5,org.antlr.v4.test.TestParserExec,216,1,1,1,1,1,1
CI,method,antlr4,0.9,0.5,org.antlr.v4.test.TestParserExec,216,1,1,1,1,1,1
CLC,method,antlr4,0.9,0.5,org.antlr.v4.test.TestParserExec,216,1,1,1,1,1,1
CLLC,method,antlr4,0.9,0.5,org.antlr.v4.test.TestParserExec,216,1,1,1,1,1,1
LDC,method,antlr4,0.9,0.5,org.antlr.v4.test.TestParserExec,216,1,1,1,1,1,1
LLDC,method,antlr4,0.9,0.5,org.antlr.v4.test.TestParserExec,216,1,1,1,1,1,1
HCPL,method,antlr4,0.9,0.5,org.antlr.v4.test.TestParserExec,216,1,1,1,1,1,1
HDIF,method,antlr4,0.9,0.5,org.antlr.v4.test.TestParserExec,216,1,1,1,1,1,1
HEFF,method,antlr4,0.9,0.5,org.antlr.v4.test.TestParserExec,216,1,1,1,1,1,1
HNDB,method,antlr4,0.9,0.5,org.antlr.v4.test.TestParserExec,216,1,1,1,1,1,1
HPL,method,antlr4,0.9,0.5,org.antlr.v4.test.TestParserExec,216,1,1,1,1,1,1
HPV,method,antlr4,0.9,0.5,org.antlr.v4.test.TestParserExec,216,1,1,1,1,1,1
HTRP,method,antlr4,0.9,0.5,org.antlr.v4.test.TestParserExec,216,1,1,1,1,1,1
HVOL,method,antlr4,0.9,0.5,org.antlr.v4.test.TestParserExec,216,1,1,1,1,1,1
MI,method,antlr4,0.9,0.5,org.antlr.v4.test.TestParserExec,216,1,1,1,1,1,1
MIMS,method,antlr4,0.9,0.5,org.antlr.v4.test.TestParserExec,216,1,1,1,1,1,1
MISEI,method,antlr4,0.9,0.5,org.antlr.v4.test.TestParserExec,216,1,1,1,1,1,1
MISM,method,antlr4,0.9,0.5,org.antlr.v4.test.TestParserExec,216,1,1,1,1,1,1
McCC,method,antlr4,0.9,0.5,org.antlr.v4.test.TestParserExec,216,0,0,0,1,1,1
NL,method,antlr4,0.9,0.5,org.antlr.v4.test.TestParserExec,216,0,0,0,1,1,1
NLE,method,antlr4,0.9,0.5,org.antlr.v4.test.TestParserExec,216,0,0,0,1,1,1
NII,method,antlr4,0.9,0.5,org.antlr.v4.test.TestParserExec,216,0,0,0,1,1,1
NOI,method,antlr4,0.9,0.5,org.antlr.v4.test.TestParserExec,216,1,1,1,1,1,1
CD,method,antlr4,0.9,0.5,org.antlr.v4.test.TestParserExec,216,1,1,1,1,1,1
CLOC,method,antlr4,0.9,0.5,org.antlr.v4.test.TestParserExec,216,0,0,0,1,1,1
DLOC,method,antlr4,0.9,0.5,org.antlr.v4.test.TestParserExec,216,0,0,0,1,1,1
TCD,method,antlr4,0.9,0.5,org.antlr.v4.test.TestParserExec,216,1,1,1,1,1,1
TCLOC,method,antlr4,0.9,0.5,org.antlr.v4.test.TestParserExec,216,0,0,0,1,1,1
LLOC,method,antlr4,0.9,0.5,org.antlr.v4.test.TestParserExec,216,1,1,1,1,1,1
LOC,method,antlr4,0.9,0.5,org.antlr.v4.test.TestParserExec,216,1,1,1,1,1,1
NOS,method,antlr4,0.9,0.5,org.antlr.v4.test.TestParserExec,216,1,1,1,1,1,1
NUMPAR,method,antlr4,0.9,0.5,org.antlr.v4.test.TestParserExec,216,0,0,0,1,1,1
TLLOC,method,antlr4,0.9,0.5,org.antlr.v4.test.TestParserExec,216,1,1,1,1,1,1
TLOC,method,antlr4,0.9,0.5,org.antlr.v4.test.TestParserExec,216,1,1,1,1,1,1
TNOS,method,antlr4,0.9,0.5,org.antlr.v4.test.TestParserExec,216,0,0,0,0,0,0
WarningBlocker,method,antlr4,0.9,0.5,org.antlr.v4.test.TestParserExec,216,0,0,0,0,0,0
WarningCritical,method,antlr4,0.9,0.5,org.antlr.v4.test.TestParserExec,216,0,0,0,0,0,0
WarningInfo,method,antlr4,0.9,0.5,org.antlr.v4.test.TestParserExec,216,0,0,0,0,0,0
WarningMajor,method,antlr4,0.9,0.5,org.antlr.v4.test.TestParserExec,216,0,0,0,0,0,0
WarningMinor,method,antlr4,0.9,0.5,org.antlr.v4.test.TestParserExec,216,0,0,0,0,0,0
Android Rules,method,antlr4,0.9,0.5,org.antlr.v4.test.TestParserExec,216,0,0,0,0,0,0
Basic Rules,method,antlr4,0.9,0.5,org.antlr.v4.test.TestParserExec,216,0,0,0,0,0,0
Brace Rules,method,antlr4,0.9,0.5,org.antlr.v4.test.TestParserExec,216,0,0,0,0,0,0
Clone Implementation Rules,method,antlr4,0.9,0.5,org.antlr.v4.test.TestParserExec,216,0,0,0,0,0,0
Code Size Rules,method,antlr4,0.9,0.5,org.antlr.v4.test.TestParserExec,216,0,0,0,0,0,0
Comment Rules,method,antlr4,0.9,0.5,org.antlr.v4.test.TestParserExec,216,0,0,0,0,0,0
Controversial Rules,method,antlr4,0.9,0.5,org.antlr.v4.test.TestParserExec,216,0,0,0,0,0,0
Coupling Rules,method,antlr4,0.9,0.5,org.antlr.v4.test.TestParserExec,216,0,0,0,0,0,0
Design Rules,method,antlr4,0.9,0.5,org.antlr.v4.test.TestParserExec,216,0,0,0,0,0,0
Empty Code Rules,method,antlr4,0.9,0.5,org.antlr.v4.test.TestParserExec,216,0,0,0,0,0,0
Finalizer Rules,method,antlr4,0.9,0.5,org.antlr.v4.test.TestParserExec,216,0,0,0,0,0,0
Import Statement Rules,method,antlr4,0.9,0.5,org.antlr.v4.test.TestParserExec,216,0,0,0,0,0,0
J2EE Rules,method,antlr4,0.9,0.5,org.antlr.v4.test.TestParserExec,216,0,0,0,0,0,0
JUnit Rules,method,antlr4,0.9,0.5,org.antlr.v4.test.TestParserExec,216,0,0,0,0,0,0
Jakarta Commons Logging Rules,method,antlr4,0.9,0.5,org.antlr.v4.test.TestParserExec,216,0,0,0,0,0,0
Java Logging Rules,method,antlr4,0.9,0.5,org.antlr.v4.test.TestParserExec,216,0,0,0,0,0,0
JavaBean Rules,method,antlr4,0.9,0.5,org.antlr.v4.test.TestParserExec,216,0,0,0,0,0,0
MigratingToJUnit4 Rules,method,antlr4,0.9,0.5,org.antlr.v4.test.TestParserExec,216,0,0,0,0,0,0
Migration Rules,method,antlr4,0.9,0.5,org.antlr.v4.test.TestParserExec,216,0,0,0,0,0,0
Migration13 Rules,method,antlr4,0.9,0.5,org.antlr.v4.test.TestParserExec,216,0,0,0,0,0,0
Migration14 Rules,method,antlr4,0.9,0.5,org.antlr.v4.test.TestParserExec,216,0,0,0,0,0,0
Migration15 Rules,method,antlr4,0.9,0.5,org.antlr.v4.test.TestParserExec,216,0,0,0,0,0,0
Naming Rules,method,antlr4,0.9,0.5,org.antlr.v4.test.TestParserExec,216,0,0,0,0,0,0
Optimization Rules,method,antlr4,0.9,0.5,org.antlr.v4.test.TestParserExec,216,0,0,0,0,0,0
Security Code Guideline Rules,method,antlr4,0.9,0.5,org.antlr.v4.test.TestParserExec,216,0,0,0,0,0,0
Strict Exception Rules,method,antlr4,0.9,0.5,org.antlr.v4.test.TestParserExec,216,0,0,0,0,0,0
String and StringBuffer Rules,method,antlr4,0.9,0.5,org.antlr.v4.test.TestParserExec,216,0,0,0,0,0,0
Type Resolution Rules,method,antlr4,0.9,0.5,org.antlr.v4.test.TestParserExec,216,0,0,0,0,0,0
Unnecessary and Unused Code Rules,method,antlr4,0.9,0.5,org.antlr.v4.test.TestParserExec,216,0,0,0,0,0,0
Vulnerability Rules,method,antlr4,0.9,0.5,org.antlr.v4.test.TestParserExec,216,0,0,0,0,0,0
CC,method,antlr4,0.9,0.5,org.antlr.v4.test.rt.java.TestCompositeLexers,144,1,1,1,1,1,1
CCL,method,antlr4,0.9,0.5,org.antlr.v4.test.rt.java.TestCompositeLexers,144,1,1,1,1,1,1
CCO,method,antlr4,0.9,0.5,org.antlr.v4.test.rt.java.TestCompositeLexers,144,1,1,1,1,1,1
CI,method,antlr4,0.9,0.5,org.antlr.v4.test.rt.java.TestCompositeLexers,144,1,1,1,1,1,1
CLC,method,antlr4,0.9,0.5,org.antlr.v4.test.rt.java.TestCompositeLexers,144,1,1,1,1,1,1
CLLC,method,antlr4,0.9,0.5,org.antlr.v4.test.rt.java.TestCompositeLexers,144,1,1,1,1,1,1
LDC,method,antlr4,0.9,0.5,org.antlr.v4.test.rt.java.TestCompositeLexers,144,1,1,1,1,1,1
LLDC,method,antlr4,0.9,0.5,org.antlr.v4.test.rt.java.TestCompositeLexers,144,1,1,1,1,1,1
HCPL,method,antlr4,0.9,0.5,org.antlr.v4.test.rt.java.TestCompositeLexers,144,1,1,1,1,1,1
HDIF,method,antlr4,0.9,0.5,org.antlr.v4.test.rt.java.TestCompositeLexers,144,1,1,1,1,1,1
HEFF,method,antlr4,0.9,0.5,org.antlr.v4.test.rt.java.TestCompositeLexers,144,1,1,1,1,1,1
HNDB,method,antlr4,0.9,0.5,org.antlr.v4.test.rt.java.TestCompositeLexers,144,1,1,1,1,1,1
HPL,method,antlr4,0.9,0.5,org.antlr.v4.test.rt.java.TestCompositeLexers,144,1,1,1,1,1,1
HPV,method,antlr4,0.9,0.5,org.antlr.v4.test.rt.java.TestCompositeLexers,144,1,1,1,1,1,1
HTRP,method,antlr4,0.9,0.5,org.antlr.v4.test.rt.java.TestCompositeLexers,144,1,1,1,1,1,1
HVOL,method,antlr4,0.9,0.5,org.antlr.v4.test.rt.java.TestCompositeLexers,144,1,1,1,1,1,1
MI,method,antlr4,0.9,0.5,org.antlr.v4.test.rt.java.TestCompositeLexers,144,1,1,1,1,1,1
MIMS,method,antlr4,0.9,0.5,org.antlr.v4.test.rt.java.TestCompositeLexers,144,1,1,1,1,1,1
MISEI,method,antlr4,0.9,0.5,org.antlr.v4.test.rt.java.TestCompositeLexers,144,1,1,1,1,1,1
MISM,method,antlr4,0.9,0.5,org.antlr.v4.test.rt.java.TestCompositeLexers,144,1,1,1,1,1,1
McCC,method,antlr4,0.9,0.5,org.antlr.v4.test.rt.java.TestCompositeLexers,144,0,0,0,1,1,1
NL,method,antlr4,0.9,0.5,org.antlr.v4.test.rt.java.TestCompositeLexers,144,0,0,0,1,1,1
NLE,method,antlr4,0.9,0.5,org.antlr.v4.test.rt.java.TestCompositeLexers,144,0,0,0,1,1,1
NII,method,antlr4,0.9,0.5,org.antlr.v4.test.rt.java.TestCompositeLexers,144,0,0,0,1,1,1
NOI,method,antlr4,0.9,0.5,org.antlr.v4.test.rt.java.TestCompositeLexers,144,0,0,0,1,1,1
CD,method,antlr4,0.9,0.5,org.antlr.v4.test.rt.java.TestCompositeLexers,144,0,0,0,1,1,1
CLOC,method,antlr4,0.9,0.5,org.antlr.v4.test.rt.java.TestCompositeLexers,144,0,0,0,1,1,1
DLOC,method,antlr4,0.9,0.5,org.antlr.v4.test.rt.java.TestCompositeLexers,144,0,0,0,1,1,1
TCD,method,antlr4,0.9,0.5,org.antlr.v4.test.rt.java.TestCompositeLexers,144,0,0,0,1,1,1
TCLOC,method,antlr4,0.9,0.5,org.antlr.v4.test.rt.java.TestCompositeLexers,144,0,0,0,1,1,1
LLOC,method,antlr4,0.9,0.5,org.antlr.v4.test.rt.java.TestCompositeLexers,144,1,1,1,1,1,1
LOC,method,antlr4,0.9,0.5,org.antlr.v4.test.rt.java.TestCompositeLexers,144,1,1,1,1,1,1
NOS,method,antlr4,0.9,0.5,org.antlr.v4.test.rt.java.TestCompositeLexers,144,0,0,0,1,1,1
NUMPAR,method,antlr4,0.9,0.5,org.antlr.v4.test.rt.java.TestCompositeLexers,144,0,0,0,1,1,1
TLLOC,method,antlr4,0.9,0.5,org.antlr.v4.test.rt.java.TestCompositeLexers,144,1,1,1,1,1,1
TLOC,method,antlr4,0.9,0.5,org.antlr.v4.test.rt.java.TestCompositeLexers,144,1,1,1,1,1,1
TNOS,method,antlr4,0.9,0.5,org.antlr.v4.test.rt.java.TestCompositeLexers,144,0,0,0,0,0,0
WarningBlocker,method,antlr4,0.9,0.5,org.antlr.v4.test.rt.java.TestCompositeLexers,144,0,0,0,0,0,0
WarningCritical,method,antlr4,0.9,0.5,org.antlr.v4.test.rt.java.TestCompositeLexers,144,0,0,0,0,0,0
WarningInfo,method,antlr4,0.9,0.5,org.antlr.v4.test.rt.java.TestCompositeLexers,144,0,0,0,0,0,0
WarningMajor,method,antlr4,0.9,0.5,org.antlr.v4.test.rt.java.TestCompositeLexers,144,0,0,0,0,0,0
WarningMinor,method,antlr4,0.9,0.5,org.antlr.v4.test.rt.java.TestCompositeLexers,144,0,0,0,0,0,0
Android Rules,method,antlr4,0.9,0.5,org.antlr.v4.test.rt.java.TestCompositeLexers,144,0,0,0,0,0,0
Basic Rules,method,antlr4,0.9,0.5,org.antlr.v4.test.rt.java.TestCompositeLexers,144,0,0,0,0,0,0
Brace Rules,method,antlr4,0.9,0.5,org.antlr.v4.test.rt.java.TestCompositeLexers,144,0,0,0,0,0,0
Clone Implementation Rules,method,antlr4,0.9,0.5,org.antlr.v4.test.rt.java.TestCompositeLexers,144,0,0,0,0,0,0
Code Size Rules,method,antlr4,0.9,0.5,org.antlr.v4.test.rt.java.TestCompositeLexers,144,0,0,0,0,0,0
Comment Rules,method,antlr4,0.9,0.5,org.antlr.v4.test.rt.java.TestCompositeLexers,144,0,0,0,0,0,0
Controversial Rules,method,antlr4,0.9,0.5,org.antlr.v4.test.rt.java.TestCompositeLexers,144,0,0,0,0,0,0
Coupling Rules,method,antlr4,0.9,0.5,org.antlr.v4.test.rt.java.TestCompositeLexers,144,0,0,0,0,0,0
Design Rules,method,antlr4,0.9,0.5,org.antlr.v4.test.rt.java.TestCompositeLexers,144,0,0,0,0,0,0
Empty Code Rules,method,antlr4,0.9,0.5,org.antlr.v4.test.rt.java.TestCompositeLexers,144,0,0,0,0,0,0
Finalizer Rules,method,antlr4,0.9,0.5,org.antlr.v4.test.rt.java.TestCompositeLexers,144,0,0,0,0,0,0
Import Statement Rules,method,antlr4,0.9,0.5,org.antlr.v4.test.rt.java.TestCompositeLexers,144,0,0,0,0,0,0
J2EE Rules,method,antlr4,0.9,0.5,org.antlr.v4.test.rt.java.TestCompositeLexers,144,0,0,0,0,0,0
JUnit Rules,method,antlr4,0.9,0.5,org.antlr.v4.test.rt.java.TestCompositeLexers,144,0,0,0,0,0,0
Jakarta Commons Logging Rules,method,antlr4,0.9,0.5,org.antlr.v4.test.rt.java.TestCompositeLexers,144,0,0,0,0,0,0
Java Logging Rules,method,antlr4,0.9,0.5,org.antlr.v4.test.rt.java.TestCompositeLexers,144,0,0,0,0,0,0
JavaBean Rules,method,antlr4,0.9,0.5,org.antlr.v4.test.rt.java.TestCompositeLexers,144,0,0,0,0,0,0
MigratingToJUnit4 Rules,method,antlr4,0.9,0.5,org.antlr.v4.test.rt.java.TestCompositeLexers,144,0,0,0,0,0,0
Migration Rules,method,antlr4,0.9,0.5,org.antlr.v4.test.rt.java.TestCompositeLexers,144,0,0,0,0,0,0
Migration13 Rules,method,antlr4,0.9,0.5,org.antlr.v4.test.rt.java.TestCompositeLexers,144,0,0,0,0,0,0
Migration14 Rules,method,antlr4,0.9,0.5,org.antlr.v4.test.rt.java.TestCompositeLexers,144,0,0,0,0,0,0
Migration15 Rules,method,antlr4,0.9,0.5,org.antlr.v4.test.rt.java.TestCompositeLexers,144,0,0,0,0,0,0
Naming Rules,method,antlr4,0.9,0.5,org.antlr.v4.test.rt.java.TestCompositeLexers,144,0,0,0,0,0,0
Optimization Rules,method,antlr4,0.9,0.5,org.antlr.v4.test.rt.java.TestCompositeLexers,144,0,0,0,0,0,0
Security Code Guideline Rules,method,antlr4,0.9,0.5,org.antlr.v4.test.rt.java.TestCompositeLexers,144,0,0,0,0,0,0
Strict Exception Rules,method,antlr4,0.9,0.5,org.antlr.v4.test.rt.java.TestCompositeLexers,144,0,0,0,0,0,0
String and StringBuffer Rules,method,antlr4,0.9,0.5,org.antlr.v4.test.rt.java.TestCompositeLexers,144,0,0,0,0,0,0
Type Resolution Rules,method,antlr4,0.9,0.5,org.antlr.v4.test.rt.java.TestCompositeLexers,144,0,0,0,0,0,0
Unnecessary and Unused Code Rules,method,antlr4,0.9,0.5,org.antlr.v4.test.rt.java.TestCompositeLexers,144,0,0,0,0,0,0
Vulnerability Rules,method,antlr4,0.9,0.5,org.antlr.v4.test.rt.java.TestCompositeLexers,144,0,0,0,0,0,0
CC,method,antlr4,0.9,0.5,org.antlr.v4.test.rt.gen.Grammar,288,0,0,0,1,1,1
CCL,method,antlr4,0.9,0.5,org.antlr.v4.test.rt.gen.Grammar,288,0,0,0,1,1,1
CCO,method,antlr4,0.9,0.5,org.antlr.v4.test.rt.gen.Grammar,288,0,0,0,1,1,1
CI,method,antlr4,0.9,0.5,org.antlr.v4.test.rt.gen.Grammar,288,0,0,0,1,1,1
CLC,method,antlr4,0.9,0.5,org.antlr.v4.test.rt.gen.Grammar,288,0,0,0,1,1,1
CLLC,method,antlr4,0.9,0.5,org.antlr.v4.test.rt.gen.Grammar,288,0,0,0,1,1,1
LDC,method,antlr4,0.9,0.5,org.antlr.v4.test.rt.gen.Grammar,288,0,0,0,1,1,1
LLDC,method,antlr4,0.9,0.5,org.antlr.v4.test.rt.gen.Grammar,288,0,0,0,1,1,1
HCPL,method,antlr4,0.9,0.5,org.antlr.v4.test.rt.gen.Grammar,288,1,1,1,1,1,1
HDIF,method,antlr4,0.9,0.5,org.antlr.v4.test.rt.gen.Grammar,288,1,1,1,1,1,1
HEFF,method,antlr4,0.9,0.5,org.antlr.v4.test.rt.gen.Grammar,288,1,1,1,1,1,1
HNDB,method,antlr4,0.9,0.5,org.antlr.v4.test.rt.gen.Grammar,288,1,1,1,1,1,1
HPL,method,antlr4,0.9,0.5,org.antlr.v4.test.rt.gen.Grammar,288,1,1,1,1,1,1
HPV,method,antlr4,0.9,0.5,org.antlr.v4.test.rt.gen.Grammar,288,1,1,1,1,1,1
HTRP,method,antlr4,0.9,0.5,org.antlr.v4.test.rt.gen.Grammar,288,1,1,1,1,1,1
HVOL,method,antlr4,0.9,0.5,org.antlr.v4.test.rt.gen.Grammar,288,1,1,1,1,1,1
MI,method,antlr4,0.9,0.5,org.antlr.v4.test.rt.gen.Grammar,288,1,1,1,1,1,1
MIMS,method,antlr4,0.9,0.5,org.antlr.v4.test.rt.gen.Grammar,288,1,1,1,1,1,1
MISEI,method,antlr4,0.9,0.5,org.antlr.v4.test.rt.gen.Grammar,288,1,1,1,1,1,1
MISM,method,antlr4,0.9,0.5,org.antlr.v4.test.rt.gen.Grammar,288,1,1,1,1,1,1
McCC,method,antlr4,0.9,0.5,org.antlr.v4.test.rt.gen.Grammar,288,0,0,0,1,1,1
NL,method,antlr4,0.9,0.5,org.antlr.v4.test.rt.gen.Grammar,288,1,1,1,1,1,1
NLE,method,antlr4,0.9,0.5,org.antlr.v4.test.rt.gen.Grammar,288,1,1,1,1,1,1
NII,method,antlr4,0.9,0.5,org.antlr.v4.test.rt.gen.Grammar,288,0,0,0,1,1,1
NOI,method,antlr4,0.9,0.5,org.antlr.v4.test.rt.gen.Grammar,288,1,1,1,1,1,1
CD,method,antlr4,0.9,0.5,org.antlr.v4.test.rt.gen.Grammar,288,1,1,1,1,1,1
CLOC,method,antlr4,0.9,0.5,org.antlr.v4.test.rt.gen.Grammar,288,1,1,1,1,1,1
DLOC,method,antlr4,0.9,0.5,org.antlr.v4.test.rt.gen.Grammar,288,0,0,0,1,1,1
TCD,method,antlr4,0.9,0.5,org.antlr.v4.test.rt.gen.Grammar,288,1,1,1,1,1,1
TCLOC,method,antlr4,0.9,0.5,org.antlr.v4.test.rt.gen.Grammar,288,1,1,1,1,1,1
LLOC,method,antlr4,0.9,0.5,org.antlr.v4.test.rt.gen.Grammar,288,1,1,1,1,1,1
LOC,method,antlr4,0.9,0.5,org.antlr.v4.test.rt.gen.Grammar,288,1,1,1,1,1,1
NOS,method,antlr4,0.9,0.5,org.antlr.v4.test.rt.gen.Grammar,288,1,1,1,1,1,1
NUMPAR,method,antlr4,0.9,0.5,org.antlr.v4.test.rt.gen.Grammar,288,1,1,1,1,1,1
TLLOC,method,antlr4,0.9,0.5,org.antlr.v4.test.rt.gen.Grammar,288,1,1,1,1,1,1
TLOC,method,antlr4,0.9,0.5,org.antlr.v4.test.rt.gen.Grammar,288,1,1,1,1,1,1
TNOS,method,antlr4,0.9,0.5,org.antlr.v4.test.rt.gen.Grammar,288,0,0,0,0,0,0
WarningBlocker,method,antlr4,0.9,0.5,org.antlr.v4.test.rt.gen.Grammar,288,0,0,0,0,0,0
WarningCritical,method,antlr4,0.9,0.5,org.antlr.v4.test.rt.gen.Grammar,288,0,0,0,0,0,0
WarningInfo,method,antlr4,0.9,0.5,org.antlr.v4.test.rt.gen.Grammar,288,0,0,0,0,0,0
WarningMajor,method,antlr4,0.9,0.5,org.antlr.v4.test.rt.gen.Grammar,288,0,0,0,0,0,0
WarningMinor,method,antlr4,0.9,0.5,org.antlr.v4.test.rt.gen.Grammar,288,0,0,0,0,0,0
Android Rules,method,antlr4,0.9,0.5,org.antlr.v4.test.rt.gen.Grammar,288,0,0,0,0,0,0
Basic Rules,method,antlr4,0.9,0.5,org.antlr.v4.test.rt.gen.Grammar,288,0,0,0,0,0,0
Brace Rules,method,antlr4,0.9,0.5,org.antlr.v4.test.rt.gen.Grammar,288,0,0,0,0,0,0
Clone Implementation Rules,method,antlr4,0.9,0.5,org.antlr.v4.test.rt.gen.Grammar,288,0,0,0,0,0,0
Code Size Rules,method,antlr4,0.9,0.5,org.antlr.v4.test.rt.gen.Grammar,288,0,0,0,0,0,0
Comment Rules,method,antlr4,0.9,0.5,org.antlr.v4.test.rt.gen.Grammar,288,0,0,0,0,0,0
Controversial Rules,method,antlr4,0.9,0.5,org.antlr.v4.test.rt.gen.Grammar,288,0,0,0,0,0,0
Coupling Rules,method,antlr4,0.9,0.5,org.antlr.v4.test.rt.gen.Grammar,288,0,0,0,0,0,0
Design Rules,method,antlr4,0.9,0.5,org.antlr.v4.test.rt.gen.Grammar,288,0,0,0,0,0,0
Empty Code Rules,method,antlr4,0.9,0.5,org.antlr.v4.test.rt.gen.Grammar,288,0,0,0,0,0,0
Finalizer Rules,method,antlr4,0.9,0.5,org.antlr.v4.test.rt.gen.Grammar,288,0,0,0,0,0,0
Import Statement Rules,method,antlr4,0.9,0.5,org.antlr.v4.test.rt.gen.Grammar,288,0,0,0,0,0,0
J2EE Rules,method,antlr4,0.9,0.5,org.antlr.v4.test.rt.gen.Grammar,288,0,0,0,0,0,0
JUnit Rules,method,antlr4,0.9,0.5,org.antlr.v4.test.rt.gen.Grammar,288,0,0,0,0,0,0
Jakarta Commons Logging Rules,method,antlr4,0.9,0.5,org.antlr.v4.test.rt.gen.Grammar,288,0,0,0,0,0,0
Java Logging Rules,method,antlr4,0.9,0.5,org.antlr.v4.test.rt.gen.Grammar,288,0,0,0,0,0,0
JavaBean Rules,method,antlr4,0.9,0.5,org.antlr.v4.test.rt.gen.Grammar,288,0,0,0,0,0,0
MigratingToJUnit4 Rules,method,antlr4,0.9,0.5,org.antlr.v4.test.rt.gen.Grammar,288,0,0,0,0,0,0
Migration Rules,method,antlr4,0.9,0.5,org.antlr.v4.test.rt.gen.Grammar,288,0,0,0,0,0,0
Migration13 Rules,method,antlr4,0.9,0.5,org.antlr.v4.test.rt.gen.Grammar,288,0,0,0,0,0,0
Migration14 Rules,method,antlr4,0.9,0.5,org.antlr.v4.test.rt.gen.Grammar,288,0,0,0,0,0,0
Migration15 Rules,method,antlr4,0.9,0.5,org.antlr.v4.test.rt.gen.Grammar,288,0,0,0,0,0,0
Naming Rules,method,antlr4,0.9,0.5,org.antlr.v4.test.rt.gen.Grammar,288,0,0,0,0,0,0
Optimization Rules,method,antlr4,0.9,0.5,org.antlr.v4.test.rt.gen.Grammar,288,0,0,0,0,0,0
Security Code Guideline Rules,method,antlr4,0.9,0.5,org.antlr.v4.test.rt.gen.Grammar,288,0,0,0,0,0,0
Strict Exception Rules,method,antlr4,0.9,0.5,org.antlr.v4.test.rt.gen.Grammar,288,0,0,0,0,0,0
String and StringBuffer Rules,method,antlr4,0.9,0.5,org.antlr.v4.test.rt.gen.Grammar,288,0,0,0,0,0,0
Type Resolution Rules,method,antlr4,0.9,0.5,org.antlr.v4.test.rt.gen.Grammar,288,0,0,0,0,0,0
Unnecessary and Unused Code Rules,method,antlr4,0.9,0.5,org.antlr.v4.test.rt.gen.Grammar,288,0,0,0,0,0,0
Vulnerability Rules,method,antlr4,0.9,0.5,org.antlr.v4.test.rt.gen.Grammar,288,0,0,0,0,0,0
CC,method,antlr4,0.9,0.5,org.antlr.v4.test.tool.TestATNConstruction,144,0,0,0,1,1,1
CCL,method,antlr4,0.9,0.5,org.antlr.v4.test.tool.TestATNConstruction,144,0,0,0,1,1,1
CCO,method,antlr4,0.9,0.5,org.antlr.v4.test.tool.TestATNConstruction,144,0,0,0,1,1,1
CI,method,antlr4,0.9,0.5,org.antlr.v4.test.tool.TestATNConstruction,144,0,0,0,1,1,1
CLC,method,antlr4,0.9,0.5,org.antlr.v4.test.tool.TestATNConstruction,144,0,0,0,1,1,1
CLLC,method,antlr4,0.9,0.5,org.antlr.v4.test.tool.TestATNConstruction,144,0,0,0,1,1,1
LDC,method,antlr4,0.9,0.5,org.antlr.v4.test.tool.TestATNConstruction,144,1,1,1,1,1,1
LLDC,method,antlr4,0.9,0.5,org.antlr.v4.test.tool.TestATNConstruction,144,1,1,1,1,1,1
HCPL,method,antlr4,0.9,0.5,org.antlr.v4.test.tool.TestATNConstruction,144,1,1,1,1,1,1
HDIF,method,antlr4,0.9,0.5,org.antlr.v4.test.tool.TestATNConstruction,144,1,1,1,1,1,1
HEFF,method,antlr4,0.9,0.5,org.antlr.v4.test.tool.TestATNConstruction,144,1,1,1,1,1,1
HNDB,method,antlr4,0.9,0.5,org.antlr.v4.test.tool.TestATNConstruction,144,1,1,1,1,1,1
HPL,method,antlr4,0.9,0.5,org.antlr.v4.test.tool.TestATNConstruction,144,1,1,1,1,1,1
HPV,method,antlr4,0.9,0.5,org.antlr.v4.test.tool.TestATNConstruction,144,1,1,1,1,1,1
HTRP,method,antlr4,0.9,0.5,org.antlr.v4.test.tool.TestATNConstruction,144,1,1,1,1,1,1
HVOL,method,antlr4,0.9,0.5,org.antlr.v4.test.tool.TestATNConstruction,144,1,1,1,1,1,1
MI,method,antlr4,0.9,0.5,org.antlr.v4.test.tool.TestATNConstruction,144,1,1,1,1,1,1
MIMS,method,antlr4,0.9,0.5,org.antlr.v4.test.tool.TestATNConstruction,144,1,1,1,1,1,1
MISEI,method,antlr4,0.9,0.5,org.antlr.v4.test.tool.TestATNConstruction,144,1,1,1,1,1,1
MISM,method,antlr4,0.9,0.5,org.antlr.v4.test.tool.TestATNConstruction,144,1,1,1,1,1,1
McCC,method,antlr4,0.9,0.5,org.antlr.v4.test.tool.TestATNConstruction,144,0,0,0,1,1,1
NL,method,antlr4,0.9,0.5,org.antlr.v4.test.tool.TestATNConstruction,144,0,0,0,1,1,1
NLE,method,antlr4,0.9,0.5,org.antlr.v4.test.tool.TestATNConstruction,144,0,0,0,1,1,1
NII,method,antlr4,0.9,0.5,org.antlr.v4.test.tool.TestATNConstruction,144,0,0,0,1,1,1
NOI,method,antlr4,0.9,0.5,org.antlr.v4.test.tool.TestATNConstruction,144,0,0,0,1,1,1
CD,method,antlr4,0.9,0.5,org.antlr.v4.test.tool.TestATNConstruction,144,0,0,0,1,1,1
CLOC,method,antlr4,0.9,0.5,org.antlr.v4.test.tool.TestATNConstruction,144,0,0,0,1,1,1
DLOC,method,antlr4,0.9,0.5,org.antlr.v4.test.tool.TestATNConstruction,144,0,0,0,1,1,1
TCD,method,antlr4,0.9,0.5,org.antlr.v4.test.tool.TestATNConstruction,144,0,0,0,1,1,1
TCLOC,method,antlr4,0.9,0.5,org.antlr.v4.test.tool.TestATNConstruction,144,0,0,0,1,1,1
LLOC,method,antlr4,0.9,0.5,org.antlr.v4.test.tool.TestATNConstruction,144,1,1,1,1,1,1
LOC,method,antlr4,0.9,0.5,org.antlr.v4.test.tool.TestATNConstruction,144,1,1,1,1,1,1
NOS,method,antlr4,0.9,0.5,org.antlr.v4.test.tool.TestATNConstruction,144,0,0,0,1,1,1
NUMPAR,method,antlr4,0.9,0.5,org.antlr.v4.test.tool.TestATNConstruction,144,0,0,0,1,1,1
TLLOC,method,antlr4,0.9,0.5,org.antlr.v4.test.tool.TestATNConstruction,144,1,1,1,1,1,1
TLOC,method,antlr4,0.9,0.5,org.antlr.v4.test.tool.TestATNConstruction,144,1,1,1,1,1,1
TNOS,method,antlr4,0.9,0.5,org.antlr.v4.test.tool.TestATNConstruction,144,0,0,0,0,0,0
WarningBlocker,method,antlr4,0.9,0.5,org.antlr.v4.test.tool.TestATNConstruction,144,0,0,0,0,0,0
WarningCritical,method,antlr4,0.9,0.5,org.antlr.v4.test.tool.TestATNConstruction,144,0,0,0,0,0,0
WarningInfo,method,antlr4,0.9,0.5,org.antlr.v4.test.tool.TestATNConstruction,144,0,0,0,0,0,0
WarningMajor,method,antlr4,0.9,0.5,org.antlr.v4.test.tool.TestATNConstruction,144,0,0,0,0,0,0
WarningMinor,method,antlr4,0.9,0.5,org.antlr.v4.test.tool.TestATNConstruction,144,0,0,0,0,0,0
Android Rules,method,antlr4,0.9,0.5,org.antlr.v4.test.tool.TestATNConstruction,144,0,0,0,0,0,0
Basic Rules,method,antlr4,0.9,0.5,org.antlr.v4.test.tool.TestATNConstruction,144,0,0,0,0,0,0
Brace Rules,method,antlr4,0.9,0.5,org.antlr.v4.test.tool.TestATNConstruction,144,0,0,0,0,0,0
Clone Implementation Rules,method,antlr4,0.9,0.5,org.antlr.v4.test.tool.TestATNConstruction,144,0,0,0,0,0,0
Code Size Rules,method,antlr4,0.9,0.5,org.antlr.v4.test.tool.TestATNConstruction,144,0,0,0,0,0,0
Comment Rules,method,antlr4,0.9,0.5,org.antlr.v4.test.tool.TestATNConstruction,144,0,0,0,0,0,0
Controversial Rules,method,antlr4,0.9,0.5,org.antlr.v4.test.tool.TestATNConstruction,144,0,0,0,0,0,0
Coupling Rules,method,antlr4,0.9,0.5,org.antlr.v4.test.tool.TestATNConstruction,144,0,0,0,0,0,0
Design Rules,method,antlr4,0.9,0.5,org.antlr.v4.test.tool.TestATNConstruction,144,0,0,0,0,0,0
Empty Code Rules,method,antlr4,0.9,0.5,org.antlr.v4.test.tool.TestATNConstruction,144,0,0,0,0,0,0
Finalizer Rules,method,antlr4,0.9,0.5,org.antlr.v4.test.tool.TestATNConstruction,144,0,0,0,0,0,0
Import Statement Rules,method,antlr4,0.9,0.5,org.antlr.v4.test.tool.TestATNConstruction,144,0,0,0,0,0,0
J2EE Rules,method,antlr4,0.9,0.5,org.antlr.v4.test.tool.TestATNConstruction,144,0,0,0,0,0,0
JUnit Rules,method,antlr4,0.9,0.5,org.antlr.v4.test.tool.TestATNConstruction,144,0,0,0,0,0,0
Jakarta Commons Logging Rules,method,antlr4,0.9,0.5,org.antlr.v4.test.tool.TestATNConstruction,144,0,0,0,0,0,0
Java Logging Rules,method,antlr4,0.9,0.5,org.antlr.v4.test.tool.TestATNConstruction,144,0,0,0,0,0,0
JavaBean Rules,method,antlr4,0.9,0.5,org.antlr.v4.test.tool.TestATNConstruction,144,0,0,0,0,0,0
MigratingToJUnit4 Rules,method,antlr4,0.9,0.5,org.antlr.v4.test.tool.TestATNConstruction,144,0,0,0,0,0,0
Migration Rules,method,antlr4,0.9,0.5,org.antlr.v4.test.tool.TestATNConstruction,144,0,0,0,0,0,0
Migration13 Rules,method,antlr4,0.9,0.5,org.antlr.v4.test.tool.TestATNConstruction,144,0,0,0,0,0,0
Migration14 Rules,method,antlr4,0.9,0.5,org.antlr.v4.test.tool.TestATNConstruction,144,0,0,0,0,0,0
Migration15 Rules,method,antlr4,0.9,0.5,org.antlr.v4.test.tool.TestATNConstruction,144,0,0,0,0,0,0
Naming Rules,method,antlr4,0.9,0.5,org.antlr.v4.test.tool.TestATNConstruction,144,0,0,0,0,0,0
Optimization Rules,method,antlr4,0.9,0.5,org.antlr.v4.test.tool.TestATNConstruction,144,0,0,0,0,0,0
Security Code Guideline Rules,method,antlr4,0.9,0.5,org.antlr.v4.test.tool.TestATNConstruction,144,0,0,0,0,0,0
Strict Exception Rules,method,antlr4,0.9,0.5,org.antlr.v4.test.tool.TestATNConstruction,144,0,0,0,0,0,0
String and StringBuffer Rules,method,antlr4,0.9,0.5,org.antlr.v4.test.tool.TestATNConstruction,144,0,0,0,0,0,0
Type Resolution Rules,method,antlr4,0.9,0.5,org.antlr.v4.test.tool.TestATNConstruction,144,0,0,0,0,0,0
Unnecessary and Unused Code Rules,method,antlr4,0.9,0.5,org.antlr.v4.test.tool.TestATNConstruction,144,0,0,0,0,0,0
Vulnerability Rules,method,antlr4,0.9,0.5,org.antlr.v4.test.tool.TestATNConstruction,144,0,0,0,0,0,0
CC,method,antlr4,0.9,0.5,org.antlr.v4.test.rt.gen.TestMethod,216,0,0,0,1,1,1
CCL,method,antlr4,0.9,0.5,org.antlr.v4.test.rt.gen.TestMethod,216,0,0,0,1,1,1
CCO,method,antlr4,0.9,0.5,org.antlr.v4.test.rt.gen.TestMethod,216,0,0,0,1,1,1
CI,method,antlr4,0.9,0.5,org.antlr.v4.test.rt.gen.TestMethod,216,0,0,0,1,1,1
CLC,method,antlr4,0.9,0.5,org.antlr.v4.test.rt.gen.TestMethod,216,0,0,0,1,1,1
CLLC,method,antlr4,0.9,0.5,org.antlr.v4.test.rt.gen.TestMethod,216,0,0,0,1,1,1
LDC,method,antlr4,0.9,0.5,org.antlr.v4.test.rt.gen.TestMethod,216,0,0,0,1,1,1
LLDC,method,antlr4,0.9,0.5,org.antlr.v4.test.rt.gen.TestMethod,216,0,0,0,1,1,1
HCPL,method,antlr4,0.9,0.5,org.antlr.v4.test.rt.gen.TestMethod,216,1,1,1,1,1,1
HDIF,method,antlr4,0.9,0.5,org.antlr.v4.test.rt.gen.TestMethod,216,1,1,1,1,1,1
HEFF,method,antlr4,0.9,0.5,org.antlr.v4.test.rt.gen.TestMethod,216,1,1,1,1,1,1
HNDB,method,antlr4,0.9,0.5,org.antlr.v4.test.rt.gen.TestMethod,216,1,1,1,1,1,1
HPL,method,antlr4,0.9,0.5,org.antlr.v4.test.rt.gen.TestMethod,216,1,1,1,1,1,1
HPV,method,antlr4,0.9,0.5,org.antlr.v4.test.rt.gen.TestMethod,216,1,1,1,1,1,1
HTRP,method,antlr4,0.9,0.5,org.antlr.v4.test.rt.gen.TestMethod,216,1,1,1,1,1,1
HVOL,method,antlr4,0.9,0.5,org.antlr.v4.test.rt.gen.TestMethod,216,1,1,1,1,1,1
MI,method,antlr4,0.9,0.5,org.antlr.v4.test.rt.gen.TestMethod,216,1,1,1,1,1,1
MIMS,method,antlr4,0.9,0.5,org.antlr.v4.test.rt.gen.TestMethod,216,1,1,1,1,1,1
MISEI,method,antlr4,0.9,0.5,org.antlr.v4.test.rt.gen.TestMethod,216,1,1,1,1,1,1
MISM,method,antlr4,0.9,0.5,org.antlr.v4.test.rt.gen.TestMethod,216,1,1,1,1,1,1
McCC,method,antlr4,0.9,0.5,org.antlr.v4.test.rt.gen.TestMethod,216,1,1,1,1,1,1
NL,method,antlr4,0.9,0.5,org.antlr.v4.test.rt.gen.TestMethod,216,0,0,0,1,1,1
NLE,method,antlr4,0.9,0.5,org.antlr.v4.test.rt.gen.TestMethod,216,0,0,0,1,1,1
NII,method,antlr4,0.9,0.5,org.antlr.v4.test.rt.gen.TestMethod,216,1,1,1,1,1,1
NOI,method,antlr4,0.9,0.5,org.antlr.v4.test.rt.gen.TestMethod,216,1,1,1,1,1,1
CD,method,antlr4,0.9,0.5,org.antlr.v4.test.rt.gen.TestMethod,216,0,0,0,1,1,1
CLOC,method,antlr4,0.9,0.5,org.antlr.v4.test.rt.gen.TestMethod,216,0,0,0,1,1,1
DLOC,method,antlr4,0.9,0.5,org.antlr.v4.test.rt.gen.TestMethod,216,0,0,0,1,1,1
TCD,method,antlr4,0.9,0.5,org.antlr.v4.test.rt.gen.TestMethod,216,0,0,0,1,1,1
TCLOC,method,antlr4,0.9,0.5,org.antlr.v4.test.rt.gen.TestMethod,216,0,0,0,1,1,1
LLOC,method,antlr4,0.9,0.5,org.antlr.v4.test.rt.gen.TestMethod,216,1,1,1,1,1,1
LOC,method,antlr4,0.9,0.5,org.antlr.v4.test.rt.gen.TestMethod,216,1,1,1,1,1,1
NOS,method,antlr4,0.9,0.5,org.antlr.v4.test.rt.gen.TestMethod,216,1,1,1,1,1,1
NUMPAR,method,antlr4,0.9,0.5,org.antlr.v4.test.rt.gen.TestMethod,216,1,1,1,1,1,1
TLLOC,method,antlr4,0.9,0.5,org.antlr.v4.test.rt.gen.TestMethod,216,1,1,1,1,1,1
TLOC,method,antlr4,0.9,0.5,org.antlr.v4.test.rt.gen.TestMethod,216,1,1,1,1,1,1
TNOS,method,antlr4,0.9,0.5,org.antlr.v4.test.rt.gen.TestMethod,216,0,0,0,0,0,0
WarningBlocker,method,antlr4,0.9,0.5,org.antlr.v4.test.rt.gen.TestMethod,216,0,0,0,0,0,0
WarningCritical,method,antlr4,0.9,0.5,org.antlr.v4.test.rt.gen.TestMethod,216,0,0,0,0,0,0
WarningInfo,method,antlr4,0.9,0.5,org.antlr.v4.test.rt.gen.TestMethod,216,0,0,0,0,0,0
WarningMajor,method,antlr4,0.9,0.5,org.antlr.v4.test.rt.gen.TestMethod,216,0,0,0,0,0,0
WarningMinor,method,antlr4,0.9,0.5,org.antlr.v4.test.rt.gen.TestMethod,216,0,0,0,0,0,0
Android Rules,method,antlr4,0.9,0.5,org.antlr.v4.test.rt.gen.TestMethod,216,0,0,0,0,0,0
Basic Rules,method,antlr4,0.9,0.5,org.antlr.v4.test.rt.gen.TestMethod,216,0,0,0,0,0,0
Brace Rules,method,antlr4,0.9,0.5,org.antlr.v4.test.rt.gen.TestMethod,216,0,0,0,0,0,0
Clone Implementation Rules,method,antlr4,0.9,0.5,org.antlr.v4.test.rt.gen.TestMethod,216,0,0,0,0,0,0
Code Size Rules,method,antlr4,0.9,0.5,org.antlr.v4.test.rt.gen.TestMethod,216,0,0,0,0,0,0
Comment Rules,method,antlr4,0.9,0.5,org.antlr.v4.test.rt.gen.TestMethod,216,0,0,0,0,0,0
Controversial Rules,method,antlr4,0.9,0.5,org.antlr.v4.test.rt.gen.TestMethod,216,0,0,0,0,0,0
Coupling Rules,method,antlr4,0.9,0.5,org.antlr.v4.test.rt.gen.TestMethod,216,0,0,0,0,0,0
Design Rules,method,antlr4,0.9,0.5,org.antlr.v4.test.rt.gen.TestMethod,216,0,0,0,0,0,0
Empty Code Rules,method,antlr4,0.9,0.5,org.antlr.v4.test.rt.gen.TestMethod,216,0,0,0,0,0,0
Finalizer Rules,method,antlr4,0.9,0.5,org.antlr.v4.test.rt.gen.TestMethod,216,0,0,0,0,0,0
Import Statement Rules,method,antlr4,0.9,0.5,org.antlr.v4.test.rt.gen.TestMethod,216,0,0,0,0,0,0
J2EE Rules,method,antlr4,0.9,0.5,org.antlr.v4.test.rt.gen.TestMethod,216,0,0,0,0,0,0
JUnit Rules,method,antlr4,0.9,0.5,org.antlr.v4.test.rt.gen.TestMethod,216,0,0,0,0,0,0
Jakarta Commons Logging Rules,method,antlr4,0.9,0.5,org.antlr.v4.test.rt.gen.TestMethod,216,0,0,0,0,0,0
Java Logging Rules,method,antlr4,0.9,0.5,org.antlr.v4.test.rt.gen.TestMethod,216,0,0,0,0,0,0
JavaBean Rules,method,antlr4,0.9,0.5,org.antlr.v4.test.rt.gen.TestMethod,216,0,0,0,0,0,0
MigratingToJUnit4 Rules,method,antlr4,0.9,0.5,org.antlr.v4.test.rt.gen.TestMethod,216,0,0,0,0,0,0
Migration Rules,method,antlr4,0.9,0.5,org.antlr.v4.test.rt.gen.TestMethod,216,0,0,0,0,0,0
Migration13 Rules,method,antlr4,0.9,0.5,org.antlr.v4.test.rt.gen.TestMethod,216,0,0,0,0,0,0
Migration14 Rules,method,antlr4,0.9,0.5,org.antlr.v4.test.rt.gen.TestMethod,216,0,0,0,0,0,0
Migration15 Rules,method,antlr4,0.9,0.5,org.antlr.v4.test.rt.gen.TestMethod,216,0,0,0,0,0,0
Naming Rules,method,antlr4,0.9,0.5,org.antlr.v4.test.rt.gen.TestMethod,216,0,0,0,0,0,0
Optimization Rules,method,antlr4,0.9,0.5,org.antlr.v4.test.rt.gen.TestMethod,216,0,0,0,0,0,0
Security Code Guideline Rules,method,antlr4,0.9,0.5,org.antlr.v4.test.rt.gen.TestMethod,216,0,0,0,0,0,0
Strict Exception Rules,method,antlr4,0.9,0.5,org.antlr.v4.test.rt.gen.TestMethod,216,0,0,0,0,0,0
String and StringBuffer Rules,method,antlr4,0.9,0.5,org.antlr.v4.test.rt.gen.TestMethod,216,0,0,0,0,0,0
Type Resolution Rules,method,antlr4,0.9,0.5,org.antlr.v4.test.rt.gen.TestMethod,216,0,0,0,0,0,0
Unnecessary and Unused Code Rules,method,antlr4,0.9,0.5,org.antlr.v4.test.rt.gen.TestMethod,216,0,0,0,0,0,0
Vulnerability Rules,method,antlr4,0.9,0.5,org.antlr.v4.test.rt.gen.TestMethod,216,0,0,0,0,0,0
CC,method,antlr4,0.9,0.5,org.antlr.v4.codegen.model.SerializedATN,72,0,0,0,1,1,1
CCL,method,antlr4,0.9,0.5,org.antlr.v4.codegen.model.SerializedATN,72,0,0,0,1,1,1
CCO,method,antlr4,0.9,0.5,org.antlr.v4.codegen.model.SerializedATN,72,0,0,0,1,1,1
CI,method,antlr4,0.9,0.5,org.antlr.v4.codegen.model.SerializedATN,72,0,0,0,1,1,1
CLC,method,antlr4,0.9,0.5,org.antlr.v4.codegen.model.SerializedATN,72,0,0,0,1,1,1
CLLC,method,antlr4,0.9,0.5,org.antlr.v4.codegen.model.SerializedATN,72,0,0,0,1,1,1
LDC,method,antlr4,0.9,0.5,org.antlr.v4.codegen.model.SerializedATN,72,0,0,0,1,1,1
LLDC,method,antlr4,0.9,0.5,org.antlr.v4.codegen.model.SerializedATN,72,0,0,0,1,1,1
HCPL,method,antlr4,0.9,0.5,org.antlr.v4.codegen.model.SerializedATN,72,0,0,0,1,1,1
HDIF,method,antlr4,0.9,0.5,org.antlr.v4.codegen.model.SerializedATN,72,0,0,0,1,1,1
HEFF,method,antlr4,0.9,0.5,org.antlr.v4.codegen.model.SerializedATN,72,0,0,0,1,1,1
HNDB,method,antlr4,0.9,0.5,org.antlr.v4.codegen.model.SerializedATN,72,0,0,0,1,1,1
HPL,method,antlr4,0.9,0.5,org.antlr.v4.codegen.model.SerializedATN,72,0,0,0,1,1,1
HPV,method,antlr4,0.9,0.5,org.antlr.v4.codegen.model.SerializedATN,72,0,0,0,1,1,1
HTRP,method,antlr4,0.9,0.5,org.antlr.v4.codegen.model.SerializedATN,72,0,0,0,1,1,1
HVOL,method,antlr4,0.9,0.5,org.antlr.v4.codegen.model.SerializedATN,72,0,0,0,1,1,1
MI,method,antlr4,0.9,0.5,org.antlr.v4.codegen.model.SerializedATN,72,0,0,0,1,1,1
MIMS,method,antlr4,0.9,0.5,org.antlr.v4.codegen.model.SerializedATN,72,0,0,0,1,1,1
MISEI,method,antlr4,0.9,0.5,org.antlr.v4.codegen.model.SerializedATN,72,0,0,0,1,1,1
MISM,method,antlr4,0.9,0.5,org.antlr.v4.codegen.model.SerializedATN,72,0,0,0,1,1,1
McCC,method,antlr4,0.9,0.5,org.antlr.v4.codegen.model.SerializedATN,72,0,0,0,1,1,1
NL,method,antlr4,0.9,0.5,org.antlr.v4.codegen.model.SerializedATN,72,0,0,0,1,1,1
NLE,method,antlr4,0.9,0.5,org.antlr.v4.codegen.model.SerializedATN,72,0,0,0,1,1,1
NII,method,antlr4,0.9,0.5,org.antlr.v4.codegen.model.SerializedATN,72,0,0,0,1,1,1
NOI,method,antlr4,0.9,0.5,org.antlr.v4.codegen.model.SerializedATN,72,0,0,0,1,1,1
CD,method,antlr4,0.9,0.5,org.antlr.v4.codegen.model.SerializedATN,72,0,0,0,1,1,1
CLOC,method,antlr4,0.9,0.5,org.antlr.v4.codegen.model.SerializedATN,72,0,0,0,1,1,1
DLOC,method,antlr4,0.9,0.5,org.antlr.v4.codegen.model.SerializedATN,72,0,0,0,1,1,1
TCD,method,antlr4,0.9,0.5,org.antlr.v4.codegen.model.SerializedATN,72,0,0,0,1,1,1
TCLOC,method,antlr4,0.9,0.5,org.antlr.v4.codegen.model.SerializedATN,72,0,0,0,1,1,1
LLOC,method,antlr4,0.9,0.5,org.antlr.v4.codegen.model.SerializedATN,72,0,0,0,1,1,1
LOC,method,antlr4,0.9,0.5,org.antlr.v4.codegen.model.SerializedATN,72,0,0,0,1,1,1
NOS,method,antlr4,0.9,0.5,org.antlr.v4.codegen.model.SerializedATN,72,0,0,0,1,1,1
NUMPAR,method,antlr4,0.9,0.5,org.antlr.v4.codegen.model.SerializedATN,72,0,0,0,1,1,1
TLLOC,method,antlr4,0.9,0.5,org.antlr.v4.codegen.model.SerializedATN,72,0,0,0,1,1,1
TLOC,method,antlr4,0.9,0.5,org.antlr.v4.codegen.model.SerializedATN,72,0,0,0,1,1,1
TNOS,method,antlr4,0.9,0.5,org.antlr.v4.codegen.model.SerializedATN,72,0,0,0,0,0,0
WarningBlocker,method,antlr4,0.9,0.5,org.antlr.v4.codegen.model.SerializedATN,72,0,0,0,0,0,0
WarningCritical,method,antlr4,0.9,0.5,org.antlr.v4.codegen.model.SerializedATN,72,0,0,0,0,0,0
WarningInfo,method,antlr4,0.9,0.5,org.antlr.v4.codegen.model.SerializedATN,72,0,0,0,0,0,0
WarningMajor,method,antlr4,0.9,0.5,org.antlr.v4.codegen.model.SerializedATN,72,0,0,0,0,0,0
WarningMinor,method,antlr4,0.9,0.5,org.antlr.v4.codegen.model.SerializedATN,72,0,0,0,0,0,0
Android Rules,method,antlr4,0.9,0.5,org.antlr.v4.codegen.model.SerializedATN,72,0,0,0,0,0,0
Basic Rules,method,antlr4,0.9,0.5,org.antlr.v4.codegen.model.SerializedATN,72,0,0,0,0,0,0
Brace Rules,method,antlr4,0.9,0.5,org.antlr.v4.codegen.model.SerializedATN,72,0,0,0,0,0,0
Clone Implementation Rules,method,antlr4,0.9,0.5,org.antlr.v4.codegen.model.SerializedATN,72,0,0,0,0,0,0
Code Size Rules,method,antlr4,0.9,0.5,org.antlr.v4.codegen.model.SerializedATN,72,0,0,0,0,0,0
Comment Rules,method,antlr4,0.9,0.5,org.antlr.v4.codegen.model.SerializedATN,72,0,0,0,0,0,0
Controversial Rules,method,antlr4,0.9,0.5,org.antlr.v4.codegen.model.SerializedATN,72,0,0,0,0,0,0
Coupling Rules,method,antlr4,0.9,0.5,org.antlr.v4.codegen.model.SerializedATN,72,0,0,0,0,0,0
Design Rules,method,antlr4,0.9,0.5,org.antlr.v4.codegen.model.SerializedATN,72,0,0,0,0,0,0
Empty Code Rules,method,antlr4,0.9,0.5,org.antlr.v4.codegen.model.SerializedATN,72,0,0,0,0,0,0
Finalizer Rules,method,antlr4,0.9,0.5,org.antlr.v4.codegen.model.SerializedATN,72,0,0,0,0,0,0
Import Statement Rules,method,antlr4,0.9,0.5,org.antlr.v4.codegen.model.SerializedATN,72,0,0,0,0,0,0
J2EE Rules,method,antlr4,0.9,0.5,org.antlr.v4.codegen.model.SerializedATN,72,0,0,0,0,0,0
JUnit Rules,method,antlr4,0.9,0.5,org.antlr.v4.codegen.model.SerializedATN,72,0,0,0,0,0,0
Jakarta Commons Logging Rules,method,antlr4,0.9,0.5,org.antlr.v4.codegen.model.SerializedATN,72,0,0,0,0,0,0
Java Logging Rules,method,antlr4,0.9,0.5,org.antlr.v4.codegen.model.SerializedATN,72,0,0,0,0,0,0
JavaBean Rules,method,antlr4,0.9,0.5,org.antlr.v4.codegen.model.SerializedATN,72,0,0,0,0,0,0
MigratingToJUnit4 Rules,method,antlr4,0.9,0.5,org.antlr.v4.codegen.model.SerializedATN,72,0,0,0,0,0,0
Migration Rules,method,antlr4,0.9,0.5,org.antlr.v4.codegen.model.SerializedATN,72,0,0,0,0,0,0
Migration13 Rules,method,antlr4,0.9,0.5,org.antlr.v4.codegen.model.SerializedATN,72,0,0,0,0,0,0
Migration14 Rules,method,antlr4,0.9,0.5,org.antlr.v4.codegen.model.SerializedATN,72,0,0,0,0,0,0
Migration15 Rules,method,antlr4,0.9,0.5,org.antlr.v4.codegen.model.SerializedATN,72,0,0,0,0,0,0
Naming Rules,method,antlr4,0.9,0.5,org.antlr.v4.codegen.model.SerializedATN,72,0,0,0,0,0,0
Optimization Rules,method,antlr4,0.9,0.5,org.antlr.v4.codegen.model.SerializedATN,72,0,0,0,0,0,0
Security Code Guideline Rules,method,antlr4,0.9,0.5,org.antlr.v4.codegen.model.SerializedATN,72,0,0,0,0,0,0
Strict Exception Rules,method,antlr4,0.9,0.5,org.antlr.v4.codegen.model.SerializedATN,72,0,0,0,0,0,0
String and StringBuffer Rules,method,antlr4,0.9,0.5,org.antlr.v4.codegen.model.SerializedATN,72,0,0,0,0,0,0
Type Resolution Rules,method,antlr4,0.9,0.5,org.antlr.v4.codegen.model.SerializedATN,72,0,0,0,0,0,0
Unnecessary and Unused Code Rules,method,antlr4,0.9,0.5,org.antlr.v4.codegen.model.SerializedATN,72,0,0,0,0,0,0
Vulnerability Rules,method,antlr4,0.9,0.5,org.antlr.v4.codegen.model.SerializedATN,72,0,0,0,0,0,0
CC,method,antlr4,0.9,0.5,org.antlr.v4.test.rt.gen.AbstractParserTestMethod,72,0,0,0,1,1,1
CCL,method,antlr4,0.9,0.5,org.antlr.v4.test.rt.gen.AbstractParserTestMethod,72,0,0,0,1,1,1
CCO,method,antlr4,0.9,0.5,org.antlr.v4.test.rt.gen.AbstractParserTestMethod,72,0,0,0,1,1,1
CI,method,antlr4,0.9,0.5,org.antlr.v4.test.rt.gen.AbstractParserTestMethod,72,0,0,0,1,1,1
CLC,method,antlr4,0.9,0.5,org.antlr.v4.test.rt.gen.AbstractParserTestMethod,72,0,0,0,1,1,1
CLLC,method,antlr4,0.9,0.5,org.antlr.v4.test.rt.gen.AbstractParserTestMethod,72,0,0,0,1,1,1
LDC,method,antlr4,0.9,0.5,org.antlr.v4.test.rt.gen.AbstractParserTestMethod,72,0,0,0,1,1,1
LLDC,method,antlr4,0.9,0.5,org.antlr.v4.test.rt.gen.AbstractParserTestMethod,72,0,0,0,1,1,1
HCPL,method,antlr4,0.9,0.5,org.antlr.v4.test.rt.gen.AbstractParserTestMethod,72,0,0,0,1,1,1
HDIF,method,antlr4,0.9,0.5,org.antlr.v4.test.rt.gen.AbstractParserTestMethod,72,0,0,0,1,1,1
HEFF,method,antlr4,0.9,0.5,org.antlr.v4.test.rt.gen.AbstractParserTestMethod,72,0,0,0,1,1,1
HNDB,method,antlr4,0.9,0.5,org.antlr.v4.test.rt.gen.AbstractParserTestMethod,72,0,0,0,1,1,1
HPL,method,antlr4,0.9,0.5,org.antlr.v4.test.rt.gen.AbstractParserTestMethod,72,0,0,0,1,1,1
HPV,method,antlr4,0.9,0.5,org.antlr.v4.test.rt.gen.AbstractParserTestMethod,72,0,0,0,1,1,1
HTRP,method,antlr4,0.9,0.5,org.antlr.v4.test.rt.gen.AbstractParserTestMethod,72,0,0,0,1,1,1
HVOL,method,antlr4,0.9,0.5,org.antlr.v4.test.rt.gen.AbstractParserTestMethod,72,0,0,0,1,1,1
MI,method,antlr4,0.9,0.5,org.antlr.v4.test.rt.gen.AbstractParserTestMethod,72,0,0,0,1,1,1
MIMS,method,antlr4,0.9,0.5,org.antlr.v4.test.rt.gen.AbstractParserTestMethod,72,0,0,0,1,1,1
MISEI,method,antlr4,0.9,0.5,org.antlr.v4.test.rt.gen.AbstractParserTestMethod,72,0,0,0,1,1,1
MISM,method,antlr4,0.9,0.5,org.antlr.v4.test.rt.gen.AbstractParserTestMethod,72,0,0,0,1,1,1
McCC,method,antlr4,0.9,0.5,org.antlr.v4.test.rt.gen.AbstractParserTestMethod,72,0,0,0,1,1,1
NL,method,antlr4,0.9,0.5,org.antlr.v4.test.rt.gen.AbstractParserTestMethod,72,0,0,0,1,1,1
NLE,method,antlr4,0.9,0.5,org.antlr.v4.test.rt.gen.AbstractParserTestMethod,72,0,0,0,1,1,1
NII,method,antlr4,0.9,0.5,org.antlr.v4.test.rt.gen.AbstractParserTestMethod,72,0,0,0,1,1,1
NOI,method,antlr4,0.9,0.5,org.antlr.v4.test.rt.gen.AbstractParserTestMethod,72,0,0,0,1,1,1
CD,method,antlr4,0.9,0.5,org.antlr.v4.test.rt.gen.AbstractParserTestMethod,72,0,0,0,1,1,1
CLOC,method,antlr4,0.9,0.5,org.antlr.v4.test.rt.gen.AbstractParserTestMethod,72,0,0,0,1,1,1
DLOC,method,antlr4,0.9,0.5,org.antlr.v4.test.rt.gen.AbstractParserTestMethod,72,0,0,0,1,1,1
TCD,method,antlr4,0.9,0.5,org.antlr.v4.test.rt.gen.AbstractParserTestMethod,72,0,0,0,1,1,1
TCLOC,method,antlr4,0.9,0.5,org.antlr.v4.test.rt.gen.AbstractParserTestMethod,72,0,0,0,1,1,1
LLOC,method,antlr4,0.9,0.5,org.antlr.v4.test.rt.gen.AbstractParserTestMethod,72,0,0,0,1,1,1
LOC,method,antlr4,0.9,0.5,org.antlr.v4.test.rt.gen.AbstractParserTestMethod,72,0,0,0,1,1,1
NOS,method,antlr4,0.9,0.5,org.antlr.v4.test.rt.gen.AbstractParserTestMethod,72,0,0,0,1,1,1
NUMPAR,method,antlr4,0.9,0.5,org.antlr.v4.test.rt.gen.AbstractParserTestMethod,72,0,0,0,1,1,1
TLLOC,method,antlr4,0.9,0.5,org.antlr.v4.test.rt.gen.AbstractParserTestMethod,72,0,0,0,1,1,1
TLOC,method,antlr4,0.9,0.5,org.antlr.v4.test.rt.gen.AbstractParserTestMethod,72,0,0,0,1,1,1
TNOS,method,antlr4,0.9,0.5,org.antlr.v4.test.rt.gen.AbstractParserTestMethod,72,0,0,0,0,0,0
WarningBlocker,method,antlr4,0.9,0.5,org.antlr.v4.test.rt.gen.AbstractParserTestMethod,72,0,0,0,0,0,0
WarningCritical,method,antlr4,0.9,0.5,org.antlr.v4.test.rt.gen.AbstractParserTestMethod,72,0,0,0,0,0,0
WarningInfo,method,antlr4,0.9,0.5,org.antlr.v4.test.rt.gen.AbstractParserTestMethod,72,0,0,0,0,0,0
WarningMajor,method,antlr4,0.9,0.5,org.antlr.v4.test.rt.gen.AbstractParserTestMethod,72,0,0,0,0,0,0
WarningMinor,method,antlr4,0.9,0.5,org.antlr.v4.test.rt.gen.AbstractParserTestMethod,72,0,0,0,0,0,0
Android Rules,method,antlr4,0.9,0.5,org.antlr.v4.test.rt.gen.AbstractParserTestMethod,72,0,0,0,0,0,0
Basic Rules,method,antlr4,0.9,0.5,org.antlr.v4.test.rt.gen.AbstractParserTestMethod,72,0,0,0,0,0,0
Brace Rules,method,antlr4,0.9,0.5,org.antlr.v4.test.rt.gen.AbstractParserTestMethod,72,0,0,0,0,0,0
Clone Implementation Rules,method,antlr4,0.9,0.5,org.antlr.v4.test.rt.gen.AbstractParserTestMethod,72,0,0,0,0,0,0
Code Size Rules,method,antlr4,0.9,0.5,org.antlr.v4.test.rt.gen.AbstractParserTestMethod,72,0,0,0,0,0,0
Comment Rules,method,antlr4,0.9,0.5,org.antlr.v4.test.rt.gen.AbstractParserTestMethod,72,0,0,0,0,0,0
Controversial Rules,method,antlr4,0.9,0.5,org.antlr.v4.test.rt.gen.AbstractParserTestMethod,72,0,0,0,0,0,0
Coupling Rules,method,antlr4,0.9,0.5,org.antlr.v4.test.rt.gen.AbstractParserTestMethod,72,0,0,0,0,0,0
Design Rules,method,antlr4,0.9,0.5,org.antlr.v4.test.rt.gen.AbstractParserTestMethod,72,0,0,0,0,0,0
Empty Code Rules,method,antlr4,0.9,0.5,org.antlr.v4.test.rt.gen.AbstractParserTestMethod,72,0,0,0,0,0,0
Finalizer Rules,method,antlr4,0.9,0.5,org.antlr.v4.test.rt.gen.AbstractParserTestMethod,72,0,0,0,0,0,0
Import Statement Rules,method,antlr4,0.9,0.5,org.antlr.v4.test.rt.gen.AbstractParserTestMethod,72,0,0,0,0,0,0
J2EE Rules,method,antlr4,0.9,0.5,org.antlr.v4.test.rt.gen.AbstractParserTestMethod,72,0,0,0,0,0,0
JUnit Rules,method,antlr4,0.9,0.5,org.antlr.v4.test.rt.gen.AbstractParserTestMethod,72,0,0,0,0,0,0
Jakarta Commons Logging Rules,method,antlr4,0.9,0.5,org.antlr.v4.test.rt.gen.AbstractParserTestMethod,72,0,0,0,0,0,0
Java Logging Rules,method,antlr4,0.9,0.5,org.antlr.v4.test.rt.gen.AbstractParserTestMethod,72,0,0,0,0,0,0
JavaBean Rules,method,antlr4,0.9,0.5,org.antlr.v4.test.rt.gen.AbstractParserTestMethod,72,0,0,0,0,0,0
MigratingToJUnit4 Rules,method,antlr4,0.9,0.5,org.antlr.v4.test.rt.gen.AbstractParserTestMethod,72,0,0,0,0,0,0
Migration Rules,method,antlr4,0.9,0.5,org.antlr.v4.test.rt.gen.AbstractParserTestMethod,72,0,0,0,0,0,0
Migration13 Rules,method,antlr4,0.9,0.5,org.antlr.v4.test.rt.gen.AbstractParserTestMethod,72,0,0,0,0,0,0
Migration14 Rules,method,antlr4,0.9,0.5,org.antlr.v4.test.rt.gen.AbstractParserTestMethod,72,0,0,0,0,0,0
Migration15 Rules,method,antlr4,0.9,0.5,org.antlr.v4.test.rt.gen.AbstractParserTestMethod,72,0,0,0,0,0,0
Naming Rules,method,antlr4,0.9,0.5,org.antlr.v4.test.rt.gen.AbstractParserTestMethod,72,0,0,0,0,0,0
Optimization Rules,method,antlr4,0.9,0.5,org.antlr.v4.test.rt.gen.AbstractParserTestMethod,72,0,0,0,0,0,0
Security Code Guideline Rules,method,antlr4,0.9,0.5,org.antlr.v4.test.rt.gen.AbstractParserTestMethod,72,0,0,0,0,0,0
Strict Exception Rules,method,antlr4,0.9,0.5,org.antlr.v4.test.rt.gen.AbstractParserTestMethod,72,0,0,0,0,0,0
String and StringBuffer Rules,method,antlr4,0.9,0.5,org.antlr.v4.test.rt.gen.AbstractParserTestMethod,72,0,0,0,0,0,0
Type Resolution Rules,method,antlr4,0.9,0.5,org.antlr.v4.test.rt.gen.AbstractParserTestMethod,72,0,0,0,0,0,0
Unnecessary and Unused Code Rules,method,antlr4,0.9,0.5,org.antlr.v4.test.rt.gen.AbstractParserTestMethod,72,0,0,0,0,0,0
Vulnerability Rules,method,antlr4,0.9,0.5,org.antlr.v4.test.rt.gen.AbstractParserTestMethod,72,0,0,0,0,0,0
CC,method,antlr4,0.9,0.5,org.antlr.v4.test.tool.TestLeftRecursion,144,0,0,0,1,1,1
CCL,method,antlr4,0.9,0.5,org.antlr.v4.test.tool.TestLeftRecursion,144,0,0,0,1,1,1
CCO,method,antlr4,0.9,0.5,org.antlr.v4.test.tool.TestLeftRecursion,144,0,0,0,1,1,1
CI,method,antlr4,0.9,0.5,org.antlr.v4.test.tool.TestLeftRecursion,144,0,0,0,1,1,1
CLC,method,antlr4,0.9,0.5,org.antlr.v4.test.tool.TestLeftRecursion,144,0,0,0,1,1,1
CLLC,method,antlr4,0.9,0.5,org.antlr.v4.test.tool.TestLeftRecursion,144,0,0,0,1,1,1
LDC,method,antlr4,0.9,0.5,org.antlr.v4.test.tool.TestLeftRecursion,144,0,0,0,1,1,1
LLDC,method,antlr4,0.9,0.5,org.antlr.v4.test.tool.TestLeftRecursion,144,0,0,0,1,1,1
HCPL,method,antlr4,0.9,0.5,org.antlr.v4.test.tool.TestLeftRecursion,144,1,1,1,1,1,1
HDIF,method,antlr4,0.9,0.5,org.antlr.v4.test.tool.TestLeftRecursion,144,1,1,1,1,1,1
HEFF,method,antlr4,0.9,0.5,org.antlr.v4.test.tool.TestLeftRecursion,144,1,1,1,1,1,1
HNDB,method,antlr4,0.9,0.5,org.antlr.v4.test.tool.TestLeftRecursion,144,1,1,1,1,1,1
HPL,method,antlr4,0.9,0.5,org.antlr.v4.test.tool.TestLeftRecursion,144,1,1,1,1,1,1
HPV,method,antlr4,0.9,0.5,org.antlr.v4.test.tool.TestLeftRecursion,144,1,1,1,1,1,1
HTRP,method,antlr4,0.9,0.5,org.antlr.v4.test.tool.TestLeftRecursion,144,1,1,1,1,1,1
HVOL,method,antlr4,0.9,0.5,org.antlr.v4.test.tool.TestLeftRecursion,144,1,1,1,1,1,1
MI,method,antlr4,0.9,0.5,org.antlr.v4.test.tool.TestLeftRecursion,144,1,1,1,1,1,1
MIMS,method,antlr4,0.9,0.5,org.antlr.v4.test.tool.TestLeftRecursion,144,1,1,1,1,1,1
MISEI,method,antlr4,0.9,0.5,org.antlr.v4.test.tool.TestLeftRecursion,144,1,1,1,1,1,1
MISM,method,antlr4,0.9,0.5,org.antlr.v4.test.tool.TestLeftRecursion,144,1,1,1,1,1,1
McCC,method,antlr4,0.9,0.5,org.antlr.v4.test.tool.TestLeftRecursion,144,0,0,0,1,1,1
NL,method,antlr4,0.9,0.5,org.antlr.v4.test.tool.TestLeftRecursion,144,0,0,0,1,1,1
NLE,method,antlr4,0.9,0.5,org.antlr.v4.test.tool.TestLeftRecursion,144,0,0,0,1,1,1
NII,method,antlr4,0.9,0.5,org.antlr.v4.test.tool.TestLeftRecursion,144,0,0,0,1,1,1
NOI,method,antlr4,0.9,0.5,org.antlr.v4.test.tool.TestLeftRecursion,144,0,0,0,1,1,1
CD,method,antlr4,0.9,0.5,org.antlr.v4.test.tool.TestLeftRecursion,144,0,0,0,1,1,1
CLOC,method,antlr4,0.9,0.5,org.antlr.v4.test.tool.TestLeftRecursion,144,0,0,0,1,1,1
DLOC,method,antlr4,0.9,0.5,org.antlr.v4.test.tool.TestLeftRecursion,144,0,0,0,1,1,1
TCD,method,antlr4,0.9,0.5,org.antlr.v4.test.tool.TestLeftRecursion,144,0,0,0,1,1,1
TCLOC,method,antlr4,0.9,0.5,org.antlr.v4.test.tool.TestLeftRecursion,144,0,0,0,1,1,1
LLOC,method,antlr4,0.9,0.5,org.antlr.v4.test.tool.TestLeftRecursion,144,1,1,1,1,1,1
LOC,method,antlr4,0.9,0.5,org.antlr.v4.test.tool.TestLeftRecursion,144,1,1,1,1,1,1
NOS,method,antlr4,0.9,0.5,org.antlr.v4.test.tool.TestLeftRecursion,144,0,0,0,1,1,1
NUMPAR,method,antlr4,0.9,0.5,org.antlr.v4.test.tool.TestLeftRecursion,144,0,0,0,1,1,1
TLLOC,method,antlr4,0.9,0.5,org.antlr.v4.test.tool.TestLeftRecursion,144,1,1,1,1,1,1
TLOC,method,antlr4,0.9,0.5,org.antlr.v4.test.tool.TestLeftRecursion,144,1,1,1,1,1,1
TNOS,method,antlr4,0.9,0.5,org.antlr.v4.test.tool.TestLeftRecursion,144,0,0,0,0,0,0
WarningBlocker,method,antlr4,0.9,0.5,org.antlr.v4.test.tool.TestLeftRecursion,144,0,0,0,0,0,0
WarningCritical,method,antlr4,0.9,0.5,org.antlr.v4.test.tool.TestLeftRecursion,144,0,0,0,0,0,0
WarningInfo,method,antlr4,0.9,0.5,org.antlr.v4.test.tool.TestLeftRecursion,144,0,0,0,0,0,0
WarningMajor,method,antlr4,0.9,0.5,org.antlr.v4.test.tool.TestLeftRecursion,144,0,0,0,0,0,0
WarningMinor,method,antlr4,0.9,0.5,org.antlr.v4.test.tool.TestLeftRecursion,144,0,0,0,0,0,0
Android Rules,method,antlr4,0.9,0.5,org.antlr.v4.test.tool.TestLeftRecursion,144,0,0,0,0,0,0
Basic Rules,method,antlr4,0.9,0.5,org.antlr.v4.test.tool.TestLeftRecursion,144,0,0,0,0,0,0
Brace Rules,method,antlr4,0.9,0.5,org.antlr.v4.test.tool.TestLeftRecursion,144,0,0,0,0,0,0
Clone Implementation Rules,method,antlr4,0.9,0.5,org.antlr.v4.test.tool.TestLeftRecursion,144,0,0,0,0,0,0
Code Size Rules,method,antlr4,0.9,0.5,org.antlr.v4.test.tool.TestLeftRecursion,144,0,0,0,0,0,0
Comment Rules,method,antlr4,0.9,0.5,org.antlr.v4.test.tool.TestLeftRecursion,144,0,0,0,0,0,0
Controversial Rules,method,antlr4,0.9,0.5,org.antlr.v4.test.tool.TestLeftRecursion,144,0,0,0,0,0,0
Coupling Rules,method,antlr4,0.9,0.5,org.antlr.v4.test.tool.TestLeftRecursion,144,0,0,0,0,0,0
Design Rules,method,antlr4,0.9,0.5,org.antlr.v4.test.tool.TestLeftRecursion,144,0,0,0,0,0,0
Empty Code Rules,method,antlr4,0.9,0.5,org.antlr.v4.test.tool.TestLeftRecursion,144,0,0,0,0,0,0
Finalizer Rules,method,antlr4,0.9,0.5,org.antlr.v4.test.tool.TestLeftRecursion,144,0,0,0,0,0,0
Import Statement Rules,method,antlr4,0.9,0.5,org.antlr.v4.test.tool.TestLeftRecursion,144,0,0,0,0,0,0
J2EE Rules,method,antlr4,0.9,0.5,org.antlr.v4.test.tool.TestLeftRecursion,144,0,0,0,0,0,0
JUnit Rules,method,antlr4,0.9,0.5,org.antlr.v4.test.tool.TestLeftRecursion,144,0,0,0,0,0,0
Jakarta Commons Logging Rules,method,antlr4,0.9,0.5,org.antlr.v4.test.tool.TestLeftRecursion,144,0,0,0,0,0,0
Java Logging Rules,method,antlr4,0.9,0.5,org.antlr.v4.test.tool.TestLeftRecursion,144,0,0,0,0,0,0
JavaBean Rules,method,antlr4,0.9,0.5,org.antlr.v4.test.tool.TestLeftRecursion,144,0,0,0,0,0,0
MigratingToJUnit4 Rules,method,antlr4,0.9,0.5,org.antlr.v4.test.tool.TestLeftRecursion,144,0,0,0,0,0,0
Migration Rules,method,antlr4,0.9,0.5,org.antlr.v4.test.tool.TestLeftRecursion,144,0,0,0,0,0,0
Migration13 Rules,method,antlr4,0.9,0.5,org.antlr.v4.test.tool.TestLeftRecursion,144,0,0,0,0,0,0
Migration14 Rules,method,antlr4,0.9,0.5,org.antlr.v4.test.tool.TestLeftRecursion,144,0,0,0,0,0,0
Migration15 Rules,method,antlr4,0.9,0.5,org.antlr.v4.test.tool.TestLeftRecursion,144,0,0,0,0,0,0
Naming Rules,method,antlr4,0.9,0.5,org.antlr.v4.test.tool.TestLeftRecursion,144,0,0,0,0,0,0
Optimization Rules,method,antlr4,0.9,0.5,org.antlr.v4.test.tool.TestLeftRecursion,144,0,0,0,0,0,0
Security Code Guideline Rules,method,antlr4,0.9,0.5,org.antlr.v4.test.tool.TestLeftRecursion,144,0,0,0,0,0,0
Strict Exception Rules,method,antlr4,0.9,0.5,org.antlr.v4.test.tool.TestLeftRecursion,144,0,0,0,0,0,0
String and StringBuffer Rules,method,antlr4,0.9,0.5,org.antlr.v4.test.tool.TestLeftRecursion,144,0,0,0,0,0,0
Type Resolution Rules,method,antlr4,0.9,0.5,org.antlr.v4.test.tool.TestLeftRecursion,144,0,0,0,0,0,0
Unnecessary and Unused Code Rules,method,antlr4,0.9,0.5,org.antlr.v4.test.tool.TestLeftRecursion,144,0,0,0,0,0,0
Vulnerability Rules,method,antlr4,0.9,0.5,org.antlr.v4.test.tool.TestLeftRecursion,144,0,0,0,0,0,0
CC,method,antlr4,0.9,0.5,org.antlr.v4.misc.EscapeSequenceParsing$Result,72,0,0,0,1,1,1
CCL,method,antlr4,0.9,0.5,org.antlr.v4.misc.EscapeSequenceParsing$Result,72,0,0,0,1,1,1
CCO,method,antlr4,0.9,0.5,org.antlr.v4.misc.EscapeSequenceParsing$Result,72,0,0,0,1,1,1
CI,method,antlr4,0.9,0.5,org.antlr.v4.misc.EscapeSequenceParsing$Result,72,0,0,0,1,1,1
CLC,method,antlr4,0.9,0.5,org.antlr.v4.misc.EscapeSequenceParsing$Result,72,0,0,0,1,1,1
CLLC,method,antlr4,0.9,0.5,org.antlr.v4.misc.EscapeSequenceParsing$Result,72,0,0,0,1,1,1
LDC,method,antlr4,0.9,0.5,org.antlr.v4.misc.EscapeSequenceParsing$Result,72,0,0,0,1,1,1
LLDC,method,antlr4,0.9,0.5,org.antlr.v4.misc.EscapeSequenceParsing$Result,72,0,0,0,1,1,1
HCPL,method,antlr4,0.9,0.5,org.antlr.v4.misc.EscapeSequenceParsing$Result,72,0,0,0,1,1,1
HDIF,method,antlr4,0.9,0.5,org.antlr.v4.misc.EscapeSequenceParsing$Result,72,0,0,0,1,1,1
HEFF,method,antlr4,0.9,0.5,org.antlr.v4.misc.EscapeSequenceParsing$Result,72,0,0,0,1,1,1
HNDB,method,antlr4,0.9,0.5,org.antlr.v4.misc.EscapeSequenceParsing$Result,72,0,0,0,1,1,1
HPL,method,antlr4,0.9,0.5,org.antlr.v4.misc.EscapeSequenceParsing$Result,72,0,0,0,1,1,1
HPV,method,antlr4,0.9,0.5,org.antlr.v4.misc.EscapeSequenceParsing$Result,72,0,0,0,1,1,1
HTRP,method,antlr4,0.9,0.5,org.antlr.v4.misc.EscapeSequenceParsing$Result,72,0,0,0,1,1,1
HVOL,method,antlr4,0.9,0.5,org.antlr.v4.misc.EscapeSequenceParsing$Result,72,0,0,0,1,1,1
MI,method,antlr4,0.9,0.5,org.antlr.v4.misc.EscapeSequenceParsing$Result,72,0,0,0,1,1,1
MIMS,method,antlr4,0.9,0.5,org.antlr.v4.misc.EscapeSequenceParsing$Result,72,0,0,0,1,1,1
MISEI,method,antlr4,0.9,0.5,org.antlr.v4.misc.EscapeSequenceParsing$Result,72,0,0,0,1,1,1
MISM,method,antlr4,0.9,0.5,org.antlr.v4.misc.EscapeSequenceParsing$Result,72,0,0,0,1,1,1
McCC,method,antlr4,0.9,0.5,org.antlr.v4.misc.EscapeSequenceParsing$Result,72,0,0,0,1,1,1
NL,method,antlr4,0.9,0.5,org.antlr.v4.misc.EscapeSequenceParsing$Result,72,0,0,0,1,1,1
NLE,method,antlr4,0.9,0.5,org.antlr.v4.misc.EscapeSequenceParsing$Result,72,0,0,0,1,1,1
NII,method,antlr4,0.9,0.5,org.antlr.v4.misc.EscapeSequenceParsing$Result,72,0,0,0,1,1,1
NOI,method,antlr4,0.9,0.5,org.antlr.v4.misc.EscapeSequenceParsing$Result,72,0,0,0,1,1,1
CD,method,antlr4,0.9,0.5,org.antlr.v4.misc.EscapeSequenceParsing$Result,72,0,0,0,1,1,1
CLOC,method,antlr4,0.9,0.5,org.antlr.v4.misc.EscapeSequenceParsing$Result,72,0,0,0,1,1,1
DLOC,method,antlr4,0.9,0.5,org.antlr.v4.misc.EscapeSequenceParsing$Result,72,0,0,0,1,1,1
TCD,method,antlr4,0.9,0.5,org.antlr.v4.misc.EscapeSequenceParsing$Result,72,0,0,0,1,1,1
TCLOC,method,antlr4,0.9,0.5,org.antlr.v4.misc.EscapeSequenceParsing$Result,72,0,0,0,1,1,1
LLOC,method,antlr4,0.9,0.5,org.antlr.v4.misc.EscapeSequenceParsing$Result,72,0,0,0,1,1,1
LOC,method,antlr4,0.9,0.5,org.antlr.v4.misc.EscapeSequenceParsing$Result,72,0,0,0,1,1,1
NOS,method,antlr4,0.9,0.5,org.antlr.v4.misc.EscapeSequenceParsing$Result,72,0,0,0,1,1,1
NUMPAR,method,antlr4,0.9,0.5,org.antlr.v4.misc.EscapeSequenceParsing$Result,72,0,0,0,1,1,1
TLLOC,method,antlr4,0.9,0.5,org.antlr.v4.misc.EscapeSequenceParsing$Result,72,0,0,0,1,1,1
TLOC,method,antlr4,0.9,0.5,org.antlr.v4.misc.EscapeSequenceParsing$Result,72,0,0,0,1,1,1
TNOS,method,antlr4,0.9,0.5,org.antlr.v4.misc.EscapeSequenceParsing$Result,72,0,0,0,0,0,0
WarningBlocker,method,antlr4,0.9,0.5,org.antlr.v4.misc.EscapeSequenceParsing$Result,72,0,0,0,0,0,0
WarningCritical,method,antlr4,0.9,0.5,org.antlr.v4.misc.EscapeSequenceParsing$Result,72,0,0,0,0,0,0
WarningInfo,method,antlr4,0.9,0.5,org.antlr.v4.misc.EscapeSequenceParsing$Result,72,0,0,0,0,0,0
WarningMajor,method,antlr4,0.9,0.5,org.antlr.v4.misc.EscapeSequenceParsing$Result,72,0,0,0,0,0,0
WarningMinor,method,antlr4,0.9,0.5,org.antlr.v4.misc.EscapeSequenceParsing$Result,72,0,0,0,0,0,0
Android Rules,method,antlr4,0.9,0.5,org.antlr.v4.misc.EscapeSequenceParsing$Result,72,0,0,0,0,0,0
Basic Rules,method,antlr4,0.9,0.5,org.antlr.v4.misc.EscapeSequenceParsing$Result,72,0,0,0,0,0,0
Brace Rules,method,antlr4,0.9,0.5,org.antlr.v4.misc.EscapeSequenceParsing$Result,72,0,0,0,0,0,0
Clone Implementation Rules,method,antlr4,0.9,0.5,org.antlr.v4.misc.EscapeSequenceParsing$Result,72,0,0,0,0,0,0
Code Size Rules,method,antlr4,0.9,0.5,org.antlr.v4.misc.EscapeSequenceParsing$Result,72,0,0,0,0,0,0
Comment Rules,method,antlr4,0.9,0.5,org.antlr.v4.misc.EscapeSequenceParsing$Result,72,0,0,0,0,0,0
Controversial Rules,method,antlr4,0.9,0.5,org.antlr.v4.misc.EscapeSequenceParsing$Result,72,0,0,0,0,0,0
Coupling Rules,method,antlr4,0.9,0.5,org.antlr.v4.misc.EscapeSequenceParsing$Result,72,0,0,0,0,0,0
Design Rules,method,antlr4,0.9,0.5,org.antlr.v4.misc.EscapeSequenceParsing$Result,72,0,0,0,0,0,0
Empty Code Rules,method,antlr4,0.9,0.5,org.antlr.v4.misc.EscapeSequenceParsing$Result,72,0,0,0,0,0,0
Finalizer Rules,method,antlr4,0.9,0.5,org.antlr.v4.misc.EscapeSequenceParsing$Result,72,0,0,0,0,0,0
Import Statement Rules,method,antlr4,0.9,0.5,org.antlr.v4.misc.EscapeSequenceParsing$Result,72,0,0,0,0,0,0
J2EE Rules,method,antlr4,0.9,0.5,org.antlr.v4.misc.EscapeSequenceParsing$Result,72,0,0,0,0,0,0
JUnit Rules,method,antlr4,0.9,0.5,org.antlr.v4.misc.EscapeSequenceParsing$Result,72,0,0,0,0,0,0
Jakarta Commons Logging Rules,method,antlr4,0.9,0.5,org.antlr.v4.misc.EscapeSequenceParsing$Result,72,0,0,0,0,0,0
Java Logging Rules,method,antlr4,0.9,0.5,org.antlr.v4.misc.EscapeSequenceParsing$Result,72,0,0,0,0,0,0
JavaBean Rules,method,antlr4,0.9,0.5,org.antlr.v4.misc.EscapeSequenceParsing$Result,72,0,0,0,0,0,0
MigratingToJUnit4 Rules,method,antlr4,0.9,0.5,org.antlr.v4.misc.EscapeSequenceParsing$Result,72,0,0,0,0,0,0
Migration Rules,method,antlr4,0.9,0.5,org.antlr.v4.misc.EscapeSequenceParsing$Result,72,0,0,0,0,0,0
Migration13 Rules,method,antlr4,0.9,0.5,org.antlr.v4.misc.EscapeSequenceParsing$Result,72,0,0,0,0,0,0
Migration14 Rules,method,antlr4,0.9,0.5,org.antlr.v4.misc.EscapeSequenceParsing$Result,72,0,0,0,0,0,0
Migration15 Rules,method,antlr4,0.9,0.5,org.antlr.v4.misc.EscapeSequenceParsing$Result,72,0,0,0,0,0,0
Naming Rules,method,antlr4,0.9,0.5,org.antlr.v4.misc.EscapeSequenceParsing$Result,72,0,0,0,0,0,0
Optimization Rules,method,antlr4,0.9,0.5,org.antlr.v4.misc.EscapeSequenceParsing$Result,72,0,0,0,0,0,0
Security Code Guideline Rules,method,antlr4,0.9,0.5,org.antlr.v4.misc.EscapeSequenceParsing$Result,72,0,0,0,0,0,0
Strict Exception Rules,method,antlr4,0.9,0.5,org.antlr.v4.misc.EscapeSequenceParsing$Result,72,0,0,0,0,0,0
String and StringBuffer Rules,method,antlr4,0.9,0.5,org.antlr.v4.misc.EscapeSequenceParsing$Result,72,0,0,0,0,0,0
Type Resolution Rules,method,antlr4,0.9,0.5,org.antlr.v4.misc.EscapeSequenceParsing$Result,72,0,0,0,0,0,0
Unnecessary and Unused Code Rules,method,antlr4,0.9,0.5,org.antlr.v4.misc.EscapeSequenceParsing$Result,72,0,0,0,0,0,0
Vulnerability Rules,method,antlr4,0.9,0.5,org.antlr.v4.misc.EscapeSequenceParsing$Result,72,0,0,0,0,0,0
CC,method,antlr4,0.9,0.5,org.antlr.v4.test.rt.java.BaseTest$1,72,0,0,0,1,1,1
CCL,method,antlr4,0.9,0.5,org.antlr.v4.test.rt.java.BaseTest$1,72,0,0,0,1,1,1
CCO,method,antlr4,0.9,0.5,org.antlr.v4.test.rt.java.BaseTest$1,72,0,0,0,1,1,1
CI,method,antlr4,0.9,0.5,org.antlr.v4.test.rt.java.BaseTest$1,72,0,0,0,1,1,1
CLC,method,antlr4,0.9,0.5,org.antlr.v4.test.rt.java.BaseTest$1,72,0,0,0,1,1,1
CLLC,method,antlr4,0.9,0.5,org.antlr.v4.test.rt.java.BaseTest$1,72,0,0,0,1,1,1
LDC,method,antlr4,0.9,0.5,org.antlr.v4.test.rt.java.BaseTest$1,72,0,0,0,1,1,1
LLDC,method,antlr4,0.9,0.5,org.antlr.v4.test.rt.java.BaseTest$1,72,0,0,0,1,1,1
HCPL,method,antlr4,0.9,0.5,org.antlr.v4.test.rt.java.BaseTest$1,72,0,0,0,1,1,1
HDIF,method,antlr4,0.9,0.5,org.antlr.v4.test.rt.java.BaseTest$1,72,0,0,0,1,1,1
HEFF,method,antlr4,0.9,0.5,org.antlr.v4.test.rt.java.BaseTest$1,72,0,0,0,1,1,1
HNDB,method,antlr4,0.9,0.5,org.antlr.v4.test.rt.java.BaseTest$1,72,0,0,0,1,1,1
HPL,method,antlr4,0.9,0.5,org.antlr.v4.test.rt.java.BaseTest$1,72,0,0,0,1,1,1
HPV,method,antlr4,0.9,0.5,org.antlr.v4.test.rt.java.BaseTest$1,72,0,0,0,1,1,1
HTRP,method,antlr4,0.9,0.5,org.antlr.v4.test.rt.java.BaseTest$1,72,0,0,0,1,1,1
HVOL,method,antlr4,0.9,0.5,org.antlr.v4.test.rt.java.BaseTest$1,72,0,0,0,1,1,1
MI,method,antlr4,0.9,0.5,org.antlr.v4.test.rt.java.BaseTest$1,72,0,0,0,1,1,1
MIMS,method,antlr4,0.9,0.5,org.antlr.v4.test.rt.java.BaseTest$1,72,0,0,0,1,1,1
MISEI,method,antlr4,0.9,0.5,org.antlr.v4.test.rt.java.BaseTest$1,72,0,0,0,1,1,1
MISM,method,antlr4,0.9,0.5,org.antlr.v4.test.rt.java.BaseTest$1,72,0,0,0,1,1,1
McCC,method,antlr4,0.9,0.5,org.antlr.v4.test.rt.java.BaseTest$1,72,0,0,0,1,1,1
NL,method,antlr4,0.9,0.5,org.antlr.v4.test.rt.java.BaseTest$1,72,0,0,0,1,1,1
NLE,method,antlr4,0.9,0.5,org.antlr.v4.test.rt.java.BaseTest$1,72,0,0,0,1,1,1
NII,method,antlr4,0.9,0.5,org.antlr.v4.test.rt.java.BaseTest$1,72,0,0,0,1,1,1
NOI,method,antlr4,0.9,0.5,org.antlr.v4.test.rt.java.BaseTest$1,72,0,0,0,1,1,1
CD,method,antlr4,0.9,0.5,org.antlr.v4.test.rt.java.BaseTest$1,72,0,0,0,1,1,1
CLOC,method,antlr4,0.9,0.5,org.antlr.v4.test.rt.java.BaseTest$1,72,0,0,0,1,1,1
DLOC,method,antlr4,0.9,0.5,org.antlr.v4.test.rt.java.BaseTest$1,72,0,0,0,1,1,1
TCD,method,antlr4,0.9,0.5,org.antlr.v4.test.rt.java.BaseTest$1,72,0,0,0,1,1,1
TCLOC,method,antlr4,0.9,0.5,org.antlr.v4.test.rt.java.BaseTest$1,72,0,0,0,1,1,1
LLOC,method,antlr4,0.9,0.5,org.antlr.v4.test.rt.java.BaseTest$1,72,0,0,0,1,1,1
LOC,method,antlr4,0.9,0.5,org.antlr.v4.test.rt.java.BaseTest$1,72,0,0,0,1,1,1
NOS,method,antlr4,0.9,0.5,org.antlr.v4.test.rt.java.BaseTest$1,72,0,0,0,1,1,1
NUMPAR,method,antlr4,0.9,0.5,org.antlr.v4.test.rt.java.BaseTest$1,72,0,0,0,1,1,1
TLLOC,method,antlr4,0.9,0.5,org.antlr.v4.test.rt.java.BaseTest$1,72,0,0,0,1,1,1
TLOC,method,antlr4,0.9,0.5,org.antlr.v4.test.rt.java.BaseTest$1,72,0,0,0,1,1,1
TNOS,method,antlr4,0.9,0.5,org.antlr.v4.test.rt.java.BaseTest$1,72,0,0,0,0,0,0
WarningBlocker,method,antlr4,0.9,0.5,org.antlr.v4.test.rt.java.BaseTest$1,72,0,0,0,0,0,0
WarningCritical,method,antlr4,0.9,0.5,org.antlr.v4.test.rt.java.BaseTest$1,72,0,0,0,0,0,0
WarningInfo,method,antlr4,0.9,0.5,org.antlr.v4.test.rt.java.BaseTest$1,72,0,0,0,0,0,0
WarningMajor,method,antlr4,0.9,0.5,org.antlr.v4.test.rt.java.BaseTest$1,72,0,0,0,0,0,0
WarningMinor,method,antlr4,0.9,0.5,org.antlr.v4.test.rt.java.BaseTest$1,72,0,0,0,0,0,0
Android Rules,method,antlr4,0.9,0.5,org.antlr.v4.test.rt.java.BaseTest$1,72,0,0,0,0,0,0
Basic Rules,method,antlr4,0.9,0.5,org.antlr.v4.test.rt.java.BaseTest$1,72,0,0,0,0,0,0
Brace Rules,method,antlr4,0.9,0.5,org.antlr.v4.test.rt.java.BaseTest$1,72,0,0,0,0,0,0
Clone Implementation Rules,method,antlr4,0.9,0.5,org.antlr.v4.test.rt.java.BaseTest$1,72,0,0,0,0,0,0
Code Size Rules,method,antlr4,0.9,0.5,org.antlr.v4.test.rt.java.BaseTest$1,72,0,0,0,0,0,0
Comment Rules,method,antlr4,0.9,0.5,org.antlr.v4.test.rt.java.BaseTest$1,72,0,0,0,0,0,0
Controversial Rules,method,antlr4,0.9,0.5,org.antlr.v4.test.rt.java.BaseTest$1,72,0,0,0,0,0,0
Coupling Rules,method,antlr4,0.9,0.5,org.antlr.v4.test.rt.java.BaseTest$1,72,0,0,0,0,0,0
Design Rules,method,antlr4,0.9,0.5,org.antlr.v4.test.rt.java.BaseTest$1,72,0,0,0,0,0,0
Empty Code Rules,method,antlr4,0.9,0.5,org.antlr.v4.test.rt.java.BaseTest$1,72,0,0,0,0,0,0
Finalizer Rules,method,antlr4,0.9,0.5,org.antlr.v4.test.rt.java.BaseTest$1,72,0,0,0,0,0,0
Import Statement Rules,method,antlr4,0.9,0.5,org.antlr.v4.test.rt.java.BaseTest$1,72,0,0,0,0,0,0
J2EE Rules,method,antlr4,0.9,0.5,org.antlr.v4.test.rt.java.BaseTest$1,72,0,0,0,0,0,0
JUnit Rules,method,antlr4,0.9,0.5,org.antlr.v4.test.rt.java.BaseTest$1,72,0,0,0,0,0,0
Jakarta Commons Logging Rules,method,antlr4,0.9,0.5,org.antlr.v4.test.rt.java.BaseTest$1,72,0,0,0,0,0,0
Java Logging Rules,method,antlr4,0.9,0.5,org.antlr.v4.test.rt.java.BaseTest$1,72,0,0,0,0,0,0
JavaBean Rules,method,antlr4,0.9,0.5,org.antlr.v4.test.rt.java.BaseTest$1,72,0,0,0,0,0,0
MigratingToJUnit4 Rules,method,antlr4,0.9,0.5,org.antlr.v4.test.rt.java.BaseTest$1,72,0,0,0,0,0,0
Migration Rules,method,antlr4,0.9,0.5,org.antlr.v4.test.rt.java.BaseTest$1,72,0,0,0,0,0,0
Migration13 Rules,method,antlr4,0.9,0.5,org.antlr.v4.test.rt.java.BaseTest$1,72,0,0,0,0,0,0
Migration14 Rules,method,antlr4,0.9,0.5,org.antlr.v4.test.rt.java.BaseTest$1,72,0,0,0,0,0,0
Migration15 Rules,method,antlr4,0.9,0.5,org.antlr.v4.test.rt.java.BaseTest$1,72,0,0,0,0,0,0
Naming Rules,method,antlr4,0.9,0.5,org.antlr.v4.test.rt.java.BaseTest$1,72,0,0,0,0,0,0
Optimization Rules,method,antlr4,0.9,0.5,org.antlr.v4.test.rt.java.BaseTest$1,72,0,0,0,0,0,0
Security Code Guideline Rules,method,antlr4,0.9,0.5,org.antlr.v4.test.rt.java.BaseTest$1,72,0,0,0,0,0,0
Strict Exception Rules,method,antlr4,0.9,0.5,org.antlr.v4.test.rt.java.BaseTest$1,72,0,0,0,0,0,0
String and StringBuffer Rules,method,antlr4,0.9,0.5,org.antlr.v4.test.rt.java.BaseTest$1,72,0,0,0,0,0,0
Type Resolution Rules,method,antlr4,0.9,0.5,org.antlr.v4.test.rt.java.BaseTest$1,72,0,0,0,0,0,0
Unnecessary and Unused Code Rules,method,antlr4,0.9,0.5,org.antlr.v4.test.rt.java.BaseTest$1,72,0,0,0,0,0,0
Vulnerability Rules,method,antlr4,0.9,0.5,org.antlr.v4.test.rt.java.BaseTest$1,72,0,0,0,0,0,0
CC,method,antlr4,0.9,0.5,org.antlr.v4.test.tool.TestActionTranslation,144,0,0,0,1,1,1
CCL,method,antlr4,0.9,0.5,org.antlr.v4.test.tool.TestActionTranslation,144,0,0,0,1,1,1
CCO,method,antlr4,0.9,0.5,org.antlr.v4.test.tool.TestActionTranslation,144,0,0,0,1,1,1
CI,method,antlr4,0.9,0.5,org.antlr.v4.test.tool.TestActionTranslation,144,0,0,0,1,1,1
CLC,method,antlr4,0.9,0.5,org.antlr.v4.test.tool.TestActionTranslation,144,0,0,0,1,1,1
CLLC,method,antlr4,0.9,0.5,org.antlr.v4.test.tool.TestActionTranslation,144,0,0,0,1,1,1
LDC,method,antlr4,0.9,0.5,org.antlr.v4.test.tool.TestActionTranslation,144,0,0,0,1,1,1
LLDC,method,antlr4,0.9,0.5,org.antlr.v4.test.tool.TestActionTranslation,144,0,0,0,1,1,1
HCPL,method,antlr4,0.9,0.5,org.antlr.v4.test.tool.TestActionTranslation,144,1,1,1,1,1,1
HDIF,method,antlr4,0.9,0.5,org.antlr.v4.test.tool.TestActionTranslation,144,1,1,1,1,1,1
HEFF,method,antlr4,0.9,0.5,org.antlr.v4.test.tool.TestActionTranslation,144,1,1,1,1,1,1
HNDB,method,antlr4,0.9,0.5,org.antlr.v4.test.tool.TestActionTranslation,144,1,1,1,1,1,1
HPL,method,antlr4,0.9,0.5,org.antlr.v4.test.tool.TestActionTranslation,144,1,1,1,1,1,1
HPV,method,antlr4,0.9,0.5,org.antlr.v4.test.tool.TestActionTranslation,144,1,1,1,1,1,1
HTRP,method,antlr4,0.9,0.5,org.antlr.v4.test.tool.TestActionTranslation,144,1,1,1,1,1,1
HVOL,method,antlr4,0.9,0.5,org.antlr.v4.test.tool.TestActionTranslation,144,1,1,1,1,1,1
MI,method,antlr4,0.9,0.5,org.antlr.v4.test.tool.TestActionTranslation,144,1,1,1,1,1,1
MIMS,method,antlr4,0.9,0.5,org.antlr.v4.test.tool.TestActionTranslation,144,1,1,1,1,1,1
MISEI,method,antlr4,0.9,0.5,org.antlr.v4.test.tool.TestActionTranslation,144,1,1,1,1,1,1
MISM,method,antlr4,0.9,0.5,org.antlr.v4.test.tool.TestActionTranslation,144,1,1,1,1,1,1
McCC,method,antlr4,0.9,0.5,org.antlr.v4.test.tool.TestActionTranslation,144,0,0,0,1,1,1
NL,method,antlr4,0.9,0.5,org.antlr.v4.test.tool.TestActionTranslation,144,0,0,0,1,1,1
NLE,method,antlr4,0.9,0.5,org.antlr.v4.test.tool.TestActionTranslation,144,0,0,0,1,1,1
NII,method,antlr4,0.9,0.5,org.antlr.v4.test.tool.TestActionTranslation,144,0,0,0,1,1,1
NOI,method,antlr4,0.9,0.5,org.antlr.v4.test.tool.TestActionTranslation,144,1,1,1,1,1,1
CD,method,antlr4,0.9,0.5,org.antlr.v4.test.tool.TestActionTranslation,144,1,1,1,1,1,1
CLOC,method,antlr4,0.9,0.5,org.antlr.v4.test.tool.TestActionTranslation,144,1,1,1,1,1,1
DLOC,method,antlr4,0.9,0.5,org.antlr.v4.test.tool.TestActionTranslation,144,1,1,1,1,1,1
TCD,method,antlr4,0.9,0.5,org.antlr.v4.test.tool.TestActionTranslation,144,1,1,1,1,1,1
TCLOC,method,antlr4,0.9,0.5,org.antlr.v4.test.tool.TestActionTranslation,144,1,1,1,1,1,1
LLOC,method,antlr4,0.9,0.5,org.antlr.v4.test.tool.TestActionTranslation,144,1,1,1,1,1,1
LOC,method,antlr4,0.9,0.5,org.antlr.v4.test.tool.TestActionTranslation,144,1,1,1,1,1,1
NOS,method,antlr4,0.9,0.5,org.antlr.v4.test.tool.TestActionTranslation,144,1,1,1,1,1,1
NUMPAR,method,antlr4,0.9,0.5,org.antlr.v4.test.tool.TestActionTranslation,144,0,0,0,1,1,1
TLLOC,method,antlr4,0.9,0.5,org.antlr.v4.test.tool.TestActionTranslation,144,1,1,1,1,1,1
TLOC,method,antlr4,0.9,0.5,org.antlr.v4.test.tool.TestActionTranslation,144,1,1,1,1,1,1
TNOS,method,antlr4,0.9,0.5,org.antlr.v4.test.tool.TestActionTranslation,144,0,0,0,0,0,0
WarningBlocker,method,antlr4,0.9,0.5,org.antlr.v4.test.tool.TestActionTranslation,144,0,0,0,0,0,0
WarningCritical,method,antlr4,0.9,0.5,org.antlr.v4.test.tool.TestActionTranslation,144,0,0,0,0,0,0
WarningInfo,method,antlr4,0.9,0.5,org.antlr.v4.test.tool.TestActionTranslation,144,0,0,0,0,0,0
WarningMajor,method,antlr4,0.9,0.5,org.antlr.v4.test.tool.TestActionTranslation,144,0,0,0,0,0,0
WarningMinor,method,antlr4,0.9,0.5,org.antlr.v4.test.tool.TestActionTranslation,144,0,0,0,0,0,0
Android Rules,method,antlr4,0.9,0.5,org.antlr.v4.test.tool.TestActionTranslation,144,0,0,0,0,0,0
Basic Rules,method,antlr4,0.9,0.5,org.antlr.v4.test.tool.TestActionTranslation,144,0,0,0,0,0,0
Brace Rules,method,antlr4,0.9,0.5,org.antlr.v4.test.tool.TestActionTranslation,144,0,0,0,0,0,0
Clone Implementation Rules,method,antlr4,0.9,0.5,org.antlr.v4.test.tool.TestActionTranslation,144,0,0,0,0,0,0
Code Size Rules,method,antlr4,0.9,0.5,org.antlr.v4.test.tool.TestActionTranslation,144,0,0,0,0,0,0
Comment Rules,method,antlr4,0.9,0.5,org.antlr.v4.test.tool.TestActionTranslation,144,0,0,0,0,0,0
Controversial Rules,method,antlr4,0.9,0.5,org.antlr.v4.test.tool.TestActionTranslation,144,0,0,0,0,0,0
Coupling Rules,method,antlr4,0.9,0.5,org.antlr.v4.test.tool.TestActionTranslation,144,0,0,0,0,0,0
Design Rules,method,antlr4,0.9,0.5,org.antlr.v4.test.tool.TestActionTranslation,144,0,0,0,0,0,0
Empty Code Rules,method,antlr4,0.9,0.5,org.antlr.v4.test.tool.TestActionTranslation,144,0,0,0,0,0,0
Finalizer Rules,method,antlr4,0.9,0.5,org.antlr.v4.test.tool.TestActionTranslation,144,0,0,0,0,0,0
Import Statement Rules,method,antlr4,0.9,0.5,org.antlr.v4.test.tool.TestActionTranslation,144,0,0,0,0,0,0
J2EE Rules,method,antlr4,0.9,0.5,org.antlr.v4.test.tool.TestActionTranslation,144,0,0,0,0,0,0
JUnit Rules,method,antlr4,0.9,0.5,org.antlr.v4.test.tool.TestActionTranslation,144,0,0,0,0,0,0
Jakarta Commons Logging Rules,method,antlr4,0.9,0.5,org.antlr.v4.test.tool.TestActionTranslation,144,0,0,0,0,0,0
Java Logging Rules,method,antlr4,0.9,0.5,org.antlr.v4.test.tool.TestActionTranslation,144,0,0,0,0,0,0
JavaBean Rules,method,antlr4,0.9,0.5,org.antlr.v4.test.tool.TestActionTranslation,144,0,0,0,0,0,0
MigratingToJUnit4 Rules,method,antlr4,0.9,0.5,org.antlr.v4.test.tool.TestActionTranslation,144,0,0,0,0,0,0
Migration Rules,method,antlr4,0.9,0.5,org.antlr.v4.test.tool.TestActionTranslation,144,0,0,0,0,0,0
Migration13 Rules,method,antlr4,0.9,0.5,org.antlr.v4.test.tool.TestActionTranslation,144,0,0,0,0,0,0
Migration14 Rules,method,antlr4,0.9,0.5,org.antlr.v4.test.tool.TestActionTranslation,144,0,0,0,0,0,0
Migration15 Rules,method,antlr4,0.9,0.5,org.antlr.v4.test.tool.TestActionTranslation,144,0,0,0,0,0,0
Naming Rules,method,antlr4,0.9,0.5,org.antlr.v4.test.tool.TestActionTranslation,144,0,0,0,0,0,0
Optimization Rules,method,antlr4,0.9,0.5,org.antlr.v4.test.tool.TestActionTranslation,144,0,0,0,0,0,0
Security Code Guideline Rules,method,antlr4,0.9,0.5,org.antlr.v4.test.tool.TestActionTranslation,144,0,0,0,0,0,0
Strict Exception Rules,method,antlr4,0.9,0.5,org.antlr.v4.test.tool.TestActionTranslation,144,0,0,0,0,0,0
String and StringBuffer Rules,method,antlr4,0.9,0.5,org.antlr.v4.test.tool.TestActionTranslation,144,0,0,0,0,0,0
Type Resolution Rules,method,antlr4,0.9,0.5,org.antlr.v4.test.tool.TestActionTranslation,144,0,0,0,0,0,0
Unnecessary and Unused Code Rules,method,antlr4,0.9,0.5,org.antlr.v4.test.tool.TestActionTranslation,144,0,0,0,0,0,0
Vulnerability Rules,method,antlr4,0.9,0.5,org.antlr.v4.test.tool.TestActionTranslation,144,0,0,0,0,0,0
CC,method,antlr4,0.9,0.5,org.antlr.v4.test.tool.TestCodeGeneration,72,0,0,0,1,1,1
CCL,method,antlr4,0.9,0.5,org.antlr.v4.test.tool.TestCodeGeneration,72,0,0,0,1,1,1
CCO,method,antlr4,0.9,0.5,org.antlr.v4.test.tool.TestCodeGeneration,72,0,0,0,1,1,1
CI,method,antlr4,0.9,0.5,org.antlr.v4.test.tool.TestCodeGeneration,72,0,0,0,1,1,1
CLC,method,antlr4,0.9,0.5,org.antlr.v4.test.tool.TestCodeGeneration,72,0,0,0,1,1,1
CLLC,method,antlr4,0.9,0.5,org.antlr.v4.test.tool.TestCodeGeneration,72,0,0,0,1,1,1
LDC,method,antlr4,0.9,0.5,org.antlr.v4.test.tool.TestCodeGeneration,72,0,0,0,1,1,1
LLDC,method,antlr4,0.9,0.5,org.antlr.v4.test.tool.TestCodeGeneration,72,0,0,0,1,1,1
HCPL,method,antlr4,0.9,0.5,org.antlr.v4.test.tool.TestCodeGeneration,72,0,0,0,1,1,1
HDIF,method,antlr4,0.9,0.5,org.antlr.v4.test.tool.TestCodeGeneration,72,0,0,0,1,1,1
HEFF,method,antlr4,0.9,0.5,org.antlr.v4.test.tool.TestCodeGeneration,72,0,0,0,1,1,1
HNDB,method,antlr4,0.9,0.5,org.antlr.v4.test.tool.TestCodeGeneration,72,0,0,0,1,1,1
HPL,method,antlr4,0.9,0.5,org.antlr.v4.test.tool.TestCodeGeneration,72,0,0,0,1,1,1
HPV,method,antlr4,0.9,0.5,org.antlr.v4.test.tool.TestCodeGeneration,72,0,0,0,1,1,1
HTRP,method,antlr4,0.9,0.5,org.antlr.v4.test.tool.TestCodeGeneration,72,0,0,0,1,1,1
HVOL,method,antlr4,0.9,0.5,org.antlr.v4.test.tool.TestCodeGeneration,72,0,0,0,1,1,1
MI,method,antlr4,0.9,0.5,org.antlr.v4.test.tool.TestCodeGeneration,72,0,0,0,1,1,1
MIMS,method,antlr4,0.9,0.5,org.antlr.v4.test.tool.TestCodeGeneration,72,0,0,0,1,1,1
MISEI,method,antlr4,0.9,0.5,org.antlr.v4.test.tool.TestCodeGeneration,72,0,0,0,1,1,1
MISM,method,antlr4,0.9,0.5,org.antlr.v4.test.tool.TestCodeGeneration,72,0,0,0,1,1,1
McCC,method,antlr4,0.9,0.5,org.antlr.v4.test.tool.TestCodeGeneration,72,0,0,0,1,1,1
NL,method,antlr4,0.9,0.5,org.antlr.v4.test.tool.TestCodeGeneration,72,0,0,0,1,1,1
NLE,method,antlr4,0.9,0.5,org.antlr.v4.test.tool.TestCodeGeneration,72,0,0,0,1,1,1
NII,method,antlr4,0.9,0.5,org.antlr.v4.test.tool.TestCodeGeneration,72,0,0,0,1,1,1
NOI,method,antlr4,0.9,0.5,org.antlr.v4.test.tool.TestCodeGeneration,72,0,0,0,1,1,1
CD,method,antlr4,0.9,0.5,org.antlr.v4.test.tool.TestCodeGeneration,72,0,0,0,1,1,1
CLOC,method,antlr4,0.9,0.5,org.antlr.v4.test.tool.TestCodeGeneration,72,0,0,0,1,1,1
DLOC,method,antlr4,0.9,0.5,org.antlr.v4.test.tool.TestCodeGeneration,72,0,0,0,1,1,1
TCD,method,antlr4,0.9,0.5,org.antlr.v4.test.tool.TestCodeGeneration,72,0,0,0,1,1,1
TCLOC,method,antlr4,0.9,0.5,org.antlr.v4.test.tool.TestCodeGeneration,72,0,0,0,1,1,1
LLOC,method,antlr4,0.9,0.5,org.antlr.v4.test.tool.TestCodeGeneration,72,0,0,0,1,1,1
LOC,method,antlr4,0.9,0.5,org.antlr.v4.test.tool.TestCodeGeneration,72,0,0,0,1,1,1
NOS,method,antlr4,0.9,0.5,org.antlr.v4.test.tool.TestCodeGeneration,72,0,0,0,1,1,1
NUMPAR,method,antlr4,0.9,0.5,org.antlr.v4.test.tool.TestCodeGeneration,72,0,0,0,1,1,1
TLLOC,method,antlr4,0.9,0.5,org.antlr.v4.test.tool.TestCodeGeneration,72,0,0,0,1,1,1
TLOC,method,antlr4,0.9,0.5,org.antlr.v4.test.tool.TestCodeGeneration,72,0,0,0,1,1,1
TNOS,method,antlr4,0.9,0.5,org.antlr.v4.test.tool.TestCodeGeneration,72,0,0,0,0,0,0
WarningBlocker,method,antlr4,0.9,0.5,org.antlr.v4.test.tool.TestCodeGeneration,72,0,0,0,0,0,0
WarningCritical,method,antlr4,0.9,0.5,org.antlr.v4.test.tool.TestCodeGeneration,72,0,0,0,0,0,0
WarningInfo,method,antlr4,0.9,0.5,org.antlr.v4.test.tool.TestCodeGeneration,72,0,0,0,0,0,0
WarningMajor,method,antlr4,0.9,0.5,org.antlr.v4.test.tool.TestCodeGeneration,72,0,0,0,0,0,0
WarningMinor,method,antlr4,0.9,0.5,org.antlr.v4.test.tool.TestCodeGeneration,72,0,0,0,0,0,0
Android Rules,method,antlr4,0.9,0.5,org.antlr.v4.test.tool.TestCodeGeneration,72,0,0,0,0,0,0
Basic Rules,method,antlr4,0.9,0.5,org.antlr.v4.test.tool.TestCodeGeneration,72,0,0,0,0,0,0
Brace Rules,method,antlr4,0.9,0.5,org.antlr.v4.test.tool.TestCodeGeneration,72,0,0,0,0,0,0
Clone Implementation Rules,method,antlr4,0.9,0.5,org.antlr.v4.test.tool.TestCodeGeneration,72,0,0,0,0,0,0
Code Size Rules,method,antlr4,0.9,0.5,org.antlr.v4.test.tool.TestCodeGeneration,72,0,0,0,0,0,0
Comment Rules,method,antlr4,0.9,0.5,org.antlr.v4.test.tool.TestCodeGeneration,72,0,0,0,0,0,0
Controversial Rules,method,antlr4,0.9,0.5,org.antlr.v4.test.tool.TestCodeGeneration,72,0,0,0,0,0,0
Coupling Rules,method,antlr4,0.9,0.5,org.antlr.v4.test.tool.TestCodeGeneration,72,0,0,0,0,0,0
Design Rules,method,antlr4,0.9,0.5,org.antlr.v4.test.tool.TestCodeGeneration,72,0,0,0,0,0,0
Empty Code Rules,method,antlr4,0.9,0.5,org.antlr.v4.test.tool.TestCodeGeneration,72,0,0,0,0,0,0
Finalizer Rules,method,antlr4,0.9,0.5,org.antlr.v4.test.tool.TestCodeGeneration,72,0,0,0,0,0,0
Import Statement Rules,method,antlr4,0.9,0.5,org.antlr.v4.test.tool.TestCodeGeneration,72,0,0,0,0,0,0
J2EE Rules,method,antlr4,0.9,0.5,org.antlr.v4.test.tool.TestCodeGeneration,72,0,0,0,0,0,0
JUnit Rules,method,antlr4,0.9,0.5,org.antlr.v4.test.tool.TestCodeGeneration,72,0,0,0,0,0,0
Jakarta Commons Logging Rules,method,antlr4,0.9,0.5,org.antlr.v4.test.tool.TestCodeGeneration,72,0,0,0,0,0,0
Java Logging Rules,method,antlr4,0.9,0.5,org.antlr.v4.test.tool.TestCodeGeneration,72,0,0,0,0,0,0
JavaBean Rules,method,antlr4,0.9,0.5,org.antlr.v4.test.tool.TestCodeGeneration,72,0,0,0,0,0,0
MigratingToJUnit4 Rules,method,antlr4,0.9,0.5,org.antlr.v4.test.tool.TestCodeGeneration,72,0,0,0,0,0,0
Migration Rules,method,antlr4,0.9,0.5,org.antlr.v4.test.tool.TestCodeGeneration,72,0,0,0,0,0,0
Migration13 Rules,method,antlr4,0.9,0.5,org.antlr.v4.test.tool.TestCodeGeneration,72,0,0,0,0,0,0
Migration14 Rules,method,antlr4,0.9,0.5,org.antlr.v4.test.tool.TestCodeGeneration,72,0,0,0,0,0,0
Migration15 Rules,method,antlr4,0.9,0.5,org.antlr.v4.test.tool.TestCodeGeneration,72,0,0,0,0,0,0
Naming Rules,method,antlr4,0.9,0.5,org.antlr.v4.test.tool.TestCodeGeneration,72,0,0,0,0,0,0
Optimization Rules,method,antlr4,0.9,0.5,org.antlr.v4.test.tool.TestCodeGeneration,72,0,0,0,0,0,0
Security Code Guideline Rules,method,antlr4,0.9,0.5,org.antlr.v4.test.tool.TestCodeGeneration,72,0,0,0,0,0,0
Strict Exception Rules,method,antlr4,0.9,0.5,org.antlr.v4.test.tool.TestCodeGeneration,72,0,0,0,0,0,0
String and StringBuffer Rules,method,antlr4,0.9,0.5,org.antlr.v4.test.tool.TestCodeGeneration,72,0,0,0,0,0,0
Type Resolution Rules,method,antlr4,0.9,0.5,org.antlr.v4.test.tool.TestCodeGeneration,72,0,0,0,0,0,0
Unnecessary and Unused Code Rules,method,antlr4,0.9,0.5,org.antlr.v4.test.tool.TestCodeGeneration,72,0,0,0,0,0,0
Vulnerability Rules,method,antlr4,0.9,0.5,org.antlr.v4.test.tool.TestCodeGeneration,72,0,0,0,0,0,0
