metric,level_measure,project,b,rank,pack,count_pack,cs_su,ig_su,rf_su,cs_cos,ig_cos,rf_cos
CC,class,mct,0.9,0.5,gov.nasa.arc.mct.canvas.view,950,1,1,1,1,1,1
CCL,class,mct,0.9,0.5,gov.nasa.arc.mct.canvas.view,950,1,1,1,1,1,1
CCO,class,mct,0.9,0.5,gov.nasa.arc.mct.canvas.view,950,1,1,1,1,1,1
CI,class,mct,0.9,0.5,gov.nasa.arc.mct.canvas.view,950,0,0,0,1,1,1
CLC,class,mct,0.9,0.5,gov.nasa.arc.mct.canvas.view,950,1,1,1,1,1,1
CLLC,class,mct,0.9,0.5,gov.nasa.arc.mct.canvas.view,950,1,1,1,1,1,1
LDC,class,mct,0.9,0.5,gov.nasa.arc.mct.canvas.view,950,1,1,1,1,1,1
LLDC,class,mct,0.9,0.5,gov.nasa.arc.mct.canvas.view,950,1,1,1,1,1,1
LCOM5,class,mct,0.9,0.5,gov.nasa.arc.mct.canvas.view,950,0,0,0,1,1,1
NL,class,mct,0.9,0.5,gov.nasa.arc.mct.canvas.view,950,1,1,1,1,1,1
NLE,class,mct,0.9,0.5,gov.nasa.arc.mct.canvas.view,950,1,1,1,1,1,1
WMC,class,mct,0.9,0.5,gov.nasa.arc.mct.canvas.view,950,1,1,1,1,1,1
CBO,class,mct,0.9,0.5,gov.nasa.arc.mct.canvas.view,950,1,1,1,1,1,1
CBOI,class,mct,0.9,0.5,gov.nasa.arc.mct.canvas.view,950,0,0,0,1,1,1
NII,class,mct,0.9,0.5,gov.nasa.arc.mct.canvas.view,950,0,0,0,1,1,1
NOI,class,mct,0.9,0.5,gov.nasa.arc.mct.canvas.view,950,1,1,1,1,1,1
RFC,class,mct,0.9,0.5,gov.nasa.arc.mct.canvas.view,950,1,1,1,1,1,1
AD,class,mct,0.9,0.5,gov.nasa.arc.mct.canvas.view,950,1,1,1,1,1,1
CD,class,mct,0.9,0.5,gov.nasa.arc.mct.canvas.view,950,1,1,1,1,1,1
CLOC,class,mct,0.9,0.5,gov.nasa.arc.mct.canvas.view,950,1,1,1,1,1,1
DLOC,class,mct,0.9,0.5,gov.nasa.arc.mct.canvas.view,950,0,0,0,1,1,1
PDA,class,mct,0.9,0.5,gov.nasa.arc.mct.canvas.view,950,1,1,1,1,1,1
PUA,class,mct,0.9,0.5,gov.nasa.arc.mct.canvas.view,950,1,1,1,1,1,1
TCD,class,mct,0.9,0.5,gov.nasa.arc.mct.canvas.view,950,1,1,1,1,1,1
TCLOC,class,mct,0.9,0.5,gov.nasa.arc.mct.canvas.view,950,1,1,1,1,1,1
DIT,class,mct,0.9,0.5,gov.nasa.arc.mct.canvas.view,950,1,1,1,1,1,1
NOA,class,mct,0.9,0.5,gov.nasa.arc.mct.canvas.view,950,1,1,1,1,1,1
NOC,class,mct,0.9,0.5,gov.nasa.arc.mct.canvas.view,950,1,1,1,1,1,1
NOD,class,mct,0.9,0.5,gov.nasa.arc.mct.canvas.view,950,1,1,1,1,1,1
NOP,class,mct,0.9,0.5,gov.nasa.arc.mct.canvas.view,950,1,1,1,1,1,1
LLOC,class,mct,0.9,0.5,gov.nasa.arc.mct.canvas.view,950,1,1,1,1,1,1
LOC,class,mct,0.9,0.5,gov.nasa.arc.mct.canvas.view,950,1,1,1,1,1,1
NA,class,mct,0.9,0.5,gov.nasa.arc.mct.canvas.view,950,1,1,1,1,1,1
NG,class,mct,0.9,0.5,gov.nasa.arc.mct.canvas.view,950,1,1,1,1,1,1
NLA,class,mct,0.9,0.5,gov.nasa.arc.mct.canvas.view,950,1,1,1,1,1,1
NLG,class,mct,0.9,0.5,gov.nasa.arc.mct.canvas.view,950,1,1,1,1,1,1
NLM,class,mct,0.9,0.5,gov.nasa.arc.mct.canvas.view,950,1,1,1,1,1,1
NLPA,class,mct,0.9,0.5,gov.nasa.arc.mct.canvas.view,950,0,0,0,1,1,1
NLPM,class,mct,0.9,0.5,gov.nasa.arc.mct.canvas.view,950,1,1,1,1,1,1
NLS,class,mct,0.9,0.5,gov.nasa.arc.mct.canvas.view,950,1,1,1,1,1,1
NM,class,mct,0.9,0.5,gov.nasa.arc.mct.canvas.view,950,1,1,1,1,1,1
NOS,class,mct,0.9,0.5,gov.nasa.arc.mct.canvas.view,950,1,1,1,1,1,1
NPA,class,mct,0.9,0.5,gov.nasa.arc.mct.canvas.view,950,1,1,1,1,1,1
NPM,class,mct,0.9,0.5,gov.nasa.arc.mct.canvas.view,950,1,1,1,1,1,1
NS,class,mct,0.9,0.5,gov.nasa.arc.mct.canvas.view,950,1,1,1,1,1,1
TLLOC,class,mct,0.9,0.5,gov.nasa.arc.mct.canvas.view,950,1,1,1,1,1,1
TLOC,class,mct,0.9,0.5,gov.nasa.arc.mct.canvas.view,950,1,1,1,1,1,1
TNA,class,mct,0.9,0.5,gov.nasa.arc.mct.canvas.view,950,0,0,0,0,0,0
TNG,class,mct,0.9,0.5,gov.nasa.arc.mct.canvas.view,950,0,0,0,0,0,0
TNLA,class,mct,0.9,0.5,gov.nasa.arc.mct.canvas.view,950,0,0,0,0,0,0
TNLG,class,mct,0.9,0.5,gov.nasa.arc.mct.canvas.view,950,0,0,0,0,0,0
TNLM,class,mct,0.9,0.5,gov.nasa.arc.mct.canvas.view,950,0,0,0,0,0,0
TNLPA,class,mct,0.9,0.5,gov.nasa.arc.mct.canvas.view,950,0,0,0,0,0,0
TNLPM,class,mct,0.9,0.5,gov.nasa.arc.mct.canvas.view,950,0,0,0,0,0,0
TNLS,class,mct,0.9,0.5,gov.nasa.arc.mct.canvas.view,950,0,0,0,0,0,0
TNM,class,mct,0.9,0.5,gov.nasa.arc.mct.canvas.view,950,0,0,0,0,0,0
TNOS,class,mct,0.9,0.5,gov.nasa.arc.mct.canvas.view,950,0,0,0,0,0,0
TNPA,class,mct,0.9,0.5,gov.nasa.arc.mct.canvas.view,950,0,0,0,0,0,0
TNPM,class,mct,0.9,0.5,gov.nasa.arc.mct.canvas.view,950,0,0,0,0,0,0
TNS,class,mct,0.9,0.5,gov.nasa.arc.mct.canvas.view,950,0,0,0,0,0,0
WarningBlocker,class,mct,0.9,0.5,gov.nasa.arc.mct.canvas.view,950,0,0,0,0,0,0
WarningCritical,class,mct,0.9,0.5,gov.nasa.arc.mct.canvas.view,950,0,0,0,0,0,0
WarningInfo,class,mct,0.9,0.5,gov.nasa.arc.mct.canvas.view,950,0,0,0,0,0,0
WarningMajor,class,mct,0.9,0.5,gov.nasa.arc.mct.canvas.view,950,0,0,0,0,0,0
WarningMinor,class,mct,0.9,0.5,gov.nasa.arc.mct.canvas.view,950,0,0,0,0,0,0
Android Rules,class,mct,0.9,0.5,gov.nasa.arc.mct.canvas.view,950,0,0,0,0,0,0
Basic Rules,class,mct,0.9,0.5,gov.nasa.arc.mct.canvas.view,950,0,0,0,0,0,0
Brace Rules,class,mct,0.9,0.5,gov.nasa.arc.mct.canvas.view,950,0,0,0,0,0,0
Clone Implementation Rules,class,mct,0.9,0.5,gov.nasa.arc.mct.canvas.view,950,0,0,0,0,0,0
Code Size Rules,class,mct,0.9,0.5,gov.nasa.arc.mct.canvas.view,950,0,0,0,0,0,0
Comment Rules,class,mct,0.9,0.5,gov.nasa.arc.mct.canvas.view,950,0,0,0,0,0,0
Controversial Rules,class,mct,0.9,0.5,gov.nasa.arc.mct.canvas.view,950,0,0,0,0,0,0
Coupling Rules,class,mct,0.9,0.5,gov.nasa.arc.mct.canvas.view,950,0,0,0,0,0,0
Design Rules,class,mct,0.9,0.5,gov.nasa.arc.mct.canvas.view,950,0,0,0,0,0,0
Empty Code Rules,class,mct,0.9,0.5,gov.nasa.arc.mct.canvas.view,950,0,0,0,0,0,0
Finalizer Rules,class,mct,0.9,0.5,gov.nasa.arc.mct.canvas.view,950,0,0,0,0,0,0
Import Statement Rules,class,mct,0.9,0.5,gov.nasa.arc.mct.canvas.view,950,0,0,0,0,0,0
J2EE Rules,class,mct,0.9,0.5,gov.nasa.arc.mct.canvas.view,950,0,0,0,0,0,0
JUnit Rules,class,mct,0.9,0.5,gov.nasa.arc.mct.canvas.view,950,0,0,0,0,0,0
Jakarta Commons Logging Rules,class,mct,0.9,0.5,gov.nasa.arc.mct.canvas.view,950,0,0,0,0,0,0
Java Logging Rules,class,mct,0.9,0.5,gov.nasa.arc.mct.canvas.view,950,0,0,0,0,0,0
JavaBean Rules,class,mct,0.9,0.5,gov.nasa.arc.mct.canvas.view,950,0,0,0,0,0,0
MigratingToJUnit4 Rules,class,mct,0.9,0.5,gov.nasa.arc.mct.canvas.view,950,0,0,0,0,0,0
Migration Rules,class,mct,0.9,0.5,gov.nasa.arc.mct.canvas.view,950,0,0,0,0,0,0
Migration13 Rules,class,mct,0.9,0.5,gov.nasa.arc.mct.canvas.view,950,0,0,0,0,0,0
Migration14 Rules,class,mct,0.9,0.5,gov.nasa.arc.mct.canvas.view,950,0,0,0,0,0,0
Migration15 Rules,class,mct,0.9,0.5,gov.nasa.arc.mct.canvas.view,950,0,0,0,0,0,0
Naming Rules,class,mct,0.9,0.5,gov.nasa.arc.mct.canvas.view,950,0,0,0,0,0,0
Optimization Rules,class,mct,0.9,0.5,gov.nasa.arc.mct.canvas.view,950,0,0,0,0,0,0
Security Code Guideline Rules,class,mct,0.9,0.5,gov.nasa.arc.mct.canvas.view,950,0,0,0,0,0,0
Strict Exception Rules,class,mct,0.9,0.5,gov.nasa.arc.mct.canvas.view,950,0,0,0,0,0,0
String and StringBuffer Rules,class,mct,0.9,0.5,gov.nasa.arc.mct.canvas.view,950,0,0,0,0,0,0
Type Resolution Rules,class,mct,0.9,0.5,gov.nasa.arc.mct.canvas.view,950,0,0,0,0,0,0
Unnecessary and Unused Code Rules,class,mct,0.9,0.5,gov.nasa.arc.mct.canvas.view,950,0,0,0,0,0,0
Vulnerability Rules,class,mct,0.9,0.5,gov.nasa.arc.mct.canvas.view,950,0,0,0,0,0,0
CC,class,mct,0.9,0.5,gov.nasa.arc.mct.fastplot.settings.controls,190,0,0,0,1,1,1
CCL,class,mct,0.9,0.5,gov.nasa.arc.mct.fastplot.settings.controls,190,0,0,0,1,1,1
CCO,class,mct,0.9,0.5,gov.nasa.arc.mct.fastplot.settings.controls,190,0,0,0,1,1,1
CI,class,mct,0.9,0.5,gov.nasa.arc.mct.fastplot.settings.controls,190,0,0,0,1,1,1
CLC,class,mct,0.9,0.5,gov.nasa.arc.mct.fastplot.settings.controls,190,0,0,0,1,1,1
CLLC,class,mct,0.9,0.5,gov.nasa.arc.mct.fastplot.settings.controls,190,0,0,0,1,1,1
LDC,class,mct,0.9,0.5,gov.nasa.arc.mct.fastplot.settings.controls,190,0,0,0,1,1,1
LLDC,class,mct,0.9,0.5,gov.nasa.arc.mct.fastplot.settings.controls,190,0,0,0,1,1,1
LCOM5,class,mct,0.9,0.5,gov.nasa.arc.mct.fastplot.settings.controls,190,0,0,0,1,1,1
NL,class,mct,0.9,0.5,gov.nasa.arc.mct.fastplot.settings.controls,190,0,0,0,1,1,1
NLE,class,mct,0.9,0.5,gov.nasa.arc.mct.fastplot.settings.controls,190,0,0,0,1,1,1
WMC,class,mct,0.9,0.5,gov.nasa.arc.mct.fastplot.settings.controls,190,1,1,1,1,1,1
CBO,class,mct,0.9,0.5,gov.nasa.arc.mct.fastplot.settings.controls,190,0,0,0,1,1,1
CBOI,class,mct,0.9,0.5,gov.nasa.arc.mct.fastplot.settings.controls,190,0,0,0,1,1,1
NII,class,mct,0.9,0.5,gov.nasa.arc.mct.fastplot.settings.controls,190,0,0,0,1,1,1
NOI,class,mct,0.9,0.5,gov.nasa.arc.mct.fastplot.settings.controls,190,0,0,0,1,1,1
RFC,class,mct,0.9,0.5,gov.nasa.arc.mct.fastplot.settings.controls,190,0,0,0,1,1,1
AD,class,mct,0.9,0.5,gov.nasa.arc.mct.fastplot.settings.controls,190,0,0,0,1,1,1
CD,class,mct,0.9,0.5,gov.nasa.arc.mct.fastplot.settings.controls,190,1,1,1,1,1,1
CLOC,class,mct,0.9,0.5,gov.nasa.arc.mct.fastplot.settings.controls,190,1,1,1,1,1,1
DLOC,class,mct,0.9,0.5,gov.nasa.arc.mct.fastplot.settings.controls,190,0,0,0,1,1,1
PDA,class,mct,0.9,0.5,gov.nasa.arc.mct.fastplot.settings.controls,190,0,0,0,1,1,1
PUA,class,mct,0.9,0.5,gov.nasa.arc.mct.fastplot.settings.controls,190,0,0,0,1,1,1
TCD,class,mct,0.9,0.5,gov.nasa.arc.mct.fastplot.settings.controls,190,1,1,1,1,1,1
TCLOC,class,mct,0.9,0.5,gov.nasa.arc.mct.fastplot.settings.controls,190,1,1,1,1,1,1
DIT,class,mct,0.9,0.5,gov.nasa.arc.mct.fastplot.settings.controls,190,0,0,0,1,1,1
NOA,class,mct,0.9,0.5,gov.nasa.arc.mct.fastplot.settings.controls,190,0,0,0,1,1,1
NOC,class,mct,0.9,0.5,gov.nasa.arc.mct.fastplot.settings.controls,190,0,0,0,1,1,1
NOD,class,mct,0.9,0.5,gov.nasa.arc.mct.fastplot.settings.controls,190,0,0,0,1,1,1
NOP,class,mct,0.9,0.5,gov.nasa.arc.mct.fastplot.settings.controls,190,0,0,0,1,1,1
LLOC,class,mct,0.9,0.5,gov.nasa.arc.mct.fastplot.settings.controls,190,1,1,1,1,1,1
LOC,class,mct,0.9,0.5,gov.nasa.arc.mct.fastplot.settings.controls,190,1,1,1,1,1,1
NA,class,mct,0.9,0.5,gov.nasa.arc.mct.fastplot.settings.controls,190,0,0,0,1,1,1
NG,class,mct,0.9,0.5,gov.nasa.arc.mct.fastplot.settings.controls,190,0,0,0,1,1,1
NLA,class,mct,0.9,0.5,gov.nasa.arc.mct.fastplot.settings.controls,190,0,0,0,1,1,1
NLG,class,mct,0.9,0.5,gov.nasa.arc.mct.fastplot.settings.controls,190,0,0,0,1,1,1
NLM,class,mct,0.9,0.5,gov.nasa.arc.mct.fastplot.settings.controls,190,0,0,0,1,1,1
NLPA,class,mct,0.9,0.5,gov.nasa.arc.mct.fastplot.settings.controls,190,0,0,0,1,1,1
NLPM,class,mct,0.9,0.5,gov.nasa.arc.mct.fastplot.settings.controls,190,0,0,0,1,1,1
NLS,class,mct,0.9,0.5,gov.nasa.arc.mct.fastplot.settings.controls,190,0,0,0,1,1,1
NM,class,mct,0.9,0.5,gov.nasa.arc.mct.fastplot.settings.controls,190,0,0,0,1,1,1
NOS,class,mct,0.9,0.5,gov.nasa.arc.mct.fastplot.settings.controls,190,1,1,1,1,1,1
NPA,class,mct,0.9,0.5,gov.nasa.arc.mct.fastplot.settings.controls,190,0,0,0,1,1,1
NPM,class,mct,0.9,0.5,gov.nasa.arc.mct.fastplot.settings.controls,190,0,0,0,1,1,1
NS,class,mct,0.9,0.5,gov.nasa.arc.mct.fastplot.settings.controls,190,0,0,0,1,1,1
TLLOC,class,mct,0.9,0.5,gov.nasa.arc.mct.fastplot.settings.controls,190,1,1,1,1,1,1
TLOC,class,mct,0.9,0.5,gov.nasa.arc.mct.fastplot.settings.controls,190,1,1,1,1,1,1
TNA,class,mct,0.9,0.5,gov.nasa.arc.mct.fastplot.settings.controls,190,0,0,0,0,0,0
TNG,class,mct,0.9,0.5,gov.nasa.arc.mct.fastplot.settings.controls,190,0,0,0,0,0,0
TNLA,class,mct,0.9,0.5,gov.nasa.arc.mct.fastplot.settings.controls,190,0,0,0,0,0,0
TNLG,class,mct,0.9,0.5,gov.nasa.arc.mct.fastplot.settings.controls,190,0,0,0,0,0,0
TNLM,class,mct,0.9,0.5,gov.nasa.arc.mct.fastplot.settings.controls,190,0,0,0,0,0,0
TNLPA,class,mct,0.9,0.5,gov.nasa.arc.mct.fastplot.settings.controls,190,0,0,0,0,0,0
TNLPM,class,mct,0.9,0.5,gov.nasa.arc.mct.fastplot.settings.controls,190,0,0,0,0,0,0
TNLS,class,mct,0.9,0.5,gov.nasa.arc.mct.fastplot.settings.controls,190,0,0,0,0,0,0
TNM,class,mct,0.9,0.5,gov.nasa.arc.mct.fastplot.settings.controls,190,0,0,0,0,0,0
TNOS,class,mct,0.9,0.5,gov.nasa.arc.mct.fastplot.settings.controls,190,0,0,0,0,0,0
TNPA,class,mct,0.9,0.5,gov.nasa.arc.mct.fastplot.settings.controls,190,0,0,0,0,0,0
TNPM,class,mct,0.9,0.5,gov.nasa.arc.mct.fastplot.settings.controls,190,0,0,0,0,0,0
TNS,class,mct,0.9,0.5,gov.nasa.arc.mct.fastplot.settings.controls,190,0,0,0,0,0,0
WarningBlocker,class,mct,0.9,0.5,gov.nasa.arc.mct.fastplot.settings.controls,190,0,0,0,0,0,0
WarningCritical,class,mct,0.9,0.5,gov.nasa.arc.mct.fastplot.settings.controls,190,0,0,0,0,0,0
WarningInfo,class,mct,0.9,0.5,gov.nasa.arc.mct.fastplot.settings.controls,190,0,0,0,0,0,0
WarningMajor,class,mct,0.9,0.5,gov.nasa.arc.mct.fastplot.settings.controls,190,0,0,0,0,0,0
WarningMinor,class,mct,0.9,0.5,gov.nasa.arc.mct.fastplot.settings.controls,190,0,0,0,0,0,0
Android Rules,class,mct,0.9,0.5,gov.nasa.arc.mct.fastplot.settings.controls,190,0,0,0,0,0,0
Basic Rules,class,mct,0.9,0.5,gov.nasa.arc.mct.fastplot.settings.controls,190,0,0,0,0,0,0
Brace Rules,class,mct,0.9,0.5,gov.nasa.arc.mct.fastplot.settings.controls,190,0,0,0,0,0,0
Clone Implementation Rules,class,mct,0.9,0.5,gov.nasa.arc.mct.fastplot.settings.controls,190,0,0,0,0,0,0
Code Size Rules,class,mct,0.9,0.5,gov.nasa.arc.mct.fastplot.settings.controls,190,0,0,0,0,0,0
Comment Rules,class,mct,0.9,0.5,gov.nasa.arc.mct.fastplot.settings.controls,190,0,0,0,0,0,0
Controversial Rules,class,mct,0.9,0.5,gov.nasa.arc.mct.fastplot.settings.controls,190,0,0,0,0,0,0
Coupling Rules,class,mct,0.9,0.5,gov.nasa.arc.mct.fastplot.settings.controls,190,0,0,0,0,0,0
Design Rules,class,mct,0.9,0.5,gov.nasa.arc.mct.fastplot.settings.controls,190,0,0,0,0,0,0
Empty Code Rules,class,mct,0.9,0.5,gov.nasa.arc.mct.fastplot.settings.controls,190,0,0,0,0,0,0
Finalizer Rules,class,mct,0.9,0.5,gov.nasa.arc.mct.fastplot.settings.controls,190,0,0,0,0,0,0
Import Statement Rules,class,mct,0.9,0.5,gov.nasa.arc.mct.fastplot.settings.controls,190,0,0,0,0,0,0
J2EE Rules,class,mct,0.9,0.5,gov.nasa.arc.mct.fastplot.settings.controls,190,0,0,0,0,0,0
JUnit Rules,class,mct,0.9,0.5,gov.nasa.arc.mct.fastplot.settings.controls,190,0,0,0,0,0,0
Jakarta Commons Logging Rules,class,mct,0.9,0.5,gov.nasa.arc.mct.fastplot.settings.controls,190,0,0,0,0,0,0
Java Logging Rules,class,mct,0.9,0.5,gov.nasa.arc.mct.fastplot.settings.controls,190,0,0,0,0,0,0
JavaBean Rules,class,mct,0.9,0.5,gov.nasa.arc.mct.fastplot.settings.controls,190,0,0,0,0,0,0
MigratingToJUnit4 Rules,class,mct,0.9,0.5,gov.nasa.arc.mct.fastplot.settings.controls,190,0,0,0,0,0,0
Migration Rules,class,mct,0.9,0.5,gov.nasa.arc.mct.fastplot.settings.controls,190,0,0,0,0,0,0
Migration13 Rules,class,mct,0.9,0.5,gov.nasa.arc.mct.fastplot.settings.controls,190,0,0,0,0,0,0
Migration14 Rules,class,mct,0.9,0.5,gov.nasa.arc.mct.fastplot.settings.controls,190,0,0,0,0,0,0
Migration15 Rules,class,mct,0.9,0.5,gov.nasa.arc.mct.fastplot.settings.controls,190,0,0,0,0,0,0
Naming Rules,class,mct,0.9,0.5,gov.nasa.arc.mct.fastplot.settings.controls,190,0,0,0,0,0,0
Optimization Rules,class,mct,0.9,0.5,gov.nasa.arc.mct.fastplot.settings.controls,190,0,0,0,0,0,0
Security Code Guideline Rules,class,mct,0.9,0.5,gov.nasa.arc.mct.fastplot.settings.controls,190,0,0,0,0,0,0
Strict Exception Rules,class,mct,0.9,0.5,gov.nasa.arc.mct.fastplot.settings.controls,190,0,0,0,0,0,0
String and StringBuffer Rules,class,mct,0.9,0.5,gov.nasa.arc.mct.fastplot.settings.controls,190,0,0,0,0,0,0
Type Resolution Rules,class,mct,0.9,0.5,gov.nasa.arc.mct.fastplot.settings.controls,190,0,0,0,0,0,0
Unnecessary and Unused Code Rules,class,mct,0.9,0.5,gov.nasa.arc.mct.fastplot.settings.controls,190,0,0,0,0,0,0
Vulnerability Rules,class,mct,0.9,0.5,gov.nasa.arc.mct.fastplot.settings.controls,190,0,0,0,0,0,0
CC,class,mct,0.9,0.5,gov.nasa.arc.mct.table.gui,190,1,1,1,1,1,1
CCL,class,mct,0.9,0.5,gov.nasa.arc.mct.table.gui,190,0,0,0,1,1,1
CCO,class,mct,0.9,0.5,gov.nasa.arc.mct.table.gui,190,0,0,0,1,1,1
CI,class,mct,0.9,0.5,gov.nasa.arc.mct.table.gui,190,0,0,0,1,1,1
CLC,class,mct,0.9,0.5,gov.nasa.arc.mct.table.gui,190,1,1,1,1,1,1
CLLC,class,mct,0.9,0.5,gov.nasa.arc.mct.table.gui,190,1,1,1,1,1,1
LDC,class,mct,0.9,0.5,gov.nasa.arc.mct.table.gui,190,0,0,0,1,1,1
LLDC,class,mct,0.9,0.5,gov.nasa.arc.mct.table.gui,190,0,0,0,1,1,1
LCOM5,class,mct,0.9,0.5,gov.nasa.arc.mct.table.gui,190,0,0,0,1,1,1
NL,class,mct,0.9,0.5,gov.nasa.arc.mct.table.gui,190,0,0,0,1,1,1
NLE,class,mct,0.9,0.5,gov.nasa.arc.mct.table.gui,190,0,0,0,1,1,1
WMC,class,mct,0.9,0.5,gov.nasa.arc.mct.table.gui,190,1,1,1,1,1,1
CBO,class,mct,0.9,0.5,gov.nasa.arc.mct.table.gui,190,0,0,0,1,1,1
CBOI,class,mct,0.9,0.5,gov.nasa.arc.mct.table.gui,190,0,0,0,1,1,1
NII,class,mct,0.9,0.5,gov.nasa.arc.mct.table.gui,190,0,0,0,1,1,1
NOI,class,mct,0.9,0.5,gov.nasa.arc.mct.table.gui,190,0,0,0,1,1,1
RFC,class,mct,0.9,0.5,gov.nasa.arc.mct.table.gui,190,0,0,0,1,1,1
AD,class,mct,0.9,0.5,gov.nasa.arc.mct.table.gui,190,0,0,0,1,1,1
CD,class,mct,0.9,0.5,gov.nasa.arc.mct.table.gui,190,1,1,1,1,1,1
CLOC,class,mct,0.9,0.5,gov.nasa.arc.mct.table.gui,190,0,0,0,1,1,1
DLOC,class,mct,0.9,0.5,gov.nasa.arc.mct.table.gui,190,0,0,0,1,1,1
PDA,class,mct,0.9,0.5,gov.nasa.arc.mct.table.gui,190,0,0,0,1,1,1
PUA,class,mct,0.9,0.5,gov.nasa.arc.mct.table.gui,190,0,0,0,1,1,1
TCD,class,mct,0.9,0.5,gov.nasa.arc.mct.table.gui,190,1,1,1,1,1,1
TCLOC,class,mct,0.9,0.5,gov.nasa.arc.mct.table.gui,190,0,0,0,1,1,1
DIT,class,mct,0.9,0.5,gov.nasa.arc.mct.table.gui,190,0,0,0,1,1,1
NOA,class,mct,0.9,0.5,gov.nasa.arc.mct.table.gui,190,0,0,0,1,1,1
NOC,class,mct,0.9,0.5,gov.nasa.arc.mct.table.gui,190,0,0,0,1,1,1
NOD,class,mct,0.9,0.5,gov.nasa.arc.mct.table.gui,190,0,0,0,1,1,1
NOP,class,mct,0.9,0.5,gov.nasa.arc.mct.table.gui,190,0,0,0,1,1,1
LLOC,class,mct,0.9,0.5,gov.nasa.arc.mct.table.gui,190,1,1,1,1,1,1
LOC,class,mct,0.9,0.5,gov.nasa.arc.mct.table.gui,190,1,1,1,1,1,1
NA,class,mct,0.9,0.5,gov.nasa.arc.mct.table.gui,190,0,0,0,1,1,1
NG,class,mct,0.9,0.5,gov.nasa.arc.mct.table.gui,190,0,0,0,1,1,1
NLA,class,mct,0.9,0.5,gov.nasa.arc.mct.table.gui,190,0,0,0,1,1,1
NLG,class,mct,0.9,0.5,gov.nasa.arc.mct.table.gui,190,0,0,0,1,1,1
NLM,class,mct,0.9,0.5,gov.nasa.arc.mct.table.gui,190,0,0,0,1,1,1
NLPA,class,mct,0.9,0.5,gov.nasa.arc.mct.table.gui,190,0,0,0,1,1,1
NLPM,class,mct,0.9,0.5,gov.nasa.arc.mct.table.gui,190,0,0,0,1,1,1
NLS,class,mct,0.9,0.5,gov.nasa.arc.mct.table.gui,190,0,0,0,1,1,1
NM,class,mct,0.9,0.5,gov.nasa.arc.mct.table.gui,190,0,0,0,1,1,1
NOS,class,mct,0.9,0.5,gov.nasa.arc.mct.table.gui,190,1,1,1,1,1,1
NPA,class,mct,0.9,0.5,gov.nasa.arc.mct.table.gui,190,0,0,0,1,1,1
NPM,class,mct,0.9,0.5,gov.nasa.arc.mct.table.gui,190,0,0,0,1,1,1
NS,class,mct,0.9,0.5,gov.nasa.arc.mct.table.gui,190,0,0,0,1,1,1
TLLOC,class,mct,0.9,0.5,gov.nasa.arc.mct.table.gui,190,1,1,1,1,1,1
TLOC,class,mct,0.9,0.5,gov.nasa.arc.mct.table.gui,190,1,1,1,1,1,1
TNA,class,mct,0.9,0.5,gov.nasa.arc.mct.table.gui,190,0,0,0,0,0,0
TNG,class,mct,0.9,0.5,gov.nasa.arc.mct.table.gui,190,0,0,0,0,0,0
TNLA,class,mct,0.9,0.5,gov.nasa.arc.mct.table.gui,190,0,0,0,0,0,0
TNLG,class,mct,0.9,0.5,gov.nasa.arc.mct.table.gui,190,0,0,0,0,0,0
TNLM,class,mct,0.9,0.5,gov.nasa.arc.mct.table.gui,190,0,0,0,0,0,0
TNLPA,class,mct,0.9,0.5,gov.nasa.arc.mct.table.gui,190,0,0,0,0,0,0
TNLPM,class,mct,0.9,0.5,gov.nasa.arc.mct.table.gui,190,0,0,0,0,0,0
TNLS,class,mct,0.9,0.5,gov.nasa.arc.mct.table.gui,190,0,0,0,0,0,0
TNM,class,mct,0.9,0.5,gov.nasa.arc.mct.table.gui,190,0,0,0,0,0,0
TNOS,class,mct,0.9,0.5,gov.nasa.arc.mct.table.gui,190,0,0,0,0,0,0
TNPA,class,mct,0.9,0.5,gov.nasa.arc.mct.table.gui,190,0,0,0,0,0,0
TNPM,class,mct,0.9,0.5,gov.nasa.arc.mct.table.gui,190,0,0,0,0,0,0
TNS,class,mct,0.9,0.5,gov.nasa.arc.mct.table.gui,190,0,0,0,0,0,0
WarningBlocker,class,mct,0.9,0.5,gov.nasa.arc.mct.table.gui,190,0,0,0,0,0,0
WarningCritical,class,mct,0.9,0.5,gov.nasa.arc.mct.table.gui,190,0,0,0,0,0,0
WarningInfo,class,mct,0.9,0.5,gov.nasa.arc.mct.table.gui,190,0,0,0,0,0,0
WarningMajor,class,mct,0.9,0.5,gov.nasa.arc.mct.table.gui,190,0,0,0,0,0,0
WarningMinor,class,mct,0.9,0.5,gov.nasa.arc.mct.table.gui,190,0,0,0,0,0,0
Android Rules,class,mct,0.9,0.5,gov.nasa.arc.mct.table.gui,190,0,0,0,0,0,0
Basic Rules,class,mct,0.9,0.5,gov.nasa.arc.mct.table.gui,190,0,0,0,0,0,0
Brace Rules,class,mct,0.9,0.5,gov.nasa.arc.mct.table.gui,190,0,0,0,0,0,0
Clone Implementation Rules,class,mct,0.9,0.5,gov.nasa.arc.mct.table.gui,190,0,0,0,0,0,0
Code Size Rules,class,mct,0.9,0.5,gov.nasa.arc.mct.table.gui,190,0,0,0,0,0,0
Comment Rules,class,mct,0.9,0.5,gov.nasa.arc.mct.table.gui,190,0,0,0,0,0,0
Controversial Rules,class,mct,0.9,0.5,gov.nasa.arc.mct.table.gui,190,0,0,0,0,0,0
Coupling Rules,class,mct,0.9,0.5,gov.nasa.arc.mct.table.gui,190,0,0,0,0,0,0
Design Rules,class,mct,0.9,0.5,gov.nasa.arc.mct.table.gui,190,0,0,0,0,0,0
Empty Code Rules,class,mct,0.9,0.5,gov.nasa.arc.mct.table.gui,190,0,0,0,0,0,0
Finalizer Rules,class,mct,0.9,0.5,gov.nasa.arc.mct.table.gui,190,0,0,0,0,0,0
Import Statement Rules,class,mct,0.9,0.5,gov.nasa.arc.mct.table.gui,190,0,0,0,0,0,0
J2EE Rules,class,mct,0.9,0.5,gov.nasa.arc.mct.table.gui,190,0,0,0,0,0,0
JUnit Rules,class,mct,0.9,0.5,gov.nasa.arc.mct.table.gui,190,0,0,0,0,0,0
Jakarta Commons Logging Rules,class,mct,0.9,0.5,gov.nasa.arc.mct.table.gui,190,0,0,0,0,0,0
Java Logging Rules,class,mct,0.9,0.5,gov.nasa.arc.mct.table.gui,190,0,0,0,0,0,0
JavaBean Rules,class,mct,0.9,0.5,gov.nasa.arc.mct.table.gui,190,0,0,0,0,0,0
MigratingToJUnit4 Rules,class,mct,0.9,0.5,gov.nasa.arc.mct.table.gui,190,0,0,0,0,0,0
Migration Rules,class,mct,0.9,0.5,gov.nasa.arc.mct.table.gui,190,0,0,0,0,0,0
Migration13 Rules,class,mct,0.9,0.5,gov.nasa.arc.mct.table.gui,190,0,0,0,0,0,0
Migration14 Rules,class,mct,0.9,0.5,gov.nasa.arc.mct.table.gui,190,0,0,0,0,0,0
Migration15 Rules,class,mct,0.9,0.5,gov.nasa.arc.mct.table.gui,190,0,0,0,0,0,0
Naming Rules,class,mct,0.9,0.5,gov.nasa.arc.mct.table.gui,190,0,0,0,0,0,0
Optimization Rules,class,mct,0.9,0.5,gov.nasa.arc.mct.table.gui,190,0,0,0,0,0,0
Security Code Guideline Rules,class,mct,0.9,0.5,gov.nasa.arc.mct.table.gui,190,0,0,0,0,0,0
Strict Exception Rules,class,mct,0.9,0.5,gov.nasa.arc.mct.table.gui,190,0,0,0,0,0,0
String and StringBuffer Rules,class,mct,0.9,0.5,gov.nasa.arc.mct.table.gui,190,0,0,0,0,0,0
Type Resolution Rules,class,mct,0.9,0.5,gov.nasa.arc.mct.table.gui,190,0,0,0,0,0,0
Unnecessary and Unused Code Rules,class,mct,0.9,0.5,gov.nasa.arc.mct.table.gui,190,0,0,0,0,0,0
Vulnerability Rules,class,mct,0.9,0.5,gov.nasa.arc.mct.table.gui,190,0,0,0,0,0,0
CC,class,mct,0.9,0.5,gov.nasa.arc.mct.fastplot.view,570,1,1,1,1,1,1
CCL,class,mct,0.9,0.5,gov.nasa.arc.mct.fastplot.view,570,1,1,1,1,1,1
CCO,class,mct,0.9,0.5,gov.nasa.arc.mct.fastplot.view,570,1,1,1,1,1,1
CI,class,mct,0.9,0.5,gov.nasa.arc.mct.fastplot.view,570,1,1,1,1,1,1
CLC,class,mct,0.9,0.5,gov.nasa.arc.mct.fastplot.view,570,1,1,1,1,1,1
CLLC,class,mct,0.9,0.5,gov.nasa.arc.mct.fastplot.view,570,1,1,1,1,1,1
LDC,class,mct,0.9,0.5,gov.nasa.arc.mct.fastplot.view,570,1,1,1,1,1,1
LLDC,class,mct,0.9,0.5,gov.nasa.arc.mct.fastplot.view,570,1,1,1,1,1,1
LCOM5,class,mct,0.9,0.5,gov.nasa.arc.mct.fastplot.view,570,1,1,1,1,1,1
NL,class,mct,0.9,0.5,gov.nasa.arc.mct.fastplot.view,570,1,1,1,1,1,1
NLE,class,mct,0.9,0.5,gov.nasa.arc.mct.fastplot.view,570,1,1,1,1,1,1
WMC,class,mct,0.9,0.5,gov.nasa.arc.mct.fastplot.view,570,1,1,1,1,1,1
CBO,class,mct,0.9,0.5,gov.nasa.arc.mct.fastplot.view,570,1,1,1,1,1,1
CBOI,class,mct,0.9,0.5,gov.nasa.arc.mct.fastplot.view,570,1,1,1,1,1,1
NII,class,mct,0.9,0.5,gov.nasa.arc.mct.fastplot.view,570,1,1,1,1,1,1
NOI,class,mct,0.9,0.5,gov.nasa.arc.mct.fastplot.view,570,1,1,1,1,1,1
RFC,class,mct,0.9,0.5,gov.nasa.arc.mct.fastplot.view,570,1,1,1,1,1,1
AD,class,mct,0.9,0.5,gov.nasa.arc.mct.fastplot.view,570,1,1,1,1,1,1
CD,class,mct,0.9,0.5,gov.nasa.arc.mct.fastplot.view,570,1,1,1,1,1,1
CLOC,class,mct,0.9,0.5,gov.nasa.arc.mct.fastplot.view,570,1,1,1,1,1,1
DLOC,class,mct,0.9,0.5,gov.nasa.arc.mct.fastplot.view,570,1,1,1,1,1,1
PDA,class,mct,0.9,0.5,gov.nasa.arc.mct.fastplot.view,570,1,1,1,1,1,1
PUA,class,mct,0.9,0.5,gov.nasa.arc.mct.fastplot.view,570,1,1,1,1,1,1
TCD,class,mct,0.9,0.5,gov.nasa.arc.mct.fastplot.view,570,1,1,1,1,1,1
TCLOC,class,mct,0.9,0.5,gov.nasa.arc.mct.fastplot.view,570,1,1,1,1,1,1
DIT,class,mct,0.9,0.5,gov.nasa.arc.mct.fastplot.view,570,1,1,1,1,1,1
NOA,class,mct,0.9,0.5,gov.nasa.arc.mct.fastplot.view,570,1,1,1,1,1,1
NOC,class,mct,0.9,0.5,gov.nasa.arc.mct.fastplot.view,570,1,1,1,1,1,1
NOD,class,mct,0.9,0.5,gov.nasa.arc.mct.fastplot.view,570,1,1,1,1,1,1
NOP,class,mct,0.9,0.5,gov.nasa.arc.mct.fastplot.view,570,1,1,1,1,1,1
LLOC,class,mct,0.9,0.5,gov.nasa.arc.mct.fastplot.view,570,1,1,1,1,1,1
LOC,class,mct,0.9,0.5,gov.nasa.arc.mct.fastplot.view,570,1,1,1,1,1,1
NA,class,mct,0.9,0.5,gov.nasa.arc.mct.fastplot.view,570,1,1,1,1,1,1
NG,class,mct,0.9,0.5,gov.nasa.arc.mct.fastplot.view,570,1,1,1,1,1,1
NLA,class,mct,0.9,0.5,gov.nasa.arc.mct.fastplot.view,570,1,1,1,1,1,1
NLG,class,mct,0.9,0.5,gov.nasa.arc.mct.fastplot.view,570,1,1,1,1,1,1
NLM,class,mct,0.9,0.5,gov.nasa.arc.mct.fastplot.view,570,1,1,1,1,1,1
NLPA,class,mct,0.9,0.5,gov.nasa.arc.mct.fastplot.view,570,1,1,1,1,1,1
NLPM,class,mct,0.9,0.5,gov.nasa.arc.mct.fastplot.view,570,1,1,1,1,1,1
NLS,class,mct,0.9,0.5,gov.nasa.arc.mct.fastplot.view,570,1,1,1,1,1,1
NM,class,mct,0.9,0.5,gov.nasa.arc.mct.fastplot.view,570,1,1,1,1,1,1
NOS,class,mct,0.9,0.5,gov.nasa.arc.mct.fastplot.view,570,1,1,1,1,1,1
NPA,class,mct,0.9,0.5,gov.nasa.arc.mct.fastplot.view,570,1,1,1,1,1,1
NPM,class,mct,0.9,0.5,gov.nasa.arc.mct.fastplot.view,570,1,1,1,1,1,1
NS,class,mct,0.9,0.5,gov.nasa.arc.mct.fastplot.view,570,1,1,1,1,1,1
TLLOC,class,mct,0.9,0.5,gov.nasa.arc.mct.fastplot.view,570,1,1,1,1,1,1
TLOC,class,mct,0.9,0.5,gov.nasa.arc.mct.fastplot.view,570,1,1,1,1,1,1
TNA,class,mct,0.9,0.5,gov.nasa.arc.mct.fastplot.view,570,0,0,0,0,0,0
TNG,class,mct,0.9,0.5,gov.nasa.arc.mct.fastplot.view,570,0,0,0,0,0,0
TNLA,class,mct,0.9,0.5,gov.nasa.arc.mct.fastplot.view,570,0,0,0,0,0,0
TNLG,class,mct,0.9,0.5,gov.nasa.arc.mct.fastplot.view,570,0,0,0,0,0,0
TNLM,class,mct,0.9,0.5,gov.nasa.arc.mct.fastplot.view,570,0,0,0,0,0,0
TNLPA,class,mct,0.9,0.5,gov.nasa.arc.mct.fastplot.view,570,0,0,0,0,0,0
TNLPM,class,mct,0.9,0.5,gov.nasa.arc.mct.fastplot.view,570,0,0,0,0,0,0
TNLS,class,mct,0.9,0.5,gov.nasa.arc.mct.fastplot.view,570,0,0,0,0,0,0
TNM,class,mct,0.9,0.5,gov.nasa.arc.mct.fastplot.view,570,0,0,0,0,0,0
TNOS,class,mct,0.9,0.5,gov.nasa.arc.mct.fastplot.view,570,0,0,0,0,0,0
TNPA,class,mct,0.9,0.5,gov.nasa.arc.mct.fastplot.view,570,0,0,0,0,0,0
TNPM,class,mct,0.9,0.5,gov.nasa.arc.mct.fastplot.view,570,0,0,0,0,0,0
TNS,class,mct,0.9,0.5,gov.nasa.arc.mct.fastplot.view,570,0,0,0,0,0,0
WarningBlocker,class,mct,0.9,0.5,gov.nasa.arc.mct.fastplot.view,570,0,0,0,0,0,0
WarningCritical,class,mct,0.9,0.5,gov.nasa.arc.mct.fastplot.view,570,0,0,0,0,0,0
WarningInfo,class,mct,0.9,0.5,gov.nasa.arc.mct.fastplot.view,570,0,0,0,0,0,0
WarningMajor,class,mct,0.9,0.5,gov.nasa.arc.mct.fastplot.view,570,0,0,0,0,0,0
WarningMinor,class,mct,0.9,0.5,gov.nasa.arc.mct.fastplot.view,570,0,0,0,0,0,0
Android Rules,class,mct,0.9,0.5,gov.nasa.arc.mct.fastplot.view,570,0,0,0,0,0,0
Basic Rules,class,mct,0.9,0.5,gov.nasa.arc.mct.fastplot.view,570,0,0,0,0,0,0
Brace Rules,class,mct,0.9,0.5,gov.nasa.arc.mct.fastplot.view,570,0,0,0,0,0,0
Clone Implementation Rules,class,mct,0.9,0.5,gov.nasa.arc.mct.fastplot.view,570,0,0,0,0,0,0
Code Size Rules,class,mct,0.9,0.5,gov.nasa.arc.mct.fastplot.view,570,0,0,0,0,0,0
Comment Rules,class,mct,0.9,0.5,gov.nasa.arc.mct.fastplot.view,570,0,0,0,0,0,0
Controversial Rules,class,mct,0.9,0.5,gov.nasa.arc.mct.fastplot.view,570,0,0,0,0,0,0
Coupling Rules,class,mct,0.9,0.5,gov.nasa.arc.mct.fastplot.view,570,0,0,0,0,0,0
Design Rules,class,mct,0.9,0.5,gov.nasa.arc.mct.fastplot.view,570,0,0,0,0,0,0
Empty Code Rules,class,mct,0.9,0.5,gov.nasa.arc.mct.fastplot.view,570,0,0,0,0,0,0
Finalizer Rules,class,mct,0.9,0.5,gov.nasa.arc.mct.fastplot.view,570,0,0,0,0,0,0
Import Statement Rules,class,mct,0.9,0.5,gov.nasa.arc.mct.fastplot.view,570,0,0,0,0,0,0
J2EE Rules,class,mct,0.9,0.5,gov.nasa.arc.mct.fastplot.view,570,0,0,0,0,0,0
JUnit Rules,class,mct,0.9,0.5,gov.nasa.arc.mct.fastplot.view,570,0,0,0,0,0,0
Jakarta Commons Logging Rules,class,mct,0.9,0.5,gov.nasa.arc.mct.fastplot.view,570,0,0,0,0,0,0
Java Logging Rules,class,mct,0.9,0.5,gov.nasa.arc.mct.fastplot.view,570,0,0,0,0,0,0
JavaBean Rules,class,mct,0.9,0.5,gov.nasa.arc.mct.fastplot.view,570,0,0,0,0,0,0
MigratingToJUnit4 Rules,class,mct,0.9,0.5,gov.nasa.arc.mct.fastplot.view,570,0,0,0,0,0,0
Migration Rules,class,mct,0.9,0.5,gov.nasa.arc.mct.fastplot.view,570,0,0,0,0,0,0
Migration13 Rules,class,mct,0.9,0.5,gov.nasa.arc.mct.fastplot.view,570,0,0,0,0,0,0
Migration14 Rules,class,mct,0.9,0.5,gov.nasa.arc.mct.fastplot.view,570,0,0,0,0,0,0
Migration15 Rules,class,mct,0.9,0.5,gov.nasa.arc.mct.fastplot.view,570,0,0,0,0,0,0
Naming Rules,class,mct,0.9,0.5,gov.nasa.arc.mct.fastplot.view,570,0,0,0,0,0,0
Optimization Rules,class,mct,0.9,0.5,gov.nasa.arc.mct.fastplot.view,570,0,0,0,0,0,0
Security Code Guideline Rules,class,mct,0.9,0.5,gov.nasa.arc.mct.fastplot.view,570,0,0,0,0,0,0
Strict Exception Rules,class,mct,0.9,0.5,gov.nasa.arc.mct.fastplot.view,570,0,0,0,0,0,0
String and StringBuffer Rules,class,mct,0.9,0.5,gov.nasa.arc.mct.fastplot.view,570,0,0,0,0,0,0
Type Resolution Rules,class,mct,0.9,0.5,gov.nasa.arc.mct.fastplot.view,570,0,0,0,0,0,0
Unnecessary and Unused Code Rules,class,mct,0.9,0.5,gov.nasa.arc.mct.fastplot.view,570,0,0,0,0,0,0
Vulnerability Rules,class,mct,0.9,0.5,gov.nasa.arc.mct.fastplot.view,570,0,0,0,0,0,0
CC,class,mct,0.9,0.5,gov.nasa.arc.mct.fastplot.bridge,950,1,1,1,1,1,1
CCL,class,mct,0.9,0.5,gov.nasa.arc.mct.fastplot.bridge,950,1,1,1,1,1,1
CCO,class,mct,0.9,0.5,gov.nasa.arc.mct.fastplot.bridge,950,1,1,1,1,1,1
CI,class,mct,0.9,0.5,gov.nasa.arc.mct.fastplot.bridge,950,1,1,1,1,1,1
CLC,class,mct,0.9,0.5,gov.nasa.arc.mct.fastplot.bridge,950,1,1,1,1,1,1
CLLC,class,mct,0.9,0.5,gov.nasa.arc.mct.fastplot.bridge,950,1,1,1,1,1,1
LDC,class,mct,0.9,0.5,gov.nasa.arc.mct.fastplot.bridge,950,1,1,1,1,1,1
LLDC,class,mct,0.9,0.5,gov.nasa.arc.mct.fastplot.bridge,950,1,1,1,1,1,1
LCOM5,class,mct,0.9,0.5,gov.nasa.arc.mct.fastplot.bridge,950,1,1,1,1,1,1
NL,class,mct,0.9,0.5,gov.nasa.arc.mct.fastplot.bridge,950,1,1,1,0,0,0
NLE,class,mct,0.9,0.5,gov.nasa.arc.mct.fastplot.bridge,950,1,1,1,1,1,1
WMC,class,mct,0.9,0.5,gov.nasa.arc.mct.fastplot.bridge,950,1,1,1,1,1,1
CBO,class,mct,0.9,0.5,gov.nasa.arc.mct.fastplot.bridge,950,1,1,1,1,1,1
CBOI,class,mct,0.9,0.5,gov.nasa.arc.mct.fastplot.bridge,950,1,1,1,1,1,1
NII,class,mct,0.9,0.5,gov.nasa.arc.mct.fastplot.bridge,950,1,1,1,1,1,1
NOI,class,mct,0.9,0.5,gov.nasa.arc.mct.fastplot.bridge,950,1,1,1,1,1,1
RFC,class,mct,0.9,0.5,gov.nasa.arc.mct.fastplot.bridge,950,1,1,1,1,1,1
AD,class,mct,0.9,0.5,gov.nasa.arc.mct.fastplot.bridge,950,1,1,1,1,1,1
CD,class,mct,0.9,0.5,gov.nasa.arc.mct.fastplot.bridge,950,1,1,1,1,1,1
CLOC,class,mct,0.9,0.5,gov.nasa.arc.mct.fastplot.bridge,950,1,1,1,1,1,1
DLOC,class,mct,0.9,0.5,gov.nasa.arc.mct.fastplot.bridge,950,1,1,1,1,1,1
PDA,class,mct,0.9,0.5,gov.nasa.arc.mct.fastplot.bridge,950,1,1,1,1,1,1
PUA,class,mct,0.9,0.5,gov.nasa.arc.mct.fastplot.bridge,950,1,1,1,1,1,1
TCD,class,mct,0.9,0.5,gov.nasa.arc.mct.fastplot.bridge,950,1,1,1,1,1,1
TCLOC,class,mct,0.9,0.5,gov.nasa.arc.mct.fastplot.bridge,950,1,1,1,1,1,1
DIT,class,mct,0.9,0.5,gov.nasa.arc.mct.fastplot.bridge,950,1,1,1,1,1,1
NOA,class,mct,0.9,0.5,gov.nasa.arc.mct.fastplot.bridge,950,1,1,1,1,1,1
NOC,class,mct,0.9,0.5,gov.nasa.arc.mct.fastplot.bridge,950,1,1,1,1,1,1
NOD,class,mct,0.9,0.5,gov.nasa.arc.mct.fastplot.bridge,950,1,1,1,1,1,1
NOP,class,mct,0.9,0.5,gov.nasa.arc.mct.fastplot.bridge,950,1,1,1,1,1,1
LLOC,class,mct,0.9,0.5,gov.nasa.arc.mct.fastplot.bridge,950,1,1,1,1,1,1
LOC,class,mct,0.9,0.5,gov.nasa.arc.mct.fastplot.bridge,950,1,1,1,1,1,1
NA,class,mct,0.9,0.5,gov.nasa.arc.mct.fastplot.bridge,950,1,1,1,1,1,1
NG,class,mct,0.9,0.5,gov.nasa.arc.mct.fastplot.bridge,950,1,1,1,1,1,1
NLA,class,mct,0.9,0.5,gov.nasa.arc.mct.fastplot.bridge,950,1,1,1,1,1,1
NLG,class,mct,0.9,0.5,gov.nasa.arc.mct.fastplot.bridge,950,1,1,1,1,1,1
NLM,class,mct,0.9,0.5,gov.nasa.arc.mct.fastplot.bridge,950,1,1,1,1,1,1
NLPA,class,mct,0.9,0.5,gov.nasa.arc.mct.fastplot.bridge,950,1,1,1,1,1,1
NLPM,class,mct,0.9,0.5,gov.nasa.arc.mct.fastplot.bridge,950,1,1,1,1,1,1
NLS,class,mct,0.9,0.5,gov.nasa.arc.mct.fastplot.bridge,950,1,1,1,1,1,1
NM,class,mct,0.9,0.5,gov.nasa.arc.mct.fastplot.bridge,950,1,1,1,1,1,1
NOS,class,mct,0.9,0.5,gov.nasa.arc.mct.fastplot.bridge,950,1,1,1,1,1,1
NPA,class,mct,0.9,0.5,gov.nasa.arc.mct.fastplot.bridge,950,1,1,1,1,1,1
NPM,class,mct,0.9,0.5,gov.nasa.arc.mct.fastplot.bridge,950,1,1,1,1,1,1
NS,class,mct,0.9,0.5,gov.nasa.arc.mct.fastplot.bridge,950,1,1,1,1,1,1
TLLOC,class,mct,0.9,0.5,gov.nasa.arc.mct.fastplot.bridge,950,1,1,1,1,1,1
TLOC,class,mct,0.9,0.5,gov.nasa.arc.mct.fastplot.bridge,950,1,1,1,1,1,1
TNA,class,mct,0.9,0.5,gov.nasa.arc.mct.fastplot.bridge,950,0,0,0,0,0,0
TNG,class,mct,0.9,0.5,gov.nasa.arc.mct.fastplot.bridge,950,0,0,0,0,0,0
TNLA,class,mct,0.9,0.5,gov.nasa.arc.mct.fastplot.bridge,950,0,0,0,0,0,0
TNLG,class,mct,0.9,0.5,gov.nasa.arc.mct.fastplot.bridge,950,0,0,0,0,0,0
TNLM,class,mct,0.9,0.5,gov.nasa.arc.mct.fastplot.bridge,950,0,0,0,0,0,0
TNLPA,class,mct,0.9,0.5,gov.nasa.arc.mct.fastplot.bridge,950,0,0,0,0,0,0
TNLPM,class,mct,0.9,0.5,gov.nasa.arc.mct.fastplot.bridge,950,0,0,0,0,0,0
TNLS,class,mct,0.9,0.5,gov.nasa.arc.mct.fastplot.bridge,950,0,0,0,0,0,0
TNM,class,mct,0.9,0.5,gov.nasa.arc.mct.fastplot.bridge,950,0,0,0,0,0,0
TNOS,class,mct,0.9,0.5,gov.nasa.arc.mct.fastplot.bridge,950,0,0,0,0,0,0
TNPA,class,mct,0.9,0.5,gov.nasa.arc.mct.fastplot.bridge,950,0,0,0,0,0,0
TNPM,class,mct,0.9,0.5,gov.nasa.arc.mct.fastplot.bridge,950,0,0,0,0,0,0
TNS,class,mct,0.9,0.5,gov.nasa.arc.mct.fastplot.bridge,950,0,0,0,0,0,0
WarningBlocker,class,mct,0.9,0.5,gov.nasa.arc.mct.fastplot.bridge,950,0,0,0,0,0,0
WarningCritical,class,mct,0.9,0.5,gov.nasa.arc.mct.fastplot.bridge,950,0,0,0,0,0,0
WarningInfo,class,mct,0.9,0.5,gov.nasa.arc.mct.fastplot.bridge,950,0,0,0,0,0,0
WarningMajor,class,mct,0.9,0.5,gov.nasa.arc.mct.fastplot.bridge,950,0,0,0,0,0,0
WarningMinor,class,mct,0.9,0.5,gov.nasa.arc.mct.fastplot.bridge,950,0,0,0,0,0,0
Android Rules,class,mct,0.9,0.5,gov.nasa.arc.mct.fastplot.bridge,950,0,0,0,0,0,0
Basic Rules,class,mct,0.9,0.5,gov.nasa.arc.mct.fastplot.bridge,950,0,0,0,0,0,0
Brace Rules,class,mct,0.9,0.5,gov.nasa.arc.mct.fastplot.bridge,950,0,0,0,0,0,0
Clone Implementation Rules,class,mct,0.9,0.5,gov.nasa.arc.mct.fastplot.bridge,950,0,0,0,0,0,0
Code Size Rules,class,mct,0.9,0.5,gov.nasa.arc.mct.fastplot.bridge,950,0,0,0,0,0,0
Comment Rules,class,mct,0.9,0.5,gov.nasa.arc.mct.fastplot.bridge,950,0,0,0,0,0,0
Controversial Rules,class,mct,0.9,0.5,gov.nasa.arc.mct.fastplot.bridge,950,0,0,0,0,0,0
Coupling Rules,class,mct,0.9,0.5,gov.nasa.arc.mct.fastplot.bridge,950,0,0,0,0,0,0
Design Rules,class,mct,0.9,0.5,gov.nasa.arc.mct.fastplot.bridge,950,0,0,0,0,0,0
Empty Code Rules,class,mct,0.9,0.5,gov.nasa.arc.mct.fastplot.bridge,950,0,0,0,0,0,0
Finalizer Rules,class,mct,0.9,0.5,gov.nasa.arc.mct.fastplot.bridge,950,0,0,0,0,0,0
Import Statement Rules,class,mct,0.9,0.5,gov.nasa.arc.mct.fastplot.bridge,950,0,0,0,0,0,0
J2EE Rules,class,mct,0.9,0.5,gov.nasa.arc.mct.fastplot.bridge,950,0,0,0,0,0,0
JUnit Rules,class,mct,0.9,0.5,gov.nasa.arc.mct.fastplot.bridge,950,0,0,0,0,0,0
Jakarta Commons Logging Rules,class,mct,0.9,0.5,gov.nasa.arc.mct.fastplot.bridge,950,0,0,0,0,0,0
Java Logging Rules,class,mct,0.9,0.5,gov.nasa.arc.mct.fastplot.bridge,950,0,0,0,0,0,0
JavaBean Rules,class,mct,0.9,0.5,gov.nasa.arc.mct.fastplot.bridge,950,0,0,0,0,0,0
MigratingToJUnit4 Rules,class,mct,0.9,0.5,gov.nasa.arc.mct.fastplot.bridge,950,0,0,0,0,0,0
Migration Rules,class,mct,0.9,0.5,gov.nasa.arc.mct.fastplot.bridge,950,0,0,0,0,0,0
Migration13 Rules,class,mct,0.9,0.5,gov.nasa.arc.mct.fastplot.bridge,950,0,0,0,0,0,0
Migration14 Rules,class,mct,0.9,0.5,gov.nasa.arc.mct.fastplot.bridge,950,0,0,0,0,0,0
Migration15 Rules,class,mct,0.9,0.5,gov.nasa.arc.mct.fastplot.bridge,950,0,0,0,0,0,0
Naming Rules,class,mct,0.9,0.5,gov.nasa.arc.mct.fastplot.bridge,950,0,0,0,0,0,0
Optimization Rules,class,mct,0.9,0.5,gov.nasa.arc.mct.fastplot.bridge,950,0,0,0,0,0,0
Security Code Guideline Rules,class,mct,0.9,0.5,gov.nasa.arc.mct.fastplot.bridge,950,0,0,0,0,0,0
Strict Exception Rules,class,mct,0.9,0.5,gov.nasa.arc.mct.fastplot.bridge,950,0,0,0,0,0,0
String and StringBuffer Rules,class,mct,0.9,0.5,gov.nasa.arc.mct.fastplot.bridge,950,0,0,0,0,0,0
Type Resolution Rules,class,mct,0.9,0.5,gov.nasa.arc.mct.fastplot.bridge,950,0,0,0,0,0,0
Unnecessary and Unused Code Rules,class,mct,0.9,0.5,gov.nasa.arc.mct.fastplot.bridge,950,0,0,0,0,0,0
Vulnerability Rules,class,mct,0.9,0.5,gov.nasa.arc.mct.fastplot.bridge,950,0,0,0,0,0,0
CC,class,mct,0.9,0.5,gov.nasa.arc.mct.fastplot.scatter,760,1,1,1,1,1,1
CCL,class,mct,0.9,0.5,gov.nasa.arc.mct.fastplot.scatter,760,1,1,1,1,1,1
CCO,class,mct,0.9,0.5,gov.nasa.arc.mct.fastplot.scatter,760,1,1,1,1,1,1
CI,class,mct,0.9,0.5,gov.nasa.arc.mct.fastplot.scatter,760,1,1,1,1,1,1
CLC,class,mct,0.9,0.5,gov.nasa.arc.mct.fastplot.scatter,760,1,1,1,1,1,1
CLLC,class,mct,0.9,0.5,gov.nasa.arc.mct.fastplot.scatter,760,1,1,1,1,1,1
LDC,class,mct,0.9,0.5,gov.nasa.arc.mct.fastplot.scatter,760,1,1,1,1,1,1
LLDC,class,mct,0.9,0.5,gov.nasa.arc.mct.fastplot.scatter,760,1,1,1,1,1,1
LCOM5,class,mct,0.9,0.5,gov.nasa.arc.mct.fastplot.scatter,760,1,1,1,1,1,1
NL,class,mct,0.9,0.5,gov.nasa.arc.mct.fastplot.scatter,760,0,0,0,1,1,1
NLE,class,mct,0.9,0.5,gov.nasa.arc.mct.fastplot.scatter,760,0,0,0,1,1,1
WMC,class,mct,0.9,0.5,gov.nasa.arc.mct.fastplot.scatter,760,1,1,1,1,1,1
CBO,class,mct,0.9,0.5,gov.nasa.arc.mct.fastplot.scatter,760,1,1,1,1,1,1
CBOI,class,mct,0.9,0.5,gov.nasa.arc.mct.fastplot.scatter,760,0,0,0,1,1,1
NII,class,mct,0.9,0.5,gov.nasa.arc.mct.fastplot.scatter,760,0,0,0,1,1,1
NOI,class,mct,0.9,0.5,gov.nasa.arc.mct.fastplot.scatter,760,0,0,0,1,1,1
RFC,class,mct,0.9,0.5,gov.nasa.arc.mct.fastplot.scatter,760,1,1,1,1,1,1
AD,class,mct,0.9,0.5,gov.nasa.arc.mct.fastplot.scatter,760,0,0,0,1,1,1
CD,class,mct,0.9,0.5,gov.nasa.arc.mct.fastplot.scatter,760,1,1,1,1,1,1
CLOC,class,mct,0.9,0.5,gov.nasa.arc.mct.fastplot.scatter,760,1,1,1,1,1,1
DLOC,class,mct,0.9,0.5,gov.nasa.arc.mct.fastplot.scatter,760,0,0,0,1,1,1
PDA,class,mct,0.9,0.5,gov.nasa.arc.mct.fastplot.scatter,760,0,0,0,1,1,1
PUA,class,mct,0.9,0.5,gov.nasa.arc.mct.fastplot.scatter,760,1,1,1,1,1,1
TCD,class,mct,0.9,0.5,gov.nasa.arc.mct.fastplot.scatter,760,1,1,1,1,1,1
TCLOC,class,mct,0.9,0.5,gov.nasa.arc.mct.fastplot.scatter,760,1,1,1,1,1,1
DIT,class,mct,0.9,0.5,gov.nasa.arc.mct.fastplot.scatter,760,1,1,1,1,1,1
NOA,class,mct,0.9,0.5,gov.nasa.arc.mct.fastplot.scatter,760,1,1,1,1,1,1
NOC,class,mct,0.9,0.5,gov.nasa.arc.mct.fastplot.scatter,760,0,0,0,1,1,1
NOD,class,mct,0.9,0.5,gov.nasa.arc.mct.fastplot.scatter,760,0,0,0,1,1,1
NOP,class,mct,0.9,0.5,gov.nasa.arc.mct.fastplot.scatter,760,1,1,1,1,1,1
LLOC,class,mct,0.9,0.5,gov.nasa.arc.mct.fastplot.scatter,760,1,1,1,1,1,1
LOC,class,mct,0.9,0.5,gov.nasa.arc.mct.fastplot.scatter,760,1,1,1,1,1,1
NA,class,mct,0.9,0.5,gov.nasa.arc.mct.fastplot.scatter,760,1,1,1,1,1,1
NG,class,mct,0.9,0.5,gov.nasa.arc.mct.fastplot.scatter,760,1,1,1,1,1,1
NLA,class,mct,0.9,0.5,gov.nasa.arc.mct.fastplot.scatter,760,1,1,1,1,1,1
NLG,class,mct,0.9,0.5,gov.nasa.arc.mct.fastplot.scatter,760,1,1,1,1,1,1
NLM,class,mct,0.9,0.5,gov.nasa.arc.mct.fastplot.scatter,760,1,1,1,1,1,1
NLPA,class,mct,0.9,0.5,gov.nasa.arc.mct.fastplot.scatter,760,0,0,0,1,1,1
NLPM,class,mct,0.9,0.5,gov.nasa.arc.mct.fastplot.scatter,760,1,1,1,1,1,1
NLS,class,mct,0.9,0.5,gov.nasa.arc.mct.fastplot.scatter,760,1,1,1,1,1,1
NM,class,mct,0.9,0.5,gov.nasa.arc.mct.fastplot.scatter,760,1,1,1,1,1,1
NOS,class,mct,0.9,0.5,gov.nasa.arc.mct.fastplot.scatter,760,1,1,1,1,1,1
NPA,class,mct,0.9,0.5,gov.nasa.arc.mct.fastplot.scatter,760,0,0,0,1,1,1
NPM,class,mct,0.9,0.5,gov.nasa.arc.mct.fastplot.scatter,760,1,1,1,1,1,1
NS,class,mct,0.9,0.5,gov.nasa.arc.mct.fastplot.scatter,760,1,1,1,1,1,1
TLLOC,class,mct,0.9,0.5,gov.nasa.arc.mct.fastplot.scatter,760,1,1,1,1,1,1
TLOC,class,mct,0.9,0.5,gov.nasa.arc.mct.fastplot.scatter,760,1,1,1,1,1,1
TNA,class,mct,0.9,0.5,gov.nasa.arc.mct.fastplot.scatter,760,0,0,0,0,0,0
TNG,class,mct,0.9,0.5,gov.nasa.arc.mct.fastplot.scatter,760,0,0,0,0,0,0
TNLA,class,mct,0.9,0.5,gov.nasa.arc.mct.fastplot.scatter,760,0,0,0,0,0,0
TNLG,class,mct,0.9,0.5,gov.nasa.arc.mct.fastplot.scatter,760,0,0,0,0,0,0
TNLM,class,mct,0.9,0.5,gov.nasa.arc.mct.fastplot.scatter,760,0,0,0,0,0,0
TNLPA,class,mct,0.9,0.5,gov.nasa.arc.mct.fastplot.scatter,760,0,0,0,0,0,0
TNLPM,class,mct,0.9,0.5,gov.nasa.arc.mct.fastplot.scatter,760,0,0,0,0,0,0
TNLS,class,mct,0.9,0.5,gov.nasa.arc.mct.fastplot.scatter,760,0,0,0,0,0,0
TNM,class,mct,0.9,0.5,gov.nasa.arc.mct.fastplot.scatter,760,0,0,0,0,0,0
TNOS,class,mct,0.9,0.5,gov.nasa.arc.mct.fastplot.scatter,760,0,0,0,0,0,0
TNPA,class,mct,0.9,0.5,gov.nasa.arc.mct.fastplot.scatter,760,0,0,0,0,0,0
TNPM,class,mct,0.9,0.5,gov.nasa.arc.mct.fastplot.scatter,760,0,0,0,0,0,0
TNS,class,mct,0.9,0.5,gov.nasa.arc.mct.fastplot.scatter,760,0,0,0,0,0,0
WarningBlocker,class,mct,0.9,0.5,gov.nasa.arc.mct.fastplot.scatter,760,0,0,0,0,0,0
WarningCritical,class,mct,0.9,0.5,gov.nasa.arc.mct.fastplot.scatter,760,0,0,0,0,0,0
WarningInfo,class,mct,0.9,0.5,gov.nasa.arc.mct.fastplot.scatter,760,0,0,0,0,0,0
WarningMajor,class,mct,0.9,0.5,gov.nasa.arc.mct.fastplot.scatter,760,0,0,0,0,0,0
WarningMinor,class,mct,0.9,0.5,gov.nasa.arc.mct.fastplot.scatter,760,0,0,0,0,0,0
Android Rules,class,mct,0.9,0.5,gov.nasa.arc.mct.fastplot.scatter,760,0,0,0,0,0,0
Basic Rules,class,mct,0.9,0.5,gov.nasa.arc.mct.fastplot.scatter,760,0,0,0,0,0,0
Brace Rules,class,mct,0.9,0.5,gov.nasa.arc.mct.fastplot.scatter,760,0,0,0,0,0,0
Clone Implementation Rules,class,mct,0.9,0.5,gov.nasa.arc.mct.fastplot.scatter,760,0,0,0,0,0,0
Code Size Rules,class,mct,0.9,0.5,gov.nasa.arc.mct.fastplot.scatter,760,0,0,0,0,0,0
Comment Rules,class,mct,0.9,0.5,gov.nasa.arc.mct.fastplot.scatter,760,0,0,0,0,0,0
Controversial Rules,class,mct,0.9,0.5,gov.nasa.arc.mct.fastplot.scatter,760,0,0,0,0,0,0
Coupling Rules,class,mct,0.9,0.5,gov.nasa.arc.mct.fastplot.scatter,760,0,0,0,0,0,0
Design Rules,class,mct,0.9,0.5,gov.nasa.arc.mct.fastplot.scatter,760,0,0,0,0,0,0
Empty Code Rules,class,mct,0.9,0.5,gov.nasa.arc.mct.fastplot.scatter,760,0,0,0,0,0,0
Finalizer Rules,class,mct,0.9,0.5,gov.nasa.arc.mct.fastplot.scatter,760,0,0,0,0,0,0
Import Statement Rules,class,mct,0.9,0.5,gov.nasa.arc.mct.fastplot.scatter,760,0,0,0,0,0,0
J2EE Rules,class,mct,0.9,0.5,gov.nasa.arc.mct.fastplot.scatter,760,0,0,0,0,0,0
JUnit Rules,class,mct,0.9,0.5,gov.nasa.arc.mct.fastplot.scatter,760,0,0,0,0,0,0
Jakarta Commons Logging Rules,class,mct,0.9,0.5,gov.nasa.arc.mct.fastplot.scatter,760,0,0,0,0,0,0
Java Logging Rules,class,mct,0.9,0.5,gov.nasa.arc.mct.fastplot.scatter,760,0,0,0,0,0,0
JavaBean Rules,class,mct,0.9,0.5,gov.nasa.arc.mct.fastplot.scatter,760,0,0,0,0,0,0
MigratingToJUnit4 Rules,class,mct,0.9,0.5,gov.nasa.arc.mct.fastplot.scatter,760,0,0,0,0,0,0
Migration Rules,class,mct,0.9,0.5,gov.nasa.arc.mct.fastplot.scatter,760,0,0,0,0,0,0
Migration13 Rules,class,mct,0.9,0.5,gov.nasa.arc.mct.fastplot.scatter,760,0,0,0,0,0,0
Migration14 Rules,class,mct,0.9,0.5,gov.nasa.arc.mct.fastplot.scatter,760,0,0,0,0,0,0
Migration15 Rules,class,mct,0.9,0.5,gov.nasa.arc.mct.fastplot.scatter,760,0,0,0,0,0,0
Naming Rules,class,mct,0.9,0.5,gov.nasa.arc.mct.fastplot.scatter,760,0,0,0,0,0,0
Optimization Rules,class,mct,0.9,0.5,gov.nasa.arc.mct.fastplot.scatter,760,0,0,0,0,0,0
Security Code Guideline Rules,class,mct,0.9,0.5,gov.nasa.arc.mct.fastplot.scatter,760,0,0,0,0,0,0
Strict Exception Rules,class,mct,0.9,0.5,gov.nasa.arc.mct.fastplot.scatter,760,0,0,0,0,0,0
String and StringBuffer Rules,class,mct,0.9,0.5,gov.nasa.arc.mct.fastplot.scatter,760,0,0,0,0,0,0
Type Resolution Rules,class,mct,0.9,0.5,gov.nasa.arc.mct.fastplot.scatter,760,0,0,0,0,0,0
Unnecessary and Unused Code Rules,class,mct,0.9,0.5,gov.nasa.arc.mct.fastplot.scatter,760,0,0,0,0,0,0
Vulnerability Rules,class,mct,0.9,0.5,gov.nasa.arc.mct.fastplot.scatter,760,0,0,0,0,0,0
CC,class,mct,0.9,0.5,org.acme.example.view,380,0,0,0,1,1,1
CCL,class,mct,0.9,0.5,org.acme.example.view,380,0,0,0,1,1,1
CCO,class,mct,0.9,0.5,org.acme.example.view,380,0,0,0,1,1,1
CI,class,mct,0.9,0.5,org.acme.example.view,380,0,0,0,1,1,1
CLC,class,mct,0.9,0.5,org.acme.example.view,380,0,0,0,1,1,1
CLLC,class,mct,0.9,0.5,org.acme.example.view,380,0,0,0,1,1,1
LDC,class,mct,0.9,0.5,org.acme.example.view,380,0,0,0,1,1,1
LLDC,class,mct,0.9,0.5,org.acme.example.view,380,0,0,0,1,1,1
LCOM5,class,mct,0.9,0.5,org.acme.example.view,380,0,0,0,1,1,1
NL,class,mct,0.9,0.5,org.acme.example.view,380,1,1,1,1,1,1
NLE,class,mct,0.9,0.5,org.acme.example.view,380,1,1,1,1,1,1
WMC,class,mct,0.9,0.5,org.acme.example.view,380,1,1,1,1,1,1
CBO,class,mct,0.9,0.5,org.acme.example.view,380,1,1,1,1,1,1
CBOI,class,mct,0.9,0.5,org.acme.example.view,380,0,0,0,1,1,1
NII,class,mct,0.9,0.5,org.acme.example.view,380,1,1,1,1,1,1
NOI,class,mct,0.9,0.5,org.acme.example.view,380,1,1,1,1,1,1
RFC,class,mct,0.9,0.5,org.acme.example.view,380,1,1,1,1,1,1
AD,class,mct,0.9,0.5,org.acme.example.view,380,1,1,1,1,1,1
CD,class,mct,0.9,0.5,org.acme.example.view,380,1,1,1,1,1,1
CLOC,class,mct,0.9,0.5,org.acme.example.view,380,1,1,1,1,1,1
DLOC,class,mct,0.9,0.5,org.acme.example.view,380,1,1,1,1,1,1
PDA,class,mct,0.9,0.5,org.acme.example.view,380,1,1,1,1,1,1
PUA,class,mct,0.9,0.5,org.acme.example.view,380,1,1,1,1,1,1
TCD,class,mct,0.9,0.5,org.acme.example.view,380,1,1,1,1,1,1
TCLOC,class,mct,0.9,0.5,org.acme.example.view,380,1,1,1,1,1,1
DIT,class,mct,0.9,0.5,org.acme.example.view,380,1,1,1,1,1,1
NOA,class,mct,0.9,0.5,org.acme.example.view,380,1,1,1,1,1,1
NOC,class,mct,0.9,0.5,org.acme.example.view,380,0,0,0,1,1,1
NOD,class,mct,0.9,0.5,org.acme.example.view,380,0,0,0,1,1,1
NOP,class,mct,0.9,0.5,org.acme.example.view,380,1,1,1,1,1,1
LLOC,class,mct,0.9,0.5,org.acme.example.view,380,1,1,1,1,1,1
LOC,class,mct,0.9,0.5,org.acme.example.view,380,1,1,1,1,1,1
NA,class,mct,0.9,0.5,org.acme.example.view,380,1,1,1,1,1,1
NG,class,mct,0.9,0.5,org.acme.example.view,380,1,1,1,1,1,1
NLA,class,mct,0.9,0.5,org.acme.example.view,380,1,1,1,1,1,1
NLG,class,mct,0.9,0.5,org.acme.example.view,380,1,1,1,1,1,1
NLM,class,mct,0.9,0.5,org.acme.example.view,380,1,1,1,1,1,1
NLPA,class,mct,0.9,0.5,org.acme.example.view,380,0,0,0,1,1,1
NLPM,class,mct,0.9,0.5,org.acme.example.view,380,0,0,0,1,1,1
NLS,class,mct,0.9,0.5,org.acme.example.view,380,1,1,1,1,1,1
NM,class,mct,0.9,0.5,org.acme.example.view,380,1,1,1,1,1,1
NOS,class,mct,0.9,0.5,org.acme.example.view,380,1,1,1,1,1,1
NPA,class,mct,0.9,0.5,org.acme.example.view,380,1,1,1,1,1,1
NPM,class,mct,0.9,0.5,org.acme.example.view,380,1,1,1,1,1,1
NS,class,mct,0.9,0.5,org.acme.example.view,380,1,1,1,1,1,1
TLLOC,class,mct,0.9,0.5,org.acme.example.view,380,1,1,1,1,1,1
TLOC,class,mct,0.9,0.5,org.acme.example.view,380,1,1,1,1,1,1
TNA,class,mct,0.9,0.5,org.acme.example.view,380,0,0,0,0,0,0
TNG,class,mct,0.9,0.5,org.acme.example.view,380,0,0,0,0,0,0
TNLA,class,mct,0.9,0.5,org.acme.example.view,380,0,0,0,0,0,0
TNLG,class,mct,0.9,0.5,org.acme.example.view,380,0,0,0,0,0,0
TNLM,class,mct,0.9,0.5,org.acme.example.view,380,0,0,0,0,0,0
TNLPA,class,mct,0.9,0.5,org.acme.example.view,380,0,0,0,0,0,0
TNLPM,class,mct,0.9,0.5,org.acme.example.view,380,0,0,0,0,0,0
TNLS,class,mct,0.9,0.5,org.acme.example.view,380,0,0,0,0,0,0
TNM,class,mct,0.9,0.5,org.acme.example.view,380,0,0,0,0,0,0
TNOS,class,mct,0.9,0.5,org.acme.example.view,380,0,0,0,0,0,0
TNPA,class,mct,0.9,0.5,org.acme.example.view,380,0,0,0,0,0,0
TNPM,class,mct,0.9,0.5,org.acme.example.view,380,0,0,0,0,0,0
TNS,class,mct,0.9,0.5,org.acme.example.view,380,0,0,0,0,0,0
WarningBlocker,class,mct,0.9,0.5,org.acme.example.view,380,0,0,0,0,0,0
WarningCritical,class,mct,0.9,0.5,org.acme.example.view,380,0,0,0,0,0,0
WarningInfo,class,mct,0.9,0.5,org.acme.example.view,380,0,0,0,0,0,0
WarningMajor,class,mct,0.9,0.5,org.acme.example.view,380,0,0,0,0,0,0
WarningMinor,class,mct,0.9,0.5,org.acme.example.view,380,0,0,0,0,0,0
Android Rules,class,mct,0.9,0.5,org.acme.example.view,380,0,0,0,0,0,0
Basic Rules,class,mct,0.9,0.5,org.acme.example.view,380,0,0,0,0,0,0
Brace Rules,class,mct,0.9,0.5,org.acme.example.view,380,0,0,0,0,0,0
Clone Implementation Rules,class,mct,0.9,0.5,org.acme.example.view,380,0,0,0,0,0,0
Code Size Rules,class,mct,0.9,0.5,org.acme.example.view,380,0,0,0,0,0,0
Comment Rules,class,mct,0.9,0.5,org.acme.example.view,380,0,0,0,0,0,0
Controversial Rules,class,mct,0.9,0.5,org.acme.example.view,380,0,0,0,0,0,0
Coupling Rules,class,mct,0.9,0.5,org.acme.example.view,380,0,0,0,0,0,0
Design Rules,class,mct,0.9,0.5,org.acme.example.view,380,0,0,0,0,0,0
Empty Code Rules,class,mct,0.9,0.5,org.acme.example.view,380,0,0,0,0,0,0
Finalizer Rules,class,mct,0.9,0.5,org.acme.example.view,380,0,0,0,0,0,0
Import Statement Rules,class,mct,0.9,0.5,org.acme.example.view,380,0,0,0,0,0,0
J2EE Rules,class,mct,0.9,0.5,org.acme.example.view,380,0,0,0,0,0,0
JUnit Rules,class,mct,0.9,0.5,org.acme.example.view,380,0,0,0,0,0,0
Jakarta Commons Logging Rules,class,mct,0.9,0.5,org.acme.example.view,380,0,0,0,0,0,0
Java Logging Rules,class,mct,0.9,0.5,org.acme.example.view,380,0,0,0,0,0,0
JavaBean Rules,class,mct,0.9,0.5,org.acme.example.view,380,0,0,0,0,0,0
MigratingToJUnit4 Rules,class,mct,0.9,0.5,org.acme.example.view,380,0,0,0,0,0,0
Migration Rules,class,mct,0.9,0.5,org.acme.example.view,380,0,0,0,0,0,0
Migration13 Rules,class,mct,0.9,0.5,org.acme.example.view,380,0,0,0,0,0,0
Migration14 Rules,class,mct,0.9,0.5,org.acme.example.view,380,0,0,0,0,0,0
Migration15 Rules,class,mct,0.9,0.5,org.acme.example.view,380,0,0,0,0,0,0
Naming Rules,class,mct,0.9,0.5,org.acme.example.view,380,0,0,0,0,0,0
Optimization Rules,class,mct,0.9,0.5,org.acme.example.view,380,0,0,0,0,0,0
Security Code Guideline Rules,class,mct,0.9,0.5,org.acme.example.view,380,0,0,0,0,0,0
Strict Exception Rules,class,mct,0.9,0.5,org.acme.example.view,380,0,0,0,0,0,0
String and StringBuffer Rules,class,mct,0.9,0.5,org.acme.example.view,380,0,0,0,0,0,0
Type Resolution Rules,class,mct,0.9,0.5,org.acme.example.view,380,0,0,0,0,0,0
Unnecessary and Unused Code Rules,class,mct,0.9,0.5,org.acme.example.view,380,0,0,0,0,0,0
Vulnerability Rules,class,mct,0.9,0.5,org.acme.example.view,380,0,0,0,0,0,0
CC,class,mct,0.9,0.5,gov.nasa.arc.mct.identitymgr.impl,190,0,0,0,1,1,1
CCL,class,mct,0.9,0.5,gov.nasa.arc.mct.identitymgr.impl,190,0,0,0,1,1,1
CCO,class,mct,0.9,0.5,gov.nasa.arc.mct.identitymgr.impl,190,0,0,0,1,1,1
CI,class,mct,0.9,0.5,gov.nasa.arc.mct.identitymgr.impl,190,0,0,0,1,1,1
CLC,class,mct,0.9,0.5,gov.nasa.arc.mct.identitymgr.impl,190,0,0,0,1,1,1
CLLC,class,mct,0.9,0.5,gov.nasa.arc.mct.identitymgr.impl,190,0,0,0,1,1,1
LDC,class,mct,0.9,0.5,gov.nasa.arc.mct.identitymgr.impl,190,0,0,0,1,1,1
LLDC,class,mct,0.9,0.5,gov.nasa.arc.mct.identitymgr.impl,190,0,0,0,1,1,1
LCOM5,class,mct,0.9,0.5,gov.nasa.arc.mct.identitymgr.impl,190,1,1,1,1,1,1
NL,class,mct,0.9,0.5,gov.nasa.arc.mct.identitymgr.impl,190,1,1,1,1,1,1
NLE,class,mct,0.9,0.5,gov.nasa.arc.mct.identitymgr.impl,190,1,1,1,1,1,1
WMC,class,mct,0.9,0.5,gov.nasa.arc.mct.identitymgr.impl,190,1,1,1,1,1,1
CBO,class,mct,0.9,0.5,gov.nasa.arc.mct.identitymgr.impl,190,0,0,0,1,1,1
CBOI,class,mct,0.9,0.5,gov.nasa.arc.mct.identitymgr.impl,190,0,0,0,1,1,1
NII,class,mct,0.9,0.5,gov.nasa.arc.mct.identitymgr.impl,190,0,0,0,1,1,1
NOI,class,mct,0.9,0.5,gov.nasa.arc.mct.identitymgr.impl,190,1,1,1,1,1,1
RFC,class,mct,0.9,0.5,gov.nasa.arc.mct.identitymgr.impl,190,1,1,1,1,1,1
AD,class,mct,0.9,0.5,gov.nasa.arc.mct.identitymgr.impl,190,1,1,1,1,1,1
CD,class,mct,0.9,0.5,gov.nasa.arc.mct.identitymgr.impl,190,1,1,1,1,1,1
CLOC,class,mct,0.9,0.5,gov.nasa.arc.mct.identitymgr.impl,190,0,0,0,1,1,1
DLOC,class,mct,0.9,0.5,gov.nasa.arc.mct.identitymgr.impl,190,0,0,0,1,1,1
PDA,class,mct,0.9,0.5,gov.nasa.arc.mct.identitymgr.impl,190,0,0,0,1,1,1
PUA,class,mct,0.9,0.5,gov.nasa.arc.mct.identitymgr.impl,190,1,1,1,1,1,1
TCD,class,mct,0.9,0.5,gov.nasa.arc.mct.identitymgr.impl,190,1,1,1,1,1,1
TCLOC,class,mct,0.9,0.5,gov.nasa.arc.mct.identitymgr.impl,190,0,0,0,1,1,1
DIT,class,mct,0.9,0.5,gov.nasa.arc.mct.identitymgr.impl,190,0,0,0,1,1,1
NOA,class,mct,0.9,0.5,gov.nasa.arc.mct.identitymgr.impl,190,0,0,0,1,1,1
NOC,class,mct,0.9,0.5,gov.nasa.arc.mct.identitymgr.impl,190,0,0,0,1,1,1
NOD,class,mct,0.9,0.5,gov.nasa.arc.mct.identitymgr.impl,190,0,0,0,1,1,1
NOP,class,mct,0.9,0.5,gov.nasa.arc.mct.identitymgr.impl,190,0,0,0,1,1,1
LLOC,class,mct,0.9,0.5,gov.nasa.arc.mct.identitymgr.impl,190,1,1,1,1,1,1
LOC,class,mct,0.9,0.5,gov.nasa.arc.mct.identitymgr.impl,190,1,1,1,1,1,1
NA,class,mct,0.9,0.5,gov.nasa.arc.mct.identitymgr.impl,190,1,1,1,1,1,1
NG,class,mct,0.9,0.5,gov.nasa.arc.mct.identitymgr.impl,190,1,1,1,1,1,1
NLA,class,mct,0.9,0.5,gov.nasa.arc.mct.identitymgr.impl,190,1,1,1,1,1,1
NLG,class,mct,0.9,0.5,gov.nasa.arc.mct.identitymgr.impl,190,1,1,1,1,1,1
NLM,class,mct,0.9,0.5,gov.nasa.arc.mct.identitymgr.impl,190,1,1,1,1,1,1
NLPA,class,mct,0.9,0.5,gov.nasa.arc.mct.identitymgr.impl,190,0,0,0,1,1,1
NLPM,class,mct,0.9,0.5,gov.nasa.arc.mct.identitymgr.impl,190,1,1,1,1,1,1
NLS,class,mct,0.9,0.5,gov.nasa.arc.mct.identitymgr.impl,190,0,0,0,1,1,1
NM,class,mct,0.9,0.5,gov.nasa.arc.mct.identitymgr.impl,190,1,1,1,1,1,1
NOS,class,mct,0.9,0.5,gov.nasa.arc.mct.identitymgr.impl,190,1,1,1,1,1,1
NPA,class,mct,0.9,0.5,gov.nasa.arc.mct.identitymgr.impl,190,0,0,0,1,1,1
NPM,class,mct,0.9,0.5,gov.nasa.arc.mct.identitymgr.impl,190,1,1,1,1,1,1
NS,class,mct,0.9,0.5,gov.nasa.arc.mct.identitymgr.impl,190,0,0,0,1,1,1
TLLOC,class,mct,0.9,0.5,gov.nasa.arc.mct.identitymgr.impl,190,1,1,1,1,1,1
TLOC,class,mct,0.9,0.5,gov.nasa.arc.mct.identitymgr.impl,190,1,1,1,1,1,1
TNA,class,mct,0.9,0.5,gov.nasa.arc.mct.identitymgr.impl,190,0,0,0,0,0,0
TNG,class,mct,0.9,0.5,gov.nasa.arc.mct.identitymgr.impl,190,0,0,0,0,0,0
TNLA,class,mct,0.9,0.5,gov.nasa.arc.mct.identitymgr.impl,190,0,0,0,0,0,0
TNLG,class,mct,0.9,0.5,gov.nasa.arc.mct.identitymgr.impl,190,0,0,0,0,0,0
TNLM,class,mct,0.9,0.5,gov.nasa.arc.mct.identitymgr.impl,190,0,0,0,0,0,0
TNLPA,class,mct,0.9,0.5,gov.nasa.arc.mct.identitymgr.impl,190,0,0,0,0,0,0
TNLPM,class,mct,0.9,0.5,gov.nasa.arc.mct.identitymgr.impl,190,0,0,0,0,0,0
TNLS,class,mct,0.9,0.5,gov.nasa.arc.mct.identitymgr.impl,190,0,0,0,0,0,0
TNM,class,mct,0.9,0.5,gov.nasa.arc.mct.identitymgr.impl,190,0,0,0,0,0,0
TNOS,class,mct,0.9,0.5,gov.nasa.arc.mct.identitymgr.impl,190,0,0,0,0,0,0
TNPA,class,mct,0.9,0.5,gov.nasa.arc.mct.identitymgr.impl,190,0,0,0,0,0,0
TNPM,class,mct,0.9,0.5,gov.nasa.arc.mct.identitymgr.impl,190,0,0,0,0,0,0
TNS,class,mct,0.9,0.5,gov.nasa.arc.mct.identitymgr.impl,190,0,0,0,0,0,0
WarningBlocker,class,mct,0.9,0.5,gov.nasa.arc.mct.identitymgr.impl,190,0,0,0,0,0,0
WarningCritical,class,mct,0.9,0.5,gov.nasa.arc.mct.identitymgr.impl,190,0,0,0,0,0,0
WarningInfo,class,mct,0.9,0.5,gov.nasa.arc.mct.identitymgr.impl,190,0,0,0,0,0,0
WarningMajor,class,mct,0.9,0.5,gov.nasa.arc.mct.identitymgr.impl,190,0,0,0,0,0,0
WarningMinor,class,mct,0.9,0.5,gov.nasa.arc.mct.identitymgr.impl,190,0,0,0,0,0,0
Android Rules,class,mct,0.9,0.5,gov.nasa.arc.mct.identitymgr.impl,190,0,0,0,0,0,0
Basic Rules,class,mct,0.9,0.5,gov.nasa.arc.mct.identitymgr.impl,190,0,0,0,0,0,0
Brace Rules,class,mct,0.9,0.5,gov.nasa.arc.mct.identitymgr.impl,190,0,0,0,0,0,0
Clone Implementation Rules,class,mct,0.9,0.5,gov.nasa.arc.mct.identitymgr.impl,190,0,0,0,0,0,0
Code Size Rules,class,mct,0.9,0.5,gov.nasa.arc.mct.identitymgr.impl,190,0,0,0,0,0,0
Comment Rules,class,mct,0.9,0.5,gov.nasa.arc.mct.identitymgr.impl,190,0,0,0,0,0,0
Controversial Rules,class,mct,0.9,0.5,gov.nasa.arc.mct.identitymgr.impl,190,0,0,0,0,0,0
Coupling Rules,class,mct,0.9,0.5,gov.nasa.arc.mct.identitymgr.impl,190,0,0,0,0,0,0
Design Rules,class,mct,0.9,0.5,gov.nasa.arc.mct.identitymgr.impl,190,0,0,0,0,0,0
Empty Code Rules,class,mct,0.9,0.5,gov.nasa.arc.mct.identitymgr.impl,190,0,0,0,0,0,0
Finalizer Rules,class,mct,0.9,0.5,gov.nasa.arc.mct.identitymgr.impl,190,0,0,0,0,0,0
Import Statement Rules,class,mct,0.9,0.5,gov.nasa.arc.mct.identitymgr.impl,190,0,0,0,0,0,0
J2EE Rules,class,mct,0.9,0.5,gov.nasa.arc.mct.identitymgr.impl,190,0,0,0,0,0,0
JUnit Rules,class,mct,0.9,0.5,gov.nasa.arc.mct.identitymgr.impl,190,0,0,0,0,0,0
Jakarta Commons Logging Rules,class,mct,0.9,0.5,gov.nasa.arc.mct.identitymgr.impl,190,0,0,0,0,0,0
Java Logging Rules,class,mct,0.9,0.5,gov.nasa.arc.mct.identitymgr.impl,190,0,0,0,0,0,0
JavaBean Rules,class,mct,0.9,0.5,gov.nasa.arc.mct.identitymgr.impl,190,0,0,0,0,0,0
MigratingToJUnit4 Rules,class,mct,0.9,0.5,gov.nasa.arc.mct.identitymgr.impl,190,0,0,0,0,0,0
Migration Rules,class,mct,0.9,0.5,gov.nasa.arc.mct.identitymgr.impl,190,0,0,0,0,0,0
Migration13 Rules,class,mct,0.9,0.5,gov.nasa.arc.mct.identitymgr.impl,190,0,0,0,0,0,0
Migration14 Rules,class,mct,0.9,0.5,gov.nasa.arc.mct.identitymgr.impl,190,0,0,0,0,0,0
Migration15 Rules,class,mct,0.9,0.5,gov.nasa.arc.mct.identitymgr.impl,190,0,0,0,0,0,0
Naming Rules,class,mct,0.9,0.5,gov.nasa.arc.mct.identitymgr.impl,190,0,0,0,0,0,0
Optimization Rules,class,mct,0.9,0.5,gov.nasa.arc.mct.identitymgr.impl,190,0,0,0,0,0,0
Security Code Guideline Rules,class,mct,0.9,0.5,gov.nasa.arc.mct.identitymgr.impl,190,0,0,0,0,0,0
Strict Exception Rules,class,mct,0.9,0.5,gov.nasa.arc.mct.identitymgr.impl,190,0,0,0,0,0,0
String and StringBuffer Rules,class,mct,0.9,0.5,gov.nasa.arc.mct.identitymgr.impl,190,0,0,0,0,0,0
Type Resolution Rules,class,mct,0.9,0.5,gov.nasa.arc.mct.identitymgr.impl,190,0,0,0,0,0,0
Unnecessary and Unused Code Rules,class,mct,0.9,0.5,gov.nasa.arc.mct.identitymgr.impl,190,0,0,0,0,0,0
Vulnerability Rules,class,mct,0.9,0.5,gov.nasa.arc.mct.identitymgr.impl,190,0,0,0,0,0,0
CC,class,mct,0.9,0.5,gov.nasa.arc.mct.fastplot.settings,570,1,1,1,1,1,1
CCL,class,mct,0.9,0.5,gov.nasa.arc.mct.fastplot.settings,570,1,1,1,1,1,1
CCO,class,mct,0.9,0.5,gov.nasa.arc.mct.fastplot.settings,570,1,1,1,1,1,1
CI,class,mct,0.9,0.5,gov.nasa.arc.mct.fastplot.settings,570,0,0,0,1,1,1
CLC,class,mct,0.9,0.5,gov.nasa.arc.mct.fastplot.settings,570,1,1,1,1,1,1
CLLC,class,mct,0.9,0.5,gov.nasa.arc.mct.fastplot.settings,570,1,1,1,1,1,1
LDC,class,mct,0.9,0.5,gov.nasa.arc.mct.fastplot.settings,570,1,1,1,1,1,1
LLDC,class,mct,0.9,0.5,gov.nasa.arc.mct.fastplot.settings,570,1,1,1,1,1,1
LCOM5,class,mct,0.9,0.5,gov.nasa.arc.mct.fastplot.settings,570,1,1,1,1,1,1
NL,class,mct,0.9,0.5,gov.nasa.arc.mct.fastplot.settings,570,1,1,1,1,1,1
NLE,class,mct,0.9,0.5,gov.nasa.arc.mct.fastplot.settings,570,1,1,1,1,1,1
WMC,class,mct,0.9,0.5,gov.nasa.arc.mct.fastplot.settings,570,1,1,1,1,1,1
CBO,class,mct,0.9,0.5,gov.nasa.arc.mct.fastplot.settings,570,1,1,1,1,1,1
CBOI,class,mct,0.9,0.5,gov.nasa.arc.mct.fastplot.settings,570,1,1,1,1,1,1
NII,class,mct,0.9,0.5,gov.nasa.arc.mct.fastplot.settings,570,1,1,1,1,1,1
NOI,class,mct,0.9,0.5,gov.nasa.arc.mct.fastplot.settings,570,1,1,1,1,1,1
RFC,class,mct,0.9,0.5,gov.nasa.arc.mct.fastplot.settings,570,1,1,1,1,1,1
AD,class,mct,0.9,0.5,gov.nasa.arc.mct.fastplot.settings,570,1,1,1,1,1,1
CD,class,mct,0.9,0.5,gov.nasa.arc.mct.fastplot.settings,570,1,1,1,1,1,1
CLOC,class,mct,0.9,0.5,gov.nasa.arc.mct.fastplot.settings,570,1,1,1,1,1,1
DLOC,class,mct,0.9,0.5,gov.nasa.arc.mct.fastplot.settings,570,1,1,1,1,1,1
PDA,class,mct,0.9,0.5,gov.nasa.arc.mct.fastplot.settings,570,1,1,1,1,1,1
PUA,class,mct,0.9,0.5,gov.nasa.arc.mct.fastplot.settings,570,1,1,1,1,1,1
TCD,class,mct,0.9,0.5,gov.nasa.arc.mct.fastplot.settings,570,1,1,1,1,1,1
TCLOC,class,mct,0.9,0.5,gov.nasa.arc.mct.fastplot.settings,570,1,1,1,1,1,1
DIT,class,mct,0.9,0.5,gov.nasa.arc.mct.fastplot.settings,570,1,1,1,1,1,1
NOA,class,mct,0.9,0.5,gov.nasa.arc.mct.fastplot.settings,570,1,1,1,1,1,1
NOC,class,mct,0.9,0.5,gov.nasa.arc.mct.fastplot.settings,570,0,0,0,1,1,1
NOD,class,mct,0.9,0.5,gov.nasa.arc.mct.fastplot.settings,570,0,0,0,1,1,1
NOP,class,mct,0.9,0.5,gov.nasa.arc.mct.fastplot.settings,570,0,0,0,1,1,1
LLOC,class,mct,0.9,0.5,gov.nasa.arc.mct.fastplot.settings,570,1,1,1,1,1,1
LOC,class,mct,0.9,0.5,gov.nasa.arc.mct.fastplot.settings,570,1,1,1,1,1,1
NA,class,mct,0.9,0.5,gov.nasa.arc.mct.fastplot.settings,570,1,1,1,1,1,1
NG,class,mct,0.9,0.5,gov.nasa.arc.mct.fastplot.settings,570,1,1,1,1,1,1
NLA,class,mct,0.9,0.5,gov.nasa.arc.mct.fastplot.settings,570,1,1,1,1,1,1
NLG,class,mct,0.9,0.5,gov.nasa.arc.mct.fastplot.settings,570,1,1,1,1,1,1
NLM,class,mct,0.9,0.5,gov.nasa.arc.mct.fastplot.settings,570,1,1,1,1,1,1
NLPA,class,mct,0.9,0.5,gov.nasa.arc.mct.fastplot.settings,570,0,0,0,1,1,1
NLPM,class,mct,0.9,0.5,gov.nasa.arc.mct.fastplot.settings,570,1,1,1,1,1,1
NLS,class,mct,0.9,0.5,gov.nasa.arc.mct.fastplot.settings,570,0,0,0,1,1,1
NM,class,mct,0.9,0.5,gov.nasa.arc.mct.fastplot.settings,570,1,1,1,1,1,1
NOS,class,mct,0.9,0.5,gov.nasa.arc.mct.fastplot.settings,570,1,1,1,1,1,1
NPA,class,mct,0.9,0.5,gov.nasa.arc.mct.fastplot.settings,570,0,0,0,1,1,1
NPM,class,mct,0.9,0.5,gov.nasa.arc.mct.fastplot.settings,570,1,1,1,1,1,1
NS,class,mct,0.9,0.5,gov.nasa.arc.mct.fastplot.settings,570,0,0,0,1,1,1
TLLOC,class,mct,0.9,0.5,gov.nasa.arc.mct.fastplot.settings,570,1,1,1,1,1,1
TLOC,class,mct,0.9,0.5,gov.nasa.arc.mct.fastplot.settings,570,1,1,1,1,1,1
TNA,class,mct,0.9,0.5,gov.nasa.arc.mct.fastplot.settings,570,0,0,0,0,0,0
TNG,class,mct,0.9,0.5,gov.nasa.arc.mct.fastplot.settings,570,0,0,0,0,0,0
TNLA,class,mct,0.9,0.5,gov.nasa.arc.mct.fastplot.settings,570,0,0,0,0,0,0
TNLG,class,mct,0.9,0.5,gov.nasa.arc.mct.fastplot.settings,570,0,0,0,0,0,0
TNLM,class,mct,0.9,0.5,gov.nasa.arc.mct.fastplot.settings,570,0,0,0,0,0,0
TNLPA,class,mct,0.9,0.5,gov.nasa.arc.mct.fastplot.settings,570,0,0,0,0,0,0
TNLPM,class,mct,0.9,0.5,gov.nasa.arc.mct.fastplot.settings,570,0,0,0,0,0,0
TNLS,class,mct,0.9,0.5,gov.nasa.arc.mct.fastplot.settings,570,0,0,0,0,0,0
TNM,class,mct,0.9,0.5,gov.nasa.arc.mct.fastplot.settings,570,0,0,0,0,0,0
TNOS,class,mct,0.9,0.5,gov.nasa.arc.mct.fastplot.settings,570,0,0,0,0,0,0
TNPA,class,mct,0.9,0.5,gov.nasa.arc.mct.fastplot.settings,570,0,0,0,0,0,0
TNPM,class,mct,0.9,0.5,gov.nasa.arc.mct.fastplot.settings,570,0,0,0,0,0,0
TNS,class,mct,0.9,0.5,gov.nasa.arc.mct.fastplot.settings,570,0,0,0,0,0,0
WarningBlocker,class,mct,0.9,0.5,gov.nasa.arc.mct.fastplot.settings,570,0,0,0,0,0,0
WarningCritical,class,mct,0.9,0.5,gov.nasa.arc.mct.fastplot.settings,570,0,0,0,0,0,0
WarningInfo,class,mct,0.9,0.5,gov.nasa.arc.mct.fastplot.settings,570,0,0,0,0,0,0
WarningMajor,class,mct,0.9,0.5,gov.nasa.arc.mct.fastplot.settings,570,0,0,0,0,0,0
WarningMinor,class,mct,0.9,0.5,gov.nasa.arc.mct.fastplot.settings,570,0,0,0,0,0,0
Android Rules,class,mct,0.9,0.5,gov.nasa.arc.mct.fastplot.settings,570,0,0,0,0,0,0
Basic Rules,class,mct,0.9,0.5,gov.nasa.arc.mct.fastplot.settings,570,0,0,0,0,0,0
Brace Rules,class,mct,0.9,0.5,gov.nasa.arc.mct.fastplot.settings,570,0,0,0,0,0,0
Clone Implementation Rules,class,mct,0.9,0.5,gov.nasa.arc.mct.fastplot.settings,570,0,0,0,0,0,0
Code Size Rules,class,mct,0.9,0.5,gov.nasa.arc.mct.fastplot.settings,570,0,0,0,0,0,0
Comment Rules,class,mct,0.9,0.5,gov.nasa.arc.mct.fastplot.settings,570,0,0,0,0,0,0
Controversial Rules,class,mct,0.9,0.5,gov.nasa.arc.mct.fastplot.settings,570,0,0,0,0,0,0
Coupling Rules,class,mct,0.9,0.5,gov.nasa.arc.mct.fastplot.settings,570,0,0,0,0,0,0
Design Rules,class,mct,0.9,0.5,gov.nasa.arc.mct.fastplot.settings,570,0,0,0,0,0,0
Empty Code Rules,class,mct,0.9,0.5,gov.nasa.arc.mct.fastplot.settings,570,0,0,0,0,0,0
Finalizer Rules,class,mct,0.9,0.5,gov.nasa.arc.mct.fastplot.settings,570,0,0,0,0,0,0
Import Statement Rules,class,mct,0.9,0.5,gov.nasa.arc.mct.fastplot.settings,570,0,0,0,0,0,0
J2EE Rules,class,mct,0.9,0.5,gov.nasa.arc.mct.fastplot.settings,570,0,0,0,0,0,0
JUnit Rules,class,mct,0.9,0.5,gov.nasa.arc.mct.fastplot.settings,570,0,0,0,0,0,0
Jakarta Commons Logging Rules,class,mct,0.9,0.5,gov.nasa.arc.mct.fastplot.settings,570,0,0,0,0,0,0
Java Logging Rules,class,mct,0.9,0.5,gov.nasa.arc.mct.fastplot.settings,570,0,0,0,0,0,0
JavaBean Rules,class,mct,0.9,0.5,gov.nasa.arc.mct.fastplot.settings,570,0,0,0,0,0,0
MigratingToJUnit4 Rules,class,mct,0.9,0.5,gov.nasa.arc.mct.fastplot.settings,570,0,0,0,0,0,0
Migration Rules,class,mct,0.9,0.5,gov.nasa.arc.mct.fastplot.settings,570,0,0,0,0,0,0
Migration13 Rules,class,mct,0.9,0.5,gov.nasa.arc.mct.fastplot.settings,570,0,0,0,0,0,0
Migration14 Rules,class,mct,0.9,0.5,gov.nasa.arc.mct.fastplot.settings,570,0,0,0,0,0,0
Migration15 Rules,class,mct,0.9,0.5,gov.nasa.arc.mct.fastplot.settings,570,0,0,0,0,0,0
Naming Rules,class,mct,0.9,0.5,gov.nasa.arc.mct.fastplot.settings,570,0,0,0,0,0,0
Optimization Rules,class,mct,0.9,0.5,gov.nasa.arc.mct.fastplot.settings,570,0,0,0,0,0,0
Security Code Guideline Rules,class,mct,0.9,0.5,gov.nasa.arc.mct.fastplot.settings,570,0,0,0,0,0,0
Strict Exception Rules,class,mct,0.9,0.5,gov.nasa.arc.mct.fastplot.settings,570,0,0,0,0,0,0
String and StringBuffer Rules,class,mct,0.9,0.5,gov.nasa.arc.mct.fastplot.settings,570,0,0,0,0,0,0
Type Resolution Rules,class,mct,0.9,0.5,gov.nasa.arc.mct.fastplot.settings,570,0,0,0,0,0,0
Unnecessary and Unused Code Rules,class,mct,0.9,0.5,gov.nasa.arc.mct.fastplot.settings,570,0,0,0,0,0,0
Vulnerability Rules,class,mct,0.9,0.5,gov.nasa.arc.mct.fastplot.settings,570,0,0,0,0,0,0
CC,class,mct,0.9,0.5,gov.nasa.arc.mct.dbpersistence.service,380,0,0,0,1,1,1
CCL,class,mct,0.9,0.5,gov.nasa.arc.mct.dbpersistence.service,380,0,0,0,1,1,1
CCO,class,mct,0.9,0.5,gov.nasa.arc.mct.dbpersistence.service,380,0,0,0,1,1,1
CI,class,mct,0.9,0.5,gov.nasa.arc.mct.dbpersistence.service,380,0,0,0,1,1,1
CLC,class,mct,0.9,0.5,gov.nasa.arc.mct.dbpersistence.service,380,0,0,0,1,1,1
CLLC,class,mct,0.9,0.5,gov.nasa.arc.mct.dbpersistence.service,380,0,0,0,1,1,1
LDC,class,mct,0.9,0.5,gov.nasa.arc.mct.dbpersistence.service,380,0,0,0,1,1,1
LLDC,class,mct,0.9,0.5,gov.nasa.arc.mct.dbpersistence.service,380,0,0,0,1,1,1
LCOM5,class,mct,0.9,0.5,gov.nasa.arc.mct.dbpersistence.service,380,0,0,0,1,1,1
NL,class,mct,0.9,0.5,gov.nasa.arc.mct.dbpersistence.service,380,1,1,1,1,1,1
NLE,class,mct,0.9,0.5,gov.nasa.arc.mct.dbpersistence.service,380,1,1,1,1,1,1
WMC,class,mct,0.9,0.5,gov.nasa.arc.mct.dbpersistence.service,380,1,1,1,1,1,1
CBO,class,mct,0.9,0.5,gov.nasa.arc.mct.dbpersistence.service,380,1,1,1,1,1,1
CBOI,class,mct,0.9,0.5,gov.nasa.arc.mct.dbpersistence.service,380,1,1,1,1,1,1
NII,class,mct,0.9,0.5,gov.nasa.arc.mct.dbpersistence.service,380,1,1,1,1,1,1
NOI,class,mct,0.9,0.5,gov.nasa.arc.mct.dbpersistence.service,380,1,1,1,1,1,1
RFC,class,mct,0.9,0.5,gov.nasa.arc.mct.dbpersistence.service,380,1,1,1,1,1,1
AD,class,mct,0.9,0.5,gov.nasa.arc.mct.dbpersistence.service,380,1,1,1,1,1,1
CD,class,mct,0.9,0.5,gov.nasa.arc.mct.dbpersistence.service,380,1,1,1,1,1,1
CLOC,class,mct,0.9,0.5,gov.nasa.arc.mct.dbpersistence.service,380,1,1,1,1,1,1
DLOC,class,mct,0.9,0.5,gov.nasa.arc.mct.dbpersistence.service,380,1,1,1,1,1,1
PDA,class,mct,0.9,0.5,gov.nasa.arc.mct.dbpersistence.service,380,1,1,1,1,1,1
PUA,class,mct,0.9,0.5,gov.nasa.arc.mct.dbpersistence.service,380,1,1,1,1,1,1
TCD,class,mct,0.9,0.5,gov.nasa.arc.mct.dbpersistence.service,380,1,1,1,1,1,1
TCLOC,class,mct,0.9,0.5,gov.nasa.arc.mct.dbpersistence.service,380,1,1,1,1,1,1
DIT,class,mct,0.9,0.5,gov.nasa.arc.mct.dbpersistence.service,380,1,1,1,1,1,1
NOA,class,mct,0.9,0.5,gov.nasa.arc.mct.dbpersistence.service,380,1,1,1,1,1,1
NOC,class,mct,0.9,0.5,gov.nasa.arc.mct.dbpersistence.service,380,1,1,1,1,1,1
NOD,class,mct,0.9,0.5,gov.nasa.arc.mct.dbpersistence.service,380,1,1,1,1,1,1
NOP,class,mct,0.9,0.5,gov.nasa.arc.mct.dbpersistence.service,380,1,1,1,1,1,1
LLOC,class,mct,0.9,0.5,gov.nasa.arc.mct.dbpersistence.service,380,1,1,1,1,1,1
LOC,class,mct,0.9,0.5,gov.nasa.arc.mct.dbpersistence.service,380,1,1,1,1,1,1
NA,class,mct,0.9,0.5,gov.nasa.arc.mct.dbpersistence.service,380,1,1,1,1,1,1
NG,class,mct,0.9,0.5,gov.nasa.arc.mct.dbpersistence.service,380,1,1,1,1,1,1
NLA,class,mct,0.9,0.5,gov.nasa.arc.mct.dbpersistence.service,380,1,1,1,1,1,1
NLG,class,mct,0.9,0.5,gov.nasa.arc.mct.dbpersistence.service,380,1,1,1,1,1,1
NLM,class,mct,0.9,0.5,gov.nasa.arc.mct.dbpersistence.service,380,1,1,1,1,1,1
NLPA,class,mct,0.9,0.5,gov.nasa.arc.mct.dbpersistence.service,380,0,0,0,1,1,1
NLPM,class,mct,0.9,0.5,gov.nasa.arc.mct.dbpersistence.service,380,1,1,1,1,1,1
NLS,class,mct,0.9,0.5,gov.nasa.arc.mct.dbpersistence.service,380,1,1,1,1,1,1
NM,class,mct,0.9,0.5,gov.nasa.arc.mct.dbpersistence.service,380,1,1,1,1,1,1
NOS,class,mct,0.9,0.5,gov.nasa.arc.mct.dbpersistence.service,380,1,1,1,1,1,1
NPA,class,mct,0.9,0.5,gov.nasa.arc.mct.dbpersistence.service,380,0,0,0,1,1,1
NPM,class,mct,0.9,0.5,gov.nasa.arc.mct.dbpersistence.service,380,1,1,1,1,1,1
NS,class,mct,0.9,0.5,gov.nasa.arc.mct.dbpersistence.service,380,1,1,1,1,1,1
TLLOC,class,mct,0.9,0.5,gov.nasa.arc.mct.dbpersistence.service,380,1,1,1,1,1,1
TLOC,class,mct,0.9,0.5,gov.nasa.arc.mct.dbpersistence.service,380,1,1,1,1,1,1
TNA,class,mct,0.9,0.5,gov.nasa.arc.mct.dbpersistence.service,380,0,0,0,0,0,0
TNG,class,mct,0.9,0.5,gov.nasa.arc.mct.dbpersistence.service,380,0,0,0,0,0,0
TNLA,class,mct,0.9,0.5,gov.nasa.arc.mct.dbpersistence.service,380,0,0,0,0,0,0
TNLG,class,mct,0.9,0.5,gov.nasa.arc.mct.dbpersistence.service,380,0,0,0,0,0,0
TNLM,class,mct,0.9,0.5,gov.nasa.arc.mct.dbpersistence.service,380,0,0,0,0,0,0
TNLPA,class,mct,0.9,0.5,gov.nasa.arc.mct.dbpersistence.service,380,0,0,0,0,0,0
TNLPM,class,mct,0.9,0.5,gov.nasa.arc.mct.dbpersistence.service,380,0,0,0,0,0,0
TNLS,class,mct,0.9,0.5,gov.nasa.arc.mct.dbpersistence.service,380,0,0,0,0,0,0
TNM,class,mct,0.9,0.5,gov.nasa.arc.mct.dbpersistence.service,380,0,0,0,0,0,0
TNOS,class,mct,0.9,0.5,gov.nasa.arc.mct.dbpersistence.service,380,0,0,0,0,0,0
TNPA,class,mct,0.9,0.5,gov.nasa.arc.mct.dbpersistence.service,380,0,0,0,0,0,0
TNPM,class,mct,0.9,0.5,gov.nasa.arc.mct.dbpersistence.service,380,0,0,0,0,0,0
TNS,class,mct,0.9,0.5,gov.nasa.arc.mct.dbpersistence.service,380,0,0,0,0,0,0
WarningBlocker,class,mct,0.9,0.5,gov.nasa.arc.mct.dbpersistence.service,380,0,0,0,0,0,0
WarningCritical,class,mct,0.9,0.5,gov.nasa.arc.mct.dbpersistence.service,380,0,0,0,0,0,0
WarningInfo,class,mct,0.9,0.5,gov.nasa.arc.mct.dbpersistence.service,380,0,0,0,0,0,0
WarningMajor,class,mct,0.9,0.5,gov.nasa.arc.mct.dbpersistence.service,380,0,0,0,0,0,0
WarningMinor,class,mct,0.9,0.5,gov.nasa.arc.mct.dbpersistence.service,380,0,0,0,0,0,0
Android Rules,class,mct,0.9,0.5,gov.nasa.arc.mct.dbpersistence.service,380,0,0,0,0,0,0
Basic Rules,class,mct,0.9,0.5,gov.nasa.arc.mct.dbpersistence.service,380,0,0,0,0,0,0
Brace Rules,class,mct,0.9,0.5,gov.nasa.arc.mct.dbpersistence.service,380,0,0,0,0,0,0
Clone Implementation Rules,class,mct,0.9,0.5,gov.nasa.arc.mct.dbpersistence.service,380,0,0,0,0,0,0
Code Size Rules,class,mct,0.9,0.5,gov.nasa.arc.mct.dbpersistence.service,380,0,0,0,0,0,0
Comment Rules,class,mct,0.9,0.5,gov.nasa.arc.mct.dbpersistence.service,380,0,0,0,0,0,0
Controversial Rules,class,mct,0.9,0.5,gov.nasa.arc.mct.dbpersistence.service,380,0,0,0,0,0,0
Coupling Rules,class,mct,0.9,0.5,gov.nasa.arc.mct.dbpersistence.service,380,0,0,0,0,0,0
Design Rules,class,mct,0.9,0.5,gov.nasa.arc.mct.dbpersistence.service,380,0,0,0,0,0,0
Empty Code Rules,class,mct,0.9,0.5,gov.nasa.arc.mct.dbpersistence.service,380,0,0,0,0,0,0
Finalizer Rules,class,mct,0.9,0.5,gov.nasa.arc.mct.dbpersistence.service,380,0,0,0,0,0,0
Import Statement Rules,class,mct,0.9,0.5,gov.nasa.arc.mct.dbpersistence.service,380,0,0,0,0,0,0
J2EE Rules,class,mct,0.9,0.5,gov.nasa.arc.mct.dbpersistence.service,380,0,0,0,0,0,0
JUnit Rules,class,mct,0.9,0.5,gov.nasa.arc.mct.dbpersistence.service,380,0,0,0,0,0,0
Jakarta Commons Logging Rules,class,mct,0.9,0.5,gov.nasa.arc.mct.dbpersistence.service,380,0,0,0,0,0,0
Java Logging Rules,class,mct,0.9,0.5,gov.nasa.arc.mct.dbpersistence.service,380,0,0,0,0,0,0
JavaBean Rules,class,mct,0.9,0.5,gov.nasa.arc.mct.dbpersistence.service,380,0,0,0,0,0,0
MigratingToJUnit4 Rules,class,mct,0.9,0.5,gov.nasa.arc.mct.dbpersistence.service,380,0,0,0,0,0,0
Migration Rules,class,mct,0.9,0.5,gov.nasa.arc.mct.dbpersistence.service,380,0,0,0,0,0,0
Migration13 Rules,class,mct,0.9,0.5,gov.nasa.arc.mct.dbpersistence.service,380,0,0,0,0,0,0
Migration14 Rules,class,mct,0.9,0.5,gov.nasa.arc.mct.dbpersistence.service,380,0,0,0,0,0,0
Migration15 Rules,class,mct,0.9,0.5,gov.nasa.arc.mct.dbpersistence.service,380,0,0,0,0,0,0
Naming Rules,class,mct,0.9,0.5,gov.nasa.arc.mct.dbpersistence.service,380,0,0,0,0,0,0
Optimization Rules,class,mct,0.9,0.5,gov.nasa.arc.mct.dbpersistence.service,380,0,0,0,0,0,0
Security Code Guideline Rules,class,mct,0.9,0.5,gov.nasa.arc.mct.dbpersistence.service,380,0,0,0,0,0,0
Strict Exception Rules,class,mct,0.9,0.5,gov.nasa.arc.mct.dbpersistence.service,380,0,0,0,0,0,0
String and StringBuffer Rules,class,mct,0.9,0.5,gov.nasa.arc.mct.dbpersistence.service,380,0,0,0,0,0,0
Type Resolution Rules,class,mct,0.9,0.5,gov.nasa.arc.mct.dbpersistence.service,380,0,0,0,0,0,0
Unnecessary and Unused Code Rules,class,mct,0.9,0.5,gov.nasa.arc.mct.dbpersistence.service,380,0,0,0,0,0,0
Vulnerability Rules,class,mct,0.9,0.5,gov.nasa.arc.mct.dbpersistence.service,380,0,0,0,0,0,0
CC,class,mct,0.9,0.5,gov.nasa.arc.mct.gui.housing,570,1,1,1,1,1,1
CCL,class,mct,0.9,0.5,gov.nasa.arc.mct.gui.housing,570,1,1,1,1,1,1
CCO,class,mct,0.9,0.5,gov.nasa.arc.mct.gui.housing,570,1,1,1,1,1,1
CI,class,mct,0.9,0.5,gov.nasa.arc.mct.gui.housing,570,1,1,1,1,1,1
CLC,class,mct,0.9,0.5,gov.nasa.arc.mct.gui.housing,570,1,1,1,1,1,1
CLLC,class,mct,0.9,0.5,gov.nasa.arc.mct.gui.housing,570,1,1,1,1,1,1
LDC,class,mct,0.9,0.5,gov.nasa.arc.mct.gui.housing,570,1,1,1,1,1,1
LLDC,class,mct,0.9,0.5,gov.nasa.arc.mct.gui.housing,570,1,1,1,1,1,1
LCOM5,class,mct,0.9,0.5,gov.nasa.arc.mct.gui.housing,570,0,0,0,1,1,1
NL,class,mct,0.9,0.5,gov.nasa.arc.mct.gui.housing,570,1,1,1,1,1,1
NLE,class,mct,0.9,0.5,gov.nasa.arc.mct.gui.housing,570,1,1,1,1,1,1
WMC,class,mct,0.9,0.5,gov.nasa.arc.mct.gui.housing,570,1,1,1,1,1,1
CBO,class,mct,0.9,0.5,gov.nasa.arc.mct.gui.housing,570,1,1,1,1,1,1
CBOI,class,mct,0.9,0.5,gov.nasa.arc.mct.gui.housing,570,1,1,1,1,1,1
NII,class,mct,0.9,0.5,gov.nasa.arc.mct.gui.housing,570,1,1,1,1,1,1
NOI,class,mct,0.9,0.5,gov.nasa.arc.mct.gui.housing,570,1,1,1,1,1,1
RFC,class,mct,0.9,0.5,gov.nasa.arc.mct.gui.housing,570,1,1,1,1,1,1
AD,class,mct,0.9,0.5,gov.nasa.arc.mct.gui.housing,570,1,1,1,1,1,1
CD,class,mct,0.9,0.5,gov.nasa.arc.mct.gui.housing,570,1,1,1,1,1,1
CLOC,class,mct,0.9,0.5,gov.nasa.arc.mct.gui.housing,570,1,1,1,1,1,1
DLOC,class,mct,0.9,0.5,gov.nasa.arc.mct.gui.housing,570,1,1,1,1,1,1
PDA,class,mct,0.9,0.5,gov.nasa.arc.mct.gui.housing,570,1,1,1,1,1,1
PUA,class,mct,0.9,0.5,gov.nasa.arc.mct.gui.housing,570,0,0,0,1,1,1
TCD,class,mct,0.9,0.5,gov.nasa.arc.mct.gui.housing,570,1,1,1,1,1,1
TCLOC,class,mct,0.9,0.5,gov.nasa.arc.mct.gui.housing,570,1,1,1,1,1,1
DIT,class,mct,0.9,0.5,gov.nasa.arc.mct.gui.housing,570,1,1,1,1,1,1
NOA,class,mct,0.9,0.5,gov.nasa.arc.mct.gui.housing,570,1,1,1,1,1,1
NOC,class,mct,0.9,0.5,gov.nasa.arc.mct.gui.housing,570,0,0,0,1,1,1
NOD,class,mct,0.9,0.5,gov.nasa.arc.mct.gui.housing,570,0,0,0,1,1,1
NOP,class,mct,0.9,0.5,gov.nasa.arc.mct.gui.housing,570,1,1,1,1,1,1
LLOC,class,mct,0.9,0.5,gov.nasa.arc.mct.gui.housing,570,1,1,1,1,1,1
LOC,class,mct,0.9,0.5,gov.nasa.arc.mct.gui.housing,570,1,1,1,1,1,1
NA,class,mct,0.9,0.5,gov.nasa.arc.mct.gui.housing,570,1,1,1,1,1,1
NG,class,mct,0.9,0.5,gov.nasa.arc.mct.gui.housing,570,1,1,1,1,1,1
NLA,class,mct,0.9,0.5,gov.nasa.arc.mct.gui.housing,570,1,1,1,1,1,1
NLG,class,mct,0.9,0.5,gov.nasa.arc.mct.gui.housing,570,1,1,1,1,1,1
NLM,class,mct,0.9,0.5,gov.nasa.arc.mct.gui.housing,570,1,1,1,1,1,1
NLPA,class,mct,0.9,0.5,gov.nasa.arc.mct.gui.housing,570,1,1,1,1,1,1
NLPM,class,mct,0.9,0.5,gov.nasa.arc.mct.gui.housing,570,0,0,0,1,1,1
NLS,class,mct,0.9,0.5,gov.nasa.arc.mct.gui.housing,570,1,1,1,1,1,1
NM,class,mct,0.9,0.5,gov.nasa.arc.mct.gui.housing,570,1,1,1,1,1,1
NOS,class,mct,0.9,0.5,gov.nasa.arc.mct.gui.housing,570,1,1,1,1,1,1
NPA,class,mct,0.9,0.5,gov.nasa.arc.mct.gui.housing,570,1,1,1,1,1,1
NPM,class,mct,0.9,0.5,gov.nasa.arc.mct.gui.housing,570,1,1,1,1,1,1
NS,class,mct,0.9,0.5,gov.nasa.arc.mct.gui.housing,570,1,1,1,1,1,1
TLLOC,class,mct,0.9,0.5,gov.nasa.arc.mct.gui.housing,570,1,1,1,1,1,1
TLOC,class,mct,0.9,0.5,gov.nasa.arc.mct.gui.housing,570,1,1,1,1,1,1
TNA,class,mct,0.9,0.5,gov.nasa.arc.mct.gui.housing,570,0,0,0,0,0,0
TNG,class,mct,0.9,0.5,gov.nasa.arc.mct.gui.housing,570,0,0,0,0,0,0
TNLA,class,mct,0.9,0.5,gov.nasa.arc.mct.gui.housing,570,0,0,0,0,0,0
TNLG,class,mct,0.9,0.5,gov.nasa.arc.mct.gui.housing,570,0,0,0,0,0,0
TNLM,class,mct,0.9,0.5,gov.nasa.arc.mct.gui.housing,570,0,0,0,0,0,0
TNLPA,class,mct,0.9,0.5,gov.nasa.arc.mct.gui.housing,570,0,0,0,0,0,0
TNLPM,class,mct,0.9,0.5,gov.nasa.arc.mct.gui.housing,570,0,0,0,0,0,0
TNLS,class,mct,0.9,0.5,gov.nasa.arc.mct.gui.housing,570,0,0,0,0,0,0
TNM,class,mct,0.9,0.5,gov.nasa.arc.mct.gui.housing,570,0,0,0,0,0,0
TNOS,class,mct,0.9,0.5,gov.nasa.arc.mct.gui.housing,570,0,0,0,0,0,0
TNPA,class,mct,0.9,0.5,gov.nasa.arc.mct.gui.housing,570,0,0,0,0,0,0
TNPM,class,mct,0.9,0.5,gov.nasa.arc.mct.gui.housing,570,0,0,0,0,0,0
TNS,class,mct,0.9,0.5,gov.nasa.arc.mct.gui.housing,570,0,0,0,0,0,0
WarningBlocker,class,mct,0.9,0.5,gov.nasa.arc.mct.gui.housing,570,0,0,0,0,0,0
WarningCritical,class,mct,0.9,0.5,gov.nasa.arc.mct.gui.housing,570,0,0,0,0,0,0
WarningInfo,class,mct,0.9,0.5,gov.nasa.arc.mct.gui.housing,570,0,0,0,0,0,0
WarningMajor,class,mct,0.9,0.5,gov.nasa.arc.mct.gui.housing,570,0,0,0,0,0,0
WarningMinor,class,mct,0.9,0.5,gov.nasa.arc.mct.gui.housing,570,0,0,0,0,0,0
Android Rules,class,mct,0.9,0.5,gov.nasa.arc.mct.gui.housing,570,0,0,0,0,0,0
Basic Rules,class,mct,0.9,0.5,gov.nasa.arc.mct.gui.housing,570,0,0,0,0,0,0
Brace Rules,class,mct,0.9,0.5,gov.nasa.arc.mct.gui.housing,570,0,0,0,0,0,0
Clone Implementation Rules,class,mct,0.9,0.5,gov.nasa.arc.mct.gui.housing,570,0,0,0,0,0,0
Code Size Rules,class,mct,0.9,0.5,gov.nasa.arc.mct.gui.housing,570,0,0,0,0,0,0
Comment Rules,class,mct,0.9,0.5,gov.nasa.arc.mct.gui.housing,570,0,0,0,0,0,0
Controversial Rules,class,mct,0.9,0.5,gov.nasa.arc.mct.gui.housing,570,0,0,0,0,0,0
Coupling Rules,class,mct,0.9,0.5,gov.nasa.arc.mct.gui.housing,570,0,0,0,0,0,0
Design Rules,class,mct,0.9,0.5,gov.nasa.arc.mct.gui.housing,570,0,0,0,0,0,0
Empty Code Rules,class,mct,0.9,0.5,gov.nasa.arc.mct.gui.housing,570,0,0,0,0,0,0
Finalizer Rules,class,mct,0.9,0.5,gov.nasa.arc.mct.gui.housing,570,0,0,0,0,0,0
Import Statement Rules,class,mct,0.9,0.5,gov.nasa.arc.mct.gui.housing,570,0,0,0,0,0,0
J2EE Rules,class,mct,0.9,0.5,gov.nasa.arc.mct.gui.housing,570,0,0,0,0,0,0
JUnit Rules,class,mct,0.9,0.5,gov.nasa.arc.mct.gui.housing,570,0,0,0,0,0,0
Jakarta Commons Logging Rules,class,mct,0.9,0.5,gov.nasa.arc.mct.gui.housing,570,0,0,0,0,0,0
Java Logging Rules,class,mct,0.9,0.5,gov.nasa.arc.mct.gui.housing,570,0,0,0,0,0,0
JavaBean Rules,class,mct,0.9,0.5,gov.nasa.arc.mct.gui.housing,570,0,0,0,0,0,0
MigratingToJUnit4 Rules,class,mct,0.9,0.5,gov.nasa.arc.mct.gui.housing,570,0,0,0,0,0,0
Migration Rules,class,mct,0.9,0.5,gov.nasa.arc.mct.gui.housing,570,0,0,0,0,0,0
Migration13 Rules,class,mct,0.9,0.5,gov.nasa.arc.mct.gui.housing,570,0,0,0,0,0,0
Migration14 Rules,class,mct,0.9,0.5,gov.nasa.arc.mct.gui.housing,570,0,0,0,0,0,0
Migration15 Rules,class,mct,0.9,0.5,gov.nasa.arc.mct.gui.housing,570,0,0,0,0,0,0
Naming Rules,class,mct,0.9,0.5,gov.nasa.arc.mct.gui.housing,570,0,0,0,0,0,0
Optimization Rules,class,mct,0.9,0.5,gov.nasa.arc.mct.gui.housing,570,0,0,0,0,0,0
Security Code Guideline Rules,class,mct,0.9,0.5,gov.nasa.arc.mct.gui.housing,570,0,0,0,0,0,0
Strict Exception Rules,class,mct,0.9,0.5,gov.nasa.arc.mct.gui.housing,570,0,0,0,0,0,0
String and StringBuffer Rules,class,mct,0.9,0.5,gov.nasa.arc.mct.gui.housing,570,0,0,0,0,0,0
Type Resolution Rules,class,mct,0.9,0.5,gov.nasa.arc.mct.gui.housing,570,0,0,0,0,0,0
Unnecessary and Unused Code Rules,class,mct,0.9,0.5,gov.nasa.arc.mct.gui.housing,570,0,0,0,0,0,0
Vulnerability Rules,class,mct,0.9,0.5,gov.nasa.arc.mct.gui.housing,570,0,0,0,0,0,0
CC,class,mct,0.9,0.5,gov.nasa.arc.mct.core.policy,570,0,0,0,1,1,1
CCL,class,mct,0.9,0.5,gov.nasa.arc.mct.core.policy,570,0,0,0,1,1,1
CCO,class,mct,0.9,0.5,gov.nasa.arc.mct.core.policy,570,0,0,0,1,1,1
CI,class,mct,0.9,0.5,gov.nasa.arc.mct.core.policy,570,0,0,0,1,1,1
CLC,class,mct,0.9,0.5,gov.nasa.arc.mct.core.policy,570,0,0,0,1,1,1
CLLC,class,mct,0.9,0.5,gov.nasa.arc.mct.core.policy,570,0,0,0,1,1,1
LDC,class,mct,0.9,0.5,gov.nasa.arc.mct.core.policy,570,0,0,0,1,1,1
LLDC,class,mct,0.9,0.5,gov.nasa.arc.mct.core.policy,570,0,0,0,1,1,1
LCOM5,class,mct,0.9,0.5,gov.nasa.arc.mct.core.policy,570,1,1,1,1,1,1
NL,class,mct,0.9,0.5,gov.nasa.arc.mct.core.policy,570,1,1,1,1,1,1
NLE,class,mct,0.9,0.5,gov.nasa.arc.mct.core.policy,570,1,1,1,1,1,1
WMC,class,mct,0.9,0.5,gov.nasa.arc.mct.core.policy,570,1,1,1,1,1,1
CBO,class,mct,0.9,0.5,gov.nasa.arc.mct.core.policy,570,1,1,1,1,1,1
CBOI,class,mct,0.9,0.5,gov.nasa.arc.mct.core.policy,570,1,1,1,1,1,1
NII,class,mct,0.9,0.5,gov.nasa.arc.mct.core.policy,570,0,0,0,1,1,1
NOI,class,mct,0.9,0.5,gov.nasa.arc.mct.core.policy,570,1,1,1,1,1,1
RFC,class,mct,0.9,0.5,gov.nasa.arc.mct.core.policy,570,1,1,1,1,1,1
AD,class,mct,0.9,0.5,gov.nasa.arc.mct.core.policy,570,1,1,1,1,1,1
CD,class,mct,0.9,0.5,gov.nasa.arc.mct.core.policy,570,1,1,1,1,1,1
CLOC,class,mct,0.9,0.5,gov.nasa.arc.mct.core.policy,570,1,1,1,1,1,1
DLOC,class,mct,0.9,0.5,gov.nasa.arc.mct.core.policy,570,1,1,1,1,1,1
PDA,class,mct,0.9,0.5,gov.nasa.arc.mct.core.policy,570,1,1,1,1,1,1
PUA,class,mct,0.9,0.5,gov.nasa.arc.mct.core.policy,570,1,1,1,1,1,1
TCD,class,mct,0.9,0.5,gov.nasa.arc.mct.core.policy,570,1,1,1,1,1,1
TCLOC,class,mct,0.9,0.5,gov.nasa.arc.mct.core.policy,570,1,1,1,1,1,1
DIT,class,mct,0.9,0.5,gov.nasa.arc.mct.core.policy,570,1,1,1,1,1,1
NOA,class,mct,0.9,0.5,gov.nasa.arc.mct.core.policy,570,1,1,1,1,1,1
NOC,class,mct,0.9,0.5,gov.nasa.arc.mct.core.policy,570,0,0,0,1,1,1
NOD,class,mct,0.9,0.5,gov.nasa.arc.mct.core.policy,570,0,0,0,1,1,1
NOP,class,mct,0.9,0.5,gov.nasa.arc.mct.core.policy,570,1,1,1,1,1,1
LLOC,class,mct,0.9,0.5,gov.nasa.arc.mct.core.policy,570,1,1,1,1,1,1
LOC,class,mct,0.9,0.5,gov.nasa.arc.mct.core.policy,570,1,1,1,1,1,1
NA,class,mct,0.9,0.5,gov.nasa.arc.mct.core.policy,570,1,1,1,1,1,1
NG,class,mct,0.9,0.5,gov.nasa.arc.mct.core.policy,570,1,1,1,1,1,1
NLA,class,mct,0.9,0.5,gov.nasa.arc.mct.core.policy,570,0,0,0,1,1,1
NLG,class,mct,0.9,0.5,gov.nasa.arc.mct.core.policy,570,1,1,1,1,1,1
NLM,class,mct,0.9,0.5,gov.nasa.arc.mct.core.policy,570,1,1,1,1,1,1
NLPA,class,mct,0.9,0.5,gov.nasa.arc.mct.core.policy,570,0,0,0,1,1,1
NLPM,class,mct,0.9,0.5,gov.nasa.arc.mct.core.policy,570,1,1,1,1,1,1
NLS,class,mct,0.9,0.5,gov.nasa.arc.mct.core.policy,570,1,1,1,1,1,1
NM,class,mct,0.9,0.5,gov.nasa.arc.mct.core.policy,570,1,1,1,1,1,1
NOS,class,mct,0.9,0.5,gov.nasa.arc.mct.core.policy,570,1,1,1,1,1,1
NPA,class,mct,0.9,0.5,gov.nasa.arc.mct.core.policy,570,1,1,1,1,1,1
NPM,class,mct,0.9,0.5,gov.nasa.arc.mct.core.policy,570,1,1,1,1,1,1
NS,class,mct,0.9,0.5,gov.nasa.arc.mct.core.policy,570,1,1,1,1,1,1
TLLOC,class,mct,0.9,0.5,gov.nasa.arc.mct.core.policy,570,1,1,1,1,1,1
TLOC,class,mct,0.9,0.5,gov.nasa.arc.mct.core.policy,570,1,1,1,1,1,1
TNA,class,mct,0.9,0.5,gov.nasa.arc.mct.core.policy,570,0,0,0,0,0,0
TNG,class,mct,0.9,0.5,gov.nasa.arc.mct.core.policy,570,0,0,0,0,0,0
TNLA,class,mct,0.9,0.5,gov.nasa.arc.mct.core.policy,570,0,0,0,0,0,0
TNLG,class,mct,0.9,0.5,gov.nasa.arc.mct.core.policy,570,0,0,0,0,0,0
TNLM,class,mct,0.9,0.5,gov.nasa.arc.mct.core.policy,570,0,0,0,0,0,0
TNLPA,class,mct,0.9,0.5,gov.nasa.arc.mct.core.policy,570,0,0,0,0,0,0
TNLPM,class,mct,0.9,0.5,gov.nasa.arc.mct.core.policy,570,0,0,0,0,0,0
TNLS,class,mct,0.9,0.5,gov.nasa.arc.mct.core.policy,570,0,0,0,0,0,0
TNM,class,mct,0.9,0.5,gov.nasa.arc.mct.core.policy,570,0,0,0,0,0,0
TNOS,class,mct,0.9,0.5,gov.nasa.arc.mct.core.policy,570,0,0,0,0,0,0
TNPA,class,mct,0.9,0.5,gov.nasa.arc.mct.core.policy,570,0,0,0,0,0,0
TNPM,class,mct,0.9,0.5,gov.nasa.arc.mct.core.policy,570,0,0,0,0,0,0
TNS,class,mct,0.9,0.5,gov.nasa.arc.mct.core.policy,570,0,0,0,0,0,0
WarningBlocker,class,mct,0.9,0.5,gov.nasa.arc.mct.core.policy,570,0,0,0,0,0,0
WarningCritical,class,mct,0.9,0.5,gov.nasa.arc.mct.core.policy,570,0,0,0,0,0,0
WarningInfo,class,mct,0.9,0.5,gov.nasa.arc.mct.core.policy,570,0,0,0,0,0,0
WarningMajor,class,mct,0.9,0.5,gov.nasa.arc.mct.core.policy,570,0,0,0,0,0,0
WarningMinor,class,mct,0.9,0.5,gov.nasa.arc.mct.core.policy,570,0,0,0,0,0,0
Android Rules,class,mct,0.9,0.5,gov.nasa.arc.mct.core.policy,570,0,0,0,0,0,0
Basic Rules,class,mct,0.9,0.5,gov.nasa.arc.mct.core.policy,570,0,0,0,0,0,0
Brace Rules,class,mct,0.9,0.5,gov.nasa.arc.mct.core.policy,570,0,0,0,0,0,0
Clone Implementation Rules,class,mct,0.9,0.5,gov.nasa.arc.mct.core.policy,570,0,0,0,0,0,0
Code Size Rules,class,mct,0.9,0.5,gov.nasa.arc.mct.core.policy,570,0,0,0,0,0,0
Comment Rules,class,mct,0.9,0.5,gov.nasa.arc.mct.core.policy,570,0,0,0,0,0,0
Controversial Rules,class,mct,0.9,0.5,gov.nasa.arc.mct.core.policy,570,0,0,0,0,0,0
Coupling Rules,class,mct,0.9,0.5,gov.nasa.arc.mct.core.policy,570,0,0,0,0,0,0
Design Rules,class,mct,0.9,0.5,gov.nasa.arc.mct.core.policy,570,0,0,0,0,0,0
Empty Code Rules,class,mct,0.9,0.5,gov.nasa.arc.mct.core.policy,570,0,0,0,0,0,0
Finalizer Rules,class,mct,0.9,0.5,gov.nasa.arc.mct.core.policy,570,0,0,0,0,0,0
Import Statement Rules,class,mct,0.9,0.5,gov.nasa.arc.mct.core.policy,570,0,0,0,0,0,0
J2EE Rules,class,mct,0.9,0.5,gov.nasa.arc.mct.core.policy,570,0,0,0,0,0,0
JUnit Rules,class,mct,0.9,0.5,gov.nasa.arc.mct.core.policy,570,0,0,0,0,0,0
Jakarta Commons Logging Rules,class,mct,0.9,0.5,gov.nasa.arc.mct.core.policy,570,0,0,0,0,0,0
Java Logging Rules,class,mct,0.9,0.5,gov.nasa.arc.mct.core.policy,570,0,0,0,0,0,0
JavaBean Rules,class,mct,0.9,0.5,gov.nasa.arc.mct.core.policy,570,0,0,0,0,0,0
MigratingToJUnit4 Rules,class,mct,0.9,0.5,gov.nasa.arc.mct.core.policy,570,0,0,0,0,0,0
Migration Rules,class,mct,0.9,0.5,gov.nasa.arc.mct.core.policy,570,0,0,0,0,0,0
Migration13 Rules,class,mct,0.9,0.5,gov.nasa.arc.mct.core.policy,570,0,0,0,0,0,0
Migration14 Rules,class,mct,0.9,0.5,gov.nasa.arc.mct.core.policy,570,0,0,0,0,0,0
Migration15 Rules,class,mct,0.9,0.5,gov.nasa.arc.mct.core.policy,570,0,0,0,0,0,0
Naming Rules,class,mct,0.9,0.5,gov.nasa.arc.mct.core.policy,570,0,0,0,0,0,0
Optimization Rules,class,mct,0.9,0.5,gov.nasa.arc.mct.core.policy,570,0,0,0,0,0,0
Security Code Guideline Rules,class,mct,0.9,0.5,gov.nasa.arc.mct.core.policy,570,0,0,0,0,0,0
Strict Exception Rules,class,mct,0.9,0.5,gov.nasa.arc.mct.core.policy,570,0,0,0,0,0,0
String and StringBuffer Rules,class,mct,0.9,0.5,gov.nasa.arc.mct.core.policy,570,0,0,0,0,0,0
Type Resolution Rules,class,mct,0.9,0.5,gov.nasa.arc.mct.core.policy,570,0,0,0,0,0,0
Unnecessary and Unused Code Rules,class,mct,0.9,0.5,gov.nasa.arc.mct.core.policy,570,0,0,0,0,0,0
Vulnerability Rules,class,mct,0.9,0.5,gov.nasa.arc.mct.core.policy,570,0,0,0,0,0,0
CC,class,mct,0.9,0.5,gov.nasa.arc.mct.gui.dialogs,380,0,0,0,1,1,1
CCL,class,mct,0.9,0.5,gov.nasa.arc.mct.gui.dialogs,380,0,0,0,1,1,1
CCO,class,mct,0.9,0.5,gov.nasa.arc.mct.gui.dialogs,380,0,0,0,1,1,1
CI,class,mct,0.9,0.5,gov.nasa.arc.mct.gui.dialogs,380,0,0,0,1,1,1
CLC,class,mct,0.9,0.5,gov.nasa.arc.mct.gui.dialogs,380,1,1,1,1,1,1
CLLC,class,mct,0.9,0.5,gov.nasa.arc.mct.gui.dialogs,380,1,1,1,1,1,1
LDC,class,mct,0.9,0.5,gov.nasa.arc.mct.gui.dialogs,380,0,0,0,1,1,1
LLDC,class,mct,0.9,0.5,gov.nasa.arc.mct.gui.dialogs,380,0,0,0,1,1,1
LCOM5,class,mct,0.9,0.5,gov.nasa.arc.mct.gui.dialogs,380,0,0,0,1,1,1
NL,class,mct,0.9,0.5,gov.nasa.arc.mct.gui.dialogs,380,1,1,1,1,1,1
NLE,class,mct,0.9,0.5,gov.nasa.arc.mct.gui.dialogs,380,1,1,1,1,1,1
WMC,class,mct,0.9,0.5,gov.nasa.arc.mct.gui.dialogs,380,1,1,1,1,1,1
CBO,class,mct,0.9,0.5,gov.nasa.arc.mct.gui.dialogs,380,0,0,0,1,1,1
CBOI,class,mct,0.9,0.5,gov.nasa.arc.mct.gui.dialogs,380,1,1,1,1,1,1
NII,class,mct,0.9,0.5,gov.nasa.arc.mct.gui.dialogs,380,1,1,1,1,1,1
NOI,class,mct,0.9,0.5,gov.nasa.arc.mct.gui.dialogs,380,0,0,0,1,1,1
RFC,class,mct,0.9,0.5,gov.nasa.arc.mct.gui.dialogs,380,1,1,1,1,1,1
AD,class,mct,0.9,0.5,gov.nasa.arc.mct.gui.dialogs,380,0,0,0,1,1,1
CD,class,mct,0.9,0.5,gov.nasa.arc.mct.gui.dialogs,380,1,1,1,1,1,1
CLOC,class,mct,0.9,0.5,gov.nasa.arc.mct.gui.dialogs,380,1,1,1,1,1,1
DLOC,class,mct,0.9,0.5,gov.nasa.arc.mct.gui.dialogs,380,0,0,0,1,1,1
PDA,class,mct,0.9,0.5,gov.nasa.arc.mct.gui.dialogs,380,0,0,0,1,1,1
PUA,class,mct,0.9,0.5,gov.nasa.arc.mct.gui.dialogs,380,1,1,1,1,1,1
TCD,class,mct,0.9,0.5,gov.nasa.arc.mct.gui.dialogs,380,1,1,1,1,1,1
TCLOC,class,mct,0.9,0.5,gov.nasa.arc.mct.gui.dialogs,380,1,1,1,1,1,1
DIT,class,mct,0.9,0.5,gov.nasa.arc.mct.gui.dialogs,380,0,0,0,1,1,1
NOA,class,mct,0.9,0.5,gov.nasa.arc.mct.gui.dialogs,380,0,0,0,1,1,1
NOC,class,mct,0.9,0.5,gov.nasa.arc.mct.gui.dialogs,380,0,0,0,1,1,1
NOD,class,mct,0.9,0.5,gov.nasa.arc.mct.gui.dialogs,380,0,0,0,1,1,1
NOP,class,mct,0.9,0.5,gov.nasa.arc.mct.gui.dialogs,380,0,0,0,1,1,1
LLOC,class,mct,0.9,0.5,gov.nasa.arc.mct.gui.dialogs,380,1,1,1,1,1,1
LOC,class,mct,0.9,0.5,gov.nasa.arc.mct.gui.dialogs,380,1,1,1,1,1,1
NA,class,mct,0.9,0.5,gov.nasa.arc.mct.gui.dialogs,380,1,1,1,1,1,1
NG,class,mct,0.9,0.5,gov.nasa.arc.mct.gui.dialogs,380,1,1,1,1,1,1
NLA,class,mct,0.9,0.5,gov.nasa.arc.mct.gui.dialogs,380,1,1,1,1,1,1
NLG,class,mct,0.9,0.5,gov.nasa.arc.mct.gui.dialogs,380,1,1,1,1,1,1
NLM,class,mct,0.9,0.5,gov.nasa.arc.mct.gui.dialogs,380,1,1,1,1,1,1
NLPA,class,mct,0.9,0.5,gov.nasa.arc.mct.gui.dialogs,380,1,1,1,1,1,1
NLPM,class,mct,0.9,0.5,gov.nasa.arc.mct.gui.dialogs,380,1,1,1,1,1,1
NLS,class,mct,0.9,0.5,gov.nasa.arc.mct.gui.dialogs,380,0,0,0,1,1,1
NM,class,mct,0.9,0.5,gov.nasa.arc.mct.gui.dialogs,380,1,1,1,1,1,1
NOS,class,mct,0.9,0.5,gov.nasa.arc.mct.gui.dialogs,380,1,1,1,1,1,1
NPA,class,mct,0.9,0.5,gov.nasa.arc.mct.gui.dialogs,380,1,1,1,1,1,1
NPM,class,mct,0.9,0.5,gov.nasa.arc.mct.gui.dialogs,380,1,1,1,1,1,1
NS,class,mct,0.9,0.5,gov.nasa.arc.mct.gui.dialogs,380,0,0,0,1,1,1
TLLOC,class,mct,0.9,0.5,gov.nasa.arc.mct.gui.dialogs,380,1,1,1,1,1,1
TLOC,class,mct,0.9,0.5,gov.nasa.arc.mct.gui.dialogs,380,1,1,1,1,1,1
TNA,class,mct,0.9,0.5,gov.nasa.arc.mct.gui.dialogs,380,0,0,0,0,0,0
TNG,class,mct,0.9,0.5,gov.nasa.arc.mct.gui.dialogs,380,0,0,0,0,0,0
TNLA,class,mct,0.9,0.5,gov.nasa.arc.mct.gui.dialogs,380,0,0,0,0,0,0
TNLG,class,mct,0.9,0.5,gov.nasa.arc.mct.gui.dialogs,380,0,0,0,0,0,0
TNLM,class,mct,0.9,0.5,gov.nasa.arc.mct.gui.dialogs,380,0,0,0,0,0,0
TNLPA,class,mct,0.9,0.5,gov.nasa.arc.mct.gui.dialogs,380,0,0,0,0,0,0
TNLPM,class,mct,0.9,0.5,gov.nasa.arc.mct.gui.dialogs,380,0,0,0,0,0,0
TNLS,class,mct,0.9,0.5,gov.nasa.arc.mct.gui.dialogs,380,0,0,0,0,0,0
TNM,class,mct,0.9,0.5,gov.nasa.arc.mct.gui.dialogs,380,0,0,0,0,0,0
TNOS,class,mct,0.9,0.5,gov.nasa.arc.mct.gui.dialogs,380,0,0,0,0,0,0
TNPA,class,mct,0.9,0.5,gov.nasa.arc.mct.gui.dialogs,380,0,0,0,0,0,0
TNPM,class,mct,0.9,0.5,gov.nasa.arc.mct.gui.dialogs,380,0,0,0,0,0,0
TNS,class,mct,0.9,0.5,gov.nasa.arc.mct.gui.dialogs,380,0,0,0,0,0,0
WarningBlocker,class,mct,0.9,0.5,gov.nasa.arc.mct.gui.dialogs,380,0,0,0,0,0,0
WarningCritical,class,mct,0.9,0.5,gov.nasa.arc.mct.gui.dialogs,380,0,0,0,0,0,0
WarningInfo,class,mct,0.9,0.5,gov.nasa.arc.mct.gui.dialogs,380,0,0,0,0,0,0
WarningMajor,class,mct,0.9,0.5,gov.nasa.arc.mct.gui.dialogs,380,0,0,0,0,0,0
WarningMinor,class,mct,0.9,0.5,gov.nasa.arc.mct.gui.dialogs,380,0,0,0,0,0,0
Android Rules,class,mct,0.9,0.5,gov.nasa.arc.mct.gui.dialogs,380,0,0,0,0,0,0
Basic Rules,class,mct,0.9,0.5,gov.nasa.arc.mct.gui.dialogs,380,0,0,0,0,0,0
Brace Rules,class,mct,0.9,0.5,gov.nasa.arc.mct.gui.dialogs,380,0,0,0,0,0,0
Clone Implementation Rules,class,mct,0.9,0.5,gov.nasa.arc.mct.gui.dialogs,380,0,0,0,0,0,0
Code Size Rules,class,mct,0.9,0.5,gov.nasa.arc.mct.gui.dialogs,380,0,0,0,0,0,0
Comment Rules,class,mct,0.9,0.5,gov.nasa.arc.mct.gui.dialogs,380,0,0,0,0,0,0
Controversial Rules,class,mct,0.9,0.5,gov.nasa.arc.mct.gui.dialogs,380,0,0,0,0,0,0
Coupling Rules,class,mct,0.9,0.5,gov.nasa.arc.mct.gui.dialogs,380,0,0,0,0,0,0
Design Rules,class,mct,0.9,0.5,gov.nasa.arc.mct.gui.dialogs,380,0,0,0,0,0,0
Empty Code Rules,class,mct,0.9,0.5,gov.nasa.arc.mct.gui.dialogs,380,0,0,0,0,0,0
Finalizer Rules,class,mct,0.9,0.5,gov.nasa.arc.mct.gui.dialogs,380,0,0,0,0,0,0
Import Statement Rules,class,mct,0.9,0.5,gov.nasa.arc.mct.gui.dialogs,380,0,0,0,0,0,0
J2EE Rules,class,mct,0.9,0.5,gov.nasa.arc.mct.gui.dialogs,380,0,0,0,0,0,0
JUnit Rules,class,mct,0.9,0.5,gov.nasa.arc.mct.gui.dialogs,380,0,0,0,0,0,0
Jakarta Commons Logging Rules,class,mct,0.9,0.5,gov.nasa.arc.mct.gui.dialogs,380,0,0,0,0,0,0
Java Logging Rules,class,mct,0.9,0.5,gov.nasa.arc.mct.gui.dialogs,380,0,0,0,0,0,0
JavaBean Rules,class,mct,0.9,0.5,gov.nasa.arc.mct.gui.dialogs,380,0,0,0,0,0,0
MigratingToJUnit4 Rules,class,mct,0.9,0.5,gov.nasa.arc.mct.gui.dialogs,380,0,0,0,0,0,0
Migration Rules,class,mct,0.9,0.5,gov.nasa.arc.mct.gui.dialogs,380,0,0,0,0,0,0
Migration13 Rules,class,mct,0.9,0.5,gov.nasa.arc.mct.gui.dialogs,380,0,0,0,0,0,0
Migration14 Rules,class,mct,0.9,0.5,gov.nasa.arc.mct.gui.dialogs,380,0,0,0,0,0,0
Migration15 Rules,class,mct,0.9,0.5,gov.nasa.arc.mct.gui.dialogs,380,0,0,0,0,0,0
Naming Rules,class,mct,0.9,0.5,gov.nasa.arc.mct.gui.dialogs,380,0,0,0,0,0,0
Optimization Rules,class,mct,0.9,0.5,gov.nasa.arc.mct.gui.dialogs,380,0,0,0,0,0,0
Security Code Guideline Rules,class,mct,0.9,0.5,gov.nasa.arc.mct.gui.dialogs,380,0,0,0,0,0,0
Strict Exception Rules,class,mct,0.9,0.5,gov.nasa.arc.mct.gui.dialogs,380,0,0,0,0,0,0
String and StringBuffer Rules,class,mct,0.9,0.5,gov.nasa.arc.mct.gui.dialogs,380,0,0,0,0,0,0
Type Resolution Rules,class,mct,0.9,0.5,gov.nasa.arc.mct.gui.dialogs,380,0,0,0,0,0,0
Unnecessary and Unused Code Rules,class,mct,0.9,0.5,gov.nasa.arc.mct.gui.dialogs,380,0,0,0,0,0,0
Vulnerability Rules,class,mct,0.9,0.5,gov.nasa.arc.mct.gui.dialogs,380,0,0,0,0,0,0
CC,class,mct,0.9,0.5,gov.nasa.arc.mct.services.component,190,0,0,0,1,1,1
CCL,class,mct,0.9,0.5,gov.nasa.arc.mct.services.component,190,0,0,0,1,1,1
CCO,class,mct,0.9,0.5,gov.nasa.arc.mct.services.component,190,0,0,0,1,1,1
CI,class,mct,0.9,0.5,gov.nasa.arc.mct.services.component,190,0,0,0,1,1,1
CLC,class,mct,0.9,0.5,gov.nasa.arc.mct.services.component,190,0,0,0,1,1,1
CLLC,class,mct,0.9,0.5,gov.nasa.arc.mct.services.component,190,0,0,0,1,1,1
LDC,class,mct,0.9,0.5,gov.nasa.arc.mct.services.component,190,0,0,0,1,1,1
LLDC,class,mct,0.9,0.5,gov.nasa.arc.mct.services.component,190,0,0,0,1,1,1
LCOM5,class,mct,0.9,0.5,gov.nasa.arc.mct.services.component,190,0,0,0,1,1,1
NL,class,mct,0.9,0.5,gov.nasa.arc.mct.services.component,190,0,0,0,1,1,1
NLE,class,mct,0.9,0.5,gov.nasa.arc.mct.services.component,190,0,0,0,1,1,1
WMC,class,mct,0.9,0.5,gov.nasa.arc.mct.services.component,190,1,1,1,1,1,1
CBO,class,mct,0.9,0.5,gov.nasa.arc.mct.services.component,190,0,0,0,1,1,1
CBOI,class,mct,0.9,0.5,gov.nasa.arc.mct.services.component,190,0,0,0,1,1,1
NII,class,mct,0.9,0.5,gov.nasa.arc.mct.services.component,190,0,0,0,1,1,1
NOI,class,mct,0.9,0.5,gov.nasa.arc.mct.services.component,190,0,0,0,1,1,1
RFC,class,mct,0.9,0.5,gov.nasa.arc.mct.services.component,190,0,0,0,1,1,1
AD,class,mct,0.9,0.5,gov.nasa.arc.mct.services.component,190,0,0,0,1,1,1
CD,class,mct,0.9,0.5,gov.nasa.arc.mct.services.component,190,1,1,1,1,1,1
CLOC,class,mct,0.9,0.5,gov.nasa.arc.mct.services.component,190,0,0,0,1,1,1
DLOC,class,mct,0.9,0.5,gov.nasa.arc.mct.services.component,190,0,0,0,1,1,1
PDA,class,mct,0.9,0.5,gov.nasa.arc.mct.services.component,190,0,0,0,1,1,1
PUA,class,mct,0.9,0.5,gov.nasa.arc.mct.services.component,190,0,0,0,1,1,1
TCD,class,mct,0.9,0.5,gov.nasa.arc.mct.services.component,190,1,1,1,1,1,1
TCLOC,class,mct,0.9,0.5,gov.nasa.arc.mct.services.component,190,0,0,0,1,1,1
DIT,class,mct,0.9,0.5,gov.nasa.arc.mct.services.component,190,0,0,0,1,1,1
NOA,class,mct,0.9,0.5,gov.nasa.arc.mct.services.component,190,0,0,0,1,1,1
NOC,class,mct,0.9,0.5,gov.nasa.arc.mct.services.component,190,0,0,0,1,1,1
NOD,class,mct,0.9,0.5,gov.nasa.arc.mct.services.component,190,0,0,0,1,1,1
NOP,class,mct,0.9,0.5,gov.nasa.arc.mct.services.component,190,0,0,0,1,1,1
LLOC,class,mct,0.9,0.5,gov.nasa.arc.mct.services.component,190,1,1,1,1,1,1
LOC,class,mct,0.9,0.5,gov.nasa.arc.mct.services.component,190,1,1,1,1,1,1
NA,class,mct,0.9,0.5,gov.nasa.arc.mct.services.component,190,0,0,0,1,1,1
NG,class,mct,0.9,0.5,gov.nasa.arc.mct.services.component,190,0,0,0,1,1,1
NLA,class,mct,0.9,0.5,gov.nasa.arc.mct.services.component,190,0,0,0,1,1,1
NLG,class,mct,0.9,0.5,gov.nasa.arc.mct.services.component,190,0,0,0,1,1,1
NLM,class,mct,0.9,0.5,gov.nasa.arc.mct.services.component,190,0,0,0,1,1,1
NLPA,class,mct,0.9,0.5,gov.nasa.arc.mct.services.component,190,0,0,0,1,1,1
NLPM,class,mct,0.9,0.5,gov.nasa.arc.mct.services.component,190,0,0,0,1,1,1
NLS,class,mct,0.9,0.5,gov.nasa.arc.mct.services.component,190,0,0,0,1,1,1
NM,class,mct,0.9,0.5,gov.nasa.arc.mct.services.component,190,0,0,0,1,1,1
NOS,class,mct,0.9,0.5,gov.nasa.arc.mct.services.component,190,0,0,0,1,1,1
NPA,class,mct,0.9,0.5,gov.nasa.arc.mct.services.component,190,0,0,0,1,1,1
NPM,class,mct,0.9,0.5,gov.nasa.arc.mct.services.component,190,0,0,0,1,1,1
NS,class,mct,0.9,0.5,gov.nasa.arc.mct.services.component,190,0,0,0,1,1,1
TLLOC,class,mct,0.9,0.5,gov.nasa.arc.mct.services.component,190,1,1,1,1,1,1
TLOC,class,mct,0.9,0.5,gov.nasa.arc.mct.services.component,190,1,1,1,1,1,1
TNA,class,mct,0.9,0.5,gov.nasa.arc.mct.services.component,190,0,0,0,0,0,0
TNG,class,mct,0.9,0.5,gov.nasa.arc.mct.services.component,190,0,0,0,0,0,0
TNLA,class,mct,0.9,0.5,gov.nasa.arc.mct.services.component,190,0,0,0,0,0,0
TNLG,class,mct,0.9,0.5,gov.nasa.arc.mct.services.component,190,0,0,0,0,0,0
TNLM,class,mct,0.9,0.5,gov.nasa.arc.mct.services.component,190,0,0,0,0,0,0
TNLPA,class,mct,0.9,0.5,gov.nasa.arc.mct.services.component,190,0,0,0,0,0,0
TNLPM,class,mct,0.9,0.5,gov.nasa.arc.mct.services.component,190,0,0,0,0,0,0
TNLS,class,mct,0.9,0.5,gov.nasa.arc.mct.services.component,190,0,0,0,0,0,0
TNM,class,mct,0.9,0.5,gov.nasa.arc.mct.services.component,190,0,0,0,0,0,0
TNOS,class,mct,0.9,0.5,gov.nasa.arc.mct.services.component,190,0,0,0,0,0,0
TNPA,class,mct,0.9,0.5,gov.nasa.arc.mct.services.component,190,0,0,0,0,0,0
TNPM,class,mct,0.9,0.5,gov.nasa.arc.mct.services.component,190,0,0,0,0,0,0
TNS,class,mct,0.9,0.5,gov.nasa.arc.mct.services.component,190,0,0,0,0,0,0
WarningBlocker,class,mct,0.9,0.5,gov.nasa.arc.mct.services.component,190,0,0,0,0,0,0
WarningCritical,class,mct,0.9,0.5,gov.nasa.arc.mct.services.component,190,0,0,0,0,0,0
WarningInfo,class,mct,0.9,0.5,gov.nasa.arc.mct.services.component,190,0,0,0,0,0,0
WarningMajor,class,mct,0.9,0.5,gov.nasa.arc.mct.services.component,190,0,0,0,0,0,0
WarningMinor,class,mct,0.9,0.5,gov.nasa.arc.mct.services.component,190,0,0,0,0,0,0
Android Rules,class,mct,0.9,0.5,gov.nasa.arc.mct.services.component,190,0,0,0,0,0,0
Basic Rules,class,mct,0.9,0.5,gov.nasa.arc.mct.services.component,190,0,0,0,0,0,0
Brace Rules,class,mct,0.9,0.5,gov.nasa.arc.mct.services.component,190,0,0,0,0,0,0
Clone Implementation Rules,class,mct,0.9,0.5,gov.nasa.arc.mct.services.component,190,0,0,0,0,0,0
Code Size Rules,class,mct,0.9,0.5,gov.nasa.arc.mct.services.component,190,0,0,0,0,0,0
Comment Rules,class,mct,0.9,0.5,gov.nasa.arc.mct.services.component,190,0,0,0,0,0,0
Controversial Rules,class,mct,0.9,0.5,gov.nasa.arc.mct.services.component,190,0,0,0,0,0,0
Coupling Rules,class,mct,0.9,0.5,gov.nasa.arc.mct.services.component,190,0,0,0,0,0,0
Design Rules,class,mct,0.9,0.5,gov.nasa.arc.mct.services.component,190,0,0,0,0,0,0
Empty Code Rules,class,mct,0.9,0.5,gov.nasa.arc.mct.services.component,190,0,0,0,0,0,0
Finalizer Rules,class,mct,0.9,0.5,gov.nasa.arc.mct.services.component,190,0,0,0,0,0,0
Import Statement Rules,class,mct,0.9,0.5,gov.nasa.arc.mct.services.component,190,0,0,0,0,0,0
J2EE Rules,class,mct,0.9,0.5,gov.nasa.arc.mct.services.component,190,0,0,0,0,0,0
JUnit Rules,class,mct,0.9,0.5,gov.nasa.arc.mct.services.component,190,0,0,0,0,0,0
Jakarta Commons Logging Rules,class,mct,0.9,0.5,gov.nasa.arc.mct.services.component,190,0,0,0,0,0,0
Java Logging Rules,class,mct,0.9,0.5,gov.nasa.arc.mct.services.component,190,0,0,0,0,0,0
JavaBean Rules,class,mct,0.9,0.5,gov.nasa.arc.mct.services.component,190,0,0,0,0,0,0
MigratingToJUnit4 Rules,class,mct,0.9,0.5,gov.nasa.arc.mct.services.component,190,0,0,0,0,0,0
Migration Rules,class,mct,0.9,0.5,gov.nasa.arc.mct.services.component,190,0,0,0,0,0,0
Migration13 Rules,class,mct,0.9,0.5,gov.nasa.arc.mct.services.component,190,0,0,0,0,0,0
Migration14 Rules,class,mct,0.9,0.5,gov.nasa.arc.mct.services.component,190,0,0,0,0,0,0
Migration15 Rules,class,mct,0.9,0.5,gov.nasa.arc.mct.services.component,190,0,0,0,0,0,0
Naming Rules,class,mct,0.9,0.5,gov.nasa.arc.mct.services.component,190,0,0,0,0,0,0
Optimization Rules,class,mct,0.9,0.5,gov.nasa.arc.mct.services.component,190,0,0,0,0,0,0
Security Code Guideline Rules,class,mct,0.9,0.5,gov.nasa.arc.mct.services.component,190,0,0,0,0,0,0
Strict Exception Rules,class,mct,0.9,0.5,gov.nasa.arc.mct.services.component,190,0,0,0,0,0,0
String and StringBuffer Rules,class,mct,0.9,0.5,gov.nasa.arc.mct.services.component,190,0,0,0,0,0,0
Type Resolution Rules,class,mct,0.9,0.5,gov.nasa.arc.mct.services.component,190,0,0,0,0,0,0
Unnecessary and Unused Code Rules,class,mct,0.9,0.5,gov.nasa.arc.mct.services.component,190,0,0,0,0,0,0
Vulnerability Rules,class,mct,0.9,0.5,gov.nasa.arc.mct.services.component,190,0,0,0,0,0,0
McCC,file,mct,0.9,0.5,platform.src.main.java.gov.nasa.arc.mct.gui.dialogs,24,0,0,0,1,1,1
CLOC,file,mct,0.9,0.5,platform.src.main.java.gov.nasa.arc.mct.gui.dialogs,24,0,0,0,1,1,1
PDA,file,mct,0.9,0.5,platform.src.main.java.gov.nasa.arc.mct.gui.dialogs,24,0,0,0,1,1,1
PUA,file,mct,0.9,0.5,platform.src.main.java.gov.nasa.arc.mct.gui.dialogs,24,0,0,0,0,0,0
LLOC,file,mct,0.9,0.5,platform.src.main.java.gov.nasa.arc.mct.gui.dialogs,24,0,0,0,0,0,0
LOC,file,mct,0.9,0.5,platform.src.main.java.gov.nasa.arc.mct.gui.dialogs,24,0,0,0,0,0,0
McCC,file,mct,0.9,0.5,fastPlotViews.src.main.java.gov.nasa.arc.mct.fastplot.bridge,72,0,0,0,1,1,1
CLOC,file,mct,0.9,0.5,fastPlotViews.src.main.java.gov.nasa.arc.mct.fastplot.bridge,72,0,0,0,1,1,1
PDA,file,mct,0.9,0.5,fastPlotViews.src.main.java.gov.nasa.arc.mct.fastplot.bridge,72,0,0,0,1,1,1
PUA,file,mct,0.9,0.5,fastPlotViews.src.main.java.gov.nasa.arc.mct.fastplot.bridge,72,0,0,0,0,0,0
LLOC,file,mct,0.9,0.5,fastPlotViews.src.main.java.gov.nasa.arc.mct.fastplot.bridge,72,0,0,0,0,0,0
LOC,file,mct,0.9,0.5,fastPlotViews.src.main.java.gov.nasa.arc.mct.fastplot.bridge,72,0,0,0,0,0,0
McCC,file,mct,0.9,0.5,fastPlotViews.src.main.java.gov.nasa.arc.mct.fastplot.settings,24,0,0,0,1,1,1
CLOC,file,mct,0.9,0.5,fastPlotViews.src.main.java.gov.nasa.arc.mct.fastplot.settings,24,0,0,0,1,1,1
PDA,file,mct,0.9,0.5,fastPlotViews.src.main.java.gov.nasa.arc.mct.fastplot.settings,24,0,0,0,1,1,1
PUA,file,mct,0.9,0.5,fastPlotViews.src.main.java.gov.nasa.arc.mct.fastplot.settings,24,0,0,0,0,0,0
LLOC,file,mct,0.9,0.5,fastPlotViews.src.main.java.gov.nasa.arc.mct.fastplot.settings,24,0,0,0,0,0,0
LOC,file,mct,0.9,0.5,fastPlotViews.src.main.java.gov.nasa.arc.mct.fastplot.settings,24,0,0,0,0,0,0
McCC,file,mct,0.9,0.5,mctCoreTaxonomyProvider.src.test.java.gov.nasa.arc.mct.core.policy,12,0,0,0,1,1,1
CLOC,file,mct,0.9,0.5,mctCoreTaxonomyProvider.src.test.java.gov.nasa.arc.mct.core.policy,12,0,0,0,1,1,1
PDA,file,mct,0.9,0.5,mctCoreTaxonomyProvider.src.test.java.gov.nasa.arc.mct.core.policy,12,0,0,0,1,1,1
PUA,file,mct,0.9,0.5,mctCoreTaxonomyProvider.src.test.java.gov.nasa.arc.mct.core.policy,12,0,0,0,0,0,0
LLOC,file,mct,0.9,0.5,mctCoreTaxonomyProvider.src.test.java.gov.nasa.arc.mct.core.policy,12,0,0,0,0,0,0
LOC,file,mct,0.9,0.5,mctCoreTaxonomyProvider.src.test.java.gov.nasa.arc.mct.core.policy,12,0,0,0,0,0,0
McCC,file,mct,0.9,0.5,fastPlotViews.src.main.java.gov.nasa.arc.mct.fastplot.view,36,1,1,1,1,1,1
CLOC,file,mct,0.9,0.5,fastPlotViews.src.main.java.gov.nasa.arc.mct.fastplot.view,36,0,0,0,1,1,1
PDA,file,mct,0.9,0.5,fastPlotViews.src.main.java.gov.nasa.arc.mct.fastplot.view,36,1,1,1,1,1,1
PUA,file,mct,0.9,0.5,fastPlotViews.src.main.java.gov.nasa.arc.mct.fastplot.view,36,0,0,0,0,0,0
LLOC,file,mct,0.9,0.5,fastPlotViews.src.main.java.gov.nasa.arc.mct.fastplot.view,36,0,0,0,0,0,0
LOC,file,mct,0.9,0.5,fastPlotViews.src.main.java.gov.nasa.arc.mct.fastplot.view,36,0,0,0,0,0,0
McCC,file,mct,0.9,0.5,canvas.src.test.java.gov.nasa.arc.mct.canvas.view,12,0,0,0,1,1,1
CLOC,file,mct,0.9,0.5,canvas.src.test.java.gov.nasa.arc.mct.canvas.view,12,0,0,0,1,1,1
PDA,file,mct,0.9,0.5,canvas.src.test.java.gov.nasa.arc.mct.canvas.view,12,0,0,0,1,1,1
PUA,file,mct,0.9,0.5,canvas.src.test.java.gov.nasa.arc.mct.canvas.view,12,0,0,0,0,0,0
LLOC,file,mct,0.9,0.5,canvas.src.test.java.gov.nasa.arc.mct.canvas.view,12,0,0,0,0,0,0
LOC,file,mct,0.9,0.5,canvas.src.test.java.gov.nasa.arc.mct.canvas.view,12,0,0,0,0,0,0
McCC,file,mct,0.9,0.5,tableViews.src.main.java.gov.nasa.arc.mct.table.gui,12,0,0,0,1,1,1
CLOC,file,mct,0.9,0.5,tableViews.src.main.java.gov.nasa.arc.mct.table.gui,12,0,0,0,1,1,1
PDA,file,mct,0.9,0.5,tableViews.src.main.java.gov.nasa.arc.mct.table.gui,12,0,0,0,1,1,1
PUA,file,mct,0.9,0.5,tableViews.src.main.java.gov.nasa.arc.mct.table.gui,12,0,0,0,0,0,0
LLOC,file,mct,0.9,0.5,tableViews.src.main.java.gov.nasa.arc.mct.table.gui,12,0,0,0,0,0,0
LOC,file,mct,0.9,0.5,tableViews.src.main.java.gov.nasa.arc.mct.table.gui,12,0,0,0,0,0,0
McCC,file,mct,0.9,0.5,platform.src.test.java.gov.nasa.arc.mct.gui.housing,12,0,0,0,1,1,1
CLOC,file,mct,0.9,0.5,platform.src.test.java.gov.nasa.arc.mct.gui.housing,12,0,0,0,1,1,1
PDA,file,mct,0.9,0.5,platform.src.test.java.gov.nasa.arc.mct.gui.housing,12,0,0,0,1,1,1
PUA,file,mct,0.9,0.5,platform.src.test.java.gov.nasa.arc.mct.gui.housing,12,0,0,0,0,0,0
LLOC,file,mct,0.9,0.5,platform.src.test.java.gov.nasa.arc.mct.gui.housing,12,0,0,0,0,0,0
LOC,file,mct,0.9,0.5,platform.src.test.java.gov.nasa.arc.mct.gui.housing,12,0,0,0,0,0,0
McCC,file,mct,0.9,0.5,fastPlotViews.src.main.java.gov.nasa.arc.mct.fastplot.scatter,36,0,0,0,1,1,1
CLOC,file,mct,0.9,0.5,fastPlotViews.src.main.java.gov.nasa.arc.mct.fastplot.scatter,36,0,0,0,1,1,1
PDA,file,mct,0.9,0.5,fastPlotViews.src.main.java.gov.nasa.arc.mct.fastplot.scatter,36,0,0,0,1,1,1
PUA,file,mct,0.9,0.5,fastPlotViews.src.main.java.gov.nasa.arc.mct.fastplot.scatter,36,0,0,0,0,0,0
LLOC,file,mct,0.9,0.5,fastPlotViews.src.main.java.gov.nasa.arc.mct.fastplot.scatter,36,0,0,0,0,0,0
LOC,file,mct,0.9,0.5,fastPlotViews.src.main.java.gov.nasa.arc.mct.fastplot.scatter,36,0,0,0,0,0,0
McCC,file,mct,0.9,0.5,exampleplugin.src.main.java.org.acme.example.view,12,0,0,0,1,1,1
CLOC,file,mct,0.9,0.5,exampleplugin.src.main.java.org.acme.example.view,12,0,0,0,1,1,1
PDA,file,mct,0.9,0.5,exampleplugin.src.main.java.org.acme.example.view,12,0,0,0,1,1,1
PUA,file,mct,0.9,0.5,exampleplugin.src.main.java.org.acme.example.view,12,0,0,0,0,0,0
LLOC,file,mct,0.9,0.5,exampleplugin.src.main.java.org.acme.example.view,12,0,0,0,0,0,0
LOC,file,mct,0.9,0.5,exampleplugin.src.main.java.org.acme.example.view,12,0,0,0,0,0,0
McCC,file,mct,0.9,0.5,platform.src.main.java.gov.nasa.arc.mct.gui.housing,12,0,0,0,1,1,1
CLOC,file,mct,0.9,0.5,platform.src.main.java.gov.nasa.arc.mct.gui.housing,12,0,0,0,1,1,1
PDA,file,mct,0.9,0.5,platform.src.main.java.gov.nasa.arc.mct.gui.housing,12,0,0,0,1,1,1
PUA,file,mct,0.9,0.5,platform.src.main.java.gov.nasa.arc.mct.gui.housing,12,0,0,0,0,0,0
LLOC,file,mct,0.9,0.5,platform.src.main.java.gov.nasa.arc.mct.gui.housing,12,0,0,0,0,0,0
LOC,file,mct,0.9,0.5,platform.src.main.java.gov.nasa.arc.mct.gui.housing,12,0,0,0,0,0,0
McCC,file,mct,0.9,0.5,mctcore.src.main.java.gov.nasa.arc.mct.services.component,12,0,0,0,1,1,1
CLOC,file,mct,0.9,0.5,mctcore.src.main.java.gov.nasa.arc.mct.services.component,12,0,0,0,1,1,1
PDA,file,mct,0.9,0.5,mctcore.src.main.java.gov.nasa.arc.mct.services.component,12,0,0,0,1,1,1
PUA,file,mct,0.9,0.5,mctcore.src.main.java.gov.nasa.arc.mct.services.component,12,0,0,0,0,0,0
LLOC,file,mct,0.9,0.5,mctcore.src.main.java.gov.nasa.arc.mct.services.component,12,0,0,0,0,0,0
LOC,file,mct,0.9,0.5,mctcore.src.main.java.gov.nasa.arc.mct.services.component,12,0,0,0,0,0,0
McCC,file,mct,0.9,0.5,canvas.src.main.java.gov.nasa.arc.mct.canvas.view,24,0,0,0,1,1,1
CLOC,file,mct,0.9,0.5,canvas.src.main.java.gov.nasa.arc.mct.canvas.view,24,0,0,0,1,1,1
PDA,file,mct,0.9,0.5,canvas.src.main.java.gov.nasa.arc.mct.canvas.view,24,0,0,0,1,1,1
PUA,file,mct,0.9,0.5,canvas.src.main.java.gov.nasa.arc.mct.canvas.view,24,0,0,0,0,0,0
LLOC,file,mct,0.9,0.5,canvas.src.main.java.gov.nasa.arc.mct.canvas.view,24,0,0,0,0,0,0
LOC,file,mct,0.9,0.5,canvas.src.main.java.gov.nasa.arc.mct.canvas.view,24,0,0,0,0,0,0
McCC,file,mct,0.9,0.5,fastPlotViews.src.main.java.gov.nasa.arc.mct.fastplot.settings.controls,12,0,0,0,1,1,1
CLOC,file,mct,0.9,0.5,fastPlotViews.src.main.java.gov.nasa.arc.mct.fastplot.settings.controls,12,0,0,0,1,1,1
PDA,file,mct,0.9,0.5,fastPlotViews.src.main.java.gov.nasa.arc.mct.fastplot.settings.controls,12,0,0,0,1,1,1
PUA,file,mct,0.9,0.5,fastPlotViews.src.main.java.gov.nasa.arc.mct.fastplot.settings.controls,12,0,0,0,0,0,0
LLOC,file,mct,0.9,0.5,fastPlotViews.src.main.java.gov.nasa.arc.mct.fastplot.settings.controls,12,0,0,0,0,0,0
LOC,file,mct,0.9,0.5,fastPlotViews.src.main.java.gov.nasa.arc.mct.fastplot.settings.controls,12,0,0,0,0,0,0
McCC,file,mct,0.9,0.5,mctCoreTaxonomyProvider.src.main.java.gov.nasa.arc.mct.core.policy,12,0,0,0,1,1,1
CLOC,file,mct,0.9,0.5,mctCoreTaxonomyProvider.src.main.java.gov.nasa.arc.mct.core.policy,12,0,0,0,1,1,1
PDA,file,mct,0.9,0.5,mctCoreTaxonomyProvider.src.main.java.gov.nasa.arc.mct.core.policy,12,0,0,0,1,1,1
PUA,file,mct,0.9,0.5,mctCoreTaxonomyProvider.src.main.java.gov.nasa.arc.mct.core.policy,12,0,0,0,0,0,0
LLOC,file,mct,0.9,0.5,mctCoreTaxonomyProvider.src.main.java.gov.nasa.arc.mct.core.policy,12,0,0,0,0,0,0
LOC,file,mct,0.9,0.5,mctCoreTaxonomyProvider.src.main.java.gov.nasa.arc.mct.core.policy,12,0,0,0,0,0,0
McCC,file,mct,0.9,0.5,databasePersistence.src.main.java.gov.nasa.arc.mct.dbpersistence.service,12,0,0,0,1,1,1
CLOC,file,mct,0.9,0.5,databasePersistence.src.main.java.gov.nasa.arc.mct.dbpersistence.service,12,0,0,0,1,1,1
PDA,file,mct,0.9,0.5,databasePersistence.src.main.java.gov.nasa.arc.mct.dbpersistence.service,12,0,0,0,1,1,1
PUA,file,mct,0.9,0.5,databasePersistence.src.main.java.gov.nasa.arc.mct.dbpersistence.service,12,0,0,0,0,0,0
LLOC,file,mct,0.9,0.5,databasePersistence.src.main.java.gov.nasa.arc.mct.dbpersistence.service,12,0,0,0,0,0,0
LOC,file,mct,0.9,0.5,databasePersistence.src.main.java.gov.nasa.arc.mct.dbpersistence.service,12,0,0,0,0,0,0
McCC,file,mct,0.9,0.5,platform.src.main.java.gov.nasa.arc.mct.identitymgr.impl,12,0,0,0,1,1,1
CLOC,file,mct,0.9,0.5,platform.src.main.java.gov.nasa.arc.mct.identitymgr.impl,12,0,0,0,1,1,1
PDA,file,mct,0.9,0.5,platform.src.main.java.gov.nasa.arc.mct.identitymgr.impl,12,0,0,0,1,1,1
PUA,file,mct,0.9,0.5,platform.src.main.java.gov.nasa.arc.mct.identitymgr.impl,12,0,0,0,0,0,0
LLOC,file,mct,0.9,0.5,platform.src.main.java.gov.nasa.arc.mct.identitymgr.impl,12,0,0,0,0,0,0
LOC,file,mct,0.9,0.5,platform.src.main.java.gov.nasa.arc.mct.identitymgr.impl,12,0,0,0,0,0,0
CC,method,mct,0.9,0.5,gov.nasa.arc.mct.fastplot.bridge.MarqueeZoomListener,144,0,0,0,1,1,1
CCL,method,mct,0.9,0.5,gov.nasa.arc.mct.fastplot.bridge.MarqueeZoomListener,144,0,0,0,1,1,1
CCO,method,mct,0.9,0.5,gov.nasa.arc.mct.fastplot.bridge.MarqueeZoomListener,144,0,0,0,1,1,1
CI,method,mct,0.9,0.5,gov.nasa.arc.mct.fastplot.bridge.MarqueeZoomListener,144,0,0,0,1,1,1
CLC,method,mct,0.9,0.5,gov.nasa.arc.mct.fastplot.bridge.MarqueeZoomListener,144,0,0,0,1,1,1
CLLC,method,mct,0.9,0.5,gov.nasa.arc.mct.fastplot.bridge.MarqueeZoomListener,144,0,0,0,1,1,1
LDC,method,mct,0.9,0.5,gov.nasa.arc.mct.fastplot.bridge.MarqueeZoomListener,144,0,0,0,1,1,1
LLDC,method,mct,0.9,0.5,gov.nasa.arc.mct.fastplot.bridge.MarqueeZoomListener,144,0,0,0,1,1,1
HCPL,method,mct,0.9,0.5,gov.nasa.arc.mct.fastplot.bridge.MarqueeZoomListener,144,0,0,0,1,1,1
HDIF,method,mct,0.9,0.5,gov.nasa.arc.mct.fastplot.bridge.MarqueeZoomListener,144,0,0,0,1,1,1
HEFF,method,mct,0.9,0.5,gov.nasa.arc.mct.fastplot.bridge.MarqueeZoomListener,144,0,0,0,1,1,1
HNDB,method,mct,0.9,0.5,gov.nasa.arc.mct.fastplot.bridge.MarqueeZoomListener,144,0,0,0,1,1,1
HPL,method,mct,0.9,0.5,gov.nasa.arc.mct.fastplot.bridge.MarqueeZoomListener,144,0,0,0,1,1,1
HPV,method,mct,0.9,0.5,gov.nasa.arc.mct.fastplot.bridge.MarqueeZoomListener,144,0,0,0,1,1,1
HTRP,method,mct,0.9,0.5,gov.nasa.arc.mct.fastplot.bridge.MarqueeZoomListener,144,0,0,0,1,1,1
HVOL,method,mct,0.9,0.5,gov.nasa.arc.mct.fastplot.bridge.MarqueeZoomListener,144,0,0,0,1,1,1
MI,method,mct,0.9,0.5,gov.nasa.arc.mct.fastplot.bridge.MarqueeZoomListener,144,0,0,0,1,1,1
MIMS,method,mct,0.9,0.5,gov.nasa.arc.mct.fastplot.bridge.MarqueeZoomListener,144,0,0,0,1,1,1
MISEI,method,mct,0.9,0.5,gov.nasa.arc.mct.fastplot.bridge.MarqueeZoomListener,144,0,0,0,1,1,1
MISM,method,mct,0.9,0.5,gov.nasa.arc.mct.fastplot.bridge.MarqueeZoomListener,144,0,0,0,1,1,1
McCC,method,mct,0.9,0.5,gov.nasa.arc.mct.fastplot.bridge.MarqueeZoomListener,144,0,0,0,1,1,1
NL,method,mct,0.9,0.5,gov.nasa.arc.mct.fastplot.bridge.MarqueeZoomListener,144,0,0,0,1,1,1
NLE,method,mct,0.9,0.5,gov.nasa.arc.mct.fastplot.bridge.MarqueeZoomListener,144,0,0,0,1,1,1
NII,method,mct,0.9,0.5,gov.nasa.arc.mct.fastplot.bridge.MarqueeZoomListener,144,0,0,0,1,1,1
NOI,method,mct,0.9,0.5,gov.nasa.arc.mct.fastplot.bridge.MarqueeZoomListener,144,0,0,0,1,1,1
CD,method,mct,0.9,0.5,gov.nasa.arc.mct.fastplot.bridge.MarqueeZoomListener,144,0,0,0,1,1,1
CLOC,method,mct,0.9,0.5,gov.nasa.arc.mct.fastplot.bridge.MarqueeZoomListener,144,0,0,0,1,1,1
DLOC,method,mct,0.9,0.5,gov.nasa.arc.mct.fastplot.bridge.MarqueeZoomListener,144,0,0,0,1,1,1
TCD,method,mct,0.9,0.5,gov.nasa.arc.mct.fastplot.bridge.MarqueeZoomListener,144,0,0,0,1,1,1
TCLOC,method,mct,0.9,0.5,gov.nasa.arc.mct.fastplot.bridge.MarqueeZoomListener,144,0,0,0,1,1,1
LLOC,method,mct,0.9,0.5,gov.nasa.arc.mct.fastplot.bridge.MarqueeZoomListener,144,0,0,0,1,1,1
LOC,method,mct,0.9,0.5,gov.nasa.arc.mct.fastplot.bridge.MarqueeZoomListener,144,0,0,0,1,1,1
NOS,method,mct,0.9,0.5,gov.nasa.arc.mct.fastplot.bridge.MarqueeZoomListener,144,0,0,0,1,1,1
NUMPAR,method,mct,0.9,0.5,gov.nasa.arc.mct.fastplot.bridge.MarqueeZoomListener,144,0,0,0,1,1,1
TLLOC,method,mct,0.9,0.5,gov.nasa.arc.mct.fastplot.bridge.MarqueeZoomListener,144,0,0,0,1,1,1
TLOC,method,mct,0.9,0.5,gov.nasa.arc.mct.fastplot.bridge.MarqueeZoomListener,144,0,0,0,1,1,1
TNOS,method,mct,0.9,0.5,gov.nasa.arc.mct.fastplot.bridge.MarqueeZoomListener,144,0,0,0,0,0,0
WarningBlocker,method,mct,0.9,0.5,gov.nasa.arc.mct.fastplot.bridge.MarqueeZoomListener,144,0,0,0,0,0,0
WarningCritical,method,mct,0.9,0.5,gov.nasa.arc.mct.fastplot.bridge.MarqueeZoomListener,144,0,0,0,0,0,0
WarningInfo,method,mct,0.9,0.5,gov.nasa.arc.mct.fastplot.bridge.MarqueeZoomListener,144,0,0,0,0,0,0
WarningMajor,method,mct,0.9,0.5,gov.nasa.arc.mct.fastplot.bridge.MarqueeZoomListener,144,0,0,0,0,0,0
WarningMinor,method,mct,0.9,0.5,gov.nasa.arc.mct.fastplot.bridge.MarqueeZoomListener,144,0,0,0,0,0,0
Android Rules,method,mct,0.9,0.5,gov.nasa.arc.mct.fastplot.bridge.MarqueeZoomListener,144,0,0,0,0,0,0
Basic Rules,method,mct,0.9,0.5,gov.nasa.arc.mct.fastplot.bridge.MarqueeZoomListener,144,0,0,0,0,0,0
Brace Rules,method,mct,0.9,0.5,gov.nasa.arc.mct.fastplot.bridge.MarqueeZoomListener,144,0,0,0,0,0,0
Clone Implementation Rules,method,mct,0.9,0.5,gov.nasa.arc.mct.fastplot.bridge.MarqueeZoomListener,144,0,0,0,0,0,0
Code Size Rules,method,mct,0.9,0.5,gov.nasa.arc.mct.fastplot.bridge.MarqueeZoomListener,144,0,0,0,0,0,0
Comment Rules,method,mct,0.9,0.5,gov.nasa.arc.mct.fastplot.bridge.MarqueeZoomListener,144,0,0,0,0,0,0
Controversial Rules,method,mct,0.9,0.5,gov.nasa.arc.mct.fastplot.bridge.MarqueeZoomListener,144,0,0,0,0,0,0
Coupling Rules,method,mct,0.9,0.5,gov.nasa.arc.mct.fastplot.bridge.MarqueeZoomListener,144,0,0,0,0,0,0
Design Rules,method,mct,0.9,0.5,gov.nasa.arc.mct.fastplot.bridge.MarqueeZoomListener,144,0,0,0,0,0,0
Empty Code Rules,method,mct,0.9,0.5,gov.nasa.arc.mct.fastplot.bridge.MarqueeZoomListener,144,0,0,0,0,0,0
Finalizer Rules,method,mct,0.9,0.5,gov.nasa.arc.mct.fastplot.bridge.MarqueeZoomListener,144,0,0,0,0,0,0
Import Statement Rules,method,mct,0.9,0.5,gov.nasa.arc.mct.fastplot.bridge.MarqueeZoomListener,144,0,0,0,0,0,0
J2EE Rules,method,mct,0.9,0.5,gov.nasa.arc.mct.fastplot.bridge.MarqueeZoomListener,144,0,0,0,0,0,0
JUnit Rules,method,mct,0.9,0.5,gov.nasa.arc.mct.fastplot.bridge.MarqueeZoomListener,144,0,0,0,0,0,0
Jakarta Commons Logging Rules,method,mct,0.9,0.5,gov.nasa.arc.mct.fastplot.bridge.MarqueeZoomListener,144,0,0,0,0,0,0
Java Logging Rules,method,mct,0.9,0.5,gov.nasa.arc.mct.fastplot.bridge.MarqueeZoomListener,144,0,0,0,0,0,0
JavaBean Rules,method,mct,0.9,0.5,gov.nasa.arc.mct.fastplot.bridge.MarqueeZoomListener,144,0,0,0,0,0,0
MigratingToJUnit4 Rules,method,mct,0.9,0.5,gov.nasa.arc.mct.fastplot.bridge.MarqueeZoomListener,144,0,0,0,0,0,0
Migration Rules,method,mct,0.9,0.5,gov.nasa.arc.mct.fastplot.bridge.MarqueeZoomListener,144,0,0,0,0,0,0
Migration13 Rules,method,mct,0.9,0.5,gov.nasa.arc.mct.fastplot.bridge.MarqueeZoomListener,144,0,0,0,0,0,0
Migration14 Rules,method,mct,0.9,0.5,gov.nasa.arc.mct.fastplot.bridge.MarqueeZoomListener,144,0,0,0,0,0,0
Migration15 Rules,method,mct,0.9,0.5,gov.nasa.arc.mct.fastplot.bridge.MarqueeZoomListener,144,0,0,0,0,0,0
Naming Rules,method,mct,0.9,0.5,gov.nasa.arc.mct.fastplot.bridge.MarqueeZoomListener,144,0,0,0,0,0,0
Optimization Rules,method,mct,0.9,0.5,gov.nasa.arc.mct.fastplot.bridge.MarqueeZoomListener,144,0,0,0,0,0,0
Security Code Guideline Rules,method,mct,0.9,0.5,gov.nasa.arc.mct.fastplot.bridge.MarqueeZoomListener,144,0,0,0,0,0,0
Strict Exception Rules,method,mct,0.9,0.5,gov.nasa.arc.mct.fastplot.bridge.MarqueeZoomListener,144,0,0,0,0,0,0
String and StringBuffer Rules,method,mct,0.9,0.5,gov.nasa.arc.mct.fastplot.bridge.MarqueeZoomListener,144,0,0,0,0,0,0
Type Resolution Rules,method,mct,0.9,0.5,gov.nasa.arc.mct.fastplot.bridge.MarqueeZoomListener,144,0,0,0,0,0,0
Unnecessary and Unused Code Rules,method,mct,0.9,0.5,gov.nasa.arc.mct.fastplot.bridge.MarqueeZoomListener,144,0,0,0,0,0,0
Vulnerability Rules,method,mct,0.9,0.5,gov.nasa.arc.mct.fastplot.bridge.MarqueeZoomListener,144,0,0,0,0,0,0
CC,method,mct,0.9,0.5,gov.nasa.arc.mct.fastplot.settings.PlotSetupPanel$TimeSetupPanel,144,1,1,1,1,1,1
CCL,method,mct,0.9,0.5,gov.nasa.arc.mct.fastplot.settings.PlotSetupPanel$TimeSetupPanel,144,0,0,0,1,1,1
CCO,method,mct,0.9,0.5,gov.nasa.arc.mct.fastplot.settings.PlotSetupPanel$TimeSetupPanel,144,0,0,0,1,1,1
CI,method,mct,0.9,0.5,gov.nasa.arc.mct.fastplot.settings.PlotSetupPanel$TimeSetupPanel,144,0,0,0,1,1,1
CLC,method,mct,0.9,0.5,gov.nasa.arc.mct.fastplot.settings.PlotSetupPanel$TimeSetupPanel,144,1,1,1,1,1,1
CLLC,method,mct,0.9,0.5,gov.nasa.arc.mct.fastplot.settings.PlotSetupPanel$TimeSetupPanel,144,0,0,0,1,1,1
LDC,method,mct,0.9,0.5,gov.nasa.arc.mct.fastplot.settings.PlotSetupPanel$TimeSetupPanel,144,0,0,0,1,1,1
LLDC,method,mct,0.9,0.5,gov.nasa.arc.mct.fastplot.settings.PlotSetupPanel$TimeSetupPanel,144,0,0,0,1,1,1
HCPL,method,mct,0.9,0.5,gov.nasa.arc.mct.fastplot.settings.PlotSetupPanel$TimeSetupPanel,144,1,1,1,1,1,1
HDIF,method,mct,0.9,0.5,gov.nasa.arc.mct.fastplot.settings.PlotSetupPanel$TimeSetupPanel,144,1,1,1,1,1,1
HEFF,method,mct,0.9,0.5,gov.nasa.arc.mct.fastplot.settings.PlotSetupPanel$TimeSetupPanel,144,1,1,1,1,1,1
HNDB,method,mct,0.9,0.5,gov.nasa.arc.mct.fastplot.settings.PlotSetupPanel$TimeSetupPanel,144,1,1,1,1,1,1
HPL,method,mct,0.9,0.5,gov.nasa.arc.mct.fastplot.settings.PlotSetupPanel$TimeSetupPanel,144,1,1,1,1,1,1
HPV,method,mct,0.9,0.5,gov.nasa.arc.mct.fastplot.settings.PlotSetupPanel$TimeSetupPanel,144,1,1,1,1,1,1
HTRP,method,mct,0.9,0.5,gov.nasa.arc.mct.fastplot.settings.PlotSetupPanel$TimeSetupPanel,144,1,1,1,1,1,1
HVOL,method,mct,0.9,0.5,gov.nasa.arc.mct.fastplot.settings.PlotSetupPanel$TimeSetupPanel,144,1,1,1,1,1,1
MI,method,mct,0.9,0.5,gov.nasa.arc.mct.fastplot.settings.PlotSetupPanel$TimeSetupPanel,144,1,1,1,1,1,1
MIMS,method,mct,0.9,0.5,gov.nasa.arc.mct.fastplot.settings.PlotSetupPanel$TimeSetupPanel,144,1,1,1,1,1,1
MISEI,method,mct,0.9,0.5,gov.nasa.arc.mct.fastplot.settings.PlotSetupPanel$TimeSetupPanel,144,1,1,1,1,1,1
MISM,method,mct,0.9,0.5,gov.nasa.arc.mct.fastplot.settings.PlotSetupPanel$TimeSetupPanel,144,1,1,1,1,1,1
McCC,method,mct,0.9,0.5,gov.nasa.arc.mct.fastplot.settings.PlotSetupPanel$TimeSetupPanel,144,0,0,0,1,1,1
NL,method,mct,0.9,0.5,gov.nasa.arc.mct.fastplot.settings.PlotSetupPanel$TimeSetupPanel,144,0,0,0,1,1,1
NLE,method,mct,0.9,0.5,gov.nasa.arc.mct.fastplot.settings.PlotSetupPanel$TimeSetupPanel,144,0,0,0,1,1,1
NII,method,mct,0.9,0.5,gov.nasa.arc.mct.fastplot.settings.PlotSetupPanel$TimeSetupPanel,144,0,0,0,1,1,1
NOI,method,mct,0.9,0.5,gov.nasa.arc.mct.fastplot.settings.PlotSetupPanel$TimeSetupPanel,144,1,1,1,1,1,1
CD,method,mct,0.9,0.5,gov.nasa.arc.mct.fastplot.settings.PlotSetupPanel$TimeSetupPanel,144,0,0,0,1,1,1
CLOC,method,mct,0.9,0.5,gov.nasa.arc.mct.fastplot.settings.PlotSetupPanel$TimeSetupPanel,144,0,0,0,1,1,1
DLOC,method,mct,0.9,0.5,gov.nasa.arc.mct.fastplot.settings.PlotSetupPanel$TimeSetupPanel,144,0,0,0,1,1,1
TCD,method,mct,0.9,0.5,gov.nasa.arc.mct.fastplot.settings.PlotSetupPanel$TimeSetupPanel,144,0,0,0,1,1,1
TCLOC,method,mct,0.9,0.5,gov.nasa.arc.mct.fastplot.settings.PlotSetupPanel$TimeSetupPanel,144,0,0,0,1,1,1
LLOC,method,mct,0.9,0.5,gov.nasa.arc.mct.fastplot.settings.PlotSetupPanel$TimeSetupPanel,144,0,0,0,1,1,1
LOC,method,mct,0.9,0.5,gov.nasa.arc.mct.fastplot.settings.PlotSetupPanel$TimeSetupPanel,144,1,1,1,1,1,1
NOS,method,mct,0.9,0.5,gov.nasa.arc.mct.fastplot.settings.PlotSetupPanel$TimeSetupPanel,144,1,1,1,1,1,1
NUMPAR,method,mct,0.9,0.5,gov.nasa.arc.mct.fastplot.settings.PlotSetupPanel$TimeSetupPanel,144,0,0,0,1,1,1
TLLOC,method,mct,0.9,0.5,gov.nasa.arc.mct.fastplot.settings.PlotSetupPanel$TimeSetupPanel,144,0,0,0,1,1,1
TLOC,method,mct,0.9,0.5,gov.nasa.arc.mct.fastplot.settings.PlotSetupPanel$TimeSetupPanel,144,1,1,1,1,1,1
TNOS,method,mct,0.9,0.5,gov.nasa.arc.mct.fastplot.settings.PlotSetupPanel$TimeSetupPanel,144,0,0,0,0,0,0
WarningBlocker,method,mct,0.9,0.5,gov.nasa.arc.mct.fastplot.settings.PlotSetupPanel$TimeSetupPanel,144,0,0,0,0,0,0
WarningCritical,method,mct,0.9,0.5,gov.nasa.arc.mct.fastplot.settings.PlotSetupPanel$TimeSetupPanel,144,0,0,0,0,0,0
WarningInfo,method,mct,0.9,0.5,gov.nasa.arc.mct.fastplot.settings.PlotSetupPanel$TimeSetupPanel,144,0,0,0,0,0,0
WarningMajor,method,mct,0.9,0.5,gov.nasa.arc.mct.fastplot.settings.PlotSetupPanel$TimeSetupPanel,144,0,0,0,0,0,0
WarningMinor,method,mct,0.9,0.5,gov.nasa.arc.mct.fastplot.settings.PlotSetupPanel$TimeSetupPanel,144,0,0,0,0,0,0
Android Rules,method,mct,0.9,0.5,gov.nasa.arc.mct.fastplot.settings.PlotSetupPanel$TimeSetupPanel,144,0,0,0,0,0,0
Basic Rules,method,mct,0.9,0.5,gov.nasa.arc.mct.fastplot.settings.PlotSetupPanel$TimeSetupPanel,144,0,0,0,0,0,0
Brace Rules,method,mct,0.9,0.5,gov.nasa.arc.mct.fastplot.settings.PlotSetupPanel$TimeSetupPanel,144,0,0,0,0,0,0
Clone Implementation Rules,method,mct,0.9,0.5,gov.nasa.arc.mct.fastplot.settings.PlotSetupPanel$TimeSetupPanel,144,0,0,0,0,0,0
Code Size Rules,method,mct,0.9,0.5,gov.nasa.arc.mct.fastplot.settings.PlotSetupPanel$TimeSetupPanel,144,0,0,0,0,0,0
Comment Rules,method,mct,0.9,0.5,gov.nasa.arc.mct.fastplot.settings.PlotSetupPanel$TimeSetupPanel,144,0,0,0,0,0,0
Controversial Rules,method,mct,0.9,0.5,gov.nasa.arc.mct.fastplot.settings.PlotSetupPanel$TimeSetupPanel,144,0,0,0,0,0,0
Coupling Rules,method,mct,0.9,0.5,gov.nasa.arc.mct.fastplot.settings.PlotSetupPanel$TimeSetupPanel,144,0,0,0,0,0,0
Design Rules,method,mct,0.9,0.5,gov.nasa.arc.mct.fastplot.settings.PlotSetupPanel$TimeSetupPanel,144,0,0,0,0,0,0
Empty Code Rules,method,mct,0.9,0.5,gov.nasa.arc.mct.fastplot.settings.PlotSetupPanel$TimeSetupPanel,144,0,0,0,0,0,0
Finalizer Rules,method,mct,0.9,0.5,gov.nasa.arc.mct.fastplot.settings.PlotSetupPanel$TimeSetupPanel,144,0,0,0,0,0,0
Import Statement Rules,method,mct,0.9,0.5,gov.nasa.arc.mct.fastplot.settings.PlotSetupPanel$TimeSetupPanel,144,0,0,0,0,0,0
J2EE Rules,method,mct,0.9,0.5,gov.nasa.arc.mct.fastplot.settings.PlotSetupPanel$TimeSetupPanel,144,0,0,0,0,0,0
JUnit Rules,method,mct,0.9,0.5,gov.nasa.arc.mct.fastplot.settings.PlotSetupPanel$TimeSetupPanel,144,0,0,0,0,0,0
Jakarta Commons Logging Rules,method,mct,0.9,0.5,gov.nasa.arc.mct.fastplot.settings.PlotSetupPanel$TimeSetupPanel,144,0,0,0,0,0,0
Java Logging Rules,method,mct,0.9,0.5,gov.nasa.arc.mct.fastplot.settings.PlotSetupPanel$TimeSetupPanel,144,0,0,0,0,0,0
JavaBean Rules,method,mct,0.9,0.5,gov.nasa.arc.mct.fastplot.settings.PlotSetupPanel$TimeSetupPanel,144,0,0,0,0,0,0
MigratingToJUnit4 Rules,method,mct,0.9,0.5,gov.nasa.arc.mct.fastplot.settings.PlotSetupPanel$TimeSetupPanel,144,0,0,0,0,0,0
Migration Rules,method,mct,0.9,0.5,gov.nasa.arc.mct.fastplot.settings.PlotSetupPanel$TimeSetupPanel,144,0,0,0,0,0,0
Migration13 Rules,method,mct,0.9,0.5,gov.nasa.arc.mct.fastplot.settings.PlotSetupPanel$TimeSetupPanel,144,0,0,0,0,0,0
Migration14 Rules,method,mct,0.9,0.5,gov.nasa.arc.mct.fastplot.settings.PlotSetupPanel$TimeSetupPanel,144,0,0,0,0,0,0
Migration15 Rules,method,mct,0.9,0.5,gov.nasa.arc.mct.fastplot.settings.PlotSetupPanel$TimeSetupPanel,144,0,0,0,0,0,0
Naming Rules,method,mct,0.9,0.5,gov.nasa.arc.mct.fastplot.settings.PlotSetupPanel$TimeSetupPanel,144,0,0,0,0,0,0
Optimization Rules,method,mct,0.9,0.5,gov.nasa.arc.mct.fastplot.settings.PlotSetupPanel$TimeSetupPanel,144,0,0,0,0,0,0
Security Code Guideline Rules,method,mct,0.9,0.5,gov.nasa.arc.mct.fastplot.settings.PlotSetupPanel$TimeSetupPanel,144,0,0,0,0,0,0
Strict Exception Rules,method,mct,0.9,0.5,gov.nasa.arc.mct.fastplot.settings.PlotSetupPanel$TimeSetupPanel,144,0,0,0,0,0,0
String and StringBuffer Rules,method,mct,0.9,0.5,gov.nasa.arc.mct.fastplot.settings.PlotSetupPanel$TimeSetupPanel,144,0,0,0,0,0,0
Type Resolution Rules,method,mct,0.9,0.5,gov.nasa.arc.mct.fastplot.settings.PlotSetupPanel$TimeSetupPanel,144,0,0,0,0,0,0
Unnecessary and Unused Code Rules,method,mct,0.9,0.5,gov.nasa.arc.mct.fastplot.settings.PlotSetupPanel$TimeSetupPanel,144,0,0,0,0,0,0
Vulnerability Rules,method,mct,0.9,0.5,gov.nasa.arc.mct.fastplot.settings.PlotSetupPanel$TimeSetupPanel,144,0,0,0,0,0,0
CC,method,mct,0.9,0.5,gov.nasa.arc.mct.fastplot.settings.controls.PlotSettingsComboBox,288,0,0,0,1,1,1
CCL,method,mct,0.9,0.5,gov.nasa.arc.mct.fastplot.settings.controls.PlotSettingsComboBox,288,0,0,0,1,1,1
CCO,method,mct,0.9,0.5,gov.nasa.arc.mct.fastplot.settings.controls.PlotSettingsComboBox,288,0,0,0,1,1,1
CI,method,mct,0.9,0.5,gov.nasa.arc.mct.fastplot.settings.controls.PlotSettingsComboBox,288,0,0,0,1,1,1
CLC,method,mct,0.9,0.5,gov.nasa.arc.mct.fastplot.settings.controls.PlotSettingsComboBox,288,0,0,0,1,1,1
CLLC,method,mct,0.9,0.5,gov.nasa.arc.mct.fastplot.settings.controls.PlotSettingsComboBox,288,0,0,0,1,1,1
LDC,method,mct,0.9,0.5,gov.nasa.arc.mct.fastplot.settings.controls.PlotSettingsComboBox,288,0,0,0,1,1,1
LLDC,method,mct,0.9,0.5,gov.nasa.arc.mct.fastplot.settings.controls.PlotSettingsComboBox,288,0,0,0,1,1,1
HCPL,method,mct,0.9,0.5,gov.nasa.arc.mct.fastplot.settings.controls.PlotSettingsComboBox,288,1,1,1,1,1,1
HDIF,method,mct,0.9,0.5,gov.nasa.arc.mct.fastplot.settings.controls.PlotSettingsComboBox,288,1,1,1,1,1,1
HEFF,method,mct,0.9,0.5,gov.nasa.arc.mct.fastplot.settings.controls.PlotSettingsComboBox,288,1,1,1,1,1,1
HNDB,method,mct,0.9,0.5,gov.nasa.arc.mct.fastplot.settings.controls.PlotSettingsComboBox,288,1,1,1,1,1,1
HPL,method,mct,0.9,0.5,gov.nasa.arc.mct.fastplot.settings.controls.PlotSettingsComboBox,288,1,1,1,1,1,1
HPV,method,mct,0.9,0.5,gov.nasa.arc.mct.fastplot.settings.controls.PlotSettingsComboBox,288,1,1,1,1,1,1
HTRP,method,mct,0.9,0.5,gov.nasa.arc.mct.fastplot.settings.controls.PlotSettingsComboBox,288,1,1,1,1,1,1
HVOL,method,mct,0.9,0.5,gov.nasa.arc.mct.fastplot.settings.controls.PlotSettingsComboBox,288,1,1,1,1,1,1
MI,method,mct,0.9,0.5,gov.nasa.arc.mct.fastplot.settings.controls.PlotSettingsComboBox,288,1,1,1,1,1,1
MIMS,method,mct,0.9,0.5,gov.nasa.arc.mct.fastplot.settings.controls.PlotSettingsComboBox,288,1,1,1,1,1,1
MISEI,method,mct,0.9,0.5,gov.nasa.arc.mct.fastplot.settings.controls.PlotSettingsComboBox,288,1,1,1,1,1,1
MISM,method,mct,0.9,0.5,gov.nasa.arc.mct.fastplot.settings.controls.PlotSettingsComboBox,288,1,1,1,1,1,1
McCC,method,mct,0.9,0.5,gov.nasa.arc.mct.fastplot.settings.controls.PlotSettingsComboBox,288,1,1,1,1,1,1
NL,method,mct,0.9,0.5,gov.nasa.arc.mct.fastplot.settings.controls.PlotSettingsComboBox,288,1,1,1,1,1,1
NLE,method,mct,0.9,0.5,gov.nasa.arc.mct.fastplot.settings.controls.PlotSettingsComboBox,288,1,1,1,1,1,1
NII,method,mct,0.9,0.5,gov.nasa.arc.mct.fastplot.settings.controls.PlotSettingsComboBox,288,1,1,1,1,1,1
NOI,method,mct,0.9,0.5,gov.nasa.arc.mct.fastplot.settings.controls.PlotSettingsComboBox,288,1,1,1,1,1,1
CD,method,mct,0.9,0.5,gov.nasa.arc.mct.fastplot.settings.controls.PlotSettingsComboBox,288,1,1,1,1,1,1
CLOC,method,mct,0.9,0.5,gov.nasa.arc.mct.fastplot.settings.controls.PlotSettingsComboBox,288,1,1,1,1,1,1
DLOC,method,mct,0.9,0.5,gov.nasa.arc.mct.fastplot.settings.controls.PlotSettingsComboBox,288,1,1,1,1,1,1
TCD,method,mct,0.9,0.5,gov.nasa.arc.mct.fastplot.settings.controls.PlotSettingsComboBox,288,1,1,1,1,1,1
TCLOC,method,mct,0.9,0.5,gov.nasa.arc.mct.fastplot.settings.controls.PlotSettingsComboBox,288,1,1,1,1,1,1
LLOC,method,mct,0.9,0.5,gov.nasa.arc.mct.fastplot.settings.controls.PlotSettingsComboBox,288,1,1,1,1,1,1
LOC,method,mct,0.9,0.5,gov.nasa.arc.mct.fastplot.settings.controls.PlotSettingsComboBox,288,1,1,1,1,1,1
NOS,method,mct,0.9,0.5,gov.nasa.arc.mct.fastplot.settings.controls.PlotSettingsComboBox,288,1,1,1,1,1,1
NUMPAR,method,mct,0.9,0.5,gov.nasa.arc.mct.fastplot.settings.controls.PlotSettingsComboBox,288,0,0,0,1,1,1
TLLOC,method,mct,0.9,0.5,gov.nasa.arc.mct.fastplot.settings.controls.PlotSettingsComboBox,288,1,1,1,1,1,1
TLOC,method,mct,0.9,0.5,gov.nasa.arc.mct.fastplot.settings.controls.PlotSettingsComboBox,288,1,1,1,1,1,1
TNOS,method,mct,0.9,0.5,gov.nasa.arc.mct.fastplot.settings.controls.PlotSettingsComboBox,288,0,0,0,0,0,0
WarningBlocker,method,mct,0.9,0.5,gov.nasa.arc.mct.fastplot.settings.controls.PlotSettingsComboBox,288,0,0,0,0,0,0
WarningCritical,method,mct,0.9,0.5,gov.nasa.arc.mct.fastplot.settings.controls.PlotSettingsComboBox,288,0,0,0,0,0,0
WarningInfo,method,mct,0.9,0.5,gov.nasa.arc.mct.fastplot.settings.controls.PlotSettingsComboBox,288,0,0,0,0,0,0
WarningMajor,method,mct,0.9,0.5,gov.nasa.arc.mct.fastplot.settings.controls.PlotSettingsComboBox,288,0,0,0,0,0,0
WarningMinor,method,mct,0.9,0.5,gov.nasa.arc.mct.fastplot.settings.controls.PlotSettingsComboBox,288,0,0,0,0,0,0
Android Rules,method,mct,0.9,0.5,gov.nasa.arc.mct.fastplot.settings.controls.PlotSettingsComboBox,288,0,0,0,0,0,0
Basic Rules,method,mct,0.9,0.5,gov.nasa.arc.mct.fastplot.settings.controls.PlotSettingsComboBox,288,0,0,0,0,0,0
Brace Rules,method,mct,0.9,0.5,gov.nasa.arc.mct.fastplot.settings.controls.PlotSettingsComboBox,288,0,0,0,0,0,0
Clone Implementation Rules,method,mct,0.9,0.5,gov.nasa.arc.mct.fastplot.settings.controls.PlotSettingsComboBox,288,0,0,0,0,0,0
Code Size Rules,method,mct,0.9,0.5,gov.nasa.arc.mct.fastplot.settings.controls.PlotSettingsComboBox,288,0,0,0,0,0,0
Comment Rules,method,mct,0.9,0.5,gov.nasa.arc.mct.fastplot.settings.controls.PlotSettingsComboBox,288,0,0,0,0,0,0
Controversial Rules,method,mct,0.9,0.5,gov.nasa.arc.mct.fastplot.settings.controls.PlotSettingsComboBox,288,0,0,0,0,0,0
Coupling Rules,method,mct,0.9,0.5,gov.nasa.arc.mct.fastplot.settings.controls.PlotSettingsComboBox,288,0,0,0,0,0,0
Design Rules,method,mct,0.9,0.5,gov.nasa.arc.mct.fastplot.settings.controls.PlotSettingsComboBox,288,0,0,0,0,0,0
Empty Code Rules,method,mct,0.9,0.5,gov.nasa.arc.mct.fastplot.settings.controls.PlotSettingsComboBox,288,0,0,0,0,0,0
Finalizer Rules,method,mct,0.9,0.5,gov.nasa.arc.mct.fastplot.settings.controls.PlotSettingsComboBox,288,0,0,0,0,0,0
Import Statement Rules,method,mct,0.9,0.5,gov.nasa.arc.mct.fastplot.settings.controls.PlotSettingsComboBox,288,0,0,0,0,0,0
J2EE Rules,method,mct,0.9,0.5,gov.nasa.arc.mct.fastplot.settings.controls.PlotSettingsComboBox,288,0,0,0,0,0,0
JUnit Rules,method,mct,0.9,0.5,gov.nasa.arc.mct.fastplot.settings.controls.PlotSettingsComboBox,288,0,0,0,0,0,0
Jakarta Commons Logging Rules,method,mct,0.9,0.5,gov.nasa.arc.mct.fastplot.settings.controls.PlotSettingsComboBox,288,0,0,0,0,0,0
Java Logging Rules,method,mct,0.9,0.5,gov.nasa.arc.mct.fastplot.settings.controls.PlotSettingsComboBox,288,0,0,0,0,0,0
JavaBean Rules,method,mct,0.9,0.5,gov.nasa.arc.mct.fastplot.settings.controls.PlotSettingsComboBox,288,0,0,0,0,0,0
MigratingToJUnit4 Rules,method,mct,0.9,0.5,gov.nasa.arc.mct.fastplot.settings.controls.PlotSettingsComboBox,288,0,0,0,0,0,0
Migration Rules,method,mct,0.9,0.5,gov.nasa.arc.mct.fastplot.settings.controls.PlotSettingsComboBox,288,0,0,0,0,0,0
Migration13 Rules,method,mct,0.9,0.5,gov.nasa.arc.mct.fastplot.settings.controls.PlotSettingsComboBox,288,0,0,0,0,0,0
Migration14 Rules,method,mct,0.9,0.5,gov.nasa.arc.mct.fastplot.settings.controls.PlotSettingsComboBox,288,0,0,0,0,0,0
Migration15 Rules,method,mct,0.9,0.5,gov.nasa.arc.mct.fastplot.settings.controls.PlotSettingsComboBox,288,0,0,0,0,0,0
Naming Rules,method,mct,0.9,0.5,gov.nasa.arc.mct.fastplot.settings.controls.PlotSettingsComboBox,288,0,0,0,0,0,0
Optimization Rules,method,mct,0.9,0.5,gov.nasa.arc.mct.fastplot.settings.controls.PlotSettingsComboBox,288,0,0,0,0,0,0
Security Code Guideline Rules,method,mct,0.9,0.5,gov.nasa.arc.mct.fastplot.settings.controls.PlotSettingsComboBox,288,0,0,0,0,0,0
Strict Exception Rules,method,mct,0.9,0.5,gov.nasa.arc.mct.fastplot.settings.controls.PlotSettingsComboBox,288,0,0,0,0,0,0
String and StringBuffer Rules,method,mct,0.9,0.5,gov.nasa.arc.mct.fastplot.settings.controls.PlotSettingsComboBox,288,0,0,0,0,0,0
Type Resolution Rules,method,mct,0.9,0.5,gov.nasa.arc.mct.fastplot.settings.controls.PlotSettingsComboBox,288,0,0,0,0,0,0
Unnecessary and Unused Code Rules,method,mct,0.9,0.5,gov.nasa.arc.mct.fastplot.settings.controls.PlotSettingsComboBox,288,0,0,0,0,0,0
Vulnerability Rules,method,mct,0.9,0.5,gov.nasa.arc.mct.fastplot.settings.controls.PlotSettingsComboBox,288,0,0,0,0,0,0
CC,method,mct,0.9,0.5,gov.nasa.arc.mct.fastplot.view.PlotViewFactory,144,0,0,0,1,1,1
CCL,method,mct,0.9,0.5,gov.nasa.arc.mct.fastplot.view.PlotViewFactory,144,0,0,0,1,1,1
CCO,method,mct,0.9,0.5,gov.nasa.arc.mct.fastplot.view.PlotViewFactory,144,0,0,0,1,1,1
CI,method,mct,0.9,0.5,gov.nasa.arc.mct.fastplot.view.PlotViewFactory,144,0,0,0,1,1,1
CLC,method,mct,0.9,0.5,gov.nasa.arc.mct.fastplot.view.PlotViewFactory,144,0,0,0,1,1,1
CLLC,method,mct,0.9,0.5,gov.nasa.arc.mct.fastplot.view.PlotViewFactory,144,0,0,0,1,1,1
LDC,method,mct,0.9,0.5,gov.nasa.arc.mct.fastplot.view.PlotViewFactory,144,0,0,0,1,1,1
LLDC,method,mct,0.9,0.5,gov.nasa.arc.mct.fastplot.view.PlotViewFactory,144,0,0,0,1,1,1
HCPL,method,mct,0.9,0.5,gov.nasa.arc.mct.fastplot.view.PlotViewFactory,144,1,1,1,1,1,1
HDIF,method,mct,0.9,0.5,gov.nasa.arc.mct.fastplot.view.PlotViewFactory,144,1,1,1,1,1,1
HEFF,method,mct,0.9,0.5,gov.nasa.arc.mct.fastplot.view.PlotViewFactory,144,1,1,1,1,1,1
HNDB,method,mct,0.9,0.5,gov.nasa.arc.mct.fastplot.view.PlotViewFactory,144,1,1,1,1,1,1
HPL,method,mct,0.9,0.5,gov.nasa.arc.mct.fastplot.view.PlotViewFactory,144,1,1,1,1,1,1
HPV,method,mct,0.9,0.5,gov.nasa.arc.mct.fastplot.view.PlotViewFactory,144,1,1,1,1,1,1
HTRP,method,mct,0.9,0.5,gov.nasa.arc.mct.fastplot.view.PlotViewFactory,144,1,1,1,1,1,1
HVOL,method,mct,0.9,0.5,gov.nasa.arc.mct.fastplot.view.PlotViewFactory,144,1,1,1,1,1,1
MI,method,mct,0.9,0.5,gov.nasa.arc.mct.fastplot.view.PlotViewFactory,144,1,1,1,1,1,1
MIMS,method,mct,0.9,0.5,gov.nasa.arc.mct.fastplot.view.PlotViewFactory,144,1,1,1,1,1,1
MISEI,method,mct,0.9,0.5,gov.nasa.arc.mct.fastplot.view.PlotViewFactory,144,1,1,1,1,1,1
MISM,method,mct,0.9,0.5,gov.nasa.arc.mct.fastplot.view.PlotViewFactory,144,1,1,1,1,1,1
McCC,method,mct,0.9,0.5,gov.nasa.arc.mct.fastplot.view.PlotViewFactory,144,1,1,1,1,1,1
NL,method,mct,0.9,0.5,gov.nasa.arc.mct.fastplot.view.PlotViewFactory,144,1,1,1,1,1,1
NLE,method,mct,0.9,0.5,gov.nasa.arc.mct.fastplot.view.PlotViewFactory,144,0,0,0,1,1,1
NII,method,mct,0.9,0.5,gov.nasa.arc.mct.fastplot.view.PlotViewFactory,144,0,0,0,1,1,1
NOI,method,mct,0.9,0.5,gov.nasa.arc.mct.fastplot.view.PlotViewFactory,144,1,1,1,1,1,1
CD,method,mct,0.9,0.5,gov.nasa.arc.mct.fastplot.view.PlotViewFactory,144,1,1,1,1,1,1
CLOC,method,mct,0.9,0.5,gov.nasa.arc.mct.fastplot.view.PlotViewFactory,144,0,0,0,1,1,1
DLOC,method,mct,0.9,0.5,gov.nasa.arc.mct.fastplot.view.PlotViewFactory,144,0,0,0,1,1,1
TCD,method,mct,0.9,0.5,gov.nasa.arc.mct.fastplot.view.PlotViewFactory,144,1,1,1,1,1,1
TCLOC,method,mct,0.9,0.5,gov.nasa.arc.mct.fastplot.view.PlotViewFactory,144,0,0,0,1,1,1
LLOC,method,mct,0.9,0.5,gov.nasa.arc.mct.fastplot.view.PlotViewFactory,144,1,1,1,1,1,1
LOC,method,mct,0.9,0.5,gov.nasa.arc.mct.fastplot.view.PlotViewFactory,144,1,1,1,1,1,1
NOS,method,mct,0.9,0.5,gov.nasa.arc.mct.fastplot.view.PlotViewFactory,144,1,1,1,1,1,1
NUMPAR,method,mct,0.9,0.5,gov.nasa.arc.mct.fastplot.view.PlotViewFactory,144,0,0,0,1,1,1
TLLOC,method,mct,0.9,0.5,gov.nasa.arc.mct.fastplot.view.PlotViewFactory,144,1,1,1,1,1,1
TLOC,method,mct,0.9,0.5,gov.nasa.arc.mct.fastplot.view.PlotViewFactory,144,1,1,1,1,1,1
TNOS,method,mct,0.9,0.5,gov.nasa.arc.mct.fastplot.view.PlotViewFactory,144,0,0,0,0,0,0
WarningBlocker,method,mct,0.9,0.5,gov.nasa.arc.mct.fastplot.view.PlotViewFactory,144,0,0,0,0,0,0
WarningCritical,method,mct,0.9,0.5,gov.nasa.arc.mct.fastplot.view.PlotViewFactory,144,0,0,0,0,0,0
WarningInfo,method,mct,0.9,0.5,gov.nasa.arc.mct.fastplot.view.PlotViewFactory,144,0,0,0,0,0,0
WarningMajor,method,mct,0.9,0.5,gov.nasa.arc.mct.fastplot.view.PlotViewFactory,144,0,0,0,0,0,0
WarningMinor,method,mct,0.9,0.5,gov.nasa.arc.mct.fastplot.view.PlotViewFactory,144,0,0,0,0,0,0
Android Rules,method,mct,0.9,0.5,gov.nasa.arc.mct.fastplot.view.PlotViewFactory,144,0,0,0,0,0,0
Basic Rules,method,mct,0.9,0.5,gov.nasa.arc.mct.fastplot.view.PlotViewFactory,144,0,0,0,0,0,0
Brace Rules,method,mct,0.9,0.5,gov.nasa.arc.mct.fastplot.view.PlotViewFactory,144,0,0,0,0,0,0
Clone Implementation Rules,method,mct,0.9,0.5,gov.nasa.arc.mct.fastplot.view.PlotViewFactory,144,0,0,0,0,0,0
Code Size Rules,method,mct,0.9,0.5,gov.nasa.arc.mct.fastplot.view.PlotViewFactory,144,0,0,0,0,0,0
Comment Rules,method,mct,0.9,0.5,gov.nasa.arc.mct.fastplot.view.PlotViewFactory,144,0,0,0,0,0,0
Controversial Rules,method,mct,0.9,0.5,gov.nasa.arc.mct.fastplot.view.PlotViewFactory,144,0,0,0,0,0,0
Coupling Rules,method,mct,0.9,0.5,gov.nasa.arc.mct.fastplot.view.PlotViewFactory,144,0,0,0,0,0,0
Design Rules,method,mct,0.9,0.5,gov.nasa.arc.mct.fastplot.view.PlotViewFactory,144,0,0,0,0,0,0
Empty Code Rules,method,mct,0.9,0.5,gov.nasa.arc.mct.fastplot.view.PlotViewFactory,144,0,0,0,0,0,0
Finalizer Rules,method,mct,0.9,0.5,gov.nasa.arc.mct.fastplot.view.PlotViewFactory,144,0,0,0,0,0,0
Import Statement Rules,method,mct,0.9,0.5,gov.nasa.arc.mct.fastplot.view.PlotViewFactory,144,0,0,0,0,0,0
J2EE Rules,method,mct,0.9,0.5,gov.nasa.arc.mct.fastplot.view.PlotViewFactory,144,0,0,0,0,0,0
JUnit Rules,method,mct,0.9,0.5,gov.nasa.arc.mct.fastplot.view.PlotViewFactory,144,0,0,0,0,0,0
Jakarta Commons Logging Rules,method,mct,0.9,0.5,gov.nasa.arc.mct.fastplot.view.PlotViewFactory,144,0,0,0,0,0,0
Java Logging Rules,method,mct,0.9,0.5,gov.nasa.arc.mct.fastplot.view.PlotViewFactory,144,0,0,0,0,0,0
JavaBean Rules,method,mct,0.9,0.5,gov.nasa.arc.mct.fastplot.view.PlotViewFactory,144,0,0,0,0,0,0
MigratingToJUnit4 Rules,method,mct,0.9,0.5,gov.nasa.arc.mct.fastplot.view.PlotViewFactory,144,0,0,0,0,0,0
Migration Rules,method,mct,0.9,0.5,gov.nasa.arc.mct.fastplot.view.PlotViewFactory,144,0,0,0,0,0,0
Migration13 Rules,method,mct,0.9,0.5,gov.nasa.arc.mct.fastplot.view.PlotViewFactory,144,0,0,0,0,0,0
Migration14 Rules,method,mct,0.9,0.5,gov.nasa.arc.mct.fastplot.view.PlotViewFactory,144,0,0,0,0,0,0
Migration15 Rules,method,mct,0.9,0.5,gov.nasa.arc.mct.fastplot.view.PlotViewFactory,144,0,0,0,0,0,0
Naming Rules,method,mct,0.9,0.5,gov.nasa.arc.mct.fastplot.view.PlotViewFactory,144,0,0,0,0,0,0
Optimization Rules,method,mct,0.9,0.5,gov.nasa.arc.mct.fastplot.view.PlotViewFactory,144,0,0,0,0,0,0
Security Code Guideline Rules,method,mct,0.9,0.5,gov.nasa.arc.mct.fastplot.view.PlotViewFactory,144,0,0,0,0,0,0
Strict Exception Rules,method,mct,0.9,0.5,gov.nasa.arc.mct.fastplot.view.PlotViewFactory,144,0,0,0,0,0,0
String and StringBuffer Rules,method,mct,0.9,0.5,gov.nasa.arc.mct.fastplot.view.PlotViewFactory,144,0,0,0,0,0,0
Type Resolution Rules,method,mct,0.9,0.5,gov.nasa.arc.mct.fastplot.view.PlotViewFactory,144,0,0,0,0,0,0
Unnecessary and Unused Code Rules,method,mct,0.9,0.5,gov.nasa.arc.mct.fastplot.view.PlotViewFactory,144,0,0,0,0,0,0
Vulnerability Rules,method,mct,0.9,0.5,gov.nasa.arc.mct.fastplot.view.PlotViewFactory,144,0,0,0,0,0,0
CC,method,mct,0.9,0.5,gov.nasa.arc.mct.canvas.view.PanelInspector,360,1,1,1,1,1,1
CCL,method,mct,0.9,0.5,gov.nasa.arc.mct.canvas.view.PanelInspector,360,1,1,1,1,1,1
CCO,method,mct,0.9,0.5,gov.nasa.arc.mct.canvas.view.PanelInspector,360,1,1,1,1,1,1
CI,method,mct,0.9,0.5,gov.nasa.arc.mct.canvas.view.PanelInspector,360,1,1,1,1,1,1
CLC,method,mct,0.9,0.5,gov.nasa.arc.mct.canvas.view.PanelInspector,360,1,1,1,1,1,1
CLLC,method,mct,0.9,0.5,gov.nasa.arc.mct.canvas.view.PanelInspector,360,1,1,1,1,1,1
LDC,method,mct,0.9,0.5,gov.nasa.arc.mct.canvas.view.PanelInspector,360,1,1,1,1,1,1
LLDC,method,mct,0.9,0.5,gov.nasa.arc.mct.canvas.view.PanelInspector,360,1,1,1,1,1,1
HCPL,method,mct,0.9,0.5,gov.nasa.arc.mct.canvas.view.PanelInspector,360,1,1,1,1,1,1
HDIF,method,mct,0.9,0.5,gov.nasa.arc.mct.canvas.view.PanelInspector,360,1,1,1,1,1,1
HEFF,method,mct,0.9,0.5,gov.nasa.arc.mct.canvas.view.PanelInspector,360,1,1,1,1,1,1
HNDB,method,mct,0.9,0.5,gov.nasa.arc.mct.canvas.view.PanelInspector,360,1,1,1,1,1,1
HPL,method,mct,0.9,0.5,gov.nasa.arc.mct.canvas.view.PanelInspector,360,1,1,1,1,1,1
HPV,method,mct,0.9,0.5,gov.nasa.arc.mct.canvas.view.PanelInspector,360,1,1,1,1,1,1
HTRP,method,mct,0.9,0.5,gov.nasa.arc.mct.canvas.view.PanelInspector,360,1,1,1,1,1,1
HVOL,method,mct,0.9,0.5,gov.nasa.arc.mct.canvas.view.PanelInspector,360,1,1,1,1,1,1
MI,method,mct,0.9,0.5,gov.nasa.arc.mct.canvas.view.PanelInspector,360,1,1,1,1,1,1
MIMS,method,mct,0.9,0.5,gov.nasa.arc.mct.canvas.view.PanelInspector,360,1,1,1,1,1,1
MISEI,method,mct,0.9,0.5,gov.nasa.arc.mct.canvas.view.PanelInspector,360,1,1,1,1,1,1
MISM,method,mct,0.9,0.5,gov.nasa.arc.mct.canvas.view.PanelInspector,360,1,1,1,1,1,1
McCC,method,mct,0.9,0.5,gov.nasa.arc.mct.canvas.view.PanelInspector,360,1,1,1,1,1,1
NL,method,mct,0.9,0.5,gov.nasa.arc.mct.canvas.view.PanelInspector,360,1,1,1,1,1,1
NLE,method,mct,0.9,0.5,gov.nasa.arc.mct.canvas.view.PanelInspector,360,1,1,1,1,1,1
NII,method,mct,0.9,0.5,gov.nasa.arc.mct.canvas.view.PanelInspector,360,1,1,1,1,1,1
NOI,method,mct,0.9,0.5,gov.nasa.arc.mct.canvas.view.PanelInspector,360,1,1,1,1,1,1
CD,method,mct,0.9,0.5,gov.nasa.arc.mct.canvas.view.PanelInspector,360,1,1,1,1,1,1
CLOC,method,mct,0.9,0.5,gov.nasa.arc.mct.canvas.view.PanelInspector,360,1,1,1,1,1,1
DLOC,method,mct,0.9,0.5,gov.nasa.arc.mct.canvas.view.PanelInspector,360,0,0,0,1,1,1
TCD,method,mct,0.9,0.5,gov.nasa.arc.mct.canvas.view.PanelInspector,360,1,1,1,1,1,1
TCLOC,method,mct,0.9,0.5,gov.nasa.arc.mct.canvas.view.PanelInspector,360,1,1,1,1,1,1
LLOC,method,mct,0.9,0.5,gov.nasa.arc.mct.canvas.view.PanelInspector,360,1,1,1,1,1,1
LOC,method,mct,0.9,0.5,gov.nasa.arc.mct.canvas.view.PanelInspector,360,1,1,1,1,1,1
NOS,method,mct,0.9,0.5,gov.nasa.arc.mct.canvas.view.PanelInspector,360,1,1,1,1,1,1
NUMPAR,method,mct,0.9,0.5,gov.nasa.arc.mct.canvas.view.PanelInspector,360,1,1,1,1,1,1
TLLOC,method,mct,0.9,0.5,gov.nasa.arc.mct.canvas.view.PanelInspector,360,1,1,1,1,1,1
TLOC,method,mct,0.9,0.5,gov.nasa.arc.mct.canvas.view.PanelInspector,360,1,1,1,1,1,1
TNOS,method,mct,0.9,0.5,gov.nasa.arc.mct.canvas.view.PanelInspector,360,0,0,0,0,0,0
WarningBlocker,method,mct,0.9,0.5,gov.nasa.arc.mct.canvas.view.PanelInspector,360,0,0,0,0,0,0
WarningCritical,method,mct,0.9,0.5,gov.nasa.arc.mct.canvas.view.PanelInspector,360,0,0,0,0,0,0
WarningInfo,method,mct,0.9,0.5,gov.nasa.arc.mct.canvas.view.PanelInspector,360,0,0,0,0,0,0
WarningMajor,method,mct,0.9,0.5,gov.nasa.arc.mct.canvas.view.PanelInspector,360,0,0,0,0,0,0
WarningMinor,method,mct,0.9,0.5,gov.nasa.arc.mct.canvas.view.PanelInspector,360,0,0,0,0,0,0
Android Rules,method,mct,0.9,0.5,gov.nasa.arc.mct.canvas.view.PanelInspector,360,0,0,0,0,0,0
Basic Rules,method,mct,0.9,0.5,gov.nasa.arc.mct.canvas.view.PanelInspector,360,0,0,0,0,0,0
Brace Rules,method,mct,0.9,0.5,gov.nasa.arc.mct.canvas.view.PanelInspector,360,0,0,0,0,0,0
Clone Implementation Rules,method,mct,0.9,0.5,gov.nasa.arc.mct.canvas.view.PanelInspector,360,0,0,0,0,0,0
Code Size Rules,method,mct,0.9,0.5,gov.nasa.arc.mct.canvas.view.PanelInspector,360,0,0,0,0,0,0
Comment Rules,method,mct,0.9,0.5,gov.nasa.arc.mct.canvas.view.PanelInspector,360,0,0,0,0,0,0
Controversial Rules,method,mct,0.9,0.5,gov.nasa.arc.mct.canvas.view.PanelInspector,360,0,0,0,0,0,0
Coupling Rules,method,mct,0.9,0.5,gov.nasa.arc.mct.canvas.view.PanelInspector,360,0,0,0,0,0,0
Design Rules,method,mct,0.9,0.5,gov.nasa.arc.mct.canvas.view.PanelInspector,360,0,0,0,0,0,0
Empty Code Rules,method,mct,0.9,0.5,gov.nasa.arc.mct.canvas.view.PanelInspector,360,0,0,0,0,0,0
Finalizer Rules,method,mct,0.9,0.5,gov.nasa.arc.mct.canvas.view.PanelInspector,360,0,0,0,0,0,0
Import Statement Rules,method,mct,0.9,0.5,gov.nasa.arc.mct.canvas.view.PanelInspector,360,0,0,0,0,0,0
J2EE Rules,method,mct,0.9,0.5,gov.nasa.arc.mct.canvas.view.PanelInspector,360,0,0,0,0,0,0
JUnit Rules,method,mct,0.9,0.5,gov.nasa.arc.mct.canvas.view.PanelInspector,360,0,0,0,0,0,0
Jakarta Commons Logging Rules,method,mct,0.9,0.5,gov.nasa.arc.mct.canvas.view.PanelInspector,360,0,0,0,0,0,0
Java Logging Rules,method,mct,0.9,0.5,gov.nasa.arc.mct.canvas.view.PanelInspector,360,0,0,0,0,0,0
JavaBean Rules,method,mct,0.9,0.5,gov.nasa.arc.mct.canvas.view.PanelInspector,360,0,0,0,0,0,0
MigratingToJUnit4 Rules,method,mct,0.9,0.5,gov.nasa.arc.mct.canvas.view.PanelInspector,360,0,0,0,0,0,0
Migration Rules,method,mct,0.9,0.5,gov.nasa.arc.mct.canvas.view.PanelInspector,360,0,0,0,0,0,0
Migration13 Rules,method,mct,0.9,0.5,gov.nasa.arc.mct.canvas.view.PanelInspector,360,0,0,0,0,0,0
Migration14 Rules,method,mct,0.9,0.5,gov.nasa.arc.mct.canvas.view.PanelInspector,360,0,0,0,0,0,0
Migration15 Rules,method,mct,0.9,0.5,gov.nasa.arc.mct.canvas.view.PanelInspector,360,0,0,0,0,0,0
Naming Rules,method,mct,0.9,0.5,gov.nasa.arc.mct.canvas.view.PanelInspector,360,0,0,0,0,0,0
Optimization Rules,method,mct,0.9,0.5,gov.nasa.arc.mct.canvas.view.PanelInspector,360,0,0,0,0,0,0
Security Code Guideline Rules,method,mct,0.9,0.5,gov.nasa.arc.mct.canvas.view.PanelInspector,360,0,0,0,0,0,0
Strict Exception Rules,method,mct,0.9,0.5,gov.nasa.arc.mct.canvas.view.PanelInspector,360,0,0,0,0,0,0
String and StringBuffer Rules,method,mct,0.9,0.5,gov.nasa.arc.mct.canvas.view.PanelInspector,360,0,0,0,0,0,0
Type Resolution Rules,method,mct,0.9,0.5,gov.nasa.arc.mct.canvas.view.PanelInspector,360,0,0,0,0,0,0
Unnecessary and Unused Code Rules,method,mct,0.9,0.5,gov.nasa.arc.mct.canvas.view.PanelInspector,360,0,0,0,0,0,0
Vulnerability Rules,method,mct,0.9,0.5,gov.nasa.arc.mct.canvas.view.PanelInspector,360,0,0,0,0,0,0
CC,method,mct,0.9,0.5,gov.nasa.arc.mct.table.gui.LabeledTable,144,0,0,0,1,1,1
CCL,method,mct,0.9,0.5,gov.nasa.arc.mct.table.gui.LabeledTable,144,0,0,0,1,1,1
CCO,method,mct,0.9,0.5,gov.nasa.arc.mct.table.gui.LabeledTable,144,0,0,0,1,1,1
CI,method,mct,0.9,0.5,gov.nasa.arc.mct.table.gui.LabeledTable,144,0,0,0,1,1,1
CLC,method,mct,0.9,0.5,gov.nasa.arc.mct.table.gui.LabeledTable,144,0,0,0,1,1,1
CLLC,method,mct,0.9,0.5,gov.nasa.arc.mct.table.gui.LabeledTable,144,0,0,0,1,1,1
LDC,method,mct,0.9,0.5,gov.nasa.arc.mct.table.gui.LabeledTable,144,0,0,0,1,1,1
LLDC,method,mct,0.9,0.5,gov.nasa.arc.mct.table.gui.LabeledTable,144,0,0,0,1,1,1
HCPL,method,mct,0.9,0.5,gov.nasa.arc.mct.table.gui.LabeledTable,144,1,1,1,1,1,1
HDIF,method,mct,0.9,0.5,gov.nasa.arc.mct.table.gui.LabeledTable,144,1,1,1,1,1,1
HEFF,method,mct,0.9,0.5,gov.nasa.arc.mct.table.gui.LabeledTable,144,1,1,1,1,1,1
HNDB,method,mct,0.9,0.5,gov.nasa.arc.mct.table.gui.LabeledTable,144,1,1,1,1,1,1
HPL,method,mct,0.9,0.5,gov.nasa.arc.mct.table.gui.LabeledTable,144,1,1,1,1,1,1
HPV,method,mct,0.9,0.5,gov.nasa.arc.mct.table.gui.LabeledTable,144,1,1,1,1,1,1
HTRP,method,mct,0.9,0.5,gov.nasa.arc.mct.table.gui.LabeledTable,144,1,1,1,1,1,1
HVOL,method,mct,0.9,0.5,gov.nasa.arc.mct.table.gui.LabeledTable,144,1,1,1,1,1,1
MI,method,mct,0.9,0.5,gov.nasa.arc.mct.table.gui.LabeledTable,144,1,1,1,1,1,1
MIMS,method,mct,0.9,0.5,gov.nasa.arc.mct.table.gui.LabeledTable,144,1,1,1,1,1,1
MISEI,method,mct,0.9,0.5,gov.nasa.arc.mct.table.gui.LabeledTable,144,1,1,1,1,1,1
MISM,method,mct,0.9,0.5,gov.nasa.arc.mct.table.gui.LabeledTable,144,1,1,1,1,1,1
McCC,method,mct,0.9,0.5,gov.nasa.arc.mct.table.gui.LabeledTable,144,1,1,1,1,1,1
NL,method,mct,0.9,0.5,gov.nasa.arc.mct.table.gui.LabeledTable,144,1,1,1,1,1,1
NLE,method,mct,0.9,0.5,gov.nasa.arc.mct.table.gui.LabeledTable,144,1,1,1,1,1,1
NII,method,mct,0.9,0.5,gov.nasa.arc.mct.table.gui.LabeledTable,144,0,0,0,1,1,1
NOI,method,mct,0.9,0.5,gov.nasa.arc.mct.table.gui.LabeledTable,144,0,0,0,1,1,1
CD,method,mct,0.9,0.5,gov.nasa.arc.mct.table.gui.LabeledTable,144,1,1,1,1,1,1
CLOC,method,mct,0.9,0.5,gov.nasa.arc.mct.table.gui.LabeledTable,144,0,0,0,1,1,1
DLOC,method,mct,0.9,0.5,gov.nasa.arc.mct.table.gui.LabeledTable,144,0,0,0,1,1,1
TCD,method,mct,0.9,0.5,gov.nasa.arc.mct.table.gui.LabeledTable,144,1,1,1,1,1,1
TCLOC,method,mct,0.9,0.5,gov.nasa.arc.mct.table.gui.LabeledTable,144,0,0,0,1,1,1
LLOC,method,mct,0.9,0.5,gov.nasa.arc.mct.table.gui.LabeledTable,144,1,1,1,1,1,1
LOC,method,mct,0.9,0.5,gov.nasa.arc.mct.table.gui.LabeledTable,144,1,1,1,1,1,1
NOS,method,mct,0.9,0.5,gov.nasa.arc.mct.table.gui.LabeledTable,144,1,1,1,1,1,1
NUMPAR,method,mct,0.9,0.5,gov.nasa.arc.mct.table.gui.LabeledTable,144,0,0,0,1,1,1
TLLOC,method,mct,0.9,0.5,gov.nasa.arc.mct.table.gui.LabeledTable,144,1,1,1,1,1,1
TLOC,method,mct,0.9,0.5,gov.nasa.arc.mct.table.gui.LabeledTable,144,1,1,1,1,1,1
TNOS,method,mct,0.9,0.5,gov.nasa.arc.mct.table.gui.LabeledTable,144,0,0,0,0,0,0
WarningBlocker,method,mct,0.9,0.5,gov.nasa.arc.mct.table.gui.LabeledTable,144,0,0,0,0,0,0
WarningCritical,method,mct,0.9,0.5,gov.nasa.arc.mct.table.gui.LabeledTable,144,0,0,0,0,0,0
WarningInfo,method,mct,0.9,0.5,gov.nasa.arc.mct.table.gui.LabeledTable,144,0,0,0,0,0,0
WarningMajor,method,mct,0.9,0.5,gov.nasa.arc.mct.table.gui.LabeledTable,144,0,0,0,0,0,0
WarningMinor,method,mct,0.9,0.5,gov.nasa.arc.mct.table.gui.LabeledTable,144,0,0,0,0,0,0
Android Rules,method,mct,0.9,0.5,gov.nasa.arc.mct.table.gui.LabeledTable,144,0,0,0,0,0,0
Basic Rules,method,mct,0.9,0.5,gov.nasa.arc.mct.table.gui.LabeledTable,144,0,0,0,0,0,0
Brace Rules,method,mct,0.9,0.5,gov.nasa.arc.mct.table.gui.LabeledTable,144,0,0,0,0,0,0
Clone Implementation Rules,method,mct,0.9,0.5,gov.nasa.arc.mct.table.gui.LabeledTable,144,0,0,0,0,0,0
Code Size Rules,method,mct,0.9,0.5,gov.nasa.arc.mct.table.gui.LabeledTable,144,0,0,0,0,0,0
Comment Rules,method,mct,0.9,0.5,gov.nasa.arc.mct.table.gui.LabeledTable,144,0,0,0,0,0,0
Controversial Rules,method,mct,0.9,0.5,gov.nasa.arc.mct.table.gui.LabeledTable,144,0,0,0,0,0,0
Coupling Rules,method,mct,0.9,0.5,gov.nasa.arc.mct.table.gui.LabeledTable,144,0,0,0,0,0,0
Design Rules,method,mct,0.9,0.5,gov.nasa.arc.mct.table.gui.LabeledTable,144,0,0,0,0,0,0
Empty Code Rules,method,mct,0.9,0.5,gov.nasa.arc.mct.table.gui.LabeledTable,144,0,0,0,0,0,0
Finalizer Rules,method,mct,0.9,0.5,gov.nasa.arc.mct.table.gui.LabeledTable,144,0,0,0,0,0,0
Import Statement Rules,method,mct,0.9,0.5,gov.nasa.arc.mct.table.gui.LabeledTable,144,0,0,0,0,0,0
J2EE Rules,method,mct,0.9,0.5,gov.nasa.arc.mct.table.gui.LabeledTable,144,0,0,0,0,0,0
JUnit Rules,method,mct,0.9,0.5,gov.nasa.arc.mct.table.gui.LabeledTable,144,0,0,0,0,0,0
Jakarta Commons Logging Rules,method,mct,0.9,0.5,gov.nasa.arc.mct.table.gui.LabeledTable,144,0,0,0,0,0,0
Java Logging Rules,method,mct,0.9,0.5,gov.nasa.arc.mct.table.gui.LabeledTable,144,0,0,0,0,0,0
JavaBean Rules,method,mct,0.9,0.5,gov.nasa.arc.mct.table.gui.LabeledTable,144,0,0,0,0,0,0
MigratingToJUnit4 Rules,method,mct,0.9,0.5,gov.nasa.arc.mct.table.gui.LabeledTable,144,0,0,0,0,0,0
Migration Rules,method,mct,0.9,0.5,gov.nasa.arc.mct.table.gui.LabeledTable,144,0,0,0,0,0,0
Migration13 Rules,method,mct,0.9,0.5,gov.nasa.arc.mct.table.gui.LabeledTable,144,0,0,0,0,0,0
Migration14 Rules,method,mct,0.9,0.5,gov.nasa.arc.mct.table.gui.LabeledTable,144,0,0,0,0,0,0
Migration15 Rules,method,mct,0.9,0.5,gov.nasa.arc.mct.table.gui.LabeledTable,144,0,0,0,0,0,0
Naming Rules,method,mct,0.9,0.5,gov.nasa.arc.mct.table.gui.LabeledTable,144,0,0,0,0,0,0
Optimization Rules,method,mct,0.9,0.5,gov.nasa.arc.mct.table.gui.LabeledTable,144,0,0,0,0,0,0
Security Code Guideline Rules,method,mct,0.9,0.5,gov.nasa.arc.mct.table.gui.LabeledTable,144,0,0,0,0,0,0
Strict Exception Rules,method,mct,0.9,0.5,gov.nasa.arc.mct.table.gui.LabeledTable,144,0,0,0,0,0,0
String and StringBuffer Rules,method,mct,0.9,0.5,gov.nasa.arc.mct.table.gui.LabeledTable,144,0,0,0,0,0,0
Type Resolution Rules,method,mct,0.9,0.5,gov.nasa.arc.mct.table.gui.LabeledTable,144,0,0,0,0,0,0
Unnecessary and Unused Code Rules,method,mct,0.9,0.5,gov.nasa.arc.mct.table.gui.LabeledTable,144,0,0,0,0,0,0
Vulnerability Rules,method,mct,0.9,0.5,gov.nasa.arc.mct.table.gui.LabeledTable,144,0,0,0,0,0,0
CC,method,mct,0.9,0.5,gov.nasa.arc.mct.fastplot.bridge.PlotLimitManager,1440,1,1,1,1,1,1
CCL,method,mct,0.9,0.5,gov.nasa.arc.mct.fastplot.bridge.PlotLimitManager,1440,1,1,1,1,1,1
CCO,method,mct,0.9,0.5,gov.nasa.arc.mct.fastplot.bridge.PlotLimitManager,1440,1,1,1,1,1,1
CI,method,mct,0.9,0.5,gov.nasa.arc.mct.fastplot.bridge.PlotLimitManager,1440,1,1,1,1,1,1
CLC,method,mct,0.9,0.5,gov.nasa.arc.mct.fastplot.bridge.PlotLimitManager,1440,1,1,1,1,1,1
CLLC,method,mct,0.9,0.5,gov.nasa.arc.mct.fastplot.bridge.PlotLimitManager,1440,1,1,1,1,1,1
LDC,method,mct,0.9,0.5,gov.nasa.arc.mct.fastplot.bridge.PlotLimitManager,1440,1,1,1,1,1,1
LLDC,method,mct,0.9,0.5,gov.nasa.arc.mct.fastplot.bridge.PlotLimitManager,1440,1,1,1,1,1,1
HCPL,method,mct,0.9,0.5,gov.nasa.arc.mct.fastplot.bridge.PlotLimitManager,1440,1,1,1,1,1,1
HDIF,method,mct,0.9,0.5,gov.nasa.arc.mct.fastplot.bridge.PlotLimitManager,1440,1,1,1,1,1,1
HEFF,method,mct,0.9,0.5,gov.nasa.arc.mct.fastplot.bridge.PlotLimitManager,1440,1,1,1,1,1,1
HNDB,method,mct,0.9,0.5,gov.nasa.arc.mct.fastplot.bridge.PlotLimitManager,1440,1,1,1,1,1,1
HPL,method,mct,0.9,0.5,gov.nasa.arc.mct.fastplot.bridge.PlotLimitManager,1440,1,1,1,1,1,1
HPV,method,mct,0.9,0.5,gov.nasa.arc.mct.fastplot.bridge.PlotLimitManager,1440,1,1,1,1,1,1
HTRP,method,mct,0.9,0.5,gov.nasa.arc.mct.fastplot.bridge.PlotLimitManager,1440,1,1,1,1,1,1
HVOL,method,mct,0.9,0.5,gov.nasa.arc.mct.fastplot.bridge.PlotLimitManager,1440,1,1,1,1,1,1
MI,method,mct,0.9,0.5,gov.nasa.arc.mct.fastplot.bridge.PlotLimitManager,1440,1,1,1,1,1,1
MIMS,method,mct,0.9,0.5,gov.nasa.arc.mct.fastplot.bridge.PlotLimitManager,1440,1,1,1,1,1,1
MISEI,method,mct,0.9,0.5,gov.nasa.arc.mct.fastplot.bridge.PlotLimitManager,1440,1,1,1,1,1,1
MISM,method,mct,0.9,0.5,gov.nasa.arc.mct.fastplot.bridge.PlotLimitManager,1440,1,1,1,1,1,1
McCC,method,mct,0.9,0.5,gov.nasa.arc.mct.fastplot.bridge.PlotLimitManager,1440,1,1,1,1,1,1
NL,method,mct,0.9,0.5,gov.nasa.arc.mct.fastplot.bridge.PlotLimitManager,1440,1,1,1,1,1,1
NLE,method,mct,0.9,0.5,gov.nasa.arc.mct.fastplot.bridge.PlotLimitManager,1440,0,0,0,1,1,1
NII,method,mct,0.9,0.5,gov.nasa.arc.mct.fastplot.bridge.PlotLimitManager,1440,0,0,0,0,0,0
NOI,method,mct,0.9,0.5,gov.nasa.arc.mct.fastplot.bridge.PlotLimitManager,1440,1,1,1,0,0,0
CD,method,mct,0.9,0.5,gov.nasa.arc.mct.fastplot.bridge.PlotLimitManager,1440,1,1,1,1,1,1
CLOC,method,mct,0.9,0.5,gov.nasa.arc.mct.fastplot.bridge.PlotLimitManager,1440,1,1,1,1,1,1
DLOC,method,mct,0.9,0.5,gov.nasa.arc.mct.fastplot.bridge.PlotLimitManager,1440,1,1,1,1,1,1
TCD,method,mct,0.9,0.5,gov.nasa.arc.mct.fastplot.bridge.PlotLimitManager,1440,1,1,1,1,1,1
TCLOC,method,mct,0.9,0.5,gov.nasa.arc.mct.fastplot.bridge.PlotLimitManager,1440,1,1,1,1,1,1
LLOC,method,mct,0.9,0.5,gov.nasa.arc.mct.fastplot.bridge.PlotLimitManager,1440,1,1,1,1,1,1
LOC,method,mct,0.9,0.5,gov.nasa.arc.mct.fastplot.bridge.PlotLimitManager,1440,1,1,1,1,1,1
NOS,method,mct,0.9,0.5,gov.nasa.arc.mct.fastplot.bridge.PlotLimitManager,1440,1,1,1,1,1,1
NUMPAR,method,mct,0.9,0.5,gov.nasa.arc.mct.fastplot.bridge.PlotLimitManager,1440,0,0,0,0,0,0
TLLOC,method,mct,0.9,0.5,gov.nasa.arc.mct.fastplot.bridge.PlotLimitManager,1440,1,1,1,1,1,1
TLOC,method,mct,0.9,0.5,gov.nasa.arc.mct.fastplot.bridge.PlotLimitManager,1440,1,1,1,1,1,1
TNOS,method,mct,0.9,0.5,gov.nasa.arc.mct.fastplot.bridge.PlotLimitManager,1440,0,0,0,0,0,0
WarningBlocker,method,mct,0.9,0.5,gov.nasa.arc.mct.fastplot.bridge.PlotLimitManager,1440,0,0,0,0,0,0
WarningCritical,method,mct,0.9,0.5,gov.nasa.arc.mct.fastplot.bridge.PlotLimitManager,1440,0,0,0,0,0,0
WarningInfo,method,mct,0.9,0.5,gov.nasa.arc.mct.fastplot.bridge.PlotLimitManager,1440,0,0,0,0,0,0
WarningMajor,method,mct,0.9,0.5,gov.nasa.arc.mct.fastplot.bridge.PlotLimitManager,1440,0,0,0,0,0,0
WarningMinor,method,mct,0.9,0.5,gov.nasa.arc.mct.fastplot.bridge.PlotLimitManager,1440,0,0,0,0,0,0
Android Rules,method,mct,0.9,0.5,gov.nasa.arc.mct.fastplot.bridge.PlotLimitManager,1440,0,0,0,0,0,0
Basic Rules,method,mct,0.9,0.5,gov.nasa.arc.mct.fastplot.bridge.PlotLimitManager,1440,0,0,0,0,0,0
Brace Rules,method,mct,0.9,0.5,gov.nasa.arc.mct.fastplot.bridge.PlotLimitManager,1440,0,0,0,0,0,0
Clone Implementation Rules,method,mct,0.9,0.5,gov.nasa.arc.mct.fastplot.bridge.PlotLimitManager,1440,0,0,0,0,0,0
Code Size Rules,method,mct,0.9,0.5,gov.nasa.arc.mct.fastplot.bridge.PlotLimitManager,1440,0,0,0,0,0,0
Comment Rules,method,mct,0.9,0.5,gov.nasa.arc.mct.fastplot.bridge.PlotLimitManager,1440,0,0,0,0,0,0
Controversial Rules,method,mct,0.9,0.5,gov.nasa.arc.mct.fastplot.bridge.PlotLimitManager,1440,0,0,0,0,0,0
Coupling Rules,method,mct,0.9,0.5,gov.nasa.arc.mct.fastplot.bridge.PlotLimitManager,1440,0,0,0,0,0,0
Design Rules,method,mct,0.9,0.5,gov.nasa.arc.mct.fastplot.bridge.PlotLimitManager,1440,0,0,0,0,0,0
Empty Code Rules,method,mct,0.9,0.5,gov.nasa.arc.mct.fastplot.bridge.PlotLimitManager,1440,0,0,0,0,0,0
Finalizer Rules,method,mct,0.9,0.5,gov.nasa.arc.mct.fastplot.bridge.PlotLimitManager,1440,0,0,0,0,0,0
Import Statement Rules,method,mct,0.9,0.5,gov.nasa.arc.mct.fastplot.bridge.PlotLimitManager,1440,0,0,0,0,0,0
J2EE Rules,method,mct,0.9,0.5,gov.nasa.arc.mct.fastplot.bridge.PlotLimitManager,1440,0,0,0,0,0,0
JUnit Rules,method,mct,0.9,0.5,gov.nasa.arc.mct.fastplot.bridge.PlotLimitManager,1440,0,0,0,0,0,0
Jakarta Commons Logging Rules,method,mct,0.9,0.5,gov.nasa.arc.mct.fastplot.bridge.PlotLimitManager,1440,0,0,0,0,0,0
Java Logging Rules,method,mct,0.9,0.5,gov.nasa.arc.mct.fastplot.bridge.PlotLimitManager,1440,0,0,0,0,0,0
JavaBean Rules,method,mct,0.9,0.5,gov.nasa.arc.mct.fastplot.bridge.PlotLimitManager,1440,0,0,0,0,0,0
MigratingToJUnit4 Rules,method,mct,0.9,0.5,gov.nasa.arc.mct.fastplot.bridge.PlotLimitManager,1440,0,0,0,0,0,0
Migration Rules,method,mct,0.9,0.5,gov.nasa.arc.mct.fastplot.bridge.PlotLimitManager,1440,0,0,0,0,0,0
Migration13 Rules,method,mct,0.9,0.5,gov.nasa.arc.mct.fastplot.bridge.PlotLimitManager,1440,0,0,0,0,0,0
Migration14 Rules,method,mct,0.9,0.5,gov.nasa.arc.mct.fastplot.bridge.PlotLimitManager,1440,0,0,0,0,0,0
Migration15 Rules,method,mct,0.9,0.5,gov.nasa.arc.mct.fastplot.bridge.PlotLimitManager,1440,0,0,0,0,0,0
Naming Rules,method,mct,0.9,0.5,gov.nasa.arc.mct.fastplot.bridge.PlotLimitManager,1440,0,0,0,0,0,0
Optimization Rules,method,mct,0.9,0.5,gov.nasa.arc.mct.fastplot.bridge.PlotLimitManager,1440,0,0,0,0,0,0
Security Code Guideline Rules,method,mct,0.9,0.5,gov.nasa.arc.mct.fastplot.bridge.PlotLimitManager,1440,0,0,0,0,0,0
Strict Exception Rules,method,mct,0.9,0.5,gov.nasa.arc.mct.fastplot.bridge.PlotLimitManager,1440,0,0,0,0,0,0
String and StringBuffer Rules,method,mct,0.9,0.5,gov.nasa.arc.mct.fastplot.bridge.PlotLimitManager,1440,0,0,0,0,0,0
Type Resolution Rules,method,mct,0.9,0.5,gov.nasa.arc.mct.fastplot.bridge.PlotLimitManager,1440,0,0,0,0,0,0
Unnecessary and Unused Code Rules,method,mct,0.9,0.5,gov.nasa.arc.mct.fastplot.bridge.PlotLimitManager,1440,0,0,0,0,0,0
Vulnerability Rules,method,mct,0.9,0.5,gov.nasa.arc.mct.fastplot.bridge.PlotLimitManager,1440,0,0,0,0,0,0
CC,method,mct,0.9,0.5,gov.nasa.arc.mct.gui.housing.Inspector$WidgetTransferHandler,144,0,0,0,1,1,1
CCL,method,mct,0.9,0.5,gov.nasa.arc.mct.gui.housing.Inspector$WidgetTransferHandler,144,0,0,0,1,1,1
CCO,method,mct,0.9,0.5,gov.nasa.arc.mct.gui.housing.Inspector$WidgetTransferHandler,144,0,0,0,1,1,1
CI,method,mct,0.9,0.5,gov.nasa.arc.mct.gui.housing.Inspector$WidgetTransferHandler,144,0,0,0,1,1,1
CLC,method,mct,0.9,0.5,gov.nasa.arc.mct.gui.housing.Inspector$WidgetTransferHandler,144,0,0,0,1,1,1
CLLC,method,mct,0.9,0.5,gov.nasa.arc.mct.gui.housing.Inspector$WidgetTransferHandler,144,0,0,0,1,1,1
LDC,method,mct,0.9,0.5,gov.nasa.arc.mct.gui.housing.Inspector$WidgetTransferHandler,144,0,0,0,1,1,1
LLDC,method,mct,0.9,0.5,gov.nasa.arc.mct.gui.housing.Inspector$WidgetTransferHandler,144,0,0,0,1,1,1
HCPL,method,mct,0.9,0.5,gov.nasa.arc.mct.gui.housing.Inspector$WidgetTransferHandler,144,1,1,1,1,1,1
HDIF,method,mct,0.9,0.5,gov.nasa.arc.mct.gui.housing.Inspector$WidgetTransferHandler,144,1,1,1,1,1,1
HEFF,method,mct,0.9,0.5,gov.nasa.arc.mct.gui.housing.Inspector$WidgetTransferHandler,144,1,1,1,1,1,1
HNDB,method,mct,0.9,0.5,gov.nasa.arc.mct.gui.housing.Inspector$WidgetTransferHandler,144,1,1,1,1,1,1
HPL,method,mct,0.9,0.5,gov.nasa.arc.mct.gui.housing.Inspector$WidgetTransferHandler,144,1,1,1,1,1,1
HPV,method,mct,0.9,0.5,gov.nasa.arc.mct.gui.housing.Inspector$WidgetTransferHandler,144,1,1,1,1,1,1
HTRP,method,mct,0.9,0.5,gov.nasa.arc.mct.gui.housing.Inspector$WidgetTransferHandler,144,1,1,1,1,1,1
HVOL,method,mct,0.9,0.5,gov.nasa.arc.mct.gui.housing.Inspector$WidgetTransferHandler,144,1,1,1,1,1,1
MI,method,mct,0.9,0.5,gov.nasa.arc.mct.gui.housing.Inspector$WidgetTransferHandler,144,1,1,1,1,1,1
MIMS,method,mct,0.9,0.5,gov.nasa.arc.mct.gui.housing.Inspector$WidgetTransferHandler,144,1,1,1,1,1,1
MISEI,method,mct,0.9,0.5,gov.nasa.arc.mct.gui.housing.Inspector$WidgetTransferHandler,144,1,1,1,1,1,1
MISM,method,mct,0.9,0.5,gov.nasa.arc.mct.gui.housing.Inspector$WidgetTransferHandler,144,1,1,1,1,1,1
McCC,method,mct,0.9,0.5,gov.nasa.arc.mct.gui.housing.Inspector$WidgetTransferHandler,144,1,1,1,1,1,1
NL,method,mct,0.9,0.5,gov.nasa.arc.mct.gui.housing.Inspector$WidgetTransferHandler,144,0,0,0,1,1,1
NLE,method,mct,0.9,0.5,gov.nasa.arc.mct.gui.housing.Inspector$WidgetTransferHandler,144,0,0,0,1,1,1
NII,method,mct,0.9,0.5,gov.nasa.arc.mct.gui.housing.Inspector$WidgetTransferHandler,144,0,0,0,1,1,1
NOI,method,mct,0.9,0.5,gov.nasa.arc.mct.gui.housing.Inspector$WidgetTransferHandler,144,0,0,0,1,1,1
CD,method,mct,0.9,0.5,gov.nasa.arc.mct.gui.housing.Inspector$WidgetTransferHandler,144,0,0,0,1,1,1
CLOC,method,mct,0.9,0.5,gov.nasa.arc.mct.gui.housing.Inspector$WidgetTransferHandler,144,0,0,0,1,1,1
DLOC,method,mct,0.9,0.5,gov.nasa.arc.mct.gui.housing.Inspector$WidgetTransferHandler,144,0,0,0,1,1,1
TCD,method,mct,0.9,0.5,gov.nasa.arc.mct.gui.housing.Inspector$WidgetTransferHandler,144,0,0,0,1,1,1
TCLOC,method,mct,0.9,0.5,gov.nasa.arc.mct.gui.housing.Inspector$WidgetTransferHandler,144,0,0,0,1,1,1
LLOC,method,mct,0.9,0.5,gov.nasa.arc.mct.gui.housing.Inspector$WidgetTransferHandler,144,0,0,0,1,1,1
LOC,method,mct,0.9,0.5,gov.nasa.arc.mct.gui.housing.Inspector$WidgetTransferHandler,144,0,0,0,1,1,1
NOS,method,mct,0.9,0.5,gov.nasa.arc.mct.gui.housing.Inspector$WidgetTransferHandler,144,0,0,0,1,1,1
NUMPAR,method,mct,0.9,0.5,gov.nasa.arc.mct.gui.housing.Inspector$WidgetTransferHandler,144,0,0,0,1,1,1
TLLOC,method,mct,0.9,0.5,gov.nasa.arc.mct.gui.housing.Inspector$WidgetTransferHandler,144,0,0,0,1,1,1
TLOC,method,mct,0.9,0.5,gov.nasa.arc.mct.gui.housing.Inspector$WidgetTransferHandler,144,0,0,0,1,1,1
TNOS,method,mct,0.9,0.5,gov.nasa.arc.mct.gui.housing.Inspector$WidgetTransferHandler,144,0,0,0,0,0,0
WarningBlocker,method,mct,0.9,0.5,gov.nasa.arc.mct.gui.housing.Inspector$WidgetTransferHandler,144,0,0,0,0,0,0
WarningCritical,method,mct,0.9,0.5,gov.nasa.arc.mct.gui.housing.Inspector$WidgetTransferHandler,144,0,0,0,0,0,0
WarningInfo,method,mct,0.9,0.5,gov.nasa.arc.mct.gui.housing.Inspector$WidgetTransferHandler,144,0,0,0,0,0,0
WarningMajor,method,mct,0.9,0.5,gov.nasa.arc.mct.gui.housing.Inspector$WidgetTransferHandler,144,0,0,0,0,0,0
WarningMinor,method,mct,0.9,0.5,gov.nasa.arc.mct.gui.housing.Inspector$WidgetTransferHandler,144,0,0,0,0,0,0
Android Rules,method,mct,0.9,0.5,gov.nasa.arc.mct.gui.housing.Inspector$WidgetTransferHandler,144,0,0,0,0,0,0
Basic Rules,method,mct,0.9,0.5,gov.nasa.arc.mct.gui.housing.Inspector$WidgetTransferHandler,144,0,0,0,0,0,0
Brace Rules,method,mct,0.9,0.5,gov.nasa.arc.mct.gui.housing.Inspector$WidgetTransferHandler,144,0,0,0,0,0,0
Clone Implementation Rules,method,mct,0.9,0.5,gov.nasa.arc.mct.gui.housing.Inspector$WidgetTransferHandler,144,0,0,0,0,0,0
Code Size Rules,method,mct,0.9,0.5,gov.nasa.arc.mct.gui.housing.Inspector$WidgetTransferHandler,144,0,0,0,0,0,0
Comment Rules,method,mct,0.9,0.5,gov.nasa.arc.mct.gui.housing.Inspector$WidgetTransferHandler,144,0,0,0,0,0,0
Controversial Rules,method,mct,0.9,0.5,gov.nasa.arc.mct.gui.housing.Inspector$WidgetTransferHandler,144,0,0,0,0,0,0
Coupling Rules,method,mct,0.9,0.5,gov.nasa.arc.mct.gui.housing.Inspector$WidgetTransferHandler,144,0,0,0,0,0,0
Design Rules,method,mct,0.9,0.5,gov.nasa.arc.mct.gui.housing.Inspector$WidgetTransferHandler,144,0,0,0,0,0,0
Empty Code Rules,method,mct,0.9,0.5,gov.nasa.arc.mct.gui.housing.Inspector$WidgetTransferHandler,144,0,0,0,0,0,0
Finalizer Rules,method,mct,0.9,0.5,gov.nasa.arc.mct.gui.housing.Inspector$WidgetTransferHandler,144,0,0,0,0,0,0
Import Statement Rules,method,mct,0.9,0.5,gov.nasa.arc.mct.gui.housing.Inspector$WidgetTransferHandler,144,0,0,0,0,0,0
J2EE Rules,method,mct,0.9,0.5,gov.nasa.arc.mct.gui.housing.Inspector$WidgetTransferHandler,144,0,0,0,0,0,0
JUnit Rules,method,mct,0.9,0.5,gov.nasa.arc.mct.gui.housing.Inspector$WidgetTransferHandler,144,0,0,0,0,0,0
Jakarta Commons Logging Rules,method,mct,0.9,0.5,gov.nasa.arc.mct.gui.housing.Inspector$WidgetTransferHandler,144,0,0,0,0,0,0
Java Logging Rules,method,mct,0.9,0.5,gov.nasa.arc.mct.gui.housing.Inspector$WidgetTransferHandler,144,0,0,0,0,0,0
JavaBean Rules,method,mct,0.9,0.5,gov.nasa.arc.mct.gui.housing.Inspector$WidgetTransferHandler,144,0,0,0,0,0,0
MigratingToJUnit4 Rules,method,mct,0.9,0.5,gov.nasa.arc.mct.gui.housing.Inspector$WidgetTransferHandler,144,0,0,0,0,0,0
Migration Rules,method,mct,0.9,0.5,gov.nasa.arc.mct.gui.housing.Inspector$WidgetTransferHandler,144,0,0,0,0,0,0
Migration13 Rules,method,mct,0.9,0.5,gov.nasa.arc.mct.gui.housing.Inspector$WidgetTransferHandler,144,0,0,0,0,0,0
Migration14 Rules,method,mct,0.9,0.5,gov.nasa.arc.mct.gui.housing.Inspector$WidgetTransferHandler,144,0,0,0,0,0,0
Migration15 Rules,method,mct,0.9,0.5,gov.nasa.arc.mct.gui.housing.Inspector$WidgetTransferHandler,144,0,0,0,0,0,0
Naming Rules,method,mct,0.9,0.5,gov.nasa.arc.mct.gui.housing.Inspector$WidgetTransferHandler,144,0,0,0,0,0,0
Optimization Rules,method,mct,0.9,0.5,gov.nasa.arc.mct.gui.housing.Inspector$WidgetTransferHandler,144,0,0,0,0,0,0
Security Code Guideline Rules,method,mct,0.9,0.5,gov.nasa.arc.mct.gui.housing.Inspector$WidgetTransferHandler,144,0,0,0,0,0,0
Strict Exception Rules,method,mct,0.9,0.5,gov.nasa.arc.mct.gui.housing.Inspector$WidgetTransferHandler,144,0,0,0,0,0,0
String and StringBuffer Rules,method,mct,0.9,0.5,gov.nasa.arc.mct.gui.housing.Inspector$WidgetTransferHandler,144,0,0,0,0,0,0
Type Resolution Rules,method,mct,0.9,0.5,gov.nasa.arc.mct.gui.housing.Inspector$WidgetTransferHandler,144,0,0,0,0,0,0
Unnecessary and Unused Code Rules,method,mct,0.9,0.5,gov.nasa.arc.mct.gui.housing.Inspector$WidgetTransferHandler,144,0,0,0,0,0,0
Vulnerability Rules,method,mct,0.9,0.5,gov.nasa.arc.mct.gui.housing.Inspector$WidgetTransferHandler,144,0,0,0,0,0,0
CC,method,mct,0.9,0.5,gov.nasa.arc.mct.identitymgr.impl.DefaultIdentityManager,360,0,0,0,1,1,1
CCL,method,mct,0.9,0.5,gov.nasa.arc.mct.identitymgr.impl.DefaultIdentityManager,360,0,0,0,1,1,1
CCO,method,mct,0.9,0.5,gov.nasa.arc.mct.identitymgr.impl.DefaultIdentityManager,360,0,0,0,1,1,1
CI,method,mct,0.9,0.5,gov.nasa.arc.mct.identitymgr.impl.DefaultIdentityManager,360,0,0,0,1,1,1
CLC,method,mct,0.9,0.5,gov.nasa.arc.mct.identitymgr.impl.DefaultIdentityManager,360,0,0,0,1,1,1
CLLC,method,mct,0.9,0.5,gov.nasa.arc.mct.identitymgr.impl.DefaultIdentityManager,360,0,0,0,1,1,1
LDC,method,mct,0.9,0.5,gov.nasa.arc.mct.identitymgr.impl.DefaultIdentityManager,360,0,0,0,1,1,1
LLDC,method,mct,0.9,0.5,gov.nasa.arc.mct.identitymgr.impl.DefaultIdentityManager,360,0,0,0,1,1,1
HCPL,method,mct,0.9,0.5,gov.nasa.arc.mct.identitymgr.impl.DefaultIdentityManager,360,1,1,1,1,1,1
HDIF,method,mct,0.9,0.5,gov.nasa.arc.mct.identitymgr.impl.DefaultIdentityManager,360,1,1,1,1,1,1
HEFF,method,mct,0.9,0.5,gov.nasa.arc.mct.identitymgr.impl.DefaultIdentityManager,360,1,1,1,1,1,1
HNDB,method,mct,0.9,0.5,gov.nasa.arc.mct.identitymgr.impl.DefaultIdentityManager,360,1,1,1,1,1,1
HPL,method,mct,0.9,0.5,gov.nasa.arc.mct.identitymgr.impl.DefaultIdentityManager,360,1,1,1,1,1,1
HPV,method,mct,0.9,0.5,gov.nasa.arc.mct.identitymgr.impl.DefaultIdentityManager,360,1,1,1,1,1,1
HTRP,method,mct,0.9,0.5,gov.nasa.arc.mct.identitymgr.impl.DefaultIdentityManager,360,1,1,1,1,1,1
HVOL,method,mct,0.9,0.5,gov.nasa.arc.mct.identitymgr.impl.DefaultIdentityManager,360,1,1,1,1,1,1
MI,method,mct,0.9,0.5,gov.nasa.arc.mct.identitymgr.impl.DefaultIdentityManager,360,1,1,1,1,1,1
MIMS,method,mct,0.9,0.5,gov.nasa.arc.mct.identitymgr.impl.DefaultIdentityManager,360,1,1,1,1,1,1
MISEI,method,mct,0.9,0.5,gov.nasa.arc.mct.identitymgr.impl.DefaultIdentityManager,360,1,1,1,1,1,1
MISM,method,mct,0.9,0.5,gov.nasa.arc.mct.identitymgr.impl.DefaultIdentityManager,360,1,1,1,1,1,1
McCC,method,mct,0.9,0.5,gov.nasa.arc.mct.identitymgr.impl.DefaultIdentityManager,360,1,1,1,1,1,1
NL,method,mct,0.9,0.5,gov.nasa.arc.mct.identitymgr.impl.DefaultIdentityManager,360,1,1,1,1,1,1
NLE,method,mct,0.9,0.5,gov.nasa.arc.mct.identitymgr.impl.DefaultIdentityManager,360,1,1,1,1,1,1
NII,method,mct,0.9,0.5,gov.nasa.arc.mct.identitymgr.impl.DefaultIdentityManager,360,0,0,0,1,1,1
NOI,method,mct,0.9,0.5,gov.nasa.arc.mct.identitymgr.impl.DefaultIdentityManager,360,0,0,0,1,1,1
CD,method,mct,0.9,0.5,gov.nasa.arc.mct.identitymgr.impl.DefaultIdentityManager,360,1,1,1,1,1,1
CLOC,method,mct,0.9,0.5,gov.nasa.arc.mct.identitymgr.impl.DefaultIdentityManager,360,1,1,1,1,1,1
DLOC,method,mct,0.9,0.5,gov.nasa.arc.mct.identitymgr.impl.DefaultIdentityManager,360,1,1,1,1,1,1
TCD,method,mct,0.9,0.5,gov.nasa.arc.mct.identitymgr.impl.DefaultIdentityManager,360,1,1,1,1,1,1
TCLOC,method,mct,0.9,0.5,gov.nasa.arc.mct.identitymgr.impl.DefaultIdentityManager,360,1,1,1,1,1,1
LLOC,method,mct,0.9,0.5,gov.nasa.arc.mct.identitymgr.impl.DefaultIdentityManager,360,1,1,1,1,1,1
LOC,method,mct,0.9,0.5,gov.nasa.arc.mct.identitymgr.impl.DefaultIdentityManager,360,1,1,1,1,1,1
NOS,method,mct,0.9,0.5,gov.nasa.arc.mct.identitymgr.impl.DefaultIdentityManager,360,1,1,1,1,1,1
NUMPAR,method,mct,0.9,0.5,gov.nasa.arc.mct.identitymgr.impl.DefaultIdentityManager,360,1,1,1,1,1,1
TLLOC,method,mct,0.9,0.5,gov.nasa.arc.mct.identitymgr.impl.DefaultIdentityManager,360,1,1,1,1,1,1
TLOC,method,mct,0.9,0.5,gov.nasa.arc.mct.identitymgr.impl.DefaultIdentityManager,360,1,1,1,1,1,1
TNOS,method,mct,0.9,0.5,gov.nasa.arc.mct.identitymgr.impl.DefaultIdentityManager,360,0,0,0,0,0,0
WarningBlocker,method,mct,0.9,0.5,gov.nasa.arc.mct.identitymgr.impl.DefaultIdentityManager,360,0,0,0,0,0,0
WarningCritical,method,mct,0.9,0.5,gov.nasa.arc.mct.identitymgr.impl.DefaultIdentityManager,360,0,0,0,0,0,0
WarningInfo,method,mct,0.9,0.5,gov.nasa.arc.mct.identitymgr.impl.DefaultIdentityManager,360,0,0,0,0,0,0
WarningMajor,method,mct,0.9,0.5,gov.nasa.arc.mct.identitymgr.impl.DefaultIdentityManager,360,0,0,0,0,0,0
WarningMinor,method,mct,0.9,0.5,gov.nasa.arc.mct.identitymgr.impl.DefaultIdentityManager,360,0,0,0,0,0,0
Android Rules,method,mct,0.9,0.5,gov.nasa.arc.mct.identitymgr.impl.DefaultIdentityManager,360,0,0,0,0,0,0
Basic Rules,method,mct,0.9,0.5,gov.nasa.arc.mct.identitymgr.impl.DefaultIdentityManager,360,0,0,0,0,0,0
Brace Rules,method,mct,0.9,0.5,gov.nasa.arc.mct.identitymgr.impl.DefaultIdentityManager,360,0,0,0,0,0,0
Clone Implementation Rules,method,mct,0.9,0.5,gov.nasa.arc.mct.identitymgr.impl.DefaultIdentityManager,360,0,0,0,0,0,0
Code Size Rules,method,mct,0.9,0.5,gov.nasa.arc.mct.identitymgr.impl.DefaultIdentityManager,360,0,0,0,0,0,0
Comment Rules,method,mct,0.9,0.5,gov.nasa.arc.mct.identitymgr.impl.DefaultIdentityManager,360,0,0,0,0,0,0
Controversial Rules,method,mct,0.9,0.5,gov.nasa.arc.mct.identitymgr.impl.DefaultIdentityManager,360,0,0,0,0,0,0
Coupling Rules,method,mct,0.9,0.5,gov.nasa.arc.mct.identitymgr.impl.DefaultIdentityManager,360,0,0,0,0,0,0
Design Rules,method,mct,0.9,0.5,gov.nasa.arc.mct.identitymgr.impl.DefaultIdentityManager,360,0,0,0,0,0,0
Empty Code Rules,method,mct,0.9,0.5,gov.nasa.arc.mct.identitymgr.impl.DefaultIdentityManager,360,0,0,0,0,0,0
Finalizer Rules,method,mct,0.9,0.5,gov.nasa.arc.mct.identitymgr.impl.DefaultIdentityManager,360,0,0,0,0,0,0
Import Statement Rules,method,mct,0.9,0.5,gov.nasa.arc.mct.identitymgr.impl.DefaultIdentityManager,360,0,0,0,0,0,0
J2EE Rules,method,mct,0.9,0.5,gov.nasa.arc.mct.identitymgr.impl.DefaultIdentityManager,360,0,0,0,0,0,0
JUnit Rules,method,mct,0.9,0.5,gov.nasa.arc.mct.identitymgr.impl.DefaultIdentityManager,360,0,0,0,0,0,0
Jakarta Commons Logging Rules,method,mct,0.9,0.5,gov.nasa.arc.mct.identitymgr.impl.DefaultIdentityManager,360,0,0,0,0,0,0
Java Logging Rules,method,mct,0.9,0.5,gov.nasa.arc.mct.identitymgr.impl.DefaultIdentityManager,360,0,0,0,0,0,0
JavaBean Rules,method,mct,0.9,0.5,gov.nasa.arc.mct.identitymgr.impl.DefaultIdentityManager,360,0,0,0,0,0,0
MigratingToJUnit4 Rules,method,mct,0.9,0.5,gov.nasa.arc.mct.identitymgr.impl.DefaultIdentityManager,360,0,0,0,0,0,0
Migration Rules,method,mct,0.9,0.5,gov.nasa.arc.mct.identitymgr.impl.DefaultIdentityManager,360,0,0,0,0,0,0
Migration13 Rules,method,mct,0.9,0.5,gov.nasa.arc.mct.identitymgr.impl.DefaultIdentityManager,360,0,0,0,0,0,0
Migration14 Rules,method,mct,0.9,0.5,gov.nasa.arc.mct.identitymgr.impl.DefaultIdentityManager,360,0,0,0,0,0,0
Migration15 Rules,method,mct,0.9,0.5,gov.nasa.arc.mct.identitymgr.impl.DefaultIdentityManager,360,0,0,0,0,0,0
Naming Rules,method,mct,0.9,0.5,gov.nasa.arc.mct.identitymgr.impl.DefaultIdentityManager,360,0,0,0,0,0,0
Optimization Rules,method,mct,0.9,0.5,gov.nasa.arc.mct.identitymgr.impl.DefaultIdentityManager,360,0,0,0,0,0,0
Security Code Guideline Rules,method,mct,0.9,0.5,gov.nasa.arc.mct.identitymgr.impl.DefaultIdentityManager,360,0,0,0,0,0,0
Strict Exception Rules,method,mct,0.9,0.5,gov.nasa.arc.mct.identitymgr.impl.DefaultIdentityManager,360,0,0,0,0,0,0
String and StringBuffer Rules,method,mct,0.9,0.5,gov.nasa.arc.mct.identitymgr.impl.DefaultIdentityManager,360,0,0,0,0,0,0
Type Resolution Rules,method,mct,0.9,0.5,gov.nasa.arc.mct.identitymgr.impl.DefaultIdentityManager,360,0,0,0,0,0,0
Unnecessary and Unused Code Rules,method,mct,0.9,0.5,gov.nasa.arc.mct.identitymgr.impl.DefaultIdentityManager,360,0,0,0,0,0,0
Vulnerability Rules,method,mct,0.9,0.5,gov.nasa.arc.mct.identitymgr.impl.DefaultIdentityManager,360,0,0,0,0,0,0
CC,method,mct,0.9,0.5,gov.nasa.arc.mct.core.policy.CheckComponentOwnerIsUserPolicy,144,0,0,0,1,1,1
CCL,method,mct,0.9,0.5,gov.nasa.arc.mct.core.policy.CheckComponentOwnerIsUserPolicy,144,0,0,0,1,1,1
CCO,method,mct,0.9,0.5,gov.nasa.arc.mct.core.policy.CheckComponentOwnerIsUserPolicy,144,0,0,0,1,1,1
CI,method,mct,0.9,0.5,gov.nasa.arc.mct.core.policy.CheckComponentOwnerIsUserPolicy,144,0,0,0,1,1,1
CLC,method,mct,0.9,0.5,gov.nasa.arc.mct.core.policy.CheckComponentOwnerIsUserPolicy,144,0,0,0,1,1,1
CLLC,method,mct,0.9,0.5,gov.nasa.arc.mct.core.policy.CheckComponentOwnerIsUserPolicy,144,0,0,0,1,1,1
LDC,method,mct,0.9,0.5,gov.nasa.arc.mct.core.policy.CheckComponentOwnerIsUserPolicy,144,0,0,0,1,1,1
LLDC,method,mct,0.9,0.5,gov.nasa.arc.mct.core.policy.CheckComponentOwnerIsUserPolicy,144,0,0,0,1,1,1
HCPL,method,mct,0.9,0.5,gov.nasa.arc.mct.core.policy.CheckComponentOwnerIsUserPolicy,144,1,1,1,1,1,1
HDIF,method,mct,0.9,0.5,gov.nasa.arc.mct.core.policy.CheckComponentOwnerIsUserPolicy,144,1,1,1,1,1,1
HEFF,method,mct,0.9,0.5,gov.nasa.arc.mct.core.policy.CheckComponentOwnerIsUserPolicy,144,1,1,1,1,1,1
HNDB,method,mct,0.9,0.5,gov.nasa.arc.mct.core.policy.CheckComponentOwnerIsUserPolicy,144,1,1,1,1,1,1
HPL,method,mct,0.9,0.5,gov.nasa.arc.mct.core.policy.CheckComponentOwnerIsUserPolicy,144,1,1,1,1,1,1
HPV,method,mct,0.9,0.5,gov.nasa.arc.mct.core.policy.CheckComponentOwnerIsUserPolicy,144,1,1,1,1,1,1
HTRP,method,mct,0.9,0.5,gov.nasa.arc.mct.core.policy.CheckComponentOwnerIsUserPolicy,144,1,1,1,1,1,1
HVOL,method,mct,0.9,0.5,gov.nasa.arc.mct.core.policy.CheckComponentOwnerIsUserPolicy,144,1,1,1,1,1,1
MI,method,mct,0.9,0.5,gov.nasa.arc.mct.core.policy.CheckComponentOwnerIsUserPolicy,144,1,1,1,1,1,1
MIMS,method,mct,0.9,0.5,gov.nasa.arc.mct.core.policy.CheckComponentOwnerIsUserPolicy,144,1,1,1,1,1,1
MISEI,method,mct,0.9,0.5,gov.nasa.arc.mct.core.policy.CheckComponentOwnerIsUserPolicy,144,1,1,1,1,1,1
MISM,method,mct,0.9,0.5,gov.nasa.arc.mct.core.policy.CheckComponentOwnerIsUserPolicy,144,1,1,1,1,1,1
McCC,method,mct,0.9,0.5,gov.nasa.arc.mct.core.policy.CheckComponentOwnerIsUserPolicy,144,1,1,1,1,1,1
NL,method,mct,0.9,0.5,gov.nasa.arc.mct.core.policy.CheckComponentOwnerIsUserPolicy,144,0,0,0,1,1,1
NLE,method,mct,0.9,0.5,gov.nasa.arc.mct.core.policy.CheckComponentOwnerIsUserPolicy,144,0,0,0,1,1,1
NII,method,mct,0.9,0.5,gov.nasa.arc.mct.core.policy.CheckComponentOwnerIsUserPolicy,144,0,0,0,1,1,1
NOI,method,mct,0.9,0.5,gov.nasa.arc.mct.core.policy.CheckComponentOwnerIsUserPolicy,144,0,0,0,1,1,1
CD,method,mct,0.9,0.5,gov.nasa.arc.mct.core.policy.CheckComponentOwnerIsUserPolicy,144,1,1,1,1,1,1
CLOC,method,mct,0.9,0.5,gov.nasa.arc.mct.core.policy.CheckComponentOwnerIsUserPolicy,144,0,0,0,1,1,1
DLOC,method,mct,0.9,0.5,gov.nasa.arc.mct.core.policy.CheckComponentOwnerIsUserPolicy,144,0,0,0,1,1,1
TCD,method,mct,0.9,0.5,gov.nasa.arc.mct.core.policy.CheckComponentOwnerIsUserPolicy,144,1,1,1,1,1,1
TCLOC,method,mct,0.9,0.5,gov.nasa.arc.mct.core.policy.CheckComponentOwnerIsUserPolicy,144,0,0,0,1,1,1
LLOC,method,mct,0.9,0.5,gov.nasa.arc.mct.core.policy.CheckComponentOwnerIsUserPolicy,144,1,1,1,1,1,1
LOC,method,mct,0.9,0.5,gov.nasa.arc.mct.core.policy.CheckComponentOwnerIsUserPolicy,144,1,1,1,1,1,1
NOS,method,mct,0.9,0.5,gov.nasa.arc.mct.core.policy.CheckComponentOwnerIsUserPolicy,144,1,1,1,1,1,1
NUMPAR,method,mct,0.9,0.5,gov.nasa.arc.mct.core.policy.CheckComponentOwnerIsUserPolicy,144,0,0,0,1,1,1
TLLOC,method,mct,0.9,0.5,gov.nasa.arc.mct.core.policy.CheckComponentOwnerIsUserPolicy,144,1,1,1,1,1,1
TLOC,method,mct,0.9,0.5,gov.nasa.arc.mct.core.policy.CheckComponentOwnerIsUserPolicy,144,1,1,1,1,1,1
TNOS,method,mct,0.9,0.5,gov.nasa.arc.mct.core.policy.CheckComponentOwnerIsUserPolicy,144,0,0,0,0,0,0
WarningBlocker,method,mct,0.9,0.5,gov.nasa.arc.mct.core.policy.CheckComponentOwnerIsUserPolicy,144,0,0,0,0,0,0
WarningCritical,method,mct,0.9,0.5,gov.nasa.arc.mct.core.policy.CheckComponentOwnerIsUserPolicy,144,0,0,0,0,0,0
WarningInfo,method,mct,0.9,0.5,gov.nasa.arc.mct.core.policy.CheckComponentOwnerIsUserPolicy,144,0,0,0,0,0,0
WarningMajor,method,mct,0.9,0.5,gov.nasa.arc.mct.core.policy.CheckComponentOwnerIsUserPolicy,144,0,0,0,0,0,0
WarningMinor,method,mct,0.9,0.5,gov.nasa.arc.mct.core.policy.CheckComponentOwnerIsUserPolicy,144,0,0,0,0,0,0
Android Rules,method,mct,0.9,0.5,gov.nasa.arc.mct.core.policy.CheckComponentOwnerIsUserPolicy,144,0,0,0,0,0,0
Basic Rules,method,mct,0.9,0.5,gov.nasa.arc.mct.core.policy.CheckComponentOwnerIsUserPolicy,144,0,0,0,0,0,0
Brace Rules,method,mct,0.9,0.5,gov.nasa.arc.mct.core.policy.CheckComponentOwnerIsUserPolicy,144,0,0,0,0,0,0
Clone Implementation Rules,method,mct,0.9,0.5,gov.nasa.arc.mct.core.policy.CheckComponentOwnerIsUserPolicy,144,0,0,0,0,0,0
Code Size Rules,method,mct,0.9,0.5,gov.nasa.arc.mct.core.policy.CheckComponentOwnerIsUserPolicy,144,0,0,0,0,0,0
Comment Rules,method,mct,0.9,0.5,gov.nasa.arc.mct.core.policy.CheckComponentOwnerIsUserPolicy,144,0,0,0,0,0,0
Controversial Rules,method,mct,0.9,0.5,gov.nasa.arc.mct.core.policy.CheckComponentOwnerIsUserPolicy,144,0,0,0,0,0,0
Coupling Rules,method,mct,0.9,0.5,gov.nasa.arc.mct.core.policy.CheckComponentOwnerIsUserPolicy,144,0,0,0,0,0,0
Design Rules,method,mct,0.9,0.5,gov.nasa.arc.mct.core.policy.CheckComponentOwnerIsUserPolicy,144,0,0,0,0,0,0
Empty Code Rules,method,mct,0.9,0.5,gov.nasa.arc.mct.core.policy.CheckComponentOwnerIsUserPolicy,144,0,0,0,0,0,0
Finalizer Rules,method,mct,0.9,0.5,gov.nasa.arc.mct.core.policy.CheckComponentOwnerIsUserPolicy,144,0,0,0,0,0,0
Import Statement Rules,method,mct,0.9,0.5,gov.nasa.arc.mct.core.policy.CheckComponentOwnerIsUserPolicy,144,0,0,0,0,0,0
J2EE Rules,method,mct,0.9,0.5,gov.nasa.arc.mct.core.policy.CheckComponentOwnerIsUserPolicy,144,0,0,0,0,0,0
JUnit Rules,method,mct,0.9,0.5,gov.nasa.arc.mct.core.policy.CheckComponentOwnerIsUserPolicy,144,0,0,0,0,0,0
Jakarta Commons Logging Rules,method,mct,0.9,0.5,gov.nasa.arc.mct.core.policy.CheckComponentOwnerIsUserPolicy,144,0,0,0,0,0,0
Java Logging Rules,method,mct,0.9,0.5,gov.nasa.arc.mct.core.policy.CheckComponentOwnerIsUserPolicy,144,0,0,0,0,0,0
JavaBean Rules,method,mct,0.9,0.5,gov.nasa.arc.mct.core.policy.CheckComponentOwnerIsUserPolicy,144,0,0,0,0,0,0
MigratingToJUnit4 Rules,method,mct,0.9,0.5,gov.nasa.arc.mct.core.policy.CheckComponentOwnerIsUserPolicy,144,0,0,0,0,0,0
Migration Rules,method,mct,0.9,0.5,gov.nasa.arc.mct.core.policy.CheckComponentOwnerIsUserPolicy,144,0,0,0,0,0,0
Migration13 Rules,method,mct,0.9,0.5,gov.nasa.arc.mct.core.policy.CheckComponentOwnerIsUserPolicy,144,0,0,0,0,0,0
Migration14 Rules,method,mct,0.9,0.5,gov.nasa.arc.mct.core.policy.CheckComponentOwnerIsUserPolicy,144,0,0,0,0,0,0
Migration15 Rules,method,mct,0.9,0.5,gov.nasa.arc.mct.core.policy.CheckComponentOwnerIsUserPolicy,144,0,0,0,0,0,0
Naming Rules,method,mct,0.9,0.5,gov.nasa.arc.mct.core.policy.CheckComponentOwnerIsUserPolicy,144,0,0,0,0,0,0
Optimization Rules,method,mct,0.9,0.5,gov.nasa.arc.mct.core.policy.CheckComponentOwnerIsUserPolicy,144,0,0,0,0,0,0
Security Code Guideline Rules,method,mct,0.9,0.5,gov.nasa.arc.mct.core.policy.CheckComponentOwnerIsUserPolicy,144,0,0,0,0,0,0
Strict Exception Rules,method,mct,0.9,0.5,gov.nasa.arc.mct.core.policy.CheckComponentOwnerIsUserPolicy,144,0,0,0,0,0,0
String and StringBuffer Rules,method,mct,0.9,0.5,gov.nasa.arc.mct.core.policy.CheckComponentOwnerIsUserPolicy,144,0,0,0,0,0,0
Type Resolution Rules,method,mct,0.9,0.5,gov.nasa.arc.mct.core.policy.CheckComponentOwnerIsUserPolicy,144,0,0,0,0,0,0
Unnecessary and Unused Code Rules,method,mct,0.9,0.5,gov.nasa.arc.mct.core.policy.CheckComponentOwnerIsUserPolicy,144,0,0,0,0,0,0
Vulnerability Rules,method,mct,0.9,0.5,gov.nasa.arc.mct.core.policy.CheckComponentOwnerIsUserPolicy,144,0,0,0,0,0,0
CC,method,mct,0.9,0.5,gov.nasa.arc.mct.fastplot.bridge.PlotView,360,0,0,0,1,1,1
CCL,method,mct,0.9,0.5,gov.nasa.arc.mct.fastplot.bridge.PlotView,360,0,0,0,1,1,1
CCO,method,mct,0.9,0.5,gov.nasa.arc.mct.fastplot.bridge.PlotView,360,0,0,0,1,1,1
CI,method,mct,0.9,0.5,gov.nasa.arc.mct.fastplot.bridge.PlotView,360,0,0,0,1,1,1
CLC,method,mct,0.9,0.5,gov.nasa.arc.mct.fastplot.bridge.PlotView,360,0,0,0,1,1,1
CLLC,method,mct,0.9,0.5,gov.nasa.arc.mct.fastplot.bridge.PlotView,360,0,0,0,1,1,1
LDC,method,mct,0.9,0.5,gov.nasa.arc.mct.fastplot.bridge.PlotView,360,0,0,0,1,1,1
LLDC,method,mct,0.9,0.5,gov.nasa.arc.mct.fastplot.bridge.PlotView,360,0,0,0,1,1,1
HCPL,method,mct,0.9,0.5,gov.nasa.arc.mct.fastplot.bridge.PlotView,360,1,1,1,1,1,1
HDIF,method,mct,0.9,0.5,gov.nasa.arc.mct.fastplot.bridge.PlotView,360,1,1,1,1,1,1
HEFF,method,mct,0.9,0.5,gov.nasa.arc.mct.fastplot.bridge.PlotView,360,1,1,1,1,1,1
HNDB,method,mct,0.9,0.5,gov.nasa.arc.mct.fastplot.bridge.PlotView,360,1,1,1,1,1,1
HPL,method,mct,0.9,0.5,gov.nasa.arc.mct.fastplot.bridge.PlotView,360,1,1,1,1,1,1
HPV,method,mct,0.9,0.5,gov.nasa.arc.mct.fastplot.bridge.PlotView,360,1,1,1,1,1,1
HTRP,method,mct,0.9,0.5,gov.nasa.arc.mct.fastplot.bridge.PlotView,360,1,1,1,1,1,1
HVOL,method,mct,0.9,0.5,gov.nasa.arc.mct.fastplot.bridge.PlotView,360,1,1,1,1,1,1
MI,method,mct,0.9,0.5,gov.nasa.arc.mct.fastplot.bridge.PlotView,360,1,1,1,1,1,1
MIMS,method,mct,0.9,0.5,gov.nasa.arc.mct.fastplot.bridge.PlotView,360,1,1,1,1,1,1
MISEI,method,mct,0.9,0.5,gov.nasa.arc.mct.fastplot.bridge.PlotView,360,1,1,1,1,1,1
MISM,method,mct,0.9,0.5,gov.nasa.arc.mct.fastplot.bridge.PlotView,360,1,1,1,1,1,1
McCC,method,mct,0.9,0.5,gov.nasa.arc.mct.fastplot.bridge.PlotView,360,1,1,1,1,1,1
NL,method,mct,0.9,0.5,gov.nasa.arc.mct.fastplot.bridge.PlotView,360,1,1,1,1,1,1
NLE,method,mct,0.9,0.5,gov.nasa.arc.mct.fastplot.bridge.PlotView,360,1,1,1,1,1,1
NII,method,mct,0.9,0.5,gov.nasa.arc.mct.fastplot.bridge.PlotView,360,1,1,1,1,1,1
NOI,method,mct,0.9,0.5,gov.nasa.arc.mct.fastplot.bridge.PlotView,360,1,1,1,1,1,1
CD,method,mct,0.9,0.5,gov.nasa.arc.mct.fastplot.bridge.PlotView,360,1,1,1,1,1,1
CLOC,method,mct,0.9,0.5,gov.nasa.arc.mct.fastplot.bridge.PlotView,360,1,1,1,1,1,1
DLOC,method,mct,0.9,0.5,gov.nasa.arc.mct.fastplot.bridge.PlotView,360,1,1,1,1,1,1
TCD,method,mct,0.9,0.5,gov.nasa.arc.mct.fastplot.bridge.PlotView,360,1,1,1,1,1,1
TCLOC,method,mct,0.9,0.5,gov.nasa.arc.mct.fastplot.bridge.PlotView,360,1,1,1,1,1,1
LLOC,method,mct,0.9,0.5,gov.nasa.arc.mct.fastplot.bridge.PlotView,360,1,1,1,1,1,1
LOC,method,mct,0.9,0.5,gov.nasa.arc.mct.fastplot.bridge.PlotView,360,1,1,1,1,1,1
NOS,method,mct,0.9,0.5,gov.nasa.arc.mct.fastplot.bridge.PlotView,360,1,1,1,1,1,1
NUMPAR,method,mct,0.9,0.5,gov.nasa.arc.mct.fastplot.bridge.PlotView,360,1,1,1,1,1,1
TLLOC,method,mct,0.9,0.5,gov.nasa.arc.mct.fastplot.bridge.PlotView,360,1,1,1,1,1,1
TLOC,method,mct,0.9,0.5,gov.nasa.arc.mct.fastplot.bridge.PlotView,360,1,1,1,1,1,1
TNOS,method,mct,0.9,0.5,gov.nasa.arc.mct.fastplot.bridge.PlotView,360,0,0,0,0,0,0
WarningBlocker,method,mct,0.9,0.5,gov.nasa.arc.mct.fastplot.bridge.PlotView,360,0,0,0,0,0,0
WarningCritical,method,mct,0.9,0.5,gov.nasa.arc.mct.fastplot.bridge.PlotView,360,0,0,0,0,0,0
WarningInfo,method,mct,0.9,0.5,gov.nasa.arc.mct.fastplot.bridge.PlotView,360,0,0,0,0,0,0
WarningMajor,method,mct,0.9,0.5,gov.nasa.arc.mct.fastplot.bridge.PlotView,360,0,0,0,0,0,0
WarningMinor,method,mct,0.9,0.5,gov.nasa.arc.mct.fastplot.bridge.PlotView,360,0,0,0,0,0,0
Android Rules,method,mct,0.9,0.5,gov.nasa.arc.mct.fastplot.bridge.PlotView,360,0,0,0,0,0,0
Basic Rules,method,mct,0.9,0.5,gov.nasa.arc.mct.fastplot.bridge.PlotView,360,0,0,0,0,0,0
Brace Rules,method,mct,0.9,0.5,gov.nasa.arc.mct.fastplot.bridge.PlotView,360,0,0,0,0,0,0
Clone Implementation Rules,method,mct,0.9,0.5,gov.nasa.arc.mct.fastplot.bridge.PlotView,360,0,0,0,0,0,0
Code Size Rules,method,mct,0.9,0.5,gov.nasa.arc.mct.fastplot.bridge.PlotView,360,0,0,0,0,0,0
Comment Rules,method,mct,0.9,0.5,gov.nasa.arc.mct.fastplot.bridge.PlotView,360,0,0,0,0,0,0
Controversial Rules,method,mct,0.9,0.5,gov.nasa.arc.mct.fastplot.bridge.PlotView,360,0,0,0,0,0,0
Coupling Rules,method,mct,0.9,0.5,gov.nasa.arc.mct.fastplot.bridge.PlotView,360,0,0,0,0,0,0
Design Rules,method,mct,0.9,0.5,gov.nasa.arc.mct.fastplot.bridge.PlotView,360,0,0,0,0,0,0
Empty Code Rules,method,mct,0.9,0.5,gov.nasa.arc.mct.fastplot.bridge.PlotView,360,0,0,0,0,0,0
Finalizer Rules,method,mct,0.9,0.5,gov.nasa.arc.mct.fastplot.bridge.PlotView,360,0,0,0,0,0,0
Import Statement Rules,method,mct,0.9,0.5,gov.nasa.arc.mct.fastplot.bridge.PlotView,360,0,0,0,0,0,0
J2EE Rules,method,mct,0.9,0.5,gov.nasa.arc.mct.fastplot.bridge.PlotView,360,0,0,0,0,0,0
JUnit Rules,method,mct,0.9,0.5,gov.nasa.arc.mct.fastplot.bridge.PlotView,360,0,0,0,0,0,0
Jakarta Commons Logging Rules,method,mct,0.9,0.5,gov.nasa.arc.mct.fastplot.bridge.PlotView,360,0,0,0,0,0,0
Java Logging Rules,method,mct,0.9,0.5,gov.nasa.arc.mct.fastplot.bridge.PlotView,360,0,0,0,0,0,0
JavaBean Rules,method,mct,0.9,0.5,gov.nasa.arc.mct.fastplot.bridge.PlotView,360,0,0,0,0,0,0
MigratingToJUnit4 Rules,method,mct,0.9,0.5,gov.nasa.arc.mct.fastplot.bridge.PlotView,360,0,0,0,0,0,0
Migration Rules,method,mct,0.9,0.5,gov.nasa.arc.mct.fastplot.bridge.PlotView,360,0,0,0,0,0,0
Migration13 Rules,method,mct,0.9,0.5,gov.nasa.arc.mct.fastplot.bridge.PlotView,360,0,0,0,0,0,0
Migration14 Rules,method,mct,0.9,0.5,gov.nasa.arc.mct.fastplot.bridge.PlotView,360,0,0,0,0,0,0
Migration15 Rules,method,mct,0.9,0.5,gov.nasa.arc.mct.fastplot.bridge.PlotView,360,0,0,0,0,0,0
Naming Rules,method,mct,0.9,0.5,gov.nasa.arc.mct.fastplot.bridge.PlotView,360,0,0,0,0,0,0
Optimization Rules,method,mct,0.9,0.5,gov.nasa.arc.mct.fastplot.bridge.PlotView,360,0,0,0,0,0,0
Security Code Guideline Rules,method,mct,0.9,0.5,gov.nasa.arc.mct.fastplot.bridge.PlotView,360,0,0,0,0,0,0
Strict Exception Rules,method,mct,0.9,0.5,gov.nasa.arc.mct.fastplot.bridge.PlotView,360,0,0,0,0,0,0
String and StringBuffer Rules,method,mct,0.9,0.5,gov.nasa.arc.mct.fastplot.bridge.PlotView,360,0,0,0,0,0,0
Type Resolution Rules,method,mct,0.9,0.5,gov.nasa.arc.mct.fastplot.bridge.PlotView,360,0,0,0,0,0,0
Unnecessary and Unused Code Rules,method,mct,0.9,0.5,gov.nasa.arc.mct.fastplot.bridge.PlotView,360,0,0,0,0,0,0
Vulnerability Rules,method,mct,0.9,0.5,gov.nasa.arc.mct.fastplot.bridge.PlotView,360,0,0,0,0,0,0
CC,method,mct,0.9,0.5,gov.nasa.arc.mct.fastplot.scatter.ScatterPlotDataSeries,576,0,0,0,1,1,1
CCL,method,mct,0.9,0.5,gov.nasa.arc.mct.fastplot.scatter.ScatterPlotDataSeries,576,0,0,0,1,1,1
CCO,method,mct,0.9,0.5,gov.nasa.arc.mct.fastplot.scatter.ScatterPlotDataSeries,576,0,0,0,1,1,1
CI,method,mct,0.9,0.5,gov.nasa.arc.mct.fastplot.scatter.ScatterPlotDataSeries,576,0,0,0,1,1,1
CLC,method,mct,0.9,0.5,gov.nasa.arc.mct.fastplot.scatter.ScatterPlotDataSeries,576,0,0,0,1,1,1
CLLC,method,mct,0.9,0.5,gov.nasa.arc.mct.fastplot.scatter.ScatterPlotDataSeries,576,0,0,0,1,1,1
LDC,method,mct,0.9,0.5,gov.nasa.arc.mct.fastplot.scatter.ScatterPlotDataSeries,576,0,0,0,1,1,1
LLDC,method,mct,0.9,0.5,gov.nasa.arc.mct.fastplot.scatter.ScatterPlotDataSeries,576,0,0,0,1,1,1
HCPL,method,mct,0.9,0.5,gov.nasa.arc.mct.fastplot.scatter.ScatterPlotDataSeries,576,1,1,1,1,1,1
HDIF,method,mct,0.9,0.5,gov.nasa.arc.mct.fastplot.scatter.ScatterPlotDataSeries,576,1,1,1,1,1,1
HEFF,method,mct,0.9,0.5,gov.nasa.arc.mct.fastplot.scatter.ScatterPlotDataSeries,576,1,1,1,1,1,1
HNDB,method,mct,0.9,0.5,gov.nasa.arc.mct.fastplot.scatter.ScatterPlotDataSeries,576,1,1,1,1,1,1
HPL,method,mct,0.9,0.5,gov.nasa.arc.mct.fastplot.scatter.ScatterPlotDataSeries,576,1,1,1,1,1,1
HPV,method,mct,0.9,0.5,gov.nasa.arc.mct.fastplot.scatter.ScatterPlotDataSeries,576,1,1,1,1,1,1
HTRP,method,mct,0.9,0.5,gov.nasa.arc.mct.fastplot.scatter.ScatterPlotDataSeries,576,1,1,1,1,1,1
HVOL,method,mct,0.9,0.5,gov.nasa.arc.mct.fastplot.scatter.ScatterPlotDataSeries,576,1,1,1,1,1,1
MI,method,mct,0.9,0.5,gov.nasa.arc.mct.fastplot.scatter.ScatterPlotDataSeries,576,1,1,1,1,1,1
MIMS,method,mct,0.9,0.5,gov.nasa.arc.mct.fastplot.scatter.ScatterPlotDataSeries,576,1,1,1,1,1,1
MISEI,method,mct,0.9,0.5,gov.nasa.arc.mct.fastplot.scatter.ScatterPlotDataSeries,576,1,1,1,1,1,1
MISM,method,mct,0.9,0.5,gov.nasa.arc.mct.fastplot.scatter.ScatterPlotDataSeries,576,1,1,1,1,1,1
McCC,method,mct,0.9,0.5,gov.nasa.arc.mct.fastplot.scatter.ScatterPlotDataSeries,576,0,0,0,1,1,1
NL,method,mct,0.9,0.5,gov.nasa.arc.mct.fastplot.scatter.ScatterPlotDataSeries,576,1,1,1,1,1,1
NLE,method,mct,0.9,0.5,gov.nasa.arc.mct.fastplot.scatter.ScatterPlotDataSeries,576,1,1,1,1,1,1
NII,method,mct,0.9,0.5,gov.nasa.arc.mct.fastplot.scatter.ScatterPlotDataSeries,576,0,0,0,1,1,1
NOI,method,mct,0.9,0.5,gov.nasa.arc.mct.fastplot.scatter.ScatterPlotDataSeries,576,0,0,0,1,1,1
CD,method,mct,0.9,0.5,gov.nasa.arc.mct.fastplot.scatter.ScatterPlotDataSeries,576,0,0,0,1,1,1
CLOC,method,mct,0.9,0.5,gov.nasa.arc.mct.fastplot.scatter.ScatterPlotDataSeries,576,0,0,0,1,1,1
DLOC,method,mct,0.9,0.5,gov.nasa.arc.mct.fastplot.scatter.ScatterPlotDataSeries,576,0,0,0,1,1,1
TCD,method,mct,0.9,0.5,gov.nasa.arc.mct.fastplot.scatter.ScatterPlotDataSeries,576,0,0,0,1,1,1
TCLOC,method,mct,0.9,0.5,gov.nasa.arc.mct.fastplot.scatter.ScatterPlotDataSeries,576,0,0,0,1,1,1
LLOC,method,mct,0.9,0.5,gov.nasa.arc.mct.fastplot.scatter.ScatterPlotDataSeries,576,1,1,1,1,1,1
LOC,method,mct,0.9,0.5,gov.nasa.arc.mct.fastplot.scatter.ScatterPlotDataSeries,576,1,1,1,1,1,1
NOS,method,mct,0.9,0.5,gov.nasa.arc.mct.fastplot.scatter.ScatterPlotDataSeries,576,0,0,0,1,1,1
NUMPAR,method,mct,0.9,0.5,gov.nasa.arc.mct.fastplot.scatter.ScatterPlotDataSeries,576,0,0,0,1,1,1
TLLOC,method,mct,0.9,0.5,gov.nasa.arc.mct.fastplot.scatter.ScatterPlotDataSeries,576,1,1,1,1,1,1
TLOC,method,mct,0.9,0.5,gov.nasa.arc.mct.fastplot.scatter.ScatterPlotDataSeries,576,1,1,1,1,1,1
TNOS,method,mct,0.9,0.5,gov.nasa.arc.mct.fastplot.scatter.ScatterPlotDataSeries,576,0,0,0,0,0,0
WarningBlocker,method,mct,0.9,0.5,gov.nasa.arc.mct.fastplot.scatter.ScatterPlotDataSeries,576,0,0,0,0,0,0
WarningCritical,method,mct,0.9,0.5,gov.nasa.arc.mct.fastplot.scatter.ScatterPlotDataSeries,576,0,0,0,0,0,0
WarningInfo,method,mct,0.9,0.5,gov.nasa.arc.mct.fastplot.scatter.ScatterPlotDataSeries,576,0,0,0,0,0,0
WarningMajor,method,mct,0.9,0.5,gov.nasa.arc.mct.fastplot.scatter.ScatterPlotDataSeries,576,0,0,0,0,0,0
WarningMinor,method,mct,0.9,0.5,gov.nasa.arc.mct.fastplot.scatter.ScatterPlotDataSeries,576,0,0,0,0,0,0
Android Rules,method,mct,0.9,0.5,gov.nasa.arc.mct.fastplot.scatter.ScatterPlotDataSeries,576,0,0,0,0,0,0
Basic Rules,method,mct,0.9,0.5,gov.nasa.arc.mct.fastplot.scatter.ScatterPlotDataSeries,576,0,0,0,0,0,0
Brace Rules,method,mct,0.9,0.5,gov.nasa.arc.mct.fastplot.scatter.ScatterPlotDataSeries,576,0,0,0,0,0,0
Clone Implementation Rules,method,mct,0.9,0.5,gov.nasa.arc.mct.fastplot.scatter.ScatterPlotDataSeries,576,0,0,0,0,0,0
Code Size Rules,method,mct,0.9,0.5,gov.nasa.arc.mct.fastplot.scatter.ScatterPlotDataSeries,576,0,0,0,0,0,0
Comment Rules,method,mct,0.9,0.5,gov.nasa.arc.mct.fastplot.scatter.ScatterPlotDataSeries,576,0,0,0,0,0,0
Controversial Rules,method,mct,0.9,0.5,gov.nasa.arc.mct.fastplot.scatter.ScatterPlotDataSeries,576,0,0,0,0,0,0
Coupling Rules,method,mct,0.9,0.5,gov.nasa.arc.mct.fastplot.scatter.ScatterPlotDataSeries,576,0,0,0,0,0,0
Design Rules,method,mct,0.9,0.5,gov.nasa.arc.mct.fastplot.scatter.ScatterPlotDataSeries,576,0,0,0,0,0,0
Empty Code Rules,method,mct,0.9,0.5,gov.nasa.arc.mct.fastplot.scatter.ScatterPlotDataSeries,576,0,0,0,0,0,0
Finalizer Rules,method,mct,0.9,0.5,gov.nasa.arc.mct.fastplot.scatter.ScatterPlotDataSeries,576,0,0,0,0,0,0
Import Statement Rules,method,mct,0.9,0.5,gov.nasa.arc.mct.fastplot.scatter.ScatterPlotDataSeries,576,0,0,0,0,0,0
J2EE Rules,method,mct,0.9,0.5,gov.nasa.arc.mct.fastplot.scatter.ScatterPlotDataSeries,576,0,0,0,0,0,0
JUnit Rules,method,mct,0.9,0.5,gov.nasa.arc.mct.fastplot.scatter.ScatterPlotDataSeries,576,0,0,0,0,0,0
Jakarta Commons Logging Rules,method,mct,0.9,0.5,gov.nasa.arc.mct.fastplot.scatter.ScatterPlotDataSeries,576,0,0,0,0,0,0
Java Logging Rules,method,mct,0.9,0.5,gov.nasa.arc.mct.fastplot.scatter.ScatterPlotDataSeries,576,0,0,0,0,0,0
JavaBean Rules,method,mct,0.9,0.5,gov.nasa.arc.mct.fastplot.scatter.ScatterPlotDataSeries,576,0,0,0,0,0,0
MigratingToJUnit4 Rules,method,mct,0.9,0.5,gov.nasa.arc.mct.fastplot.scatter.ScatterPlotDataSeries,576,0,0,0,0,0,0
Migration Rules,method,mct,0.9,0.5,gov.nasa.arc.mct.fastplot.scatter.ScatterPlotDataSeries,576,0,0,0,0,0,0
Migration13 Rules,method,mct,0.9,0.5,gov.nasa.arc.mct.fastplot.scatter.ScatterPlotDataSeries,576,0,0,0,0,0,0
Migration14 Rules,method,mct,0.9,0.5,gov.nasa.arc.mct.fastplot.scatter.ScatterPlotDataSeries,576,0,0,0,0,0,0
Migration15 Rules,method,mct,0.9,0.5,gov.nasa.arc.mct.fastplot.scatter.ScatterPlotDataSeries,576,0,0,0,0,0,0
Naming Rules,method,mct,0.9,0.5,gov.nasa.arc.mct.fastplot.scatter.ScatterPlotDataSeries,576,0,0,0,0,0,0
Optimization Rules,method,mct,0.9,0.5,gov.nasa.arc.mct.fastplot.scatter.ScatterPlotDataSeries,576,0,0,0,0,0,0
Security Code Guideline Rules,method,mct,0.9,0.5,gov.nasa.arc.mct.fastplot.scatter.ScatterPlotDataSeries,576,0,0,0,0,0,0
Strict Exception Rules,method,mct,0.9,0.5,gov.nasa.arc.mct.fastplot.scatter.ScatterPlotDataSeries,576,0,0,0,0,0,0
String and StringBuffer Rules,method,mct,0.9,0.5,gov.nasa.arc.mct.fastplot.scatter.ScatterPlotDataSeries,576,0,0,0,0,0,0
Type Resolution Rules,method,mct,0.9,0.5,gov.nasa.arc.mct.fastplot.scatter.ScatterPlotDataSeries,576,0,0,0,0,0,0
Unnecessary and Unused Code Rules,method,mct,0.9,0.5,gov.nasa.arc.mct.fastplot.scatter.ScatterPlotDataSeries,576,0,0,0,0,0,0
Vulnerability Rules,method,mct,0.9,0.5,gov.nasa.arc.mct.fastplot.scatter.ScatterPlotDataSeries,576,0,0,0,0,0,0
CC,method,mct,0.9,0.5,gov.nasa.arc.mct.core.policy.OwnershipTest,216,0,0,0,1,1,1
CCL,method,mct,0.9,0.5,gov.nasa.arc.mct.core.policy.OwnershipTest,216,0,0,0,1,1,1
CCO,method,mct,0.9,0.5,gov.nasa.arc.mct.core.policy.OwnershipTest,216,0,0,0,1,1,1
CI,method,mct,0.9,0.5,gov.nasa.arc.mct.core.policy.OwnershipTest,216,0,0,0,1,1,1
CLC,method,mct,0.9,0.5,gov.nasa.arc.mct.core.policy.OwnershipTest,216,0,0,0,1,1,1
CLLC,method,mct,0.9,0.5,gov.nasa.arc.mct.core.policy.OwnershipTest,216,0,0,0,1,1,1
LDC,method,mct,0.9,0.5,gov.nasa.arc.mct.core.policy.OwnershipTest,216,0,0,0,1,1,1
LLDC,method,mct,0.9,0.5,gov.nasa.arc.mct.core.policy.OwnershipTest,216,0,0,0,1,1,1
HCPL,method,mct,0.9,0.5,gov.nasa.arc.mct.core.policy.OwnershipTest,216,1,1,1,1,1,1
HDIF,method,mct,0.9,0.5,gov.nasa.arc.mct.core.policy.OwnershipTest,216,1,1,1,1,1,1
HEFF,method,mct,0.9,0.5,gov.nasa.arc.mct.core.policy.OwnershipTest,216,1,1,1,1,1,1
HNDB,method,mct,0.9,0.5,gov.nasa.arc.mct.core.policy.OwnershipTest,216,1,1,1,1,1,1
HPL,method,mct,0.9,0.5,gov.nasa.arc.mct.core.policy.OwnershipTest,216,1,1,1,1,1,1
HPV,method,mct,0.9,0.5,gov.nasa.arc.mct.core.policy.OwnershipTest,216,1,1,1,1,1,1
HTRP,method,mct,0.9,0.5,gov.nasa.arc.mct.core.policy.OwnershipTest,216,1,1,1,1,1,1
HVOL,method,mct,0.9,0.5,gov.nasa.arc.mct.core.policy.OwnershipTest,216,1,1,1,1,1,1
MI,method,mct,0.9,0.5,gov.nasa.arc.mct.core.policy.OwnershipTest,216,1,1,1,1,1,1
MIMS,method,mct,0.9,0.5,gov.nasa.arc.mct.core.policy.OwnershipTest,216,1,1,1,1,1,1
MISEI,method,mct,0.9,0.5,gov.nasa.arc.mct.core.policy.OwnershipTest,216,1,1,1,1,1,1
MISM,method,mct,0.9,0.5,gov.nasa.arc.mct.core.policy.OwnershipTest,216,1,1,1,1,1,1
McCC,method,mct,0.9,0.5,gov.nasa.arc.mct.core.policy.OwnershipTest,216,1,1,1,1,1,1
NL,method,mct,0.9,0.5,gov.nasa.arc.mct.core.policy.OwnershipTest,216,1,1,1,1,1,1
NLE,method,mct,0.9,0.5,gov.nasa.arc.mct.core.policy.OwnershipTest,216,1,1,1,1,1,1
NII,method,mct,0.9,0.5,gov.nasa.arc.mct.core.policy.OwnershipTest,216,0,0,0,1,1,1
NOI,method,mct,0.9,0.5,gov.nasa.arc.mct.core.policy.OwnershipTest,216,1,1,1,1,1,1
CD,method,mct,0.9,0.5,gov.nasa.arc.mct.core.policy.OwnershipTest,216,1,1,1,1,1,1
CLOC,method,mct,0.9,0.5,gov.nasa.arc.mct.core.policy.OwnershipTest,216,1,1,1,1,1,1
DLOC,method,mct,0.9,0.5,gov.nasa.arc.mct.core.policy.OwnershipTest,216,1,1,1,1,1,1
TCD,method,mct,0.9,0.5,gov.nasa.arc.mct.core.policy.OwnershipTest,216,1,1,1,1,1,1
TCLOC,method,mct,0.9,0.5,gov.nasa.arc.mct.core.policy.OwnershipTest,216,1,1,1,1,1,1
LLOC,method,mct,0.9,0.5,gov.nasa.arc.mct.core.policy.OwnershipTest,216,1,1,1,1,1,1
LOC,method,mct,0.9,0.5,gov.nasa.arc.mct.core.policy.OwnershipTest,216,1,1,1,1,1,1
NOS,method,mct,0.9,0.5,gov.nasa.arc.mct.core.policy.OwnershipTest,216,1,1,1,1,1,1
NUMPAR,method,mct,0.9,0.5,gov.nasa.arc.mct.core.policy.OwnershipTest,216,1,1,1,1,1,1
TLLOC,method,mct,0.9,0.5,gov.nasa.arc.mct.core.policy.OwnershipTest,216,1,1,1,1,1,1
TLOC,method,mct,0.9,0.5,gov.nasa.arc.mct.core.policy.OwnershipTest,216,1,1,1,1,1,1
TNOS,method,mct,0.9,0.5,gov.nasa.arc.mct.core.policy.OwnershipTest,216,0,0,0,0,0,0
WarningBlocker,method,mct,0.9,0.5,gov.nasa.arc.mct.core.policy.OwnershipTest,216,0,0,0,0,0,0
WarningCritical,method,mct,0.9,0.5,gov.nasa.arc.mct.core.policy.OwnershipTest,216,0,0,0,0,0,0
WarningInfo,method,mct,0.9,0.5,gov.nasa.arc.mct.core.policy.OwnershipTest,216,0,0,0,0,0,0
WarningMajor,method,mct,0.9,0.5,gov.nasa.arc.mct.core.policy.OwnershipTest,216,0,0,0,0,0,0
WarningMinor,method,mct,0.9,0.5,gov.nasa.arc.mct.core.policy.OwnershipTest,216,0,0,0,0,0,0
Android Rules,method,mct,0.9,0.5,gov.nasa.arc.mct.core.policy.OwnershipTest,216,0,0,0,0,0,0
Basic Rules,method,mct,0.9,0.5,gov.nasa.arc.mct.core.policy.OwnershipTest,216,0,0,0,0,0,0
Brace Rules,method,mct,0.9,0.5,gov.nasa.arc.mct.core.policy.OwnershipTest,216,0,0,0,0,0,0
Clone Implementation Rules,method,mct,0.9,0.5,gov.nasa.arc.mct.core.policy.OwnershipTest,216,0,0,0,0,0,0
Code Size Rules,method,mct,0.9,0.5,gov.nasa.arc.mct.core.policy.OwnershipTest,216,0,0,0,0,0,0
Comment Rules,method,mct,0.9,0.5,gov.nasa.arc.mct.core.policy.OwnershipTest,216,0,0,0,0,0,0
Controversial Rules,method,mct,0.9,0.5,gov.nasa.arc.mct.core.policy.OwnershipTest,216,0,0,0,0,0,0
Coupling Rules,method,mct,0.9,0.5,gov.nasa.arc.mct.core.policy.OwnershipTest,216,0,0,0,0,0,0
Design Rules,method,mct,0.9,0.5,gov.nasa.arc.mct.core.policy.OwnershipTest,216,0,0,0,0,0,0
Empty Code Rules,method,mct,0.9,0.5,gov.nasa.arc.mct.core.policy.OwnershipTest,216,0,0,0,0,0,0
Finalizer Rules,method,mct,0.9,0.5,gov.nasa.arc.mct.core.policy.OwnershipTest,216,0,0,0,0,0,0
Import Statement Rules,method,mct,0.9,0.5,gov.nasa.arc.mct.core.policy.OwnershipTest,216,0,0,0,0,0,0
J2EE Rules,method,mct,0.9,0.5,gov.nasa.arc.mct.core.policy.OwnershipTest,216,0,0,0,0,0,0
JUnit Rules,method,mct,0.9,0.5,gov.nasa.arc.mct.core.policy.OwnershipTest,216,0,0,0,0,0,0
Jakarta Commons Logging Rules,method,mct,0.9,0.5,gov.nasa.arc.mct.core.policy.OwnershipTest,216,0,0,0,0,0,0
Java Logging Rules,method,mct,0.9,0.5,gov.nasa.arc.mct.core.policy.OwnershipTest,216,0,0,0,0,0,0
JavaBean Rules,method,mct,0.9,0.5,gov.nasa.arc.mct.core.policy.OwnershipTest,216,0,0,0,0,0,0
MigratingToJUnit4 Rules,method,mct,0.9,0.5,gov.nasa.arc.mct.core.policy.OwnershipTest,216,0,0,0,0,0,0
Migration Rules,method,mct,0.9,0.5,gov.nasa.arc.mct.core.policy.OwnershipTest,216,0,0,0,0,0,0
Migration13 Rules,method,mct,0.9,0.5,gov.nasa.arc.mct.core.policy.OwnershipTest,216,0,0,0,0,0,0
Migration14 Rules,method,mct,0.9,0.5,gov.nasa.arc.mct.core.policy.OwnershipTest,216,0,0,0,0,0,0
Migration15 Rules,method,mct,0.9,0.5,gov.nasa.arc.mct.core.policy.OwnershipTest,216,0,0,0,0,0,0
Naming Rules,method,mct,0.9,0.5,gov.nasa.arc.mct.core.policy.OwnershipTest,216,0,0,0,0,0,0
Optimization Rules,method,mct,0.9,0.5,gov.nasa.arc.mct.core.policy.OwnershipTest,216,0,0,0,0,0,0
Security Code Guideline Rules,method,mct,0.9,0.5,gov.nasa.arc.mct.core.policy.OwnershipTest,216,0,0,0,0,0,0
Strict Exception Rules,method,mct,0.9,0.5,gov.nasa.arc.mct.core.policy.OwnershipTest,216,0,0,0,0,0,0
String and StringBuffer Rules,method,mct,0.9,0.5,gov.nasa.arc.mct.core.policy.OwnershipTest,216,0,0,0,0,0,0
Type Resolution Rules,method,mct,0.9,0.5,gov.nasa.arc.mct.core.policy.OwnershipTest,216,0,0,0,0,0,0
Unnecessary and Unused Code Rules,method,mct,0.9,0.5,gov.nasa.arc.mct.core.policy.OwnershipTest,216,0,0,0,0,0,0
Vulnerability Rules,method,mct,0.9,0.5,gov.nasa.arc.mct.core.policy.OwnershipTest,216,0,0,0,0,0,0
CC,method,mct,0.9,0.5,gov.nasa.arc.mct.canvas.view.PanelInspectorTest,216,1,1,1,1,1,1
CCL,method,mct,0.9,0.5,gov.nasa.arc.mct.canvas.view.PanelInspectorTest,216,0,0,0,1,1,1
CCO,method,mct,0.9,0.5,gov.nasa.arc.mct.canvas.view.PanelInspectorTest,216,1,1,1,1,1,1
CI,method,mct,0.9,0.5,gov.nasa.arc.mct.canvas.view.PanelInspectorTest,216,0,0,0,1,1,1
CLC,method,mct,0.9,0.5,gov.nasa.arc.mct.canvas.view.PanelInspectorTest,216,1,1,1,1,1,1
CLLC,method,mct,0.9,0.5,gov.nasa.arc.mct.canvas.view.PanelInspectorTest,216,1,1,1,1,1,1
LDC,method,mct,0.9,0.5,gov.nasa.arc.mct.canvas.view.PanelInspectorTest,216,1,1,1,1,1,1
LLDC,method,mct,0.9,0.5,gov.nasa.arc.mct.canvas.view.PanelInspectorTest,216,1,1,1,1,1,1
HCPL,method,mct,0.9,0.5,gov.nasa.arc.mct.canvas.view.PanelInspectorTest,216,1,1,1,1,1,1
HDIF,method,mct,0.9,0.5,gov.nasa.arc.mct.canvas.view.PanelInspectorTest,216,1,1,1,1,1,1
HEFF,method,mct,0.9,0.5,gov.nasa.arc.mct.canvas.view.PanelInspectorTest,216,1,1,1,1,1,1
HNDB,method,mct,0.9,0.5,gov.nasa.arc.mct.canvas.view.PanelInspectorTest,216,1,1,1,1,1,1
HPL,method,mct,0.9,0.5,gov.nasa.arc.mct.canvas.view.PanelInspectorTest,216,1,1,1,1,1,1
HPV,method,mct,0.9,0.5,gov.nasa.arc.mct.canvas.view.PanelInspectorTest,216,1,1,1,1,1,1
HTRP,method,mct,0.9,0.5,gov.nasa.arc.mct.canvas.view.PanelInspectorTest,216,1,1,1,1,1,1
HVOL,method,mct,0.9,0.5,gov.nasa.arc.mct.canvas.view.PanelInspectorTest,216,1,1,1,1,1,1
MI,method,mct,0.9,0.5,gov.nasa.arc.mct.canvas.view.PanelInspectorTest,216,1,1,1,1,1,1
MIMS,method,mct,0.9,0.5,gov.nasa.arc.mct.canvas.view.PanelInspectorTest,216,1,1,1,1,1,1
MISEI,method,mct,0.9,0.5,gov.nasa.arc.mct.canvas.view.PanelInspectorTest,216,1,1,1,1,1,1
MISM,method,mct,0.9,0.5,gov.nasa.arc.mct.canvas.view.PanelInspectorTest,216,1,1,1,1,1,1
McCC,method,mct,0.9,0.5,gov.nasa.arc.mct.canvas.view.PanelInspectorTest,216,1,1,1,1,1,1
NL,method,mct,0.9,0.5,gov.nasa.arc.mct.canvas.view.PanelInspectorTest,216,1,1,1,1,1,1
NLE,method,mct,0.9,0.5,gov.nasa.arc.mct.canvas.view.PanelInspectorTest,216,1,1,1,1,1,1
NII,method,mct,0.9,0.5,gov.nasa.arc.mct.canvas.view.PanelInspectorTest,216,0,0,0,1,1,1
NOI,method,mct,0.9,0.5,gov.nasa.arc.mct.canvas.view.PanelInspectorTest,216,1,1,1,1,1,1
CD,method,mct,0.9,0.5,gov.nasa.arc.mct.canvas.view.PanelInspectorTest,216,1,1,1,1,1,1
CLOC,method,mct,0.9,0.5,gov.nasa.arc.mct.canvas.view.PanelInspectorTest,216,1,1,1,1,1,1
DLOC,method,mct,0.9,0.5,gov.nasa.arc.mct.canvas.view.PanelInspectorTest,216,1,1,1,1,1,1
TCD,method,mct,0.9,0.5,gov.nasa.arc.mct.canvas.view.PanelInspectorTest,216,1,1,1,1,1,1
TCLOC,method,mct,0.9,0.5,gov.nasa.arc.mct.canvas.view.PanelInspectorTest,216,1,1,1,1,1,1
LLOC,method,mct,0.9,0.5,gov.nasa.arc.mct.canvas.view.PanelInspectorTest,216,1,1,1,1,1,1
LOC,method,mct,0.9,0.5,gov.nasa.arc.mct.canvas.view.PanelInspectorTest,216,1,1,1,1,1,1
NOS,method,mct,0.9,0.5,gov.nasa.arc.mct.canvas.view.PanelInspectorTest,216,1,1,1,1,1,1
NUMPAR,method,mct,0.9,0.5,gov.nasa.arc.mct.canvas.view.PanelInspectorTest,216,0,0,0,1,1,1
TLLOC,method,mct,0.9,0.5,gov.nasa.arc.mct.canvas.view.PanelInspectorTest,216,1,1,1,1,1,1
TLOC,method,mct,0.9,0.5,gov.nasa.arc.mct.canvas.view.PanelInspectorTest,216,1,1,1,1,1,1
TNOS,method,mct,0.9,0.5,gov.nasa.arc.mct.canvas.view.PanelInspectorTest,216,0,0,0,0,0,0
WarningBlocker,method,mct,0.9,0.5,gov.nasa.arc.mct.canvas.view.PanelInspectorTest,216,0,0,0,0,0,0
WarningCritical,method,mct,0.9,0.5,gov.nasa.arc.mct.canvas.view.PanelInspectorTest,216,0,0,0,0,0,0
WarningInfo,method,mct,0.9,0.5,gov.nasa.arc.mct.canvas.view.PanelInspectorTest,216,0,0,0,0,0,0
WarningMajor,method,mct,0.9,0.5,gov.nasa.arc.mct.canvas.view.PanelInspectorTest,216,0,0,0,0,0,0
WarningMinor,method,mct,0.9,0.5,gov.nasa.arc.mct.canvas.view.PanelInspectorTest,216,0,0,0,0,0,0
Android Rules,method,mct,0.9,0.5,gov.nasa.arc.mct.canvas.view.PanelInspectorTest,216,0,0,0,0,0,0
Basic Rules,method,mct,0.9,0.5,gov.nasa.arc.mct.canvas.view.PanelInspectorTest,216,0,0,0,0,0,0
Brace Rules,method,mct,0.9,0.5,gov.nasa.arc.mct.canvas.view.PanelInspectorTest,216,0,0,0,0,0,0
Clone Implementation Rules,method,mct,0.9,0.5,gov.nasa.arc.mct.canvas.view.PanelInspectorTest,216,0,0,0,0,0,0
Code Size Rules,method,mct,0.9,0.5,gov.nasa.arc.mct.canvas.view.PanelInspectorTest,216,0,0,0,0,0,0
Comment Rules,method,mct,0.9,0.5,gov.nasa.arc.mct.canvas.view.PanelInspectorTest,216,0,0,0,0,0,0
Controversial Rules,method,mct,0.9,0.5,gov.nasa.arc.mct.canvas.view.PanelInspectorTest,216,0,0,0,0,0,0
Coupling Rules,method,mct,0.9,0.5,gov.nasa.arc.mct.canvas.view.PanelInspectorTest,216,0,0,0,0,0,0
Design Rules,method,mct,0.9,0.5,gov.nasa.arc.mct.canvas.view.PanelInspectorTest,216,0,0,0,0,0,0
Empty Code Rules,method,mct,0.9,0.5,gov.nasa.arc.mct.canvas.view.PanelInspectorTest,216,0,0,0,0,0,0
Finalizer Rules,method,mct,0.9,0.5,gov.nasa.arc.mct.canvas.view.PanelInspectorTest,216,0,0,0,0,0,0
Import Statement Rules,method,mct,0.9,0.5,gov.nasa.arc.mct.canvas.view.PanelInspectorTest,216,0,0,0,0,0,0
J2EE Rules,method,mct,0.9,0.5,gov.nasa.arc.mct.canvas.view.PanelInspectorTest,216,0,0,0,0,0,0
JUnit Rules,method,mct,0.9,0.5,gov.nasa.arc.mct.canvas.view.PanelInspectorTest,216,0,0,0,0,0,0
Jakarta Commons Logging Rules,method,mct,0.9,0.5,gov.nasa.arc.mct.canvas.view.PanelInspectorTest,216,0,0,0,0,0,0
Java Logging Rules,method,mct,0.9,0.5,gov.nasa.arc.mct.canvas.view.PanelInspectorTest,216,0,0,0,0,0,0
JavaBean Rules,method,mct,0.9,0.5,gov.nasa.arc.mct.canvas.view.PanelInspectorTest,216,0,0,0,0,0,0
MigratingToJUnit4 Rules,method,mct,0.9,0.5,gov.nasa.arc.mct.canvas.view.PanelInspectorTest,216,0,0,0,0,0,0
Migration Rules,method,mct,0.9,0.5,gov.nasa.arc.mct.canvas.view.PanelInspectorTest,216,0,0,0,0,0,0
Migration13 Rules,method,mct,0.9,0.5,gov.nasa.arc.mct.canvas.view.PanelInspectorTest,216,0,0,0,0,0,0
Migration14 Rules,method,mct,0.9,0.5,gov.nasa.arc.mct.canvas.view.PanelInspectorTest,216,0,0,0,0,0,0
Migration15 Rules,method,mct,0.9,0.5,gov.nasa.arc.mct.canvas.view.PanelInspectorTest,216,0,0,0,0,0,0
Naming Rules,method,mct,0.9,0.5,gov.nasa.arc.mct.canvas.view.PanelInspectorTest,216,0,0,0,0,0,0
Optimization Rules,method,mct,0.9,0.5,gov.nasa.arc.mct.canvas.view.PanelInspectorTest,216,0,0,0,0,0,0
Security Code Guideline Rules,method,mct,0.9,0.5,gov.nasa.arc.mct.canvas.view.PanelInspectorTest,216,0,0,0,0,0,0
Strict Exception Rules,method,mct,0.9,0.5,gov.nasa.arc.mct.canvas.view.PanelInspectorTest,216,0,0,0,0,0,0
String and StringBuffer Rules,method,mct,0.9,0.5,gov.nasa.arc.mct.canvas.view.PanelInspectorTest,216,0,0,0,0,0,0
Type Resolution Rules,method,mct,0.9,0.5,gov.nasa.arc.mct.canvas.view.PanelInspectorTest,216,0,0,0,0,0,0
Unnecessary and Unused Code Rules,method,mct,0.9,0.5,gov.nasa.arc.mct.canvas.view.PanelInspectorTest,216,0,0,0,0,0,0
Vulnerability Rules,method,mct,0.9,0.5,gov.nasa.arc.mct.canvas.view.PanelInspectorTest,216,0,0,0,0,0,0
CC,method,mct,0.9,0.5,gov.nasa.arc.mct.dbpersistence.service.PersistenceServiceImpl,144,0,0,0,1,1,1
CCL,method,mct,0.9,0.5,gov.nasa.arc.mct.dbpersistence.service.PersistenceServiceImpl,144,0,0,0,1,1,1
CCO,method,mct,0.9,0.5,gov.nasa.arc.mct.dbpersistence.service.PersistenceServiceImpl,144,0,0,0,1,1,1
CI,method,mct,0.9,0.5,gov.nasa.arc.mct.dbpersistence.service.PersistenceServiceImpl,144,0,0,0,1,1,1
CLC,method,mct,0.9,0.5,gov.nasa.arc.mct.dbpersistence.service.PersistenceServiceImpl,144,0,0,0,1,1,1
CLLC,method,mct,0.9,0.5,gov.nasa.arc.mct.dbpersistence.service.PersistenceServiceImpl,144,0,0,0,1,1,1
LDC,method,mct,0.9,0.5,gov.nasa.arc.mct.dbpersistence.service.PersistenceServiceImpl,144,0,0,0,1,1,1
LLDC,method,mct,0.9,0.5,gov.nasa.arc.mct.dbpersistence.service.PersistenceServiceImpl,144,0,0,0,1,1,1
HCPL,method,mct,0.9,0.5,gov.nasa.arc.mct.dbpersistence.service.PersistenceServiceImpl,144,1,1,1,1,1,1
HDIF,method,mct,0.9,0.5,gov.nasa.arc.mct.dbpersistence.service.PersistenceServiceImpl,144,1,1,1,1,1,1
HEFF,method,mct,0.9,0.5,gov.nasa.arc.mct.dbpersistence.service.PersistenceServiceImpl,144,1,1,1,1,1,1
HNDB,method,mct,0.9,0.5,gov.nasa.arc.mct.dbpersistence.service.PersistenceServiceImpl,144,1,1,1,1,1,1
HPL,method,mct,0.9,0.5,gov.nasa.arc.mct.dbpersistence.service.PersistenceServiceImpl,144,1,1,1,1,1,1
HPV,method,mct,0.9,0.5,gov.nasa.arc.mct.dbpersistence.service.PersistenceServiceImpl,144,1,1,1,1,1,1
HTRP,method,mct,0.9,0.5,gov.nasa.arc.mct.dbpersistence.service.PersistenceServiceImpl,144,1,1,1,1,1,1
HVOL,method,mct,0.9,0.5,gov.nasa.arc.mct.dbpersistence.service.PersistenceServiceImpl,144,1,1,1,1,1,1
MI,method,mct,0.9,0.5,gov.nasa.arc.mct.dbpersistence.service.PersistenceServiceImpl,144,1,1,1,1,1,1
MIMS,method,mct,0.9,0.5,gov.nasa.arc.mct.dbpersistence.service.PersistenceServiceImpl,144,1,1,1,1,1,1
MISEI,method,mct,0.9,0.5,gov.nasa.arc.mct.dbpersistence.service.PersistenceServiceImpl,144,1,1,1,1,1,1
MISM,method,mct,0.9,0.5,gov.nasa.arc.mct.dbpersistence.service.PersistenceServiceImpl,144,1,1,1,1,1,1
McCC,method,mct,0.9,0.5,gov.nasa.arc.mct.dbpersistence.service.PersistenceServiceImpl,144,1,1,1,1,1,1
NL,method,mct,0.9,0.5,gov.nasa.arc.mct.dbpersistence.service.PersistenceServiceImpl,144,1,1,1,1,1,1
NLE,method,mct,0.9,0.5,gov.nasa.arc.mct.dbpersistence.service.PersistenceServiceImpl,144,1,1,1,1,1,1
NII,method,mct,0.9,0.5,gov.nasa.arc.mct.dbpersistence.service.PersistenceServiceImpl,144,0,0,0,1,1,1
NOI,method,mct,0.9,0.5,gov.nasa.arc.mct.dbpersistence.service.PersistenceServiceImpl,144,0,0,0,1,1,1
CD,method,mct,0.9,0.5,gov.nasa.arc.mct.dbpersistence.service.PersistenceServiceImpl,144,1,1,1,1,1,1
CLOC,method,mct,0.9,0.5,gov.nasa.arc.mct.dbpersistence.service.PersistenceServiceImpl,144,0,0,0,1,1,1
DLOC,method,mct,0.9,0.5,gov.nasa.arc.mct.dbpersistence.service.PersistenceServiceImpl,144,0,0,0,1,1,1
TCD,method,mct,0.9,0.5,gov.nasa.arc.mct.dbpersistence.service.PersistenceServiceImpl,144,1,1,1,1,1,1
TCLOC,method,mct,0.9,0.5,gov.nasa.arc.mct.dbpersistence.service.PersistenceServiceImpl,144,0,0,0,1,1,1
LLOC,method,mct,0.9,0.5,gov.nasa.arc.mct.dbpersistence.service.PersistenceServiceImpl,144,1,1,1,1,1,1
LOC,method,mct,0.9,0.5,gov.nasa.arc.mct.dbpersistence.service.PersistenceServiceImpl,144,1,1,1,1,1,1
NOS,method,mct,0.9,0.5,gov.nasa.arc.mct.dbpersistence.service.PersistenceServiceImpl,144,1,1,1,1,1,1
NUMPAR,method,mct,0.9,0.5,gov.nasa.arc.mct.dbpersistence.service.PersistenceServiceImpl,144,0,0,0,1,1,1
TLLOC,method,mct,0.9,0.5,gov.nasa.arc.mct.dbpersistence.service.PersistenceServiceImpl,144,1,1,1,1,1,1
TLOC,method,mct,0.9,0.5,gov.nasa.arc.mct.dbpersistence.service.PersistenceServiceImpl,144,1,1,1,1,1,1
TNOS,method,mct,0.9,0.5,gov.nasa.arc.mct.dbpersistence.service.PersistenceServiceImpl,144,0,0,0,0,0,0
WarningBlocker,method,mct,0.9,0.5,gov.nasa.arc.mct.dbpersistence.service.PersistenceServiceImpl,144,0,0,0,0,0,0
WarningCritical,method,mct,0.9,0.5,gov.nasa.arc.mct.dbpersistence.service.PersistenceServiceImpl,144,0,0,0,0,0,0
WarningInfo,method,mct,0.9,0.5,gov.nasa.arc.mct.dbpersistence.service.PersistenceServiceImpl,144,0,0,0,0,0,0
WarningMajor,method,mct,0.9,0.5,gov.nasa.arc.mct.dbpersistence.service.PersistenceServiceImpl,144,0,0,0,0,0,0
WarningMinor,method,mct,0.9,0.5,gov.nasa.arc.mct.dbpersistence.service.PersistenceServiceImpl,144,0,0,0,0,0,0
Android Rules,method,mct,0.9,0.5,gov.nasa.arc.mct.dbpersistence.service.PersistenceServiceImpl,144,0,0,0,0,0,0
Basic Rules,method,mct,0.9,0.5,gov.nasa.arc.mct.dbpersistence.service.PersistenceServiceImpl,144,0,0,0,0,0,0
Brace Rules,method,mct,0.9,0.5,gov.nasa.arc.mct.dbpersistence.service.PersistenceServiceImpl,144,0,0,0,0,0,0
Clone Implementation Rules,method,mct,0.9,0.5,gov.nasa.arc.mct.dbpersistence.service.PersistenceServiceImpl,144,0,0,0,0,0,0
Code Size Rules,method,mct,0.9,0.5,gov.nasa.arc.mct.dbpersistence.service.PersistenceServiceImpl,144,0,0,0,0,0,0
Comment Rules,method,mct,0.9,0.5,gov.nasa.arc.mct.dbpersistence.service.PersistenceServiceImpl,144,0,0,0,0,0,0
Controversial Rules,method,mct,0.9,0.5,gov.nasa.arc.mct.dbpersistence.service.PersistenceServiceImpl,144,0,0,0,0,0,0
Coupling Rules,method,mct,0.9,0.5,gov.nasa.arc.mct.dbpersistence.service.PersistenceServiceImpl,144,0,0,0,0,0,0
Design Rules,method,mct,0.9,0.5,gov.nasa.arc.mct.dbpersistence.service.PersistenceServiceImpl,144,0,0,0,0,0,0
Empty Code Rules,method,mct,0.9,0.5,gov.nasa.arc.mct.dbpersistence.service.PersistenceServiceImpl,144,0,0,0,0,0,0
Finalizer Rules,method,mct,0.9,0.5,gov.nasa.arc.mct.dbpersistence.service.PersistenceServiceImpl,144,0,0,0,0,0,0
Import Statement Rules,method,mct,0.9,0.5,gov.nasa.arc.mct.dbpersistence.service.PersistenceServiceImpl,144,0,0,0,0,0,0
J2EE Rules,method,mct,0.9,0.5,gov.nasa.arc.mct.dbpersistence.service.PersistenceServiceImpl,144,0,0,0,0,0,0
JUnit Rules,method,mct,0.9,0.5,gov.nasa.arc.mct.dbpersistence.service.PersistenceServiceImpl,144,0,0,0,0,0,0
Jakarta Commons Logging Rules,method,mct,0.9,0.5,gov.nasa.arc.mct.dbpersistence.service.PersistenceServiceImpl,144,0,0,0,0,0,0
Java Logging Rules,method,mct,0.9,0.5,gov.nasa.arc.mct.dbpersistence.service.PersistenceServiceImpl,144,0,0,0,0,0,0
JavaBean Rules,method,mct,0.9,0.5,gov.nasa.arc.mct.dbpersistence.service.PersistenceServiceImpl,144,0,0,0,0,0,0
MigratingToJUnit4 Rules,method,mct,0.9,0.5,gov.nasa.arc.mct.dbpersistence.service.PersistenceServiceImpl,144,0,0,0,0,0,0
Migration Rules,method,mct,0.9,0.5,gov.nasa.arc.mct.dbpersistence.service.PersistenceServiceImpl,144,0,0,0,0,0,0
Migration13 Rules,method,mct,0.9,0.5,gov.nasa.arc.mct.dbpersistence.service.PersistenceServiceImpl,144,0,0,0,0,0,0
Migration14 Rules,method,mct,0.9,0.5,gov.nasa.arc.mct.dbpersistence.service.PersistenceServiceImpl,144,0,0,0,0,0,0
Migration15 Rules,method,mct,0.9,0.5,gov.nasa.arc.mct.dbpersistence.service.PersistenceServiceImpl,144,0,0,0,0,0,0
Naming Rules,method,mct,0.9,0.5,gov.nasa.arc.mct.dbpersistence.service.PersistenceServiceImpl,144,0,0,0,0,0,0
Optimization Rules,method,mct,0.9,0.5,gov.nasa.arc.mct.dbpersistence.service.PersistenceServiceImpl,144,0,0,0,0,0,0
Security Code Guideline Rules,method,mct,0.9,0.5,gov.nasa.arc.mct.dbpersistence.service.PersistenceServiceImpl,144,0,0,0,0,0,0
Strict Exception Rules,method,mct,0.9,0.5,gov.nasa.arc.mct.dbpersistence.service.PersistenceServiceImpl,144,0,0,0,0,0,0
String and StringBuffer Rules,method,mct,0.9,0.5,gov.nasa.arc.mct.dbpersistence.service.PersistenceServiceImpl,144,0,0,0,0,0,0
Type Resolution Rules,method,mct,0.9,0.5,gov.nasa.arc.mct.dbpersistence.service.PersistenceServiceImpl,144,0,0,0,0,0,0
Unnecessary and Unused Code Rules,method,mct,0.9,0.5,gov.nasa.arc.mct.dbpersistence.service.PersistenceServiceImpl,144,0,0,0,0,0,0
Vulnerability Rules,method,mct,0.9,0.5,gov.nasa.arc.mct.dbpersistence.service.PersistenceServiceImpl,144,0,0,0,0,0,0
CC,method,mct,0.9,0.5,org.acme.example.view.ShowChildrenInTableView$ExampleTableModel,288,0,0,0,1,1,1
CCL,method,mct,0.9,0.5,org.acme.example.view.ShowChildrenInTableView$ExampleTableModel,288,0,0,0,1,1,1
CCO,method,mct,0.9,0.5,org.acme.example.view.ShowChildrenInTableView$ExampleTableModel,288,0,0,0,1,1,1
CI,method,mct,0.9,0.5,org.acme.example.view.ShowChildrenInTableView$ExampleTableModel,288,0,0,0,1,1,1
CLC,method,mct,0.9,0.5,org.acme.example.view.ShowChildrenInTableView$ExampleTableModel,288,0,0,0,1,1,1
CLLC,method,mct,0.9,0.5,org.acme.example.view.ShowChildrenInTableView$ExampleTableModel,288,0,0,0,1,1,1
LDC,method,mct,0.9,0.5,org.acme.example.view.ShowChildrenInTableView$ExampleTableModel,288,0,0,0,1,1,1
LLDC,method,mct,0.9,0.5,org.acme.example.view.ShowChildrenInTableView$ExampleTableModel,288,0,0,0,1,1,1
HCPL,method,mct,0.9,0.5,org.acme.example.view.ShowChildrenInTableView$ExampleTableModel,288,1,1,1,1,1,1
HDIF,method,mct,0.9,0.5,org.acme.example.view.ShowChildrenInTableView$ExampleTableModel,288,1,1,1,1,1,1
HEFF,method,mct,0.9,0.5,org.acme.example.view.ShowChildrenInTableView$ExampleTableModel,288,1,1,1,1,1,1
HNDB,method,mct,0.9,0.5,org.acme.example.view.ShowChildrenInTableView$ExampleTableModel,288,1,1,1,1,1,1
HPL,method,mct,0.9,0.5,org.acme.example.view.ShowChildrenInTableView$ExampleTableModel,288,1,1,1,1,1,1
HPV,method,mct,0.9,0.5,org.acme.example.view.ShowChildrenInTableView$ExampleTableModel,288,1,1,1,1,1,1
HTRP,method,mct,0.9,0.5,org.acme.example.view.ShowChildrenInTableView$ExampleTableModel,288,1,1,1,1,1,1
HVOL,method,mct,0.9,0.5,org.acme.example.view.ShowChildrenInTableView$ExampleTableModel,288,1,1,1,1,1,1
MI,method,mct,0.9,0.5,org.acme.example.view.ShowChildrenInTableView$ExampleTableModel,288,1,1,1,1,1,1
MIMS,method,mct,0.9,0.5,org.acme.example.view.ShowChildrenInTableView$ExampleTableModel,288,1,1,1,1,1,1
MISEI,method,mct,0.9,0.5,org.acme.example.view.ShowChildrenInTableView$ExampleTableModel,288,1,1,1,1,1,1
MISM,method,mct,0.9,0.5,org.acme.example.view.ShowChildrenInTableView$ExampleTableModel,288,1,1,1,1,1,1
McCC,method,mct,0.9,0.5,org.acme.example.view.ShowChildrenInTableView$ExampleTableModel,288,1,1,1,1,1,1
NL,method,mct,0.9,0.5,org.acme.example.view.ShowChildrenInTableView$ExampleTableModel,288,1,1,1,1,1,1
NLE,method,mct,0.9,0.5,org.acme.example.view.ShowChildrenInTableView$ExampleTableModel,288,1,1,1,1,1,1
NII,method,mct,0.9,0.5,org.acme.example.view.ShowChildrenInTableView$ExampleTableModel,288,1,1,1,1,1,1
NOI,method,mct,0.9,0.5,org.acme.example.view.ShowChildrenInTableView$ExampleTableModel,288,1,1,1,1,1,1
CD,method,mct,0.9,0.5,org.acme.example.view.ShowChildrenInTableView$ExampleTableModel,288,0,0,0,1,1,1
CLOC,method,mct,0.9,0.5,org.acme.example.view.ShowChildrenInTableView$ExampleTableModel,288,0,0,0,1,1,1
DLOC,method,mct,0.9,0.5,org.acme.example.view.ShowChildrenInTableView$ExampleTableModel,288,0,0,0,1,1,1
TCD,method,mct,0.9,0.5,org.acme.example.view.ShowChildrenInTableView$ExampleTableModel,288,0,0,0,1,1,1
TCLOC,method,mct,0.9,0.5,org.acme.example.view.ShowChildrenInTableView$ExampleTableModel,288,0,0,0,1,1,1
LLOC,method,mct,0.9,0.5,org.acme.example.view.ShowChildrenInTableView$ExampleTableModel,288,1,1,1,1,1,1
LOC,method,mct,0.9,0.5,org.acme.example.view.ShowChildrenInTableView$ExampleTableModel,288,1,1,1,1,1,1
NOS,method,mct,0.9,0.5,org.acme.example.view.ShowChildrenInTableView$ExampleTableModel,288,1,1,1,1,1,1
NUMPAR,method,mct,0.9,0.5,org.acme.example.view.ShowChildrenInTableView$ExampleTableModel,288,1,1,1,1,1,1
TLLOC,method,mct,0.9,0.5,org.acme.example.view.ShowChildrenInTableView$ExampleTableModel,288,1,1,1,1,1,1
TLOC,method,mct,0.9,0.5,org.acme.example.view.ShowChildrenInTableView$ExampleTableModel,288,1,1,1,1,1,1
TNOS,method,mct,0.9,0.5,org.acme.example.view.ShowChildrenInTableView$ExampleTableModel,288,0,0,0,0,0,0
WarningBlocker,method,mct,0.9,0.5,org.acme.example.view.ShowChildrenInTableView$ExampleTableModel,288,0,0,0,0,0,0
WarningCritical,method,mct,0.9,0.5,org.acme.example.view.ShowChildrenInTableView$ExampleTableModel,288,0,0,0,0,0,0
WarningInfo,method,mct,0.9,0.5,org.acme.example.view.ShowChildrenInTableView$ExampleTableModel,288,0,0,0,0,0,0
WarningMajor,method,mct,0.9,0.5,org.acme.example.view.ShowChildrenInTableView$ExampleTableModel,288,0,0,0,0,0,0
WarningMinor,method,mct,0.9,0.5,org.acme.example.view.ShowChildrenInTableView$ExampleTableModel,288,0,0,0,0,0,0
Android Rules,method,mct,0.9,0.5,org.acme.example.view.ShowChildrenInTableView$ExampleTableModel,288,0,0,0,0,0,0
Basic Rules,method,mct,0.9,0.5,org.acme.example.view.ShowChildrenInTableView$ExampleTableModel,288,0,0,0,0,0,0
Brace Rules,method,mct,0.9,0.5,org.acme.example.view.ShowChildrenInTableView$ExampleTableModel,288,0,0,0,0,0,0
Clone Implementation Rules,method,mct,0.9,0.5,org.acme.example.view.ShowChildrenInTableView$ExampleTableModel,288,0,0,0,0,0,0
Code Size Rules,method,mct,0.9,0.5,org.acme.example.view.ShowChildrenInTableView$ExampleTableModel,288,0,0,0,0,0,0
Comment Rules,method,mct,0.9,0.5,org.acme.example.view.ShowChildrenInTableView$ExampleTableModel,288,0,0,0,0,0,0
Controversial Rules,method,mct,0.9,0.5,org.acme.example.view.ShowChildrenInTableView$ExampleTableModel,288,0,0,0,0,0,0
Coupling Rules,method,mct,0.9,0.5,org.acme.example.view.ShowChildrenInTableView$ExampleTableModel,288,0,0,0,0,0,0
Design Rules,method,mct,0.9,0.5,org.acme.example.view.ShowChildrenInTableView$ExampleTableModel,288,0,0,0,0,0,0
Empty Code Rules,method,mct,0.9,0.5,org.acme.example.view.ShowChildrenInTableView$ExampleTableModel,288,0,0,0,0,0,0
Finalizer Rules,method,mct,0.9,0.5,org.acme.example.view.ShowChildrenInTableView$ExampleTableModel,288,0,0,0,0,0,0
Import Statement Rules,method,mct,0.9,0.5,org.acme.example.view.ShowChildrenInTableView$ExampleTableModel,288,0,0,0,0,0,0
J2EE Rules,method,mct,0.9,0.5,org.acme.example.view.ShowChildrenInTableView$ExampleTableModel,288,0,0,0,0,0,0
JUnit Rules,method,mct,0.9,0.5,org.acme.example.view.ShowChildrenInTableView$ExampleTableModel,288,0,0,0,0,0,0
Jakarta Commons Logging Rules,method,mct,0.9,0.5,org.acme.example.view.ShowChildrenInTableView$ExampleTableModel,288,0,0,0,0,0,0
Java Logging Rules,method,mct,0.9,0.5,org.acme.example.view.ShowChildrenInTableView$ExampleTableModel,288,0,0,0,0,0,0
JavaBean Rules,method,mct,0.9,0.5,org.acme.example.view.ShowChildrenInTableView$ExampleTableModel,288,0,0,0,0,0,0
MigratingToJUnit4 Rules,method,mct,0.9,0.5,org.acme.example.view.ShowChildrenInTableView$ExampleTableModel,288,0,0,0,0,0,0
Migration Rules,method,mct,0.9,0.5,org.acme.example.view.ShowChildrenInTableView$ExampleTableModel,288,0,0,0,0,0,0
Migration13 Rules,method,mct,0.9,0.5,org.acme.example.view.ShowChildrenInTableView$ExampleTableModel,288,0,0,0,0,0,0
Migration14 Rules,method,mct,0.9,0.5,org.acme.example.view.ShowChildrenInTableView$ExampleTableModel,288,0,0,0,0,0,0
Migration15 Rules,method,mct,0.9,0.5,org.acme.example.view.ShowChildrenInTableView$ExampleTableModel,288,0,0,0,0,0,0
Naming Rules,method,mct,0.9,0.5,org.acme.example.view.ShowChildrenInTableView$ExampleTableModel,288,0,0,0,0,0,0
Optimization Rules,method,mct,0.9,0.5,org.acme.example.view.ShowChildrenInTableView$ExampleTableModel,288,0,0,0,0,0,0
Security Code Guideline Rules,method,mct,0.9,0.5,org.acme.example.view.ShowChildrenInTableView$ExampleTableModel,288,0,0,0,0,0,0
Strict Exception Rules,method,mct,0.9,0.5,org.acme.example.view.ShowChildrenInTableView$ExampleTableModel,288,0,0,0,0,0,0
String and StringBuffer Rules,method,mct,0.9,0.5,org.acme.example.view.ShowChildrenInTableView$ExampleTableModel,288,0,0,0,0,0,0
Type Resolution Rules,method,mct,0.9,0.5,org.acme.example.view.ShowChildrenInTableView$ExampleTableModel,288,0,0,0,0,0,0
Unnecessary and Unused Code Rules,method,mct,0.9,0.5,org.acme.example.view.ShowChildrenInTableView$ExampleTableModel,288,0,0,0,0,0,0
Vulnerability Rules,method,mct,0.9,0.5,org.acme.example.view.ShowChildrenInTableView$ExampleTableModel,288,0,0,0,0,0,0
CC,method,mct,0.9,0.5,gov.nasa.arc.mct.canvas.view.PanelInspector$WidgetTransferHandler,144,0,0,0,1,1,1
CCL,method,mct,0.9,0.5,gov.nasa.arc.mct.canvas.view.PanelInspector$WidgetTransferHandler,144,0,0,0,1,1,1
CCO,method,mct,0.9,0.5,gov.nasa.arc.mct.canvas.view.PanelInspector$WidgetTransferHandler,144,0,0,0,1,1,1
CI,method,mct,0.9,0.5,gov.nasa.arc.mct.canvas.view.PanelInspector$WidgetTransferHandler,144,0,0,0,1,1,1
CLC,method,mct,0.9,0.5,gov.nasa.arc.mct.canvas.view.PanelInspector$WidgetTransferHandler,144,0,0,0,1,1,1
CLLC,method,mct,0.9,0.5,gov.nasa.arc.mct.canvas.view.PanelInspector$WidgetTransferHandler,144,0,0,0,1,1,1
LDC,method,mct,0.9,0.5,gov.nasa.arc.mct.canvas.view.PanelInspector$WidgetTransferHandler,144,0,0,0,1,1,1
LLDC,method,mct,0.9,0.5,gov.nasa.arc.mct.canvas.view.PanelInspector$WidgetTransferHandler,144,0,0,0,1,1,1
HCPL,method,mct,0.9,0.5,gov.nasa.arc.mct.canvas.view.PanelInspector$WidgetTransferHandler,144,1,1,1,1,1,1
HDIF,method,mct,0.9,0.5,gov.nasa.arc.mct.canvas.view.PanelInspector$WidgetTransferHandler,144,1,1,1,1,1,1
HEFF,method,mct,0.9,0.5,gov.nasa.arc.mct.canvas.view.PanelInspector$WidgetTransferHandler,144,1,1,1,1,1,1
HNDB,method,mct,0.9,0.5,gov.nasa.arc.mct.canvas.view.PanelInspector$WidgetTransferHandler,144,1,1,1,1,1,1
HPL,method,mct,0.9,0.5,gov.nasa.arc.mct.canvas.view.PanelInspector$WidgetTransferHandler,144,1,1,1,1,1,1
HPV,method,mct,0.9,0.5,gov.nasa.arc.mct.canvas.view.PanelInspector$WidgetTransferHandler,144,1,1,1,1,1,1
HTRP,method,mct,0.9,0.5,gov.nasa.arc.mct.canvas.view.PanelInspector$WidgetTransferHandler,144,1,1,1,1,1,1
HVOL,method,mct,0.9,0.5,gov.nasa.arc.mct.canvas.view.PanelInspector$WidgetTransferHandler,144,1,1,1,1,1,1
MI,method,mct,0.9,0.5,gov.nasa.arc.mct.canvas.view.PanelInspector$WidgetTransferHandler,144,1,1,1,1,1,1
MIMS,method,mct,0.9,0.5,gov.nasa.arc.mct.canvas.view.PanelInspector$WidgetTransferHandler,144,1,1,1,1,1,1
MISEI,method,mct,0.9,0.5,gov.nasa.arc.mct.canvas.view.PanelInspector$WidgetTransferHandler,144,1,1,1,1,1,1
MISM,method,mct,0.9,0.5,gov.nasa.arc.mct.canvas.view.PanelInspector$WidgetTransferHandler,144,1,1,1,1,1,1
McCC,method,mct,0.9,0.5,gov.nasa.arc.mct.canvas.view.PanelInspector$WidgetTransferHandler,144,1,1,1,1,1,1
NL,method,mct,0.9,0.5,gov.nasa.arc.mct.canvas.view.PanelInspector$WidgetTransferHandler,144,0,0,0,1,1,1
NLE,method,mct,0.9,0.5,gov.nasa.arc.mct.canvas.view.PanelInspector$WidgetTransferHandler,144,0,0,0,1,1,1
NII,method,mct,0.9,0.5,gov.nasa.arc.mct.canvas.view.PanelInspector$WidgetTransferHandler,144,0,0,0,1,1,1
NOI,method,mct,0.9,0.5,gov.nasa.arc.mct.canvas.view.PanelInspector$WidgetTransferHandler,144,0,0,0,1,1,1
CD,method,mct,0.9,0.5,gov.nasa.arc.mct.canvas.view.PanelInspector$WidgetTransferHandler,144,0,0,0,1,1,1
CLOC,method,mct,0.9,0.5,gov.nasa.arc.mct.canvas.view.PanelInspector$WidgetTransferHandler,144,0,0,0,1,1,1
DLOC,method,mct,0.9,0.5,gov.nasa.arc.mct.canvas.view.PanelInspector$WidgetTransferHandler,144,0,0,0,1,1,1
TCD,method,mct,0.9,0.5,gov.nasa.arc.mct.canvas.view.PanelInspector$WidgetTransferHandler,144,0,0,0,1,1,1
TCLOC,method,mct,0.9,0.5,gov.nasa.arc.mct.canvas.view.PanelInspector$WidgetTransferHandler,144,0,0,0,1,1,1
LLOC,method,mct,0.9,0.5,gov.nasa.arc.mct.canvas.view.PanelInspector$WidgetTransferHandler,144,0,0,0,1,1,1
LOC,method,mct,0.9,0.5,gov.nasa.arc.mct.canvas.view.PanelInspector$WidgetTransferHandler,144,0,0,0,1,1,1
NOS,method,mct,0.9,0.5,gov.nasa.arc.mct.canvas.view.PanelInspector$WidgetTransferHandler,144,0,0,0,1,1,1
NUMPAR,method,mct,0.9,0.5,gov.nasa.arc.mct.canvas.view.PanelInspector$WidgetTransferHandler,144,0,0,0,1,1,1
TLLOC,method,mct,0.9,0.5,gov.nasa.arc.mct.canvas.view.PanelInspector$WidgetTransferHandler,144,0,0,0,1,1,1
TLOC,method,mct,0.9,0.5,gov.nasa.arc.mct.canvas.view.PanelInspector$WidgetTransferHandler,144,0,0,0,1,1,1
TNOS,method,mct,0.9,0.5,gov.nasa.arc.mct.canvas.view.PanelInspector$WidgetTransferHandler,144,0,0,0,0,0,0
WarningBlocker,method,mct,0.9,0.5,gov.nasa.arc.mct.canvas.view.PanelInspector$WidgetTransferHandler,144,0,0,0,0,0,0
WarningCritical,method,mct,0.9,0.5,gov.nasa.arc.mct.canvas.view.PanelInspector$WidgetTransferHandler,144,0,0,0,0,0,0
WarningInfo,method,mct,0.9,0.5,gov.nasa.arc.mct.canvas.view.PanelInspector$WidgetTransferHandler,144,0,0,0,0,0,0
WarningMajor,method,mct,0.9,0.5,gov.nasa.arc.mct.canvas.view.PanelInspector$WidgetTransferHandler,144,0,0,0,0,0,0
WarningMinor,method,mct,0.9,0.5,gov.nasa.arc.mct.canvas.view.PanelInspector$WidgetTransferHandler,144,0,0,0,0,0,0
Android Rules,method,mct,0.9,0.5,gov.nasa.arc.mct.canvas.view.PanelInspector$WidgetTransferHandler,144,0,0,0,0,0,0
Basic Rules,method,mct,0.9,0.5,gov.nasa.arc.mct.canvas.view.PanelInspector$WidgetTransferHandler,144,0,0,0,0,0,0
Brace Rules,method,mct,0.9,0.5,gov.nasa.arc.mct.canvas.view.PanelInspector$WidgetTransferHandler,144,0,0,0,0,0,0
Clone Implementation Rules,method,mct,0.9,0.5,gov.nasa.arc.mct.canvas.view.PanelInspector$WidgetTransferHandler,144,0,0,0,0,0,0
Code Size Rules,method,mct,0.9,0.5,gov.nasa.arc.mct.canvas.view.PanelInspector$WidgetTransferHandler,144,0,0,0,0,0,0
Comment Rules,method,mct,0.9,0.5,gov.nasa.arc.mct.canvas.view.PanelInspector$WidgetTransferHandler,144,0,0,0,0,0,0
Controversial Rules,method,mct,0.9,0.5,gov.nasa.arc.mct.canvas.view.PanelInspector$WidgetTransferHandler,144,0,0,0,0,0,0
Coupling Rules,method,mct,0.9,0.5,gov.nasa.arc.mct.canvas.view.PanelInspector$WidgetTransferHandler,144,0,0,0,0,0,0
Design Rules,method,mct,0.9,0.5,gov.nasa.arc.mct.canvas.view.PanelInspector$WidgetTransferHandler,144,0,0,0,0,0,0
Empty Code Rules,method,mct,0.9,0.5,gov.nasa.arc.mct.canvas.view.PanelInspector$WidgetTransferHandler,144,0,0,0,0,0,0
Finalizer Rules,method,mct,0.9,0.5,gov.nasa.arc.mct.canvas.view.PanelInspector$WidgetTransferHandler,144,0,0,0,0,0,0
Import Statement Rules,method,mct,0.9,0.5,gov.nasa.arc.mct.canvas.view.PanelInspector$WidgetTransferHandler,144,0,0,0,0,0,0
J2EE Rules,method,mct,0.9,0.5,gov.nasa.arc.mct.canvas.view.PanelInspector$WidgetTransferHandler,144,0,0,0,0,0,0
JUnit Rules,method,mct,0.9,0.5,gov.nasa.arc.mct.canvas.view.PanelInspector$WidgetTransferHandler,144,0,0,0,0,0,0
Jakarta Commons Logging Rules,method,mct,0.9,0.5,gov.nasa.arc.mct.canvas.view.PanelInspector$WidgetTransferHandler,144,0,0,0,0,0,0
Java Logging Rules,method,mct,0.9,0.5,gov.nasa.arc.mct.canvas.view.PanelInspector$WidgetTransferHandler,144,0,0,0,0,0,0
JavaBean Rules,method,mct,0.9,0.5,gov.nasa.arc.mct.canvas.view.PanelInspector$WidgetTransferHandler,144,0,0,0,0,0,0
MigratingToJUnit4 Rules,method,mct,0.9,0.5,gov.nasa.arc.mct.canvas.view.PanelInspector$WidgetTransferHandler,144,0,0,0,0,0,0
Migration Rules,method,mct,0.9,0.5,gov.nasa.arc.mct.canvas.view.PanelInspector$WidgetTransferHandler,144,0,0,0,0,0,0
Migration13 Rules,method,mct,0.9,0.5,gov.nasa.arc.mct.canvas.view.PanelInspector$WidgetTransferHandler,144,0,0,0,0,0,0
Migration14 Rules,method,mct,0.9,0.5,gov.nasa.arc.mct.canvas.view.PanelInspector$WidgetTransferHandler,144,0,0,0,0,0,0
Migration15 Rules,method,mct,0.9,0.5,gov.nasa.arc.mct.canvas.view.PanelInspector$WidgetTransferHandler,144,0,0,0,0,0,0
Naming Rules,method,mct,0.9,0.5,gov.nasa.arc.mct.canvas.view.PanelInspector$WidgetTransferHandler,144,0,0,0,0,0,0
Optimization Rules,method,mct,0.9,0.5,gov.nasa.arc.mct.canvas.view.PanelInspector$WidgetTransferHandler,144,0,0,0,0,0,0
Security Code Guideline Rules,method,mct,0.9,0.5,gov.nasa.arc.mct.canvas.view.PanelInspector$WidgetTransferHandler,144,0,0,0,0,0,0
Strict Exception Rules,method,mct,0.9,0.5,gov.nasa.arc.mct.canvas.view.PanelInspector$WidgetTransferHandler,144,0,0,0,0,0,0
String and StringBuffer Rules,method,mct,0.9,0.5,gov.nasa.arc.mct.canvas.view.PanelInspector$WidgetTransferHandler,144,0,0,0,0,0,0
Type Resolution Rules,method,mct,0.9,0.5,gov.nasa.arc.mct.canvas.view.PanelInspector$WidgetTransferHandler,144,0,0,0,0,0,0
Unnecessary and Unused Code Rules,method,mct,0.9,0.5,gov.nasa.arc.mct.canvas.view.PanelInspector$WidgetTransferHandler,144,0,0,0,0,0,0
Vulnerability Rules,method,mct,0.9,0.5,gov.nasa.arc.mct.canvas.view.PanelInspector$WidgetTransferHandler,144,0,0,0,0,0,0
CC,method,mct,0.9,0.5,gov.nasa.arc.mct.fastplot.view.PlotViewManifestation,288,0,0,0,1,1,1
CCL,method,mct,0.9,0.5,gov.nasa.arc.mct.fastplot.view.PlotViewManifestation,288,0,0,0,1,1,1
CCO,method,mct,0.9,0.5,gov.nasa.arc.mct.fastplot.view.PlotViewManifestation,288,0,0,0,1,1,1
CI,method,mct,0.9,0.5,gov.nasa.arc.mct.fastplot.view.PlotViewManifestation,288,0,0,0,1,1,1
CLC,method,mct,0.9,0.5,gov.nasa.arc.mct.fastplot.view.PlotViewManifestation,288,0,0,0,1,1,1
CLLC,method,mct,0.9,0.5,gov.nasa.arc.mct.fastplot.view.PlotViewManifestation,288,0,0,0,1,1,1
LDC,method,mct,0.9,0.5,gov.nasa.arc.mct.fastplot.view.PlotViewManifestation,288,0,0,0,1,1,1
LLDC,method,mct,0.9,0.5,gov.nasa.arc.mct.fastplot.view.PlotViewManifestation,288,0,0,0,1,1,1
HCPL,method,mct,0.9,0.5,gov.nasa.arc.mct.fastplot.view.PlotViewManifestation,288,1,1,1,1,1,1
HDIF,method,mct,0.9,0.5,gov.nasa.arc.mct.fastplot.view.PlotViewManifestation,288,1,1,1,1,1,1
HEFF,method,mct,0.9,0.5,gov.nasa.arc.mct.fastplot.view.PlotViewManifestation,288,1,1,1,1,1,1
HNDB,method,mct,0.9,0.5,gov.nasa.arc.mct.fastplot.view.PlotViewManifestation,288,1,1,1,1,1,1
HPL,method,mct,0.9,0.5,gov.nasa.arc.mct.fastplot.view.PlotViewManifestation,288,1,1,1,1,1,1
HPV,method,mct,0.9,0.5,gov.nasa.arc.mct.fastplot.view.PlotViewManifestation,288,1,1,1,1,1,1
HTRP,method,mct,0.9,0.5,gov.nasa.arc.mct.fastplot.view.PlotViewManifestation,288,1,1,1,1,1,1
HVOL,method,mct,0.9,0.5,gov.nasa.arc.mct.fastplot.view.PlotViewManifestation,288,1,1,1,1,1,1
MI,method,mct,0.9,0.5,gov.nasa.arc.mct.fastplot.view.PlotViewManifestation,288,1,1,1,1,1,1
MIMS,method,mct,0.9,0.5,gov.nasa.arc.mct.fastplot.view.PlotViewManifestation,288,1,1,1,1,1,1
MISEI,method,mct,0.9,0.5,gov.nasa.arc.mct.fastplot.view.PlotViewManifestation,288,1,1,1,1,1,1
MISM,method,mct,0.9,0.5,gov.nasa.arc.mct.fastplot.view.PlotViewManifestation,288,1,1,1,1,1,1
McCC,method,mct,0.9,0.5,gov.nasa.arc.mct.fastplot.view.PlotViewManifestation,288,0,0,0,1,1,1
NL,method,mct,0.9,0.5,gov.nasa.arc.mct.fastplot.view.PlotViewManifestation,288,0,0,0,1,1,1
NLE,method,mct,0.9,0.5,gov.nasa.arc.mct.fastplot.view.PlotViewManifestation,288,0,0,0,1,1,1
NII,method,mct,0.9,0.5,gov.nasa.arc.mct.fastplot.view.PlotViewManifestation,288,1,1,1,1,1,1
NOI,method,mct,0.9,0.5,gov.nasa.arc.mct.fastplot.view.PlotViewManifestation,288,1,1,1,1,1,1
CD,method,mct,0.9,0.5,gov.nasa.arc.mct.fastplot.view.PlotViewManifestation,288,1,1,1,1,1,1
CLOC,method,mct,0.9,0.5,gov.nasa.arc.mct.fastplot.view.PlotViewManifestation,288,1,1,1,1,1,1
DLOC,method,mct,0.9,0.5,gov.nasa.arc.mct.fastplot.view.PlotViewManifestation,288,0,0,0,1,1,1
TCD,method,mct,0.9,0.5,gov.nasa.arc.mct.fastplot.view.PlotViewManifestation,288,1,1,1,1,1,1
TCLOC,method,mct,0.9,0.5,gov.nasa.arc.mct.fastplot.view.PlotViewManifestation,288,1,1,1,1,1,1
LLOC,method,mct,0.9,0.5,gov.nasa.arc.mct.fastplot.view.PlotViewManifestation,288,1,1,1,1,1,1
LOC,method,mct,0.9,0.5,gov.nasa.arc.mct.fastplot.view.PlotViewManifestation,288,1,1,1,1,1,1
NOS,method,mct,0.9,0.5,gov.nasa.arc.mct.fastplot.view.PlotViewManifestation,288,1,1,1,1,1,1
NUMPAR,method,mct,0.9,0.5,gov.nasa.arc.mct.fastplot.view.PlotViewManifestation,288,0,0,0,1,1,1
TLLOC,method,mct,0.9,0.5,gov.nasa.arc.mct.fastplot.view.PlotViewManifestation,288,1,1,1,1,1,1
TLOC,method,mct,0.9,0.5,gov.nasa.arc.mct.fastplot.view.PlotViewManifestation,288,1,1,1,1,1,1
TNOS,method,mct,0.9,0.5,gov.nasa.arc.mct.fastplot.view.PlotViewManifestation,288,0,0,0,0,0,0
WarningBlocker,method,mct,0.9,0.5,gov.nasa.arc.mct.fastplot.view.PlotViewManifestation,288,0,0,0,0,0,0
WarningCritical,method,mct,0.9,0.5,gov.nasa.arc.mct.fastplot.view.PlotViewManifestation,288,0,0,0,0,0,0
WarningInfo,method,mct,0.9,0.5,gov.nasa.arc.mct.fastplot.view.PlotViewManifestation,288,0,0,0,0,0,0
WarningMajor,method,mct,0.9,0.5,gov.nasa.arc.mct.fastplot.view.PlotViewManifestation,288,0,0,0,0,0,0
WarningMinor,method,mct,0.9,0.5,gov.nasa.arc.mct.fastplot.view.PlotViewManifestation,288,0,0,0,0,0,0
Android Rules,method,mct,0.9,0.5,gov.nasa.arc.mct.fastplot.view.PlotViewManifestation,288,0,0,0,0,0,0
Basic Rules,method,mct,0.9,0.5,gov.nasa.arc.mct.fastplot.view.PlotViewManifestation,288,0,0,0,0,0,0
Brace Rules,method,mct,0.9,0.5,gov.nasa.arc.mct.fastplot.view.PlotViewManifestation,288,0,0,0,0,0,0
Clone Implementation Rules,method,mct,0.9,0.5,gov.nasa.arc.mct.fastplot.view.PlotViewManifestation,288,0,0,0,0,0,0
Code Size Rules,method,mct,0.9,0.5,gov.nasa.arc.mct.fastplot.view.PlotViewManifestation,288,0,0,0,0,0,0
Comment Rules,method,mct,0.9,0.5,gov.nasa.arc.mct.fastplot.view.PlotViewManifestation,288,0,0,0,0,0,0
Controversial Rules,method,mct,0.9,0.5,gov.nasa.arc.mct.fastplot.view.PlotViewManifestation,288,0,0,0,0,0,0
Coupling Rules,method,mct,0.9,0.5,gov.nasa.arc.mct.fastplot.view.PlotViewManifestation,288,0,0,0,0,0,0
Design Rules,method,mct,0.9,0.5,gov.nasa.arc.mct.fastplot.view.PlotViewManifestation,288,0,0,0,0,0,0
Empty Code Rules,method,mct,0.9,0.5,gov.nasa.arc.mct.fastplot.view.PlotViewManifestation,288,0,0,0,0,0,0
Finalizer Rules,method,mct,0.9,0.5,gov.nasa.arc.mct.fastplot.view.PlotViewManifestation,288,0,0,0,0,0,0
Import Statement Rules,method,mct,0.9,0.5,gov.nasa.arc.mct.fastplot.view.PlotViewManifestation,288,0,0,0,0,0,0
J2EE Rules,method,mct,0.9,0.5,gov.nasa.arc.mct.fastplot.view.PlotViewManifestation,288,0,0,0,0,0,0
JUnit Rules,method,mct,0.9,0.5,gov.nasa.arc.mct.fastplot.view.PlotViewManifestation,288,0,0,0,0,0,0
Jakarta Commons Logging Rules,method,mct,0.9,0.5,gov.nasa.arc.mct.fastplot.view.PlotViewManifestation,288,0,0,0,0,0,0
Java Logging Rules,method,mct,0.9,0.5,gov.nasa.arc.mct.fastplot.view.PlotViewManifestation,288,0,0,0,0,0,0
JavaBean Rules,method,mct,0.9,0.5,gov.nasa.arc.mct.fastplot.view.PlotViewManifestation,288,0,0,0,0,0,0
MigratingToJUnit4 Rules,method,mct,0.9,0.5,gov.nasa.arc.mct.fastplot.view.PlotViewManifestation,288,0,0,0,0,0,0
Migration Rules,method,mct,0.9,0.5,gov.nasa.arc.mct.fastplot.view.PlotViewManifestation,288,0,0,0,0,0,0
Migration13 Rules,method,mct,0.9,0.5,gov.nasa.arc.mct.fastplot.view.PlotViewManifestation,288,0,0,0,0,0,0
Migration14 Rules,method,mct,0.9,0.5,gov.nasa.arc.mct.fastplot.view.PlotViewManifestation,288,0,0,0,0,0,0
Migration15 Rules,method,mct,0.9,0.5,gov.nasa.arc.mct.fastplot.view.PlotViewManifestation,288,0,0,0,0,0,0
Naming Rules,method,mct,0.9,0.5,gov.nasa.arc.mct.fastplot.view.PlotViewManifestation,288,0,0,0,0,0,0
Optimization Rules,method,mct,0.9,0.5,gov.nasa.arc.mct.fastplot.view.PlotViewManifestation,288,0,0,0,0,0,0
Security Code Guideline Rules,method,mct,0.9,0.5,gov.nasa.arc.mct.fastplot.view.PlotViewManifestation,288,0,0,0,0,0,0
Strict Exception Rules,method,mct,0.9,0.5,gov.nasa.arc.mct.fastplot.view.PlotViewManifestation,288,0,0,0,0,0,0
String and StringBuffer Rules,method,mct,0.9,0.5,gov.nasa.arc.mct.fastplot.view.PlotViewManifestation,288,0,0,0,0,0,0
Type Resolution Rules,method,mct,0.9,0.5,gov.nasa.arc.mct.fastplot.view.PlotViewManifestation,288,0,0,0,0,0,0
Unnecessary and Unused Code Rules,method,mct,0.9,0.5,gov.nasa.arc.mct.fastplot.view.PlotViewManifestation,288,0,0,0,0,0,0
Vulnerability Rules,method,mct,0.9,0.5,gov.nasa.arc.mct.fastplot.view.PlotViewManifestation,288,0,0,0,0,0,0
CC,method,mct,0.9,0.5,gov.nasa.arc.mct.fastplot.view.PlotSettingsControlPanel,288,0,0,0,1,1,1
CCL,method,mct,0.9,0.5,gov.nasa.arc.mct.fastplot.view.PlotSettingsControlPanel,288,0,0,0,1,1,1
CCO,method,mct,0.9,0.5,gov.nasa.arc.mct.fastplot.view.PlotSettingsControlPanel,288,0,0,0,1,1,1
CI,method,mct,0.9,0.5,gov.nasa.arc.mct.fastplot.view.PlotSettingsControlPanel,288,0,0,0,1,1,1
CLC,method,mct,0.9,0.5,gov.nasa.arc.mct.fastplot.view.PlotSettingsControlPanel,288,0,0,0,1,1,1
CLLC,method,mct,0.9,0.5,gov.nasa.arc.mct.fastplot.view.PlotSettingsControlPanel,288,0,0,0,1,1,1
LDC,method,mct,0.9,0.5,gov.nasa.arc.mct.fastplot.view.PlotSettingsControlPanel,288,1,1,1,1,1,1
LLDC,method,mct,0.9,0.5,gov.nasa.arc.mct.fastplot.view.PlotSettingsControlPanel,288,0,0,0,1,1,1
HCPL,method,mct,0.9,0.5,gov.nasa.arc.mct.fastplot.view.PlotSettingsControlPanel,288,1,1,1,1,1,1
HDIF,method,mct,0.9,0.5,gov.nasa.arc.mct.fastplot.view.PlotSettingsControlPanel,288,1,1,1,1,1,1
HEFF,method,mct,0.9,0.5,gov.nasa.arc.mct.fastplot.view.PlotSettingsControlPanel,288,1,1,1,1,1,1
HNDB,method,mct,0.9,0.5,gov.nasa.arc.mct.fastplot.view.PlotSettingsControlPanel,288,1,1,1,1,1,1
HPL,method,mct,0.9,0.5,gov.nasa.arc.mct.fastplot.view.PlotSettingsControlPanel,288,1,1,1,1,1,1
HPV,method,mct,0.9,0.5,gov.nasa.arc.mct.fastplot.view.PlotSettingsControlPanel,288,1,1,1,1,1,1
HTRP,method,mct,0.9,0.5,gov.nasa.arc.mct.fastplot.view.PlotSettingsControlPanel,288,1,1,1,1,1,1
HVOL,method,mct,0.9,0.5,gov.nasa.arc.mct.fastplot.view.PlotSettingsControlPanel,288,1,1,1,1,1,1
MI,method,mct,0.9,0.5,gov.nasa.arc.mct.fastplot.view.PlotSettingsControlPanel,288,1,1,1,1,1,1
MIMS,method,mct,0.9,0.5,gov.nasa.arc.mct.fastplot.view.PlotSettingsControlPanel,288,1,1,1,1,1,1
MISEI,method,mct,0.9,0.5,gov.nasa.arc.mct.fastplot.view.PlotSettingsControlPanel,288,1,1,1,1,1,1
MISM,method,mct,0.9,0.5,gov.nasa.arc.mct.fastplot.view.PlotSettingsControlPanel,288,1,1,1,1,1,1
McCC,method,mct,0.9,0.5,gov.nasa.arc.mct.fastplot.view.PlotSettingsControlPanel,288,0,0,0,1,1,1
NL,method,mct,0.9,0.5,gov.nasa.arc.mct.fastplot.view.PlotSettingsControlPanel,288,0,0,0,1,1,1
NLE,method,mct,0.9,0.5,gov.nasa.arc.mct.fastplot.view.PlotSettingsControlPanel,288,0,0,0,1,1,1
NII,method,mct,0.9,0.5,gov.nasa.arc.mct.fastplot.view.PlotSettingsControlPanel,288,0,0,0,1,1,1
NOI,method,mct,0.9,0.5,gov.nasa.arc.mct.fastplot.view.PlotSettingsControlPanel,288,0,0,0,1,1,1
CD,method,mct,0.9,0.5,gov.nasa.arc.mct.fastplot.view.PlotSettingsControlPanel,288,1,1,1,1,1,1
CLOC,method,mct,0.9,0.5,gov.nasa.arc.mct.fastplot.view.PlotSettingsControlPanel,288,1,1,1,1,1,1
DLOC,method,mct,0.9,0.5,gov.nasa.arc.mct.fastplot.view.PlotSettingsControlPanel,288,1,1,1,1,1,1
TCD,method,mct,0.9,0.5,gov.nasa.arc.mct.fastplot.view.PlotSettingsControlPanel,288,1,1,1,1,1,1
TCLOC,method,mct,0.9,0.5,gov.nasa.arc.mct.fastplot.view.PlotSettingsControlPanel,288,1,1,1,1,1,1
LLOC,method,mct,0.9,0.5,gov.nasa.arc.mct.fastplot.view.PlotSettingsControlPanel,288,0,0,0,1,1,1
LOC,method,mct,0.9,0.5,gov.nasa.arc.mct.fastplot.view.PlotSettingsControlPanel,288,1,1,1,1,1,1
NOS,method,mct,0.9,0.5,gov.nasa.arc.mct.fastplot.view.PlotSettingsControlPanel,288,0,0,0,1,1,1
NUMPAR,method,mct,0.9,0.5,gov.nasa.arc.mct.fastplot.view.PlotSettingsControlPanel,288,0,0,0,1,1,1
TLLOC,method,mct,0.9,0.5,gov.nasa.arc.mct.fastplot.view.PlotSettingsControlPanel,288,0,0,0,1,1,1
TLOC,method,mct,0.9,0.5,gov.nasa.arc.mct.fastplot.view.PlotSettingsControlPanel,288,1,1,1,1,1,1
TNOS,method,mct,0.9,0.5,gov.nasa.arc.mct.fastplot.view.PlotSettingsControlPanel,288,0,0,0,0,0,0
WarningBlocker,method,mct,0.9,0.5,gov.nasa.arc.mct.fastplot.view.PlotSettingsControlPanel,288,0,0,0,0,0,0
WarningCritical,method,mct,0.9,0.5,gov.nasa.arc.mct.fastplot.view.PlotSettingsControlPanel,288,0,0,0,0,0,0
WarningInfo,method,mct,0.9,0.5,gov.nasa.arc.mct.fastplot.view.PlotSettingsControlPanel,288,0,0,0,0,0,0
WarningMajor,method,mct,0.9,0.5,gov.nasa.arc.mct.fastplot.view.PlotSettingsControlPanel,288,0,0,0,0,0,0
WarningMinor,method,mct,0.9,0.5,gov.nasa.arc.mct.fastplot.view.PlotSettingsControlPanel,288,0,0,0,0,0,0
Android Rules,method,mct,0.9,0.5,gov.nasa.arc.mct.fastplot.view.PlotSettingsControlPanel,288,0,0,0,0,0,0
Basic Rules,method,mct,0.9,0.5,gov.nasa.arc.mct.fastplot.view.PlotSettingsControlPanel,288,0,0,0,0,0,0
Brace Rules,method,mct,0.9,0.5,gov.nasa.arc.mct.fastplot.view.PlotSettingsControlPanel,288,0,0,0,0,0,0
Clone Implementation Rules,method,mct,0.9,0.5,gov.nasa.arc.mct.fastplot.view.PlotSettingsControlPanel,288,0,0,0,0,0,0
Code Size Rules,method,mct,0.9,0.5,gov.nasa.arc.mct.fastplot.view.PlotSettingsControlPanel,288,0,0,0,0,0,0
Comment Rules,method,mct,0.9,0.5,gov.nasa.arc.mct.fastplot.view.PlotSettingsControlPanel,288,0,0,0,0,0,0
Controversial Rules,method,mct,0.9,0.5,gov.nasa.arc.mct.fastplot.view.PlotSettingsControlPanel,288,0,0,0,0,0,0
Coupling Rules,method,mct,0.9,0.5,gov.nasa.arc.mct.fastplot.view.PlotSettingsControlPanel,288,0,0,0,0,0,0
Design Rules,method,mct,0.9,0.5,gov.nasa.arc.mct.fastplot.view.PlotSettingsControlPanel,288,0,0,0,0,0,0
Empty Code Rules,method,mct,0.9,0.5,gov.nasa.arc.mct.fastplot.view.PlotSettingsControlPanel,288,0,0,0,0,0,0
Finalizer Rules,method,mct,0.9,0.5,gov.nasa.arc.mct.fastplot.view.PlotSettingsControlPanel,288,0,0,0,0,0,0
Import Statement Rules,method,mct,0.9,0.5,gov.nasa.arc.mct.fastplot.view.PlotSettingsControlPanel,288,0,0,0,0,0,0
J2EE Rules,method,mct,0.9,0.5,gov.nasa.arc.mct.fastplot.view.PlotSettingsControlPanel,288,0,0,0,0,0,0
JUnit Rules,method,mct,0.9,0.5,gov.nasa.arc.mct.fastplot.view.PlotSettingsControlPanel,288,0,0,0,0,0,0
Jakarta Commons Logging Rules,method,mct,0.9,0.5,gov.nasa.arc.mct.fastplot.view.PlotSettingsControlPanel,288,0,0,0,0,0,0
Java Logging Rules,method,mct,0.9,0.5,gov.nasa.arc.mct.fastplot.view.PlotSettingsControlPanel,288,0,0,0,0,0,0
JavaBean Rules,method,mct,0.9,0.5,gov.nasa.arc.mct.fastplot.view.PlotSettingsControlPanel,288,0,0,0,0,0,0
MigratingToJUnit4 Rules,method,mct,0.9,0.5,gov.nasa.arc.mct.fastplot.view.PlotSettingsControlPanel,288,0,0,0,0,0,0
Migration Rules,method,mct,0.9,0.5,gov.nasa.arc.mct.fastplot.view.PlotSettingsControlPanel,288,0,0,0,0,0,0
Migration13 Rules,method,mct,0.9,0.5,gov.nasa.arc.mct.fastplot.view.PlotSettingsControlPanel,288,0,0,0,0,0,0
Migration14 Rules,method,mct,0.9,0.5,gov.nasa.arc.mct.fastplot.view.PlotSettingsControlPanel,288,0,0,0,0,0,0
Migration15 Rules,method,mct,0.9,0.5,gov.nasa.arc.mct.fastplot.view.PlotSettingsControlPanel,288,0,0,0,0,0,0
Naming Rules,method,mct,0.9,0.5,gov.nasa.arc.mct.fastplot.view.PlotSettingsControlPanel,288,0,0,0,0,0,0
Optimization Rules,method,mct,0.9,0.5,gov.nasa.arc.mct.fastplot.view.PlotSettingsControlPanel,288,0,0,0,0,0,0
Security Code Guideline Rules,method,mct,0.9,0.5,gov.nasa.arc.mct.fastplot.view.PlotSettingsControlPanel,288,0,0,0,0,0,0
Strict Exception Rules,method,mct,0.9,0.5,gov.nasa.arc.mct.fastplot.view.PlotSettingsControlPanel,288,0,0,0,0,0,0
String and StringBuffer Rules,method,mct,0.9,0.5,gov.nasa.arc.mct.fastplot.view.PlotSettingsControlPanel,288,0,0,0,0,0,0
Type Resolution Rules,method,mct,0.9,0.5,gov.nasa.arc.mct.fastplot.view.PlotSettingsControlPanel,288,0,0,0,0,0,0
Unnecessary and Unused Code Rules,method,mct,0.9,0.5,gov.nasa.arc.mct.fastplot.view.PlotSettingsControlPanel,288,0,0,0,0,0,0
Vulnerability Rules,method,mct,0.9,0.5,gov.nasa.arc.mct.fastplot.view.PlotSettingsControlPanel,288,0,0,0,0,0,0
CC,method,mct,0.9,0.5,gov.nasa.arc.mct.fastplot.scatter.ScatterPlotDataManager,216,0,0,0,1,1,1
CCL,method,mct,0.9,0.5,gov.nasa.arc.mct.fastplot.scatter.ScatterPlotDataManager,216,0,0,0,1,1,1
CCO,method,mct,0.9,0.5,gov.nasa.arc.mct.fastplot.scatter.ScatterPlotDataManager,216,0,0,0,1,1,1
CI,method,mct,0.9,0.5,gov.nasa.arc.mct.fastplot.scatter.ScatterPlotDataManager,216,0,0,0,1,1,1
CLC,method,mct,0.9,0.5,gov.nasa.arc.mct.fastplot.scatter.ScatterPlotDataManager,216,0,0,0,1,1,1
CLLC,method,mct,0.9,0.5,gov.nasa.arc.mct.fastplot.scatter.ScatterPlotDataManager,216,0,0,0,1,1,1
LDC,method,mct,0.9,0.5,gov.nasa.arc.mct.fastplot.scatter.ScatterPlotDataManager,216,0,0,0,1,1,1
LLDC,method,mct,0.9,0.5,gov.nasa.arc.mct.fastplot.scatter.ScatterPlotDataManager,216,0,0,0,1,1,1
HCPL,method,mct,0.9,0.5,gov.nasa.arc.mct.fastplot.scatter.ScatterPlotDataManager,216,1,1,1,1,1,1
HDIF,method,mct,0.9,0.5,gov.nasa.arc.mct.fastplot.scatter.ScatterPlotDataManager,216,1,1,1,1,1,1
HEFF,method,mct,0.9,0.5,gov.nasa.arc.mct.fastplot.scatter.ScatterPlotDataManager,216,1,1,1,1,1,1
HNDB,method,mct,0.9,0.5,gov.nasa.arc.mct.fastplot.scatter.ScatterPlotDataManager,216,1,1,1,1,1,1
HPL,method,mct,0.9,0.5,gov.nasa.arc.mct.fastplot.scatter.ScatterPlotDataManager,216,1,1,1,1,1,1
HPV,method,mct,0.9,0.5,gov.nasa.arc.mct.fastplot.scatter.ScatterPlotDataManager,216,0,0,0,1,1,1
HTRP,method,mct,0.9,0.5,gov.nasa.arc.mct.fastplot.scatter.ScatterPlotDataManager,216,1,1,1,1,1,1
HVOL,method,mct,0.9,0.5,gov.nasa.arc.mct.fastplot.scatter.ScatterPlotDataManager,216,1,1,1,1,1,1
MI,method,mct,0.9,0.5,gov.nasa.arc.mct.fastplot.scatter.ScatterPlotDataManager,216,1,1,1,1,1,1
MIMS,method,mct,0.9,0.5,gov.nasa.arc.mct.fastplot.scatter.ScatterPlotDataManager,216,1,1,1,1,1,1
MISEI,method,mct,0.9,0.5,gov.nasa.arc.mct.fastplot.scatter.ScatterPlotDataManager,216,1,1,1,1,1,1
MISM,method,mct,0.9,0.5,gov.nasa.arc.mct.fastplot.scatter.ScatterPlotDataManager,216,1,1,1,1,1,1
McCC,method,mct,0.9,0.5,gov.nasa.arc.mct.fastplot.scatter.ScatterPlotDataManager,216,1,1,1,1,1,1
NL,method,mct,0.9,0.5,gov.nasa.arc.mct.fastplot.scatter.ScatterPlotDataManager,216,0,0,0,1,1,1
NLE,method,mct,0.9,0.5,gov.nasa.arc.mct.fastplot.scatter.ScatterPlotDataManager,216,0,0,0,1,1,1
NII,method,mct,0.9,0.5,gov.nasa.arc.mct.fastplot.scatter.ScatterPlotDataManager,216,0,0,0,1,1,1
NOI,method,mct,0.9,0.5,gov.nasa.arc.mct.fastplot.scatter.ScatterPlotDataManager,216,1,1,1,1,1,1
CD,method,mct,0.9,0.5,gov.nasa.arc.mct.fastplot.scatter.ScatterPlotDataManager,216,0,0,0,1,1,1
CLOC,method,mct,0.9,0.5,gov.nasa.arc.mct.fastplot.scatter.ScatterPlotDataManager,216,0,0,0,1,1,1
DLOC,method,mct,0.9,0.5,gov.nasa.arc.mct.fastplot.scatter.ScatterPlotDataManager,216,0,0,0,1,1,1
TCD,method,mct,0.9,0.5,gov.nasa.arc.mct.fastplot.scatter.ScatterPlotDataManager,216,0,0,0,1,1,1
TCLOC,method,mct,0.9,0.5,gov.nasa.arc.mct.fastplot.scatter.ScatterPlotDataManager,216,0,0,0,1,1,1
LLOC,method,mct,0.9,0.5,gov.nasa.arc.mct.fastplot.scatter.ScatterPlotDataManager,216,1,1,1,1,1,1
LOC,method,mct,0.9,0.5,gov.nasa.arc.mct.fastplot.scatter.ScatterPlotDataManager,216,1,1,1,1,1,1
NOS,method,mct,0.9,0.5,gov.nasa.arc.mct.fastplot.scatter.ScatterPlotDataManager,216,1,1,1,1,1,1
NUMPAR,method,mct,0.9,0.5,gov.nasa.arc.mct.fastplot.scatter.ScatterPlotDataManager,216,0,0,0,1,1,1
TLLOC,method,mct,0.9,0.5,gov.nasa.arc.mct.fastplot.scatter.ScatterPlotDataManager,216,1,1,1,1,1,1
TLOC,method,mct,0.9,0.5,gov.nasa.arc.mct.fastplot.scatter.ScatterPlotDataManager,216,1,1,1,1,1,1
TNOS,method,mct,0.9,0.5,gov.nasa.arc.mct.fastplot.scatter.ScatterPlotDataManager,216,0,0,0,0,0,0
WarningBlocker,method,mct,0.9,0.5,gov.nasa.arc.mct.fastplot.scatter.ScatterPlotDataManager,216,0,0,0,0,0,0
WarningCritical,method,mct,0.9,0.5,gov.nasa.arc.mct.fastplot.scatter.ScatterPlotDataManager,216,0,0,0,0,0,0
WarningInfo,method,mct,0.9,0.5,gov.nasa.arc.mct.fastplot.scatter.ScatterPlotDataManager,216,0,0,0,0,0,0
WarningMajor,method,mct,0.9,0.5,gov.nasa.arc.mct.fastplot.scatter.ScatterPlotDataManager,216,0,0,0,0,0,0
WarningMinor,method,mct,0.9,0.5,gov.nasa.arc.mct.fastplot.scatter.ScatterPlotDataManager,216,0,0,0,0,0,0
Android Rules,method,mct,0.9,0.5,gov.nasa.arc.mct.fastplot.scatter.ScatterPlotDataManager,216,0,0,0,0,0,0
Basic Rules,method,mct,0.9,0.5,gov.nasa.arc.mct.fastplot.scatter.ScatterPlotDataManager,216,0,0,0,0,0,0
Brace Rules,method,mct,0.9,0.5,gov.nasa.arc.mct.fastplot.scatter.ScatterPlotDataManager,216,0,0,0,0,0,0
Clone Implementation Rules,method,mct,0.9,0.5,gov.nasa.arc.mct.fastplot.scatter.ScatterPlotDataManager,216,0,0,0,0,0,0
Code Size Rules,method,mct,0.9,0.5,gov.nasa.arc.mct.fastplot.scatter.ScatterPlotDataManager,216,0,0,0,0,0,0
Comment Rules,method,mct,0.9,0.5,gov.nasa.arc.mct.fastplot.scatter.ScatterPlotDataManager,216,0,0,0,0,0,0
Controversial Rules,method,mct,0.9,0.5,gov.nasa.arc.mct.fastplot.scatter.ScatterPlotDataManager,216,0,0,0,0,0,0
Coupling Rules,method,mct,0.9,0.5,gov.nasa.arc.mct.fastplot.scatter.ScatterPlotDataManager,216,0,0,0,0,0,0
Design Rules,method,mct,0.9,0.5,gov.nasa.arc.mct.fastplot.scatter.ScatterPlotDataManager,216,0,0,0,0,0,0
Empty Code Rules,method,mct,0.9,0.5,gov.nasa.arc.mct.fastplot.scatter.ScatterPlotDataManager,216,0,0,0,0,0,0
Finalizer Rules,method,mct,0.9,0.5,gov.nasa.arc.mct.fastplot.scatter.ScatterPlotDataManager,216,0,0,0,0,0,0
Import Statement Rules,method,mct,0.9,0.5,gov.nasa.arc.mct.fastplot.scatter.ScatterPlotDataManager,216,0,0,0,0,0,0
J2EE Rules,method,mct,0.9,0.5,gov.nasa.arc.mct.fastplot.scatter.ScatterPlotDataManager,216,0,0,0,0,0,0
JUnit Rules,method,mct,0.9,0.5,gov.nasa.arc.mct.fastplot.scatter.ScatterPlotDataManager,216,0,0,0,0,0,0
Jakarta Commons Logging Rules,method,mct,0.9,0.5,gov.nasa.arc.mct.fastplot.scatter.ScatterPlotDataManager,216,0,0,0,0,0,0
Java Logging Rules,method,mct,0.9,0.5,gov.nasa.arc.mct.fastplot.scatter.ScatterPlotDataManager,216,0,0,0,0,0,0
JavaBean Rules,method,mct,0.9,0.5,gov.nasa.arc.mct.fastplot.scatter.ScatterPlotDataManager,216,0,0,0,0,0,0
MigratingToJUnit4 Rules,method,mct,0.9,0.5,gov.nasa.arc.mct.fastplot.scatter.ScatterPlotDataManager,216,0,0,0,0,0,0
Migration Rules,method,mct,0.9,0.5,gov.nasa.arc.mct.fastplot.scatter.ScatterPlotDataManager,216,0,0,0,0,0,0
Migration13 Rules,method,mct,0.9,0.5,gov.nasa.arc.mct.fastplot.scatter.ScatterPlotDataManager,216,0,0,0,0,0,0
Migration14 Rules,method,mct,0.9,0.5,gov.nasa.arc.mct.fastplot.scatter.ScatterPlotDataManager,216,0,0,0,0,0,0
Migration15 Rules,method,mct,0.9,0.5,gov.nasa.arc.mct.fastplot.scatter.ScatterPlotDataManager,216,0,0,0,0,0,0
Naming Rules,method,mct,0.9,0.5,gov.nasa.arc.mct.fastplot.scatter.ScatterPlotDataManager,216,0,0,0,0,0,0
Optimization Rules,method,mct,0.9,0.5,gov.nasa.arc.mct.fastplot.scatter.ScatterPlotDataManager,216,0,0,0,0,0,0
Security Code Guideline Rules,method,mct,0.9,0.5,gov.nasa.arc.mct.fastplot.scatter.ScatterPlotDataManager,216,0,0,0,0,0,0
Strict Exception Rules,method,mct,0.9,0.5,gov.nasa.arc.mct.fastplot.scatter.ScatterPlotDataManager,216,0,0,0,0,0,0
String and StringBuffer Rules,method,mct,0.9,0.5,gov.nasa.arc.mct.fastplot.scatter.ScatterPlotDataManager,216,0,0,0,0,0,0
Type Resolution Rules,method,mct,0.9,0.5,gov.nasa.arc.mct.fastplot.scatter.ScatterPlotDataManager,216,0,0,0,0,0,0
Unnecessary and Unused Code Rules,method,mct,0.9,0.5,gov.nasa.arc.mct.fastplot.scatter.ScatterPlotDataManager,216,0,0,0,0,0,0
Vulnerability Rules,method,mct,0.9,0.5,gov.nasa.arc.mct.fastplot.scatter.ScatterPlotDataManager,216,0,0,0,0,0,0
CC,method,mct,0.9,0.5,gov.nasa.arc.mct.services.component.ViewInfo,288,0,0,0,1,1,1
CCL,method,mct,0.9,0.5,gov.nasa.arc.mct.services.component.ViewInfo,288,0,0,0,1,1,1
CCO,method,mct,0.9,0.5,gov.nasa.arc.mct.services.component.ViewInfo,288,0,0,0,1,1,1
CI,method,mct,0.9,0.5,gov.nasa.arc.mct.services.component.ViewInfo,288,0,0,0,1,1,1
CLC,method,mct,0.9,0.5,gov.nasa.arc.mct.services.component.ViewInfo,288,0,0,0,1,1,1
CLLC,method,mct,0.9,0.5,gov.nasa.arc.mct.services.component.ViewInfo,288,0,0,0,1,1,1
LDC,method,mct,0.9,0.5,gov.nasa.arc.mct.services.component.ViewInfo,288,0,0,0,1,1,1
LLDC,method,mct,0.9,0.5,gov.nasa.arc.mct.services.component.ViewInfo,288,0,0,0,1,1,1
HCPL,method,mct,0.9,0.5,gov.nasa.arc.mct.services.component.ViewInfo,288,1,1,1,1,1,1
HDIF,method,mct,0.9,0.5,gov.nasa.arc.mct.services.component.ViewInfo,288,1,1,1,1,1,1
HEFF,method,mct,0.9,0.5,gov.nasa.arc.mct.services.component.ViewInfo,288,1,1,1,1,1,1
HNDB,method,mct,0.9,0.5,gov.nasa.arc.mct.services.component.ViewInfo,288,1,1,1,1,1,1
HPL,method,mct,0.9,0.5,gov.nasa.arc.mct.services.component.ViewInfo,288,1,1,1,1,1,1
HPV,method,mct,0.9,0.5,gov.nasa.arc.mct.services.component.ViewInfo,288,1,1,1,1,1,1
HTRP,method,mct,0.9,0.5,gov.nasa.arc.mct.services.component.ViewInfo,288,1,1,1,1,1,1
HVOL,method,mct,0.9,0.5,gov.nasa.arc.mct.services.component.ViewInfo,288,1,1,1,1,1,1
MI,method,mct,0.9,0.5,gov.nasa.arc.mct.services.component.ViewInfo,288,1,1,1,1,1,1
MIMS,method,mct,0.9,0.5,gov.nasa.arc.mct.services.component.ViewInfo,288,1,1,1,1,1,1
MISEI,method,mct,0.9,0.5,gov.nasa.arc.mct.services.component.ViewInfo,288,1,1,1,1,1,1
MISM,method,mct,0.9,0.5,gov.nasa.arc.mct.services.component.ViewInfo,288,1,1,1,1,1,1
McCC,method,mct,0.9,0.5,gov.nasa.arc.mct.services.component.ViewInfo,288,0,0,0,1,1,1
NL,method,mct,0.9,0.5,gov.nasa.arc.mct.services.component.ViewInfo,288,0,0,0,1,1,1
NLE,method,mct,0.9,0.5,gov.nasa.arc.mct.services.component.ViewInfo,288,0,0,0,1,1,1
NII,method,mct,0.9,0.5,gov.nasa.arc.mct.services.component.ViewInfo,288,1,1,1,1,1,1
NOI,method,mct,0.9,0.5,gov.nasa.arc.mct.services.component.ViewInfo,288,1,1,1,1,1,1
CD,method,mct,0.9,0.5,gov.nasa.arc.mct.services.component.ViewInfo,288,0,0,0,1,1,1
CLOC,method,mct,0.9,0.5,gov.nasa.arc.mct.services.component.ViewInfo,288,0,0,0,1,1,1
DLOC,method,mct,0.9,0.5,gov.nasa.arc.mct.services.component.ViewInfo,288,0,0,0,1,1,1
TCD,method,mct,0.9,0.5,gov.nasa.arc.mct.services.component.ViewInfo,288,0,0,0,1,1,1
TCLOC,method,mct,0.9,0.5,gov.nasa.arc.mct.services.component.ViewInfo,288,0,0,0,1,1,1
LLOC,method,mct,0.9,0.5,gov.nasa.arc.mct.services.component.ViewInfo,288,1,1,1,1,1,1
LOC,method,mct,0.9,0.5,gov.nasa.arc.mct.services.component.ViewInfo,288,1,1,1,1,1,1
NOS,method,mct,0.9,0.5,gov.nasa.arc.mct.services.component.ViewInfo,288,0,0,0,1,1,1
NUMPAR,method,mct,0.9,0.5,gov.nasa.arc.mct.services.component.ViewInfo,288,1,1,1,1,1,1
TLLOC,method,mct,0.9,0.5,gov.nasa.arc.mct.services.component.ViewInfo,288,1,1,1,1,1,1
TLOC,method,mct,0.9,0.5,gov.nasa.arc.mct.services.component.ViewInfo,288,1,1,1,1,1,1
TNOS,method,mct,0.9,0.5,gov.nasa.arc.mct.services.component.ViewInfo,288,0,0,0,0,0,0
WarningBlocker,method,mct,0.9,0.5,gov.nasa.arc.mct.services.component.ViewInfo,288,0,0,0,0,0,0
WarningCritical,method,mct,0.9,0.5,gov.nasa.arc.mct.services.component.ViewInfo,288,0,0,0,0,0,0
WarningInfo,method,mct,0.9,0.5,gov.nasa.arc.mct.services.component.ViewInfo,288,0,0,0,0,0,0
WarningMajor,method,mct,0.9,0.5,gov.nasa.arc.mct.services.component.ViewInfo,288,0,0,0,0,0,0
WarningMinor,method,mct,0.9,0.5,gov.nasa.arc.mct.services.component.ViewInfo,288,0,0,0,0,0,0
Android Rules,method,mct,0.9,0.5,gov.nasa.arc.mct.services.component.ViewInfo,288,0,0,0,0,0,0
Basic Rules,method,mct,0.9,0.5,gov.nasa.arc.mct.services.component.ViewInfo,288,0,0,0,0,0,0
Brace Rules,method,mct,0.9,0.5,gov.nasa.arc.mct.services.component.ViewInfo,288,0,0,0,0,0,0
Clone Implementation Rules,method,mct,0.9,0.5,gov.nasa.arc.mct.services.component.ViewInfo,288,0,0,0,0,0,0
Code Size Rules,method,mct,0.9,0.5,gov.nasa.arc.mct.services.component.ViewInfo,288,0,0,0,0,0,0
Comment Rules,method,mct,0.9,0.5,gov.nasa.arc.mct.services.component.ViewInfo,288,0,0,0,0,0,0
Controversial Rules,method,mct,0.9,0.5,gov.nasa.arc.mct.services.component.ViewInfo,288,0,0,0,0,0,0
Coupling Rules,method,mct,0.9,0.5,gov.nasa.arc.mct.services.component.ViewInfo,288,0,0,0,0,0,0
Design Rules,method,mct,0.9,0.5,gov.nasa.arc.mct.services.component.ViewInfo,288,0,0,0,0,0,0
Empty Code Rules,method,mct,0.9,0.5,gov.nasa.arc.mct.services.component.ViewInfo,288,0,0,0,0,0,0
Finalizer Rules,method,mct,0.9,0.5,gov.nasa.arc.mct.services.component.ViewInfo,288,0,0,0,0,0,0
Import Statement Rules,method,mct,0.9,0.5,gov.nasa.arc.mct.services.component.ViewInfo,288,0,0,0,0,0,0
J2EE Rules,method,mct,0.9,0.5,gov.nasa.arc.mct.services.component.ViewInfo,288,0,0,0,0,0,0
JUnit Rules,method,mct,0.9,0.5,gov.nasa.arc.mct.services.component.ViewInfo,288,0,0,0,0,0,0
Jakarta Commons Logging Rules,method,mct,0.9,0.5,gov.nasa.arc.mct.services.component.ViewInfo,288,0,0,0,0,0,0
Java Logging Rules,method,mct,0.9,0.5,gov.nasa.arc.mct.services.component.ViewInfo,288,0,0,0,0,0,0
JavaBean Rules,method,mct,0.9,0.5,gov.nasa.arc.mct.services.component.ViewInfo,288,0,0,0,0,0,0
MigratingToJUnit4 Rules,method,mct,0.9,0.5,gov.nasa.arc.mct.services.component.ViewInfo,288,0,0,0,0,0,0
Migration Rules,method,mct,0.9,0.5,gov.nasa.arc.mct.services.component.ViewInfo,288,0,0,0,0,0,0
Migration13 Rules,method,mct,0.9,0.5,gov.nasa.arc.mct.services.component.ViewInfo,288,0,0,0,0,0,0
Migration14 Rules,method,mct,0.9,0.5,gov.nasa.arc.mct.services.component.ViewInfo,288,0,0,0,0,0,0
Migration15 Rules,method,mct,0.9,0.5,gov.nasa.arc.mct.services.component.ViewInfo,288,0,0,0,0,0,0
Naming Rules,method,mct,0.9,0.5,gov.nasa.arc.mct.services.component.ViewInfo,288,0,0,0,0,0,0
Optimization Rules,method,mct,0.9,0.5,gov.nasa.arc.mct.services.component.ViewInfo,288,0,0,0,0,0,0
Security Code Guideline Rules,method,mct,0.9,0.5,gov.nasa.arc.mct.services.component.ViewInfo,288,0,0,0,0,0,0
Strict Exception Rules,method,mct,0.9,0.5,gov.nasa.arc.mct.services.component.ViewInfo,288,0,0,0,0,0,0
String and StringBuffer Rules,method,mct,0.9,0.5,gov.nasa.arc.mct.services.component.ViewInfo,288,0,0,0,0,0,0
Type Resolution Rules,method,mct,0.9,0.5,gov.nasa.arc.mct.services.component.ViewInfo,288,0,0,0,0,0,0
Unnecessary and Unused Code Rules,method,mct,0.9,0.5,gov.nasa.arc.mct.services.component.ViewInfo,288,0,0,0,0,0,0
Vulnerability Rules,method,mct,0.9,0.5,gov.nasa.arc.mct.services.component.ViewInfo,288,0,0,0,0,0,0
CC,method,mct,0.9,0.5,org.acme.example.view.ShowChildrenInTableView,144,0,0,0,1,1,1
CCL,method,mct,0.9,0.5,org.acme.example.view.ShowChildrenInTableView,144,0,0,0,1,1,1
CCO,method,mct,0.9,0.5,org.acme.example.view.ShowChildrenInTableView,144,0,0,0,1,1,1
CI,method,mct,0.9,0.5,org.acme.example.view.ShowChildrenInTableView,144,0,0,0,1,1,1
CLC,method,mct,0.9,0.5,org.acme.example.view.ShowChildrenInTableView,144,0,0,0,1,1,1
CLLC,method,mct,0.9,0.5,org.acme.example.view.ShowChildrenInTableView,144,0,0,0,1,1,1
LDC,method,mct,0.9,0.5,org.acme.example.view.ShowChildrenInTableView,144,0,0,0,1,1,1
LLDC,method,mct,0.9,0.5,org.acme.example.view.ShowChildrenInTableView,144,0,0,0,1,1,1
HCPL,method,mct,0.9,0.5,org.acme.example.view.ShowChildrenInTableView,144,1,1,1,1,1,1
HDIF,method,mct,0.9,0.5,org.acme.example.view.ShowChildrenInTableView,144,1,1,1,1,1,1
HEFF,method,mct,0.9,0.5,org.acme.example.view.ShowChildrenInTableView,144,1,1,1,1,1,1
HNDB,method,mct,0.9,0.5,org.acme.example.view.ShowChildrenInTableView,144,1,1,1,1,1,1
HPL,method,mct,0.9,0.5,org.acme.example.view.ShowChildrenInTableView,144,1,1,1,1,1,1
HPV,method,mct,0.9,0.5,org.acme.example.view.ShowChildrenInTableView,144,1,1,1,1,1,1
HTRP,method,mct,0.9,0.5,org.acme.example.view.ShowChildrenInTableView,144,1,1,1,1,1,1
HVOL,method,mct,0.9,0.5,org.acme.example.view.ShowChildrenInTableView,144,1,1,1,1,1,1
MI,method,mct,0.9,0.5,org.acme.example.view.ShowChildrenInTableView,144,1,1,1,1,1,1
MIMS,method,mct,0.9,0.5,org.acme.example.view.ShowChildrenInTableView,144,1,1,1,1,1,1
MISEI,method,mct,0.9,0.5,org.acme.example.view.ShowChildrenInTableView,144,1,1,1,1,1,1
MISM,method,mct,0.9,0.5,org.acme.example.view.ShowChildrenInTableView,144,1,1,1,1,1,1
McCC,method,mct,0.9,0.5,org.acme.example.view.ShowChildrenInTableView,144,0,0,0,1,1,1
NL,method,mct,0.9,0.5,org.acme.example.view.ShowChildrenInTableView,144,0,0,0,1,1,1
NLE,method,mct,0.9,0.5,org.acme.example.view.ShowChildrenInTableView,144,0,0,0,1,1,1
NII,method,mct,0.9,0.5,org.acme.example.view.ShowChildrenInTableView,144,0,0,0,1,1,1
NOI,method,mct,0.9,0.5,org.acme.example.view.ShowChildrenInTableView,144,0,0,0,1,1,1
CD,method,mct,0.9,0.5,org.acme.example.view.ShowChildrenInTableView,144,1,1,1,1,1,1
CLOC,method,mct,0.9,0.5,org.acme.example.view.ShowChildrenInTableView,144,0,0,0,1,1,1
DLOC,method,mct,0.9,0.5,org.acme.example.view.ShowChildrenInTableView,144,0,0,0,1,1,1
TCD,method,mct,0.9,0.5,org.acme.example.view.ShowChildrenInTableView,144,1,1,1,1,1,1
TCLOC,method,mct,0.9,0.5,org.acme.example.view.ShowChildrenInTableView,144,0,0,0,1,1,1
LLOC,method,mct,0.9,0.5,org.acme.example.view.ShowChildrenInTableView,144,1,1,1,1,1,1
LOC,method,mct,0.9,0.5,org.acme.example.view.ShowChildrenInTableView,144,1,1,1,1,1,1
NOS,method,mct,0.9,0.5,org.acme.example.view.ShowChildrenInTableView,144,1,1,1,1,1,1
NUMPAR,method,mct,0.9,0.5,org.acme.example.view.ShowChildrenInTableView,144,0,0,0,1,1,1
TLLOC,method,mct,0.9,0.5,org.acme.example.view.ShowChildrenInTableView,144,1,1,1,1,1,1
TLOC,method,mct,0.9,0.5,org.acme.example.view.ShowChildrenInTableView,144,1,1,1,1,1,1
TNOS,method,mct,0.9,0.5,org.acme.example.view.ShowChildrenInTableView,144,0,0,0,0,0,0
WarningBlocker,method,mct,0.9,0.5,org.acme.example.view.ShowChildrenInTableView,144,0,0,0,0,0,0
WarningCritical,method,mct,0.9,0.5,org.acme.example.view.ShowChildrenInTableView,144,0,0,0,0,0,0
WarningInfo,method,mct,0.9,0.5,org.acme.example.view.ShowChildrenInTableView,144,0,0,0,0,0,0
WarningMajor,method,mct,0.9,0.5,org.acme.example.view.ShowChildrenInTableView,144,0,0,0,0,0,0
WarningMinor,method,mct,0.9,0.5,org.acme.example.view.ShowChildrenInTableView,144,0,0,0,0,0,0
Android Rules,method,mct,0.9,0.5,org.acme.example.view.ShowChildrenInTableView,144,0,0,0,0,0,0
Basic Rules,method,mct,0.9,0.5,org.acme.example.view.ShowChildrenInTableView,144,0,0,0,0,0,0
Brace Rules,method,mct,0.9,0.5,org.acme.example.view.ShowChildrenInTableView,144,0,0,0,0,0,0
Clone Implementation Rules,method,mct,0.9,0.5,org.acme.example.view.ShowChildrenInTableView,144,0,0,0,0,0,0
Code Size Rules,method,mct,0.9,0.5,org.acme.example.view.ShowChildrenInTableView,144,0,0,0,0,0,0
Comment Rules,method,mct,0.9,0.5,org.acme.example.view.ShowChildrenInTableView,144,0,0,0,0,0,0
Controversial Rules,method,mct,0.9,0.5,org.acme.example.view.ShowChildrenInTableView,144,0,0,0,0,0,0
Coupling Rules,method,mct,0.9,0.5,org.acme.example.view.ShowChildrenInTableView,144,0,0,0,0,0,0
Design Rules,method,mct,0.9,0.5,org.acme.example.view.ShowChildrenInTableView,144,0,0,0,0,0,0
Empty Code Rules,method,mct,0.9,0.5,org.acme.example.view.ShowChildrenInTableView,144,0,0,0,0,0,0
Finalizer Rules,method,mct,0.9,0.5,org.acme.example.view.ShowChildrenInTableView,144,0,0,0,0,0,0
Import Statement Rules,method,mct,0.9,0.5,org.acme.example.view.ShowChildrenInTableView,144,0,0,0,0,0,0
J2EE Rules,method,mct,0.9,0.5,org.acme.example.view.ShowChildrenInTableView,144,0,0,0,0,0,0
JUnit Rules,method,mct,0.9,0.5,org.acme.example.view.ShowChildrenInTableView,144,0,0,0,0,0,0
Jakarta Commons Logging Rules,method,mct,0.9,0.5,org.acme.example.view.ShowChildrenInTableView,144,0,0,0,0,0,0
Java Logging Rules,method,mct,0.9,0.5,org.acme.example.view.ShowChildrenInTableView,144,0,0,0,0,0,0
JavaBean Rules,method,mct,0.9,0.5,org.acme.example.view.ShowChildrenInTableView,144,0,0,0,0,0,0
MigratingToJUnit4 Rules,method,mct,0.9,0.5,org.acme.example.view.ShowChildrenInTableView,144,0,0,0,0,0,0
Migration Rules,method,mct,0.9,0.5,org.acme.example.view.ShowChildrenInTableView,144,0,0,0,0,0,0
Migration13 Rules,method,mct,0.9,0.5,org.acme.example.view.ShowChildrenInTableView,144,0,0,0,0,0,0
Migration14 Rules,method,mct,0.9,0.5,org.acme.example.view.ShowChildrenInTableView,144,0,0,0,0,0,0
Migration15 Rules,method,mct,0.9,0.5,org.acme.example.view.ShowChildrenInTableView,144,0,0,0,0,0,0
Naming Rules,method,mct,0.9,0.5,org.acme.example.view.ShowChildrenInTableView,144,0,0,0,0,0,0
Optimization Rules,method,mct,0.9,0.5,org.acme.example.view.ShowChildrenInTableView,144,0,0,0,0,0,0
Security Code Guideline Rules,method,mct,0.9,0.5,org.acme.example.view.ShowChildrenInTableView,144,0,0,0,0,0,0
Strict Exception Rules,method,mct,0.9,0.5,org.acme.example.view.ShowChildrenInTableView,144,0,0,0,0,0,0
String and StringBuffer Rules,method,mct,0.9,0.5,org.acme.example.view.ShowChildrenInTableView,144,0,0,0,0,0,0
Type Resolution Rules,method,mct,0.9,0.5,org.acme.example.view.ShowChildrenInTableView,144,0,0,0,0,0,0
Unnecessary and Unused Code Rules,method,mct,0.9,0.5,org.acme.example.view.ShowChildrenInTableView,144,0,0,0,0,0,0
Vulnerability Rules,method,mct,0.9,0.5,org.acme.example.view.ShowChildrenInTableView,144,0,0,0,0,0,0
CC,method,mct,0.9,0.5,gov.nasa.arc.mct.core.policy.OwnershipTest$1,144,0,0,0,1,1,1
CCL,method,mct,0.9,0.5,gov.nasa.arc.mct.core.policy.OwnershipTest$1,144,0,0,0,1,1,1
CCO,method,mct,0.9,0.5,gov.nasa.arc.mct.core.policy.OwnershipTest$1,144,0,0,0,1,1,1
CI,method,mct,0.9,0.5,gov.nasa.arc.mct.core.policy.OwnershipTest$1,144,0,0,0,1,1,1
CLC,method,mct,0.9,0.5,gov.nasa.arc.mct.core.policy.OwnershipTest$1,144,0,0,0,1,1,1
CLLC,method,mct,0.9,0.5,gov.nasa.arc.mct.core.policy.OwnershipTest$1,144,0,0,0,1,1,1
LDC,method,mct,0.9,0.5,gov.nasa.arc.mct.core.policy.OwnershipTest$1,144,0,0,0,1,1,1
LLDC,method,mct,0.9,0.5,gov.nasa.arc.mct.core.policy.OwnershipTest$1,144,0,0,0,1,1,1
HCPL,method,mct,0.9,0.5,gov.nasa.arc.mct.core.policy.OwnershipTest$1,144,1,1,1,1,1,1
HDIF,method,mct,0.9,0.5,gov.nasa.arc.mct.core.policy.OwnershipTest$1,144,1,1,1,1,1,1
HEFF,method,mct,0.9,0.5,gov.nasa.arc.mct.core.policy.OwnershipTest$1,144,1,1,1,1,1,1
HNDB,method,mct,0.9,0.5,gov.nasa.arc.mct.core.policy.OwnershipTest$1,144,1,1,1,1,1,1
HPL,method,mct,0.9,0.5,gov.nasa.arc.mct.core.policy.OwnershipTest$1,144,1,1,1,1,1,1
HPV,method,mct,0.9,0.5,gov.nasa.arc.mct.core.policy.OwnershipTest$1,144,1,1,1,1,1,1
HTRP,method,mct,0.9,0.5,gov.nasa.arc.mct.core.policy.OwnershipTest$1,144,1,1,1,1,1,1
HVOL,method,mct,0.9,0.5,gov.nasa.arc.mct.core.policy.OwnershipTest$1,144,1,1,1,1,1,1
MI,method,mct,0.9,0.5,gov.nasa.arc.mct.core.policy.OwnershipTest$1,144,1,1,1,1,1,1
MIMS,method,mct,0.9,0.5,gov.nasa.arc.mct.core.policy.OwnershipTest$1,144,1,1,1,1,1,1
MISEI,method,mct,0.9,0.5,gov.nasa.arc.mct.core.policy.OwnershipTest$1,144,1,1,1,1,1,1
MISM,method,mct,0.9,0.5,gov.nasa.arc.mct.core.policy.OwnershipTest$1,144,1,1,1,1,1,1
McCC,method,mct,0.9,0.5,gov.nasa.arc.mct.core.policy.OwnershipTest$1,144,0,0,0,1,1,1
NL,method,mct,0.9,0.5,gov.nasa.arc.mct.core.policy.OwnershipTest$1,144,0,0,0,1,1,1
NLE,method,mct,0.9,0.5,gov.nasa.arc.mct.core.policy.OwnershipTest$1,144,0,0,0,1,1,1
NII,method,mct,0.9,0.5,gov.nasa.arc.mct.core.policy.OwnershipTest$1,144,0,0,0,1,1,1
NOI,method,mct,0.9,0.5,gov.nasa.arc.mct.core.policy.OwnershipTest$1,144,0,0,0,1,1,1
CD,method,mct,0.9,0.5,gov.nasa.arc.mct.core.policy.OwnershipTest$1,144,0,0,0,1,1,1
CLOC,method,mct,0.9,0.5,gov.nasa.arc.mct.core.policy.OwnershipTest$1,144,0,0,0,1,1,1
DLOC,method,mct,0.9,0.5,gov.nasa.arc.mct.core.policy.OwnershipTest$1,144,0,0,0,1,1,1
TCD,method,mct,0.9,0.5,gov.nasa.arc.mct.core.policy.OwnershipTest$1,144,0,0,0,1,1,1
TCLOC,method,mct,0.9,0.5,gov.nasa.arc.mct.core.policy.OwnershipTest$1,144,0,0,0,1,1,1
LLOC,method,mct,0.9,0.5,gov.nasa.arc.mct.core.policy.OwnershipTest$1,144,0,0,0,1,1,1
LOC,method,mct,0.9,0.5,gov.nasa.arc.mct.core.policy.OwnershipTest$1,144,0,0,0,1,1,1
NOS,method,mct,0.9,0.5,gov.nasa.arc.mct.core.policy.OwnershipTest$1,144,0,0,0,1,1,1
NUMPAR,method,mct,0.9,0.5,gov.nasa.arc.mct.core.policy.OwnershipTest$1,144,0,0,0,1,1,1
TLLOC,method,mct,0.9,0.5,gov.nasa.arc.mct.core.policy.OwnershipTest$1,144,0,0,0,1,1,1
TLOC,method,mct,0.9,0.5,gov.nasa.arc.mct.core.policy.OwnershipTest$1,144,0,0,0,1,1,1
TNOS,method,mct,0.9,0.5,gov.nasa.arc.mct.core.policy.OwnershipTest$1,144,0,0,0,0,0,0
WarningBlocker,method,mct,0.9,0.5,gov.nasa.arc.mct.core.policy.OwnershipTest$1,144,0,0,0,0,0,0
WarningCritical,method,mct,0.9,0.5,gov.nasa.arc.mct.core.policy.OwnershipTest$1,144,0,0,0,0,0,0
WarningInfo,method,mct,0.9,0.5,gov.nasa.arc.mct.core.policy.OwnershipTest$1,144,0,0,0,0,0,0
WarningMajor,method,mct,0.9,0.5,gov.nasa.arc.mct.core.policy.OwnershipTest$1,144,0,0,0,0,0,0
WarningMinor,method,mct,0.9,0.5,gov.nasa.arc.mct.core.policy.OwnershipTest$1,144,0,0,0,0,0,0
Android Rules,method,mct,0.9,0.5,gov.nasa.arc.mct.core.policy.OwnershipTest$1,144,0,0,0,0,0,0
Basic Rules,method,mct,0.9,0.5,gov.nasa.arc.mct.core.policy.OwnershipTest$1,144,0,0,0,0,0,0
Brace Rules,method,mct,0.9,0.5,gov.nasa.arc.mct.core.policy.OwnershipTest$1,144,0,0,0,0,0,0
Clone Implementation Rules,method,mct,0.9,0.5,gov.nasa.arc.mct.core.policy.OwnershipTest$1,144,0,0,0,0,0,0
Code Size Rules,method,mct,0.9,0.5,gov.nasa.arc.mct.core.policy.OwnershipTest$1,144,0,0,0,0,0,0
Comment Rules,method,mct,0.9,0.5,gov.nasa.arc.mct.core.policy.OwnershipTest$1,144,0,0,0,0,0,0
Controversial Rules,method,mct,0.9,0.5,gov.nasa.arc.mct.core.policy.OwnershipTest$1,144,0,0,0,0,0,0
Coupling Rules,method,mct,0.9,0.5,gov.nasa.arc.mct.core.policy.OwnershipTest$1,144,0,0,0,0,0,0
Design Rules,method,mct,0.9,0.5,gov.nasa.arc.mct.core.policy.OwnershipTest$1,144,0,0,0,0,0,0
Empty Code Rules,method,mct,0.9,0.5,gov.nasa.arc.mct.core.policy.OwnershipTest$1,144,0,0,0,0,0,0
Finalizer Rules,method,mct,0.9,0.5,gov.nasa.arc.mct.core.policy.OwnershipTest$1,144,0,0,0,0,0,0
Import Statement Rules,method,mct,0.9,0.5,gov.nasa.arc.mct.core.policy.OwnershipTest$1,144,0,0,0,0,0,0
J2EE Rules,method,mct,0.9,0.5,gov.nasa.arc.mct.core.policy.OwnershipTest$1,144,0,0,0,0,0,0
JUnit Rules,method,mct,0.9,0.5,gov.nasa.arc.mct.core.policy.OwnershipTest$1,144,0,0,0,0,0,0
Jakarta Commons Logging Rules,method,mct,0.9,0.5,gov.nasa.arc.mct.core.policy.OwnershipTest$1,144,0,0,0,0,0,0
Java Logging Rules,method,mct,0.9,0.5,gov.nasa.arc.mct.core.policy.OwnershipTest$1,144,0,0,0,0,0,0
JavaBean Rules,method,mct,0.9,0.5,gov.nasa.arc.mct.core.policy.OwnershipTest$1,144,0,0,0,0,0,0
MigratingToJUnit4 Rules,method,mct,0.9,0.5,gov.nasa.arc.mct.core.policy.OwnershipTest$1,144,0,0,0,0,0,0
Migration Rules,method,mct,0.9,0.5,gov.nasa.arc.mct.core.policy.OwnershipTest$1,144,0,0,0,0,0,0
Migration13 Rules,method,mct,0.9,0.5,gov.nasa.arc.mct.core.policy.OwnershipTest$1,144,0,0,0,0,0,0
Migration14 Rules,method,mct,0.9,0.5,gov.nasa.arc.mct.core.policy.OwnershipTest$1,144,0,0,0,0,0,0
Migration15 Rules,method,mct,0.9,0.5,gov.nasa.arc.mct.core.policy.OwnershipTest$1,144,0,0,0,0,0,0
Naming Rules,method,mct,0.9,0.5,gov.nasa.arc.mct.core.policy.OwnershipTest$1,144,0,0,0,0,0,0
Optimization Rules,method,mct,0.9,0.5,gov.nasa.arc.mct.core.policy.OwnershipTest$1,144,0,0,0,0,0,0
Security Code Guideline Rules,method,mct,0.9,0.5,gov.nasa.arc.mct.core.policy.OwnershipTest$1,144,0,0,0,0,0,0
Strict Exception Rules,method,mct,0.9,0.5,gov.nasa.arc.mct.core.policy.OwnershipTest$1,144,0,0,0,0,0,0
String and StringBuffer Rules,method,mct,0.9,0.5,gov.nasa.arc.mct.core.policy.OwnershipTest$1,144,0,0,0,0,0,0
Type Resolution Rules,method,mct,0.9,0.5,gov.nasa.arc.mct.core.policy.OwnershipTest$1,144,0,0,0,0,0,0
Unnecessary and Unused Code Rules,method,mct,0.9,0.5,gov.nasa.arc.mct.core.policy.OwnershipTest$1,144,0,0,0,0,0,0
Vulnerability Rules,method,mct,0.9,0.5,gov.nasa.arc.mct.core.policy.OwnershipTest$1,144,0,0,0,0,0,0
CC,method,mct,0.9,0.5,gov.nasa.arc.mct.gui.housing.Inspector,288,1,1,1,1,1,1
CCL,method,mct,0.9,0.5,gov.nasa.arc.mct.gui.housing.Inspector,288,1,1,1,1,1,1
CCO,method,mct,0.9,0.5,gov.nasa.arc.mct.gui.housing.Inspector,288,1,1,1,1,1,1
CI,method,mct,0.9,0.5,gov.nasa.arc.mct.gui.housing.Inspector,288,1,1,1,1,1,1
CLC,method,mct,0.9,0.5,gov.nasa.arc.mct.gui.housing.Inspector,288,1,1,1,1,1,1
CLLC,method,mct,0.9,0.5,gov.nasa.arc.mct.gui.housing.Inspector,288,1,1,1,1,1,1
LDC,method,mct,0.9,0.5,gov.nasa.arc.mct.gui.housing.Inspector,288,1,1,1,1,1,1
LLDC,method,mct,0.9,0.5,gov.nasa.arc.mct.gui.housing.Inspector,288,1,1,1,1,1,1
HCPL,method,mct,0.9,0.5,gov.nasa.arc.mct.gui.housing.Inspector,288,1,1,1,1,1,1
HDIF,method,mct,0.9,0.5,gov.nasa.arc.mct.gui.housing.Inspector,288,1,1,1,1,1,1
HEFF,method,mct,0.9,0.5,gov.nasa.arc.mct.gui.housing.Inspector,288,1,1,1,1,1,1
HNDB,method,mct,0.9,0.5,gov.nasa.arc.mct.gui.housing.Inspector,288,1,1,1,1,1,1
HPL,method,mct,0.9,0.5,gov.nasa.arc.mct.gui.housing.Inspector,288,1,1,1,1,1,1
HPV,method,mct,0.9,0.5,gov.nasa.arc.mct.gui.housing.Inspector,288,1,1,1,1,1,1
HTRP,method,mct,0.9,0.5,gov.nasa.arc.mct.gui.housing.Inspector,288,1,1,1,1,1,1
HVOL,method,mct,0.9,0.5,gov.nasa.arc.mct.gui.housing.Inspector,288,1,1,1,1,1,1
MI,method,mct,0.9,0.5,gov.nasa.arc.mct.gui.housing.Inspector,288,1,1,1,1,1,1
MIMS,method,mct,0.9,0.5,gov.nasa.arc.mct.gui.housing.Inspector,288,1,1,1,1,1,1
MISEI,method,mct,0.9,0.5,gov.nasa.arc.mct.gui.housing.Inspector,288,1,1,1,1,1,1
MISM,method,mct,0.9,0.5,gov.nasa.arc.mct.gui.housing.Inspector,288,1,1,1,1,1,1
McCC,method,mct,0.9,0.5,gov.nasa.arc.mct.gui.housing.Inspector,288,1,1,1,1,1,1
NL,method,mct,0.9,0.5,gov.nasa.arc.mct.gui.housing.Inspector,288,1,1,1,1,1,1
NLE,method,mct,0.9,0.5,gov.nasa.arc.mct.gui.housing.Inspector,288,1,1,1,1,1,1
NII,method,mct,0.9,0.5,gov.nasa.arc.mct.gui.housing.Inspector,288,1,1,1,1,1,1
NOI,method,mct,0.9,0.5,gov.nasa.arc.mct.gui.housing.Inspector,288,1,1,1,1,1,1
CD,method,mct,0.9,0.5,gov.nasa.arc.mct.gui.housing.Inspector,288,1,1,1,1,1,1
CLOC,method,mct,0.9,0.5,gov.nasa.arc.mct.gui.housing.Inspector,288,1,1,1,1,1,1
DLOC,method,mct,0.9,0.5,gov.nasa.arc.mct.gui.housing.Inspector,288,0,0,0,1,1,1
TCD,method,mct,0.9,0.5,gov.nasa.arc.mct.gui.housing.Inspector,288,1,1,1,1,1,1
TCLOC,method,mct,0.9,0.5,gov.nasa.arc.mct.gui.housing.Inspector,288,1,1,1,1,1,1
LLOC,method,mct,0.9,0.5,gov.nasa.arc.mct.gui.housing.Inspector,288,1,1,1,1,1,1
LOC,method,mct,0.9,0.5,gov.nasa.arc.mct.gui.housing.Inspector,288,1,1,1,1,1,1
NOS,method,mct,0.9,0.5,gov.nasa.arc.mct.gui.housing.Inspector,288,1,1,1,1,1,1
NUMPAR,method,mct,0.9,0.5,gov.nasa.arc.mct.gui.housing.Inspector,288,0,0,0,1,1,1
TLLOC,method,mct,0.9,0.5,gov.nasa.arc.mct.gui.housing.Inspector,288,1,1,1,1,1,1
TLOC,method,mct,0.9,0.5,gov.nasa.arc.mct.gui.housing.Inspector,288,0,0,0,1,1,1
TNOS,method,mct,0.9,0.5,gov.nasa.arc.mct.gui.housing.Inspector,288,0,0,0,0,0,0
WarningBlocker,method,mct,0.9,0.5,gov.nasa.arc.mct.gui.housing.Inspector,288,0,0,0,0,0,0
WarningCritical,method,mct,0.9,0.5,gov.nasa.arc.mct.gui.housing.Inspector,288,0,0,0,0,0,0
WarningInfo,method,mct,0.9,0.5,gov.nasa.arc.mct.gui.housing.Inspector,288,0,0,0,0,0,0
WarningMajor,method,mct,0.9,0.5,gov.nasa.arc.mct.gui.housing.Inspector,288,0,0,0,0,0,0
WarningMinor,method,mct,0.9,0.5,gov.nasa.arc.mct.gui.housing.Inspector,288,0,0,0,0,0,0
Android Rules,method,mct,0.9,0.5,gov.nasa.arc.mct.gui.housing.Inspector,288,0,0,0,0,0,0
Basic Rules,method,mct,0.9,0.5,gov.nasa.arc.mct.gui.housing.Inspector,288,0,0,0,0,0,0
Brace Rules,method,mct,0.9,0.5,gov.nasa.arc.mct.gui.housing.Inspector,288,0,0,0,0,0,0
Clone Implementation Rules,method,mct,0.9,0.5,gov.nasa.arc.mct.gui.housing.Inspector,288,0,0,0,0,0,0
Code Size Rules,method,mct,0.9,0.5,gov.nasa.arc.mct.gui.housing.Inspector,288,0,0,0,0,0,0
Comment Rules,method,mct,0.9,0.5,gov.nasa.arc.mct.gui.housing.Inspector,288,0,0,0,0,0,0
Controversial Rules,method,mct,0.9,0.5,gov.nasa.arc.mct.gui.housing.Inspector,288,0,0,0,0,0,0
Coupling Rules,method,mct,0.9,0.5,gov.nasa.arc.mct.gui.housing.Inspector,288,0,0,0,0,0,0
Design Rules,method,mct,0.9,0.5,gov.nasa.arc.mct.gui.housing.Inspector,288,0,0,0,0,0,0
Empty Code Rules,method,mct,0.9,0.5,gov.nasa.arc.mct.gui.housing.Inspector,288,0,0,0,0,0,0
Finalizer Rules,method,mct,0.9,0.5,gov.nasa.arc.mct.gui.housing.Inspector,288,0,0,0,0,0,0
Import Statement Rules,method,mct,0.9,0.5,gov.nasa.arc.mct.gui.housing.Inspector,288,0,0,0,0,0,0
J2EE Rules,method,mct,0.9,0.5,gov.nasa.arc.mct.gui.housing.Inspector,288,0,0,0,0,0,0
JUnit Rules,method,mct,0.9,0.5,gov.nasa.arc.mct.gui.housing.Inspector,288,0,0,0,0,0,0
Jakarta Commons Logging Rules,method,mct,0.9,0.5,gov.nasa.arc.mct.gui.housing.Inspector,288,0,0,0,0,0,0
Java Logging Rules,method,mct,0.9,0.5,gov.nasa.arc.mct.gui.housing.Inspector,288,0,0,0,0,0,0
JavaBean Rules,method,mct,0.9,0.5,gov.nasa.arc.mct.gui.housing.Inspector,288,0,0,0,0,0,0
MigratingToJUnit4 Rules,method,mct,0.9,0.5,gov.nasa.arc.mct.gui.housing.Inspector,288,0,0,0,0,0,0
Migration Rules,method,mct,0.9,0.5,gov.nasa.arc.mct.gui.housing.Inspector,288,0,0,0,0,0,0
Migration13 Rules,method,mct,0.9,0.5,gov.nasa.arc.mct.gui.housing.Inspector,288,0,0,0,0,0,0
Migration14 Rules,method,mct,0.9,0.5,gov.nasa.arc.mct.gui.housing.Inspector,288,0,0,0,0,0,0
Migration15 Rules,method,mct,0.9,0.5,gov.nasa.arc.mct.gui.housing.Inspector,288,0,0,0,0,0,0
Naming Rules,method,mct,0.9,0.5,gov.nasa.arc.mct.gui.housing.Inspector,288,0,0,0,0,0,0
Optimization Rules,method,mct,0.9,0.5,gov.nasa.arc.mct.gui.housing.Inspector,288,0,0,0,0,0,0
Security Code Guideline Rules,method,mct,0.9,0.5,gov.nasa.arc.mct.gui.housing.Inspector,288,0,0,0,0,0,0
Strict Exception Rules,method,mct,0.9,0.5,gov.nasa.arc.mct.gui.housing.Inspector,288,0,0,0,0,0,0
String and StringBuffer Rules,method,mct,0.9,0.5,gov.nasa.arc.mct.gui.housing.Inspector,288,0,0,0,0,0,0
Type Resolution Rules,method,mct,0.9,0.5,gov.nasa.arc.mct.gui.housing.Inspector,288,0,0,0,0,0,0
Unnecessary and Unused Code Rules,method,mct,0.9,0.5,gov.nasa.arc.mct.gui.housing.Inspector,288,0,0,0,0,0,0
Vulnerability Rules,method,mct,0.9,0.5,gov.nasa.arc.mct.gui.housing.Inspector,288,0,0,0,0,0,0
CC,method,mct,0.9,0.5,gov.nasa.arc.mct.fastplot.settings.LineSetupPanel,144,0,0,0,1,1,1
CCL,method,mct,0.9,0.5,gov.nasa.arc.mct.fastplot.settings.LineSetupPanel,144,0,0,0,1,1,1
CCO,method,mct,0.9,0.5,gov.nasa.arc.mct.fastplot.settings.LineSetupPanel,144,0,0,0,1,1,1
CI,method,mct,0.9,0.5,gov.nasa.arc.mct.fastplot.settings.LineSetupPanel,144,0,0,0,1,1,1
CLC,method,mct,0.9,0.5,gov.nasa.arc.mct.fastplot.settings.LineSetupPanel,144,0,0,0,1,1,1
CLLC,method,mct,0.9,0.5,gov.nasa.arc.mct.fastplot.settings.LineSetupPanel,144,0,0,0,1,1,1
LDC,method,mct,0.9,0.5,gov.nasa.arc.mct.fastplot.settings.LineSetupPanel,144,0,0,0,1,1,1
LLDC,method,mct,0.9,0.5,gov.nasa.arc.mct.fastplot.settings.LineSetupPanel,144,0,0,0,1,1,1
HCPL,method,mct,0.9,0.5,gov.nasa.arc.mct.fastplot.settings.LineSetupPanel,144,1,1,1,1,1,1
HDIF,method,mct,0.9,0.5,gov.nasa.arc.mct.fastplot.settings.LineSetupPanel,144,1,1,1,1,1,1
HEFF,method,mct,0.9,0.5,gov.nasa.arc.mct.fastplot.settings.LineSetupPanel,144,1,1,1,1,1,1
HNDB,method,mct,0.9,0.5,gov.nasa.arc.mct.fastplot.settings.LineSetupPanel,144,1,1,1,1,1,1
HPL,method,mct,0.9,0.5,gov.nasa.arc.mct.fastplot.settings.LineSetupPanel,144,1,1,1,1,1,1
HPV,method,mct,0.9,0.5,gov.nasa.arc.mct.fastplot.settings.LineSetupPanel,144,1,1,1,1,1,1
HTRP,method,mct,0.9,0.5,gov.nasa.arc.mct.fastplot.settings.LineSetupPanel,144,1,1,1,1,1,1
HVOL,method,mct,0.9,0.5,gov.nasa.arc.mct.fastplot.settings.LineSetupPanel,144,1,1,1,1,1,1
MI,method,mct,0.9,0.5,gov.nasa.arc.mct.fastplot.settings.LineSetupPanel,144,1,1,1,1,1,1
MIMS,method,mct,0.9,0.5,gov.nasa.arc.mct.fastplot.settings.LineSetupPanel,144,1,1,1,1,1,1
MISEI,method,mct,0.9,0.5,gov.nasa.arc.mct.fastplot.settings.LineSetupPanel,144,1,1,1,1,1,1
MISM,method,mct,0.9,0.5,gov.nasa.arc.mct.fastplot.settings.LineSetupPanel,144,1,1,1,1,1,1
McCC,method,mct,0.9,0.5,gov.nasa.arc.mct.fastplot.settings.LineSetupPanel,144,1,1,1,1,1,1
NL,method,mct,0.9,0.5,gov.nasa.arc.mct.fastplot.settings.LineSetupPanel,144,1,1,1,1,1,1
NLE,method,mct,0.9,0.5,gov.nasa.arc.mct.fastplot.settings.LineSetupPanel,144,1,1,1,1,1,1
NII,method,mct,0.9,0.5,gov.nasa.arc.mct.fastplot.settings.LineSetupPanel,144,0,0,0,1,1,1
NOI,method,mct,0.9,0.5,gov.nasa.arc.mct.fastplot.settings.LineSetupPanel,144,0,0,0,1,1,1
CD,method,mct,0.9,0.5,gov.nasa.arc.mct.fastplot.settings.LineSetupPanel,144,0,0,0,1,1,1
CLOC,method,mct,0.9,0.5,gov.nasa.arc.mct.fastplot.settings.LineSetupPanel,144,0,0,0,1,1,1
DLOC,method,mct,0.9,0.5,gov.nasa.arc.mct.fastplot.settings.LineSetupPanel,144,0,0,0,1,1,1
TCD,method,mct,0.9,0.5,gov.nasa.arc.mct.fastplot.settings.LineSetupPanel,144,0,0,0,1,1,1
TCLOC,method,mct,0.9,0.5,gov.nasa.arc.mct.fastplot.settings.LineSetupPanel,144,0,0,0,1,1,1
LLOC,method,mct,0.9,0.5,gov.nasa.arc.mct.fastplot.settings.LineSetupPanel,144,1,1,1,1,1,1
LOC,method,mct,0.9,0.5,gov.nasa.arc.mct.fastplot.settings.LineSetupPanel,144,1,1,1,1,1,1
NOS,method,mct,0.9,0.5,gov.nasa.arc.mct.fastplot.settings.LineSetupPanel,144,1,1,1,1,1,1
NUMPAR,method,mct,0.9,0.5,gov.nasa.arc.mct.fastplot.settings.LineSetupPanel,144,0,0,0,1,1,1
TLLOC,method,mct,0.9,0.5,gov.nasa.arc.mct.fastplot.settings.LineSetupPanel,144,1,1,1,1,1,1
TLOC,method,mct,0.9,0.5,gov.nasa.arc.mct.fastplot.settings.LineSetupPanel,144,1,1,1,1,1,1
TNOS,method,mct,0.9,0.5,gov.nasa.arc.mct.fastplot.settings.LineSetupPanel,144,0,0,0,0,0,0
WarningBlocker,method,mct,0.9,0.5,gov.nasa.arc.mct.fastplot.settings.LineSetupPanel,144,0,0,0,0,0,0
WarningCritical,method,mct,0.9,0.5,gov.nasa.arc.mct.fastplot.settings.LineSetupPanel,144,0,0,0,0,0,0
WarningInfo,method,mct,0.9,0.5,gov.nasa.arc.mct.fastplot.settings.LineSetupPanel,144,0,0,0,0,0,0
WarningMajor,method,mct,0.9,0.5,gov.nasa.arc.mct.fastplot.settings.LineSetupPanel,144,0,0,0,0,0,0
WarningMinor,method,mct,0.9,0.5,gov.nasa.arc.mct.fastplot.settings.LineSetupPanel,144,0,0,0,0,0,0
Android Rules,method,mct,0.9,0.5,gov.nasa.arc.mct.fastplot.settings.LineSetupPanel,144,0,0,0,0,0,0
Basic Rules,method,mct,0.9,0.5,gov.nasa.arc.mct.fastplot.settings.LineSetupPanel,144,0,0,0,0,0,0
Brace Rules,method,mct,0.9,0.5,gov.nasa.arc.mct.fastplot.settings.LineSetupPanel,144,0,0,0,0,0,0
Clone Implementation Rules,method,mct,0.9,0.5,gov.nasa.arc.mct.fastplot.settings.LineSetupPanel,144,0,0,0,0,0,0
Code Size Rules,method,mct,0.9,0.5,gov.nasa.arc.mct.fastplot.settings.LineSetupPanel,144,0,0,0,0,0,0
Comment Rules,method,mct,0.9,0.5,gov.nasa.arc.mct.fastplot.settings.LineSetupPanel,144,0,0,0,0,0,0
Controversial Rules,method,mct,0.9,0.5,gov.nasa.arc.mct.fastplot.settings.LineSetupPanel,144,0,0,0,0,0,0
Coupling Rules,method,mct,0.9,0.5,gov.nasa.arc.mct.fastplot.settings.LineSetupPanel,144,0,0,0,0,0,0
Design Rules,method,mct,0.9,0.5,gov.nasa.arc.mct.fastplot.settings.LineSetupPanel,144,0,0,0,0,0,0
Empty Code Rules,method,mct,0.9,0.5,gov.nasa.arc.mct.fastplot.settings.LineSetupPanel,144,0,0,0,0,0,0
Finalizer Rules,method,mct,0.9,0.5,gov.nasa.arc.mct.fastplot.settings.LineSetupPanel,144,0,0,0,0,0,0
Import Statement Rules,method,mct,0.9,0.5,gov.nasa.arc.mct.fastplot.settings.LineSetupPanel,144,0,0,0,0,0,0
J2EE Rules,method,mct,0.9,0.5,gov.nasa.arc.mct.fastplot.settings.LineSetupPanel,144,0,0,0,0,0,0
JUnit Rules,method,mct,0.9,0.5,gov.nasa.arc.mct.fastplot.settings.LineSetupPanel,144,0,0,0,0,0,0
Jakarta Commons Logging Rules,method,mct,0.9,0.5,gov.nasa.arc.mct.fastplot.settings.LineSetupPanel,144,0,0,0,0,0,0
Java Logging Rules,method,mct,0.9,0.5,gov.nasa.arc.mct.fastplot.settings.LineSetupPanel,144,0,0,0,0,0,0
JavaBean Rules,method,mct,0.9,0.5,gov.nasa.arc.mct.fastplot.settings.LineSetupPanel,144,0,0,0,0,0,0
MigratingToJUnit4 Rules,method,mct,0.9,0.5,gov.nasa.arc.mct.fastplot.settings.LineSetupPanel,144,0,0,0,0,0,0
Migration Rules,method,mct,0.9,0.5,gov.nasa.arc.mct.fastplot.settings.LineSetupPanel,144,0,0,0,0,0,0
Migration13 Rules,method,mct,0.9,0.5,gov.nasa.arc.mct.fastplot.settings.LineSetupPanel,144,0,0,0,0,0,0
Migration14 Rules,method,mct,0.9,0.5,gov.nasa.arc.mct.fastplot.settings.LineSetupPanel,144,0,0,0,0,0,0
Migration15 Rules,method,mct,0.9,0.5,gov.nasa.arc.mct.fastplot.settings.LineSetupPanel,144,0,0,0,0,0,0
Naming Rules,method,mct,0.9,0.5,gov.nasa.arc.mct.fastplot.settings.LineSetupPanel,144,0,0,0,0,0,0
Optimization Rules,method,mct,0.9,0.5,gov.nasa.arc.mct.fastplot.settings.LineSetupPanel,144,0,0,0,0,0,0
Security Code Guideline Rules,method,mct,0.9,0.5,gov.nasa.arc.mct.fastplot.settings.LineSetupPanel,144,0,0,0,0,0,0
Strict Exception Rules,method,mct,0.9,0.5,gov.nasa.arc.mct.fastplot.settings.LineSetupPanel,144,0,0,0,0,0,0
String and StringBuffer Rules,method,mct,0.9,0.5,gov.nasa.arc.mct.fastplot.settings.LineSetupPanel,144,0,0,0,0,0,0
Type Resolution Rules,method,mct,0.9,0.5,gov.nasa.arc.mct.fastplot.settings.LineSetupPanel,144,0,0,0,0,0,0
Unnecessary and Unused Code Rules,method,mct,0.9,0.5,gov.nasa.arc.mct.fastplot.settings.LineSetupPanel,144,0,0,0,0,0,0
Vulnerability Rules,method,mct,0.9,0.5,gov.nasa.arc.mct.fastplot.settings.LineSetupPanel,144,0,0,0,0,0,0
CC,method,mct,0.9,0.5,gov.nasa.arc.mct.fastplot.scatter.ScatterPlot,144,0,0,0,1,1,1
CCL,method,mct,0.9,0.5,gov.nasa.arc.mct.fastplot.scatter.ScatterPlot,144,0,0,0,1,1,1
CCO,method,mct,0.9,0.5,gov.nasa.arc.mct.fastplot.scatter.ScatterPlot,144,0,0,0,1,1,1
CI,method,mct,0.9,0.5,gov.nasa.arc.mct.fastplot.scatter.ScatterPlot,144,0,0,0,1,1,1
CLC,method,mct,0.9,0.5,gov.nasa.arc.mct.fastplot.scatter.ScatterPlot,144,0,0,0,1,1,1
CLLC,method,mct,0.9,0.5,gov.nasa.arc.mct.fastplot.scatter.ScatterPlot,144,0,0,0,1,1,1
LDC,method,mct,0.9,0.5,gov.nasa.arc.mct.fastplot.scatter.ScatterPlot,144,0,0,0,1,1,1
LLDC,method,mct,0.9,0.5,gov.nasa.arc.mct.fastplot.scatter.ScatterPlot,144,0,0,0,1,1,1
HCPL,method,mct,0.9,0.5,gov.nasa.arc.mct.fastplot.scatter.ScatterPlot,144,0,0,0,1,1,1
HDIF,method,mct,0.9,0.5,gov.nasa.arc.mct.fastplot.scatter.ScatterPlot,144,0,0,0,1,1,1
HEFF,method,mct,0.9,0.5,gov.nasa.arc.mct.fastplot.scatter.ScatterPlot,144,0,0,0,1,1,1
HNDB,method,mct,0.9,0.5,gov.nasa.arc.mct.fastplot.scatter.ScatterPlot,144,0,0,0,1,1,1
HPL,method,mct,0.9,0.5,gov.nasa.arc.mct.fastplot.scatter.ScatterPlot,144,0,0,0,1,1,1
HPV,method,mct,0.9,0.5,gov.nasa.arc.mct.fastplot.scatter.ScatterPlot,144,0,0,0,1,1,1
HTRP,method,mct,0.9,0.5,gov.nasa.arc.mct.fastplot.scatter.ScatterPlot,144,0,0,0,1,1,1
HVOL,method,mct,0.9,0.5,gov.nasa.arc.mct.fastplot.scatter.ScatterPlot,144,0,0,0,1,1,1
MI,method,mct,0.9,0.5,gov.nasa.arc.mct.fastplot.scatter.ScatterPlot,144,0,0,0,1,1,1
MIMS,method,mct,0.9,0.5,gov.nasa.arc.mct.fastplot.scatter.ScatterPlot,144,0,0,0,1,1,1
MISEI,method,mct,0.9,0.5,gov.nasa.arc.mct.fastplot.scatter.ScatterPlot,144,1,1,1,1,1,1
MISM,method,mct,0.9,0.5,gov.nasa.arc.mct.fastplot.scatter.ScatterPlot,144,1,1,1,1,1,1
McCC,method,mct,0.9,0.5,gov.nasa.arc.mct.fastplot.scatter.ScatterPlot,144,0,0,0,1,1,1
NL,method,mct,0.9,0.5,gov.nasa.arc.mct.fastplot.scatter.ScatterPlot,144,0,0,0,1,1,1
NLE,method,mct,0.9,0.5,gov.nasa.arc.mct.fastplot.scatter.ScatterPlot,144,0,0,0,1,1,1
NII,method,mct,0.9,0.5,gov.nasa.arc.mct.fastplot.scatter.ScatterPlot,144,0,0,0,1,1,1
NOI,method,mct,0.9,0.5,gov.nasa.arc.mct.fastplot.scatter.ScatterPlot,144,0,0,0,1,1,1
CD,method,mct,0.9,0.5,gov.nasa.arc.mct.fastplot.scatter.ScatterPlot,144,1,1,1,1,1,1
CLOC,method,mct,0.9,0.5,gov.nasa.arc.mct.fastplot.scatter.ScatterPlot,144,1,1,1,1,1,1
DLOC,method,mct,0.9,0.5,gov.nasa.arc.mct.fastplot.scatter.ScatterPlot,144,0,0,0,1,1,1
TCD,method,mct,0.9,0.5,gov.nasa.arc.mct.fastplot.scatter.ScatterPlot,144,1,1,1,1,1,1
TCLOC,method,mct,0.9,0.5,gov.nasa.arc.mct.fastplot.scatter.ScatterPlot,144,1,1,1,1,1,1
LLOC,method,mct,0.9,0.5,gov.nasa.arc.mct.fastplot.scatter.ScatterPlot,144,0,0,0,1,1,1
LOC,method,mct,0.9,0.5,gov.nasa.arc.mct.fastplot.scatter.ScatterPlot,144,1,1,1,1,1,1
NOS,method,mct,0.9,0.5,gov.nasa.arc.mct.fastplot.scatter.ScatterPlot,144,0,0,0,1,1,1
NUMPAR,method,mct,0.9,0.5,gov.nasa.arc.mct.fastplot.scatter.ScatterPlot,144,0,0,0,1,1,1
TLLOC,method,mct,0.9,0.5,gov.nasa.arc.mct.fastplot.scatter.ScatterPlot,144,0,0,0,1,1,1
TLOC,method,mct,0.9,0.5,gov.nasa.arc.mct.fastplot.scatter.ScatterPlot,144,1,1,1,1,1,1
TNOS,method,mct,0.9,0.5,gov.nasa.arc.mct.fastplot.scatter.ScatterPlot,144,0,0,0,0,0,0
WarningBlocker,method,mct,0.9,0.5,gov.nasa.arc.mct.fastplot.scatter.ScatterPlot,144,0,0,0,0,0,0
WarningCritical,method,mct,0.9,0.5,gov.nasa.arc.mct.fastplot.scatter.ScatterPlot,144,0,0,0,0,0,0
WarningInfo,method,mct,0.9,0.5,gov.nasa.arc.mct.fastplot.scatter.ScatterPlot,144,0,0,0,0,0,0
WarningMajor,method,mct,0.9,0.5,gov.nasa.arc.mct.fastplot.scatter.ScatterPlot,144,0,0,0,0,0,0
WarningMinor,method,mct,0.9,0.5,gov.nasa.arc.mct.fastplot.scatter.ScatterPlot,144,0,0,0,0,0,0
Android Rules,method,mct,0.9,0.5,gov.nasa.arc.mct.fastplot.scatter.ScatterPlot,144,0,0,0,0,0,0
Basic Rules,method,mct,0.9,0.5,gov.nasa.arc.mct.fastplot.scatter.ScatterPlot,144,0,0,0,0,0,0
Brace Rules,method,mct,0.9,0.5,gov.nasa.arc.mct.fastplot.scatter.ScatterPlot,144,0,0,0,0,0,0
Clone Implementation Rules,method,mct,0.9,0.5,gov.nasa.arc.mct.fastplot.scatter.ScatterPlot,144,0,0,0,0,0,0
Code Size Rules,method,mct,0.9,0.5,gov.nasa.arc.mct.fastplot.scatter.ScatterPlot,144,0,0,0,0,0,0
Comment Rules,method,mct,0.9,0.5,gov.nasa.arc.mct.fastplot.scatter.ScatterPlot,144,0,0,0,0,0,0
Controversial Rules,method,mct,0.9,0.5,gov.nasa.arc.mct.fastplot.scatter.ScatterPlot,144,0,0,0,0,0,0
Coupling Rules,method,mct,0.9,0.5,gov.nasa.arc.mct.fastplot.scatter.ScatterPlot,144,0,0,0,0,0,0
Design Rules,method,mct,0.9,0.5,gov.nasa.arc.mct.fastplot.scatter.ScatterPlot,144,0,0,0,0,0,0
Empty Code Rules,method,mct,0.9,0.5,gov.nasa.arc.mct.fastplot.scatter.ScatterPlot,144,0,0,0,0,0,0
Finalizer Rules,method,mct,0.9,0.5,gov.nasa.arc.mct.fastplot.scatter.ScatterPlot,144,0,0,0,0,0,0
Import Statement Rules,method,mct,0.9,0.5,gov.nasa.arc.mct.fastplot.scatter.ScatterPlot,144,0,0,0,0,0,0
J2EE Rules,method,mct,0.9,0.5,gov.nasa.arc.mct.fastplot.scatter.ScatterPlot,144,0,0,0,0,0,0
JUnit Rules,method,mct,0.9,0.5,gov.nasa.arc.mct.fastplot.scatter.ScatterPlot,144,0,0,0,0,0,0
Jakarta Commons Logging Rules,method,mct,0.9,0.5,gov.nasa.arc.mct.fastplot.scatter.ScatterPlot,144,0,0,0,0,0,0
Java Logging Rules,method,mct,0.9,0.5,gov.nasa.arc.mct.fastplot.scatter.ScatterPlot,144,0,0,0,0,0,0
JavaBean Rules,method,mct,0.9,0.5,gov.nasa.arc.mct.fastplot.scatter.ScatterPlot,144,0,0,0,0,0,0
MigratingToJUnit4 Rules,method,mct,0.9,0.5,gov.nasa.arc.mct.fastplot.scatter.ScatterPlot,144,0,0,0,0,0,0
Migration Rules,method,mct,0.9,0.5,gov.nasa.arc.mct.fastplot.scatter.ScatterPlot,144,0,0,0,0,0,0
Migration13 Rules,method,mct,0.9,0.5,gov.nasa.arc.mct.fastplot.scatter.ScatterPlot,144,0,0,0,0,0,0
Migration14 Rules,method,mct,0.9,0.5,gov.nasa.arc.mct.fastplot.scatter.ScatterPlot,144,0,0,0,0,0,0
Migration15 Rules,method,mct,0.9,0.5,gov.nasa.arc.mct.fastplot.scatter.ScatterPlot,144,0,0,0,0,0,0
Naming Rules,method,mct,0.9,0.5,gov.nasa.arc.mct.fastplot.scatter.ScatterPlot,144,0,0,0,0,0,0
Optimization Rules,method,mct,0.9,0.5,gov.nasa.arc.mct.fastplot.scatter.ScatterPlot,144,0,0,0,0,0,0
Security Code Guideline Rules,method,mct,0.9,0.5,gov.nasa.arc.mct.fastplot.scatter.ScatterPlot,144,0,0,0,0,0,0
Strict Exception Rules,method,mct,0.9,0.5,gov.nasa.arc.mct.fastplot.scatter.ScatterPlot,144,0,0,0,0,0,0
String and StringBuffer Rules,method,mct,0.9,0.5,gov.nasa.arc.mct.fastplot.scatter.ScatterPlot,144,0,0,0,0,0,0
Type Resolution Rules,method,mct,0.9,0.5,gov.nasa.arc.mct.fastplot.scatter.ScatterPlot,144,0,0,0,0,0,0
Unnecessary and Unused Code Rules,method,mct,0.9,0.5,gov.nasa.arc.mct.fastplot.scatter.ScatterPlot,144,0,0,0,0,0,0
Vulnerability Rules,method,mct,0.9,0.5,gov.nasa.arc.mct.fastplot.scatter.ScatterPlot,144,0,0,0,0,0,0
CC,method,mct,0.9,0.5,gov.nasa.arc.mct.gui.housing.TestInspector,72,0,0,0,1,1,1
CCL,method,mct,0.9,0.5,gov.nasa.arc.mct.gui.housing.TestInspector,72,0,0,0,1,1,1
CCO,method,mct,0.9,0.5,gov.nasa.arc.mct.gui.housing.TestInspector,72,0,0,0,1,1,1
CI,method,mct,0.9,0.5,gov.nasa.arc.mct.gui.housing.TestInspector,72,0,0,0,1,1,1
CLC,method,mct,0.9,0.5,gov.nasa.arc.mct.gui.housing.TestInspector,72,0,0,0,1,1,1
CLLC,method,mct,0.9,0.5,gov.nasa.arc.mct.gui.housing.TestInspector,72,0,0,0,1,1,1
LDC,method,mct,0.9,0.5,gov.nasa.arc.mct.gui.housing.TestInspector,72,0,0,0,1,1,1
LLDC,method,mct,0.9,0.5,gov.nasa.arc.mct.gui.housing.TestInspector,72,0,0,0,1,1,1
HCPL,method,mct,0.9,0.5,gov.nasa.arc.mct.gui.housing.TestInspector,72,0,0,0,1,1,1
HDIF,method,mct,0.9,0.5,gov.nasa.arc.mct.gui.housing.TestInspector,72,0,0,0,1,1,1
HEFF,method,mct,0.9,0.5,gov.nasa.arc.mct.gui.housing.TestInspector,72,0,0,0,1,1,1
HNDB,method,mct,0.9,0.5,gov.nasa.arc.mct.gui.housing.TestInspector,72,0,0,0,1,1,1
HPL,method,mct,0.9,0.5,gov.nasa.arc.mct.gui.housing.TestInspector,72,0,0,0,1,1,1
HPV,method,mct,0.9,0.5,gov.nasa.arc.mct.gui.housing.TestInspector,72,0,0,0,1,1,1
HTRP,method,mct,0.9,0.5,gov.nasa.arc.mct.gui.housing.TestInspector,72,0,0,0,1,1,1
HVOL,method,mct,0.9,0.5,gov.nasa.arc.mct.gui.housing.TestInspector,72,0,0,0,1,1,1
MI,method,mct,0.9,0.5,gov.nasa.arc.mct.gui.housing.TestInspector,72,0,0,0,1,1,1
MIMS,method,mct,0.9,0.5,gov.nasa.arc.mct.gui.housing.TestInspector,72,0,0,0,1,1,1
MISEI,method,mct,0.9,0.5,gov.nasa.arc.mct.gui.housing.TestInspector,72,0,0,0,1,1,1
MISM,method,mct,0.9,0.5,gov.nasa.arc.mct.gui.housing.TestInspector,72,0,0,0,1,1,1
McCC,method,mct,0.9,0.5,gov.nasa.arc.mct.gui.housing.TestInspector,72,0,0,0,1,1,1
NL,method,mct,0.9,0.5,gov.nasa.arc.mct.gui.housing.TestInspector,72,0,0,0,1,1,1
NLE,method,mct,0.9,0.5,gov.nasa.arc.mct.gui.housing.TestInspector,72,0,0,0,1,1,1
NII,method,mct,0.9,0.5,gov.nasa.arc.mct.gui.housing.TestInspector,72,0,0,0,1,1,1
NOI,method,mct,0.9,0.5,gov.nasa.arc.mct.gui.housing.TestInspector,72,0,0,0,1,1,1
CD,method,mct,0.9,0.5,gov.nasa.arc.mct.gui.housing.TestInspector,72,0,0,0,1,1,1
CLOC,method,mct,0.9,0.5,gov.nasa.arc.mct.gui.housing.TestInspector,72,0,0,0,1,1,1
DLOC,method,mct,0.9,0.5,gov.nasa.arc.mct.gui.housing.TestInspector,72,0,0,0,1,1,1
TCD,method,mct,0.9,0.5,gov.nasa.arc.mct.gui.housing.TestInspector,72,0,0,0,1,1,1
TCLOC,method,mct,0.9,0.5,gov.nasa.arc.mct.gui.housing.TestInspector,72,0,0,0,1,1,1
LLOC,method,mct,0.9,0.5,gov.nasa.arc.mct.gui.housing.TestInspector,72,0,0,0,1,1,1
LOC,method,mct,0.9,0.5,gov.nasa.arc.mct.gui.housing.TestInspector,72,0,0,0,1,1,1
NOS,method,mct,0.9,0.5,gov.nasa.arc.mct.gui.housing.TestInspector,72,0,0,0,1,1,1
NUMPAR,method,mct,0.9,0.5,gov.nasa.arc.mct.gui.housing.TestInspector,72,0,0,0,1,1,1
TLLOC,method,mct,0.9,0.5,gov.nasa.arc.mct.gui.housing.TestInspector,72,0,0,0,1,1,1
TLOC,method,mct,0.9,0.5,gov.nasa.arc.mct.gui.housing.TestInspector,72,0,0,0,1,1,1
TNOS,method,mct,0.9,0.5,gov.nasa.arc.mct.gui.housing.TestInspector,72,0,0,0,0,0,0
WarningBlocker,method,mct,0.9,0.5,gov.nasa.arc.mct.gui.housing.TestInspector,72,0,0,0,0,0,0
WarningCritical,method,mct,0.9,0.5,gov.nasa.arc.mct.gui.housing.TestInspector,72,0,0,0,0,0,0
WarningInfo,method,mct,0.9,0.5,gov.nasa.arc.mct.gui.housing.TestInspector,72,0,0,0,0,0,0
WarningMajor,method,mct,0.9,0.5,gov.nasa.arc.mct.gui.housing.TestInspector,72,0,0,0,0,0,0
WarningMinor,method,mct,0.9,0.5,gov.nasa.arc.mct.gui.housing.TestInspector,72,0,0,0,0,0,0
Android Rules,method,mct,0.9,0.5,gov.nasa.arc.mct.gui.housing.TestInspector,72,0,0,0,0,0,0
Basic Rules,method,mct,0.9,0.5,gov.nasa.arc.mct.gui.housing.TestInspector,72,0,0,0,0,0,0
Brace Rules,method,mct,0.9,0.5,gov.nasa.arc.mct.gui.housing.TestInspector,72,0,0,0,0,0,0
Clone Implementation Rules,method,mct,0.9,0.5,gov.nasa.arc.mct.gui.housing.TestInspector,72,0,0,0,0,0,0
Code Size Rules,method,mct,0.9,0.5,gov.nasa.arc.mct.gui.housing.TestInspector,72,0,0,0,0,0,0
Comment Rules,method,mct,0.9,0.5,gov.nasa.arc.mct.gui.housing.TestInspector,72,0,0,0,0,0,0
Controversial Rules,method,mct,0.9,0.5,gov.nasa.arc.mct.gui.housing.TestInspector,72,0,0,0,0,0,0
Coupling Rules,method,mct,0.9,0.5,gov.nasa.arc.mct.gui.housing.TestInspector,72,0,0,0,0,0,0
Design Rules,method,mct,0.9,0.5,gov.nasa.arc.mct.gui.housing.TestInspector,72,0,0,0,0,0,0
Empty Code Rules,method,mct,0.9,0.5,gov.nasa.arc.mct.gui.housing.TestInspector,72,0,0,0,0,0,0
Finalizer Rules,method,mct,0.9,0.5,gov.nasa.arc.mct.gui.housing.TestInspector,72,0,0,0,0,0,0
Import Statement Rules,method,mct,0.9,0.5,gov.nasa.arc.mct.gui.housing.TestInspector,72,0,0,0,0,0,0
J2EE Rules,method,mct,0.9,0.5,gov.nasa.arc.mct.gui.housing.TestInspector,72,0,0,0,0,0,0
JUnit Rules,method,mct,0.9,0.5,gov.nasa.arc.mct.gui.housing.TestInspector,72,0,0,0,0,0,0
Jakarta Commons Logging Rules,method,mct,0.9,0.5,gov.nasa.arc.mct.gui.housing.TestInspector,72,0,0,0,0,0,0
Java Logging Rules,method,mct,0.9,0.5,gov.nasa.arc.mct.gui.housing.TestInspector,72,0,0,0,0,0,0
JavaBean Rules,method,mct,0.9,0.5,gov.nasa.arc.mct.gui.housing.TestInspector,72,0,0,0,0,0,0
MigratingToJUnit4 Rules,method,mct,0.9,0.5,gov.nasa.arc.mct.gui.housing.TestInspector,72,0,0,0,0,0,0
Migration Rules,method,mct,0.9,0.5,gov.nasa.arc.mct.gui.housing.TestInspector,72,0,0,0,0,0,0
Migration13 Rules,method,mct,0.9,0.5,gov.nasa.arc.mct.gui.housing.TestInspector,72,0,0,0,0,0,0
Migration14 Rules,method,mct,0.9,0.5,gov.nasa.arc.mct.gui.housing.TestInspector,72,0,0,0,0,0,0
Migration15 Rules,method,mct,0.9,0.5,gov.nasa.arc.mct.gui.housing.TestInspector,72,0,0,0,0,0,0
Naming Rules,method,mct,0.9,0.5,gov.nasa.arc.mct.gui.housing.TestInspector,72,0,0,0,0,0,0
Optimization Rules,method,mct,0.9,0.5,gov.nasa.arc.mct.gui.housing.TestInspector,72,0,0,0,0,0,0
Security Code Guideline Rules,method,mct,0.9,0.5,gov.nasa.arc.mct.gui.housing.TestInspector,72,0,0,0,0,0,0
Strict Exception Rules,method,mct,0.9,0.5,gov.nasa.arc.mct.gui.housing.TestInspector,72,0,0,0,0,0,0
String and StringBuffer Rules,method,mct,0.9,0.5,gov.nasa.arc.mct.gui.housing.TestInspector,72,0,0,0,0,0,0
Type Resolution Rules,method,mct,0.9,0.5,gov.nasa.arc.mct.gui.housing.TestInspector,72,0,0,0,0,0,0
Unnecessary and Unused Code Rules,method,mct,0.9,0.5,gov.nasa.arc.mct.gui.housing.TestInspector,72,0,0,0,0,0,0
Vulnerability Rules,method,mct,0.9,0.5,gov.nasa.arc.mct.gui.housing.TestInspector,72,0,0,0,0,0,0
CC,method,mct,0.9,0.5,gov.nasa.arc.mct.fastplot.scatter.ScatterPlot$PlotLineWrapper,360,0,0,0,1,1,1
CCL,method,mct,0.9,0.5,gov.nasa.arc.mct.fastplot.scatter.ScatterPlot$PlotLineWrapper,360,0,0,0,1,1,1
CCO,method,mct,0.9,0.5,gov.nasa.arc.mct.fastplot.scatter.ScatterPlot$PlotLineWrapper,360,0,0,0,1,1,1
CI,method,mct,0.9,0.5,gov.nasa.arc.mct.fastplot.scatter.ScatterPlot$PlotLineWrapper,360,0,0,0,1,1,1
CLC,method,mct,0.9,0.5,gov.nasa.arc.mct.fastplot.scatter.ScatterPlot$PlotLineWrapper,360,0,0,0,1,1,1
CLLC,method,mct,0.9,0.5,gov.nasa.arc.mct.fastplot.scatter.ScatterPlot$PlotLineWrapper,360,0,0,0,1,1,1
LDC,method,mct,0.9,0.5,gov.nasa.arc.mct.fastplot.scatter.ScatterPlot$PlotLineWrapper,360,0,0,0,1,1,1
LLDC,method,mct,0.9,0.5,gov.nasa.arc.mct.fastplot.scatter.ScatterPlot$PlotLineWrapper,360,0,0,0,1,1,1
HCPL,method,mct,0.9,0.5,gov.nasa.arc.mct.fastplot.scatter.ScatterPlot$PlotLineWrapper,360,1,1,1,1,1,1
HDIF,method,mct,0.9,0.5,gov.nasa.arc.mct.fastplot.scatter.ScatterPlot$PlotLineWrapper,360,1,1,1,1,1,1
HEFF,method,mct,0.9,0.5,gov.nasa.arc.mct.fastplot.scatter.ScatterPlot$PlotLineWrapper,360,1,1,1,1,1,1
HNDB,method,mct,0.9,0.5,gov.nasa.arc.mct.fastplot.scatter.ScatterPlot$PlotLineWrapper,360,1,1,1,1,1,1
HPL,method,mct,0.9,0.5,gov.nasa.arc.mct.fastplot.scatter.ScatterPlot$PlotLineWrapper,360,1,1,1,1,1,1
HPV,method,mct,0.9,0.5,gov.nasa.arc.mct.fastplot.scatter.ScatterPlot$PlotLineWrapper,360,1,1,1,1,1,1
HTRP,method,mct,0.9,0.5,gov.nasa.arc.mct.fastplot.scatter.ScatterPlot$PlotLineWrapper,360,1,1,1,1,1,1
HVOL,method,mct,0.9,0.5,gov.nasa.arc.mct.fastplot.scatter.ScatterPlot$PlotLineWrapper,360,1,1,1,1,1,1
MI,method,mct,0.9,0.5,gov.nasa.arc.mct.fastplot.scatter.ScatterPlot$PlotLineWrapper,360,1,1,1,1,1,1
MIMS,method,mct,0.9,0.5,gov.nasa.arc.mct.fastplot.scatter.ScatterPlot$PlotLineWrapper,360,1,1,1,1,1,1
MISEI,method,mct,0.9,0.5,gov.nasa.arc.mct.fastplot.scatter.ScatterPlot$PlotLineWrapper,360,1,1,1,1,1,1
MISM,method,mct,0.9,0.5,gov.nasa.arc.mct.fastplot.scatter.ScatterPlot$PlotLineWrapper,360,1,1,1,1,1,1
McCC,method,mct,0.9,0.5,gov.nasa.arc.mct.fastplot.scatter.ScatterPlot$PlotLineWrapper,360,1,1,1,1,1,1
NL,method,mct,0.9,0.5,gov.nasa.arc.mct.fastplot.scatter.ScatterPlot$PlotLineWrapper,360,1,1,1,1,1,1
NLE,method,mct,0.9,0.5,gov.nasa.arc.mct.fastplot.scatter.ScatterPlot$PlotLineWrapper,360,1,1,1,1,1,1
NII,method,mct,0.9,0.5,gov.nasa.arc.mct.fastplot.scatter.ScatterPlot$PlotLineWrapper,360,0,0,0,1,1,1
NOI,method,mct,0.9,0.5,gov.nasa.arc.mct.fastplot.scatter.ScatterPlot$PlotLineWrapper,360,0,0,0,1,1,1
CD,method,mct,0.9,0.5,gov.nasa.arc.mct.fastplot.scatter.ScatterPlot$PlotLineWrapper,360,0,0,0,1,1,1
CLOC,method,mct,0.9,0.5,gov.nasa.arc.mct.fastplot.scatter.ScatterPlot$PlotLineWrapper,360,0,0,0,1,1,1
DLOC,method,mct,0.9,0.5,gov.nasa.arc.mct.fastplot.scatter.ScatterPlot$PlotLineWrapper,360,0,0,0,1,1,1
TCD,method,mct,0.9,0.5,gov.nasa.arc.mct.fastplot.scatter.ScatterPlot$PlotLineWrapper,360,0,0,0,1,1,1
TCLOC,method,mct,0.9,0.5,gov.nasa.arc.mct.fastplot.scatter.ScatterPlot$PlotLineWrapper,360,0,0,0,1,1,1
LLOC,method,mct,0.9,0.5,gov.nasa.arc.mct.fastplot.scatter.ScatterPlot$PlotLineWrapper,360,1,1,1,1,1,1
LOC,method,mct,0.9,0.5,gov.nasa.arc.mct.fastplot.scatter.ScatterPlot$PlotLineWrapper,360,1,1,1,1,1,1
NOS,method,mct,0.9,0.5,gov.nasa.arc.mct.fastplot.scatter.ScatterPlot$PlotLineWrapper,360,1,1,1,1,1,1
NUMPAR,method,mct,0.9,0.5,gov.nasa.arc.mct.fastplot.scatter.ScatterPlot$PlotLineWrapper,360,0,0,0,1,1,1
TLLOC,method,mct,0.9,0.5,gov.nasa.arc.mct.fastplot.scatter.ScatterPlot$PlotLineWrapper,360,1,1,1,1,1,1
TLOC,method,mct,0.9,0.5,gov.nasa.arc.mct.fastplot.scatter.ScatterPlot$PlotLineWrapper,360,1,1,1,1,1,1
TNOS,method,mct,0.9,0.5,gov.nasa.arc.mct.fastplot.scatter.ScatterPlot$PlotLineWrapper,360,0,0,0,0,0,0
WarningBlocker,method,mct,0.9,0.5,gov.nasa.arc.mct.fastplot.scatter.ScatterPlot$PlotLineWrapper,360,0,0,0,0,0,0
WarningCritical,method,mct,0.9,0.5,gov.nasa.arc.mct.fastplot.scatter.ScatterPlot$PlotLineWrapper,360,0,0,0,0,0,0
WarningInfo,method,mct,0.9,0.5,gov.nasa.arc.mct.fastplot.scatter.ScatterPlot$PlotLineWrapper,360,0,0,0,0,0,0
WarningMajor,method,mct,0.9,0.5,gov.nasa.arc.mct.fastplot.scatter.ScatterPlot$PlotLineWrapper,360,0,0,0,0,0,0
WarningMinor,method,mct,0.9,0.5,gov.nasa.arc.mct.fastplot.scatter.ScatterPlot$PlotLineWrapper,360,0,0,0,0,0,0
Android Rules,method,mct,0.9,0.5,gov.nasa.arc.mct.fastplot.scatter.ScatterPlot$PlotLineWrapper,360,0,0,0,0,0,0
Basic Rules,method,mct,0.9,0.5,gov.nasa.arc.mct.fastplot.scatter.ScatterPlot$PlotLineWrapper,360,0,0,0,0,0,0
Brace Rules,method,mct,0.9,0.5,gov.nasa.arc.mct.fastplot.scatter.ScatterPlot$PlotLineWrapper,360,0,0,0,0,0,0
Clone Implementation Rules,method,mct,0.9,0.5,gov.nasa.arc.mct.fastplot.scatter.ScatterPlot$PlotLineWrapper,360,0,0,0,0,0,0
Code Size Rules,method,mct,0.9,0.5,gov.nasa.arc.mct.fastplot.scatter.ScatterPlot$PlotLineWrapper,360,0,0,0,0,0,0
Comment Rules,method,mct,0.9,0.5,gov.nasa.arc.mct.fastplot.scatter.ScatterPlot$PlotLineWrapper,360,0,0,0,0,0,0
Controversial Rules,method,mct,0.9,0.5,gov.nasa.arc.mct.fastplot.scatter.ScatterPlot$PlotLineWrapper,360,0,0,0,0,0,0
Coupling Rules,method,mct,0.9,0.5,gov.nasa.arc.mct.fastplot.scatter.ScatterPlot$PlotLineWrapper,360,0,0,0,0,0,0
Design Rules,method,mct,0.9,0.5,gov.nasa.arc.mct.fastplot.scatter.ScatterPlot$PlotLineWrapper,360,0,0,0,0,0,0
Empty Code Rules,method,mct,0.9,0.5,gov.nasa.arc.mct.fastplot.scatter.ScatterPlot$PlotLineWrapper,360,0,0,0,0,0,0
Finalizer Rules,method,mct,0.9,0.5,gov.nasa.arc.mct.fastplot.scatter.ScatterPlot$PlotLineWrapper,360,0,0,0,0,0,0
Import Statement Rules,method,mct,0.9,0.5,gov.nasa.arc.mct.fastplot.scatter.ScatterPlot$PlotLineWrapper,360,0,0,0,0,0,0
J2EE Rules,method,mct,0.9,0.5,gov.nasa.arc.mct.fastplot.scatter.ScatterPlot$PlotLineWrapper,360,0,0,0,0,0,0
JUnit Rules,method,mct,0.9,0.5,gov.nasa.arc.mct.fastplot.scatter.ScatterPlot$PlotLineWrapper,360,0,0,0,0,0,0
Jakarta Commons Logging Rules,method,mct,0.9,0.5,gov.nasa.arc.mct.fastplot.scatter.ScatterPlot$PlotLineWrapper,360,0,0,0,0,0,0
Java Logging Rules,method,mct,0.9,0.5,gov.nasa.arc.mct.fastplot.scatter.ScatterPlot$PlotLineWrapper,360,0,0,0,0,0,0
JavaBean Rules,method,mct,0.9,0.5,gov.nasa.arc.mct.fastplot.scatter.ScatterPlot$PlotLineWrapper,360,0,0,0,0,0,0
MigratingToJUnit4 Rules,method,mct,0.9,0.5,gov.nasa.arc.mct.fastplot.scatter.ScatterPlot$PlotLineWrapper,360,0,0,0,0,0,0
Migration Rules,method,mct,0.9,0.5,gov.nasa.arc.mct.fastplot.scatter.ScatterPlot$PlotLineWrapper,360,0,0,0,0,0,0
Migration13 Rules,method,mct,0.9,0.5,gov.nasa.arc.mct.fastplot.scatter.ScatterPlot$PlotLineWrapper,360,0,0,0,0,0,0
Migration14 Rules,method,mct,0.9,0.5,gov.nasa.arc.mct.fastplot.scatter.ScatterPlot$PlotLineWrapper,360,0,0,0,0,0,0
Migration15 Rules,method,mct,0.9,0.5,gov.nasa.arc.mct.fastplot.scatter.ScatterPlot$PlotLineWrapper,360,0,0,0,0,0,0
Naming Rules,method,mct,0.9,0.5,gov.nasa.arc.mct.fastplot.scatter.ScatterPlot$PlotLineWrapper,360,0,0,0,0,0,0
Optimization Rules,method,mct,0.9,0.5,gov.nasa.arc.mct.fastplot.scatter.ScatterPlot$PlotLineWrapper,360,0,0,0,0,0,0
Security Code Guideline Rules,method,mct,0.9,0.5,gov.nasa.arc.mct.fastplot.scatter.ScatterPlot$PlotLineWrapper,360,0,0,0,0,0,0
Strict Exception Rules,method,mct,0.9,0.5,gov.nasa.arc.mct.fastplot.scatter.ScatterPlot$PlotLineWrapper,360,0,0,0,0,0,0
String and StringBuffer Rules,method,mct,0.9,0.5,gov.nasa.arc.mct.fastplot.scatter.ScatterPlot$PlotLineWrapper,360,0,0,0,0,0,0
Type Resolution Rules,method,mct,0.9,0.5,gov.nasa.arc.mct.fastplot.scatter.ScatterPlot$PlotLineWrapper,360,0,0,0,0,0,0
Unnecessary and Unused Code Rules,method,mct,0.9,0.5,gov.nasa.arc.mct.fastplot.scatter.ScatterPlot$PlotLineWrapper,360,0,0,0,0,0,0
Vulnerability Rules,method,mct,0.9,0.5,gov.nasa.arc.mct.fastplot.scatter.ScatterPlot$PlotLineWrapper,360,0,0,0,0,0,0
CC,method,mct,0.9,0.5,gov.nasa.arc.mct.fastplot.bridge.PlotLocalControlsManager,72,0,0,0,1,1,1
CCL,method,mct,0.9,0.5,gov.nasa.arc.mct.fastplot.bridge.PlotLocalControlsManager,72,0,0,0,1,1,1
CCO,method,mct,0.9,0.5,gov.nasa.arc.mct.fastplot.bridge.PlotLocalControlsManager,72,0,0,0,1,1,1
CI,method,mct,0.9,0.5,gov.nasa.arc.mct.fastplot.bridge.PlotLocalControlsManager,72,0,0,0,1,1,1
CLC,method,mct,0.9,0.5,gov.nasa.arc.mct.fastplot.bridge.PlotLocalControlsManager,72,0,0,0,1,1,1
CLLC,method,mct,0.9,0.5,gov.nasa.arc.mct.fastplot.bridge.PlotLocalControlsManager,72,0,0,0,1,1,1
LDC,method,mct,0.9,0.5,gov.nasa.arc.mct.fastplot.bridge.PlotLocalControlsManager,72,0,0,0,1,1,1
LLDC,method,mct,0.9,0.5,gov.nasa.arc.mct.fastplot.bridge.PlotLocalControlsManager,72,0,0,0,1,1,1
HCPL,method,mct,0.9,0.5,gov.nasa.arc.mct.fastplot.bridge.PlotLocalControlsManager,72,0,0,0,1,1,1
HDIF,method,mct,0.9,0.5,gov.nasa.arc.mct.fastplot.bridge.PlotLocalControlsManager,72,0,0,0,1,1,1
HEFF,method,mct,0.9,0.5,gov.nasa.arc.mct.fastplot.bridge.PlotLocalControlsManager,72,0,0,0,1,1,1
HNDB,method,mct,0.9,0.5,gov.nasa.arc.mct.fastplot.bridge.PlotLocalControlsManager,72,0,0,0,1,1,1
HPL,method,mct,0.9,0.5,gov.nasa.arc.mct.fastplot.bridge.PlotLocalControlsManager,72,0,0,0,1,1,1
HPV,method,mct,0.9,0.5,gov.nasa.arc.mct.fastplot.bridge.PlotLocalControlsManager,72,0,0,0,1,1,1
HTRP,method,mct,0.9,0.5,gov.nasa.arc.mct.fastplot.bridge.PlotLocalControlsManager,72,0,0,0,1,1,1
HVOL,method,mct,0.9,0.5,gov.nasa.arc.mct.fastplot.bridge.PlotLocalControlsManager,72,0,0,0,1,1,1
MI,method,mct,0.9,0.5,gov.nasa.arc.mct.fastplot.bridge.PlotLocalControlsManager,72,0,0,0,1,1,1
MIMS,method,mct,0.9,0.5,gov.nasa.arc.mct.fastplot.bridge.PlotLocalControlsManager,72,0,0,0,1,1,1
MISEI,method,mct,0.9,0.5,gov.nasa.arc.mct.fastplot.bridge.PlotLocalControlsManager,72,0,0,0,1,1,1
MISM,method,mct,0.9,0.5,gov.nasa.arc.mct.fastplot.bridge.PlotLocalControlsManager,72,0,0,0,1,1,1
McCC,method,mct,0.9,0.5,gov.nasa.arc.mct.fastplot.bridge.PlotLocalControlsManager,72,0,0,0,1,1,1
NL,method,mct,0.9,0.5,gov.nasa.arc.mct.fastplot.bridge.PlotLocalControlsManager,72,0,0,0,1,1,1
NLE,method,mct,0.9,0.5,gov.nasa.arc.mct.fastplot.bridge.PlotLocalControlsManager,72,0,0,0,1,1,1
NII,method,mct,0.9,0.5,gov.nasa.arc.mct.fastplot.bridge.PlotLocalControlsManager,72,0,0,0,1,1,1
NOI,method,mct,0.9,0.5,gov.nasa.arc.mct.fastplot.bridge.PlotLocalControlsManager,72,0,0,0,1,1,1
CD,method,mct,0.9,0.5,gov.nasa.arc.mct.fastplot.bridge.PlotLocalControlsManager,72,0,0,0,1,1,1
CLOC,method,mct,0.9,0.5,gov.nasa.arc.mct.fastplot.bridge.PlotLocalControlsManager,72,0,0,0,1,1,1
DLOC,method,mct,0.9,0.5,gov.nasa.arc.mct.fastplot.bridge.PlotLocalControlsManager,72,0,0,0,1,1,1
TCD,method,mct,0.9,0.5,gov.nasa.arc.mct.fastplot.bridge.PlotLocalControlsManager,72,0,0,0,1,1,1
TCLOC,method,mct,0.9,0.5,gov.nasa.arc.mct.fastplot.bridge.PlotLocalControlsManager,72,0,0,0,1,1,1
LLOC,method,mct,0.9,0.5,gov.nasa.arc.mct.fastplot.bridge.PlotLocalControlsManager,72,0,0,0,1,1,1
LOC,method,mct,0.9,0.5,gov.nasa.arc.mct.fastplot.bridge.PlotLocalControlsManager,72,0,0,0,1,1,1
NOS,method,mct,0.9,0.5,gov.nasa.arc.mct.fastplot.bridge.PlotLocalControlsManager,72,0,0,0,1,1,1
NUMPAR,method,mct,0.9,0.5,gov.nasa.arc.mct.fastplot.bridge.PlotLocalControlsManager,72,0,0,0,1,1,1
TLLOC,method,mct,0.9,0.5,gov.nasa.arc.mct.fastplot.bridge.PlotLocalControlsManager,72,0,0,0,1,1,1
TLOC,method,mct,0.9,0.5,gov.nasa.arc.mct.fastplot.bridge.PlotLocalControlsManager,72,0,0,0,1,1,1
TNOS,method,mct,0.9,0.5,gov.nasa.arc.mct.fastplot.bridge.PlotLocalControlsManager,72,0,0,0,0,0,0
WarningBlocker,method,mct,0.9,0.5,gov.nasa.arc.mct.fastplot.bridge.PlotLocalControlsManager,72,0,0,0,0,0,0
WarningCritical,method,mct,0.9,0.5,gov.nasa.arc.mct.fastplot.bridge.PlotLocalControlsManager,72,0,0,0,0,0,0
WarningInfo,method,mct,0.9,0.5,gov.nasa.arc.mct.fastplot.bridge.PlotLocalControlsManager,72,0,0,0,0,0,0
WarningMajor,method,mct,0.9,0.5,gov.nasa.arc.mct.fastplot.bridge.PlotLocalControlsManager,72,0,0,0,0,0,0
WarningMinor,method,mct,0.9,0.5,gov.nasa.arc.mct.fastplot.bridge.PlotLocalControlsManager,72,0,0,0,0,0,0
Android Rules,method,mct,0.9,0.5,gov.nasa.arc.mct.fastplot.bridge.PlotLocalControlsManager,72,0,0,0,0,0,0
Basic Rules,method,mct,0.9,0.5,gov.nasa.arc.mct.fastplot.bridge.PlotLocalControlsManager,72,0,0,0,0,0,0
Brace Rules,method,mct,0.9,0.5,gov.nasa.arc.mct.fastplot.bridge.PlotLocalControlsManager,72,0,0,0,0,0,0
Clone Implementation Rules,method,mct,0.9,0.5,gov.nasa.arc.mct.fastplot.bridge.PlotLocalControlsManager,72,0,0,0,0,0,0
Code Size Rules,method,mct,0.9,0.5,gov.nasa.arc.mct.fastplot.bridge.PlotLocalControlsManager,72,0,0,0,0,0,0
Comment Rules,method,mct,0.9,0.5,gov.nasa.arc.mct.fastplot.bridge.PlotLocalControlsManager,72,0,0,0,0,0,0
Controversial Rules,method,mct,0.9,0.5,gov.nasa.arc.mct.fastplot.bridge.PlotLocalControlsManager,72,0,0,0,0,0,0
Coupling Rules,method,mct,0.9,0.5,gov.nasa.arc.mct.fastplot.bridge.PlotLocalControlsManager,72,0,0,0,0,0,0
Design Rules,method,mct,0.9,0.5,gov.nasa.arc.mct.fastplot.bridge.PlotLocalControlsManager,72,0,0,0,0,0,0
Empty Code Rules,method,mct,0.9,0.5,gov.nasa.arc.mct.fastplot.bridge.PlotLocalControlsManager,72,0,0,0,0,0,0
Finalizer Rules,method,mct,0.9,0.5,gov.nasa.arc.mct.fastplot.bridge.PlotLocalControlsManager,72,0,0,0,0,0,0
Import Statement Rules,method,mct,0.9,0.5,gov.nasa.arc.mct.fastplot.bridge.PlotLocalControlsManager,72,0,0,0,0,0,0
J2EE Rules,method,mct,0.9,0.5,gov.nasa.arc.mct.fastplot.bridge.PlotLocalControlsManager,72,0,0,0,0,0,0
JUnit Rules,method,mct,0.9,0.5,gov.nasa.arc.mct.fastplot.bridge.PlotLocalControlsManager,72,0,0,0,0,0,0
Jakarta Commons Logging Rules,method,mct,0.9,0.5,gov.nasa.arc.mct.fastplot.bridge.PlotLocalControlsManager,72,0,0,0,0,0,0
Java Logging Rules,method,mct,0.9,0.5,gov.nasa.arc.mct.fastplot.bridge.PlotLocalControlsManager,72,0,0,0,0,0,0
JavaBean Rules,method,mct,0.9,0.5,gov.nasa.arc.mct.fastplot.bridge.PlotLocalControlsManager,72,0,0,0,0,0,0
MigratingToJUnit4 Rules,method,mct,0.9,0.5,gov.nasa.arc.mct.fastplot.bridge.PlotLocalControlsManager,72,0,0,0,0,0,0
Migration Rules,method,mct,0.9,0.5,gov.nasa.arc.mct.fastplot.bridge.PlotLocalControlsManager,72,0,0,0,0,0,0
Migration13 Rules,method,mct,0.9,0.5,gov.nasa.arc.mct.fastplot.bridge.PlotLocalControlsManager,72,0,0,0,0,0,0
Migration14 Rules,method,mct,0.9,0.5,gov.nasa.arc.mct.fastplot.bridge.PlotLocalControlsManager,72,0,0,0,0,0,0
Migration15 Rules,method,mct,0.9,0.5,gov.nasa.arc.mct.fastplot.bridge.PlotLocalControlsManager,72,0,0,0,0,0,0
Naming Rules,method,mct,0.9,0.5,gov.nasa.arc.mct.fastplot.bridge.PlotLocalControlsManager,72,0,0,0,0,0,0
Optimization Rules,method,mct,0.9,0.5,gov.nasa.arc.mct.fastplot.bridge.PlotLocalControlsManager,72,0,0,0,0,0,0
Security Code Guideline Rules,method,mct,0.9,0.5,gov.nasa.arc.mct.fastplot.bridge.PlotLocalControlsManager,72,0,0,0,0,0,0
Strict Exception Rules,method,mct,0.9,0.5,gov.nasa.arc.mct.fastplot.bridge.PlotLocalControlsManager,72,0,0,0,0,0,0
String and StringBuffer Rules,method,mct,0.9,0.5,gov.nasa.arc.mct.fastplot.bridge.PlotLocalControlsManager,72,0,0,0,0,0,0
Type Resolution Rules,method,mct,0.9,0.5,gov.nasa.arc.mct.fastplot.bridge.PlotLocalControlsManager,72,0,0,0,0,0,0
Unnecessary and Unused Code Rules,method,mct,0.9,0.5,gov.nasa.arc.mct.fastplot.bridge.PlotLocalControlsManager,72,0,0,0,0,0,0
Vulnerability Rules,method,mct,0.9,0.5,gov.nasa.arc.mct.fastplot.bridge.PlotLocalControlsManager,72,0,0,0,0,0,0
