Hash,LongName,McCC,CLOC,PDA,PUA,LLOC,LOC,Number of Bugs
3fe9cfee74b1313c6f88b46a92a6e947ec101f60,src/main/java/com/gmail/nossr50/commands/party/PartyJoinCommand.java,12,0,0,2,69,94,Bag
b3cd5486d60d6092cb25fc7ccf39c4d6624a24f2,src/main/java/com/gmail/nossr50/skills/taming/TrackedTamingEntity.java,5,0,0,2,55,70,NoBug
56b57da077e28b83eaf2c53c7af191d1451ef010,src/main/java/com/gmail/nossr50/util/HardcoreManager.java,13,0,2,3,85,125,NoBug
8dfa8c20f32e391c3d299abc51514a6601ed6e80,src/main/java/com/gmail/nossr50/skills/taming/TamingManager.java,34,0,7,2,169,269,Bag
b4637a825eb91b9425f7a72d4393b9700fb12b44,src/main/java/com/gmail/nossr50/listeners/mcEntityListener.java,41,0,1,6,155,263,Bag
4889769522d0daba523cd1785f3dc488dacf4aa3,src/main/java/com/gmail/nossr50/datatypes/player/McMMOPlayer.java,61,0,25,61,539,869,NoBug
385fe1bb053cbaf2e2d74e0ebc9fc104efb35012,src/main/java/com/gmail/nossr50/listeners/InventoryListener.java,64,0,0,12,275,359,NoBug
ae8b70be0f984e3a0a3283dc4059d66f86116843,src/main/java/com/gmail/nossr50/listeners/InventoryListener.java,28,0,0,8,117,151,NoBug
4210920c5f30dec16b7b5e4e1ee2d07c2b352993,src/main/java/com/gmail/nossr50/skills/fishing/FishingManager.java,41,0,6,3,191,304,Bag
8993c715771eb7d8e38cb700026927852e63cd2a,src/main/java/com/gmail/nossr50/commands/party/teleport/PtpAcceptCommand.java,10,0,0,2,53,65,Bag
fb8592495d54013325bf73a1bee771ec242d9315,src/main/java/com/gmail/nossr50/datatypes/database/UpgradeType.java,1,0,0,1,10,12,Bag
36ae84eadaa74f0c161acb7b136d2aacad919011,src/main/java/com/gmail/nossr50/skills/repair/config/RepairConfig.java,32,0,0,2,125,162,NoBug
87ac1002de7e3c0dd3bf4f89bdebbfd2c62c3f30,src/main/java/com/gmail/nossr50/skills/taming/TamingManager.java,30,0,7,12,190,285,Bag
c10525ada9ed2c0b77c518089a300e3b4e32e7c1,src/main/java/com/gmail/nossr50/runnables/database/SQLDatabaseKeepaliveTask.java,2,0,1,2,19,40,Bag
8dfa8c20f32e391c3d299abc51514a6601ed6e80,src/main/java/com/gmail/nossr50/skills/swords/SerratedStrikesEventHandler.java,1,0,0,1,20,26,Bag
7e67505dfbc714b85abe4b7b762e245f2b173c75,src/main/java/com/gmail/nossr50/runnables/commands/MctopCommandAsyncTask.java,1,0,0,3,24,34,Bag
70231b6ae0c1807324ad9bd9ccdea88c1b2357ab,src/main/java/com/gmail/nossr50/config/mods/CustomArmorConfig.java,10,0,0,4,75,95,Bag
c10525ada9ed2c0b77c518089a300e3b4e32e7c1,src/main/java/com/gmail/nossr50/api/ExperienceAPI.java,13,0,51,2,284,984,Bag
340c47eebdd5a7e0cf627b967fea7cca7f9d424f,src/main/java/com/gmail/nossr50/party/commands/PartyCreateCommand.java,7,0,0,2,47,62,NoBug
de46277bea12139cd7e963b481c0cfd30b5b8955,src/main/java/com/gmail/nossr50/mcMMO.java,24,0,2,16,282,379,Bag
fcb8909a54feee462d17b59566323721e0e1b8e6,src/main/java/com/gmail/nossr50/config/Config.java,63,0,29,107,341,502,Bag
98b98256b794af72965f40a1b1166037d50189e7,src/main/java/com/gmail/nossr50/skills/fishing/FishingManager.java,75,0,6,9,357,531,Bag
f096e915cf4bc1b330deb9e3bab39f8c63612cf7,src/main/java/com/gmail/nossr50/commands/party/alliance/PartyAllianceCommand.java,14,0,0,3,108,137,Bag
037022b175407ef7373ed0172adf0f8aba2d7ce3,src/main/java/com/gmail/nossr50/listeners/PlayerListener.java,117,0,15,3,461,715,Bag
254f3b5ac9da8b376605e45861ae3148bfc42e7c,src/main/java/com/gmail/nossr50/skills/alchemy/AlchemyPotionBrewer.java,43,0,0,8,178,229,Bag
8dfa8c20f32e391c3d299abc51514a6601ed6e80,src/main/java/com/gmail/nossr50/listeners/EntityListener.java,65,0,8,2,258,384,Bag
b4637a825eb91b9425f7a72d4393b9700fb12b44,src/main/java/com/gmail/nossr50/Combat.java,115,0,3,6,338,464,Bag
68da48e19f1023f13b407856ab18450febb3ed7d,src/main/java/com/gmail/nossr50/listeners/mcBlockListener.java,130,0,0,6,358,482,Bag
0cd0919447af59aab9f6d0aba112ffe077204296,src/main/java/com/gmail/nossr50/config/treasure/TreasureConfig.java,66,0,0,2,282,348,NoBug
284bab397a98cfe5489c32aa8222776ebec84823,src/main/java/com/gmail/nossr50/commands/admin/XprateCommand.java,15,0,0,2,80,96,Bag
3b05bb96e36af09bf58f84f3bd49938d7826d807,src/main/java/com/gmail/nossr50/chat/commands/AdminChatCommand.java,2,0,0,2,23,29,NoBug
7814fa8d46b5e364065b3dfbdeb9948dd2812eba,src/main/java/com/gmail/nossr50/commands/player/MctopCommand.java,16,0,0,2,93,116,NoBug
74d9fa422f473f9e79a9bab865c5af6e329bdbd5,src/main/java/com/gmail/nossr50/spout/SpoutStart.java,3,0,0,3,28,39,Bag
04a02cfdc8dacfaa91ab253621d5685ec5c1a2de,src/main/java/com/gmail/nossr50/skills/alchemy/AlchemyPotionBrewer.java,44,0,0,8,178,229,NoBug
e9425625e269cf234c276ccd06e6082db5b5e3f8,src/main/java/com/gmail/nossr50/skills/utilities/CombatTools.java,147,0,5,1,430,590,NoBug
7814fa8d46b5e364065b3dfbdeb9948dd2812eba,src/main/java/com/gmail/nossr50/commands/spout/XplockCommand.java,7,0,0,1,52,65,NoBug
e5e19f77b98676900d92327c43a50fa63c250959,src/main/java/com/gmail/nossr50/config/Config.java,8,0,28,200,307,416,NoBug
906609696ba9474feaea2fb501e669f69f8cbdba,src/main/java/com/gmail/nossr50/util/BlockUtils.java,89,0,15,1,199,328,NoBug
598c507849319bfc6180dfcb56be3cc6e90deef6,src/main/java/com/gmail/nossr50/skills/WoodCutting.java,44,0,0,7,176,220,Bag
9618e45a1181b8d474fdae56e75e84aa1b988274,src/main/java/com/gmail/nossr50/util/ModUtils.java,57,0,13,3,173,295,Bag
87df536a1f09da85c98252e3d22938ac2e15f6ca,src/main/java/com/gmail/nossr50/commands/experience/AddlevelsCommand.java,1,0,0,1,28,36,Bag
833bc1b25101e20c3a5a49bd6ff7a62929e242df,src/main/java/com/gmail/nossr50/skills/alchemy/AlchemyPotionBrewer.java,43,0,0,8,177,228,NoBug
fb8592495d54013325bf73a1bee771ec242d9315,src/main/java/com/gmail/nossr50/commands/database/ConvertDatabaseCommand.java,10,0,0,2,58,75,Bag
4a0e1ba4440f142896a940942d5671138119f14b,src/main/java/com/gmail/nossr50/locale/LocaleLoader.java,9,0,1,4,90,116,Bag
a49d373af09569a91f4094618d122b0a80a275a3,src/main/java/com/gmail/nossr50/runnables/skills/KrakenAttackTask.java,10,0,0,4,76,95,Bag
7e67505dfbc714b85abe4b7b762e245f2b173c75,src/main/java/com/gmail/nossr50/util/skills/CombatUtils.java,137,0,7,2,490,689,Bag
aadfb22f0016f11b086da1167c82aa5a509c43b3,src/main/java/com/gmail/nossr50/Combat.java,113,0,0,7,319,421,Bag
3fe9cfee74b1313c6f88b46a92a6e947ec101f60,src/main/java/com/gmail/nossr50/commands/party/PartyChangeOwnerCommand.java,3,0,0,2,27,34,Bag
c14ceab24d5e27aa7a6cebd35b76e70541a459d3,src/main/java/com/gmail/nossr50/listeners/InventoryListener.java,29,0,0,8,124,161,NoBug
e31b7d5c48d30f0e79bfc1aaf954cd7d3b9236fa,src/main/java/com/gmail/nossr50/listeners/InventoryListener.java,28,0,0,8,113,148,Bag
f3fd48d0c0754d8096800780d70636d1fd0a3d98,src/main/java/com/gmail/nossr50/runnables/skills/AlchemyBrewCheckTask.java,8,0,0,3,32,41,Bag
c10525ada9ed2c0b77c518089a300e3b4e32e7c1,src/main/java/com/gmail/nossr50/listeners/PlayerListener.java,118,0,15,3,463,717,Bag
7e241e39935ebc116fa7caf528531fafec1fc562,src/main/java/com/gmail/nossr50/skills/repair/RepairManager.java,45,0,5,4,225,352,Bag
3365da7f8d35a2f9341a8f98e6a89f6836da581b,src/main/java/com/gmail/nossr50/listeners/BlockListener.java,92,0,7,2,240,353,Bag
c10525ada9ed2c0b77c518089a300e3b4e32e7c1,src/main/java/com/gmail/nossr50/util/Misc.java,12,0,3,9,81,129,Bag
6fea7c8d746973eb05ba180fadcbd4064a081c7e,src/main/java/com/gmail/nossr50/util/MobHealthbarUtils.java,20,0,2,1,108,153,Bag
3fe9cfee74b1313c6f88b46a92a6e947ec101f60,src/main/java/com/gmail/nossr50/util/player/UserManager.java,4,0,6,3,53,100,Bag
be4e62fe9dbb77ddb3ff0f5a658fd775dd496a11,src/main/java/com/gmail/nossr50/commands/party/PtpCommand.java,10,0,0,3,70,89,NoBug
14daee3b1bd105a998a4c15b737661e4278705e0,src/main/java/com/gmail/nossr50/skills/taming/TamingManager.java,29,0,7,12,175,267,Bag
618cfad10083cbd94c52bef0764f402d03a8555c,src/main/java/com/gmail/nossr50/listeners/PlayerListener.java,118,0,15,3,460,714,Bag
886515400dc845c996075c9f6e6240dd4c8c8c31,src/main/java/com/gmail/nossr50/database/commands/McremoveCommand.java,5,0,0,2,38,46,Bag
df77b9d0ed4fa299a3804c619aa740012fd31b0c,src/main/java/com/gmail/nossr50/skills/fishing/FishingManager.java,88,0,6,10,423,618,Bag
dec3c10ec11dd045c5c7a79c861788be531d1b9b,src/main/java/com/gmail/nossr50/config/Config.java,9,0,30,207,321,440,Bag
598c507849319bfc6180dfcb56be3cc6e90deef6,src/main/java/com/gmail/nossr50/listeners/mcBlockListener.java,108,0,0,6,299,403,Bag
a0208902447a6a54a699c3224219aa1ce8baf98a,src/main/java/com/gmail/nossr50/skills/woodcutting/Woodcutting.java,25,0,0,1,123,224,Bag
e5cc06e8227da4227d70233bae023a5b018e5da1,src/main/java/com/gmail/nossr50/util/Database.java,41,0,7,2,283,402,Bag
8dfa8c20f32e391c3d299abc51514a6601ed6e80,src/main/java/com/gmail/nossr50/skills/acrobatics/RollEventHandler.java,7,0,0,1,70,98,Bag
f096e915cf4bc1b330deb9e3bab39f8c63612cf7,src/main/java/com/gmail/nossr50/commands/ToggleCommand.java,9,0,0,3,61,77,Bag
b4a3ddba3cc936c385bc309ac97012ef2b108211,src/main/java/com/gmail/nossr50/skills/Mining.java,127,0,1,6,449,536,NoBug
93548317293e2c6c5195544b99d4ce7d900abea1,src/main/java/com/gmail/nossr50/commands/general/AddxpCommand.java,14,0,1,2,111,136,Bag
c10525ada9ed2c0b77c518089a300e3b4e32e7c1,src/main/java/com/gmail/nossr50/runnables/database/UUIDFetcherRunnable.java,3,0,0,4,41,52,Bag
1647ef4fae54177ed24f2dc4c4bae9d1a266fc97,src/main/java/com/gmail/nossr50/util/skills/CombatUtils.java,120,0,7,3,421,601,Bag
9278ca4d27c0211aa886f7f6c4cb206c3cfcc998,src/main/java/com/gmail/nossr50/commands/general/StatsCommand.java,20,0,0,3,82,103,NoBug
d93c83f77550fe6c070c96d648edb339189456a7,src/main/java/com/gmail/nossr50/chat/PartyChatManager.java,6,0,0,3,39,51,Bag
18a5ec73d7904b0b3d22a2eda73aa96ecd2d97e1,src/main/java/com/gmail/nossr50/util/skills/CombatUtils.java,120,0,7,3,421,601,Bag
0aa67727f54ef079d925f2d9c7977aff935fa1bd,src/main/java/com/gmail/nossr50/listeners/EntityListener.java,128,0,13,4,459,653,NoBug
fb8592495d54013325bf73a1bee771ec242d9315,src/main/java/com/gmail/nossr50/database/DatabaseManager.java,1,0,11,1,23,105,Bag
7479a022208c2a49cfac9e30a3b1e93506dc6595,src/main/java/com/gmail/nossr50/listeners/PlayerListener.java,109,0,15,2,427,677,Bag
07f9b287e7a36a7f173c596516f0aba9292dd60f,src/main/java/com/gmail/nossr50/commands/experience/ExperienceCommand.java,22,0,0,3,137,170,NoBug
b50ba9c02edbf8418b4c065589dd242438333838,src/main/java/com/gmail/nossr50/runnables/skills/AlchemyBrewCheckTask.java,8,0,0,3,32,43,Bag
44626c36a9fa09e074d9795ec71f8fb99d9be31c,src/main/java/com/gmail/nossr50/skills/axes/AxesManager.java,19,0,5,8,94,150,Bag
9730cdb880ba45ebd96c1cffab6c242310a18743,src/main/java/com/gmail/nossr50/util/commands/CommandUtils.java,23,0,3,17,145,203,Bag
4210920c5f30dec16b7b5e4e1ee2d07c2b352993,src/main/java/com/gmail/nossr50/skills/taming/TamingManager.java,19,0,6,11,132,204,Bag
8dfa8c20f32e391c3d299abc51514a6601ed6e80,src/main/java/com/gmail/nossr50/skills/taming/CallOfTheWildEventHandler.java,6,0,0,1,70,86,Bag
c10525ada9ed2c0b77c518089a300e3b4e32e7c1,src/main/java/com/gmail/nossr50/database/DatabaseManager.java,1,0,13,3,29,136,Bag
f6e9fd9f3aba98d0c30ef070b5be926def99caa1,src/main/java/com/gmail/nossr50/skills/repair/RepairManager.java,48,0,5,4,244,380,Bag
9618e45a1181b8d474fdae56e75e84aa1b988274,src/main/java/com/gmail/nossr50/skills/mining/MiningManager.java,39,0,10,7,191,297,Bag
eddadcc179c548bd0f34c68bb8c0a8df9b2bff23,src/main/java/com/gmail/nossr50/listeners/EntityListener.java,130,0,13,4,455,648,NoBug
f3fd48d0c0754d8096800780d70636d1fd0a3d98,src/main/java/com/gmail/nossr50/runnables/skills/AlchemyBrewTask.java,13,0,0,5,79,104,Bag
fb8592495d54013325bf73a1bee771ec242d9315,src/main/java/com/gmail/nossr50/api/ExperienceAPI.java,9,0,37,3,196,702,Bag
8059636b62fbcc664002b183b801e37ecf58790c,src/main/java/com/gmail/nossr50/skills/archery/ArcheryManager.java,9,0,4,5,66,112,Bag
ca6dc5195d079a4e76aed8811a3f6956a9f10339,src/main/java/com/gmail/nossr50/skills/archery/ArcheryManager.java,9,0,4,5,67,108,NoBug
7b3869e385ed0bff576132482ea4eb926fc723fc,src/main/java/com/gmail/nossr50/util/skills/CombatUtils.java,128,0,7,4,434,618,Bag
8cf16d4a1c57be03f9b1bbe5c25e6a4f21cd2494,src/main/java/com/gmail/nossr50/database/LeaderboardManager.java,53,0,2,6,292,373,Bag
f3db90b6a9ba7d4cbfd1659f5f0ea29a8466c664,src/main/java/com/gmail/nossr50/skills/alchemy/AlchemyPotionBrewer.java,74,0,0,6,287,364,NoBug
973279ed40d7d21aa5eaacb55a70d9c086f226a8,src/main/java/com/gmail/nossr50/datatypes/McMMOPlayer.java,28,0,6,11,166,243,NoBug
fb8592495d54013325bf73a1bee771ec242d9315,src/main/java/com/gmail/nossr50/datatypes/player/McMMOPlayer.java,76,0,23,65,597,930,Bag
37e3bfe7d94c828e220c1075ce412103382ddf4e,src/main/java/com/gmail/nossr50/config/Config.java,63,0,29,107,341,502,NoBug
74d9fa422f473f9e79a9bab865c5af6e329bdbd5,src/main/java/com/gmail/nossr50/spout/SpoutStuff.java,103,0,6,2,434,596,Bag
171026ba23d943366edc15f24d754f6d149f9b01,src/main/java/com/gmail/nossr50/skills/fishing/FishingManager.java,41,0,6,3,191,304,NoBug
be7992d5411324f8c86d59568a4207d5a4e71efa,src/main/java/com/gmail/nossr50/skills/taming/TamingManager.java,20,0,6,11,137,210,Bag
5c836cdaaf7fe54587c84bb9ec806e89e05d38cb,src/main/java/com/gmail/nossr50/party/PartyManager.java,62,0,29,4,355,653,Bag
886515400dc845c996075c9f6e6240dd4c8c8c31,src/main/java/com/gmail/nossr50/database/commands/MmoupdateCommand.java,4,0,0,2,34,45,Bag
8dfa8c20f32e391c3d299abc51514a6601ed6e80,src/main/java/com/gmail/nossr50/skills/taming/BeastLoreEventHandler.java,3,0,0,1,33,49,Bag
36f1a2d78a14104573a84f5e30d59e42c7161687,src/main/java/com/gmail/nossr50/util/BlockUtils.java,90,0,15,1,191,317,Bag
fb8592495d54013325bf73a1bee771ec242d9315,src/main/java/com/gmail/nossr50/config/HiddenConfig.java,3,0,0,8,43,55,Bag
9278ca4d27c0211aa886f7f6c4cb206c3cfcc998,src/main/java/com/gmail/nossr50/commands/general/MmoeditCommand.java,18,0,0,3,72,84,NoBug
2c8bfd6573a0d87c99752d8f879460a19745fe46,src/main/java/com/gmail/nossr50/commands/skills/AxesCommand.java,22,0,0,2,98,125,NoBug
93548317293e2c6c5195544b99d4ce7d900abea1,src/main/java/com/gmail/nossr50/commands/general/MmoeditCommand.java,13,0,0,2,94,114,Bag
6fea7c8d746973eb05ba180fadcbd4064a081c7e,src/main/java/com/gmail/nossr50/util/ModUtils.java,57,0,13,3,173,295,Bag
8059636b62fbcc664002b183b801e37ecf58790c,src/main/java/com/gmail/nossr50/datatypes/player/PlayerProfile.java,88,0,10,16,502,675,Bag
a1c1271d21fb7568c432ca66334985f9f42be17a,src/main/java/com/gmail/nossr50/database/SQLDatabaseManager.java,130,0,1,12,998,1265,Bag
973279ed40d7d21aa5eaacb55a70d9c086f226a8,src/main/java/com/gmail/nossr50/skills/Skills.java,99,0,16,4,320,519,NoBug
af64bdf7420aa6c95629e41a24c6bad6229b3709,src/main/java/com/gmail/nossr50/listeners/EntityListener.java,124,0,13,4,455,649,NoBug
dd8984314f0e9081cb18fbf24714a7f4ca19161b,src/main/java/com/gmail/nossr50/util/skills/CombatUtils.java,135,0,7,2,485,683,Bag
1a63fc76388bd6849c01198c6266501269b6a3d2,src/main/java/com/gmail/nossr50/listeners/InventoryListener.java,24,0,0,7,105,132,Bag
cdfb0da5c9b19120520070912f005c586a1b4d7b,src/main/java/com/gmail/nossr50/skills/taming/TamingManager.java,32,0,7,12,197,294,Bag
8dfa8c20f32e391c3d299abc51514a6601ed6e80,src/main/java/com/gmail/nossr50/skills/acrobatics/AcrobaticsEventHandler.java,2,0,0,1,30,62,Bag
f096e915cf4bc1b330deb9e3bab39f8c63612cf7,src/main/java/com/gmail/nossr50/commands/database/McremoveCommand.java,6,0,0,3,44,55,Bag
5b5b73cde0806b844c6183a696403af15ce87a6a,src/main/java/com/gmail/nossr50/listeners/InventoryListener.java,29,0,0,8,125,163,NoBug
190b7ee1f544a04c125c4fd4d728326f10d0ec0d,src/main/java/com/gmail/nossr50/listeners/EntityListener.java,100,0,10,3,370,529,Bag
a9ea2e01372eb2c12d16227f37474caddf048a65,src/main/java/com/gmail/nossr50/skills/gathering/WoodCutting.java,88,0,3,1,318,458,Bag
8dfa8c20f32e391c3d299abc51514a6601ed6e80,src/main/java/com/gmail/nossr50/skills/swords/CounterAttackEventHandler.java,2,0,0,1,35,46,Bag
2c8bfd6573a0d87c99752d8f879460a19745fe46,src/main/java/com/gmail/nossr50/commands/skills/HerbalismCommand.java,29,0,0,2,105,135,NoBug
9bd4a0a70762b8a2c01198511b1b8ccf2a36bbd8,src/main/java/com/gmail/nossr50/Combat.java,113,0,0,7,319,421,Bag
c10525ada9ed2c0b77c518089a300e3b4e32e7c1,src/main/java/com/gmail/nossr50/mcMMO.java,43,0,2,21,391,517,Bag
d3ec976f44305e36d59ff14ae38adaf1c0c31856,src/main/java/com/gmail/nossr50/util/skills/CombatUtils.java,152,0,7,1,422,601,Bag
9278ca4d27c0211aa886f7f6c4cb206c3cfcc998,src/main/java/com/gmail/nossr50/commands/party/ACommand.java,17,0,0,3,65,89,NoBug
6c70de6a5817202035a4c2ee5e603960e5192485,src/main/java/com/gmail/nossr50/skills/repair/RepairManager.java,55,0,7,7,269,417,Bag
bded936af5c421ea2f0d29cfd9d33c4ef283eec7,src/main/java/com/gmail/nossr50/skills/repair/config/RepairConfig.java,35,0,0,2,126,164,NoBug
afd706bed8e272736c721a6f47764bd2b42a5415,src/main/java/com/gmail/nossr50/commands/experience/ExperienceCommand.java,20,0,0,2,119,150,Bag
037022b175407ef7373ed0172adf0f8aba2d7ce3,src/main/java/com/gmail/nossr50/skills/unarmed/Unarmed.java,10,0,0,2,64,84,Bag
c10525ada9ed2c0b77c518089a300e3b4e32e7c1,src/main/java/com/gmail/nossr50/commands/experience/ConvertExperienceCommand.java,5,0,0,2,38,50,Bag
b1c1f0e21e6b5f48503e0cef84949a4ee8483826,src/main/java/com/gmail/nossr50/skills/salvage/SalvageManager.java,35,0,5,9,185,271,NoBug
802ad84613a6366f5efe234c1e853e356f12b655,src/main/java/com/gmail/nossr50/listeners/EntityListener.java,96,0,10,2,332,475,Bag
80cc22efff926e1c75db574541f797b52e91deb8,src/main/java/com/gmail/nossr50/skills/Repair.java,235,0,0,25,555,752,Bag
973279ed40d7d21aa5eaacb55a70d9c086f226a8,src/main/java/com/gmail/nossr50/commands/mc/McrankCommand.java,10,0,0,3,69,89,NoBug
0332c0f5e06228d3cfaf69918446eb794b14d082,src/main/java/com/gmail/nossr50/util/scoreboards/ScoreboardManager.java,34,0,10,14,282,406,Bag
64e1448782357db706dbab9b68b81ec51f3c4688,src/main/java/com/gmail/nossr50/listeners/EntityListener.java,110,0,11,4,402,574,Bag
0c61cc8bdcd8b065f5b7e778270e75881a4a6cf4,src/main/java/com/gmail/nossr50/skills/gathering/Fishing.java,92,0,4,1,362,491,Bag
8dfa8c20f32e391c3d299abc51514a6601ed6e80,src/main/java/com/gmail/nossr50/skills/gathering/Fishing.java,83,0,3,1,350,438,Bag
bded936af5c421ea2f0d29cfd9d33c4ef283eec7,src/main/java/com/gmail/nossr50/util/MobHealthbarUtils.java,24,0,3,1,120,174,NoBug
2c8bfd6573a0d87c99752d8f879460a19745fe46,src/main/java/com/gmail/nossr50/commands/skills/MiningCommand.java,36,0,0,2,162,188,NoBug
e5cc06e8227da4227d70233bae023a5b018e5da1,src/main/java/com/gmail/nossr50/config/Config.java,10,0,27,214,309,409,Bag
8dfa8c20f32e391c3d299abc51514a6601ed6e80,src/main/java/com/gmail/nossr50/skills/acrobatics/AcrobaticsManager.java,10,0,2,2,60,88,Bag
2b9b5df1ee87b7f1a5f5527c6242b87ed8d601f1,src/main/java/com/gmail/nossr50/util/skills/CombatUtils.java,136,0,8,9,503,718,NoBug
2c8bfd6573a0d87c99752d8f879460a19745fe46,src/main/java/com/gmail/nossr50/commands/skills/RepairCommand.java,40,0,0,2,132,168,NoBug
eddadcc179c548bd0f34c68bb8c0a8df9b2bff23,src/main/java/com/gmail/nossr50/util/skills/CombatUtils.java,147,0,8,9,536,755,NoBug
7a14e61762bd2b211ae6f4ef53b81452b381322c,src/main/java/com/gmail/nossr50/runnables/StickyPistonTrackerTask.java,3,0,0,3,27,37,Bag
72b106e71fc10aae994e5a4a6d393d54932be551,src/main/java/com/gmail/nossr50/util/commands/CommandUtils.java,32,0,5,17,176,276,Bag
70231b6ae0c1807324ad9bd9ccdea88c1b2357ab,src/main/java/com/gmail/nossr50/config/mods/CustomToolsConfig.java,10,0,0,3,82,102,Bag
29520dc95c4de321a5da6abb01a979ccc33239a9,src/main/java/com/gmail/nossr50/util/skills/CombatUtils.java,122,0,7,2,411,590,Bag
8059636b62fbcc664002b183b801e37ecf58790c,src/main/java/com/gmail/nossr50/party/PartyManager.java,56,0,22,2,307,545,Bag
3a5de8e2ce04816bc057f005dd53eca7878934db,src/main/java/com/gmail/nossr50/commands/skills/FishingCommand.java,36,0,0,2,154,198,NoBug
78109eb499e026df4c1d0d067d995e9b6fcb446a,src/main/java/com/gmail/nossr50/commands/player/McrankCommand.java,16,0,0,2,88,110,Bag
4486261413923e160268a0c0e35abcab46d5965f,src/main/java/com/gmail/nossr50/mcMMO.java,44,0,2,20,386,509,NoBug
7e92905618a3ed3864ca8e01437088d32a61e0b2,src/main/java/com/gmail/nossr50/skills/smelting/SmeltingManager.java,14,0,3,8,110,162,Bag
8dfa8c20f32e391c3d299abc51514a6601ed6e80,src/main/java/com/gmail/nossr50/skills/acrobatics/DodgeEventHandler.java,3,0,0,1,41,54,Bag
9bd4a0a70762b8a2c01198511b1b8ccf2a36bbd8,src/main/java/com/gmail/nossr50/skills/Axes.java,40,0,0,4,139,173,Bag
4aeda6e9e810f3c86f88976926d8055c00a53654,src/main/java/com/gmail/nossr50/util/BlockUtils.java,93,0,15,2,205,336,Bag
87df536a1f09da85c98252e3d22938ac2e15f6ca,src/main/java/com/gmail/nossr50/commands/experience/MmoeditCommand.java,1,0,0,1,28,36,Bag
c48ccae484ff8da16d6c2d318a19f7c441f65a01,src/main/java/com/gmail/nossr50/skills/excavation/Excavation.java,10,0,0,1,38,59,Bag
eddadcc179c548bd0f34c68bb8c0a8df9b2bff23,src/main/java/com/gmail/nossr50/mcMMO.java,45,0,2,21,407,536,NoBug
c10525ada9ed2c0b77c518089a300e3b4e32e7c1,src/main/java/com/gmail/nossr50/util/player/UserManager.java,9,0,5,6,70,119,Bag
cc6850b37d8d041e0f2eb10e144291d7b487792b,src/main/java/com/gmail/nossr50/skills/unarmed/Unarmed.java,1,0,0,1,16,23,Bag
886515400dc845c996075c9f6e6240dd4c8c8c31,src/main/java/com/gmail/nossr50/database/commands/McpurgeCommand.java,5,0,0,2,32,40,Bag
4210920c5f30dec16b7b5e4e1ee2d07c2b352993,src/main/java/com/gmail/nossr50/skills/smelting/SmeltingManager.java,15,0,3,6,83,126,Bag
2e2abcd645af7809a5b375494c0f78eabf0493f7,src/main/java/com/gmail/nossr50/skills/axes/AxesManager.java,18,0,5,8,94,150,Bag
71141a0f8d073c1a4facf78b733bfb39232192a3,src/main/java/com/gmail/nossr50/listeners/PlayerListener.java,108,0,15,2,428,675,Bag
1ec55c2d7ee21ae6542a944927790b148262ac4a,src/main/java/com/gmail/nossr50/util/Misc.java,33,0,8,13,188,301,Bag
8059636b62fbcc664002b183b801e37ecf58790c,src/main/java/com/gmail/nossr50/commands/party/PartyCommand.java,30,0,0,2,128,155,Bag
f6e9fd9f3aba98d0c30ef070b5be926def99caa1,src/main/java/com/gmail/nossr50/listeners/PlayerListener.java,97,0,13,3,384,568,Bag
4aeda6e9e810f3c86f88976926d8055c00a53654,src/main/java/com/gmail/nossr50/runnables/StickyPistonTrackerTask.java,3,0,0,3,28,38,Bag
67499eeff7499e3bf49d9f455a35a40948a7921e,src/main/java/com/gmail/nossr50/util/blockmeta/HashChunkletManager.java,51,0,0,19,295,385,Bag
93548317293e2c6c5195544b99d4ce7d900abea1,src/main/java/com/gmail/nossr50/commands/general/SkillResetCommand.java,7,0,0,2,42,60,Bag
5825eb169668f97626635c80c36c4de59870daa1,src/main/java/com/gmail/nossr50/commands/party/PartyCommand.java,51,0,0,3,197,235,Bag
9e39c3495dedb06b79dd8b7dcc3a4c6674fa385d,src/main/java/com/gmail/nossr50/commands/chat/PartyChatCommand.java,5,0,0,2,41,53,NoBug
97c95c1c49ba29af285de4206060464f655300f9,src/main/java/com/gmail/nossr50/skills/herbalism/HerbalismManager.java,64,0,6,9,285,403,Bag
e7e62b8d4000835a3f3d802e51ff2ea8516cdb15,src/main/java/com/gmail/nossr50/util/skills/CombatUtils.java,132,0,8,10,486,695,Bag
776821a9889155eac76ecda3c2d2bf0357d93abe,src/main/java/com/gmail/nossr50/listeners/PlayerListener.java,61,0,10,2,264,390,Bag
0de118701259f741c1507b1dc0e117c09efd4ec2,src/main/java/com/gmail/nossr50/config/experience/ExperienceConfig.java,49,0,18,17,202,326,Bag
b50ba9c02edbf8418b4c065589dd242438333838,src/main/java/com/gmail/nossr50/skills/alchemy/AlchemyPotionBrewer.java,74,0,0,6,279,354,Bag
c19d3fd0689b3a65b52e2f7dc9e290ed6dd76f49,src/main/java/com/gmail/nossr50/util/scoreboards/ScoreboardManager.java,32,0,0,11,249,323,NoBug
794071efb8f0bb4871d1457fcd039a0b6ca1aafc,src/main/java/com/gmail/nossr50/party/commands/PartyJoinCommand.java,15,0,0,2,80,106,NoBug
f62e053a84b1782e67f8ce968bd72f9452b7f73e,src/main/java/com/gmail/nossr50/commands/experience/AddxpCommand.java,2,0,0,1,33,41,Bag
ceacd7dc529a561ef8ec9bb873247936a8be96c9,src/main/java/com/gmail/nossr50/commands/party/PartyKickCommand.java,5,0,0,2,39,49,Bag
f096e915cf4bc1b330deb9e3bab39f8c63612cf7,src/main/java/com/gmail/nossr50/commands/party/teleport/PtpCommand.java,23,0,0,3,151,195,Bag
7a14e61762bd2b211ae6f4ef53b81452b381322c,src/main/java/com/gmail/nossr50/util/EventUtils.java,23,0,2,17,214,306,Bag
8dfa8c20f32e391c3d299abc51514a6601ed6e80,src/main/java/com/gmail/nossr50/skills/gathering/Excavation.java,20,0,2,1,99,139,Bag
62a767db898c70746a02c9507ee141b2c32da95a,src/main/java/com/gmail/nossr50/config/experience/ExperienceConfig.java,57,0,20,19,236,372,NoBug
44626c36a9fa09e074d9795ec71f8fb99d9be31c,src/main/java/com/gmail/nossr50/skills/unarmed/UnarmedManager.java,16,0,4,9,95,150,Bag
8e02b57369ffec8acff711d34d456e9da38c6614,src/main/java/com/gmail/nossr50/runnables/MobHealthDisplayUpdaterTask.java,3,0,0,3,25,31,NoBug
2c8bfd6573a0d87c99752d8f879460a19745fe46,src/main/java/com/gmail/nossr50/commands/skills/SwordsCommand.java,15,0,0,2,85,109,NoBug
fded7cad96b6ee04e3b027f66c8750e72d08fa88,src/main/java/com/gmail/nossr50/skills/Skills.java,130,0,0,20,378,443,Bag
98a64a09486028a678091b8014361ed2da3ee226,src/main/java/com/gmail/nossr50/skills/fishing/ShakeMob.java,35,0,2,1,179,234,Bag
9618e45a1181b8d474fdae56e75e84aa1b988274,src/main/java/com/gmail/nossr50/skills/mining/Mining.java,41,0,0,1,105,137,Bag
93548317293e2c6c5195544b99d4ce7d900abea1,src/main/java/com/gmail/nossr50/commands/mc/McgodCommand.java,4,0,0,2,29,39,Bag
b50ba9c02edbf8418b4c065589dd242438333838,src/main/java/com/gmail/nossr50/events/skills/alchemy/McMMOPlayerBrewEvent.java,2,0,0,6,28,38,Bag
6cfd81faf9090e001f50b023df64dff99186df5c,src/main/java/com/gmail/nossr50/skills/WoodCutting.java,44,0,0,7,174,219,Bag
939344816e71e6f68d2f4b2d8396168df4087d51,src/main/java/com/gmail/nossr50/Database.java,15,0,4,3,176,212,Bag
d8ddd27d716331ad98fb2442f362c046a786d5e9,src/main/java/com/gmail/nossr50/listeners/InventoryListener.java,35,0,0,9,149,191,Bag
a345737b8b6f45dbd84ddbe20c8cdb7b43bb143a,src/main/java/com/gmail/nossr50/util/ChimaeraWing.java,17,0,1,4,132,171,Bag
f096e915cf4bc1b330deb9e3bab39f8c63612cf7,src/main/java/com/gmail/nossr50/commands/experience/SkillresetCommand.java,20,0,1,2,131,168,Bag
8dfa8c20f32e391c3d299abc51514a6601ed6e80,src/main/java/com/gmail/nossr50/skills/gathering/BlastMining.java,40,0,4,1,199,310,Bag
158b3c43f87a08d413547edff4bf21ab54b249a3,src/main/java/com/gmail/nossr50/commands/party/PartyCommand.java,30,0,0,2,128,154,NoBug
48821a710f46b6036a62bd69da194e89f5b33f8f,src/main/java/com/gmail/nossr50/util/HardcoreManager.java,13,0,2,3,85,125,Bag
9bd4a0a70762b8a2c01198511b1b8ccf2a36bbd8,src/main/java/com/gmail/nossr50/skills/Fishing.java,225,0,1,4,768,835,Bag
eddadcc179c548bd0f34c68bb8c0a8df9b2bff23,src/main/java/com/gmail/nossr50/config/experience/ExperienceConfig.java,58,0,21,20,241,382,NoBug
340c47eebdd5a7e0cf627b967fea7cca7f9d424f,src/main/java/com/gmail/nossr50/party/commands/PartyAcceptCommand.java,5,0,0,2,38,50,NoBug
864a760e9c39abc42bc518142da4eeaa67cf6b2a,src/main/java/com/gmail/nossr50/util/scoreboards/ScoreboardManager.java,37,0,10,14,294,419,NoBug
93548317293e2c6c5195544b99d4ce7d900abea1,src/main/java/com/gmail/nossr50/commands/mc/McrefreshCommand.java,7,0,0,3,60,76,Bag
74d9fa422f473f9e79a9bab865c5af6e329bdbd5,src/main/java/com/gmail/nossr50/mcMMO.java,36,0,12,11,373,557,Bag
50e727d5912f3aa13225b4cf64fdb00a476cc89e,src/main/java/com/gmail/nossr50/listeners/EntityListener.java,138,0,13,4,469,705,Bag
7110e6ec3dfd4ff7dab4c89bc162b11bdc56c7e8,src/main/java/com/gmail/nossr50/skills/utilities/CombatTools.java,154,0,5,1,450,617,Bag
8dfa8c20f32e391c3d299abc51514a6601ed6e80,src/main/java/com/gmail/nossr50/skills/combat/Axes.java,22,0,3,1,110,180,Bag
f3fd48d0c0754d8096800780d70636d1fd0a3d98,src/main/java/com/gmail/nossr50/listeners/InventoryListener.java,62,0,0,12,272,354,Bag
4b9d472f10e2edc9ac26c0416948437cbfcb32e2,src/main/java/com/gmail/nossr50/datatypes/skills/alchemy/AlchemyPotion.java,8,0,0,15,80,98,Bag
4aeda6e9e810f3c86f88976926d8055c00a53654,src/main/java/com/gmail/nossr50/util/EventUtils.java,23,0,2,17,214,306,Bag
8059636b62fbcc664002b183b801e37ecf58790c,src/main/java/com/gmail/nossr50/commands/party/PartyRenameCommand.java,7,0,0,2,44,59,Bag
ad4ee6f4024e1f8ce1be15c14d4dfceeddb1d17b,src/main/java/com/gmail/nossr50/skills/fishing/FishingManager.java,86,0,6,9,413,606,NoBug
fded7cad96b6ee04e3b027f66c8750e72d08fa88,src/main/java/com/gmail/nossr50/runnables/mcTimer.java,8,0,0,3,40,82,Bag
d63c3fc6d0849c37d4eeac664cf4ff37b9bd5f21,src/main/java/com/gmail/nossr50/commands/party/PartyHelpCommand.java,2,0,0,2,26,32,Bag
886515400dc845c996075c9f6e6240dd4c8c8c31,src/main/java/com/gmail/nossr50/commands/CommandRegistrationHelper.java,15,0,0,27,324,372,Bag
93548317293e2c6c5195544b99d4ce7d900abea1,src/main/java/com/gmail/nossr50/commands/general/InspectCommand.java,12,0,0,2,70,88,Bag
0c61cc8bdcd8b065f5b7e778270e75881a4a6cf4,src/main/java/com/gmail/nossr50/config/TreasuresConfig.java,54,0,0,2,202,275,Bag
87df536a1f09da85c98252e3d22938ac2e15f6ca,src/main/java/com/gmail/nossr50/commands/experience/SkillresetCommand.java,14,0,0,2,89,117,Bag
797ac205671a141bbcca7c33f025ee0e4f9512d4,src/main/java/com/gmail/nossr50/skills/woodcutting/WoodcuttingManager.java,27,0,2,4,135,189,Bag
14daee3b1bd105a998a4c15b737661e4278705e0,src/main/java/com/gmail/nossr50/skills/unarmed/UnarmedManager.java,16,0,4,9,95,150,Bag
c10525ada9ed2c0b77c518089a300e3b4e32e7c1,src/main/java/com/gmail/nossr50/datatypes/player/McMMOPlayer.java,77,0,23,65,603,937,Bag
4aeda6e9e810f3c86f88976926d8055c00a53654,src/main/java/com/gmail/nossr50/listeners/BlockListener.java,103,0,7,2,268,400,Bag
ed8197bd502408943863051ddbdd14e782b73a00,src/main/java/com/gmail/nossr50/locale/LocaleLoader.java,9,0,1,4,90,116,NoBug
2cd52db8c9b85b0abb7a0f73431d609f454a6fab,src/main/java/com/gmail/nossr50/skills/woodcutting/Woodcutting.java,42,0,0,1,171,264,NoBug
fbee3318bd96e7ae9d7d453baf8bd3244c0cab04,src/main/java/com/gmail/nossr50/datatypes/skills/alchemy/AlchemyPotion.java,6,0,0,15,75,95,NoBug
906609696ba9474feaea2fb501e669f69f8cbdba,src/main/java/com/gmail/nossr50/runnables/StickyPistonTrackerTask.java,4,0,0,3,25,32,NoBug
a2e32179bb6f32a59d07c8f66a6b742c966b6623,src/main/java/com/gmail/nossr50/skills/alchemy/AlchemyPotionBrewer.java,74,0,0,6,279,354,Bag
272e99d41f1dc3588b5053468fadd08380ac8839,src/main/java/com/gmail/nossr50/config/AutoUpdateConfigLoader.java,16,0,0,3,88,119,Bag
a49d373af09569a91f4094618d122b0a80a275a3,src/main/java/com/gmail/nossr50/skills/fishing/FishingManager.java,80,0,6,9,367,544,Bag
c10525ada9ed2c0b77c518089a300e3b4e32e7c1,src/main/java/com/gmail/nossr50/runnables/database/SQLReconnectTask.java,3,0,0,2,18,23,Bag
7c2d5909510745c8f53d402f68a8a285989ad609,src/main/java/com/gmail/nossr50/commands/skills/SwordsCommand.java,19,0,0,2,104,128,NoBug
6964f7adfcc76a91b4cbf091261c447df3fa6bc6,src/main/java/com/gmail/nossr50/skills/gathering/WoodCutting.java,86,0,3,1,314,451,Bag
e7e62b8d4000835a3f3d802e51ff2ea8516cdb15,src/main/java/com/gmail/nossr50/config/AdvancedConfig.java,164,0,17,88,607,860,Bag
44626c36a9fa09e074d9795ec71f8fb99d9be31c,src/main/java/com/gmail/nossr50/skills/taming/TamingManager.java,29,0,7,12,175,267,Bag
10dd7619bf774c1eb885e267db2a161908e38cc0,src/main/java/com/gmail/nossr50/commands/party/teleport/PtpCommand.java,23,0,0,3,152,197,NoBug
51777dbe859a07c156e47e04dcdd4421ccad4e09,src/main/java/com/gmail/nossr50/listeners/WorldListener.java,4,0,1,4,40,58,Bag
5d246d2701233604d9b7c4d386dc7e05ecb9831b,src/main/java/com/gmail/nossr50/util/HardcoreManager.java,17,0,2,3,100,142,Bag
340c47eebdd5a7e0cf627b967fea7cca7f9d424f,src/main/java/com/gmail/nossr50/party/PartyManager.java,53,0,22,2,296,529,NoBug
973279ed40d7d21aa5eaacb55a70d9c086f226a8,src/main/java/com/gmail/nossr50/spout/SpoutStuff.java,101,0,6,2,435,598,NoBug
c88583c1c09885d8f4dce5a95e0b6c9326889a43,src/main/java/com/gmail/nossr50/skills/woodcutting/WoodcuttingManager.java,22,0,2,4,120,172,NoBug
f096e915cf4bc1b330deb9e3bab39f8c63612cf7,src/main/java/com/gmail/nossr50/util/commands/CommandUtils.java,32,0,5,17,176,276,Bag
df29306a1f9b6c31cae2c827412a97042a491f29,src/main/java/com/gmail/nossr50/util/skills/CombatUtils.java,120,0,9,3,406,629,Bag
3219674678d1f84aca4dcf732811f2eb52a5322f,src/main/java/com/gmail/nossr50/skills/repair/RepairManager.java,44,0,4,4,227,351,Bag
8fec1af25742c3ec18d0be127b3225e31042ea46,src/main/java/com/gmail/nossr50/commands/party/teleport/PtpCommand.java,24,0,0,3,156,203,Bag
ee86f8244f1b5cb30b6c3df12b17b3c4a5dee35f,src/main/java/com/gmail/nossr50/util/scoreboards/ScoreboardManager.java,32,0,0,11,255,330,NoBug
93548317293e2c6c5195544b99d4ce7d900abea1,src/main/java/com/gmail/nossr50/commands/general/AddlevelsCommand.java,13,0,0,3,97,119,Bag
a49d373af09569a91f4094618d122b0a80a275a3,src/main/java/com/gmail/nossr50/config/AdvancedConfig.java,194,0,17,184,774,1062,Bag
f3fd48d0c0754d8096800780d70636d1fd0a3d98,src/main/java/com/gmail/nossr50/skills/alchemy/Alchemy.java,5,0,1,4,56,77,Bag
ae77313007ffade62e00ae27fa6c0c1f037bfff4,src/main/java/com/gmail/nossr50/skills/herbalism/HerbalismManager.java,63,0,6,9,282,399,Bag
3b05bb96e36af09bf58f84f3bd49938d7826d807,src/main/java/com/gmail/nossr50/events/chat/McMMOChatEvent.java,1,0,7,4,53,88,NoBug
f0ee70871000c51e067cf9f19cc34d0076bfd0c8,src/main/java/com/gmail/nossr50/util/skills/CombatUtils.java,128,0,7,5,438,624,Bag
7a14e61762bd2b211ae6f4ef53b81452b381322c,src/main/java/com/gmail/nossr50/util/BlockUtils.java,93,0,15,2,205,336,Bag
47d27ebf316107ef9386e836ecb8cc0601fc401f,src/main/java/com/gmail/nossr50/commands/party/PartyHelpCommand.java,2,0,0,2,24,30,Bag
36ae84eadaa74f0c161acb7b136d2aacad919011,src/main/java/com/gmail/nossr50/skills/repair/Repair.java,46,0,1,3,115,142,NoBug
fb8592495d54013325bf73a1bee771ec242d9315,src/main/java/com/gmail/nossr50/database/FlatfileDatabaseManager.java,87,0,0,12,717,899,Bag
f096e915cf4bc1b330deb9e3bab39f8c63612cf7,src/main/java/com/gmail/nossr50/commands/player/McrankCommand.java,14,0,0,3,80,101,Bag
71141a0f8d073c1a4facf78b733bfb39232192a3,src/main/java/com/gmail/nossr50/util/player/UserManager.java,6,0,6,4,66,118,Bag
3440833af8bebbcd9e463dbb5174da41cd8d864f,src/main/java/com/gmail/nossr50/util/skills/CombatUtils.java,122,0,7,2,411,590,NoBug
1119d3c17f997345e272a33b969163d8d9596ff8,src/main/java/com/gmail/nossr50/config/AdvancedConfig.java,164,0,17,88,607,860,NoBug
6c70de6a5817202035a4c2ee5e603960e5192485,src/main/java/com/gmail/nossr50/mcMMO.java,34,0,2,18,338,451,Bag
614557e2fa40ed6c49919f27666060527605e79a,src/main/java/com/gmail/nossr50/commands/McmmoCommand.java,20,0,0,2,91,114,Bag
e1f6366a005fd37d1f443b72f79fda364fe0e037,src/main/java/com/gmail/nossr50/skills/smelting/SmeltingManager.java,15,0,3,6,83,126,NoBug
8dfa8c20f32e391c3d299abc51514a6601ed6e80,src/main/java/com/gmail/nossr50/skills/taming/EnvironmentallyAwareEventHandler.java,2,0,0,1,27,36,Bag
07e589aae34951523cb1997fd310693102a349fa,src/main/java/com/gmail/nossr50/config/AdvancedConfig.java,164,0,17,88,607,860,Bag
9bd4a0a70762b8a2c01198511b1b8ccf2a36bbd8,src/main/java/com/gmail/nossr50/runnables/mcTimer.java,8,0,0,3,39,81,Bag
3440833af8bebbcd9e463dbb5174da41cd8d864f,src/main/java/com/gmail/nossr50/skills/swords/SwordsManager.java,10,0,1,8,63,85,NoBug
50af20037a85b136896b4636584db7aaadbf59d4,src/main/java/com/gmail/nossr50/listeners/mcBlockListener.java,125,0,0,6,342,462,Bag
2c8bfd6573a0d87c99752d8f879460a19745fe46,src/main/java/com/gmail/nossr50/commands/skills/AcrobaticsCommand.java,15,0,0,2,77,99,NoBug
a345737b8b6f45dbd84ddbe20c8cdb7b43bb143a,src/main/java/com/gmail/nossr50/runnables/items/ChimaeraWingWarmup.java,7,0,0,3,46,61,Bag
14daee3b1bd105a998a4c15b737661e4278705e0,src/main/java/com/gmail/nossr50/util/skills/CombatUtils.java,121,0,9,3,402,623,Bag
b50ba9c02edbf8418b4c065589dd242438333838,src/main/java/com/gmail/nossr50/skills/alchemy/Alchemy.java,5,0,2,4,55,81,Bag
3b05bb96e36af09bf58f84f3bd49938d7826d807,src/main/java/com/gmail/nossr50/events/chat/McMMOAdminChatEvent.java,1,0,1,1,7,13,NoBug
3b05bb96e36af09bf58f84f3bd49938d7826d807,src/main/java/com/gmail/nossr50/listeners/PlayerListener.java,71,0,13,2,313,468,NoBug
09b0bf62e2392b148426f05f520e335a1f43d07a,src/main/java/com/gmail/nossr50/datatypes/skills/alchemy/PotionStage.java,9,0,0,4,51,73,NoBug
3fe9cfee74b1313c6f88b46a92a6e947ec101f60,src/main/java/com/gmail/nossr50/commands/player/McrankCommand.java,13,0,0,3,80,96,Bag
531e92bda329a544c97caf7c9dcade717c10d621,src/main/java/com/gmail/nossr50/util/Page.java,18,0,0,5,75,94,Bag
70231b6ae0c1807324ad9bd9ccdea88c1b2357ab,src/main/java/com/gmail/nossr50/config/mods/CustomBlocksConfig.java,12,0,0,3,96,116,Bag
886515400dc845c996075c9f6e6240dd4c8c8c31,src/main/java/com/gmail/nossr50/util/Permissions.java,2,0,24,103,152,240,Bag
906609696ba9474feaea2fb501e669f69f8cbdba,src/main/java/com/gmail/nossr50/listeners/BlockListener.java,106,0,7,2,272,393,NoBug
81dae8c43d6fb64b682a61844cdb7a9a4625e40b,src/main/java/com/gmail/nossr50/skills/gathering/WoodCutting.java,109,0,3,1,357,513,Bag
f096e915cf4bc1b330deb9e3bab39f8c63612cf7,src/main/java/com/gmail/nossr50/commands/experience/ExperienceCommand.java,21,0,0,3,115,146,Bag
c0b4a33346f3cc335eee594a3c1805286ff6f902,src/main/java/com/gmail/nossr50/skills/repair/RepairManager.java,44,0,4,4,227,351,Bag
ec6a7e79d655d11826da2eaa46cb080f7c92f38a,src/main/java/com/gmail/nossr50/commands/mc/McremoveCommand.java,13,0,0,3,110,135,Bag
87df536a1f09da85c98252e3d22938ac2e15f6ca,src/main/java/com/gmail/nossr50/events/experience/McMMOPlayerLevelUpEvent.java,1,0,3,2,20,38,Bag
dd64c4008bfaa3ad7cda8e7e0f01b6fbe4c795f8,src/main/java/com/gmail/nossr50/util/skills/ParticleEffectUtils.java,12,0,0,7,93,118,Bag
38e19473028fc19d7774b8aa429b66d015b77bf1,src/main/java/com/gmail/nossr50/util/player/UserManager.java,8,0,5,6,67,115,Bag
6b9f6c29ec312e23cebd9bc697462cd394b53c93,src/main/java/com/gmail/nossr50/events/fake/FakeEntityDamageEvent.java,1,0,1,2,18,28,NoBug
e31b7d5c48d30f0e79bfc1aaf954cd7d3b9236fa,src/main/java/com/gmail/nossr50/mcMMO.java,25,0,9,13,328,493,Bag
7110e6ec3dfd4ff7dab4c89bc162b11bdc56c7e8,src/main/java/com/gmail/nossr50/listeners/EntityListener.java,71,0,9,3,258,372,Bag
e7e62b8d4000835a3f3d802e51ff2ea8516cdb15,src/main/java/com/gmail/nossr50/skills/axes/AxesManager.java,19,0,5,8,93,149,Bag
2c8bfd6573a0d87c99752d8f879460a19745fe46,src/main/java/com/gmail/nossr50/commands/skills/TamingCommand.java,34,0,0,2,136,164,NoBug
f9dfec5bd00421e9c380c644cbaca744240d0e9a,src/main/java/com/gmail/nossr50/config/treasure/TreasureConfig.java,87,0,0,4,350,438,NoBug
8dfa8c20f32e391c3d299abc51514a6601ed6e80,src/main/java/com/gmail/nossr50/skills/gathering/Herbalism.java,101,0,3,2,333,432,Bag
93548317293e2c6c5195544b99d4ce7d900abea1,src/main/java/com/gmail/nossr50/commands/SkillCommand.java,5,0,0,3,61,86,Bag
9278ca4d27c0211aa886f7f6c4cb206c3cfcc998,src/main/java/com/gmail/nossr50/commands/general/XprateCommand.java,30,0,0,2,112,127,NoBug
4fb4d6fc0ca3bec316bba16c0ac3d8af7be5df79,src/main/java/com/gmail/nossr50/util/Misc.java,15,0,3,9,82,130,Bag
5b1337ed079858f0258fed5d00dfa20e80e6ba5f,src/main/java/com/gmail/nossr50/skills/mining/SuperBreakerEventHandler.java,23,0,0,1,91,124,Bag
7a14e61762bd2b211ae6f4ef53b81452b381322c,src/main/java/com/gmail/nossr50/listeners/BlockListener.java,103,0,7,2,267,390,Bag
3ea845cfd9dc9220152ac0aaba2fde00cfb52755,src/main/java/com/gmail/nossr50/skills/mining/Mining.java,46,0,0,1,90,120,Bag
2466270b22d84b09724761e186a79981c7d89478,src/main/java/com/gmail/nossr50/config/AdvancedConfig.java,144,0,15,77,538,763,Bag
c805b1792970fbde72ac9124cc8f0b9f64c62a1f,src/main/java/com/gmail/nossr50/skills/Herbalism.java,105,0,0,8,324,388,Bag
8059636b62fbcc664002b183b801e37ecf58790c,src/main/java/com/gmail/nossr50/commands/party/PartyInfoCommand.java,12,0,0,2,83,103,Bag
598c507849319bfc6180dfcb56be3cc6e90deef6,src/main/java/com/gmail/nossr50/skills/Excavation.java,96,0,0,5,221,277,Bag
7b3869e385ed0bff576132482ea4eb926fc723fc,src/main/java/com/gmail/nossr50/listeners/EntityListener.java,120,0,13,4,439,630,Bag
c47bf844933bbe87dbfd74ba05dc80bf1f708076,src/main/java/com/gmail/nossr50/commands/party/PartyJoinCommand.java,12,0,0,2,69,94,Bag
44626c36a9fa09e074d9795ec71f8fb99d9be31c,src/main/java/com/gmail/nossr50/skills/archery/ArcheryManager.java,8,0,4,5,67,110,Bag
1254ab232ab2a57470582791d798bc5656d3b2a9,src/main/java/com/gmail/nossr50/config/Config.java,51,0,26,92,280,415,NoBug
d0b766a2d3058cc98ccffa9b1e4f30216813ed28,src/main/java/com/gmail/nossr50/database/FlatfileDatabaseManager.java,66,0,0,12,671,843,Bag
a87336b7ee1be024f6d61c382dc01c2ddde229bc,src/main/java/com/gmail/nossr50/database/LeaderboardManager.java,59,0,2,6,316,404,NoBug
3fe9cfee74b1313c6f88b46a92a6e947ec101f60,src/main/java/com/gmail/nossr50/commands/party/PartyInviteCommand.java,6,0,0,2,47,60,Bag
b964e3f7c327f9ab7f0d61ebbd3c1016a072c862,src/main/java/com/gmail/nossr50/chat/PartyChatManager.java,6,0,0,3,39,51,Bag
9bd4a0a70762b8a2c01198511b1b8ccf2a36bbd8,src/main/java/com/gmail/nossr50/skills/Taming.java,11,0,0,4,55,78,Bag
15e0570a8cc8a967ec37ee6c21a4046df9e2b0ba,src/main/java/com/gmail/nossr50/commands/experience/ExperienceCommand.java,22,0,0,3,140,173,Bag
c10525ada9ed2c0b77c518089a300e3b4e32e7c1,src/main/java/com/gmail/nossr50/database/FlatfileDatabaseManager.java,111,0,0,16,834,1045,Bag
3365da7f8d35a2f9341a8f98e6a89f6836da581b,src/main/java/com/gmail/nossr50/config/treasure/TreasureConfig.java,66,0,0,2,282,348,Bag
340c47eebdd5a7e0cf627b967fea7cca7f9d424f,src/main/java/com/gmail/nossr50/party/commands/PartyJoinCommand.java,14,0,0,2,77,102,NoBug
8dfa8c20f32e391c3d299abc51514a6601ed6e80,src/main/java/com/gmail/nossr50/skills/swords/SwordsManager.java,10,0,1,4,66,92,Bag
9278ca4d27c0211aa886f7f6c4cb206c3cfcc998,src/main/java/com/gmail/nossr50/commands/general/WhoisCommand.java,18,0,0,3,77,99,NoBug
3ea845cfd9dc9220152ac0aaba2fde00cfb52755,src/main/java/com/gmail/nossr50/skills/smelting/SmeltingManager.java,14,0,3,8,108,158,Bag
616200f20ffd140785cfafdc7b88451906bb938d,src/main/java/com/gmail/nossr50/skills/woodcutting/Woodcutting.java,27,0,0,1,127,230,Bag
27ff545d465101e0e3815e26e203fa7bd5253ee2,src/main/java/com/gmail/nossr50/skills/alchemy/AlchemyManager.java,16,0,0,11,82,99,NoBug
6c70de6a5817202035a4c2ee5e603960e5192485,src/main/java/com/gmail/nossr50/skills/repair/Repair.java,49,0,1,4,118,146,Bag
8fb8c67148c2820373c5ac1f5888ace05e530444,src/main/java/com/gmail/nossr50/party/PartyManager.java,56,0,22,2,304,542,NoBug
ec6a7e79d655d11826da2eaa46cb080f7c92f38a,src/main/java/com/gmail/nossr50/util/Database.java,56,0,7,5,355,490,Bag
3cf01cb6f39f96c0e8c35c1723c426e79fd2bbb5,src/main/java/com/gmail/nossr50/runnables/party/PartyAutoKickTask.java,4,0,0,2,26,35,Bag
14daee3b1bd105a998a4c15b737661e4278705e0,src/main/java/com/gmail/nossr50/skills/axes/AxesManager.java,19,0,5,8,94,150,Bag
8059636b62fbcc664002b183b801e37ecf58790c,src/main/java/com/gmail/nossr50/runnables/commands/MctopCommandAsyncTask.java,6,0,0,3,56,69,Bag
c10525ada9ed2c0b77c518089a300e3b4e32e7c1,src/main/java/com/gmail/nossr50/commands/database/ConvertDatabaseCommand.java,10,0,0,2,58,75,Bag
e7e62b8d4000835a3f3d802e51ff2ea8516cdb15,src/main/java/com/gmail/nossr50/skills/archery/ArcheryManager.java,9,0,4,5,71,115,Bag
435eb7f8b98c96031ce04154485e63de2dedca11,src/main/java/com/gmail/nossr50/listeners/PlayerListener.java,108,0,12,3,410,597,NoBug
6b9f6c29ec312e23cebd9bc697462cd394b53c93,src/main/java/com/gmail/nossr50/events/fake/FakeEntityDamageByEntityEvent.java,1,0,1,2,18,28,NoBug
598c507849319bfc6180dfcb56be3cc6e90deef6,src/main/java/com/gmail/nossr50/skills/Mining.java,116,0,1,6,313,392,Bag
939344816e71e6f68d2f4b2d8396168df4087d51,src/main/java/com/gmail/nossr50/skills/Skills.java,155,0,0,21,410,477,Bag
be4e62fe9dbb77ddb3ff0f5a658fd775dd496a11,src/main/java/com/gmail/nossr50/datatypes/PlayerProfile.java,140,0,26,33,736,1183,NoBug
2eeb9b1f359a4f135b782a368c81a0c08c6202d3,src/main/java/com/gmail/nossr50/skills/salvage/SalvageManager.java,34,0,5,9,181,266,Bag
f096e915cf4bc1b330deb9e3bab39f8c63612cf7,src/main/java/com/gmail/nossr50/commands/player/InspectCommand.java,17,0,0,3,91,114,Bag
93548317293e2c6c5195544b99d4ce7d900abea1,src/main/java/com/gmail/nossr50/commands/mc/McabilityCommand.java,4,0,0,2,29,39,Bag
8059636b62fbcc664002b183b801e37ecf58790c,src/main/java/com/gmail/nossr50/util/Misc.java,16,0,6,3,95,166,Bag
fb4777e7f05d61fb5a581111dd5f9deebb604abd,src/main/java/com/gmail/nossr50/commands/skills/SkillGuideCommand.java,10,0,0,3,68,91,Bag
2c8bfd6573a0d87c99752d8f879460a19745fe46,src/main/java/com/gmail/nossr50/commands/skills/ArcheryCommand.java,15,0,0,2,79,107,NoBug
f62e053a84b1782e67f8ce968bd72f9452b7f73e,src/main/java/com/gmail/nossr50/datatypes/player/PlayerProfile.java,89,0,10,16,505,679,Bag
cf82ae4c6694edfc6a6a998bfb3e336343191a68,src/main/java/com/gmail/nossr50/commands/party/PartyCommand.java,30,0,0,2,128,155,Bag
44626c36a9fa09e074d9795ec71f8fb99d9be31c,src/main/java/com/gmail/nossr50/util/skills/CombatUtils.java,122,0,9,3,410,634,Bag
fb8592495d54013325bf73a1bee771ec242d9315,src/main/java/com/gmail/nossr50/database/SQLDatabaseManager.java,139,0,1,12,1012,1293,Bag
f096e915cf4bc1b330deb9e3bab39f8c63612cf7,src/main/java/com/gmail/nossr50/util/player/UserManager.java,9,0,5,7,76,127,Bag
3b05bb96e36af09bf58f84f3bd49938d7826d807,src/main/java/com/gmail/nossr50/events/chat/McMMOPartyChatEvent.java,1,0,2,1,12,23,NoBug
f3283de8dd9397ee98f5e7147e5c1030463f578e,src/main/java/com/gmail/nossr50/listeners/mcBlockListener.java,125,0,0,6,342,462,Bag
fb5bab6e92744f2d6c4d718bbe04e627313dee48,src/main/java/com/gmail/nossr50/config/AdvancedConfig.java,193,0,17,181,771,1056,Bag
1254ab232ab2a57470582791d798bc5656d3b2a9,src/main/java/com/gmail/nossr50/util/Misc.java,33,0,8,13,186,299,NoBug
a9488bc18b653daf29e0e7538cc6c6c5e6621f1a,src/main/java/com/gmail/nossr50/listeners/EntityListener.java,123,0,13,4,453,646,Bag
4210920c5f30dec16b7b5e4e1ee2d07c2b352993,src/main/java/com/gmail/nossr50/skills/axes/AxesManager.java,19,0,5,8,89,148,Bag
135bfc26275f093cf392b7acae081c283279323b,src/main/java/com/gmail/nossr50/skills/swords/SwordsCommand.java,15,0,0,2,95,118,Bag
6c2b1f555f810d5a0174f57a3564295ef8d251a0,src/main/java/com/gmail/nossr50/config/Config.java,60,0,27,112,311,455,NoBug
36f1a2d78a14104573a84f5e30d59e42c7161687,src/main/java/com/gmail/nossr50/skills/fishing/FishingManager.java,80,0,6,9,364,541,Bag
48c7aa3e841c83a25b91d54ed117b1ccbaacee8e,src/main/java/com/gmail/nossr50/skills/alchemy/AlchemyPotionBrewer.java,47,0,0,8,191,247,Bag
b50ba9c02edbf8418b4c065589dd242438333838,src/main/java/com/gmail/nossr50/runnables/skills/AlchemyBrewTask.java,14,0,0,5,82,107,Bag
bded936af5c421ea2f0d29cfd9d33c4ef283eec7,src/main/java/com/gmail/nossr50/skills/repair/Repair.java,33,0,1,4,89,114,NoBug
973279ed40d7d21aa5eaacb55a70d9c086f226a8,src/main/java/com/gmail/nossr50/util/Hardcore.java,13,0,0,3,60,83,NoBug
7c7aa994a5ca2d2fda7f91c77859a83b64a46e75,src/main/java/com/gmail/nossr50/commands/experience/ExperienceCommand.java,21,0,0,3,116,143,Bag
cdfb0da5c9b19120520070912f005c586a1b4d7b,src/main/java/com/gmail/nossr50/config/AdvancedConfig.java,152,0,16,81,568,805,Bag
31f36935d34167106c2d5317d75a2f49e31c78c7,src/main/java/com/gmail/nossr50/listeners/PlayerListener.java,74,0,13,2,331,493,Bag
4aeda6e9e810f3c86f88976926d8055c00a53654,src/main/java/com/gmail/nossr50/mcMMO.java,45,0,2,21,408,537,Bag
3fe9cfee74b1313c6f88b46a92a6e947ec101f60,src/main/java/com/gmail/nossr50/commands/player/InspectCommand.java,14,0,0,3,92,113,Bag
28a846e0cbc8f84b010c4b9c600de81361306822,src/main/java/com/gmail/nossr50/skills/alchemy/AlchemyPotionBrewer.java,43,0,0,8,177,228,Bag
e7e62b8d4000835a3f3d802e51ff2ea8516cdb15,src/main/java/com/gmail/nossr50/skills/unarmed/UnarmedManager.java,20,0,4,9,109,168,Bag
14daee3b1bd105a998a4c15b737661e4278705e0,src/main/java/com/gmail/nossr50/skills/archery/ArcheryManager.java,8,0,4,5,67,110,Bag
26c2134484df0cd6b3afab52dd82a795d0ca8430,src/main/java/com/gmail/nossr50/listeners/PlayerListener.java,74,0,13,2,320,477,NoBug
988006f913527dfdd3009e10a3760fa11a3e6795,src/main/java/com/gmail/nossr50/skills/alchemy/Alchemy.java,4,0,1,4,50,69,Bag
7e67505dfbc714b85abe4b7b762e245f2b173c75,src/main/java/com/gmail/nossr50/listeners/PlayerListener.java,82,0,13,3,367,537,Bag
7a14e61762bd2b211ae6f4ef53b81452b381322c,src/main/java/com/gmail/nossr50/mcMMO.java,45,0,2,21,408,537,Bag
3fe9cfee74b1313c6f88b46a92a6e947ec101f60,src/main/java/com/gmail/nossr50/util/Misc.java,32,0,6,14,180,275,Bag
3dc1afde7e792f72e81887b0d7e383a2a5708819,src/main/java/com/gmail/nossr50/skills/utilities/CombatTools.java,160,0,7,1,439,617,Bag
6c3820c747f1dca88757de4188ee6e0be144a0f2,src/main/java/com/gmail/nossr50/commands/player/MctopCommand.java,18,0,0,2,100,131,NoBug
f096e915cf4bc1b330deb9e3bab39f8c63612cf7,src/main/java/com/gmail/nossr50/datatypes/party/Party.java,33,0,1,34,258,341,Bag
284bab397a98cfe5489c32aa8222776ebec84823,src/main/java/com/gmail/nossr50/mcMMO.java,24,0,10,11,379,545,Bag
630b64462ee2edaa36de14cab3f1cbe3a715d8ed,src/main/java/com/gmail/nossr50/skills/mining/DemoltionsExpertiseEventHandler.java,5,0,0,2,34,43,Bag
4fb4d6fc0ca3bec316bba16c0ac3d8af7be5df79,src/main/java/com/gmail/nossr50/mcMMO.java,42,0,2,21,389,514,Bag
2eeb9b1f359a4f135b782a368c81a0c08c6202d3,src/main/java/com/gmail/nossr50/skills/salvage/salvageables/Salvageable.java,1,0,10,1,16,83,Bag
7a08343304d8ffd3b26cd052d2ee96735f9efedb,src/main/java/com/gmail/nossr50/chat/PartyChatManager.java,4,0,0,3,30,40,NoBug
fb8592495d54013325bf73a1bee771ec242d9315,src/main/java/com/gmail/nossr50/datatypes/player/PlayerProfile.java,15,0,8,12,152,265,Bag
f4b6d7845e3c84e3c5c1378ca74583dd205a89d2,src/main/java/com/gmail/nossr50/skills/smelting/SmeltingManager.java,15,0,3,8,114,167,Bag
2c8bfd6573a0d87c99752d8f879460a19745fe46,src/main/java/com/gmail/nossr50/commands/skills/UnarmedCommand.java,19,0,0,2,88,112,NoBug
f39623c279406a9f755bcff1229560b12430267a,src/main/java/com/gmail/nossr50/runnables/skills/AlchemyBrewTask.java,13,0,0,5,82,107,Bag
f096e915cf4bc1b330deb9e3bab39f8c63612cf7,src/main/java/com/gmail/nossr50/commands/KrakenCommand.java,8,0,0,3,54,68,Bag
ea4c424e0fe67de7bdffe8578c34fffae601ba20,src/main/java/com/gmail/nossr50/listeners/EntityListener.java,113,0,12,4,414,595,Bag
e7e62b8d4000835a3f3d802e51ff2ea8516cdb15,src/main/java/com/gmail/nossr50/skills/archery/Archery.java,5,0,1,1,45,65,Bag
ce4295289a55564601c79c433a9f3894aa4242c4,src/main/java/com/gmail/nossr50/config/AdvancedConfig.java,2,0,17,182,212,294,Bag
9bd4a0a70762b8a2c01198511b1b8ccf2a36bbd8,src/main/java/com/gmail/nossr50/skills/Swords.java,53,0,0,6,205,253,Bag
c10525ada9ed2c0b77c518089a300e3b4e32e7c1,src/main/java/com/gmail/nossr50/config/Config.java,69,0,29,120,349,509,Bag
6c2b1f555f810d5a0174f57a3564295ef8d251a0,src/main/java/com/gmail/nossr50/util/ChimaeraWing.java,19,0,1,4,134,176,NoBug
ea97dcdb556aee22de68a1e5fb3294b5a9aa8846,src/main/java/com/gmail/nossr50/commands/mc/MctopCommand.java,24,0,0,2,124,159,Bag
9377de930fcf7373fff129950529012731c985f9,src/main/java/com/gmail/nossr50/util/Permissions.java,2,0,24,106,155,244,Bag
4b384abc5139e7586cb57b356f254aeab0b316e3,src/main/java/com/gmail/nossr50/util/skills/CombatUtils.java,122,0,7,2,411,590,Bag
3fe9cfee74b1313c6f88b46a92a6e947ec101f60,src/main/java/com/gmail/nossr50/commands/experience/ExperienceCommand.java,22,0,0,3,144,178,Bag
26174d88f4d2786b22e520c318d01439ee271f1e,src/main/java/com/gmail/nossr50/util/Misc.java,37,0,8,15,209,328,Bag
3b05bb96e36af09bf58f84f3bd49938d7826d807,src/main/java/com/gmail/nossr50/chat/ChatManager.java,6,0,0,6,49,67,NoBug
0b30920edd4682546c98d2f91a128959090f8150,src/main/java/com/gmail/nossr50/skills/Swords.java,53,0,0,6,205,253,Bag
62a767db898c70746a02c9507ee141b2c32da95a,src/main/java/com/gmail/nossr50/listeners/PlayerListener.java,118,0,15,3,460,713,NoBug
b1fc72e8a9f8f54773ebfd9bb11a768d51b8c432,src/main/java/com/gmail/nossr50/listeners/PlayerListener.java,110,0,15,2,431,683,Bag
d0b0786284f4c85921dea4194d56a9c86a0ecaae,src/main/java/com/gmail/nossr50/config/skills/repair/RepairConfig.java,34,0,0,2,126,164,Bag
00279502e486f9244953cad60fab4a791f51e53b,src/main/java/com/gmail/nossr50/config/AdvancedConfig.java,2,0,13,77,105,155,NoBug
973279ed40d7d21aa5eaacb55a70d9c086f226a8,src/main/java/com/gmail/nossr50/datatypes/PlayerProfile.java,144,0,27,36,768,1226,NoBug
9730cdb880ba45ebd96c1cffab6c242310a18743,src/main/java/com/gmail/nossr50/commands/party/PartyJoinCommand.java,12,0,0,2,67,91,Bag
f096e915cf4bc1b330deb9e3bab39f8c63612cf7,src/main/java/com/gmail/nossr50/commands/party/PartyCommand.java,51,0,0,3,191,228,Bag
8dfa8c20f32e391c3d299abc51514a6601ed6e80,src/main/java/com/gmail/nossr50/skills/archery/ArcheryManager.java,10,0,3,2,65,104,Bag
93548317293e2c6c5195544b99d4ce7d900abea1,src/main/java/com/gmail/nossr50/commands/CommandHelper.java,19,0,4,5,91,145,Bag
e7e62b8d4000835a3f3d802e51ff2ea8516cdb15,src/main/java/com/gmail/nossr50/skills/taming/TamingManager.java,32,0,7,12,195,292,Bag
bf4e8d43ea3a946946c7a0576d816f2280a7f361,src/main/java/com/gmail/nossr50/datatypes/player/McMMOPlayer.java,72,0,25,63,586,931,NoBug
8dfa8c20f32e391c3d299abc51514a6601ed6e80,src/main/java/com/gmail/nossr50/skills/unarmed/UnarmedManager.java,13,0,3,2,83,131,Bag
f3283de8dd9397ee98f5e7147e5c1030463f578e,src/main/java/com/gmail/nossr50/mcMMO.java,26,0,1,12,276,408,Bag
34736836ccada5951468785f6e1f156d348d0898,src/main/java/com/gmail/nossr50/skills/taming/TamingCommand.java,33,0,0,2,127,151,Bag
0a295f7738165cadd0dc2d90b54fbc83ab0415a9,src/main/java/com/gmail/nossr50/util/Leaderboard.java,37,0,2,2,180,236,Bag
8059636b62fbcc664002b183b801e37ecf58790c,src/main/java/com/gmail/nossr50/runnables/database/SQLConversionTask.java,31,0,0,2,228,278,Bag
8dfa8c20f32e391c3d299abc51514a6601ed6e80,src/main/java/com/gmail/nossr50/util/Skills.java,93,0,17,1,321,516,Bag
a2cac82cba84f92e62c91207639c3c64b58f8738,src/main/java/com/gmail/nossr50/skills/taming/TamingManager.java,31,0,7,12,190,285,Bag
4992c5009833e6f3c6a3d86879a4cef2f74f726a,src/main/java/com/gmail/nossr50/runnables/items/ChimaeraWingWarmup.java,3,0,0,3,38,50,NoBug
3390a31cc69604247be5a639045b95ba91debf10,src/main/java/com/gmail/nossr50/mcMMO.java,45,0,2,19,385,509,Bag
e7e62b8d4000835a3f3d802e51ff2ea8516cdb15,src/main/java/com/gmail/nossr50/commands/skills/ArcheryCommand.java,12,0,0,2,73,97,Bag
fba131936a2abc0321cdae0240b21b92d9254b11,src/main/java/com/gmail/nossr50/util/Misc.java,22,0,6,7,130,210,Bag
7c7aa994a5ca2d2fda7f91c77859a83b64a46e75,src/main/java/com/gmail/nossr50/commands/experience/SkillresetCommand.java,21,0,1,2,135,172,Bag
53a34c12d27fbadc9e4dbd05368017a8dcbc9908,src/main/java/com/gmail/nossr50/util/scoreboards/ScoreboardWrapper.java,54,0,2,22,417,567,Bag
c10525ada9ed2c0b77c518089a300e3b4e32e7c1,src/main/java/com/gmail/nossr50/database/SQLDatabaseManager.java,184,0,1,16,1298,1651,Bag
976c3b84949c7f4b5f7c79691fd575afbcde4000,src/main/java/com/gmail/nossr50/util/skills/CombatUtils.java,123,0,7,4,432,616,Bag
0f8312dd5e9bba4a317ff81b2f20f9b21445550a,src/main/java/com/gmail/nossr50/listeners/PlayerListener.java,107,0,12,3,402,587,Bag
0386d52e7c8634bbc2324b3906d8c2c7cdda1eb3,src/main/java/com/gmail/nossr50/skills/Herbalism.java,105,0,0,8,330,395,NoBug
6964f7adfcc76a91b4cbf091261c447df3fa6bc6,src/main/java/com/gmail/nossr50/config/mods/CustomToolsConfig.java,11,0,0,3,84,106,NoBug
105b8b5a916e3981c8f50d501ca2b2a9f43d317b,src/main/java/com/gmail/nossr50/commands/general/StatsCommand.java,21,0,0,3,85,106,NoBug
81dae8c43d6fb64b682a61844cdb7a9a4625e40b,src/main/java/com/gmail/nossr50/util/Database.java,56,0,7,5,355,490,NoBug
c612036db3f5ec821df09cc79d7610c93f09101b,src/main/java/com/gmail/nossr50/skills/fishing/FishingManager.java,87,0,6,9,416,611,NoBug
802d1dfa8ecddfe83ce3b78ebc6e01b2278f05cc,src/main/java/com/gmail/nossr50/config/AdvancedConfig.java,2,0,13,77,105,155,NoBug
734d691e00eb583e741ee392756cf01365c041ff,src/main/java/com/gmail/nossr50/listeners/WorldListener.java,7,0,1,5,56,78,NoBug
b1db0d037d8d547afd7777f89604dfc398d73a3d,src/main/java/com/gmail/nossr50/listeners/PlayerListener.java,61,0,10,2,264,390,NoBug
53fdf750f4fb714055216e76c4625750bb4d41b3,src/main/java/com/gmail/nossr50/commands/experience/ExperienceCommand.java,21,0,0,3,115,146,NoBug
df53e2fd4f5f92e3c8752f71a4a2eab16c28e2ff,src/main/java/com/gmail/nossr50/skills/axes/AxesManager.java,19,0,5,8,90,149,NoBug
9eba2c683bfd5603080b24f590ab5141cbeed0ee,src/main/java/com/gmail/nossr50/util/Misc.java,16,0,6,3,95,166,NoBug
6f1ee88b786a4881b69e4ab9dc24ec019704867c,src/main/java/com/gmail/nossr50/util/Database.java,46,0,7,2,283,402,NoBug
f79a4741cc0cf1e1b7e232cfc4700a9df49c6da9,src/main/java/com/gmail/nossr50/skills/alchemy/Alchemy.java,5,0,1,4,56,77,NoBug
2e74c079b09b43e40ba92de01e038f6f1caada5a,src/main/java/com/gmail/nossr50/config/AdvancedConfig.java,3,0,17,182,215,297,NoBug
07cafd48663f25cf00939a8f97601ef298ceea45,src/main/java/com/gmail/nossr50/util/HardcoreManager.java,15,0,2,3,91,133,Bag
76523d2988e58091d86497889aed4cf8971b77d9,src/main/java/com/gmail/nossr50/skills/fishing/ShakeMob.java,35,0,2,1,179,234,NoBug
c10525ada9ed2c0b77c518089a300e3b4e32e7c1,src/main/java/com/gmail/nossr50/api/ExperienceAPI.java,13,0,51,2,284,984,Bag
f0ee70871000c51e067cf9f19cc34d0076bfd0c8,src/main/java/com/gmail/nossr50/mcMMO.java,42,0,2,20,374,496,NoBug
213b4763e7beaffab428e5f38bdd58f85c22d0a2,src/main/java/com/gmail/nossr50/util/Permissions.java,2,0,24,106,155,244,NoBug
1d837848205fe527056b0dcf1e2938212a438105,src/main/java/com/gmail/nossr50/config/AdvancedConfig.java,193,0,17,181,771,1056,Bag
39e9e426ef349b285cb09f94fa7ca87f219c63b0,src/main/java/com/gmail/nossr50/commands/skills/SwordsCommand.java,19,0,0,2,103,126,NoBug
bd45fff1b4bc9d3015c4d6c359f565adb42091e7,src/main/java/com/gmail/nossr50/skills/mining/Mining.java,41,0,0,1,105,137,NoBug
62b13a9a84a38ce956689170afd3c18c89e7642b,src/main/java/com/gmail/nossr50/skills/excavation/Excavation.java,11,0,0,1,40,62,NoBug
53fdf750f4fb714055216e76c4625750bb4d41b3,src/main/java/com/gmail/nossr50/commands/experience/SkillresetCommand.java,20,0,1,2,131,168,NoBug
2c7730b47876c476b3c0c8feefb5b75e958aa2c9,src/main/java/com/gmail/nossr50/listeners/mcBlockListener.java,121,0,0,6,343,463,Bag
123e96e39d1d2f1a4d2dca4c9f887bd10f8396e2,src/main/java/com/gmail/nossr50/skills/Mining.java,128,0,1,6,450,537,NoBug
58c7dcb70501cb7b9f379c7434ecb83b593a4dd6,src/main/java/com/gmail/nossr50/skills/axes/AxesManager.java,19,0,5,8,94,150,NoBug
fcb8909a54feee462d17b59566323721e0e1b8e6,src/main/java/com/gmail/nossr50/config/Config.java,63,0,29,107,341,502,Bag
3fef87923a9d3a3ea6c5e33584aad8ecd1a20d13,src/main/java/com/gmail/nossr50/skills/Skills.java,129,0,0,20,373,438,NoBug
b7bb3f4487cb449ce4fd73530e1060d520da39f2,src/main/java/com/gmail/nossr50/util/Hardcore.java,15,0,0,3,60,83,NoBug
45143836e529329041adb5d98412320b06d9486f,src/main/java/com/gmail/nossr50/commands/party/PartyKickCommand.java,5,0,0,2,40,50,NoBug
2e94eecda0b0deef00a61dea57de0be8ceddf5b1,src/main/java/com/gmail/nossr50/config/AdvancedConfig.java,144,0,15,77,538,763,Bag
6518d192ec8dec02b303d2bafb2b9276c1310aec,src/main/java/com/gmail/nossr50/commands/party/PartyJoinCommand.java,12,0,0,2,71,96,NoBug
af578870c70b5c350e41dd079a35296f79b86f6b,src/main/java/com/gmail/nossr50/skills/repair/config/RepairConfig.java,35,0,0,2,126,164,NoBug
c10525ada9ed2c0b77c518089a300e3b4e32e7c1,src/main/java/com/gmail/nossr50/config/HiddenConfig.java,3,0,0,9,48,61,NoBug
d0c0b9a089d3b99e7fe68740860fef2d0275613f,src/main/java/com/gmail/nossr50/commands/CommandHelper.java,23,0,4,6,111,171,NoBug
2feba8f64c8028a0cb39b757bbd5f3e80f25fe3e,src/main/java/com/gmail/nossr50/commands/party/PartyCommand.java,30,0,0,2,128,155,NoBug
e77be3350f279d7e6502ed8d9d8e28fdf6caef82,src/main/java/com/gmail/nossr50/listeners/mcEntityListener.java,41,0,1,6,154,262,NoBug
5c836cdaaf7fe54587c84bb9ec806e89e05d38cb,src/main/java/com/gmail/nossr50/commands/chat/PartyChatCommand.java,6,0,0,2,47,60,NoBug
a2f80569e30fdd181a811b1c17d4b221b49bda00,src/main/java/com/gmail/nossr50/commands/experience/SkillresetCommand.java,15,0,0,2,94,121,NoBug
8cf16d4a1c57be03f9b1bbe5c25e6a4f21cd2494,src/main/java/com/gmail/nossr50/listeners/InventoryListener.java,33,0,0,9,148,189,NoBug
6264bfa15faaeda7141aba6048310532249e01c1,src/main/java/com/gmail/nossr50/skills/alchemy/Alchemy.java,5,0,2,4,55,81,NoBug
de42063171b93a56e79911c82504b9bc54cde72b,src/main/java/com/gmail/nossr50/runnables/skills/KrakenAttackTask.java,12,0,0,4,82,103,NoBug
00640fe39b1f978da2130d41ae817711e7e587b1,src/main/java/com/gmail/nossr50/commands/mc/MctopCommand.java,23,0,0,2,125,157,NoBug
a87336b7ee1be024f6d61c382dc01c2ddde229bc,src/main/java/com/gmail/nossr50/commands/player/MctopCommand.java,18,0,0,2,103,130,NoBug
0d7c402c01d41401f789403e8a2665ce854dee5a,src/main/java/com/gmail/nossr50/listeners/InventoryListener.java,28,0,0,8,117,151,NoBug
93548317293e2c6c5195544b99d4ce7d900abea1,src/main/java/com/gmail/nossr50/skills/acrobatics/DodgeEventHandler.java,5,0,0,1,45,60,NoBug
0ea07d4bc76e5ed3b2bfcdce6b4d0fa4ba922fc8,src/main/java/com/gmail/nossr50/listeners/EntityListener.java,102,0,10,4,377,538,Bag
a4a1ba43318a0757816fc57010922d0002dbcac9,src/main/java/com/gmail/nossr50/runnables/UpdateCheckerTask.java,2,0,1,1,14,20,NoBug
53fdf750f4fb714055216e76c4625750bb4d41b3,src/main/java/com/gmail/nossr50/commands/database/McremoveCommand.java,6,0,0,3,44,55,NoBug
b7bb3f4487cb449ce4fd73530e1060d520da39f2,src/main/java/com/gmail/nossr50/datatypes/PlayerProfile.java,149,0,27,36,780,1242,NoBug
27e0a9d3b607409f899aeaa37acb92520760b4c8,src/main/java/com/gmail/nossr50/commands/experience/ExperienceCommand.java,22,0,0,3,139,172,NoBug
522b085499cc975bb031ba6a04759e1841d49faa,src/main/java/com/gmail/nossr50/skills/mining/Mining.java,46,0,1,1,90,120,NoBug
d0c0b9a089d3b99e7fe68740860fef2d0275613f,src/main/java/com/gmail/nossr50/commands/general/AddlevelsCommand.java,18,0,0,2,94,115,NoBug
d9bd0ace9a5d1606afd087b8458100e1c9accbef,src/main/java/com/gmail/nossr50/listeners/InventoryListener.java,28,0,0,8,121,158,NoBug
e9dcb3100278ae2ccb92598f8e05ace2ebd903e2,src/main/java/com/gmail/nossr50/listeners/PlayerListener.java,71,0,13,2,313,468,NoBug
6264bfa15faaeda7141aba6048310532249e01c1,src/main/java/com/gmail/nossr50/runnables/skills/AlchemyBrewTask.java,14,0,0,5,82,107,NoBug
9c0518f25155d79971b34c829aa8b2e0d0ed3958,src/main/java/com/gmail/nossr50/party/commands/PartyJoinCommand.java,14,0,0,2,78,104,NoBug
816b08b14a22507f89effbc904a618772dfc0ccb,src/main/java/com/gmail/nossr50/listeners/EntityListener.java,111,0,11,4,405,578,Bag
299f440f637b05e243d2e72810475d8f9d488a65,src/main/java/com/gmail/nossr50/Combat.java,110,0,3,6,321,447,NoBug
2f90e533a53b753e3306b75c778f1c9f893c29ee,src/main/java/com/gmail/nossr50/config/treasure/TreasureConfig.java,66,0,0,2,282,348,NoBug
cfa0daefc5cb66e3082b4d96db72f1f3fd2125ee,src/main/java/com/gmail/nossr50/util/BlockUtils.java,97,0,16,2,225,366,NoBug
393d9ca74ef5db89b5f2c45fa6bf8689600d65eb,src/main/java/com/gmail/nossr50/skills/herbalism/HerbalismManager.java,64,0,6,9,285,403,NoBug
385fe1bb053cbaf2e2d74e0ebc9fc104efb35012,src/main/java/com/gmail/nossr50/util/skills/CombatUtils.java,148,0,8,9,537,758,NoBug
857e12b96edf68bc2e2fdbdf72659ce82612bda1,src/main/java/com/gmail/nossr50/database/SQLDatabaseManager.java,193,0,0,17,1364,1649,NoBug
65692f2a83aa3297862e8c2b85eadad596786d5f,src/main/java/com/gmail/nossr50/config/skills/repair/RepairConfig.java,35,0,0,2,129,168,NoBug
a2cbfa266897414c0a1adda8fd0ddd9e55e5d17b,src/main/java/com/gmail/nossr50/party/commands/PartyAcceptCommand.java,5,0,0,2,38,50,NoBug
cfa0daefc5cb66e3082b4d96db72f1f3fd2125ee,src/main/java/com/gmail/nossr50/listeners/BlockListener.java,103,0,7,2,269,403,NoBug
212137ec3eec6683648747ee7a3b30466742d865,src/main/java/com/gmail/nossr50/listeners/PlayerListener.java,78,0,13,3,346,511,NoBug
4844be80da103a88eadf1b0db3d185c29cbabe2a,src/main/java/com/gmail/nossr50/listeners/PlayerListener.java,118,0,15,3,461,714,NoBug
6518d192ec8dec02b303d2bafb2b9276c1310aec,src/main/java/com/gmail/nossr50/commands/experience/ExperienceCommand.java,22,0,0,3,146,180,NoBug
dcc18049a1c6592981b4cb15018e43da02a88db6,src/main/java/com/gmail/nossr50/config/Config.java,63,0,29,106,340,501,NoBug
99248caba331a356fcee77c3d6f884e789b3fb80,src/main/java/com/gmail/nossr50/listeners/EntityListener.java,128,0,13,4,459,653,NoBug
6fd599bd3112de031440d05197fdb6129fbe3cbc,src/main/java/com/gmail/nossr50/commands/experience/ExperienceCommand.java,20,0,0,2,120,151,NoBug
a0208902447a6a54a699c3224219aa1ce8baf98a,src/main/java/com/gmail/nossr50/skills/woodcutting/Woodcutting.java,25,0,0,1,123,224,Bag
9eba2c683bfd5603080b24f590ab5141cbeed0ee,src/main/java/com/gmail/nossr50/skills/archery/ArcheryManager.java,9,0,4,5,66,112,NoBug
c10525ada9ed2c0b77c518089a300e3b4e32e7c1,src/main/java/com/gmail/nossr50/runnables/database/UUIDFetcherRunnable.java,3,0,0,4,41,52,Bag
30f7521a3ade7f1ded893e5e7819980c93297b33,src/main/java/com/gmail/nossr50/util/skills/CombatUtils.java,128,0,7,5,437,623,NoBug
e0358d42d6177005ccff3ee2dc015bea60e10a17,src/main/java/com/gmail/nossr50/util/Misc.java,38,0,8,15,209,328,NoBug
88296da0af00b12cbbbe985ce51ee40f3677cec7,src/main/java/com/gmail/nossr50/skills/repair/RepairManager.java,59,0,7,7,277,427,NoBug
cfa0daefc5cb66e3082b4d96db72f1f3fd2125ee,src/main/java/com/gmail/nossr50/mcMMO.java,45,0,2,21,407,536,NoBug
70231b6ae0c1807324ad9bd9ccdea88c1b2357ab,src/main/java/com/gmail/nossr50/commands/mc/McabilityCommand.java,5,0,0,2,33,44,NoBug
f6e60bebccddd1a7fdbdf8b63b56e02dec485947,src/main/java/com/gmail/nossr50/skills/woodcutting/WoodcuttingManager.java,27,0,2,4,140,195,NoBug
857e12b96edf68bc2e2fdbdf72659ce82612bda1,src/main/java/com/gmail/nossr50/runnables/player/PlayerProfileLoadingTask.java,8,0,1,2,81,109,NoBug
6518d192ec8dec02b303d2bafb2b9276c1310aec,src/main/java/com/gmail/nossr50/commands/party/PartyInviteCommand.java,6,0,0,2,49,62,NoBug
53fdf750f4fb714055216e76c4625750bb4d41b3,src/main/java/com/gmail/nossr50/commands/player/InspectCommand.java,17,0,0,3,91,114,NoBug
10dd7619bf774c1eb885e267db2a161908e38cc0,src/main/java/com/gmail/nossr50/config/treasure/TreasureConfig.java,88,0,0,4,352,441,NoBug
2b9b5df1ee87b7f1a5f5527c6242b87ed8d601f1,src/main/java/com/gmail/nossr50/skills/taming/TamingManager.java,32,0,7,12,194,290,NoBug
2ca7d139fe2d73d9b0c88bee1cdd4a652e199ae1,src/main/java/com/gmail/nossr50/runnables/commands/MctopCommandAsyncTask.java,1,0,0,3,24,33,NoBug
c10525ada9ed2c0b77c518089a300e3b4e32e7c1,src/main/java/com/gmail/nossr50/database/DatabaseManager.java,1,0,13,3,29,136,Bag
1edb11cedf98faf89230484076bf6ea8ce5e2c8d,src/main/java/com/gmail/nossr50/util/MobHealthbarUtils.java,23,0,3,1,120,174,NoBug
93548317293e2c6c5195544b99d4ce7d900abea1,src/main/java/com/gmail/nossr50/skills/gathering/Herbalism.java,106,0,3,2,343,447,NoBug
96fdf265d53f406ca8b84cb530293c001b98fff7,src/main/java/com/gmail/nossr50/chat/PartyChatManager.java,1,0,0,3,23,31,NoBug
3c5bd3cedd3d5043725625b3f5b180c43eb9e5b3,src/main/java/com/gmail/nossr50/runnables/MobHealthDisplayUpdaterTask.java,4,0,0,3,25,31,NoBug
857e12b96edf68bc2e2fdbdf72659ce82612bda1,src/main/java/com/gmail/nossr50/mcMMO.java,43,0,2,21,392,518,NoBug
f0ee70871000c51e067cf9f19cc34d0076bfd0c8,src/main/java/com/gmail/nossr50/runnables/UpdaterResultAsyncTask.java,4,0,0,3,27,37,NoBug
1c30146491b87dd2388e6069a68876bf9096ab24,src/main/java/com/gmail/nossr50/listeners/PlayerListener.java,117,0,15,3,462,716,NoBug
385fe1bb053cbaf2e2d74e0ebc9fc104efb35012,src/main/java/com/gmail/nossr50/listeners/EntityListener.java,131,0,13,4,458,653,NoBug
c47bf844933bbe87dbfd74ba05dc80bf1f708076,src/main/java/com/gmail/nossr50/database/LeaderboardManager.java,55,0,2,6,297,378,NoBug
d5dc9895e4f4f2cce6ee127618775cafa37f7847,src/main/java/com/gmail/nossr50/listeners/PlayerListener.java,109,0,15,2,430,681,NoBug
de42063171b93a56e79911c82504b9bc54cde72b,src/main/java/com/gmail/nossr50/skills/fishing/FishingManager.java,81,0,6,9,370,549,NoBug
60304e9643f616589f39235046eb139f087190f4,src/main/java/com/gmail/nossr50/commands/McmmoCommand.java,20,0,0,2,91,114,NoBug
c14a4e9305750de47d8781ce743aebc4b67f46a9,src/main/java/com/gmail/nossr50/commands/party/PartyCommand.java,51,0,0,3,196,234,NoBug
f79a4741cc0cf1e1b7e232cfc4700a9df49c6da9,src/main/java/com/gmail/nossr50/runnables/skills/AlchemyBrewCheckTask.java,7,0,0,3,33,41,NoBug
385fe1bb053cbaf2e2d74e0ebc9fc104efb35012,src/main/java/com/gmail/nossr50/config/experience/ExperienceConfig.java,59,0,21,21,245,388,NoBug
3cff8aba16a5490844832c40de753b77cb791c5f,src/main/java/com/gmail/nossr50/config/Config.java,9,0,28,200,312,424,NoBug
bfa29cbf02eb3bece2bb4596ed2545c3aaa512d7,src/main/java/com/gmail/nossr50/spout/SpoutStuff.java,105,0,6,4,450,615,NoBug
2b9b5df1ee87b7f1a5f5527c6242b87ed8d601f1,src/main/java/com/gmail/nossr50/skills/unarmed/UnarmedManager.java,20,0,4,9,105,159,NoBug
f79a4741cc0cf1e1b7e232cfc4700a9df49c6da9,src/main/java/com/gmail/nossr50/listeners/InventoryListener.java,62,0,0,12,270,352,NoBug
c900edb261b67d1f2f1f493844ddcb162d152a17,src/main/java/com/gmail/nossr50/party/PartyManager.java,56,0,22,2,304,542,NoBug
0188629fe20e1ebbbcc73afe8f9c953d47558ab0,src/main/java/com/gmail/nossr50/util/HardcoreManager.java,17,0,2,3,104,146,NoBug
38cc7435dc64c02a9301d9540159733b06ed140f,src/main/java/com/gmail/nossr50/util/scoreboards/ScoreboardManager.java,37,0,10,14,294,419,NoBug
e13ba010bf15ff86bccfe6b2e2fc43e48d3df874,src/main/java/com/gmail/nossr50/commands/skills/ArcheryCommand.java,15,0,0,2,79,107,NoBug
c6ea32f0b09e3b6c1dbd6c302ae409061e937cba,src/main/java/com/gmail/nossr50/util/skills/CombatUtils.java,126,0,7,4,435,619,Bag
79a1ef5d3ed5aa676016ddd633385d51b86babee,src/main/java/com/gmail/nossr50/commands/party/teleport/PtpCommand.java,24,0,0,3,156,203,NoBug
43e3dd79776667d724514f5bee9be7bba00d823c,src/main/java/com/gmail/nossr50/skills/Excavation.java,96,0,0,5,225,283,NoBug
53fdf750f4fb714055216e76c4625750bb4d41b3,src/main/java/com/gmail/nossr50/commands/party/PartyCommand.java,51,0,0,3,191,228,NoBug
d0b0786284f4c85921dea4194d56a9c86a0ecaae,src/main/java/com/gmail/nossr50/skills/taming/TamingManager.java,31,0,7,12,190,285,Bag
299f440f637b05e243d2e72810475d8f9d488a65,src/main/java/com/gmail/nossr50/skills/Swords.java,53,0,0,6,205,253,NoBug
71ab6789450528b70a2cbb51ce7fa0cae8c65565,src/main/java/com/gmail/nossr50/skills/archery/ArcheryManager.java,8,0,4,5,67,110,NoBug
3a8f45a04db19fcf2aa64fadc30911243bf6f8b3,src/main/java/com/gmail/nossr50/util/BlockUtils.java,90,0,15,2,203,334,NoBug
1ca53da0e2d9947b1a583d97ffa0647bb9b459ab,src/main/java/com/gmail/nossr50/skills/repair/config/RepairConfig.java,35,0,0,2,128,166,NoBug
857e12b96edf68bc2e2fdbdf72659ce82612bda1,src/main/java/com/gmail/nossr50/api/ExperienceAPI.java,13,0,51,2,284,984,NoBug
93548317293e2c6c5195544b99d4ce7d900abea1,src/main/java/com/gmail/nossr50/skills/swords/CounterAttackEventHandler.java,4,0,0,1,39,52,NoBug
dd0150411181cf3f18e24bc8502694308e61f491,src/main/java/com/gmail/nossr50/listeners/EntityListener.java,139,0,13,4,470,706,NoBug
9eba2c683bfd5603080b24f590ab5141cbeed0ee,src/main/java/com/gmail/nossr50/commands/party/PartyInfoCommand.java,12,0,0,2,83,103,NoBug
59e6d9781f1f2074c4ea670f0a41691125849794,src/main/java/com/gmail/nossr50/skills/Repair.java,235,0,0,25,555,752,NoBug
93548317293e2c6c5195544b99d4ce7d900abea1,src/main/java/com/gmail/nossr50/skills/acrobatics/AcrobaticsManager.java,12,0,2,2,64,94,NoBug
93548317293e2c6c5195544b99d4ce7d900abea1,src/main/java/com/gmail/nossr50/util/Skills.java,95,0,17,1,325,522,NoBug
b9c652ef2b2e8307c6dae43bdc5905d23b3f454f,src/main/java/com/gmail/nossr50/datatypes/player/McMMOPlayer.java,72,0,25,63,586,931,NoBug
b5e4bebd75eed917e58338bd5cf9d7af826cc802,src/main/java/com/gmail/nossr50/Database.java,15,0,4,3,176,213,NoBug
8312570825311e5291da8e0bdd8c84f07278cd6d,src/main/java/com/gmail/nossr50/skills/utilities/CombatTools.java,158,0,5,1,451,618,NoBug
6518d192ec8dec02b303d2bafb2b9276c1310aec,src/main/java/com/gmail/nossr50/commands/player/InspectCommand.java,14,0,0,3,94,115,NoBug
a2cac82cba84f92e62c91207639c3c64b58f8738,src/main/java/com/gmail/nossr50/skills/swords/SwordsManager.java,13,0,3,6,69,104,NoBug
0b30920edd4682546c98d2f91a128959090f8150,src/main/java/com/gmail/nossr50/skills/WoodCutting.java,44,0,0,7,176,220,Bag
a2f80569e30fdd181a811b1c17d4b221b49bda00,src/main/java/com/gmail/nossr50/commands/experience/MmoeditCommand.java,2,0,0,1,33,42,NoBug
bf2e527e7274472705ba463c16435e8c92b6fcef,src/main/java/com/gmail/nossr50/skills/taming/TamingManager.java,21,0,6,11,137,210,NoBug
a9ea2e01372eb2c12d16227f37474caddf048a65,src/main/java/com/gmail/nossr50/skills/gathering/WoodCutting.java,88,0,3,1,318,458,Bag
4486261413923e160268a0c0e35abcab46d5965f,src/main/java/com/gmail/nossr50/skills/alchemy/AlchemyPotionBrewer.java,75,0,0,6,283,359,NoBug
6264bfa15faaeda7141aba6048310532249e01c1,src/main/java/com/gmail/nossr50/events/skills/alchemy/McMMOPlayerBrewEvent.java,1,0,0,6,29,39,NoBug
93548317293e2c6c5195544b99d4ce7d900abea1,src/main/java/com/gmail/nossr50/skills/acrobatics/AcrobaticsEventHandler.java,3,0,0,1,32,65,NoBug
bfa29cbf02eb3bece2bb4596ed2545c3aaa512d7,src/main/java/com/gmail/nossr50/mcMMO.java,36,0,12,11,376,561,NoBug
53fdf750f4fb714055216e76c4625750bb4d41b3,src/main/java/com/gmail/nossr50/util/commands/CommandUtils.java,33,0,5,17,180,280,NoBug
e13ba010bf15ff86bccfe6b2e2fc43e48d3df874,src/main/java/com/gmail/nossr50/commands/skills/UnarmedCommand.java,19,0,0,2,88,112,NoBug
4284fe1029e62bff2e39408a804c5c344fdb459d,src/main/java/com/gmail/nossr50/config/Config.java,8,0,30,207,316,432,NoBug
c10525ada9ed2c0b77c518089a300e3b4e32e7c1,src/main/java/com/gmail/nossr50/datatypes/database/UpgradeType.java,1,0,0,1,11,13,NoBug
cfa0daefc5cb66e3082b4d96db72f1f3fd2125ee,src/main/java/com/gmail/nossr50/util/EventUtils.java,20,0,1,17,204,283,NoBug
6d719988bf3a535fd65de54d6453d589fd4ecaeb,src/main/java/com/gmail/nossr50/skills/salvage/SalvageManager.java,34,0,5,9,181,266,NoBug
3158c7e3eb1faba87c5d79d8feafb966aae6a8ed,src/main/java/com/gmail/nossr50/commands/party/PartyHelpCommand.java,2,0,0,2,26,32,NoBug
75cbfa1b1c52dadc338dd7b0ac3fe14e16196aaa,src/main/java/com/gmail/nossr50/skills/alchemy/AlchemyPotionBrewer.java,48,0,0,8,193,250,NoBug
73d0b377ae26650b10200edb351985cb4203398f,src/main/java/com/gmail/nossr50/util/skills/CombatUtils.java,120,0,9,3,401,622,Bag
daab09555782bb87fc9a3245308078f868cc91d7,src/main/java/com/gmail/nossr50/util/skills/CombatUtils.java,136,0,8,9,503,718,NoBug
6264bfa15faaeda7141aba6048310532249e01c1,src/main/java/com/gmail/nossr50/skills/alchemy/AlchemyPotionBrewer.java,74,0,0,6,279,354,NoBug
103bf593f379020613e3bc63c09f153932d92bc3,src/main/java/com/gmail/nossr50/util/scoreboards/ScoreboardManager.java,37,0,10,14,282,406,NoBug
933b6f278bf76c35d038e11a568d0cc8fd403789,src/main/java/com/gmail/nossr50/config/Config.java,51,0,26,93,281,417,NoBug
e9dcb3100278ae2ccb92598f8e05ace2ebd903e2,src/main/java/com/gmail/nossr50/events/chat/McMMOPartyChatEvent.java,1,0,2,2,16,28,NoBug
9eba2c683bfd5603080b24f590ab5141cbeed0ee,src/main/java/com/gmail/nossr50/runnables/commands/MctopCommandAsyncTask.java,6,0,0,3,56,69,NoBug
b8e937a2342a0a51ec1d27b4da5f17e6c2fa1618,src/main/java/com/gmail/nossr50/config/treasure/TreasureConfig.java,66,0,0,2,282,348,NoBug
857e12b96edf68bc2e2fdbdf72659ce82612bda1,src/main/java/com/gmail/nossr50/database/FlatfileDatabaseManager.java,145,0,0,17,932,1162,NoBug
2b9b5df1ee87b7f1a5f5527c6242b87ed8d601f1,src/main/java/com/gmail/nossr50/util/skills/CombatUtils.java,136,0,8,9,503,718,NoBug
ea4048dce9ddff21d06d91e17d8e8caadccc7e99,src/main/java/com/gmail/nossr50/util/Leaderboard.java,37,0,2,2,180,236,NoBug
b7bb3f4487cb449ce4fd73530e1060d520da39f2,src/main/java/com/gmail/nossr50/commands/mc/McrankCommand.java,11,0,0,3,72,92,NoBug
4e86f60fd20aecd97f3ce388d0eafe14cf3d08e1,src/main/java/com/gmail/nossr50/skills/alchemy/AlchemyManager.java,16,0,0,11,82,99,NoBug
a87336b7ee1be024f6d61c382dc01c2ddde229bc,src/main/java/com/gmail/nossr50/commands/spout/XplockCommand.java,8,0,0,1,56,70,NoBug
70160468c08840318250219c89ef6b6b0f1017ff,src/main/java/com/gmail/nossr50/commands/party/PartyJoinCommand.java,12,0,0,2,69,94,NoBug
2b9b5df1ee87b7f1a5f5527c6242b87ed8d601f1,src/main/java/com/gmail/nossr50/skills/archery/ArcheryManager.java,9,0,4,5,67,108,NoBug
857e12b96edf68bc2e2fdbdf72659ce82612bda1,src/main/java/com/gmail/nossr50/listeners/PlayerListener.java,117,0,15,3,457,710,NoBug
ddbb0176e735ec33ef8caf5b4bc1bb3f03846d88,src/main/java/com/gmail/nossr50/listeners/mcBlockListener.java,130,0,0,6,358,482,NoBug
385fe1bb053cbaf2e2d74e0ebc9fc104efb35012,src/main/java/com/gmail/nossr50/mcMMO.java,45,0,2,21,408,537,NoBug
96fdf265d53f406ca8b84cb530293c001b98fff7,src/main/java/com/gmail/nossr50/runnables/party/PartyChatTask.java,6,0,0,3,40,52,NoBug
857e12b96edf68bc2e2fdbdf72659ce82612bda1,src/main/java/com/gmail/nossr50/util/Misc.java,12,0,3,9,82,130,NoBug
857e12b96edf68bc2e2fdbdf72659ce82612bda1,src/main/java/com/gmail/nossr50/commands/experience/ConvertExperienceCommand.java,5,0,0,2,39,51,NoBug
e13ba010bf15ff86bccfe6b2e2fc43e48d3df874,src/main/java/com/gmail/nossr50/commands/skills/AcrobaticsCommand.java,15,0,0,2,77,99,NoBug
e9dcb3100278ae2ccb92598f8e05ace2ebd903e2,src/main/java/com/gmail/nossr50/chat/ChatManager.java,6,0,0,8,55,75,NoBug
4aef4c63fcb09fa92ee86b1f0da68c4e86f3fced,src/main/java/com/gmail/nossr50/commands/skills/SkillGuideCommand.java,14,0,0,3,85,115,NoBug
e13ba010bf15ff86bccfe6b2e2fc43e48d3df874,src/main/java/com/gmail/nossr50/commands/skills/RepairCommand.java,40,0,0,2,132,168,NoBug
105b8b5a916e3981c8f50d501ca2b2a9f43d317b,src/main/java/com/gmail/nossr50/commands/general/XprateCommand.java,30,0,0,2,112,127,NoBug
cfa0daefc5cb66e3082b4d96db72f1f3fd2125ee,src/main/java/com/gmail/nossr50/runnables/StickyPistonTrackerTask.java,3,0,0,3,27,37,NoBug
70231b6ae0c1807324ad9bd9ccdea88c1b2357ab,src/main/java/com/gmail/nossr50/commands/CommandHelper.java,22,0,4,5,103,161,NoBug
ed09d1b390c259a8cf9ac8402b8e34aa01941302,src/main/java/com/gmail/nossr50/skills/fishing/FishingManager.java,41,0,6,3,191,304,NoBug
4b402d9837580fd72103d58d89dba3482f5f5ca2,src/main/java/com/gmail/nossr50/config/Config.java,60,0,27,112,311,455,NoBug
df53e2fd4f5f92e3c8752f71a4a2eab16c28e2ff,src/main/java/com/gmail/nossr50/skills/smelting/SmeltingManager.java,15,0,3,6,83,126,NoBug
d0c0b9a089d3b99e7fe68740860fef2d0275613f,src/main/java/com/gmail/nossr50/commands/mc/McabilityCommand.java,10,0,0,2,55,70,NoBug
2ca7d139fe2d73d9b0c88bee1cdd4a652e199ae1,src/main/java/com/gmail/nossr50/listeners/PlayerListener.java,83,0,13,3,370,541,NoBug
f77446919f4b0d0f50a29e1200263d7479eb0ca8,src/main/java/com/gmail/nossr50/events/fake/FakeEntityDamageEvent.java,2,0,1,3,24,37,NoBug
ec6a7e79d655d11826da2eaa46cb080f7c92f38a,src/main/java/com/gmail/nossr50/skills/mining/DemoltionsExpertiseEventHandler.java,4,0,0,2,31,39,NoBug
afd706bed8e272736c721a6f47764bd2b42a5415,src/main/java/com/gmail/nossr50/commands/player/MctopCommand.java,18,0,0,2,100,131,NoBug
43e3dd79776667d724514f5bee9be7bba00d823c,src/main/java/com/gmail/nossr50/listeners/mcBlockListener.java,108,0,0,6,303,408,NoBug
a16d5b62cf7a8b095c8a0a94158985d27daba6e7,src/main/java/com/gmail/nossr50/skills/utilities/CombatTools.java,147,0,5,1,432,593,NoBug
458f7f5f5b1a31f8e08f21b1413b379845efc280,src/main/java/com/gmail/nossr50/mcMMO.java,24,0,10,12,382,549,NoBug
65aa05a66023f92e7f8c39e32414508f5b22a67f,src/main/java/com/gmail/nossr50/commands/experience/SkillresetCommand.java,21,0,1,2,135,172,NoBug
3a8f45a04db19fcf2aa64fadc30911243bf6f8b3,src/main/java/com/gmail/nossr50/runnables/StickyPistonTrackerTask.java,3,0,0,3,27,37,NoBug
af578870c70b5c350e41dd079a35296f79b86f6b,src/main/java/com/gmail/nossr50/util/MobHealthbarUtils.java,24,0,2,1,120,174,NoBug
93548317293e2c6c5195544b99d4ce7d900abea1,src/main/java/com/gmail/nossr50/skills/acrobatics/RollEventHandler.java,10,0,0,1,76,107,NoBug
70231b6ae0c1807324ad9bd9ccdea88c1b2357ab,src/main/java/com/gmail/nossr50/commands/general/AddlevelsCommand.java,14,0,0,3,101,124,NoBug
c10525ada9ed2c0b77c518089a300e3b4e32e7c1,src/main/java/com/gmail/nossr50/util/uuid/UUIDFetcher.java,6,0,0,7,88,101,NoBug
bbbd12d46120f20a072c2f8f367af1cd5c2505f8,src/main/java/com/gmail/nossr50/skills/gathering/WoodCutting.java,110,0,3,1,359,515,NoBug
a0ef0d5708072eccbfa4a8cee8e6a8e78319dd96,src/main/java/com/gmail/nossr50/skills/axes/AxesManager.java,18,0,5,8,96,152,NoBug
b1cf7d03480f65138eb910d7ddd4fedcfcdbb9b6,src/main/java/com/gmail/nossr50/skills/herbalism/HerbalismManager.java,64,0,6,9,288,407,NoBug
d1fcd6958faac88d3da65211e826ba50116f2a9d,src/main/java/com/gmail/nossr50/runnables/skills/AlchemyBrewTask.java,14,0,0,5,82,107,NoBug
93548317293e2c6c5195544b99d4ce7d900abea1,src/main/java/com/gmail/nossr50/skills/swords/SerratedStrikesEventHandler.java,2,0,0,1,22,29,NoBug
2b9b5df1ee87b7f1a5f5527c6242b87ed8d601f1,src/main/java/com/gmail/nossr50/skills/axes/AxesManager.java,19,0,5,8,94,148,NoBug
70231b6ae0c1807324ad9bd9ccdea88c1b2357ab,src/main/java/com/gmail/nossr50/commands/mc/McgodCommand.java,5,0,0,2,33,44,NoBug
6518d192ec8dec02b303d2bafb2b9276c1310aec,src/main/java/com/gmail/nossr50/commands/party/PartyChangeOwnerCommand.java,3,0,0,2,29,36,NoBug
dd64c4008bfaa3ad7cda8e7e0f01b6fbe4c795f8,src/main/java/com/gmail/nossr50/commands/skills/FishingCommand.java,36,0,0,2,154,198,NoBug
70231b6ae0c1807324ad9bd9ccdea88c1b2357ab,src/main/java/com/gmail/nossr50/commands/general/InspectCommand.java,13,0,0,2,74,93,NoBug
88296da0af00b12cbbbe985ce51ee40f3677cec7,src/main/java/com/gmail/nossr50/skills/repair/Repair.java,33,0,1,4,89,114,NoBug
299f440f637b05e243d2e72810475d8f9d488a65,src/main/java/com/gmail/nossr50/skills/Axes.java,40,0,0,4,140,174,NoBug
2b9b5df1ee87b7f1a5f5527c6242b87ed8d601f1,src/main/java/com/gmail/nossr50/skills/archery/Archery.java,5,0,1,1,45,65,NoBug
213b4763e7beaffab428e5f38bdd58f85c22d0a2,src/main/java/com/gmail/nossr50/commands/CommandRegistrationHelper.java,15,0,0,27,321,369,NoBug
e13ba010bf15ff86bccfe6b2e2fc43e48d3df874,src/main/java/com/gmail/nossr50/commands/skills/SwordsCommand.java,15,0,0,2,85,109,NoBug
93548317293e2c6c5195544b99d4ce7d900abea1,src/main/java/com/gmail/nossr50/skills/taming/TamingManager.java,50,0,7,2,201,317,NoBug
58c7dcb70501cb7b9f379c7434ecb83b593a4dd6,src/main/java/com/gmail/nossr50/skills/archery/ArcheryManager.java,8,0,4,5,67,110,NoBug
6fbfec48b0589445a602eeb5f93fa35934832509,src/main/java/com/gmail/nossr50/runnables/party/PartyAutoKickTask.java,5,0,0,2,32,42,NoBug
81dae8c43d6fb64b682a61844cdb7a9a4625e40b,src/main/java/com/gmail/nossr50/commands/mc/McremoveCommand.java,13,0,0,3,110,135,NoBug
d9c04a09ba850bff96e1e8fb80995dc174880057,src/main/java/com/gmail/nossr50/skills/alchemy/AlchemyPotionBrewer.java,44,0,0,8,178,229,NoBug
d63c3fc6d0849c37d4eeac664cf4ff37b9bd5f21,src/main/java/com/gmail/nossr50/mcMMO.java,44,0,2,20,388,512,NoBug
c10525ada9ed2c0b77c518089a300e3b4e32e7c1,src/main/java/com/gmail/nossr50/runnables/database/UUIDUpdateAsyncTask.java,5,0,0,3,58,74,NoBug
b7bb3f4487cb449ce4fd73530e1060d520da39f2,src/main/java/com/gmail/nossr50/skills/Skills.java,100,0,16,4,320,519,NoBug
9eba2c683bfd5603080b24f590ab5141cbeed0ee,src/main/java/com/gmail/nossr50/datatypes/player/PlayerProfile.java,88,0,10,16,502,675,NoBug
70160468c08840318250219c89ef6b6b0f1017ff,src/main/java/com/gmail/nossr50/util/commands/CommandUtils.java,23,0,3,17,145,203,NoBug
e13ba010bf15ff86bccfe6b2e2fc43e48d3df874,src/main/java/com/gmail/nossr50/commands/skills/MiningCommand.java,36,0,0,2,162,188,NoBug
1ca53da0e2d9947b1a583d97ffa0647bb9b459ab,src/main/java/com/gmail/nossr50/skills/repair/Repair.java,49,0,1,4,118,146,NoBug
560c3860b4d6976157606de75926e001d9dee94f,src/main/java/com/gmail/nossr50/util/BlockUtils.java,90,0,16,1,196,329,NoBug
598c507849319bfc6180dfcb56be3cc6e90deef6,src/main/java/com/gmail/nossr50/skills/Swords.java,53,0,0,6,204,252,NoBug
6b9f6c29ec312e23cebd9bc697462cd394b53c93,src/main/java/com/gmail/nossr50/datatypes/skills/alchemy/PotionStage.java,9,0,0,4,51,73,NoBug
f77446919f4b0d0f50a29e1200263d7479eb0ca8,src/main/java/com/gmail/nossr50/events/fake/FakeEntityDamageByEntityEvent.java,2,0,1,3,24,37,NoBug
2b9b5df1ee87b7f1a5f5527c6242b87ed8d601f1,src/main/java/com/gmail/nossr50/commands/skills/ArcheryCommand.java,12,0,0,2,73,97,NoBug
857e12b96edf68bc2e2fdbdf72659ce82612bda1,src/main/java/com/gmail/nossr50/util/player/UserManager.java,9,0,5,6,68,115,NoBug
52f1e33052255369852b331fffde30f0dc495f59,src/main/java/com/gmail/nossr50/config/AutoUpdateConfigLoader.java,17,0,0,3,91,122,NoBug
6518d192ec8dec02b303d2bafb2b9276c1310aec,src/main/java/com/gmail/nossr50/util/Misc.java,36,0,8,14,202,319,NoBug
a2cbfa266897414c0a1adda8fd0ddd9e55e5d17b,src/main/java/com/gmail/nossr50/party/commands/PartyJoinCommand.java,14,0,0,2,77,102,NoBug
de42063171b93a56e79911c82504b9bc54cde72b,src/main/java/com/gmail/nossr50/config/AdvancedConfig.java,194,0,17,184,774,1062,NoBug
1edb11cedf98faf89230484076bf6ea8ce5e2c8d,src/main/java/com/gmail/nossr50/util/ModUtils.java,57,0,14,3,176,306,NoBug
df53e2fd4f5f92e3c8752f71a4a2eab16c28e2ff,src/main/java/com/gmail/nossr50/skills/taming/TamingManager.java,19,0,6,11,132,204,NoBug
2ed5e8e7174593601fcf7fdaae5afb0d97456c6f,src/main/java/com/gmail/nossr50/skills/gathering/Fishing.java,90,0,4,1,351,476,NoBug
a2cac82cba84f92e62c91207639c3c64b58f8738,src/main/java/com/gmail/nossr50/skills/unarmed/UnarmedManager.java,18,0,4,9,101,157,NoBug
2414ddf485ee872a3dc956bd02663fa8f8a3e4b1,src/main/java/com/gmail/nossr50/skills/woodcutting/Woodcutting.java,42,0,0,1,171,264,NoBug
f65adea2f9e3d84c3451affe8ee58a64044b5482,src/main/java/com/gmail/nossr50/config/AdvancedConfig.java,152,0,16,82,569,806,NoBug
e061acb44a2e1d3557da2cdb99086a779b9d3bad,src/main/java/com/gmail/nossr50/skills/unarmed/Unarmed.java,1,0,0,1,16,23,NoBug
9f33c6cef188912838096302e2bf140320c252be,src/main/java/com/gmail/nossr50/skills/repair/RepairManager.java,45,0,5,4,225,352,Bag
53fdf750f4fb714055216e76c4625750bb4d41b3,src/main/java/com/gmail/nossr50/commands/player/McrankCommand.java,14,0,0,3,80,101,NoBug
53fdf750f4fb714055216e76c4625750bb4d41b3,src/main/java/com/gmail/nossr50/datatypes/party/Party.java,33,0,1,34,258,341,NoBug
213b4763e7beaffab428e5f38bdd58f85c22d0a2,src/main/java/com/gmail/nossr50/database/commands/MmoupdateCommand.java,5,0,0,2,39,51,NoBug
741f629ab8b0bf04eb60c2f946ce8f60ced02b0a,src/main/java/com/gmail/nossr50/util/skills/ParticleEffectUtils.java,12,0,0,7,96,121,NoBug
90d6fbde482364cd78d3a77e896ac1d2ddbb6e16,src/main/java/com/gmail/nossr50/listeners/EntityListener.java,97,0,10,2,333,476,Bag
71ab6789450528b70a2cbb51ce7fa0cae8c65565,src/main/java/com/gmail/nossr50/skills/taming/TamingManager.java,29,0,7,12,175,267,NoBug
5670e6696a4adf2fe0e519c421c8468425d1f270,src/main/java/com/gmail/nossr50/skills/archery/ArcheryManager.java,9,0,4,5,67,108,NoBug
65aa05a66023f92e7f8c39e32414508f5b22a67f,src/main/java/com/gmail/nossr50/commands/experience/ExperienceCommand.java,22,0,0,3,119,151,NoBug
8deac175d1bdb21e45183268fb0ce604ad3a2f09,src/main/java/com/gmail/nossr50/database/FlatfileDatabaseManager.java,85,0,0,12,706,886,NoBug
4b20f12eff37d6a718c05ee2064104eabe61bc93,src/main/java/com/gmail/nossr50/config/experience/ExperienceConfig.java,50,0,18,17,207,332,NoBug
93548317293e2c6c5195544b99d4ce7d900abea1,src/main/java/com/gmail/nossr50/skills/taming/BeastLoreEventHandler.java,4,0,0,1,35,52,NoBug
93548317293e2c6c5195544b99d4ce7d900abea1,src/main/java/com/gmail/nossr50/skills/taming/CallOfTheWildEventHandler.java,12,0,0,1,82,104,NoBug
6518d192ec8dec02b303d2bafb2b9276c1310aec,src/main/java/com/gmail/nossr50/commands/player/McrankCommand.java,13,0,0,3,81,97,NoBug
d0c0b9a089d3b99e7fe68740860fef2d0275613f,src/main/java/com/gmail/nossr50/commands/mc/McrefreshCommand.java,8,0,0,2,59,74,NoBug
f84e98d8366bba5a67220b55d61efe0f3a075126,src/main/java/com/gmail/nossr50/skills/smelting/SmeltingManager.java,15,0,3,8,114,167,Bag
d6c6c7515716e3771d990158e1d2e69245c4c181,src/main/java/com/gmail/nossr50/datatypes/player/McMMOPlayer.java,62,0,25,61,542,873,NoBug
8e474170e47a445d9a2469347d339854fcfeabca,src/main/java/com/gmail/nossr50/skills/salvage/salvageables/Salvageable.java,1,0,10,1,16,83,NoBug
b3a6c32ef6e81ce828c7b5b4a88da1a8bc842594,src/main/java/com/gmail/nossr50/skills/alchemy/AlchemyPotionBrewer.java,44,0,0,8,178,229,NoBug
fc8ad40b00fa24262bceffb0a803dcc6cb6ea131,src/main/java/com/gmail/nossr50/datatypes/player/PlayerProfile.java,90,0,11,16,511,693,NoBug
61ae4826d17e1f6d19bd1b885fb3a7c548f5499f,src/main/java/com/gmail/nossr50/commands/party/PtpCommand.java,10,0,0,3,71,90,NoBug
0a68b82078fd36bd6fc5d1251d22fc6f69db2970,src/main/java/com/gmail/nossr50/skills/utilities/CombatTools.java,157,0,7,1,438,615,NoBug
c10525ada9ed2c0b77c518089a300e3b4e32e7c1,src/main/java/com/gmail/nossr50/datatypes/player/McMMOPlayer.java,77,0,23,65,603,937,Bag
c501ebb35725defa4a8be67f32d45b5c8168d75c,src/main/java/com/gmail/nossr50/commands/experience/ExperienceCommand.java,22,0,0,3,144,178,Bag
62aed496cc39fd19c82ff44156ab44bcf4cca976,src/main/java/com/gmail/nossr50/util/Misc.java,23,0,6,7,128,207,NoBug
bfa29cbf02eb3bece2bb4596ed2545c3aaa512d7,src/main/java/com/gmail/nossr50/spout/SpoutStart.java,2,0,0,2,13,20,NoBug
3c6dd290f40ba68f48b26e2bab97103ce6eabf8a,src/main/java/com/gmail/nossr50/config/AdvancedConfig.java,164,0,17,88,607,860,NoBug
a2f80569e30fdd181a811b1c17d4b221b49bda00,src/main/java/com/gmail/nossr50/commands/experience/AddlevelsCommand.java,2,0,0,1,33,42,NoBug
47db522cc133e877f917497e41cee29341494821,src/main/java/com/gmail/nossr50/skills/taming/TamingManager.java,31,0,7,12,191,285,Bag
976c3b84949c7f4b5f7c79691fd575afbcde4000,src/main/java/com/gmail/nossr50/skills/alchemy/AlchemyPotionBrewer.java,74,0,0,6,283,359,NoBug
71ab6789450528b70a2cbb51ce7fa0cae8c65565,src/main/java/com/gmail/nossr50/skills/unarmed/UnarmedManager.java,16,0,4,9,95,150,NoBug
213b4763e7beaffab428e5f38bdd58f85c22d0a2,src/main/java/com/gmail/nossr50/database/commands/McremoveCommand.java,6,0,0,2,43,52,NoBug
15743c5f4638b392784ff215f4106a6452f3cf63,src/main/java/com/gmail/nossr50/datatypes/skills/alchemy/AlchemyPotion.java,6,0,0,15,75,95,NoBug
f99e5e015d8b1b8e9b66e5b8f9ced284a3bd65d4,src/main/java/com/gmail/nossr50/util/HardcoreManager.java,17,0,2,3,99,143,NoBug
c88583c1c09885d8f4dce5a95e0b6c9326889a43,src/main/java/com/gmail/nossr50/chat/PartyChatManager.java,4,0,0,3,32,43,NoBug
f9dfec5bd00421e9c380c644cbaca744240d0e9a,src/main/java/com/gmail/nossr50/listeners/EntityListener.java,124,0,13,4,455,649,NoBug
53fdf750f4fb714055216e76c4625750bb4d41b3,src/main/java/com/gmail/nossr50/util/player/UserManager.java,9,0,5,7,76,127,NoBug
93548317293e2c6c5195544b99d4ce7d900abea1,src/main/java/com/gmail/nossr50/skills/archery/ArcheryManager.java,16,0,3,2,77,122,NoBug
6d7d8118144e79e3556916c7a54955e1b69abd4a,src/main/java/com/gmail/nossr50/skills/fishing/FishingManager.java,76,0,6,9,361,536,Bag
03354ed1cb8b999545bd20b000a376b19f831841,src/main/java/com/gmail/nossr50/listeners/InventoryListener.java,24,0,0,7,105,132,NoBug
d40d89f29af984e6964862b7720636d96e8f8f1b,src/main/java/com/gmail/nossr50/util/Permissions.java,2,0,24,106,154,242,NoBug
70231b6ae0c1807324ad9bd9ccdea88c1b2357ab,src/main/java/com/gmail/nossr50/commands/general/AddxpCommand.java,15,0,1,2,115,141,NoBug
8312570825311e5291da8e0bdd8c84f07278cd6d,src/main/java/com/gmail/nossr50/listeners/EntityListener.java,71,0,9,3,259,373,Bag
53fdf750f4fb714055216e76c4625750bb4d41b3,src/main/java/com/gmail/nossr50/commands/KrakenCommand.java,8,0,0,3,54,68,NoBug
857e12b96edf68bc2e2fdbdf72659ce82612bda1,src/main/java/com/gmail/nossr50/commands/database/ConvertDatabaseCommand.java,10,0,0,2,59,76,NoBug
6964f7adfcc76a91b4cbf091261c447df3fa6bc6,src/main/java/com/gmail/nossr50/config/mods/CustomArmorConfig.java,11,0,0,4,77,99,NoBug
445f805bb852cbb93d3824522de67c1400a47298,src/main/java/com/gmail/nossr50/skills/fishing/FishingManager.java,88,0,6,10,424,620,NoBug
38e19473028fc19d7774b8aa429b66d015b77bf1,src/main/java/com/gmail/nossr50/mcMMO.java,42,0,2,20,384,508,NoBug
c19d3fd0689b3a65b52e2f7dc9e290ed6dd76f49,src/main/java/com/gmail/nossr50/listeners/PlayerListener.java,108,0,12,3,408,595,NoBug
3ae9956df9b0fa55955ce890724d544214a6777c,src/main/java/com/gmail/nossr50/commands/player/McrankCommand.java,16,0,0,2,89,113,NoBug
e13ba010bf15ff86bccfe6b2e2fc43e48d3df874,src/main/java/com/gmail/nossr50/commands/skills/AxesCommand.java,22,0,0,2,98,125,NoBug
d1bf48ad796d6ea00b1bec80c9c0173006712314,src/main/java/com/gmail/nossr50/runnables/items/ChimaeraWingWarmup.java,7,0,0,3,45,59,NoBug
299f440f637b05e243d2e72810475d8f9d488a65,src/main/java/com/gmail/nossr50/runnables/mcTimer.java,8,0,0,3,40,82,Bag
f79a4741cc0cf1e1b7e232cfc4700a9df49c6da9,src/main/java/com/gmail/nossr50/runnables/skills/AlchemyBrewTask.java,13,0,0,5,82,107,NoBug
07e589aae34951523cb1997fd310693102a349fa,src/main/java/com/gmail/nossr50/config/AdvancedConfig.java,164,0,17,88,607,860,Bag
4b9d472f10e2edc9ac26c0416948437cbfcb32e2,src/main/java/com/gmail/nossr50/skills/alchemy/Alchemy.java,5,0,1,4,56,77,NoBug
9278ca4d27c0211aa886f7f6c4cb206c3cfcc998,src/main/java/com/gmail/nossr50/listeners/mcSelfListener.java,3,0,1,1,18,41,NoBug
696e82e622962f6e10d03d70545479e69cc1f365,src/main/java/com/gmail/nossr50/util/skills/CombatUtils.java,120,0,7,3,421,601,Bag
70231b6ae0c1807324ad9bd9ccdea88c1b2357ab,src/main/java/com/gmail/nossr50/commands/SkillCommand.java,6,0,0,3,65,91,NoBug
8e474170e47a445d9a2469347d339854fcfeabca,src/main/java/com/gmail/nossr50/skills/salvage/SalvageManager.java,35,0,5,9,181,266,NoBug
38e19473028fc19d7774b8aa429b66d015b77bf1,src/main/java/com/gmail/nossr50/util/Misc.java,12,0,3,9,81,129,NoBug
857e12b96edf68bc2e2fdbdf72659ce82612bda1,src/main/java/com/gmail/nossr50/database/DatabaseManager.java,1,0,14,3,30,138,NoBug
d0c0b9a089d3b99e7fe68740860fef2d0275613f,src/main/java/com/gmail/nossr50/commands/general/MmoeditCommand.java,17,0,0,2,102,125,NoBug
4210920c5f30dec16b7b5e4e1ee2d07c2b352993,src/main/java/com/gmail/nossr50/util/skills/CombatUtils.java,122,0,7,2,411,590,NoBug
9eba2c683bfd5603080b24f590ab5141cbeed0ee,src/main/java/com/gmail/nossr50/commands/party/PartyRenameCommand.java,7,0,0,2,44,59,NoBug
af60f08a8be8db4fd1f7e0d9d78976193cfbc188,src/main/java/com/gmail/nossr50/util/scoreboards/ScoreboardManager.java,32,0,0,11,255,330,NoBug
531e92bda329a544c97caf7c9dcade717c10d621,src/main/java/com/gmail/nossr50/skills/swords/SwordsCommand.java,15,0,0,2,95,118,NoBug
69a2a5cfff9be33b4a3df0f08e7a40ce489f5b4e,src/main/java/com/gmail/nossr50/listeners/PlayerListener.java,119,0,15,3,460,714,Bag
70231b6ae0c1807324ad9bd9ccdea88c1b2357ab,src/main/java/com/gmail/nossr50/commands/general/MmoeditCommand.java,15,0,0,2,102,124,Bag
30f7521a3ade7f1ded893e5e7819980c93297b33,src/main/java/com/gmail/nossr50/listeners/EntityListener.java,120,0,13,4,440,631,NoBug
53fdf750f4fb714055216e76c4625750bb4d41b3,src/main/java/com/gmail/nossr50/commands/party/teleport/PtpCommand.java,23,0,0,3,151,195,NoBug
c10525ada9ed2c0b77c518089a300e3b4e32e7c1,src/main/java/com/gmail/nossr50/datatypes/player/PlayerProfile.java,15,0,8,16,172,290,NoBug
2ed5e8e7174593601fcf7fdaae5afb0d97456c6f,src/main/java/com/gmail/nossr50/config/TreasuresConfig.java,44,0,0,2,181,248,NoBug
bc3773ae75cc21642fc04b06e57ab60f370d46e5,src/main/java/com/gmail/nossr50/listeners/InventoryListener.java,35,0,0,9,154,197,NoBug
d1bf48ad796d6ea00b1bec80c9c0173006712314,src/main/java/com/gmail/nossr50/util/ChimaeraWing.java,17,0,1,4,133,172,NoBug
4b402d9837580fd72103d58d89dba3482f5f5ca2,src/main/java/com/gmail/nossr50/util/ChimaeraWing.java,17,0,1,4,131,173,NoBug
70231b6ae0c1807324ad9bd9ccdea88c1b2357ab,src/main/java/com/gmail/nossr50/commands/general/SkillResetCommand.java,8,0,0,2,46,66,NoBug
be7992d5411324f8c86d59568a4207d5a4e71efa,src/main/java/com/gmail/nossr50/listeners/PlayerListener.java,108,0,12,3,411,599,NoBug
93548317293e2c6c5195544b99d4ce7d900abea1,src/main/java/com/gmail/nossr50/skills/gathering/Fishing.java,85,0,3,1,354,444,NoBug
f65adea2f9e3d84c3451affe8ee58a64044b5482,src/main/java/com/gmail/nossr50/skills/taming/TamingManager.java,32,0,7,12,197,294,NoBug
d0c0b9a089d3b99e7fe68740860fef2d0275613f,src/main/java/com/gmail/nossr50/commands/general/AddxpCommand.java,18,0,1,1,105,128,NoBug
2b9b5df1ee87b7f1a5f5527c6242b87ed8d601f1,src/main/java/com/gmail/nossr50/config/AdvancedConfig.java,164,0,17,88,607,860,NoBug
2ffdd340af434dee79e5ce88b437fe8e6389cad6,src/main/java/com/gmail/nossr50/commands/party/PartyHelpCommand.java,2,0,0,2,26,32,NoBug
43e3dd79776667d724514f5bee9be7bba00d823c,src/main/java/com/gmail/nossr50/skills/Mining.java,116,0,1,6,333,412,NoBug
522b085499cc975bb031ba6a04759e1841d49faa,src/main/java/com/gmail/nossr50/skills/smelting/SmeltingManager.java,14,0,3,8,110,162,NoBug
a2e32179bb6f32a59d07c8f66a6b742c966b6623,src/main/java/com/gmail/nossr50/util/commands/CommandUtils.java,32,0,5,17,176,276,Bag
f3c6346b957ed7934faf783b444be6074b24b947,src/main/java/com/gmail/nossr50/util/skills/CombatUtils.java,136,0,7,2,490,689,NoBug
58c7dcb70501cb7b9f379c7434ecb83b593a4dd6,src/main/java/com/gmail/nossr50/skills/taming/TamingManager.java,29,0,7,12,175,267,NoBug
b7bb3f4487cb449ce4fd73530e1060d520da39f2,src/main/java/com/gmail/nossr50/datatypes/McMMOPlayer.java,29,0,6,11,166,243,NoBug
bd45fff1b4bc9d3015c4d6c359f565adb42091e7,src/main/java/com/gmail/nossr50/skills/mining/MiningManager.java,39,0,10,7,191,297,NoBug
4210920c5f30dec16b7b5e4e1ee2d07c2b352993,src/main/java/com/gmail/nossr50/skills/swords/SwordsManager.java,11,0,1,8,64,86,NoBug
3fef87923a9d3a3ea6c5e33584aad8ecd1a20d13,src/main/java/com/gmail/nossr50/runnables/mcTimer.java,8,0,0,3,41,83,NoBug
5d246d2701233604d9b7c4d386dc7e05ecb9831b,src/main/java/com/gmail/nossr50/skills/taming/TrackedTamingEntity.java,6,0,0,2,58,74,NoBug
f3fd48d0c0754d8096800780d70636d1fd0a3d98,src/main/java/com/gmail/nossr50/datatypes/skills/alchemy/AlchemyPotion.java,9,0,0,15,82,104,NoBug
b964e3f7c327f9ab7f0d61ebbd3c1016a072c862,src/main/java/com/gmail/nossr50/chat/PartyChatManager.java,6,0,0,3,39,51,Bag
6c4ea34811c529ee3d6feff4628d0124237b1137,src/main/java/com/gmail/nossr50/skills/taming/TamingCommand.java,33,0,0,2,127,151,NoBug
c10525ada9ed2c0b77c518089a300e3b4e32e7c1,src/main/java/com/gmail/nossr50/database/FlatfileDatabaseManager.java,111,0,0,16,834,1045,Bag
6964f7adfcc76a91b4cbf091261c447df3fa6bc6,src/main/java/com/gmail/nossr50/config/mods/CustomBlocksConfig.java,13,0,0,3,98,120,NoBug
105b8b5a916e3981c8f50d501ca2b2a9f43d317b,src/main/java/com/gmail/nossr50/commands/general/MmoeditCommand.java,20,0,0,3,75,88,NoBug
b779258d695c19c416af8c4b27387d4fba165277,src/main/java/com/gmail/nossr50/util/skills/CombatUtils.java,151,0,7,1,425,603,NoBug
d0c0b9a089d3b99e7fe68740860fef2d0275613f,src/main/java/com/gmail/nossr50/commands/general/InspectCommand.java,10,0,0,2,68,87,NoBug
d0c0b9a089d3b99e7fe68740860fef2d0275613f,src/main/java/com/gmail/nossr50/commands/general/SkillResetCommand.java,15,0,0,2,79,99,NoBug
299f440f637b05e243d2e72810475d8f9d488a65,src/main/java/com/gmail/nossr50/skills/Fishing.java,225,0,1,4,769,836,NoBug
105b8b5a916e3981c8f50d501ca2b2a9f43d317b,src/main/java/com/gmail/nossr50/commands/general/WhoisCommand.java,21,0,0,3,84,107,NoBug
e9dcb3100278ae2ccb92598f8e05ace2ebd903e2,src/main/java/com/gmail/nossr50/events/chat/McMMOChatEvent.java,1,0,7,4,59,95,NoBug
c10525ada9ed2c0b77c518089a300e3b4e32e7c1,src/main/java/com/gmail/nossr50/commands/database/ConvertDatabaseCommand.java,10,0,0,2,58,75,Bag
bd45fff1b4bc9d3015c4d6c359f565adb42091e7,src/main/java/com/gmail/nossr50/util/ModUtils.java,57,0,13,3,173,295,NoBug
2f05c472ce8c467711c6f426d7da77504aa834d9,src/main/java/com/gmail/nossr50/party/PartyManager.java,62,0,29,4,355,653,NoBug
9eba2c683bfd5603080b24f590ab5141cbeed0ee,src/main/java/com/gmail/nossr50/commands/party/PartyCommand.java,30,0,0,2,128,155,NoBug
7e7505381b440d57c75e746e62a96173be26647a,src/main/java/com/gmail/nossr50/Combat.java,113,0,0,7,319,421,Bag
2ca7d139fe2d73d9b0c88bee1cdd4a652e199ae1,src/main/java/com/gmail/nossr50/util/skills/CombatUtils.java,139,0,7,2,493,694,NoBug
3ab4938f3d1b8c66f66901e121b6a871654c40bf,src/main/java/com/gmail/nossr50/listeners/PlayerListener.java,97,0,13,3,384,568,NoBug
71ab6789450528b70a2cbb51ce7fa0cae8c65565,src/main/java/com/gmail/nossr50/util/skills/CombatUtils.java,122,0,9,3,405,627,Bag
53fdf750f4fb714055216e76c4625750bb4d41b3,src/main/java/com/gmail/nossr50/commands/party/alliance/PartyAllianceCommand.java,14,0,0,3,108,137,NoBug
8001a928ea6a21a96b9ac74650a62bc2fbe16e1b,src/main/java/com/gmail/nossr50/listeners/PlayerListener.java,76,0,13,2,320,477,NoBug
560c3860b4d6976157606de75926e001d9dee94f,src/main/java/com/gmail/nossr50/skills/fishing/FishingManager.java,80,0,6,9,365,542,Bag
e99599c377e489b0216f66f8ac765f646bb85fdc,src/main/java/com/gmail/nossr50/skills/smelting/SmeltingManager.java,15,0,3,6,84,128,NoBug
06c9ea70689280ff3a11850953984356657f49fb,src/main/java/com/gmail/nossr50/skills/woodcutting/WoodcuttingManager.java,22,0,2,4,120,172,NoBug
a2cbfa266897414c0a1adda8fd0ddd9e55e5d17b,src/main/java/com/gmail/nossr50/party/PartyManager.java,53,0,22,2,296,529,NoBug
857e12b96edf68bc2e2fdbdf72659ce82612bda1,src/main/java/com/gmail/nossr50/datatypes/player/McMMOPlayer.java,72,0,23,65,555,871,NoBug
b5e4bebd75eed917e58338bd5cf9d7af826cc802,src/main/java/com/gmail/nossr50/skills/Skills.java,155,0,0,21,411,478,NoBug
e13ba010bf15ff86bccfe6b2e2fc43e48d3df874,src/main/java/com/gmail/nossr50/commands/skills/TamingCommand.java,34,0,0,2,136,164,NoBug
70231b6ae0c1807324ad9bd9ccdea88c1b2357ab,src/main/java/com/gmail/nossr50/commands/mc/McrefreshCommand.java,8,0,0,3,64,81,NoBug
7b5372a985ffd88cff25b30ff6f33dc28f77df16,src/main/java/com/gmail/nossr50/util/skills/CombatUtils.java,120,0,7,3,409,631,Bag
88296da0af00b12cbbbe985ce51ee40f3677cec7,src/main/java/com/gmail/nossr50/mcMMO.java,34,0,2,18,338,451,NoBug
6264bfa15faaeda7141aba6048310532249e01c1,src/main/java/com/gmail/nossr50/runnables/skills/AlchemyBrewCheckTask.java,8,0,0,3,33,44,NoBug
733d16cf3512ebeaf4601c09fb46f23c53d174dc,src/main/java/com/gmail/nossr50/skills/alchemy/AlchemyPotionBrewer.java,44,0,0,8,177,228,NoBug
105b8b5a916e3981c8f50d501ca2b2a9f43d317b,src/main/java/com/gmail/nossr50/commands/party/ACommand.java,20,0,0,3,71,95,NoBug
93548317293e2c6c5195544b99d4ce7d900abea1,src/main/java/com/gmail/nossr50/skills/swords/SwordsManager.java,16,0,1,4,78,110,NoBug
687f87a748608c5ec60271e063a3d0c36bef72fa,src/main/java/com/gmail/nossr50/listeners/InventoryListener.java,64,0,0,13,279,364,NoBug
a2cac82cba84f92e62c91207639c3c64b58f8738,src/main/java/com/gmail/nossr50/skills/archery/ArcheryManager.java,8,0,4,5,68,111,NoBug
1647ef4fae54177ed24f2dc4c4bae9d1a266fc97,src/main/java/com/gmail/nossr50/util/scoreboards/ScoreboardManager.java,32,0,0,11,255,330,NoBug
d78a1efbf61e12c51a037e0b2699e74be22cf4ef,src/main/java/com/gmail/nossr50/skills/repair/RepairManager.java,44,0,4,4,227,351,NoBug
6d5f3a52f4ad7c2ef840d4f6b33f7da20eecef48,src/main/java/com/gmail/nossr50/listeners/PlayerListener.java,109,0,15,2,433,682,NoBug
121354e489a4de001d36c7d64727a7ea120f3b14,src/main/java/com/gmail/nossr50/util/Page.java,18,0,0,5,75,94,NoBug
b695f9ed279173c2a17e212c03c8686171dfbe78,src/main/java/com/gmail/nossr50/mcMMO.java,26,0,1,12,276,408,NoBug
93548317293e2c6c5195544b99d4ce7d900abea1,src/main/java/com/gmail/nossr50/skills/combat/Axes.java,27,0,3,1,120,194,NoBug
d0c0b9a089d3b99e7fe68740860fef2d0275613f,src/main/java/com/gmail/nossr50/commands/mc/McgodCommand.java,5,0,0,2,33,43,NoBug
b8e937a2342a0a51ec1d27b4da5f17e6c2fa1618,src/main/java/com/gmail/nossr50/listeners/BlockListener.java,93,0,7,2,245,358,NoBug
1c30146491b87dd2388e6069a68876bf9096ab24,src/main/java/com/gmail/nossr50/skills/unarmed/Unarmed.java,10,0,0,2,65,87,NoBug
2b7178fb0013afb61f49845ada294578f9e31959,src/main/java/com/gmail/nossr50/commands/party/PartyJoinCommand.java,12,0,0,2,69,94,NoBug
e7ee23b8716f25a782624aa82f69502c904d8f92,src/main/java/com/gmail/nossr50/listeners/InventoryListener.java,30,0,0,8,127,165,NoBug
a4a1ba43318a0757816fc57010922d0002dbcac9,src/main/java/com/gmail/nossr50/mcMMO.java,23,0,2,17,280,377,NoBug
3a8f45a04db19fcf2aa64fadc30911243bf6f8b3,src/main/java/com/gmail/nossr50/runnables/PistonTrackerTask.java,6,0,0,3,36,48,NoBug
a2cac82cba84f92e62c91207639c3c64b58f8738,src/main/java/com/gmail/nossr50/listeners/EntityListener.java,120,0,13,4,436,628,Bag
a2cac82cba84f92e62c91207639c3c64b58f8738,src/main/java/com/gmail/nossr50/skills/acrobatics/AcrobaticsManager.java,25,0,3,4,106,168,NoBug
213b4763e7beaffab428e5f38bdd58f85c22d0a2,src/main/java/com/gmail/nossr50/database/commands/McpurgeCommand.java,6,0,0,2,37,46,NoBug
9eba2c683bfd5603080b24f590ab5141cbeed0ee,src/main/java/com/gmail/nossr50/runnables/database/SQLConversionTask.java,31,0,0,2,228,278,NoBug
3a8f45a04db19fcf2aa64fadc30911243bf6f8b3,src/main/java/com/gmail/nossr50/listeners/BlockListener.java,103,0,7,2,267,390,NoBug
730f786d5be89f6b048803b7633821233832ddc3,src/main/java/com/gmail/nossr50/commands/party/teleport/PtpAcceptCommand.java,10,0,0,2,53,65,NoBug
9eba2c683bfd5603080b24f590ab5141cbeed0ee,src/main/java/com/gmail/nossr50/party/PartyManager.java,56,0,22,2,307,545,NoBug
6518d192ec8dec02b303d2bafb2b9276c1310aec,src/main/java/com/gmail/nossr50/util/player/UserManager.java,4,0,7,3,56,110,NoBug
9377de930fcf7373fff129950529012731c985f9,src/main/java/com/gmail/nossr50/skills/repair/RepairManager.java,44,0,4,4,227,351,NoBug
af578870c70b5c350e41dd079a35296f79b86f6b,src/main/java/com/gmail/nossr50/skills/repair/Repair.java,34,0,1,4,92,118,NoBug
fc8ad40b00fa24262bceffb0a803dcc6cb6ea131,src/main/java/com/gmail/nossr50/commands/experience/AddxpCommand.java,2,0,0,1,33,41,NoBug
0ebc555136c437aba2d8f2e04ae9a018e65764d6,src/main/java/com/gmail/nossr50/runnables/items/ChimaeraWingWarmup.java,6,0,0,3,44,56,NoBug
a2cbfa266897414c0a1adda8fd0ddd9e55e5d17b,src/main/java/com/gmail/nossr50/party/commands/PartyCreateCommand.java,7,0,0,2,47,62,NoBug
f94343f13b7080e43ffd0c4b57398f044fe5b16b,src/main/java/com/gmail/nossr50/listeners/EntityListener.java,113,0,12,4,415,596,Bag
933b6f278bf76c35d038e11a568d0cc8fd403789,src/main/java/com/gmail/nossr50/util/Misc.java,35,0,8,13,197,313,NoBug
b7bb3f4487cb449ce4fd73530e1060d520da39f2,src/main/java/com/gmail/nossr50/spout/SpoutStuff.java,103,0,6,2,435,598,NoBug
ce32792668cc2517f4f55c8367e865fdfcc35331,src/main/java/com/gmail/nossr50/util/skills/CombatUtils.java,122,0,7,2,411,590,NoBug
61ae4826d17e1f6d19bd1b885fb3a7c548f5499f,src/main/java/com/gmail/nossr50/datatypes/PlayerProfile.java,140,0,26,33,736,1183,NoBug
df53e2fd4f5f92e3c8752f71a4a2eab16c28e2ff,src/main/java/com/gmail/nossr50/skills/fishing/FishingManager.java,41,0,6,3,191,304,NoBug
6f1ee88b786a4881b69e4ab9dc24ec019704867c,src/main/java/com/gmail/nossr50/config/Config.java,12,0,27,214,317,418,NoBug
ade9e20cdd627ac6632445adcb2caf48de355d06,src/main/java/com/gmail/nossr50/util/skills/CombatUtils.java,122,0,7,2,411,590,Bag
b107a8dc7c32ed4f1c2863aa5e6bdf4a9b142c89,src/main/java/com/gmail/nossr50/skills/alchemy/AlchemyPotionBrewer.java,47,0,0,8,191,247,NoBug
93548317293e2c6c5195544b99d4ce7d900abea1,src/main/java/com/gmail/nossr50/skills/taming/EnvironmentallyAwareEventHandler.java,4,0,0,1,31,42,NoBug
58c7dcb70501cb7b9f379c7434ecb83b593a4dd6,src/main/java/com/gmail/nossr50/skills/unarmed/UnarmedManager.java,16,0,4,9,95,150,NoBug
93548317293e2c6c5195544b99d4ce7d900abea1,src/main/java/com/gmail/nossr50/skills/unarmed/UnarmedManager.java,21,0,3,2,99,155,NoBug
b695f9ed279173c2a17e212c03c8686171dfbe78,src/main/java/com/gmail/nossr50/listeners/mcBlockListener.java,125,0,0,6,342,462,Bag
e865acd87157df89069d029928556d3dc1eb2ac3,src/main/java/com/gmail/nossr50/locale/LocaleLoader.java,9,0,1,4,90,116,NoBug
0185a30ec9185ba5c36b461459d725d5f4c40968,src/main/java/com/gmail/nossr50/util/player/UserManager.java,9,0,5,6,69,117,NoBug
8dfa8c20f32e391c3d299abc51514a6601ed6e80,src/main/java/com/gmail/nossr50/util/blockmeta/HashChunkletManager.java,53,0,0,19,299,389,NoBug
d9bd0ace9a5d1606afd087b8458100e1c9accbef,src/main/java/com/gmail/nossr50/mcMMO.java,25,0,9,9,315,476,NoBug
4844be80da103a88eadf1b0db3d185c29cbabe2a,src/main/java/com/gmail/nossr50/config/experience/ExperienceConfig.java,57,0,20,19,236,372,NoBug
58c7dcb70501cb7b9f379c7434ecb83b593a4dd6,src/main/java/com/gmail/nossr50/util/skills/CombatUtils.java,121,0,9,5,420,647,Bag
ead716ef0d0c194c25c33f72b3232f9070b0f504,src/main/java/com/gmail/nossr50/commands/party/teleport/PtpCommand.java,25,0,0,3,159,207,NoBug
b107a8dc7c32ed4f1c2863aa5e6bdf4a9b142c89,src/main/java/com/gmail/nossr50/events/fake/FakeBrewEvent.java,1,0,0,2,9,12,NoBug
ae8b70be0f984e3a0a3283dc4059d66f86116843,src/main/java/com/gmail/nossr50/database/LeaderboardManager.java,59,0,2,6,316,404,NoBug
b1fc72e8a9f8f54773ebfd9bb11a768d51b8c432,src/main/java/com/gmail/nossr50/listeners/PlayerListener.java,110,0,15,2,431,683,Bag
857e12b96edf68bc2e2fdbdf72659ce82612bda1,src/main/java/com/gmail/nossr50/config/Config.java,69,0,29,123,352,512,NoBug
3403aef37d34d75544d5eec475b69a08179e7cf0,src/main/java/com/gmail/nossr50/util/scoreboards/ScoreboardWrapper.java,53,0,2,22,415,565,NoBug
43e3dd79776667d724514f5bee9be7bba00d823c,src/main/java/com/gmail/nossr50/skills/WoodCutting.java,44,0,0,7,180,226,NoBug
6d5f3a52f4ad7c2ef840d4f6b33f7da20eecef48,src/main/java/com/gmail/nossr50/util/player/UserManager.java,6,0,6,5,69,122,NoBug
a2f80569e30fdd181a811b1c17d4b221b49bda00,src/main/java/com/gmail/nossr50/events/experience/McMMOPlayerLevelUpEvent.java,1,0,3,2,20,38,NoBug
93548317293e2c6c5195544b99d4ce7d900abea1,src/main/java/com/gmail/nossr50/skills/gathering/BlastMining.java,44,0,4,1,207,322,NoBug
e9dcb3100278ae2ccb92598f8e05ace2ebd903e2,src/main/java/com/gmail/nossr50/events/chat/McMMOAdminChatEvent.java,1,0,1,2,10,17,NoBug
e9dcb3100278ae2ccb92598f8e05ace2ebd903e2,src/main/java/com/gmail/nossr50/chat/commands/AdminChatCommand.java,2,0,0,2,22,27,NoBug
458f7f5f5b1a31f8e08f21b1413b379845efc280,src/main/java/com/gmail/nossr50/commands/admin/XprateCommand.java,15,0,0,2,79,94,NoBug
b3474c04c7674c4ed16ad1707830fe0cef055f4b,src/main/java/com/gmail/nossr50/database/SQLDatabaseManager.java,130,0,1,12,998,1265,NoBug
420559efecdfc2de00cd028eab1ac8e96f0e40fb,src/main/java/com/gmail/nossr50/skills/smelting/SmeltingManager.java,16,0,3,8,114,167,NoBug
cd40507609c52dbb3f5e043a53a865c894d116e7,src/main/java/com/gmail/nossr50/skills/gathering/WoodCutting.java,104,0,3,1,343,491,NoBug
a2cac82cba84f92e62c91207639c3c64b58f8738,src/main/java/com/gmail/nossr50/skills/taming/TamingManager.java,31,0,7,12,190,285,Bag
724aad8504615c7f13046153d154a9bb9cff6b47,src/main/java/com/gmail/nossr50/skills/mining/SuperBreakerEventHandler.java,23,0,0,1,92,125,NoBug
53fdf750f4fb714055216e76c4625750bb4d41b3,src/main/java/com/gmail/nossr50/commands/ToggleCommand.java,9,0,0,3,61,77,NoBug
e77be3350f279d7e6502ed8d9d8e28fdf6caef82,src/main/java/com/gmail/nossr50/Combat.java,113,0,3,6,331,455,NoBug
71ab6789450528b70a2cbb51ce7fa0cae8c65565,src/main/java/com/gmail/nossr50/skills/axes/AxesManager.java,19,0,5,8,94,150,NoBug
3ab4938f3d1b8c66f66901e121b6a871654c40bf,src/main/java/com/gmail/nossr50/skills/repair/RepairManager.java,48,0,5,4,244,380,NoBug
299f440f637b05e243d2e72810475d8f9d488a65,src/main/java/com/gmail/nossr50/skills/Taming.java,11,0,0,4,54,77,NoBug
800786111c7d5446e6eb96fcc0a212680ed2fdfa,src/main/java/com/gmail/nossr50/locale/LocaleLoader.java,9,0,1,4,91,117,NoBug
a9488bc18b653daf29e0e7538cc6c6c5e6621f1a,src/main/java/com/gmail/nossr50/util/skills/CombatUtils.java,129,0,7,5,441,629,NoBug
a14fc3e3c92780fe8b65955f7c3a11db1f1346a9,src/main/java/com/gmail/nossr50/commands/party/PartyCommand.java,30,0,0,2,129,155,NoBug
e13ba010bf15ff86bccfe6b2e2fc43e48d3df874,src/main/java/com/gmail/nossr50/commands/skills/HerbalismCommand.java,29,0,0,2,105,135,NoBug
037022b175407ef7373ed0172adf0f8aba2d7ce3,src/main/java/com/gmail/nossr50/listeners/EntityListener.java,129,0,13,4,459,655,NoBug
c10525ada9ed2c0b77c518089a300e3b4e32e7c1,src/main/java/com/gmail/nossr50/database/SQLDatabaseManager.java,184,0,1,16,1298,1651,Bag
93548317293e2c6c5195544b99d4ce7d900abea1,src/main/java/com/gmail/nossr50/skills/gathering/Excavation.java,22,0,2,1,103,145,NoBug
a5bcc3ce589e545295854dc192f267b1ba3f0d8d,src/main/java/com/gmail/nossr50/skills/woodcutting/Woodcutting.java,28,0,0,1,132,233,NoBug
e0592b3f622bf0c20112dc714b7a7ba8fec1cb43,src/main/java/com/gmail/nossr50/util/Misc.java,33,0,8,13,187,300,NoBug
