Hash,LongName,McCC,CLOC,PDA,PUA,LLOC,LOC,Number of Bugs
0086160ebf70290f675082763008c183739fe16d,enterprise/causal-clustering/src/test/java/org/neo4j/causalclustering/core/state/ClusterStateDirectoryTest.java,1,0,0,4,54,100,NoBug
0096aa118a7bcf9db9468f625a911b615c3b2691,enterprise/cluster/src/main/java/org/neo4j/cluster/protocol/atomicbroadcast/multipaxos/context/AbstractContextImpl.java,1,0,0,0,100,141,Bag
0096aa118a7bcf9db9468f625a911b615c3b2691,enterprise/cluster/src/main/java/org/neo4j/cluster/protocol/cluster/ClusterConfiguration.java,17,0,1,25,235,296,Bag
00cdb38cb848c469c6f3916a7c486a0f34110254,integrationtests/src/test/java/org/neo4j/procedure/ProcedureIT.java,10,0,0,76,743,987,Bag
018bda69d1f34ef407a5ac1491ccf9a1f1644d40,community/kernel/src/main/java/org/neo4j/graphdb/factory/GraphDatabaseSettings.java,11,0,1,0,304,432,NoBug
018bda69d1f34ef407a5ac1491ccf9a1f1644d40,community/cypher/cypher/src/test/java/org/neo4j/cypher/QueryInvalidationIT.java,6,0,0,3,114,176,NoBug
01b558051d5436aecea5f7f6477fabf686fa3c34,community/kernel/src/main/java/org/neo4j/kernel/impl/api/OperationsFacade.java,17,0,11,135,1219,1446,Bag
01b558051d5436aecea5f7f6477fabf686fa3c34,community/kernel/src/main/java/org/neo4j/kernel/impl/api/TwoPhaseNodeForRelationshipLocking.java,9,0,0,0,88,130,NoBug
01b558051d5436aecea5f7f6477fabf686fa3c34,community/kernel/src/test/java/org/neo4j/kernel/impl/api/OperationsFacadeTest.java,1,0,0,4,87,125,NoBug
01b558051d5436aecea5f7f6477fabf686fa3c34,community/kernel/src/test/java/org/neo4j/kernel/impl/api/LockingStatementOperationsTest.java,1,0,0,28,373,566,Bag
01b558051d5436aecea5f7f6477fabf686fa3c34,community/kernel/src/main/java/org/neo4j/kernel/impl/api/LockingStatementOperations.java,6,0,1,46,446,560,NoBug
01b558051d5436aecea5f7f6477fabf686fa3c34,community/kernel/src/test/java/org/neo4j/kernel/impl/api/TwoPhaseNodeForRelationshipLockingTest.java,3,0,0,4,163,219,NoBug
01b8004f6728da75183eae7588ebc532d8257324,enterprise/com/src/test/java/org/neo4j/com/storecopy/StoreCopyClientTest.java,3,0,0,6,250,342,Bag
01b8004f6728da75183eae7588ebc532d8257324,enterprise/com/src/main/java/org/neo4j/com/storecopy/StoreCopyClient.java,8,0,2,22,271,380,Bag
01fa743af522d870e71c4a7c77de9b062756f70e,community/kernel/src/test/java/org/neo4j/helpers/ValueUtilsTest.java,1,0,0,5,65,115,NoBug
01fa743af522d870e71c4a7c77de9b062756f70e,community/kernel/src/main/java/org/neo4j/helpers/ValueUtils.java,30,0,1,12,249,297,NoBug
02db00065c45019d44b85fc53c820b7de6fddaff,community/kernel/src/test/java/org/neo4j/kernel/impl/transaction/log/PhysicalLogicalTransactionStoreTest.java,3,0,0,7,319,400,Bag
02db00065c45019d44b85fc53c820b7de6fddaff,community/kernel/src/test/java/org/neo4j/kernel/impl/transaction/log/PhysicalLogFileTest.java,5,0,0,7,223,289,Bag
02db00065c45019d44b85fc53c820b7de6fddaff,community/kernel/src/main/java/org/neo4j/kernel/impl/transaction/log/PhysicalLogFile.java,16,0,2,18,234,374,Bag
035903e9ebdada5ea1269b223a6b5ee102763a1d,enterprise/causal-clustering/src/test/java/org/neo4j/causalclustering/catchup/storecopy/RemoteStoreTest.java,2,0,0,4,91,142,NoBug
035903e9ebdada5ea1269b223a6b5ee102763a1d,enterprise/causal-clustering/src/main/java/org/neo4j/causalclustering/readreplica/ReadReplicaStartupProcess.java,11,0,0,0,157,196,NoBug
035903e9ebdada5ea1269b223a6b5ee102763a1d,enterprise/causal-clustering/src/test/java/org/neo4j/causalclustering/readreplica/ReadReplicaStartupProcessTest.java,2,0,0,6,112,169,NoBug
035903e9ebdada5ea1269b223a6b5ee102763a1d,enterprise/causal-clustering/src/test/java/org/neo4j/causalclustering/core/state/snapshot/CoreStateDownloaderTest.java,2,0,0,7,104,164,NoBug
035903e9ebdada5ea1269b223a6b5ee102763a1d,enterprise/causal-clustering/src/main/java/org/neo4j/causalclustering/catchup/storecopy/StoreCopyProcess.java,1,0,0,3,35,60,NoBug
035903e9ebdada5ea1269b223a6b5ee102763a1d,enterprise/causal-clustering/src/main/java/org/neo4j/causalclustering/core/state/snapshot/CoreStateDownloader.java,9,0,0,3,102,151,NoBug
035903e9ebdada5ea1269b223a6b5ee102763a1d,enterprise/causal-clustering/src/test/java/org/neo4j/causalclustering/helpers/DataCreator.java,2,0,0,2,16,41,NoBug
035903e9ebdada5ea1269b223a6b5ee102763a1d,enterprise/causal-clustering/src/main/java/org/neo4j/causalclustering/catchup/tx/TransactionLogCatchUpWriter.java,5,0,0,3,90,134,NoBug
035903e9ebdada5ea1269b223a6b5ee102763a1d,enterprise/causal-clustering/src/main/java/org/neo4j/causalclustering/core/state/machines/CoreStateMachinesModule.java,1,0,0,2,177,232,NoBug
035903e9ebdada5ea1269b223a6b5ee102763a1d,enterprise/causal-clustering/src/main/java/org/neo4j/causalclustering/catchup/storecopy/RemoteStore.java,8,0,1,4,130,191,NoBug
035903e9ebdada5ea1269b223a6b5ee102763a1d,enterprise/causal-clustering/src/main/java/org/neo4j/causalclustering/core/state/CoreState.java,8,0,0,11,157,213,NoBug
035903e9ebdada5ea1269b223a6b5ee102763a1d,community/kernel/src/main/java/org/neo4j/kernel/recovery/DefaultRecoverySPI.java,2,0,0,7,104,145,NoBug
035903e9ebdada5ea1269b223a6b5ee102763a1d,enterprise/causal-clustering/src/main/java/org/neo4j/causalclustering/core/state/machines/CoreStateMachines.java,4,0,0,7,142,191,NoBug
035903e9ebdada5ea1269b223a6b5ee102763a1d,enterprise/causal-clustering/src/main/java/org/neo4j/causalclustering/core/server/CoreServerModule.java,2,0,0,2,155,210,NoBug
035903e9ebdada5ea1269b223a6b5ee102763a1d,enterprise/causal-clustering/src/test/java/org/neo4j/causalclustering/catchup/tx/CatchupPollingProcessTest.java,1,0,0,9,153,232,NoBug
035903e9ebdada5ea1269b223a6b5ee102763a1d,enterprise/causal-clustering/src/main/java/org/neo4j/causalclustering/readreplica/EnterpriseReadReplicaEditionModule.java,2,0,1,2,217,293,Bag
035903e9ebdada5ea1269b223a6b5ee102763a1d,enterprise/causal-clustering/src/test/java/org/neo4j/causalclustering/discovery/Cluster.java,28,0,3,30,407,565,NoBug
035903e9ebdada5ea1269b223a6b5ee102763a1d,enterprise/causal-clustering/src/test/java/org/neo4j/causalclustering/core/state/machines/CoreStateMachinesTest.java,4,0,0,4,132,189,NoBug
035903e9ebdada5ea1269b223a6b5ee102763a1d,enterprise/causal-clustering/src/main/java/org/neo4j/causalclustering/core/state/machines/tx/RecoverConsensusLogIndex.java,1,0,1,2,22,51,NoBug
035903e9ebdada5ea1269b223a6b5ee102763a1d,community/kernel/src/test/java/org/neo4j/kernel/RecoveryTest.java,3,0,0,6,334,436,NoBug
035903e9ebdada5ea1269b223a6b5ee102763a1d,enterprise/causal-clustering/src/main/java/org/neo4j/causalclustering/catchup/tx/CatchupPollingProcess.java,19,0,1,5,275,340,NoBug
035903e9ebdada5ea1269b223a6b5ee102763a1d,enterprise/causal-clustering/src/test/java/org/neo4j/causalclustering/scenarios/TransactionLogRecoveryIT.java,1,0,1,4,90,164,NoBug
035903e9ebdada5ea1269b223a6b5ee102763a1d,enterprise/causal-clustering/src/main/java/org/neo4j/causalclustering/catchup/storecopy/LocalDatabase.java,7,0,1,15,165,216,NoBug
035903e9ebdada5ea1269b223a6b5ee102763a1d,enterprise/causal-clustering/src/main/java/org/neo4j/causalclustering/core/EnterpriseCoreEditionModule.java,5,0,1,4,249,328,Bag
035903e9ebdada5ea1269b223a6b5ee102763a1d,community/kernel/src/main/java/org/neo4j/kernel/recovery/Recovery.java,5,0,1,13,81,125,NoBug
035903e9ebdada5ea1269b223a6b5ee102763a1d,enterprise/causal-clustering/src/test/java/org/neo4j/causalclustering/backup/ClusterSeedingIT.java,3,0,0,7,124,187,NoBug
036e0742c9800ed47922595c97274b360cfbc9ef,enterprise/security/src/main/java/org/neo4j/commandline/admin/security/RolesCommand.java,31,0,0,23,333,397,Bag
036e0742c9800ed47922595c97274b360cfbc9ef,enterprise/security/src/test/java/org/neo4j/server/security/enterprise/auth/EmbeddedInteraction.java,4,0,0,16,140,181,Bag
036e0742c9800ed47922595c97274b360cfbc9ef,enterprise/security/src/test/java/org/neo4j/server/security/enterprise/auth/ThreadedTransaction.java,9,0,0,1,119,154,Bag
036e0742c9800ed47922595c97274b360cfbc9ef,enterprise/security/src/test/java/org/neo4j/server/security/enterprise/auth/BoltInteraction.java,17,0,0,0,289,349,Bag
036e0742c9800ed47922595c97274b360cfbc9ef,enterprise/security/src/main/java/org/neo4j/server/security/enterprise/auth/EnterpriseAuthManagerFactory.java,16,0,1,3,139,199,Bag
036e0742c9800ed47922595c97274b360cfbc9ef,enterprise/security/src/test/java/org/neo4j/server/security/enterprise/auth/NeoInteractionLevel.java,1,0,1,15,37,77,Bag
036e0742c9800ed47922595c97274b360cfbc9ef,enterprise/kernel/src/main/java/org/neo4j/kernel/impl/enterprise/EnterpriseEditionModule.java,3,0,1,2,76,110,Bag
036e0742c9800ed47922595c97274b360cfbc9ef,enterprise/server-enterprise/src/test/java/org/neo4j/server/rest/security/RESTInteraction.java,19,0,0,0,275,330,Bag
036e0742c9800ed47922595c97274b360cfbc9ef,community/kernel/src/main/java/org/neo4j/kernel/impl/factory/EditionModule.java,10,0,1,2,158,217,Bag
036e0742c9800ed47922595c97274b360cfbc9ef,community/bolt/src/main/java/org/neo4j/bolt/BoltKernelExtension.java,10,0,1,14,192,290,Bag
036e0742c9800ed47922595c97274b360cfbc9ef,enterprise/security/src/test/java/org/neo4j/server/security/enterprise/auth/BuiltInProceduresInteractionTestBase.java,10,0,17,13,714,1016,Bag
036e0742c9800ed47922595c97274b360cfbc9ef,enterprise/ha/src/main/java/org/neo4j/kernel/ha/factory/HighlyAvailableEditionModule.java,21,0,1,2,663,875,Bag
036e0742c9800ed47922595c97274b360cfbc9ef,enterprise/security/src/main/java/org/neo4j/server/security/enterprise/auth/StandardEnterpriseAuthSubject.java,13,0,0,19,142,187,Bag
036e0742c9800ed47922595c97274b360cfbc9ef,enterprise/query-logging/src/test/java/org/neo4j/kernel/impl/query/QueryLoggerIT.java,3,0,0,9,236,321,Bag
036e0742c9800ed47922595c97274b360cfbc9ef,enterprise/core-edge/src/main/java/org/neo4j/coreedge/edge/EnterpriseEdgeEditionModule.java,1,0,1,2,203,280,Bag
036e0742c9800ed47922595c97274b360cfbc9ef,enterprise/core-edge/src/main/java/org/neo4j/coreedge/core/EnterpriseCoreEditionModule.java,5,0,1,3,256,339,Bag
036e0742c9800ed47922595c97274b360cfbc9ef,enterprise/security/src/main/java/org/neo4j/server/security/enterprise/auth/MultiRealmAuthManager.java,21,0,0,0,177,217,Bag
036e0742c9800ed47922595c97274b360cfbc9ef,enterprise/security/src/test/java/org/neo4j/server/security/enterprise/auth/ProcedureInteractionTestBase.java,9,0,0,12,496,615,Bag
036e0742c9800ed47922595c97274b360cfbc9ef,community/bolt/src/main/java/org/neo4j/bolt/security/auth/Authentication.java,1,0,2,0,7,53,Bag
036e0742c9800ed47922595c97274b360cfbc9ef,community/bolt/src/test/java/org/neo4j/bolt/v1/runtime/integration/SessionRule.java,5,0,0,0,123,159,Bag
04804ce9598aa12b8f9407495d0b8f5c35483ea9,community/server/src/main/java/org/neo4j/server/ServerBootstrapper.java,13,0,0,6,170,222,NoBug
04a0218c174548fca7c81243ccdad64a026406e0,community/kernel/src/main/java/org/neo4j/graphdb/factory/GraphDatabaseSettings.java,9,0,4,4,435,577,NoBug
051f6ab285eb21d16afeb87ed5bd9cfacfc67e47,community/cypher/src/main/java/org/neo4j/cypher/javacompat/QueryStatistics.java,1,0,7,0,33,88,NoBug
056e8053b1ce92893d58c76f5f510fced0c7284c,community/server/src/test/java/org/neo4j/server/rest/paging/PagedTraverserDocIT.java,6,0,0,20,370,492,NoBug
056e8053b1ce92893d58c76f5f510fced0c7284c,community/bolt/src/test/java/org/neo4j/bolt/v1/messaging/Neo4jPackTest.java,4,0,0,8,122,184,NoBug
056e8053b1ce92893d58c76f5f510fced0c7284c,community/bolt/src/main/java/org/neo4j/bolt/v1/messaging/Neo4jPack.java,59,0,1,9,324,370,NoBug
056e8053b1ce92893d58c76f5f510fced0c7284c,community/bolt/src/test/java/org/neo4j/bolt/v1/transport/integration/TransportSessionIT.java,3,0,0,11,200,283,NoBug
056e8053b1ce92893d58c76f5f510fced0c7284c,community/bolt/src/main/java/org/neo4j/bolt/v1/messaging/infrastructure/ValueUnboundRelationship.java,11,0,0,23,160,216,NoBug
056e8053b1ce92893d58c76f5f510fced0c7284c,community/bolt/src/main/java/org/neo4j/bolt/v1/messaging/infrastructure/ValueRelationship.java,12,0,0,21,178,231,NoBug
056e8053b1ce92893d58c76f5f510fced0c7284c,community/bolt/src/main/java/org/neo4j/bolt/v1/messaging/infrastructure/ValueNode.java,11,0,0,36,260,332,NoBug
069d4fa96fad00d182daeb9570e124ae87f68f5f,enterprise/security/src/test/java/org/neo4j/server/security/enterprise/auth/plugin/TestCredentialsOnlyPlugin.java,1,0,0,3,48,81,NoBug
069d4fa96fad00d182daeb9570e124ae87f68f5f,enterprise/security/src/test/java/org/neo4j/server/security/enterprise/auth/plugin/PluginAuthenticationInfoTest.java,1,0,0,4,49,81,NoBug
069d4fa96fad00d182daeb9570e124ae87f68f5f,enterprise/security/src/main/java/org/neo4j/server/security/enterprise/auth/ShiroAuthToken.java,8,0,1,8,74,112,NoBug
069d4fa96fad00d182daeb9570e124ae87f68f5f,enterprise/security/src/main/java/org/neo4j/server/security/enterprise/auth/MultiRealmAuthManager.java,30,0,0,0,227,270,NoBug
069d4fa96fad00d182daeb9570e124ae87f68f5f,community/security/src/test/java/org/neo4j/server/security/auth/BasicAuthManagerTest.java,4,0,0,13,185,270,NoBug
069d4fa96fad00d182daeb9570e124ae87f68f5f,enterprise/security/src/main/java/org/neo4j/server/security/enterprise/auth/plugin/PluginAuthenticationInfo.java,3,0,0,0,68,97,NoBug
069d4fa96fad00d182daeb9570e124ae87f68f5f,enterprise/security/src/test/java/org/neo4j/server/security/enterprise/auth/MultiRealmAuthManagerTest.java,4,0,0,34,503,733,NoBug
069d4fa96fad00d182daeb9570e124ae87f68f5f,community/security/src/main/java/org/neo4j/server/security/auth/BasicAuthManager.java,14,0,1,15,182,243,NoBug
069d4fa96fad00d182daeb9570e124ae87f68f5f,enterprise/security/src/test/java/org/neo4j/server/security/enterprise/auth/integration/bolt/NativeAndCredentialsOnlyIT.java,1,0,0,2,20,46,NoBug
069d4fa96fad00d182daeb9570e124ae87f68f5f,community/kernel/src/main/java/org/neo4j/kernel/api/security/AuthToken.java,7,0,0,8,80,112,NoBug
069d4fa96fad00d182daeb9570e124ae87f68f5f,community/bolt/src/test/java/org/neo4j/bolt/security/auth/BasicAuthenticationTest.java,1,0,0,11,186,285,NoBug
069d4fa96fad00d182daeb9570e124ae87f68f5f,community/bolt/src/test/java/org/neo4j/bolt/v1/transport/integration/AuthenticationIT.java,7,0,0,19,425,585,NoBug
069eee1cb4c9380fb9187ecdaaa3df7e3cdcdb6b,community/cypher/cypher/src/main/java/org/neo4j/cypher/internal/codegen/CompiledConversionUtils.java,89,0,1,19,438,496,Bag
06d2399663c580161087a11f6c0861f0898062f3,community/dbms/src/main/java/org/neo4j/dbms/archive/Dumper.java,1,0,0,2,73,108,NoBug
06fd5597f34a8b9df1c31cbada46d7d37a7e8b4a,community/kernel/src/main/java/org/neo4j/kernel/impl/transaction/command/PhysicalLogNeoCommandReaderV2_2_4.java,91,0,0,21,675,761,NoBug
06fd5597f34a8b9df1c31cbada46d7d37a7e8b4a,community/kernel/src/test/java/org/neo4j/kernel/impl/store/RelationshipGroupStoreIT.java,2,0,0,2,58,89,NoBug
06fd5597f34a8b9df1c31cbada46d7d37a7e8b4a,community/kernel/src/main/java/org/neo4j/kernel/impl/store/RelationshipGroupStore.java,23,0,0,14,233,302,NoBug
07530adc6e64325f30ad4ef2b4efa48905cff328,enterprise/kernel/src/main/java/org/neo4j/kernel/enterprise/builtinprocs/EnterpriseBuiltInDbmsProcedures.java,18,0,7,19,430,529,NoBug
07530adc6e64325f30ad4ef2b4efa48905cff328,community/kernel/src/main/java/org/neo4j/kernel/api/security/SecurityContext.java,2,0,1,23,104,149,NoBug
07530adc6e64325f30ad4ef2b4efa48905cff328,community/kernel/src/main/java/org/neo4j/kernel/builtinprocs/BuiltInDbmsProcedures.java,2,0,0,6,82,114,NoBug
07530adc6e64325f30ad4ef2b4efa48905cff328,community/security/src/main/java/org/neo4j/server/security/auth/AuthProcedures.java,6,0,0,9,114,150,NoBug
07530adc6e64325f30ad4ef2b4efa48905cff328,enterprise/security/src/main/java/org/neo4j/server/security/enterprise/auth/SecurityProcedures.java,2,0,0,3,34,60,NoBug
07530adc6e64325f30ad4ef2b4efa48905cff328,enterprise/security/src/main/java/org/neo4j/server/security/enterprise/auth/UserManagementProcedures.java,4,0,0,16,152,192,NoBug
07530adc6e64325f30ad4ef2b4efa48905cff328,integrationtests/src/test/java/org/neo4j/bolt/DeleteUserStressIT.java,1,0,0,3,65,154,NoBug
07530adc6e64325f30ad4ef2b4efa48905cff328,community/security/src/test/java/org/neo4j/server/security/auth/AuthProceduresIT.java,10,0,4,15,306,391,NoBug
07530adc6e64325f30ad4ef2b4efa48905cff328,enterprise/security/src/test/java/org/neo4j/server/security/enterprise/auth/UserManagementProceduresLoggingTest.java,3,0,0,37,502,710,NoBug
077691224f00b8409afdbf750568b0ad8960507b,enterprise/causal-clustering/src/main/java/org/neo4j/causalclustering/catchup/storecopy/StoreFiles.java,3,0,0,3,29,61,NoBug
07c513aa6d0c6314816fcb24183bb3849b8be67f,community/server/src/test/java/org/neo4j/server/modules/DBMSModuleTest.java,1,0,0,2,32,62,Bag
07c513aa6d0c6314816fcb24183bb3849b8be67f,community/server/src/main/java/org/neo4j/server/modules/DBMSModule.java,1,0,1,3,31,63,Bag
07c513aa6d0c6314816fcb24183bb3849b8be67f,community/server/src/main/java/org/neo4j/server/CommunityNeoServer.java,1,0,0,4,68,100,Bag
083224bbfc9dfc2e59c049a9c5eedb758eb1c86e,community/bolt/src/main/java/org/neo4j/bolt/v1/packstream/PackStream.java,92,0,2,39,578,732,Bag
083224bbfc9dfc2e59c049a9c5eedb758eb1c86e,community/bolt/src/main/java/org/neo4j/bolt/v1/messaging/BoltRequestMessageHandler.java,1,0,1,6,11,46,Bag
083224bbfc9dfc2e59c049a9c5eedb758eb1c86e,community/bolt/src/test/java/org/neo4j/bolt/v1/messaging/Neo4jPackTest.java,5,0,0,13,197,282,Bag
083224bbfc9dfc2e59c049a9c5eedb758eb1c86e,community/bolt/src/main/java/org/neo4j/bolt/v1/messaging/BoltRequestMessageReader.java,9,0,2,2,67,104,Bag
083224bbfc9dfc2e59c049a9c5eedb758eb1c86e,community/bolt/src/test/java/org/neo4j/bolt/v1/transport/integration/TransportSessionIT.java,3,0,0,18,365,484,Bag
083224bbfc9dfc2e59c049a9c5eedb758eb1c86e,community/bolt/src/main/java/org/neo4j/bolt/v1/runtime/BoltStateMachine.java,28,0,9,16,594,832,Bag
083224bbfc9dfc2e59c049a9c5eedb758eb1c86e,community/bolt/src/test/java/org/neo4j/bolt/v1/messaging/BoltRequestMessageWriter.java,1,0,0,10,67,102,Bag
083224bbfc9dfc2e59c049a9c5eedb758eb1c86e,community/bolt/src/test/java/org/neo4j/bolt/v1/runtime/Neo4jErrorTest.java,1,0,0,5,40,81,Bag
083224bbfc9dfc2e59c049a9c5eedb758eb1c86e,community/bolt/src/test/java/org/neo4j/bolt/v1/messaging/BoltRequestMessageRecorder.java,1,0,0,7,42,73,Bag
083224bbfc9dfc2e59c049a9c5eedb758eb1c86e,community/bolt/src/main/java/org/neo4j/bolt/v1/messaging/Neo4jPack.java,68,0,1,11,407,460,Bag
083224bbfc9dfc2e59c049a9c5eedb758eb1c86e,community/bolt/src/main/java/org/neo4j/bolt/v1/messaging/BoltMessageRouter.java,2,0,1,7,97,146,Bag
083224bbfc9dfc2e59c049a9c5eedb758eb1c86e,community/bolt/src/main/java/org/neo4j/bolt/v1/runtime/Neo4jError.java,23,0,1,13,153,207,Bag
08f70f701cc0a56af73fb362e99feb66e0c65e32,community/bolt/src/main/java/org/neo4j/bolt/v1/messaging/BoltRequestMessage.java,4,0,2,1,38,79,Bag
08f70f701cc0a56af73fb362e99feb66e0c65e32,community/bolt/src/main/java/org/neo4j/bolt/v1/messaging/BoltResponseMessage.java,4,0,2,1,36,77,Bag
09c5087dbe867c849ae23c38d3983dd510c59384,community/kernel/src/main/java/org/neo4j/kernel/impl/proc/ProcedureAllowedConfig.java,5,0,0,2,76,116,Bag
09c5087dbe867c849ae23c38d3983dd510c59384,community/kernel/src/test/java/org/neo4j/kernel/impl/proc/ProcedureAllowedConfigTest.java,1,0,0,9,107,141,Bag
0a37de53ceb78165a00940cea54cb17943bdadfc,enterprise/causal-clustering/src/main/java/org/neo4j/causalclustering/catchup/CatchUpChannelPool.java,3,0,0,0,59,90,NoBug
0a8e56128401353b0c8b50cf4a27827c8b4a4f35,community/neo4j/src/test/java/org/neo4j/index/IndexFreshDataReadIT.java,1,0,0,3,69,105,NoBug
0a8e56128401353b0c8b50cf4a27827c8b4a4f35,community/kernel/src/main/java/org/neo4j/kernel/impl/core/RelationshipConversion.java,4,0,0,7,60,89,NoBug
0a8e56128401353b0c8b50cf4a27827c8b4a4f35,community/kernel/src/test/java/org/neo4j/kernel/impl/core/RelationshipConversionTest.java,2,0,0,5,77,116,NoBug
0a9710e8ba82e7a588014ad95ada142c639f4f15,community/bolt/src/main/java/org/neo4j/bolt/security/auth/BasicAuthentication.java,13,0,1,2,99,134,NoBug
0a9710e8ba82e7a588014ad95ada142c639f4f15,community/bolt/src/test/java/org/neo4j/bolt/v1/runtime/integration/SessionAuthIT.java,1,0,0,3,44,82,NoBug
0aa66c5acd804a93f5700ddb017c092743aa03d0,community/bolt/src/main/java/org/neo4j/bolt/BoltKernelExtension.java,9,0,1,14,185,282,Bag
0aa66c5acd804a93f5700ddb017c092743aa03d0,community/bolt/src/main/java/org/neo4j/bolt/v1/runtime/concurrent/RunnableBoltWorker.java,10,0,0,0,104,150,Bag
0aa66c5acd804a93f5700ddb017c092743aa03d0,community/bolt/src/test/java/org/neo4j/bolt/v1/runtime/integration/SessionRule.java,4,0,0,0,116,151,Bag
0aa66c5acd804a93f5700ddb017c092743aa03d0,community/bolt/src/main/java/org/neo4j/bolt/v1/runtime/BoltStateMachine.java,24,0,9,16,559,787,Bag
0aa66c5acd804a93f5700ddb017c092743aa03d0,community/bolt/src/test/java/org/neo4j/bolt/v1/runtime/concurrent/RunnableBoltWorkerTest.java,1,0,0,3,30,65,Bag
0aa66c5acd804a93f5700ddb017c092743aa03d0,community/bolt/src/main/java/org/neo4j/bolt/security/auth/BasicAuthentication.java,10,0,1,2,86,121,Bag
0aa66c5acd804a93f5700ddb017c092743aa03d0,community/bolt/src/test/java/org/neo4j/bolt/security/auth/BasicAuthenticationTest.java,1,0,0,11,184,277,Bag
0bae728ac320e46116668b932543517837fe21d0,community/lucene-index/src/main/java/org/neo4j/kernel/api/impl/index/IndexWriterConfigs.java,2,0,1,2,58,95,Bag
0bae728ac320e46116668b932543517837fe21d0,community/kernel/src/main/java/org/neo4j/kernel/impl/api/index/BatchingMultipleIndexPopulator.java,13,0,2,2,271,425,Bag
0bcaf3798232de098570364734f6391b4ec73761,community/kernel/src/main/java/org/neo4j/kernel/impl/proc/OutputMappers.java,14,0,3,5,160,224,Bag
0bcaf3798232de098570364734f6391b4ec73761,community/kernel/src/test/java/org/neo4j/kernel/impl/proc/ProcedureJarLoaderTest.java,1,0,0,19,146,215,Bag
0bcaf3798232de098570364734f6391b4ec73761,community/bolt/src/test/java/org/neo4j/bolt/v1/runtime/internal/SessionStateMachineTest.java,1,0,0,18,216,323,NoBug
0bcaf3798232de098570364734f6391b4ec73761,community/bolt/src/test/java/org/neo4j/bolt/v1/runtime/integration/TransactionIT.java,1,0,0,4,57,104,NoBug
0bcaf3798232de098570364734f6391b4ec73761,community/bolt/src/main/java/org/neo4j/bolt/v1/runtime/internal/SessionStateMachine.java,23,0,3,13,510,671,NoBug
0bcbec35696b857624d7bdf4ec182776cf3d1859,community/kernel/src/main/java/org/neo4j/kernel/impl/store/StoreFactory.java,21,0,6,33,524,670,NoBug
0d39b7a169a854d37bcbdab733de6ad68c2580ae,enterprise/core-edge/src/main/java/org/neo4j/coreedge/discovery/RaftDiscoveryServiceConnector.java,2,0,0,4,33,61,Bag
0d39b7a169a854d37bcbdab733de6ad68c2580ae,enterprise/core-edge/src/main/java/org/neo4j/coreedge/core/consensus/membership/RaftMembershipManager.java,17,0,1,12,218,317,Bag
0d843f05ae6a0785ff68416331440d96b0ab20c3,integrationtests/src/test/java/org/neo4j/causalclustering/scenarios/BoltCausalClusteringIT.java,26,0,2,13,497,810,Bag
0d843f05ae6a0785ff68416331440d96b0ab20c3,enterprise/causal-clustering/src/main/java/org/neo4j/causalclustering/discovery/procedures/ClusterOverviewProcedure.java,6,0,1,2,121,166,Bag
0d843f05ae6a0785ff68416331440d96b0ab20c3,enterprise/causal-clustering/src/test/java/org/neo4j/causalclustering/scenarios/ClusterOverviewIT.java,17,0,0,10,275,391,Bag
0d843f05ae6a0785ff68416331440d96b0ab20c3,enterprise/causal-clustering/src/test/java/org/neo4j/causalclustering/discovery/procedures/ClusterOverviewProcedureTest.java,5,0,0,2,107,154,Bag
0d8bfc7bb0a2a82ef77f4104fe2e91bfb3ddd83f,enterprise/core-edge/src/test/java/org/neo4j/coreedge/raft/log/physical/RecoveryProtocolTest.java,4,0,0,10,149,228,NoBug
0d8bfc7bb0a2a82ef77f4104fe2e91bfb3ddd83f,enterprise/core-edge/src/main/java/org/neo4j/coreedge/raft/log/physical/RecoveryProtocol.java,11,0,0,0,143,194,NoBug
0da5d90e047262af2c903244561dc31a6d49bd99,community/kernel/src/main/java/org/neo4j/kernel/impl/core/NodeManager.java,2,0,3,12,94,139,NoBug
0da6dae6f2ecbbab9a278f3757ef793cbe8d921f,enterprise/ha/src/test/java/org/neo4j/kernel/ha/TestBasicHaOperations.java,3,0,0,5,119,172,Bag
0da6dae6f2ecbbab9a278f3757ef793cbe8d921f,enterprise/ha/src/main/java/org/neo4j/kernel/ha/cluster/DefaultMasterImplSPI.java,1,0,0,0,157,200,Bag
0da6dae6f2ecbbab9a278f3757ef793cbe8d921f,enterprise/ha/src/main/java/org/neo4j/kernel/ha/MasterTransactionCommitProcess.java,1,0,1,2,30,61,Bag
0da6dae6f2ecbbab9a278f3757ef793cbe8d921f,enterprise/ha/src/main/java/org/neo4j/kernel/ha/HighlyAvailableGraphDatabase.java,19,0,1,13,619,748,Bag
0da6dae6f2ecbbab9a278f3757ef793cbe8d921f,community/kernel/src/main/java/org/neo4j/kernel/impl/api/TransactionCommitProcess.java,1,0,1,1,9,39,Bag
0da6dae6f2ecbbab9a278f3757ef793cbe8d921f,community/kernel/src/test/java/org/neo4j/kernel/impl/transaction/log/LogRotationDeadlockTest.java,1,0,1,1,99,149,Bag
0da6dae6f2ecbbab9a278f3757ef793cbe8d921f,community/consistency-check/src/test/java/org/neo4j/consistency/checking/GraphStoreFixture.java,4,0,1,40,366,450,Bag
0da6dae6f2ecbbab9a278f3757ef793cbe8d921f,community/kernel/src/test/java/org/neo4j/kernel/api/KernelTransactionImplementationTest.java,7,0,0,18,298,398,Bag
0da6dae6f2ecbbab9a278f3757ef793cbe8d921f,community/kernel/src/main/java/org/neo4j/kernel/impl/api/ReadOnlyTransactionCommitProcess.java,1,0,1,1,15,41,Bag
0da6dae6f2ecbbab9a278f3757ef793cbe8d921f,community/kernel/src/main/java/org/neo4j/kernel/impl/api/KernelTransactionImplementation.java,60,0,2,16,784,926,Bag
0da6dae6f2ecbbab9a278f3757ef793cbe8d921f,community/kernel/src/main/java/org/neo4j/kernel/impl/api/CommitProcessFactory.java,1,0,0,2,15,37,Bag
0da6dae6f2ecbbab9a278f3757ef793cbe8d921f,community/kernel/src/test/java/org/neo4j/kernel/impl/transaction/state/NeoStoreTransactionTest.java,26,0,0,34,1295,1644,Bag
0da6dae6f2ecbbab9a278f3757ef793cbe8d921f,community/kernel/src/test/java/org/neo4j/kernel/impl/api/KernelTransactionsTest.java,1,0,0,4,142,203,Bag
0da6dae6f2ecbbab9a278f3757ef793cbe8d921f,enterprise/ha/src/main/java/org/neo4j/kernel/ha/SlaveTransactionCommitProcess.java,2,0,1,2,37,66,Bag
0da6dae6f2ecbbab9a278f3757ef793cbe8d921f,community/kernel/src/main/java/org/neo4j/kernel/NeoStoreDataSource.java,22,0,2,27,1056,1329,Bag
0da6dae6f2ecbbab9a278f3757ef793cbe8d921f,community/kernel/src/main/java/org/neo4j/kernel/InternalAbstractGraphDatabase.java,138,0,4,36,1412,1661,Bag
0da6dae6f2ecbbab9a278f3757ef793cbe8d921f,enterprise/ha/src/test/java/org/neo4j/kernel/ha/SlaveTransactionCommitProcessTest.java,1,0,0,2,34,67,Bag
0da6dae6f2ecbbab9a278f3757ef793cbe8d921f,community/kernel/src/test/java/org/neo4j/kernel/impl/api/TransactionRepresentationCommitProcessTest.java,4,0,0,4,126,171,Bag
0da6dae6f2ecbbab9a278f3757ef793cbe8d921f,community/kernel/src/main/java/org/neo4j/kernel/impl/api/TransactionRepresentationCommitProcess.java,4,0,0,3,97,127,Bag
0ee64611da3ec59a112900276491b100b8b8cc59,community/kernel/src/main/java/org/neo4j/kernel/impl/locking/ReadOnlyLocks.java,1,0,0,4,59,91,NoBug
0ee64611da3ec59a112900276491b100b8b8cc59,enterprise/ha/src/test/java/org/neo4j/kernel/ha/cluster/modeswitch/UpdatePullerSwitcherTest.java,1,0,0,4,40,67,NoBug
0ee64611da3ec59a112900276491b100b8b8cc59,enterprise/ha/src/main/java/org/neo4j/kernel/ha/cluster/modeswitch/AbstractComponentSwitcher.java,1,0,1,3,39,77,NoBug
0ee64611da3ec59a112900276491b100b8b8cc59,enterprise/ha/src/main/java/org/neo4j/kernel/ha/SlaveUpdatePuller.java,15,0,1,12,241,381,NoBug
0ee64611da3ec59a112900276491b100b8b8cc59,enterprise/ha/src/main/java/org/neo4j/kernel/ha/cluster/modeswitch/UpdatePullerSwitcher.java,3,0,1,1,37,70,NoBug
0ee64611da3ec59a112900276491b100b8b8cc59,enterprise/ha/src/test/java/org/neo4j/kernel/ha/lock/ClusterLocksIT.java,4,0,0,4,117,164,NoBug
0ee64611da3ec59a112900276491b100b8b8cc59,enterprise/ha/src/test/java/org/neo4j/kernel/ha/cluster/modeswitch/AbstractComponentSwitcherTest.java,1,0,0,4,69,110,NoBug
0ee64611da3ec59a112900276491b100b8b8cc59,enterprise/ha/src/main/java/org/neo4j/kernel/ha/DelegateInvocationHandler.java,4,0,3,3,113,185,NoBug
0ee64611da3ec59a112900276491b100b8b8cc59,enterprise/ha/src/main/java/org/neo4j/kernel/ha/cluster/modeswitch/LockManagerSwitcher.java,2,0,0,2,56,83,NoBug
0f09f0c1b2d301e5f762783efb315ef7f09217a9,enterprise/core-edge/src/main/java/org/neo4j/coreedge/raft/state/CoreState.java,16,0,2,9,217,306,NoBug
0f09f0c1b2d301e5f762783efb315ef7f09217a9,enterprise/core-edge/src/main/java/org/neo4j/coreedge/server/core/EnterpriseCoreEditionModule.java,15,0,1,8,592,771,NoBug
0f99716d262ca2324680b66abb38d862867b55d8,community/kernel/src/main/java/org/neo4j/unsafe/impl/batchimport/store/BatchingIdGeneratorFactory.java,2,0,1,3,96,139,NoBug
0f99716d262ca2324680b66abb38d862867b55d8,community/kernel/src/main/java/org/neo4j/unsafe/impl/batchimport/store/BatchingIdSequence.java,2,0,1,4,30,59,NoBug
0f99716d262ca2324680b66abb38d862867b55d8,community/kernel/src/test/java/org/neo4j/unsafe/impl/batchimport/store/BatchingIdSequenceTest.java,1,0,0,3,33,71,NoBug
0fca85a565c0b05bace415fbf60476b66ee06f02,community/shell/src/main/java/org/neo4j/shell/impl/RemotelyAvailableServer.java,3,0,0,0,95,137,NoBug
0fca85a565c0b05bace415fbf60476b66ee06f02,community/shell/src/test/java/org/neo4j/shell/FreePortIT.java,4,0,1,2,73,111,NoBug
0fca85a565c0b05bace415fbf60476b66ee06f02,community/shell/src/main/java/org/neo4j/shell/impl/RmiLocation.java,8,0,11,1,118,200,NoBug
0fcc6fb50a2a1d279ddd576045c1cefe05be7cb2,community/server/src/test/java/org/neo4j/server/integration/StartupLoggingIT.java,7,0,0,7,124,164,NoBug
0fcc6fb50a2a1d279ddd576045c1cefe05be7cb2,community/server/src/main/java/org/neo4j/server/ServerCommandLineArgs.java,2,0,1,4,50,99,NoBug
0fcc6fb50a2a1d279ddd576045c1cefe05be7cb2,community/server/src/main/java/org/neo4j/server/BlockingBootstrapper.java,3,0,0,4,40,68,NoBug
0fcc6fb50a2a1d279ddd576045c1cefe05be7cb2,community/server/src/main/java/org/neo4j/server/Bootstrapper.java,1,0,0,3,9,33,NoBug
0fcc6fb50a2a1d279ddd576045c1cefe05be7cb2,packaging/neo4j-desktop/src/main/java/org/neo4j/desktop/runtime/DesktopConfigurator.java,1,0,0,8,58,90,NoBug
0fcc6fb50a2a1d279ddd576045c1cefe05be7cb2,community/server/src/test/java/org/neo4j/server/BlockingBootstrapperTest.java,1,0,0,3,73,115,NoBug
0fcc6fb50a2a1d279ddd576045c1cefe05be7cb2,enterprise/server-enterprise/src/test/java/org/neo4j/server/enterprise/ArbiterBootstrapperTestProxy.java,1,0,0,2,17,45,NoBug
0fcc6fb50a2a1d279ddd576045c1cefe05be7cb2,community/server/src/test/java/org/neo4j/server/configuration/ConfigLoaderTest.java,1,0,0,12,154,239,NoBug
0fcc6fb50a2a1d279ddd576045c1cefe05be7cb2,integrationtests/src/test/java/org/neo4j/storeupgrade/StoreUpgradeIntegrationTest.java,14,0,0,12,506,601,NoBug
0fcc6fb50a2a1d279ddd576045c1cefe05be7cb2,enterprise/server-enterprise/src/test/java/org/neo4j/server/enterprise/EnterpriseBootstrapperTest.java,1,0,0,3,65,102,NoBug
0fcc6fb50a2a1d279ddd576045c1cefe05be7cb2,community/server/src/main/java/org/neo4j/server/ServerBootstrapper.java,13,0,0,6,153,199,NoBug
0fcc6fb50a2a1d279ddd576045c1cefe05be7cb2,community/server/src/test/java/org/neo4j/server/ServerCommandLineArgsTest.java,1,0,0,9,79,130,NoBug
0fcc6fb50a2a1d279ddd576045c1cefe05be7cb2,enterprise/server-enterprise/src/main/java/org/neo4j/server/enterprise/ArbiterBootstrapper.java,8,0,0,4,137,184,NoBug
0fcc6fb50a2a1d279ddd576045c1cefe05be7cb2,enterprise/server-enterprise/src/main/java/org/neo4j/server/enterprise/ArbiterEntryPoint.java,3,0,0,4,31,57,NoBug
0fcc6fb50a2a1d279ddd576045c1cefe05be7cb2,community/server/src/test/java/org/neo4j/server/BaseBootstrapperTest.java,2,0,0,6,96,147,NoBug
0fcc6fb50a2a1d279ddd576045c1cefe05be7cb2,community/server/src/main/java/org/neo4j/server/configuration/ConfigLoader.java,5,0,0,7,93,136,NoBug
0fcc6fb50a2a1d279ddd576045c1cefe05be7cb2,enterprise/server-enterprise/src/test/java/org/neo4j/server/enterprise/jmx/ServerManagementTest.java,1,0,0,2,61,100,NoBug
0fe98aeff3fe869ddc7312e0465e7a18d0902d70,packaging/neo4j-desktop/src/main/java/org/neo4j/desktop/model/DesktopModel.java,13,0,0,17,160,211,NoBug
0fe98aeff3fe869ddc7312e0465e7a18d0902d70,packaging/neo4j-desktop/src/main/java/org/neo4j/desktop/runtime/DesktopConfigurator.java,1,0,0,7,51,82,NoBug
10c8de2b701629da6caef1ca7abae76436691f23,community/procedure-compiler/processor/src/test/java/org/neo4j/tooling/procedure/procedures/valid/Procedures.java,1,0,0,40,193,256,NoBug
10c8de2b701629da6caef1ca7abae76436691f23,community/procedure-compiler/integration-tests/src/test/java/org/neo4j/tooling/procedure/ProcedureTest.java,1,0,0,5,85,123,NoBug
10c8de2b701629da6caef1ca7abae76436691f23,community/procedure-compiler/processor/src/main/java/org/neo4j/tooling/procedure/visitors/ProcedureVisitor.java,4,0,1,2,74,112,NoBug
116d3b9655a8e4ecba5160344877ab340a701960,community/lucene-index/src/main/java/org/neo4j/index/impl/lucene/LuceneIndex.java,44,0,4,5,413,544,NoBug
116d3b9655a8e4ecba5160344877ab340a701960,community/lucene-index/src/test/java/org/neo4j/index/impl/lucene/RecoveryTest.java,3,0,1,12,242,324,NoBug
116d3b9655a8e4ecba5160344877ab340a701960,community/lucene-index/src/main/java/org/neo4j/index/impl/lucene/LuceneCommandApplier.java,12,0,1,9,150,205,NoBug
116d3b9655a8e4ecba5160344877ab340a701960,community/lucene-index/src/test/java/org/neo4j/index/impl/lucene/TestLuceneIndex.java,41,0,0,89,1663,1950,NoBug
11bbfe1f703ae5394fc34eee759bc7509c4c10ff,community/kernel/src/test/java/org/neo4j/kernel/RecoveryIT.java,2,0,0,3,106,149,Bag
11bbfe1f703ae5394fc34eee759bc7509c4c10ff,community/kernel/src/main/java/org/neo4j/kernel/impl/store/CommonAbstractStore.java,53,0,14,8,527,783,Bag
124072d355a437c87997b4e42f1fc22c0e2b6dd8,community/server/src/test/java/org/neo4j/server/rest/transactional/integration/QueryResultsSerializationTest.java,3,0,1,36,452,660,Bag
124072d355a437c87997b4e42f1fc22c0e2b6dd8,community/server/src/main/java/org/neo4j/server/rest/transactional/Neo4jJsonCodec.java,23,0,0,4,206,241,Bag
124072d355a437c87997b4e42f1fc22c0e2b6dd8,community/server/src/test/java/org/neo4j/server/rest/transactional/integration/TransactionMatchers.java,29,0,1,11,385,446,Bag
124072d355a437c87997b4e42f1fc22c0e2b6dd8,community/server/src/test/java/org/neo4j/server/rest/transactional/ExecutionResultSerializerTest.java,16,0,0,27,738,979,Bag
128c1e47ce3f69ef3da6489e27a95f4ff19bab47,enterprise/core-edge/src/main/java/org/neo4j/coreedge/raft/replication/shipping/RaftLogShippingManager.java,12,0,2,6,127,178,NoBug
128c1e47ce3f69ef3da6489e27a95f4ff19bab47,enterprise/core-edge/src/main/java/org/neo4j/coreedge/raft/replication/shipping/RaftLogShipper.java,35,0,1,8,340,474,NoBug
128c1e47ce3f69ef3da6489e27a95f4ff19bab47,enterprise/core-edge/src/main/java/org/neo4j/coreedge/server/core/EnterpriseCoreEditionModule.java,10,0,1,3,559,707,NoBug
128c1e47ce3f69ef3da6489e27a95f4ff19bab47,enterprise/core-edge/src/test/java/org/neo4j/coreedge/raft/elections/Fixture.java,5,0,0,2,81,116,NoBug
128c1e47ce3f69ef3da6489e27a95f4ff19bab47,enterprise/core-edge/src/main/java/org/neo4j/coreedge/raft/RaftInstance.java,22,0,2,17,314,426,NoBug
130f7e56da0fa1a08005ad32a2b41609ef7ca6c7,community/csv/src/test/java/org/neo4j/csv/reader/BufferedCharSeekerTest.java,25,0,0,20,375,515,NoBug
130f7e56da0fa1a08005ad32a2b41609ef7ca6c7,community/csv/src/main/java/org/neo4j/csv/reader/Extractor.java,1,0,4,0,8,58,NoBug
130f7e56da0fa1a08005ad32a2b41609ef7ca6c7,community/csv/src/main/java/org/neo4j/csv/reader/Mark.java,3,0,1,5,57,100,NoBug
130f7e56da0fa1a08005ad32a2b41609ef7ca6c7,community/csv/src/test/java/org/neo4j/csv/reader/ExtractorsTest.java,10,0,0,12,160,249,NoBug
130f7e56da0fa1a08005ad32a2b41609ef7ca6c7,community/csv/src/main/java/org/neo4j/csv/reader/Extractors.java,42,0,6,39,734,943,NoBug
130f7e56da0fa1a08005ad32a2b41609ef7ca6c7,community/csv/src/main/java/org/neo4j/csv/reader/BufferedCharSeeker.java,27,0,1,8,214,273,NoBug
133d6692a100c17152d9cf1a8e3d9bb40a40e9ef,enterprise/core-edge/src/main/java/org/neo4j/coreedge/raft/state/CoreStateApplier.java,5,0,3,2,58,114,Bag
133d6692a100c17152d9cf1a8e3d9bb40a40e9ef,enterprise/core-edge/src/main/java/org/neo4j/coreedge/raft/state/CoreState.java,8,0,2,10,184,271,Bag
136885fdc8d90dee11ce57034b2db343eaadccce,community/shell/src/test/java/org/neo4j/shell/TestApps.java,15,0,0,82,1067,1333,NoBug
136885fdc8d90dee11ce57034b2db343eaadccce,community/shell/src/main/java/org/neo4j/shell/kernel/apps/TransactionProvidingApp.java,89,0,7,7,673,836,NoBug
136885fdc8d90dee11ce57034b2db343eaadccce,community/shell/src/main/java/org/neo4j/shell/kernel/apps/cypher/Start.java,9,0,0,3,170,215,NoBug
136885fdc8d90dee11ce57034b2db343eaadccce,community/shell/src/main/java/org/neo4j/shell/StartClient.java,46,0,2,0,448,576,NoBug
136885fdc8d90dee11ce57034b2db343eaadccce,community/shell/src/main/java/org/neo4j/shell/kernel/apps/cypher/Dump.java,3,0,0,3,79,108,NoBug
13e3d20860f871d1c13c10429f2d4d31d6180c8b,community/kernel/src/main/java/org/neo4j/kernel/impl/api/store/StoreStatement.java,6,0,1,16,233,285,Bag
13e3d20860f871d1c13c10429f2d4d31d6180c8b,community/kernel/src/main/java/org/neo4j/kernel/impl/factory/EditionModule.java,5,0,1,1,173,236,NoBug
13e3d20860f871d1c13c10429f2d4d31d6180c8b,community/kernel/src/test/java/org/neo4j/kernel/impl/api/store/StorageLayerTest.java,2,0,1,2,96,132,NoBug
13e3d20860f871d1c13c10429f2d4d31d6180c8b,community/kernel/src/main/java/org/neo4j/kernel/impl/util/InstanceCache.java,4,0,1,4,48,85,NoBug
13e3d20860f871d1c13c10429f2d4d31d6180c8b,community/kernel/src/main/java/org/neo4j/kernel/impl/core/RelationshipConversion.java,2,0,0,7,50,79,NoBug
13e3d20860f871d1c13c10429f2d4d31d6180c8b,community/kernel/src/test/java/org/neo4j/test/rule/NeoStoreDataSourceRule.java,5,0,0,7,173,207,NoBug
13e3d20860f871d1c13c10429f2d4d31d6180c8b,community/kernel/src/main/java/org/neo4j/kernel/impl/api/StateHandlingStatementOperations.java,67,0,5,116,1360,1589,Bag
13e3d20860f871d1c13c10429f2d4d31d6180c8b,community/kernel/src/main/java/org/neo4j/kernel/impl/api/store/StoreSingleRelationshipCursor.java,7,0,1,2,63,97,NoBug
13e3d20860f871d1c13c10429f2d4d31d6180c8b,community/kernel/src/test/java/org/neo4j/kernel/impl/api/store/StoreIteratorRelationshipCursorTest.java,1,0,0,4,68,104,NoBug
13e3d20860f871d1c13c10429f2d4d31d6180c8b,community/kernel/src/test/java/org/neo4j/kernel/impl/store/NeoStoresTest.java,72,0,0,22,1357,1555,NoBug
13e3d20860f871d1c13c10429f2d4d31d6180c8b,community/kernel/src/main/java/org/neo4j/kernel/NeoStoreDataSource.java,16,0,4,16,771,967,NoBug
13e3d20860f871d1c13c10429f2d4d31d6180c8b,community/kernel/src/test/java/org/neo4j/kernel/impl/api/LockingStatementOperationsTest.java,1,0,0,28,370,556,NoBug
13e3d20860f871d1c13c10429f2d4d31d6180c8b,community/kernel/src/main/java/org/neo4j/storageengine/api/StoreReadLayer.java,1,0,40,29,111,402,Bag
13e3d20860f871d1c13c10429f2d4d31d6180c8b,community/kernel/src/main/java/org/neo4j/kernel/impl/api/store/AllRelationshipIterator.java,3,0,0,2,43,69,NoBug
13e3d20860f871d1c13c10429f2d4d31d6180c8b,community/kernel/src/test/java/org/neo4j/kernel/impl/api/KernelTransactionImplementationTest.java,13,0,0,39,558,739,NoBug
13e3d20860f871d1c13c10429f2d4d31d6180c8b,community/kernel/src/main/java/org/neo4j/kernel/api/TransactionHook.java,1,0,1,6,16,42,NoBug
13e3d20860f871d1c13c10429f2d4d31d6180c8b,community/kernel/src/test/java/org/neo4j/kernel/impl/api/store/StorageLayerNodeAndRelTest.java,1,0,1,2,73,113,NoBug
13e3d20860f871d1c13c10429f2d4d31d6180c8b,enterprise/causal-clustering/src/main/java/org/neo4j/causalclustering/readreplica/EnterpriseReadReplicaEditionModule.java,3,0,1,2,289,381,NoBug
13e3d20860f871d1c13c10429f2d4d31d6180c8b,community/kernel/src/main/java/org/neo4j/kernel/impl/api/store/RelationshipIterator.java,1,0,1,4,29,58,NoBug
13e3d20860f871d1c13c10429f2d4d31d6180c8b,community/kernel/src/test/java/org/neo4j/kernel/impl/coreapi/TxStateTransactionDataViewTest.java,3,0,0,19,300,406,NoBug
13e3d20860f871d1c13c10429f2d4d31d6180c8b,community/kernel/src/main/java/org/neo4j/kernel/impl/api/KernelStatementImplementation.java,9,0,1,25,230,308,NoBug
13e3d20860f871d1c13c10429f2d4d31d6180c8b,community/kernel/src/main/java/org/neo4j/kernel/impl/core/NodeProxy.java,63,0,0,44,642,773,NoBug
13e3d20860f871d1c13c10429f2d4d31d6180c8b,community/kernel/src/test/java/org/neo4j/kernel/impl/api/KernelStatementTest.java,1,0,0,4,54,89,NoBug
13e3d20860f871d1c13c10429f2d4d31d6180c8b,enterprise/kernel/src/test/java/org/neo4j/kernel/impl/api/store/StoreParallelNodeScanIntegrationTest.java,10,0,0,3,171,226,NoBug
13e3d20860f871d1c13c10429f2d4d31d6180c8b,community/kernel/src/test/java/org/neo4j/kernel/impl/api/state/LabelTransactionStateTest.java,4,0,0,18,239,381,NoBug
13e3d20860f871d1c13c10429f2d4d31d6180c8b,community/kernel/src/main/java/org/neo4j/kernel/impl/api/KernelStatement.java,1,0,0,12,23,55,NoBug
13e3d20860f871d1c13c10429f2d4d31d6180c8b,community/kernel/src/test/java/org/neo4j/kernel/impl/api/StatementLifecycleTest.java,1,0,0,3,42,78,NoBug
13e3d20860f871d1c13c10429f2d4d31d6180c8b,community/kernel/src/test/java/org/neo4j/kernel/impl/api/integrationtest/TransactionHookIT.java,2,0,0,3,71,107,NoBug
13e3d20860f871d1c13c10429f2d4d31d6180c8b,community/kernel/src/main/java/org/neo4j/storageengine/api/StorageEngine.java,1,0,11,1,32,137,NoBug
13e3d20860f871d1c13c10429f2d4d31d6180c8b,community/kernel/src/test/java/org/neo4j/kernel/impl/core/NodeProxySingleRelationshipTest.java,3,0,1,3,80,163,NoBug
13e3d20860f871d1c13c10429f2d4d31d6180c8b,enterprise/kernel/src/main/java/org/neo4j/kernel/impl/enterprise/PropertyExistenceEnforcer.java,31,0,0,0,308,388,NoBug
13e3d20860f871d1c13c10429f2d4d31d6180c8b,community/kernel/src/test/java/org/neo4j/kernel/impl/api/state/StateHandlingStatementOperationsTest.java,1,0,0,18,461,626,NoBug
13e3d20860f871d1c13c10429f2d4d31d6180c8b,enterprise/causal-clustering/src/main/java/org/neo4j/causalclustering/core/state/machines/token/ReplicatedTokenHolder.java,7,0,0,0,134,173,NoBug
13e3d20860f871d1c13c10429f2d4d31d6180c8b,community/kernel/src/main/java/org/neo4j/kernel/impl/api/store/StorageLayer.java,30,0,1,69,629,738,Bag
13e3d20860f871d1c13c10429f2d4d31d6180c8b,community/kernel/src/main/java/org/neo4j/kernel/impl/api/TransactionHooks.java,9,0,0,11,88,122,NoBug
13e3d20860f871d1c13c10429f2d4d31d6180c8b,community/kernel/src/main/java/org/neo4j/kernel/impl/api/KernelTransactions.java,7,0,5,8,237,343,NoBug
13e3d20860f871d1c13c10429f2d4d31d6180c8b,community/kernel/src/test/java/org/neo4j/kernel/impl/api/store/StorageLayerPropertyTest.java,13,0,1,5,165,225,NoBug
13e3d20860f871d1c13c10429f2d4d31d6180c8b,community/kernel/src/test/java/org/neo4j/kernel/impl/api/state/IndexQueryTransactionStateTest.java,1,0,0,14,239,370,NoBug
13e3d20860f871d1c13c10429f2d4d31d6180c8b,community/kernel/src/test/java/org/neo4j/kernel/impl/api/StatementOperationsTestHelper.java,2,0,0,4,76,103,NoBug
13e3d20860f871d1c13c10429f2d4d31d6180c8b,community/kernel/src/test/java/org/neo4j/kernel/impl/api/store/StorageLayerLabelTest.java,1,0,1,4,61,107,NoBug
13e3d20860f871d1c13c10429f2d4d31d6180c8b,community/kernel/src/test/java/org/neo4j/kernel/impl/api/KernelTransactionsTest.java,7,0,0,18,458,637,NoBug
13e3d20860f871d1c13c10429f2d4d31d6180c8b,community/kernel/src/test/java/org/neo4j/kernel/impl/api/store/StoreStatementTest.java,1,0,0,2,31,67,NoBug
13e3d20860f871d1c13c10429f2d4d31d6180c8b,community/kernel/src/test/java/org/neo4j/kernel/api/TransactionStatementSharingTest.java,1,0,0,9,82,153,NoBug
13e3d20860f871d1c13c10429f2d4d31d6180c8b,community/kernel/src/test/java/org/neo4j/kernel/impl/api/KernelTransactionTestBase.java,1,0,0,11,127,163,NoBug
13e3d20860f871d1c13c10429f2d4d31d6180c8b,community/kernel/src/test/java/org/neo4j/test/rule/RecordStorageEngineRule.java,3,0,2,8,180,231,NoBug
13e3d20860f871d1c13c10429f2d4d31d6180c8b,community/kernel/src/main/java/org/neo4j/kernel/impl/storageengine/impl/recordstorage/RecordStorageEngine.java,14,0,1,18,463,555,NoBug
13e3d20860f871d1c13c10429f2d4d31d6180c8b,community/kernel/src/test/java/org/neo4j/kernel/impl/api/store/StoreSingleRelationshipCursorTest.java,2,0,0,5,87,123,NoBug
13e3d20860f871d1c13c10429f2d4d31d6180c8b,community/kernel/src/main/java/org/neo4j/kernel/impl/api/KernelTransactionImplementation.java,44,0,4,25,683,867,NoBug
13e3d20860f871d1c13c10429f2d4d31d6180c8b,community/kernel/src/main/java/org/neo4j/kernel/impl/api/store/StoreIteratorRelationshipCursor.java,4,0,1,2,50,82,NoBug
13e3d20860f871d1c13c10429f2d4d31d6180c8b,enterprise/causal-clustering/src/test/java/org/neo4j/causalclustering/core/state/machines/token/ReplicatedTokenHolderTest.java,1,0,0,4,81,149,NoBug
13e3d20860f871d1c13c10429f2d4d31d6180c8b,community/kernel/src/test/java/org/neo4j/kernel/impl/api/state/SchemaTransactionStateTest.java,4,0,0,10,203,307,NoBug
13e3d20860f871d1c13c10429f2d4d31d6180c8b,community/kernel/src/main/java/org/neo4j/kernel/impl/storageengine/impl/recordstorage/StorageStatementFactory.java,1,0,0,2,13,36,NoBug
13e3d20860f871d1c13c10429f2d4d31d6180c8b,community/kernel/src/main/java/org/neo4j/kernel/impl/factory/DataSourceModule.java,3,0,1,1,318,432,NoBug
13e3d20860f871d1c13c10429f2d4d31d6180c8b,community/kernel/src/main/java/org/neo4j/kernel/impl/api/store/CursorRelationshipIterator.java,6,0,1,5,80,115,NoBug
13e3d20860f871d1c13c10429f2d4d31d6180c8b,enterprise/causal-clustering/src/main/java/org/neo4j/causalclustering/core/EnterpriseCoreEditionModule.java,6,0,1,4,279,361,NoBug
13e3d20860f871d1c13c10429f2d4d31d6180c8b,enterprise/ha/src/main/java/org/neo4j/kernel/ha/factory/HighlyAvailableEditionModule.java,22,0,1,3,694,907,NoBug
13e3d20860f871d1c13c10429f2d4d31d6180c8b,community/kernel/src/main/java/org/neo4j/kernel/impl/api/state/RelationshipChangesForNode.java,78,0,2,12,414,511,NoBug
13e3d20860f871d1c13c10429f2d4d31d6180c8b,community/kernel/src/main/java/org/neo4j/storageengine/api/StorageStatement.java,1,0,12,4,32,165,Bag
13e3d20860f871d1c13c10429f2d4d31d6180c8b,community/kernel/src/test/java/org/neo4j/kernel/impl/api/state/StateOperationsAutoIndexingTest.java,1,0,0,10,163,246,NoBug
13e3d20860f871d1c13c10429f2d4d31d6180c8b,community/kernel/src/main/java/org/neo4j/storageengine/api/StorageCommand.java,1,0,2,0,9,46,NoBug
13e3d20860f871d1c13c10429f2d4d31d6180c8b,community/kernel/src/main/java/org/neo4j/kernel/impl/factory/CommunityEditionModule.java,11,0,1,4,230,302,NoBug
13e3d20860f871d1c13c10429f2d4d31d6180c8b,community/kernel/src/test/java/org/neo4j/kernel/api/KernelTransactionFactory.java,1,0,0,3,79,112,NoBug
13e3d20860f871d1c13c10429f2d4d31d6180c8b,community/kernel/src/main/java/org/neo4j/kernel/impl/coreapi/TxStateTransactionDataSnapshot.java,27,0,1,17,461,550,NoBug
13e3d20860f871d1c13c10429f2d4d31d6180c8b,community/kernel/src/main/java/org/neo4j/kernel/internal/TransactionEventHandlers.java,11,0,1,18,244,312,Bag
13e3d20860f871d1c13c10429f2d4d31d6180c8b,community/kernel/src/test/java/org/neo4j/kernel/impl/api/store/StorageLayerRelTypesAndDegreeTest.java,37,0,0,9,529,653,Bag
13e3d20860f871d1c13c10429f2d4d31d6180c8b,community/kernel/src/main/java/org/neo4j/kernel/api/txstate/TransactionCountingStateVisitor.java,6,0,0,7,118,167,NoBug
13e3d20860f871d1c13c10429f2d4d31d6180c8b,community/cypher/cypher/src/main/java/org/neo4j/cypher/internal/codegen/CompiledExpandUtils.java,10,0,0,3,111,149,NoBug
13e3d20860f871d1c13c10429f2d4d31d6180c8b,community/kernel/src/test/java/org/neo4j/kernel/impl/transaction/command/IndexWorkSyncTransactionApplicationStressIT.java,7,0,0,2,191,245,NoBug
141f8dbda8adff9229a9ec38fc8a69d3b0a0ef2f,enterprise/security/src/test/java/org/neo4j/server/security/enterprise/auth/AuthScenariosInteractionTestBase.java,1,0,28,3,450,790,NoBug
141f8dbda8adff9229a9ec38fc8a69d3b0a0ef2f,community/kernel/src/main/java/org/neo4j/kernel/impl/api/OperationsFacade.java,21,0,13,147,1375,1622,Bag
14a3e739a5665f10e0642bdb97ebb1533b268554,community/server/src/main/java/org/neo4j/server/rest/domain/RelationshipExpanderBuilder.java,11,0,0,2,65,94,Bag
14da9bd533353adfe9550e62977d19904f504bcc,community/lucene-index/src/main/java/org/neo4j/kernel/api/impl/index/NodeRangeDocumentLabelScanStorageStrategy.java,8,0,1,6,92,152,NoBug
14da9bd533353adfe9550e62977d19904f504bcc,community/lucene-index/src/test/java/org/neo4j/kernel/api/impl/index/LuceneIndexAccessorSearcherManagerRefreshTest.java,6,0,0,4,172,228,NoBug
14da9bd533353adfe9550e62977d19904f504bcc,community/lucene-index/src/main/java/org/neo4j/kernel/api/impl/index/LuceneAllDocumentsReader.java,6,0,0,5,80,113,NoBug
14da9bd533353adfe9550e62977d19904f504bcc,community/lucene-index/src/test/java/org/neo4j/kernel/api/impl/index/SearcherManagerStub.java,1,0,0,6,31,58,NoBug
14da9bd533353adfe9550e62977d19904f504bcc,community/lucene-index/src/main/java/org/neo4j/kernel/api/impl/index/LuceneIndexAccessor.java,13,0,0,0,283,354,NoBug
14f2c6432f857024e5c864be41751f36690d638f,community/kernel/src/test/java/org/neo4j/test/DatabaseRule.java,4,0,0,18,183,240,Bag
15e18cdb688a2ec6e0e1897051f1c3afa538bacf,integrationtests/src/test/java/org/neo4j/procedure/ProcedureIT.java,12,0,0,123,1118,1502,Bag
15fd5802cff03534ab05a226dbfba84b75f88622,community/shell/src/main/java/org/neo4j/shell/impl/AbstractClient.java,24,0,1,11,271,324,Bag
161b3f6ecff9930e719c5b4f649e119b80b9e594,enterprise/core-edge/src/test/java/org/neo4j/coreedge/discovery/Cluster.java,27,0,1,27,396,496,Bag
163d0bd4868b719bb23dc1d48cbc5f577e5994b6,enterprise/security/src/main/java/org/neo4j/server/security/enterprise/auth/SecurityProcedures.java,2,0,0,3,33,59,Bag
163d0bd4868b719bb23dc1d48cbc5f577e5994b6,enterprise/security/src/main/java/org/neo4j/server/security/enterprise/auth/UserManagementProcedures.java,4,0,0,16,134,173,Bag
163d0bd4868b719bb23dc1d48cbc5f577e5994b6,community/kernel/src/main/java/org/neo4j/kernel/api/security/SecurityContext.java,1,0,1,22,96,139,Bag
163d0bd4868b719bb23dc1d48cbc5f577e5994b6,enterprise/kernel/src/main/java/org/neo4j/kernel/enterprise/builtinprocs/EnterpriseBuiltInDbmsProcedures.java,18,0,7,19,423,522,Bag
163d0bd4868b719bb23dc1d48cbc5f577e5994b6,integrationtests/src/test/java/org/neo4j/bolt/DeleteUserStressIT.java,1,0,0,3,57,146,Bag
163d0bd4868b719bb23dc1d48cbc5f577e5994b6,community/kernel/src/main/java/org/neo4j/kernel/builtinprocs/BuiltInDbmsProcedures.java,2,0,0,6,79,111,Bag
163d0bd4868b719bb23dc1d48cbc5f577e5994b6,community/security/src/main/java/org/neo4j/server/security/auth/AuthProcedures.java,6,0,0,9,111,147,Bag
163d0bd4868b719bb23dc1d48cbc5f577e5994b6,enterprise/security/src/test/java/org/neo4j/server/security/enterprise/auth/UserManagementProceduresLoggingTest.java,3,0,0,37,503,711,Bag
163d0bd4868b719bb23dc1d48cbc5f577e5994b6,community/security/src/test/java/org/neo4j/server/security/auth/AuthProceduresIT.java,10,0,4,13,293,370,Bag
1645441a60cf0a77d557be1b8d3faa83fae08c77,enterprise/causal-clustering/src/test/java/org/neo4j/causalclustering/load_balancing/procedure/GetServersProcedureV2Test.java,1,0,0,3,39,76,Bag
1645441a60cf0a77d557be1b8d3faa83fae08c77,enterprise/causal-clustering/src/main/java/org/neo4j/causalclustering/load_balancing/procedure/LegacyGetServersProcedure.java,6,0,1,3,120,164,Bag
1645441a60cf0a77d557be1b8d3faa83fae08c77,enterprise/causal-clustering/src/main/java/org/neo4j/causalclustering/load_balancing/procedure/GetServersProcedureForMultiDC.java,1,0,1,3,43,81,Bag
1645441a60cf0a77d557be1b8d3faa83fae08c77,enterprise/causal-clustering/src/test/java/org/neo4j/causalclustering/load_balancing/procedure/GetServersProcedureV1Test.java,7,0,0,11,337,475,Bag
1645441a60cf0a77d557be1b8d3faa83fae08c77,enterprise/causal-clustering/src/main/java/org/neo4j/causalclustering/load_balancing/procedure/GetServersProcedureForSingleDC.java,6,0,1,3,121,169,Bag
17e9007c3eea6f54aa57da88ade914262ea38c80,community/lucene-index/src/main/java/org/neo4j/index/impl/lucene/legacy/IndexType.java,42,0,0,7,416,499,NoBug
17e9007c3eea6f54aa57da88ade914262ea38c80,community/neo4j/src/test/java/org/neo4j/index/LegacyIndexTest.java,2,0,0,1,43,72,NoBug
182263a35884dcf5e5433164231d8e1b29a66fe2,community/server/src/main/java/org/neo4j/server/rest/repr/DatabaseRepresentation.java,1,0,0,3,41,68,Bag
185130017bc6355de0ead61cb32603cb7ce277d1,enterprise/security/src/test/java/org/neo4j/server/security/enterprise/auth/ProcedureInteractionTestBase.java,9,0,0,12,465,581,NoBug
185130017bc6355de0ead61cb32603cb7ce277d1,enterprise/security/src/main/java/org/neo4j/server/security/enterprise/auth/StandardEnterpriseAuthSubject.java,13,0,0,19,142,187,NoBug
185130017bc6355de0ead61cb32603cb7ce277d1,enterprise/security/src/test/java/org/neo4j/server/security/enterprise/auth/integration/bolt/LdapAuthenticationIT.java,11,0,13,27,693,1064,NoBug
18b09906f4ef860a3fd296b15ceee8c9628f08e8,community/security/src/test/java/org/neo4j/commandline/admin/security/DeleteCommandTest.java,3,0,0,4,54,95,NoBug
18b09906f4ef860a3fd296b15ceee8c9628f08e8,community/security/src/main/java/org/neo4j/commandline/admin/security/UsersCommand.java,23,0,0,8,201,242,NoBug
18b09906f4ef860a3fd296b15ceee8c9628f08e8,community/security/src/test/java/org/neo4j/commandline/admin/security/UsersCommandIT.java,3,0,4,20,187,342,NoBug
18b09906f4ef860a3fd296b15ceee8c9628f08e8,community/security/src/test/java/org/neo4j/commandline/admin/security/CommandTestBase.java,4,0,0,0,111,153,NoBug
18b4cb956fbe0ea2aba4cc0f9d4b944331a58f9f,community/import-tool/src/test/java/org/neo4j/tooling/ImportToolDocIT.java,9,0,0,12,608,739,Bag
18b6f9ff1c19027f27d2c4b72d56fb033f2b156e,community/kernel/src/main/java/org/neo4j/kernel/impl/util/Bits.java,21,0,6,37,310,418,NoBug
18b6f9ff1c19027f27d2c4b72d56fb033f2b156e,community/kernel/src/test/java/org/neo4j/kernel/impl/util/TestBits.java,8,0,0,6,79,112,NoBug
18d770da01ef94362a856a706ef8a09e7113f8ae,community/cypher/cypher/src/test/java/org/neo4j/cypher/internal/javacompat/ExecutionResultTest.java,3,0,2,3,85,128,Bag
18d770da01ef94362a856a706ef8a09e7113f8ae,community/lucene-index/src/main/java/org/neo4j/kernel/api/impl/index/IndexWriterConfigs.java,2,0,1,2,66,103,NoBug
18d770da01ef94362a856a706ef8a09e7113f8ae,community/kernel/src/main/java/org/neo4j/kernel/impl/api/index/BatchingMultipleIndexPopulator.java,13,0,2,2,274,428,NoBug
18edb7d52d390d2d1ac3c7ca728734a5a5179519,community/kernel/src/main/java/org/neo4j/kernel/impl/api/OperationsFacade.java,21,0,13,147,1375,1622,Bag
18edb7d52d390d2d1ac3c7ca728734a5a5179519,enterprise/security/src/test/java/org/neo4j/server/security/enterprise/auth/ProcedureInteractionTestBase.java,8,0,0,24,566,693,Bag
18edb7d52d390d2d1ac3c7ca728734a5a5179519,enterprise/security/src/test/java/org/neo4j/server/security/enterprise/auth/AuthProceduresInteractionTestBase.java,5,0,24,65,785,985,Bag
190b92241a3a9b39b8352f5f3cd846f2f10e6b61,community/codegen/src/main/java/org/neo4j/codegen/ClassGenerator.java,6,0,0,16,121,163,Bag
190b92241a3a9b39b8352f5f3cd846f2f10e6b61,community/kernel/src/test/java/org/neo4j/kernel/impl/core/NodeProxySingleRelationshipTest.java,3,0,1,3,80,168,Bag
1956df79087c110bae8293a84dbbcd868f1a0d8a,community/cypher/cypher/src/main/java/org/neo4j/cypher/internal/codegen/CompiledMathHelper.java,97,0,2,6,284,357,NoBug
197393a3c66dacf10c813cdcb731971a30857e16,community/bolt/src/main/java/org/neo4j/bolt/v1/runtime/TransactionStateMachineSPI.java,3,0,0,0,124,158,NoBug
197393a3c66dacf10c813cdcb731971a30857e16,integrationtests/src/test/java/org/neo4j/ha/BoltHAIT.java,1,0,0,2,55,102,NoBug
197393a3c66dacf10c813cdcb731971a30857e16,enterprise/causal-clustering/src/test/java/org/neo4j/causalclustering/scenarios/CausalConsistencyIT.java,2,0,0,3,65,110,NoBug
197393a3c66dacf10c813cdcb731971a30857e16,community/kernel/src/main/java/org/neo4j/kernel/api/txtracking/TransactionIdTracker.java,4,0,3,1,53,117,NoBug
197393a3c66dacf10c813cdcb731971a30857e16,enterprise/ha/src/test/java/org/neo4j/kernel/impl/ha/ClusterManager.java,71,0,32,52,1087,1625,NoBug
197393a3c66dacf10c813cdcb731971a30857e16,community/kernel/src/test/java/org/neo4j/kernel/api/txtracking/TransactionIdTrackerTest.java,3,0,0,5,82,129,NoBug
197393a3c66dacf10c813cdcb731971a30857e16,community/bolt/src/main/java/org/neo4j/bolt/v1/runtime/LifecycleManagedBoltFactory.java,1,0,0,7,72,102,NoBug
1979941d5b606491b74308f43943f8e110249e5d,community/kernel/src/main/java/org/neo4j/kernel/impl/transaction/xaframework/XaLogicalLog.java,125,0,11,46,1464,1820,NoBug
1979941d5b606491b74308f43943f8e110249e5d,community/kernel/src/test/java/org/neo4j/kernel/impl/recovery/KernelRecoveryTest.java,1,0,0,2,59,99,NoBug
1979941d5b606491b74308f43943f8e110249e5d,community/kernel/src/test/java/org/neo4j/kernel/impl/transaction/xaframework/LogMatchers.java,14,0,1,7,159,220,NoBug
1979941d5b606491b74308f43943f8e110249e5d,community/kernel/src/main/java/org/neo4j/kernel/impl/transaction/xaframework/InMemoryLogBuffer.java,5,0,0,19,134,179,NoBug
19fb0ceff8a8fedae97ae84256db8815670cf01c,community/bolt/src/main/java/org/neo4j/bolt/v1/runtime/internal/SessionStateMachine.java,22,0,3,13,503,663,Bag
19fb0ceff8a8fedae97ae84256db8815670cf01c,community/bolt/src/test/java/org/neo4j/bolt/v1/runtime/internal/SessionStateMachineTest.java,1,0,0,17,205,306,Bag
19fb0ceff8a8fedae97ae84256db8815670cf01c,community/bolt/src/test/java/org/neo4j/bolt/v1/runtime/integration/TransactionIT.java,1,0,0,3,46,87,Bag
1a11c303d2294b55d03cc5f4974290b5be94f2c3,enterprise/ha/src/test/java/org/neo4j/ha/BackupHaIT.java,4,0,0,7,140,199,NoBug
1a11c303d2294b55d03cc5f4974290b5be94f2c3,enterprise/com/src/main/java/org/neo4j/com/Server.java,37,0,1,19,605,744,NoBug
1a11c303d2294b55d03cc5f4974290b5be94f2c3,enterprise/ha/src/main/java/org/neo4j/kernel/ha/cluster/SwitchToSlave.java,25,0,1,9,452,579,NoBug
1a261f85215c39039a8e8d12b1363ec328e56bf7,community/kernel/src/test/java/org/neo4j/kernel/impl/core/NodeManagerTest.java,1,0,0,7,188,266,NoBug
1a261f85215c39039a8e8d12b1363ec328e56bf7,community/kernel/src/main/java/org/neo4j/kernel/impl/nioneo/xa/ReadTransaction.java,21,0,0,0,376,463,NoBug
1a261f85215c39039a8e8d12b1363ec328e56bf7,community/kernel/src/main/java/org/neo4j/kernel/impl/persistence/NeoStoreTransaction.java,1,0,32,3,57,348,NoBug
1a261f85215c39039a8e8d12b1363ec328e56bf7,community/kernel/src/main/java/org/neo4j/kernel/impl/core/NodeManager.java,81,0,1,49,1075,1286,NoBug
1a261f85215c39039a8e8d12b1363ec328e56bf7,community/kernel/src/main/java/org/neo4j/kernel/impl/nioneo/xa/WriteTransaction.java,216,0,1,39,1660,1875,NoBug
1a261f85215c39039a8e8d12b1363ec328e56bf7,community/kernel/src/main/java/org/neo4j/kernel/impl/nioneo/store/NodeStore.java,13,0,1,15,206,267,NoBug
1a261f85215c39039a8e8d12b1363ec328e56bf7,community/kernel/src/main/java/org/neo4j/kernel/impl/persistence/PersistenceManager.java,16,0,0,33,320,419,NoBug
1b3aad3b619bd72c2c9f79bb7edf642c5dc56a6f,enterprise/security/src/test/java/org/neo4j/server/security/enterprise/auth/InternalFlatFileRealmTest.java,1,0,0,5,164,221,NoBug
1b3aad3b619bd72c2c9f79bb7edf642c5dc56a6f,enterprise/security/src/main/java/org/neo4j/server/security/enterprise/auth/UserManagementProcedures.java,26,0,0,16,317,359,Bag
1b3aad3b619bd72c2c9f79bb7edf642c5dc56a6f,enterprise/security/src/test/java/org/neo4j/server/security/enterprise/auth/BoltUserManagementProceduresInteractionTest.java,1,0,0,3,21,47,NoBug
1b3aad3b619bd72c2c9f79bb7edf642c5dc56a6f,community/security/src/test/java/org/neo4j/server/security/auth/AuthProceduresIT.java,10,0,5,12,291,364,NoBug
1b3aad3b619bd72c2c9f79bb7edf642c5dc56a6f,enterprise/security/src/test/java/org/neo4j/server/security/enterprise/auth/integration/bolt/EnterpriseAuthenticationTestBase.java,5,0,0,3,192,272,NoBug
1b3aad3b619bd72c2c9f79bb7edf642c5dc56a6f,enterprise/security/src/test/java/org/neo4j/server/security/enterprise/auth/integration/bolt/LdapExamplePluginAuthenticationIT.java,1,0,0,3,75,104,NoBug
1b3aad3b619bd72c2c9f79bb7edf642c5dc56a6f,enterprise/core-edge/src/main/java/org/neo4j/coreedge/edge/EnterpriseEdgeEditionModule.java,1,0,1,2,187,258,NoBug
1b3aad3b619bd72c2c9f79bb7edf642c5dc56a6f,enterprise/core-edge/src/main/java/org/neo4j/coreedge/core/EnterpriseCoreEditionModule.java,5,0,1,4,249,327,NoBug
1b3aad3b619bd72c2c9f79bb7edf642c5dc56a6f,community/kernel/src/main/java/org/neo4j/kernel/api/security/AuthManager.java,1,0,2,0,32,72,NoBug
1b3aad3b619bd72c2c9f79bb7edf642c5dc56a6f,community/security/src/test/java/org/neo4j/server/security/auth/AuthProceduresTest.java,1,0,0,5,70,119,Bag
1b3aad3b619bd72c2c9f79bb7edf642c5dc56a6f,enterprise/security/src/main/java/org/neo4j/server/security/enterprise/configuration/SecuritySettings.java,1,0,1,0,173,245,NoBug
1b3aad3b619bd72c2c9f79bb7edf642c5dc56a6f,community/security/src/main/java/org/neo4j/commandline/admin/security/UsersCommand.java,13,0,0,8,139,175,NoBug
1b3aad3b619bd72c2c9f79bb7edf642c5dc56a6f,enterprise/security/src/main/java/org/neo4j/server/security/enterprise/auth/SecurityProcedures.java,1,0,0,3,27,53,Bag
1b3aad3b619bd72c2c9f79bb7edf642c5dc56a6f,enterprise/security/src/test/java/org/neo4j/server/security/enterprise/auth/EmbeddedUserManagementProceduresInteractionTest.java,1,0,1,1,514,590,NoBug
1b3aad3b619bd72c2c9f79bb7edf642c5dc56a6f,enterprise/kernel/src/main/java/org/neo4j/kernel/impl/enterprise/EnterpriseEditionModule.java,2,0,1,4,73,107,NoBug
1b3aad3b619bd72c2c9f79bb7edf642c5dc56a6f,enterprise/kernel/src/main/java/org/neo4j/kernel/impl/enterprise/configuration/EnterpriseEditionSettings.java,1,0,1,0,24,53,NoBug
1b3aad3b619bd72c2c9f79bb7edf642c5dc56a6f,enterprise/security/src/test/java/org/neo4j/server/security/enterprise/auth/MultiRealmAuthManagerTest.java,4,0,0,34,504,732,NoBug
1b3aad3b619bd72c2c9f79bb7edf642c5dc56a6f,enterprise/security/src/main/java/org/neo4j/server/security/enterprise/auth/plugin/PluginRealm.java,41,0,0,9,371,449,NoBug
1b3aad3b619bd72c2c9f79bb7edf642c5dc56a6f,enterprise/server-enterprise/src/test/java/org/neo4j/server/rest/security/EnterpriseAuthenticationDocIT.java,1,0,0,4,67,106,NoBug
1b3aad3b619bd72c2c9f79bb7edf642c5dc56a6f,enterprise/server-enterprise/src/test/java/org/neo4j/server/rest/security/RESTUserManagementProceduresInteractionTest.java,1,0,0,3,24,51,NoBug
1b3aad3b619bd72c2c9f79bb7edf642c5dc56a6f,community/kernel/src/test/java/org/neo4j/kernel/impl/factory/EditionModuleTest.java,1,0,0,2,18,46,NoBug
1b3aad3b619bd72c2c9f79bb7edf642c5dc56a6f,enterprise/security/src/test/java/org/neo4j/server/security/enterprise/auth/integration/bolt/LdapAuthenticationIT.java,7,0,13,27,567,887,Bag
1b3aad3b619bd72c2c9f79bb7edf642c5dc56a6f,enterprise/security/src/test/java/org/neo4j/server/security/enterprise/auth/LdapCachingTest.java,1,0,0,7,203,288,NoBug
1b3aad3b619bd72c2c9f79bb7edf642c5dc56a6f,enterprise/security/src/main/java/org/neo4j/server/security/enterprise/auth/LdapRealm.java,49,0,1,6,447,546,NoBug
1b3aad3b619bd72c2c9f79bb7edf642c5dc56a6f,enterprise/server-enterprise/src/main/java/org/neo4j/server/enterprise/EnterpriseBootstrapper.java,4,0,0,1,50,78,NoBug
1b3aad3b619bd72c2c9f79bb7edf642c5dc56a6f,enterprise/security/src/test/java/org/neo4j/server/security/enterprise/auth/AuthProceduresInteractionTestBase.java,5,0,24,65,785,985,NoBug
1b3aad3b619bd72c2c9f79bb7edf642c5dc56a6f,enterprise/security/src/test/java/org/neo4j/server/security/enterprise/auth/integration/bolt/ActiveDirectoryAuthenticationIT.java,4,0,3,12,232,366,NoBug
1b3aad3b619bd72c2c9f79bb7edf642c5dc56a6f,enterprise/security/src/test/java/org/neo4j/server/security/enterprise/auth/UserManagementProceduresLoggingTest.java,3,0,0,37,502,709,Bag
1b3aad3b619bd72c2c9f79bb7edf642c5dc56a6f,community/security/src/main/java/org/neo4j/server/security/auth/CommunitySecurityModule.java,2,0,0,7,68,106,Bag
1b3aad3b619bd72c2c9f79bb7edf642c5dc56a6f,enterprise/security/src/test/java/org/neo4j/server/security/enterprise/auth/integration/bolt/BoltConnectionManagementIT.java,7,0,12,3,304,430,NoBug
1b3aad3b619bd72c2c9f79bb7edf642c5dc56a6f,enterprise/security/src/main/java/org/neo4j/server/security/enterprise/auth/StandardEnterpriseAuthSubject.java,15,0,0,19,156,201,Bag
1b3aad3b619bd72c2c9f79bb7edf642c5dc56a6f,community/kernel/src/main/java/org/neo4j/kernel/impl/factory/DataSourceModule.java,3,0,1,1,314,429,Bag
1b3aad3b619bd72c2c9f79bb7edf642c5dc56a6f,community/security/src/main/java/org/neo4j/server/security/auth/UserManagerSupplier.java,1,0,0,3,7,30,NoBug
1b3aad3b619bd72c2c9f79bb7edf642c5dc56a6f,enterprise/security/src/test/java/org/neo4j/server/security/enterprise/log/SecurityLogTest.java,1,0,0,2,52,85,NoBug
1b3aad3b619bd72c2c9f79bb7edf642c5dc56a6f,enterprise/security/src/test/java/org/neo4j/server/security/enterprise/auth/LdapRealmTest.java,5,0,0,23,369,498,NoBug
1b3aad3b619bd72c2c9f79bb7edf642c5dc56a6f,enterprise/security/src/main/java/org/neo4j/server/security/enterprise/auth/InternalFlatFileRealm.java,52,0,1,21,577,693,Bag
1b3aad3b619bd72c2c9f79bb7edf642c5dc56a6f,enterprise/security/src/test/java/org/neo4j/server/security/enterprise/auth/EmbeddedInteraction.java,4,0,0,16,135,178,NoBug
1b3aad3b619bd72c2c9f79bb7edf642c5dc56a6f,community/security/src/test/java/org/neo4j/commandline/admin/security/SetPasswordCommandTest.java,1,0,0,9,99,151,NoBug
1b3aad3b619bd72c2c9f79bb7edf642c5dc56a6f,community/kernel/src/main/java/org/neo4j/kernel/impl/factory/EditionModule.java,4,0,1,3,100,150,Bag
1b3aad3b619bd72c2c9f79bb7edf642c5dc56a6f,community/security/src/main/java/org/neo4j/server/security/auth/BasicAuthManager.java,14,0,1,15,176,235,Bag
1b3aad3b619bd72c2c9f79bb7edf642c5dc56a6f,enterprise/ha/src/main/java/org/neo4j/kernel/ha/factory/HighlyAvailableEditionModule.java,21,0,1,3,651,857,Bag
1b3aad3b619bd72c2c9f79bb7edf642c5dc56a6f,community/security/src/test/java/org/neo4j/server/security/auth/BasicAuthManagerTest.java,4,0,0,16,230,334,NoBug
1b3aad3b619bd72c2c9f79bb7edf642c5dc56a6f,enterprise/security/src/main/java/org/neo4j/server/security/enterprise/auth/MultiRealmAuthManager.java,21,0,0,0,184,225,Bag
1b3aad3b619bd72c2c9f79bb7edf642c5dc56a6f,enterprise/security/src/test/java/org/neo4j/server/security/enterprise/auth/MultiRealmAuthManagerRule.java,3,0,0,12,122,162,Bag
1b3aad3b619bd72c2c9f79bb7edf642c5dc56a6f,enterprise/security/src/main/java/org/neo4j/server/security/enterprise/auth/AuthProceduresBase.java,5,0,0,4,107,151,Bag
1b3aad3b619bd72c2c9f79bb7edf642c5dc56a6f,community/kernel/src/test/java/org/neo4j/kernel/impl/api/integrationtest/KernelIntegrationTest.java,2,0,0,3,138,177,Bag
1b3aad3b619bd72c2c9f79bb7edf642c5dc56a6f,community/kernel/src/main/java/org/neo4j/kernel/impl/factory/CommunityEditionModule.java,11,0,1,4,211,279,Bag
1b3aad3b619bd72c2c9f79bb7edf642c5dc56a6f,community/kernel/src/main/java/org/neo4j/kernel/api/security/SecurityModule.java,1,0,0,3,13,36,Bag
1b3aad3b619bd72c2c9f79bb7edf642c5dc56a6f,enterprise/security/src/test/java/org/neo4j/server/security/enterprise/auth/InternalFlatFileRealmIT.java,8,0,0,6,191,251,NoBug
1b3aad3b619bd72c2c9f79bb7edf642c5dc56a6f,community/security/src/main/java/org/neo4j/server/security/auth/AuthProcedures.java,4,0,0,8,92,125,Bag
1b3aad3b619bd72c2c9f79bb7edf642c5dc56a6f,enterprise/security/src/main/java/org/neo4j/server/security/enterprise/auth/EnterpriseAuthAndUserManager.java,1,0,0,3,11,34,NoBug
1b3aad3b619bd72c2c9f79bb7edf642c5dc56a6f,enterprise/security/src/main/java/org/neo4j/server/security/enterprise/auth/EnterpriseSecurityModule.java,22,0,0,6,191,255,Bag
1b3aad3b619bd72c2c9f79bb7edf642c5dc56a6f,enterprise/security/src/test/java/org/neo4j/server/security/enterprise/auth/EnterpriseSecurityModuleTest.java,1,0,0,3,65,102,NoBug
1b3aad3b619bd72c2c9f79bb7edf642c5dc56a6f,enterprise/security/src/test/java/org/neo4j/server/security/enterprise/auth/integration/bolt/PluginAuthenticationIT.java,1,0,0,11,162,241,NoBug
1b3aad3b619bd72c2c9f79bb7edf642c5dc56a6f,community/kernel/src/main/java/org/neo4j/graphdb/factory/GraphDatabaseSettings.java,10,0,3,6,489,647,NoBug
1b3aad3b619bd72c2c9f79bb7edf642c5dc56a6f,enterprise/security/src/test/java/org/neo4j/server/security/enterprise/auth/integration/bolt/EnterpriseAuthenticationIT.java,2,0,0,4,105,152,Bag
1b3aad3b619bd72c2c9f79bb7edf642c5dc56a6f,enterprise/security/src/main/java/org/neo4j/server/security/enterprise/log/SecurityLog.java,3,0,1,27,175,230,NoBug
1b3aad3b619bd72c2c9f79bb7edf642c5dc56a6f,enterprise/security/src/test/java/org/neo4j/server/security/enterprise/auth/ProcedureInteractionTestBase.java,9,0,0,12,495,614,Bag
1b3aad3b619bd72c2c9f79bb7edf642c5dc56a6f,enterprise/server-enterprise/src/test/java/org/neo4j/server/rest/security/RESTInteraction.java,20,0,0,0,281,337,NoBug
1bc04c4e88b87bc2e10a07cbe4bd5c8c984e9fc9,community/kernel/src/test/java/org/neo4j/kernel/impl/event/TestTransactionEvents.java,29,0,0,13,797,937,Bag
1bc04c4e88b87bc2e10a07cbe4bd5c8c984e9fc9,community/lucene-index/src/test/java/org/neo4j/kernel/impl/event/TestTransactionEventsWithIndexes.java,2,0,0,2,59,93,NoBug
1c54fc12680ad7d3de243d1ff3c9eaf2ed52b77c,community/kernel/src/test/java/org/neo4j/kernel/impl/transaction/log/BatchingTransactionAppenderTest.java,8,0,0,10,333,419,NoBug
1c54fc12680ad7d3de243d1ff3c9eaf2ed52b77c,community/kernel/src/main/java/org/neo4j/kernel/impl/transaction/log/BatchingTransactionAppender.java,15,0,1,4,242,356,NoBug
1c6e22fad95ec037f0b9c6fd7a9fadb18e8384d1,community/server/src/main/java/org/neo4j/server/rest/repr/NodeRepresentation.java,5,0,0,20,157,204,NoBug
1c6e22fad95ec037f0b9c6fd7a9fadb18e8384d1,community/server/src/test/java/org/neo4j/server/rest/transactional/integration/QueryResultsSerializationTest.java,3,0,1,36,450,658,NoBug
1c6e22fad95ec037f0b9c6fd7a9fadb18e8384d1,community/server/src/main/java/org/neo4j/server/rest/transactional/TransactionFacade.java,1,0,1,6,44,93,NoBug
1c6e22fad95ec037f0b9c6fd7a9fadb18e8384d1,community/server/src/test/java/org/neo4j/server/rest/transactional/GraphExtractionWriterTest.java,10,0,0,8,218,300,NoBug
1c6e22fad95ec037f0b9c6fd7a9fadb18e8384d1,community/server/src/test/java/org/neo4j/server/rest/transactional/integration/TransactionMatchers.java,29,0,1,11,385,446,NoBug
1c6e22fad95ec037f0b9c6fd7a9fadb18e8384d1,community/server/src/test/java/org/neo4j/server/rest/transactional/ExecutionResultSerializerTest.java,16,0,0,27,738,979,NoBug
1c6e22fad95ec037f0b9c6fd7a9fadb18e8384d1,community/server/src/main/java/org/neo4j/server/rest/transactional/Neo4jJsonCodec.java,23,0,0,4,206,241,NoBug
1c6e22fad95ec037f0b9c6fd7a9fadb18e8384d1,community/server/src/main/java/org/neo4j/server/rest/transactional/RowWriter.java,3,0,0,0,41,74,NoBug
1c6e22fad95ec037f0b9c6fd7a9fadb18e8384d1,community/server/src/main/java/org/neo4j/server/rest/transactional/GraphExtractionWriter.java,15,0,0,0,179,211,NoBug
1c6e22fad95ec037f0b9c6fd7a9fadb18e8384d1,community/server/src/main/java/org/neo4j/server/rest/transactional/TransitionalPeriodTransactionMessContainer.java,1,0,0,4,24,53,NoBug
1c6e22fad95ec037f0b9c6fd7a9fadb18e8384d1,community/server/src/main/java/org/neo4j/server/rest/transactional/TransactionStateChecker.java,1,0,0,4,42,71,NoBug
1c6e22fad95ec037f0b9c6fd7a9fadb18e8384d1,community/server/src/main/java/org/neo4j/server/rest/repr/RelationshipRepresentation.java,4,0,0,13,105,144,NoBug
1c6e22fad95ec037f0b9c6fd7a9fadb18e8384d1,community/server/src/main/java/org/neo4j/server/rest/transactional/AggregatingWriter.java,2,0,0,0,21,47,NoBug
1c6e22fad95ec037f0b9c6fd7a9fadb18e8384d1,community/server/src/test/java/org/neo4j/server/rest/transactional/RestRepresentationWriterTests.java,1,0,0,2,42,72,NoBug
1c6e22fad95ec037f0b9c6fd7a9fadb18e8384d1,community/server/src/main/java/org/neo4j/server/rest/transactional/ResultDataContentWriter.java,1,0,0,2,8,32,NoBug
1c6e22fad95ec037f0b9c6fd7a9fadb18e8384d1,community/server/src/main/java/org/neo4j/server/rest/transactional/RestRepresentationWriter.java,9,0,0,0,100,128,NoBug
1c6e22fad95ec037f0b9c6fd7a9fadb18e8384d1,community/server/src/test/java/org/neo4j/server/rest/transactional/RowWriterTests.java,1,0,0,2,41,70,NoBug
1c6e22fad95ec037f0b9c6fd7a9fadb18e8384d1,community/server/src/test/java/org/neo4j/server/rest/transactional/Neo4jJsonCodecTest.java,8,0,0,10,141,222,NoBug
1c6e22fad95ec037f0b9c6fd7a9fadb18e8384d1,community/server/src/test/java/org/neo4j/server/rest/transactional/TxStateCheckerTestSupport.java,1,0,0,1,31,59,NoBug
1c6e22fad95ec037f0b9c6fd7a9fadb18e8384d1,community/server/src/main/java/org/neo4j/server/rest/transactional/ExecutionResultSerializer.java,28,0,5,3,388,487,NoBug
1c7b97993abf222aa93945484a0d821619a87119,community/server/src/main/java/org/neo4j/server/rest/domain/PropertySettingStrategy.java,16,0,2,4,145,200,NoBug
1c7b97993abf222aa93945484a0d821619a87119,community/server/src/main/java/org/neo4j/server/rest/web/DatabaseActions.java,73,0,9,64,1285,1490,NoBug
1c7b97993abf222aa93945484a0d821619a87119,community/server/src/test/java/org/neo4j/server/rest/IndexNodeDocIT.java,3,0,16,14,675,914,NoBug
1cd3ff962ddbc71fd698b0d85b14b9ca079b0f57,community/server/src/main/java/org/neo4j/server/modules/ExtensionInitializer.java,7,0,1,3,62,93,Bag
1cd3ff962ddbc71fd698b0d85b14b9ca079b0f57,community/server/src/main/java/org/neo4j/server/configuration/ConfigurationBuilder.java,4,0,4,9,86,142,Bag
1cd3ff962ddbc71fd698b0d85b14b9ca079b0f57,community/server/src/test/java/org/neo4j/server/configuration/ConfigWrappingConfigurationTest.java,1,0,0,4,37,79,Bag
1cd3ff962ddbc71fd698b0d85b14b9ca079b0f57,community/server/src/main/java/org/neo4j/server/configuration/ConfigWrappingConfiguration.java,6,0,1,5,82,121,Bag
1cd3ff962ddbc71fd698b0d85b14b9ca079b0f57,community/server/src/main/java/org/neo4j/server/configuration/ServerConfigFactory.java,12,0,1,3,108,168,Bag
1cd3ff962ddbc71fd698b0d85b14b9ca079b0f57,community/server/src/main/java/org/neo4j/server/configuration/PropertyFileConfigurator.java,13,0,1,4,108,149,Bag
1d091f26f2a97068a7349cd6911070ed409bfcab,community/security/src/main/java/org/neo4j/server/security/auth/BasicAuthManager.java,15,0,1,11,139,185,Bag
1d091f26f2a97068a7349cd6911070ed409bfcab,community/bolt/src/main/java/org/neo4j/bolt/security/auth/BasicAuthentication.java,13,0,1,2,99,134,Bag
1d091f26f2a97068a7349cd6911070ed409bfcab,community/security/src/main/java/org/neo4j/server/security/auth/AuthManager.java,1,0,7,0,89,174,Bag
1d091f26f2a97068a7349cd6911070ed409bfcab,community/security/src/main/java/org/neo4j/server/security/auth/BasicAuthSubject.java,2,0,0,10,64,97,Bag
1d091f26f2a97068a7349cd6911070ed409bfcab,community/security/src/main/java/org/neo4j/server/security/auth/AuthSubject.java,1,0,0,4,9,34,Bag
1d091f26f2a97068a7349cd6911070ed409bfcab,community/security/src/main/java/org/neo4j/server/security/auth/FileUserRepository.java,17,0,1,8,169,231,Bag
1d091f26f2a97068a7349cd6911070ed409bfcab,community/security/src/test/java/org/neo4j/server/security/auth/InMemoryUserRepository.java,7,0,1,6,70,107,Bag
1d091f26f2a97068a7349cd6911070ed409bfcab,community/security/src/main/java/org/neo4j/server/security/auth/UserRepository.java,1,0,5,2,13,61,Bag
1d091f26f2a97068a7349cd6911070ed409bfcab,community/bolt/src/test/java/org/neo4j/bolt/v1/transport/integration/AuthenticationIT.java,3,0,0,9,180,253,Bag
1d091f26f2a97068a7349cd6911070ed409bfcab,community/kernel/src/main/java/org/neo4j/kernel/builtinprocs/AlterUserPasswordProcedure.java,3,0,1,2,46,76,Bag
1d4303c5a0a8bc80b115dfb5e44526506dd95fc6,enterprise/causal-clustering/src/main/java/org/neo4j/causalclustering/core/consensus/roles/Candidate.java,15,0,0,0,113,155,Bag
1d4303c5a0a8bc80b115dfb5e44526506dd95fc6,enterprise/causal-clustering/src/main/java/org/neo4j/causalclustering/core/consensus/roles/Leader.java,25,0,0,2,207,280,Bag
1d4303c5a0a8bc80b115dfb5e44526506dd95fc6,enterprise/causal-clustering/src/main/java/org/neo4j/causalclustering/core/consensus/membership/RaftMembershipManager.java,17,0,1,14,225,326,Bag
1d4303c5a0a8bc80b115dfb5e44526506dd95fc6,enterprise/causal-clustering/src/main/java/org/neo4j/causalclustering/core/consensus/roles/Follower.java,13,0,0,0,85,129,Bag
1d4303c5a0a8bc80b115dfb5e44526506dd95fc6,enterprise/causal-clustering/src/main/java/org/neo4j/causalclustering/core/consensus/RaftMessages.java,61,0,0,100,638,770,Bag
1d4303c5a0a8bc80b115dfb5e44526506dd95fc6,enterprise/causal-clustering/src/main/java/org/neo4j/causalclustering/core/consensus/roles/Appending.java,14,0,0,0,96,142,Bag
1d4303c5a0a8bc80b115dfb5e44526506dd95fc6,enterprise/causal-clustering/src/main/java/org/neo4j/causalclustering/core/state/CommandApplicationProcess.java,14,0,0,7,246,351,Bag
1d4303c5a0a8bc80b115dfb5e44526506dd95fc6,enterprise/causal-clustering/src/main/java/org/neo4j/causalclustering/core/state/CoreState.java,8,0,0,11,152,208,Bag
1d4303c5a0a8bc80b115dfb5e44526506dd95fc6,enterprise/causal-clustering/src/main/java/org/neo4j/causalclustering/core/consensus/outcome/RaftLogCommand.java,1,0,0,7,17,43,Bag
1d4303c5a0a8bc80b115dfb5e44526506dd95fc6,enterprise/causal-clustering/src/main/java/org/neo4j/causalclustering/core/server/CoreServerModule.java,2,0,0,2,155,209,NoBug
1d4303c5a0a8bc80b115dfb5e44526506dd95fc6,enterprise/causal-clustering/src/main/java/org/neo4j/causalclustering/core/state/CoreState.java,8,0,0,11,152,208,Bag
1e1563ada59796ef0f10a482876d3ca432f36f23,community/kernel/src/main/java/org/neo4j/kernel/impl/util/StoreUtil.java,11,0,0,7,73,107,NoBug
1ea4b3b3ddc5b3e837b7bde9de927c282970f20c,community/kernel/src/main/java/org/neo4j/kernel/impl/store/kvstore/RotationState.java,8,0,0,0,166,215,NoBug
1ea4b3b3ddc5b3e837b7bde9de927c282970f20c,community/kernel/src/test/java/org/neo4j/kernel/impl/store/counts/CountsRotationTest.java,8,0,0,8,321,438,NoBug
1f093fa1a35c7d128934ed8fbd50b730b201345b,community/io/src/test/java/org/neo4j/graphdb/mockfs/EphemeralFileSystemAbstractionCrashTest.java,13,0,0,6,170,255,NoBug
1f093fa1a35c7d128934ed8fbd50b730b201345b,community/io/src/test/java/org/neo4j/graphdb/mockfs/EphemeralFileSystemAbstraction.java,98,0,1,32,1206,1425,NoBug
1f22cd0deabcf1e618e4053524cdbfea4940c059,enterprise/core-edge/src/test/java/org/neo4j/coreedge/discovery/SharedDiscoveryService.java,4,0,0,3,129,163,Bag
1f22cd0deabcf1e618e4053524cdbfea4940c059,enterprise/core-edge/src/main/java/org/neo4j/coreedge/discovery/CoreTopologyListenerService.java,1,0,0,0,15,39,Bag
1f22cd0deabcf1e618e4053524cdbfea4940c059,enterprise/core-edge/src/main/java/org/neo4j/coreedge/discovery/CoreTopologyService.java,1,0,0,5,11,35,Bag
1f22cd0deabcf1e618e4053524cdbfea4940c059,enterprise/core-edge/src/test/java/org/neo4j/coreedge/discovery/SharedDiscoveryCoreClient.java,1,0,0,0,72,104,Bag
1f22cd0deabcf1e618e4053524cdbfea4940c059,enterprise/core-edge/src/main/java/org/neo4j/coreedge/discovery/HazelcastCoreTopologyService.java,4,0,0,0,142,188,Bag
1f22cd0deabcf1e618e4053524cdbfea4940c059,enterprise/core-edge/src/main/java/org/neo4j/coreedge/discovery/RaftDiscoveryServiceConnector.java,2,0,0,4,34,62,Bag
1f22cd0deabcf1e618e4053524cdbfea4940c059,community/bolt/src/main/java/org/neo4j/bolt/security/auth/BasicAuthentication.java,11,0,1,2,92,128,NoBug
1f22cd0deabcf1e618e4053524cdbfea4940c059,community/security/src/test/java/org/neo4j/server/security/auth/AuthProceduresTest.java,3,0,0,5,71,116,NoBug
1f22cd0deabcf1e618e4053524cdbfea4940c059,community/server/src/test/java/org/neo4j/server/rest/dbms/UserServiceTest.java,1,0,0,17,246,379,NoBug
1f22cd0deabcf1e618e4053524cdbfea4940c059,enterprise/security/src/test/java/org/neo4j/server/security/enterprise/auth/integration/bolt/LdapAuthenticationIT.java,3,0,0,19,296,468,NoBug
1f22cd0deabcf1e618e4053524cdbfea4940c059,enterprise/security/src/main/java/org/neo4j/server/security/enterprise/auth/EnterpriseAuthSubject.java,10,0,0,15,110,151,NoBug
1f22cd0deabcf1e618e4053524cdbfea4940c059,community/security/src/main/java/org/neo4j/server/security/auth/BasicAuthManager.java,12,0,1,14,155,213,NoBug
1f22cd0deabcf1e618e4053524cdbfea4940c059,community/kernel/src/main/java/org/neo4j/kernel/api/security/AuthSubject.java,1,0,2,2,105,162,NoBug
1f22cd0deabcf1e618e4053524cdbfea4940c059,community/security/src/test/java/org/neo4j/server/security/auth/AuthProceduresIT.java,10,0,5,11,292,365,NoBug
1f22cd0deabcf1e618e4053524cdbfea4940c059,enterprise/security/src/test/java/org/neo4j/server/security/enterprise/auth/AuthTestBase.java,8,0,0,0,321,410,NoBug
1f22cd0deabcf1e618e4053524cdbfea4940c059,enterprise/security/src/test/java/org/neo4j/server/security/enterprise/auth/AuthScenariosLogic.java,4,0,26,3,403,729,NoBug
1f22cd0deabcf1e618e4053524cdbfea4940c059,community/server/src/main/java/org/neo4j/server/rest/dbms/UserService.java,12,0,0,4,107,140,NoBug
1f22cd0deabcf1e618e4053524cdbfea4940c059,enterprise/security/src/test/java/org/neo4j/server/security/enterprise/auth/NeoShallowEmbeddedInteraction.java,3,0,0,14,111,150,NoBug
1f22cd0deabcf1e618e4053524cdbfea4940c059,enterprise/security/src/main/java/org/neo4j/server/security/enterprise/auth/EnterpriseUserManager.java,1,0,2,8,17,64,NoBug
1f22cd0deabcf1e618e4053524cdbfea4940c059,community/security/src/main/java/org/neo4j/server/security/auth/UserManager.java,1,0,0,6,14,41,NoBug
1f22cd0deabcf1e618e4053524cdbfea4940c059,community/security/src/main/java/org/neo4j/server/security/auth/BasicAuthSubject.java,5,0,1,13,100,148,NoBug
1f22cd0deabcf1e618e4053524cdbfea4940c059,enterprise/security/src/test/java/org/neo4j/server/security/enterprise/auth/AuthProceduresTestLogic.java,3,0,22,68,856,1071,NoBug
1f22cd0deabcf1e618e4053524cdbfea4940c059,community/security/src/main/java/org/neo4j/commandline/admin/security/UsersCommand.java,22,0,0,8,193,234,NoBug
1f22cd0deabcf1e618e4053524cdbfea4940c059,enterprise/security/src/test/java/org/neo4j/server/security/enterprise/auth/MultiRealmAuthManagerTest.java,5,0,0,28,367,555,NoBug
1f22cd0deabcf1e618e4053524cdbfea4940c059,enterprise/security/src/main/java/org/neo4j/server/security/enterprise/auth/InternalFlatFileRealm.java,42,0,1,21,474,582,NoBug
1f22cd0deabcf1e618e4053524cdbfea4940c059,community/security/src/main/java/org/neo4j/server/security/auth/AuthProcedures.java,4,0,0,8,88,120,NoBug
1f22cd0deabcf1e618e4053524cdbfea4940c059,community/security/src/test/java/org/neo4j/server/security/auth/BasicAuthManagerTest.java,4,0,0,13,145,225,NoBug
1f22cd0deabcf1e618e4053524cdbfea4940c059,enterprise/security/src/main/java/org/neo4j/server/security/enterprise/auth/AuthProcedures.java,21,0,0,23,349,420,NoBug
1f4ab33cc31e9c137c9027ebb474b331084ba22b,community/neo4j/src/test/java/org/neo4j/locking/QueryExecutionLocks.java,6,0,0,4,807,965,NoBug
1f8c2d6a9466972520b49477c149e83779757d7a,enterprise/security/src/test/java/org/neo4j/server/security/enterprise/auth/integration/bolt/LdapAuthenticationIT.java,6,0,13,22,541,853,Bag
1f8c2d6a9466972520b49477c149e83779757d7a,enterprise/security/src/test/java/org/neo4j/server/security/enterprise/auth/LdapRealmTest.java,3,0,0,23,350,479,Bag
1f8c2d6a9466972520b49477c149e83779757d7a,community/bolt/src/test/java/org/neo4j/bolt/v1/transport/integration/AuthenticationIT.java,3,0,0,15,285,399,Bag
1f8c2d6a9466972520b49477c149e83779757d7a,enterprise/security/src/main/java/org/neo4j/server/security/enterprise/auth/LdapRealm.java,50,0,1,2,430,540,Bag
1f8c2d6a9466972520b49477c149e83779757d7a,enterprise/security/src/main/java/org/neo4j/server/security/enterprise/auth/ShiroAuthenticationInfo.java,5,0,0,5,56,92,Bag
1f8c2d6a9466972520b49477c149e83779757d7a,enterprise/security/src/main/java/org/neo4j/server/security/enterprise/auth/PredefinedRolesBuilder.java,1,0,0,3,36,68,Bag
1f8c2d6a9466972520b49477c149e83779757d7a,enterprise/security/src/main/java/org/neo4j/server/security/enterprise/auth/InternalFlatFileRealm.java,45,0,0,0,536,652,Bag
1f8c2d6a9466972520b49477c149e83779757d7a,enterprise/security/src/main/java/org/neo4j/server/security/enterprise/auth/SecuritySettings.java,1,0,1,0,106,153,Bag
1fb9a01291faede0432abb4fd6d690257b9ae40d,community/graph-algo/src/main/java/org/neo4j/graphalgo/impl/path/ShortestPath.java,61,0,4,10,580,714,Bag
1ff33c3a5d281710c6a3bc44ad3c62133a1e2b46,community/kernel/src/main/java/org/neo4j/graphdb/impl/notification/NotificationCode.java,7,0,2,0,247,290,Bag
20aaa795484f150244531847263fc72e57dcfb60,enterprise/security/src/test/java/org/neo4j/server/security/enterprise/auth/InternalFlatFileRealmTest.java,1,0,0,5,168,225,Bag
20aaa795484f150244531847263fc72e57dcfb60,enterprise/security/src/test/java/org/neo4j/server/security/enterprise/auth/MultiRealmAuthManagerTest.java,4,0,0,34,503,733,Bag
20aaa795484f150244531847263fc72e57dcfb60,enterprise/security/src/main/java/org/neo4j/server/security/enterprise/auth/InternalFlatFileRealm.java,58,0,1,26,629,755,Bag
2162f57a395476c1b2e263b1e055c6baea8aa276,packaging/neo4j-desktop/src/main/java/org/neo4j/desktop/runtime/DesktopConfigurator.java,1,0,0,8,58,90,NoBug
2162f57a395476c1b2e263b1e055c6baea8aa276,community/server/src/test/java/org/neo4j/server/configuration/ConfigLoaderTest.java,1,0,0,12,154,237,NoBug
2162f57a395476c1b2e263b1e055c6baea8aa276,community/server/src/test/java/org/neo4j/server/helpers/CommunityServerBuilder.java,21,0,0,19,294,367,NoBug
2162f57a395476c1b2e263b1e055c6baea8aa276,community/server/src/main/java/org/neo4j/server/ServerBootstrapper.java,13,0,0,6,156,203,NoBug
2162f57a395476c1b2e263b1e055c6baea8aa276,community/server/src/main/java/org/neo4j/server/configuration/ConfigLoader.java,2,0,0,5,64,101,NoBug
2162f57a395476c1b2e263b1e055c6baea8aa276,community/kernel/src/main/java/org/neo4j/kernel/configuration/Config.java,8,0,6,12,172,251,NoBug
2162f57a395476c1b2e263b1e055c6baea8aa276,enterprise/server-enterprise/src/test/java/org/neo4j/server/enterprise/EnterpriseBootstrapperTest.java,1,0,0,5,133,187,NoBug
2162f57a395476c1b2e263b1e055c6baea8aa276,enterprise/server-enterprise/src/test/java/org/neo4j/server/enterprise/jmx/ServerManagementTest.java,1,0,0,2,59,97,NoBug
2174b41bf27d2b5c2f7db0376b22d0e68978d3e2,community/codegen/src/main/java/org/neo4j/codegen/ClassGenerator.java,6,0,0,16,121,163,NoBug
2174b41bf27d2b5c2f7db0376b22d0e68978d3e2,community/kernel/src/test/java/org/neo4j/kernel/impl/core/NodeProxySingleRelationshipTest.java,3,0,1,3,80,163,NoBug
2184600a5f95e2164c5a98d2fcde35a492680c4d,community/shell/src/main/java/org/neo4j/shell/StartClient.java,44,0,2,0,419,543,NoBug
2184600a5f95e2164c5a98d2fcde35a492680c4d,community/shell/src/test/java/org/neo4j/shell/StartClientTest.java,1,0,0,7,132,194,NoBug
21902a73848847e5fe81baea269f3f8027a62140,community/graphdb-api/src/main/java/org/neo4j/graphdb/event/TransactionEventHandler.java,1,0,5,3,26,148,NoBug
21902a73848847e5fe81baea269f3f8027a62140,community/kernel/src/test/java/org/neo4j/kernel/impl/event/TestTransactionEvents.java,39,0,0,20,1142,1344,NoBug
21902a73848847e5fe81baea269f3f8027a62140,community/kernel/src/main/java/org/neo4j/kernel/internal/TransactionEventHandlers.java,11,0,1,18,249,318,NoBug
21dc057a8a68245281a22d7bdb8da5ae2103f057,enterprise/core-edge/src/test/java/org/neo4j/coreedge/raft/membership/CoreMemberMarshalTest.java,2,0,0,3,41,81,NoBug
21dc057a8a68245281a22d7bdb8da5ae2103f057,enterprise/core-edge/src/test/java/org/neo4j/coreedge/raft/log/segmented/SegmentHeaderTest.java,2,0,0,3,43,82,NoBug
21dc057a8a68245281a22d7bdb8da5ae2103f057,enterprise/core-edge/src/test/java/org/neo4j/coreedge/raft/log/segmented/SegmentFileTest.java,4,0,0,12,201,300,NoBug
21dc057a8a68245281a22d7bdb8da5ae2103f057,enterprise/core-edge/src/main/java/org/neo4j/coreedge/raft/log/segmented/SegmentFile.java,12,0,0,0,198,274,NoBug
21dc057a8a68245281a22d7bdb8da5ae2103f057,enterprise/core-edge/src/main/java/org/neo4j/coreedge/raft/state/StateRecoveryManager.java,6,0,1,5,80,125,NoBug
21dc057a8a68245281a22d7bdb8da5ae2103f057,enterprise/core-edge/src/test/java/org/neo4j/test/coreedge/ClusterRule.java,5,0,1,17,156,208,NoBug
21dc057a8a68245281a22d7bdb8da5ae2103f057,enterprise/core-edge/src/main/java/org/neo4j/coreedge/raft/roles/Appending.java,15,0,0,1,98,144,NoBug
21dc057a8a68245281a22d7bdb8da5ae2103f057,enterprise/core-edge/src/main/java/org/neo4j/coreedge/raft/state/ChannelMarshal.java,1,0,3,0,9,56,NoBug
21dc057a8a68245281a22d7bdb8da5ae2103f057,enterprise/core-edge/src/main/java/org/neo4j/coreedge/raft/state/membership/RaftMembershipState.java,3,0,2,15,127,190,NoBug
21dc057a8a68245281a22d7bdb8da5ae2103f057,enterprise/core-edge/src/test/java/org/neo4j/coreedge/raft/state/DurableStateStorageIT.java,13,0,0,6,234,310,NoBug
21dc057a8a68245281a22d7bdb8da5ae2103f057,enterprise/core-edge/src/test/java/org/neo4j/coreedge/raft/replication/id/StateRecoveryManagerTest.java,4,0,0,7,186,273,NoBug
21dc057a8a68245281a22d7bdb8da5ae2103f057,enterprise/core-edge/src/test/java/org/neo4j/coreedge/raft/log/RaftContentByteBufferMarshalTest.java,1,0,0,5,87,148,NoBug
21dc057a8a68245281a22d7bdb8da5ae2103f057,enterprise/core-edge/src/main/java/org/neo4j/coreedge/raft/replication/id/ReplicatedIdAllocationRequestSerializer.java,1,0,0,3,26,51,NoBug
21dc057a8a68245281a22d7bdb8da5ae2103f057,enterprise/core-edge/src/main/java/org/neo4j/coreedge/server/core/EnterpriseCoreEditionModule.java,10,0,1,3,566,715,NoBug
21dc057a8a68245281a22d7bdb8da5ae2103f057,enterprise/core-edge/src/main/java/org/neo4j/coreedge/raft/replication/session/GlobalSessionTrackerState.java,15,0,2,9,179,247,NoBug
21dc057a8a68245281a22d7bdb8da5ae2103f057,enterprise/core-edge/src/main/java/org/neo4j/coreedge/server/core/locks/ReplicatedLockTokenState.java,1,0,0,10,81,119,NoBug
21dc057a8a68245281a22d7bdb8da5ae2103f057,enterprise/core-edge/src/test/java/org/neo4j/coreedge/raft/state/DurableStateStorageTest.java,7,0,0,5,163,237,NoBug
21dc057a8a68245281a22d7bdb8da5ae2103f057,enterprise/core-edge/src/main/java/org/neo4j/coreedge/raft/membership/CoreMemberSetSerializer.java,3,0,1,2,32,96,NoBug
21dc057a8a68245281a22d7bdb8da5ae2103f057,enterprise/core-edge/src/main/java/org/neo4j/coreedge/raft/state/LongIndexMarshal.java,2,0,1,4,35,64,NoBug
21dc057a8a68245281a22d7bdb8da5ae2103f057,enterprise/core-edge/src/main/java/org/neo4j/coreedge/raft/log/EntryRecord.java,2,0,1,6,53,85,NoBug
21dc057a8a68245281a22d7bdb8da5ae2103f057,enterprise/core-edge/src/main/java/org/neo4j/coreedge/server/AdvertisedSocketAddress.java,5,0,0,6,61,91,NoBug
21dc057a8a68245281a22d7bdb8da5ae2103f057,enterprise/core-edge/src/main/java/org/neo4j/coreedge/raft/log/segmented/DumpSegmentedRaftLog.java,6,0,0,0,105,170,NoBug
21dc057a8a68245281a22d7bdb8da5ae2103f057,enterprise/core-edge/src/main/java/org/neo4j/coreedge/raft/state/term/TermState.java,2,0,1,7,57,102,NoBug
21dc057a8a68245281a22d7bdb8da5ae2103f057,enterprise/core-edge/src/main/java/org/neo4j/coreedge/raft/replication/DistributedOperation.java,1,0,1,7,64,101,NoBug
21dc057a8a68245281a22d7bdb8da5ae2103f057,enterprise/core-edge/src/main/java/org/neo4j/coreedge/raft/membership/RaftMembershipStateMachineEventHandler.java,1,0,0,0,53,91,NoBug
21dc057a8a68245281a22d7bdb8da5ae2103f057,enterprise/core-edge/src/main/java/org/neo4j/coreedge/raft/net/ReplicatedLockTokenSerializer.java,1,0,0,0,22,47,NoBug
21dc057a8a68245281a22d7bdb8da5ae2103f057,enterprise/core-edge/src/main/java/org/neo4j/coreedge/raft/log/segmented/SegmentHeader.java,7,0,0,0,84,123,NoBug
21dc057a8a68245281a22d7bdb8da5ae2103f057,enterprise/core-edge/src/main/java/org/neo4j/coreedge/raft/state/SafeStateMarshal.java,1,0,1,0,4,31,NoBug
21dc057a8a68245281a22d7bdb8da5ae2103f057,enterprise/core-edge/src/main/java/org/neo4j/coreedge/raft/state/id_allocation/IdAllocationState.java,7,0,5,10,98,170,NoBug
21dc057a8a68245281a22d7bdb8da5ae2103f057,enterprise/core-edge/src/main/java/org/neo4j/coreedge/raft/state/EndOfStreamException.java,1,0,1,0,9,37,NoBug
21dc057a8a68245281a22d7bdb8da5ae2103f057,enterprise/core-edge/src/test/java/org/neo4j/coreedge/raft/state/id_allocation/IdAllocationStateTest.java,4,0,0,3,51,92,NoBug
21dc057a8a68245281a22d7bdb8da5ae2103f057,enterprise/core-edge/src/main/java/org/neo4j/coreedge/server/CoreMember.java,7,0,0,11,89,123,NoBug
21dc057a8a68245281a22d7bdb8da5ae2103f057,enterprise/core-edge/src/test/java/org/neo4j/coreedge/raft/log/segmented/SegmentsTest.java,3,0,0,10,177,285,NoBug
21dc057a8a68245281a22d7bdb8da5ae2103f057,enterprise/core-edge/src/main/java/org/neo4j/coreedge/raft/log/segmented/EntryCursor.java,9,0,0,0,80,123,NoBug
21dc057a8a68245281a22d7bdb8da5ae2103f057,enterprise/core-edge/src/test/java/org/neo4j/coreedge/raft/replication/CoreReplicatedContentMarshalTest.java,1,0,0,6,91,131,NoBug
21dc057a8a68245281a22d7bdb8da5ae2103f057,enterprise/core-edge/src/main/java/org/neo4j/coreedge/raft/log/segmented/EntryRecordCursor.java,6,0,0,0,85,127,NoBug
21dc057a8a68245281a22d7bdb8da5ae2103f057,enterprise/core-edge/src/main/java/org/neo4j/coreedge/raft/membership/RaftMembershipStateMachine.java,10,0,0,0,231,315,NoBug
21dc057a8a68245281a22d7bdb8da5ae2103f057,enterprise/core-edge/src/main/java/org/neo4j/coreedge/raft/log/segmented/RecoveryProtocol.java,10,0,0,0,148,199,NoBug
21dc057a8a68245281a22d7bdb8da5ae2103f057,enterprise/core-edge/src/main/java/org/neo4j/coreedge/raft/state/CoreSnapshot.java,3,0,0,11,73,109,NoBug
21dc057a8a68245281a22d7bdb8da5ae2103f057,enterprise/core-edge/src/main/java/org/neo4j/coreedge/raft/state/vote/VoteState.java,5,0,0,11,89,124,NoBug
21dc057a8a68245281a22d7bdb8da5ae2103f057,enterprise/core-edge/src/main/java/org/neo4j/coreedge/raft/membership/RaftMembershipManager.java,26,0,1,13,259,323,NoBug
21dc057a8a68245281a22d7bdb8da5ae2103f057,enterprise/core-edge/src/main/java/org/neo4j/coreedge/raft/state/SafeChannelMarshal.java,2,0,1,1,20,60,NoBug
21dc057a8a68245281a22d7bdb8da5ae2103f057,enterprise/core-edge/src/main/java/org/neo4j/coreedge/raft/net/codecs/RaftMessageDecoder.java,9,0,0,2,110,153,NoBug
21dc057a8a68245281a22d7bdb8da5ae2103f057,enterprise/core-edge/src/main/java/org/neo4j/coreedge/raft/net/CoreReplicatedContentMarshal.java,15,0,0,3,103,128,NoBug
222cc20feb0c344dc2cbd8f1da693b1898c77e88,enterprise/core-edge/src/main/java/org/neo4j/coreedge/catchup/tx/TxPollingClient.java,5,0,1,4,124,170,Bag
222cc20feb0c344dc2cbd8f1da693b1898c77e88,enterprise/core-edge/src/test/java/org/neo4j/coreedge/scenarios/EdgeServerReplicationIT.java,14,0,0,10,337,490,Bag
222cc20feb0c344dc2cbd8f1da693b1898c77e88,enterprise/core-edge/src/main/java/org/neo4j/coreedge/edge/EnterpriseEdgeEditionModule.java,1,0,1,2,187,258,Bag
222cc20feb0c344dc2cbd8f1da693b1898c77e88,enterprise/core-edge/src/main/java/org/neo4j/coreedge/catchup/tx/BatchingTxApplier.java,7,0,2,3,114,169,Bag
222cc20feb0c344dc2cbd8f1da693b1898c77e88,enterprise/core-edge/src/test/java/org/neo4j/coreedge/catchup/tx/TxPollingClientTest.java,1,0,0,7,109,165,Bag
2283d0e79e40574ebe869f59adb0c4107ccbf13e,enterprise/ha/src/test/java/org/neo4j/ha/ClusterTransactionIT.java,4,0,0,4,116,165,Bag
2283d0e79e40574ebe869f59adb0c4107ccbf13e,enterprise/ha/src/test/java/org/neo4j/kernel/ha/ClusterTopologyChangesIT.java,7,0,0,5,207,284,Bag
2283d0e79e40574ebe869f59adb0c4107ccbf13e,enterprise/cluster/src/main/java/org/neo4j/cluster/client/Clusters.java,20,0,3,20,176,241,Bag
2283d0e79e40574ebe869f59adb0c4107ccbf13e,enterprise/ha/src/test/java/org/neo4j/ha/MultipleClusterTest.java,3,0,1,1,80,120,Bag
2283d0e79e40574ebe869f59adb0c4107ccbf13e,enterprise/cluster/src/main/java/org/neo4j/cluster/com/NetworkSender.java,25,0,2,18,373,480,Bag
2283d0e79e40574ebe869f59adb0c4107ccbf13e,enterprise/server-enterprise/src/test/java/org/neo4j/server/enterprise/StandaloneClusterClientIT.java,8,0,0,10,264,331,Bag
2283d0e79e40574ebe869f59adb0c4107ccbf13e,enterprise/cluster/src/main/java/org/neo4j/cluster/client/ClusterJoin.java,18,0,1,9,204,262,Bag
2283d0e79e40574ebe869f59adb0c4107ccbf13e,enterprise/ha/src/test/java/org/neo4j/kernel/impl/ha/ClusterManager.java,74,0,21,40,1083,1365,Bag
2283d0e79e40574ebe869f59adb0c4107ccbf13e,enterprise/com/src/main/java/org/neo4j/com/Client.java,15,0,1,6,299,391,Bag
2283d0e79e40574ebe869f59adb0c4107ccbf13e,enterprise/ha/src/test/java/org/neo4j/ha/TestSlaveOnlyCluster.java,4,0,0,3,115,160,Bag
2283d0e79e40574ebe869f59adb0c4107ccbf13e,enterprise/ha/src/test/java/org/neo4j/ha/BackupHaIT.java,4,0,0,7,140,201,Bag
2283d0e79e40574ebe869f59adb0c4107ccbf13e,enterprise/ha/src/test/java/org/neo4j/test/ha/ClusterTest.java,7,0,0,9,285,344,Bag
2283d0e79e40574ebe869f59adb0c4107ccbf13e,enterprise/ha/src/test/java/org/neo4j/ha/TestClusterIndexDeletion.java,1,0,0,2,56,90,Bag
22998011efc8bf2b45b92aab50473026624d6050,community/kernel/src/main/java/org/neo4j/graphdb/factory/GraphDatabaseSettings.java,9,0,4,4,449,595,Bag
22cbf9efd398a63ea16eb4079a7cc340689be1ec,integrationtests/src/test/java/org/neo4j/causalclustering/scenarios/BoltCausalClusteringIT.java,17,0,2,13,411,703,Bag
2384b0fa907f44b705f6d7371d639f0d71179d83,community/cypher/cypher/src/main/java/org/neo4j/cypher/internal/codegen/CompiledConversionUtils.java,51,0,1,12,219,267,Bag
2384b0fa907f44b705f6d7371d639f0d71179d83,community/cypher/cypher/src/test/java/org/neo4j/cypher/internal/javacompat/CypherUpdateMapTest.java,1,0,0,5,62,96,Bag
23a19ee483f54c2d534c05afa999fd46132aaf5a,packaging/neo4j-desktop/src/main/java/org/neo4j/desktop/runtime/DesktopConfigurator.java,2,0,0,9,62,98,NoBug
23a19ee483f54c2d534c05afa999fd46132aaf5a,community/server/src/main/java/org/neo4j/server/configuration/ConfigurationBuilder.java,4,0,4,9,86,142,NoBug
23fbc588384398ed2323463fbb3fb43e2eb0cdf7,community/kernel/src/main/java/org/neo4j/kernel/impl/api/index/NodeUpdates.java,81,0,3,14,481,602,NoBug
244ab0373d2757af67d205628197e06d0b7dbe53,community/kernel/src/test/java/org/neo4j/kernel/impl/proc/UserFunctionsTest.java,1,0,0,9,130,196,NoBug
244ab0373d2757af67d205628197e06d0b7dbe53,community/kernel/src/main/java/org/neo4j/kernel/impl/proc/ProcedureRegistry.java,17,0,3,9,197,254,NoBug
245088f5ea996afce57404d60d956547bed3e200,community/server/src/main/java/org/neo4j/server/rest/transactional/Neo4jJsonCodec.java,9,0,0,2,70,99,NoBug
245088f5ea996afce57404d60d956547bed3e200,community/server/src/test/java/org/neo4j/server/rest/TransactionFunctionalTest.java,8,0,0,14,325,485,NoBug
24551acf5eba050158684a993470adaeb5bdd960,community/server/src/main/java/org/neo4j/server/ServerBootstrapper.java,12,0,0,6,147,191,Bag
24551acf5eba050158684a993470adaeb5bdd960,community/server/src/test/java/org/neo4j/server/BlockingBootstrapperTest.java,1,0,0,3,69,110,Bag
24551acf5eba050158684a993470adaeb5bdd960,enterprise/server-enterprise/src/test/java/org/neo4j/server/enterprise/ArbiterBootstrapperTestProxy.java,1,0,0,2,17,45,Bag
24551acf5eba050158684a993470adaeb5bdd960,community/server/src/main/java/org/neo4j/server/BlockingBootstrapper.java,3,0,0,4,40,68,Bag
24551acf5eba050158684a993470adaeb5bdd960,community/server/src/test/java/org/neo4j/server/BaseBootstrapperTest.java,2,0,0,6,92,143,Bag
24551acf5eba050158684a993470adaeb5bdd960,enterprise/server-enterprise/src/main/java/org/neo4j/server/enterprise/ArbiterEntryPoint.java,3,0,0,4,31,57,Bag
24551acf5eba050158684a993470adaeb5bdd960,community/server/src/test/java/org/neo4j/server/integration/StartupLoggingIT.java,7,0,0,7,121,160,Bag
24551acf5eba050158684a993470adaeb5bdd960,enterprise/server-enterprise/src/main/java/org/neo4j/server/enterprise/ArbiterBootstrapper.java,8,0,0,4,137,184,Bag
24551acf5eba050158684a993470adaeb5bdd960,community/server/src/main/java/org/neo4j/server/Bootstrapper.java,1,0,0,3,9,33,Bag
24551acf5eba050158684a993470adaeb5bdd960,community/server/src/main/java/org/neo4j/server/configuration/ConfigLoader.java,5,0,0,7,97,140,Bag
24551acf5eba050158684a993470adaeb5bdd960,packaging/neo4j-desktop/src/main/java/org/neo4j/desktop/runtime/DesktopConfigurator.java,1,0,0,8,59,91,Bag
24551acf5eba050158684a993470adaeb5bdd960,community/server/src/test/java/org/neo4j/server/configuration/ConfigLoaderTest.java,1,0,0,10,137,210,Bag
24551acf5eba050158684a993470adaeb5bdd960,enterprise/server-enterprise/src/test/java/org/neo4j/server/enterprise/jmx/ServerManagementTest.java,1,0,0,2,59,97,Bag
24551acf5eba050158684a993470adaeb5bdd960,community/server/src/test/java/org/neo4j/server/ServerCommandLineArgsTest.java,1,0,0,7,66,114,Bag
24551acf5eba050158684a993470adaeb5bdd960,enterprise/server-enterprise/src/test/java/org/neo4j/server/enterprise/EnterpriseBootstrapperTest.java,1,0,0,3,63,100,Bag
24551acf5eba050158684a993470adaeb5bdd960,community/server/src/main/java/org/neo4j/server/ServerCommandLineArgs.java,1,0,1,3,41,88,Bag
24551acf5eba050158684a993470adaeb5bdd960,integrationtests/src/test/java/org/neo4j/storeupgrade/StoreUpgradeIntegrationTest.java,14,0,0,12,506,601,Bag
24f9f2deef7276aebe110ad89f3802c8afd7e45a,community/cypher/cypher/src/main/java/org/neo4j/cypher/internal/codegen/CompiledEquivalenceUtils.java,105,0,17,0,424,562,Bag
24f9f2deef7276aebe110ad89f3802c8afd7e45a,community/lucene-index/src/main/java/org/neo4j/kernel/api/impl/schema/LuceneDocumentStructure.java,20,0,2,11,244,329,Bag
2506daeed142404e160c5f56bd4e56b89fdaf6ce,community/kernel/src/test/java/org/neo4j/kernel/configuration/SettingsTest.java,2,0,0,6,53,85,NoBug
2506daeed142404e160c5f56bd4e56b89fdaf6ce,community/kernel/src/main/java/org/neo4j/kernel/configuration/Settings.java,54,0,3,25,856,1088,NoBug
261793923207016e019260647912481322fb646b,community/server/src/test/java/org/neo4j/server/rest/dbms/UserServiceTest.java,1,0,0,14,203,325,Bag
261793923207016e019260647912481322fb646b,community/server/src/main/java/org/neo4j/server/rest/dbms/UserService.java,14,0,0,4,111,148,Bag
261793923207016e019260647912481322fb646b,community/server/src/main/java/org/neo4j/server/AbstractNeoServer.java,25,0,0,13,467,614,Bag
261793923207016e019260647912481322fb646b,community/server/src/main/java/org/neo4j/server/rest/dbms/AuthorizationFilter.java,16,0,0,5,189,255,Bag
261793923207016e019260647912481322fb646b,community/server/src/test/java/org/neo4j/server/rest/dbms/AuthorizationFilterTest.java,1,0,0,12,201,289,Bag
261793923207016e019260647912481322fb646b,community/server/src/main/java/org/neo4j/server/modules/AuthorizationModule.java,2,0,0,4,38,64,Bag
2634dcf2b1658795dbaa2bface704f4a332c6e53,enterprise/core-edge/src/main/java/org/neo4j/coreedge/discovery/RaftDiscoveryServiceConnector.java,2,0,0,4,34,62,NoBug
2634dcf2b1658795dbaa2bface704f4a332c6e53,enterprise/core-edge/src/main/java/org/neo4j/coreedge/core/consensus/membership/RaftMembershipManager.java,17,0,1,12,214,312,NoBug
2680f481ab89693c03bb0d4166c1467902cc9b14,community/kernel/src/main/java/org/neo4j/kernel/api/exceptions/schema/AlreadyConstrainedException.java,3,0,0,4,45,78,Bag
2680f481ab89693c03bb0d4166c1467902cc9b14,community/kernel/src/main/java/org/neo4j/kernel/impl/constraints/StandardConstraintSemantics.java,3,0,0,9,98,135,Bag
2680f481ab89693c03bb0d4166c1467902cc9b14,community/kernel/src/main/java/org/neo4j/kernel/api/exceptions/schema/CreateConstraintFailureException.java,2,0,0,4,30,56,Bag
2680f481ab89693c03bb0d4166c1467902cc9b14,community/kernel/src/main/java/org/neo4j/kernel/api/exceptions/schema/AlreadyIndexedException.java,3,0,0,3,37,65,Bag
2680f481ab89693c03bb0d4166c1467902cc9b14,community/kernel/src/main/java/org/neo4j/kernel/api/exceptions/schema/SchemaKernelException.java,2,0,1,3,41,70,Bag
2680f481ab89693c03bb0d4166c1467902cc9b14,community/cypher/cypher/src/test/java/org/neo4j/cypher/CreateIndexStressIT.java,2,0,0,2,52,97,NoBug
269c1c2fa4ded11eb10584c2c5fa55b710cdb1b7,packaging/neo4j-desktop/src/main/java/org/neo4j/desktop/runtime/DesktopConfigurator.java,1,0,0,8,53,94,Bag
269c1c2fa4ded11eb10584c2c5fa55b710cdb1b7,enterprise/server-enterprise/src/main/java/org/neo4j/server/enterprise/EnterpriseBootstrapper.java,2,0,0,2,23,46,Bag
269c1c2fa4ded11eb10584c2c5fa55b710cdb1b7,community/server/src/test/java/org/neo4j/server/BaseBootstrapperTest.java,2,0,0,5,74,125,Bag
269c1c2fa4ded11eb10584c2c5fa55b710cdb1b7,community/server/src/test/java/org/neo4j/server/helpers/CommunityServerBuilder.java,28,0,0,25,413,495,Bag
269c1c2fa4ded11eb10584c2c5fa55b710cdb1b7,community/server/src/main/java/org/neo4j/server/configuration/PropertyFileConfigurator.java,13,0,1,3,100,140,Bag
269c1c2fa4ded11eb10584c2c5fa55b710cdb1b7,community/server/src/main/java/org/neo4j/server/Bootstrapper.java,10,0,1,4,145,202,Bag
269c1c2fa4ded11eb10584c2c5fa55b710cdb1b7,community/server/src/test/java/org/neo4j/server/configuration/ConfigWrappingConfigurationTest.java,1,0,0,6,51,97,Bag
269c1c2fa4ded11eb10584c2c5fa55b710cdb1b7,enterprise/server-enterprise/src/test/java/org/neo4j/server/enterprise/EnterpriseBootstrapperTest.java,1,0,0,1,11,33,Bag
269c1c2fa4ded11eb10584c2c5fa55b710cdb1b7,advanced/server-advanced/src/test/java/org/neo4j/server/advanced/jmx/ServerManagementTest.java,1,0,0,2,49,84,Bag
269c1c2fa4ded11eb10584c2c5fa55b710cdb1b7,community/server/src/main/java/org/neo4j/server/configuration/ConfigurationBuilder.java,4,0,4,9,86,142,Bag
27793b7cdd404fa255b17808ea9603a622e6bb7e,enterprise/causal-clustering/src/main/java/org/neo4j/causalclustering/core/state/CoreState.java,6,0,0,11,150,201,Bag
27793b7cdd404fa255b17808ea9603a622e6bb7e,community/kernel/src/test/java/org/neo4j/kernel/impl/api/KernelTransactionsTest.java,6,0,0,14,376,536,Bag
27793b7cdd404fa255b17808ea9603a622e6bb7e,community/kernel/src/main/java/org/neo4j/kernel/impl/api/KernelTransactionImplementation.java,42,0,3,24,648,821,Bag
27793b7cdd404fa255b17808ea9603a622e6bb7e,community/kernel/src/main/java/org/neo4j/kernel/impl/api/KernelTransactions.java,5,0,5,4,193,302,Bag
28783f201196c8e95862b4cdee9bf7f2f794c12c,community/bolt/src/main/java/org/neo4j/bolt/v1/messaging/Neo4jPack.java,64,0,1,11,381,433,NoBug
28783f201196c8e95862b4cdee9bf7f2f794c12c,community/bolt/src/test/java/org/neo4j/bolt/v1/transport/integration/TransportSessionIT.java,3,0,0,13,246,339,NoBug
28783f201196c8e95862b4cdee9bf7f2f794c12c,community/bolt/src/main/java/org/neo4j/bolt/v1/messaging/PackStreamMessageFormatV1.java,27,0,2,19,282,358,NoBug
28783f201196c8e95862b4cdee9bf7f2f794c12c,community/bolt/src/main/java/org/neo4j/bolt/v1/runtime/internal/CypherAdapterStream.java,13,0,0,5,148,196,NoBug
28783f201196c8e95862b4cdee9bf7f2f794c12c,community/bolt/src/main/java/org/neo4j/bolt/v1/packstream/PackStream.java,92,0,2,39,576,730,NoBug
28783f201196c8e95862b4cdee9bf7f2f794c12c,community/bolt/src/test/java/org/neo4j/bolt/v1/runtime/integration/SessionIT.java,2,0,0,19,466,659,NoBug
28783f201196c8e95862b4cdee9bf7f2f794c12c,community/bolt/src/test/java/org/neo4j/bolt/v1/transport/integration/Neo4jWithSocket.java,1,0,0,5,69,101,NoBug
28783f201196c8e95862b4cdee9bf7f2f794c12c,community/bolt/src/test/java/org/neo4j/bolt/v1/messaging/Neo4jPackTest.java,4,0,0,11,163,239,NoBug
28783f201196c8e95862b4cdee9bf7f2f794c12c,community/bolt/src/test/java/org/neo4j/bolt/v1/packstream/PackStreamTest.java,21,0,0,27,559,805,NoBug
28fdd0643eb2564d5ecbae597164acef798cc32b,community/kernel/src/test/java/org/neo4j/kernel/recovery/LatestCheckPointFinderTest.java,2,0,0,18,227,360,NoBug
28fdd0643eb2564d5ecbae597164acef798cc32b,community/kernel/src/main/java/org/neo4j/kernel/recovery/LatestCheckPointFinder.java,18,0,0,8,121,162,NoBug
291436fa1b5694916e8dccd4cde6078303f55baf,community/kernel/src/main/java/org/neo4j/kernel/impl/api/store/CacheLayer.java,7,0,0,40,330,415,Bag
291436fa1b5694916e8dccd4cde6078303f55baf,community/kernel/src/main/java/org/neo4j/kernel/impl/api/store/StoreReadLayer.java,1,0,1,38,73,136,Bag
291436fa1b5694916e8dccd4cde6078303f55baf,community/kernel/src/main/java/org/neo4j/kernel/impl/util/DiffApplyingPrimitiveLongIterator.java,6,0,0,2,83,117,Bag
291436fa1b5694916e8dccd4cde6078303f55baf,community/kernel/src/test/java/org/neo4j/kernel/impl/api/state/IndexQueryTransactionStateTest.java,1,0,0,14,229,354,Bag
291436fa1b5694916e8dccd4cde6078303f55baf,community/kernel/src/main/java/org/neo4j/kernel/impl/util/DiffApplyingPrimitiveIntIterator.java,6,0,1,1,83,120,Bag
291436fa1b5694916e8dccd4cde6078303f55baf,community/kernel/src/main/java/org/neo4j/kernel/impl/api/StateHandlingStatementOperations.java,69,0,1,53,808,948,Bag
29343ac03b8053536d018125a044cd92a4984ccc,enterprise/core-edge/src/main/java/org/neo4j/coreedge/raft/roles/Appending.java,12,0,0,3,82,120,Bag
29343ac03b8053536d018125a044cd92a4984ccc,enterprise/core-edge/src/test/java/org/neo4j/coreedge/raft/roles/AppendingTest.java,4,0,0,4,115,167,Bag
293a88d12d5212bf341b74479e17725dc4e63088,community/server/src/test/java/org/neo4j/server/rest/transactional/integration/TransactionIT.java,10,0,0,32,651,899,Bag
295c17b1e5ea7595338a8af169b71b1e4ee71474,community/kernel/src/main/java/org/neo4j/kernel/api/txstate/TransactionCountingStateVisitor.java,6,0,0,7,126,181,Bag
295c17b1e5ea7595338a8af169b71b1e4ee71474,community/kernel/src/test/java/org/neo4j/kernel/counts/LabelCountsTest.java,3,0,0,6,137,199,Bag
295f0b57c1581ed1af1f152654c6fa64c1d3abc3,community/kernel/src/main/java/org/neo4j/kernel/impl/core/NodeImpl.java,69,0,3,21,593,739,Bag
295f0b57c1581ed1af1f152654c6fa64c1d3abc3,community/kernel/src/test/java/org/neo4j/kernel/impl/core/TestRelationship.java,42,0,0,26,799,895,Bag
2a2d88f38f69fee0b48e7795be92c1c99d269dcb,community/kernel/src/test/java/org/neo4j/kernel/impl/transaction/xaframework/LogMatchers.java,13,0,1,6,143,202,Bag
2a2d88f38f69fee0b48e7795be92c1c99d269dcb,community/kernel/src/main/java/org/neo4j/kernel/impl/transaction/xaframework/InMemoryLogBuffer.java,5,0,0,19,134,179,Bag
2a2d88f38f69fee0b48e7795be92c1c99d269dcb,community/kernel/src/main/java/org/neo4j/kernel/impl/transaction/xaframework/XaLogicalLog.java,125,0,11,46,1464,1820,Bag
2a8ce50ac294034755064f1eb2ea4593203a7fcb,enterprise/metrics/src/test/java/org/neo4j/metrics/MetricsKernelExtensionFactoryIT.java,3,0,0,4,79,114,Bag
2a8ce50ac294034755064f1eb2ea4593203a7fcb,enterprise/metrics/src/main/java/org/neo4j/metrics/MetricsSettings.java,1,0,1,1,93,133,Bag
2ae561d9234e5d86be9b89e22f5730ef42946ba6,community/lucene-index/src/main/java/org/neo4j/index/impl/lucene/legacy/IndexType.java,44,0,0,7,415,499,Bag
2af6d6d39b6fc99d460c39199563ad2b2998b3cf,community/kernel/src/main/java/org/neo4j/kernel/api/security/SecurityContext.java,2,0,1,23,104,149,NoBug
2af6d6d39b6fc99d460c39199563ad2b2998b3cf,enterprise/kernel/src/main/java/org/neo4j/kernel/enterprise/builtinprocs/EnterpriseBuiltInDbmsProcedures.java,14,0,7,19,455,553,Bag
2af6d6d39b6fc99d460c39199563ad2b2998b3cf,community/security/src/main/java/org/neo4j/server/security/auth/AuthProcedures.java,6,0,0,8,102,137,NoBug
2af6d6d39b6fc99d460c39199563ad2b2998b3cf,community/kernel/src/main/java/org/neo4j/kernel/builtinprocs/BuiltInDbmsProcedures.java,1,0,0,5,61,92,NoBug
2af6d6d39b6fc99d460c39199563ad2b2998b3cf,enterprise/security/src/main/java/org/neo4j/server/security/enterprise/auth/UserManagementProcedures.java,4,0,0,16,152,192,NoBug
2af6d6d39b6fc99d460c39199563ad2b2998b3cf,community/security/src/test/java/org/neo4j/server/security/auth/AuthProceduresIT.java,10,0,5,14,306,387,NoBug
2af6d6d39b6fc99d460c39199563ad2b2998b3cf,enterprise/security/src/test/java/org/neo4j/server/security/enterprise/auth/UserManagementProceduresLoggingTest.java,3,0,0,37,502,710,NoBug
2af6d6d39b6fc99d460c39199563ad2b2998b3cf,enterprise/security/src/main/java/org/neo4j/server/security/enterprise/auth/SecurityProcedures.java,2,0,0,3,34,60,NoBug
2b1b5bf235d155f54f4e277702f1c8687cf0ef70,enterprise/security/src/main/java/org/neo4j/server/security/enterprise/auth/LdapRealm.java,61,0,1,7,528,641,NoBug
2b1b5bf235d155f54f4e277702f1c8687cf0ef70,enterprise/security/src/test/java/org/neo4j/server/security/enterprise/auth/integration/bolt/LdapAuthIT.java,12,0,13,38,817,1276,NoBug
2b261bd9bb532f283b2caed9b2d9eb4992e677b4,community/kernel/src/main/java/org/neo4j/unsafe/batchinsert/BatchInserterImpl.java,64,0,1,27,1001,1148,Bag
2b261bd9bb532f283b2caed9b2d9eb4992e677b4,community/kernel/src/main/java/org/neo4j/graphdb/factory/GraphDatabaseSettings.java,11,0,1,0,293,419,Bag
2b261bd9bb532f283b2caed9b2d9eb4992e677b4,community/kernel/src/main/java/org/neo4j/unsafe/batchinsert/BatchInserters.java,1,0,5,1,34,97,Bag
2b261bd9bb532f283b2caed9b2d9eb4992e677b4,community/kernel/src/main/java/org/neo4j/kernel/impl/transaction/state/PropertyCreator.java,23,0,0,9,209,296,Bag
2b261bd9bb532f283b2caed9b2d9eb4992e677b4,community/kernel/src/test/java/org/neo4j/unsafe/batchinsert/BatchInsertTest.java,55,0,0,43,1202,1527,Bag
2b261bd9bb532f283b2caed9b2d9eb4992e677b4,community/kernel/src/main/java/org/neo4j/unsafe/batchinsert/DirectRecordAccess.java,7,0,1,9,196,249,Bag
2b261bd9bb532f283b2caed9b2d9eb4992e677b4,community/kernel/src/main/java/org/neo4j/kernel/impl/store/PropertyType.java,22,0,6,5,335,418,Bag
2b31d7ad0f8727477761797b349d305d8a3e2fa7,community/kernel/src/main/java/org/neo4j/kernel/impl/proc/ReflectiveProcedureCompiler.java,68,0,0,0,744,873,Bag
2b31d7ad0f8727477761797b349d305d8a3e2fa7,community/kernel/src/test/java/org/neo4j/kernel/builtinprocs/BuiltInProceduresTest.java,4,0,0,11,288,377,Bag
2b31d7ad0f8727477761797b349d305d8a3e2fa7,community/kernel/src/main/java/org/neo4j/kernel/builtinprocs/BuiltInProcedures.java,4,0,0,16,225,282,Bag
2b31d7ad0f8727477761797b349d305d8a3e2fa7,community/kernel/src/main/java/org/neo4j/kernel/impl/api/TokenAccess.java,10,0,0,3,146,188,Bag
2b66b6d2bf73d370a812ec94eeb5518e16136ed8,community/kernel/src/main/java/org/neo4j/kernel/impl/transaction/AbstractTransactionManager.java,1,0,4,3,25,77,NoBug
2b66b6d2bf73d370a812ec94eeb5518e16136ed8,community/kernel/src/main/java/org/neo4j/kernel/impl/transaction/TxManager.java,89,0,2,25,857,1011,NoBug
2b80c27c4844e9f0c0f35e862138416ef1517955,community/server/src/test/java/org/neo4j/server/rest/transactional/integration/TransactionIT.java,10,0,0,32,651,899,Bag
2b87fb4aace868ae6259d95dad0270e0d6e77405,integrationtests/src/test/java/org/neo4j/procedure/ProcedureIT.java,10,0,0,145,1333,1777,Bag
2b87fb4aace868ae6259d95dad0270e0d6e77405,integrationtests/src/test/java/org/neo4j/procedure/UserAggregationFunctionIT.java,20,0,0,52,446,574,Bag
2b87fb4aace868ae6259d95dad0270e0d6e77405,integrationtests/src/test/java/org/neo4j/procedure/UserFunctionIT.java,11,0,1,67,822,1076,Bag
2b87fb4aace868ae6259d95dad0270e0d6e77405,community/kernel/src/main/java/org/neo4j/helpers/ValueUtils.java,28,0,1,12,237,285,Bag
2bab615d2023ad72e4595f2a58594e6b999385f5,community/kernel/src/main/java/org/neo4j/kernel/api/exceptions/schema/AlreadyConstrainedException.java,3,0,0,4,45,78,NoBug
2bab615d2023ad72e4595f2a58594e6b999385f5,community/kernel/src/main/java/org/neo4j/kernel/api/exceptions/schema/AlreadyIndexedException.java,3,0,0,3,37,65,NoBug
2bab615d2023ad72e4595f2a58594e6b999385f5,community/kernel/src/main/java/org/neo4j/kernel/api/exceptions/schema/SchemaKernelException.java,4,0,1,3,51,82,NoBug
2bab615d2023ad72e4595f2a58594e6b999385f5,community/kernel/src/main/java/org/neo4j/kernel/api/exceptions/schema/CreateConstraintFailureException.java,3,0,0,5,42,69,NoBug
2bab615d2023ad72e4595f2a58594e6b999385f5,community/kernel/src/main/java/org/neo4j/kernel/impl/constraints/StandardConstraintSemantics.java,3,0,0,9,96,133,NoBug
2c53d38d8973733dc91743481322988a392fc5b6,community/lucene-index/src/test/java/org/neo4j/kernel/api/impl/schema/LuceneDocumentStructureTest.java,1,0,0,18,180,270,NoBug
2c53d38d8973733dc91743481322988a392fc5b6,community/lucene-index/src/main/java/org/neo4j/kernel/api/impl/schema/ValueEncoding.java,9,0,0,0,180,236,NoBug
2c53d38d8973733dc91743481322988a392fc5b6,community/lucene-index/src/main/java/org/neo4j/kernel/api/impl/schema/LuceneDocumentStructure.java,21,0,2,13,254,341,NoBug
2c53d38d8973733dc91743481322988a392fc5b6,community/lucene-index/src/main/java/org/neo4j/kernel/api/impl/schema/verification/PartitionedUniquenessVerifier.java,12,0,1,4,143,215,NoBug
2c53d38d8973733dc91743481322988a392fc5b6,community/lucene-index/src/main/java/org/neo4j/kernel/api/impl/schema/verification/SimpleUniquenessVerifier.java,11,0,1,4,94,133,NoBug
2cdcbc66cc86fce01daae442aacccadea654cb6f,community/graph-algo/src/test/java/org/neo4j/graphalgo/impl/util/PathImplTest.java,1,0,0,6,124,180,NoBug
2cdcbc66cc86fce01daae442aacccadea654cb6f,community/graph-algo/src/main/java/org/neo4j/graphalgo/impl/util/PathImpl.java,19,0,0,21,280,338,NoBug
2d56d9104cc300bd4ffd7b025701b56f9233fc0c,community/kernel/src/main/java/org/neo4j/kernel/impl/api/LockingStatementOperations.java,3,0,1,38,309,399,Bag
2d56d9104cc300bd4ffd7b025701b56f9233fc0c,community/lucene-index/src/main/java/org/neo4j/kernel/api/impl/index/LuceneIndexAccessorReader.java,15,0,0,0,154,195,NoBug
2d56d9104cc300bd4ffd7b025701b56f9233fc0c,community/neo4j/src/test/java/org/neo4j/index/IndexSamplingIntegrationTest.java,10,0,0,3,177,232,NoBug
2d56d9104cc300bd4ffd7b025701b56f9233fc0c,community/lucene-index/src/test/java/org/neo4j/kernel/api/impl/index/LuceneIndexAccessorReaderTest.java,3,0,0,10,135,208,NoBug
2d5df12df068bc0fa086cac162c7a768314db0bf,enterprise/core-edge/src/test/java/org/neo4j/coreedge/core/server/BatchingMessageHandlerTest.java,1,0,0,7,118,187,Bag
2d5df12df068bc0fa086cac162c7a768314db0bf,enterprise/core-edge/src/main/java/org/neo4j/coreedge/core/server/BatchingMessageHandler.java,13,0,0,4,123,160,Bag
2d797dc6d7d210dc1e693e00e2515f53f3c80ccf,community/kernel/src/main/java/org/neo4j/unsafe/batchinsert/BatchInserters.java,1,0,1,3,29,59,Bag
2d797dc6d7d210dc1e693e00e2515f53f3c80ccf,community/io/src/test/java/org/neo4j/graphdb/mockfs/EphemeralFileSystemAbstraction.java,93,0,1,32,1177,1385,Bag
2d797dc6d7d210dc1e693e00e2515f53f3c80ccf,community/io/src/test/java/org/neo4j/graphdb/mockfs/EphemeralFileSystemAbstractionTest.java,13,0,0,9,232,327,Bag
2db1bce993b4ccd3963d8304e3a1e0ef3966d717,integrationtests/src/test/java/org/neo4j/procedure/ProcedureIT.java,10,0,0,68,677,904,NoBug
2dce9b701631b41aa14f4d8ff186c708b57abd1e,community/security/src/main/java/org/neo4j/server/security/auth/AuthProcedures.java,4,0,0,8,92,125,Bag
2dce9b701631b41aa14f4d8ff186c708b57abd1e,enterprise/server-enterprise/src/test/java/org/neo4j/server/rest/security/EnterpriseUserServiceTest.java,1,0,0,3,39,69,Bag
2dce9b701631b41aa14f4d8ff186c708b57abd1e,community/server/src/main/java/org/neo4j/server/AbstractNeoServer.java,21,0,0,14,440,565,Bag
2dce9b701631b41aa14f4d8ff186c708b57abd1e,community/server/src/main/java/org/neo4j/server/database/InjectableProvider.java,2,0,0,6,41,70,Bag
2dce9b701631b41aa14f4d8ff186c708b57abd1e,community/security/src/main/java/org/neo4j/server/security/auth/BasicAuthSubject.java,5,0,1,15,113,163,Bag
2dce9b701631b41aa14f4d8ff186c708b57abd1e,enterprise/security/src/test/java/org/neo4j/server/security/enterprise/auth/EmbeddedBuiltInProceduresInteractionTest.java,2,0,0,3,141,190,Bag
2dce9b701631b41aa14f4d8ff186c708b57abd1e,enterprise/security/src/test/java/org/neo4j/server/security/enterprise/auth/integration/bolt/EnterpriseAuthenticationIT.java,2,0,0,4,105,152,Bag
2dce9b701631b41aa14f4d8ff186c708b57abd1e,community/security/src/main/java/org/neo4j/server/security/auth/UserManager.java,1,0,0,6,14,41,Bag
2dce9b701631b41aa14f4d8ff186c708b57abd1e,enterprise/security/src/test/java/org/neo4j/server/security/enterprise/auth/UserManagementProceduresLoggingTest.java,3,0,0,37,502,709,Bag
2dce9b701631b41aa14f4d8ff186c708b57abd1e,enterprise/security/src/main/java/org/neo4j/server/security/enterprise/auth/EnterpriseUserManager.java,1,0,2,9,18,66,Bag
2dce9b701631b41aa14f4d8ff186c708b57abd1e,enterprise/security/src/main/java/org/neo4j/server/security/enterprise/auth/InternalFlatFileRealm.java,52,0,1,21,577,693,Bag
2dce9b701631b41aa14f4d8ff186c708b57abd1e,enterprise/security/src/main/java/org/neo4j/server/security/enterprise/auth/UserManagementProcedures.java,26,0,0,16,317,359,Bag
2dce9b701631b41aa14f4d8ff186c708b57abd1e,community/kernel/src/main/java/org/neo4j/kernel/api/security/SecurityModule.java,1,0,0,3,13,36,Bag
2dce9b701631b41aa14f4d8ff186c708b57abd1e,enterprise/security/src/main/java/org/neo4j/server/security/enterprise/auth/AuthProceduresBase.java,5,0,0,4,107,151,Bag
2dce9b701631b41aa14f4d8ff186c708b57abd1e,community/security/src/test/java/org/neo4j/server/security/auth/AuthProceduresTest.java,1,0,0,5,70,119,Bag
2dce9b701631b41aa14f4d8ff186c708b57abd1e,community/kernel/src/main/java/org/neo4j/kernel/api/security/AuthSubject.java,1,0,6,2,141,227,Bag
2dce9b701631b41aa14f4d8ff186c708b57abd1e,enterprise/security/src/main/java/org/neo4j/server/security/enterprise/auth/EnterpriseSecurityModule.java,22,0,0,6,191,255,Bag
2dce9b701631b41aa14f4d8ff186c708b57abd1e,community/kernel/src/main/java/org/neo4j/kernel/impl/factory/EditionModule.java,4,0,1,3,100,150,Bag
2dce9b701631b41aa14f4d8ff186c708b57abd1e,enterprise/security/src/main/java/org/neo4j/server/security/enterprise/auth/StandardEnterpriseAuthSubject.java,15,0,0,19,156,201,Bag
2dce9b701631b41aa14f4d8ff186c708b57abd1e,community/security/src/main/java/org/neo4j/server/security/auth/CommunitySecurityModule.java,2,0,0,7,68,106,Bag
2dce9b701631b41aa14f4d8ff186c708b57abd1e,enterprise/security/src/test/java/org/neo4j/server/security/enterprise/auth/MultiRealmAuthManagerRule.java,3,0,0,12,122,162,Bag
2dce9b701631b41aa14f4d8ff186c708b57abd1e,enterprise/security/src/test/java/org/neo4j/server/security/enterprise/auth/integration/bolt/LdapAuthenticationIT.java,7,0,13,27,567,887,Bag
2dce9b701631b41aa14f4d8ff186c708b57abd1e,community/server/src/main/java/org/neo4j/server/rest/dbms/UserService.java,15,0,0,4,129,162,Bag
2dce9b701631b41aa14f4d8ff186c708b57abd1e,enterprise/kernel/src/main/java/org/neo4j/kernel/enterprise/api/security/EnterpriseAuthSubject.java,2,0,2,2,96,141,Bag
2dce9b701631b41aa14f4d8ff186c708b57abd1e,community/security/src/main/java/org/neo4j/server/security/auth/BasicAuthManager.java,14,0,1,15,176,235,Bag
2dce9b701631b41aa14f4d8ff186c708b57abd1e,enterprise/security/src/main/java/org/neo4j/server/security/enterprise/auth/SecurityProcedures.java,1,0,0,3,27,53,Bag
2dce9b701631b41aa14f4d8ff186c708b57abd1e,community/server/src/test/java/org/neo4j/server/rest/dbms/UserServiceTest.java,1,0,0,17,234,362,Bag
2dce9b701631b41aa14f4d8ff186c708b57abd1e,enterprise/security/src/main/java/org/neo4j/server/security/enterprise/auth/MultiRealmAuthManager.java,21,0,0,0,184,225,Bag
2dce9b701631b41aa14f4d8ff186c708b57abd1e,enterprise/core-edge/src/main/java/org/neo4j/coreedge/core/state/machines/locks/LeaderOnlyLockManager.java,10,0,1,4,170,259,NoBug
2dce9b701631b41aa14f4d8ff186c708b57abd1e,enterprise/core-edge/src/main/java/org/neo4j/coreedge/core/state/machines/token/ReplicatedTokenHolder.java,7,0,0,0,133,172,NoBug
2dce9b701631b41aa14f4d8ff186c708b57abd1e,enterprise/core-edge/src/test/java/org/neo4j/coreedge/core/state/machines/locks/LeaderOnlyLockManagerTest.java,2,0,0,3,56,97,NoBug
2dce9b701631b41aa14f4d8ff186c708b57abd1e,enterprise/core-edge/src/main/java/org/neo4j/coreedge/ReplicationModule.java,1,0,0,5,57,91,NoBug
2dce9b701631b41aa14f4d8ff186c708b57abd1e,enterprise/core-edge/src/main/java/org/neo4j/coreedge/core/CoreEdgeClusterSettings.java,1,0,0,1,183,259,NoBug
2dce9b701631b41aa14f4d8ff186c708b57abd1e,enterprise/core-edge/src/main/java/org/neo4j/coreedge/core/state/machines/token/ReplicatedRelationshipTypeTokenHolder.java,1,0,0,2,23,46,NoBug
2dce9b701631b41aa14f4d8ff186c708b57abd1e,enterprise/core-edge/src/test/java/org/neo4j/coreedge/core/state/machines/token/ReplicatedTokenHolderTest.java,1,0,0,4,81,147,NoBug
2dce9b701631b41aa14f4d8ff186c708b57abd1e,enterprise/core-edge/src/main/java/org/neo4j/coreedge/core/replication/RaftReplicator.java,5,0,1,3,78,114,NoBug
2dce9b701631b41aa14f4d8ff186c708b57abd1e,enterprise/core-edge/src/main/java/org/neo4j/coreedge/core/state/machines/token/ReplicatedLabelTokenHolder.java,1,0,0,2,21,44,NoBug
2dce9b701631b41aa14f4d8ff186c708b57abd1e,enterprise/core-edge/src/main/java/org/neo4j/coreedge/core/state/machines/CoreStateMachinesModule.java,1,0,0,2,178,235,NoBug
2dce9b701631b41aa14f4d8ff186c708b57abd1e,enterprise/core-edge/src/main/java/org/neo4j/coreedge/core/state/machines/token/ReplicatedPropertyKeyTokenHolder.java,1,0,0,2,22,45,NoBug
2e27f92cd55a1b84efcb0d4b6bc95b16450304a2,enterprise/security/src/test/java/org/neo4j/server/security/enterprise/auth/integration/bolt/LdapAuthenticationIT.java,3,0,0,19,295,467,Bag
2e27f92cd55a1b84efcb0d4b6bc95b16450304a2,community/security/src/main/java/org/neo4j/commandline/admin/security/UsersCommand.java,22,0,0,8,189,229,Bag
2e27f92cd55a1b84efcb0d4b6bc95b16450304a2,community/security/src/test/java/org/neo4j/server/security/auth/AuthProceduresIT.java,8,0,5,9,266,337,Bag
2e27f92cd55a1b84efcb0d4b6bc95b16450304a2,enterprise/security/src/main/java/org/neo4j/server/security/enterprise/auth/EnterpriseUserManager.java,1,0,2,8,17,64,Bag
2e27f92cd55a1b84efcb0d4b6bc95b16450304a2,community/security/src/test/java/org/neo4j/server/security/auth/AuthProceduresTest.java,3,0,0,5,71,116,Bag
2e27f92cd55a1b84efcb0d4b6bc95b16450304a2,community/server/src/main/java/org/neo4j/server/rest/dbms/UserService.java,12,0,0,4,107,140,Bag
2e27f92cd55a1b84efcb0d4b6bc95b16450304a2,enterprise/security/src/main/java/org/neo4j/server/security/enterprise/auth/EnterpriseAuthSubject.java,10,0,0,15,109,150,Bag
2e27f92cd55a1b84efcb0d4b6bc95b16450304a2,enterprise/security/src/test/java/org/neo4j/server/security/enterprise/auth/AuthTestBase.java,8,0,0,0,308,396,Bag
2e27f92cd55a1b84efcb0d4b6bc95b16450304a2,community/security/src/main/java/org/neo4j/server/security/auth/BasicAuthManager.java,12,0,1,14,155,213,Bag
2e27f92cd55a1b84efcb0d4b6bc95b16450304a2,enterprise/security/src/test/java/org/neo4j/server/security/enterprise/auth/AuthProceduresTestLogic.java,3,0,22,62,807,1016,Bag
2e27f92cd55a1b84efcb0d4b6bc95b16450304a2,enterprise/security/src/test/java/org/neo4j/server/security/enterprise/auth/NeoShallowEmbeddedInteraction.java,3,0,0,14,111,151,Bag
2e27f92cd55a1b84efcb0d4b6bc95b16450304a2,community/security/src/main/java/org/neo4j/server/security/auth/BasicAuthSubject.java,5,0,1,13,99,146,Bag
2e27f92cd55a1b84efcb0d4b6bc95b16450304a2,community/security/src/main/java/org/neo4j/server/security/auth/AuthProcedures.java,4,0,0,8,85,117,Bag
2e27f92cd55a1b84efcb0d4b6bc95b16450304a2,community/bolt/src/main/java/org/neo4j/bolt/security/auth/BasicAuthentication.java,11,0,1,2,92,128,Bag
2e27f92cd55a1b84efcb0d4b6bc95b16450304a2,community/server/src/test/java/org/neo4j/server/rest/dbms/UserServiceTest.java,1,0,0,17,246,379,Bag
2e27f92cd55a1b84efcb0d4b6bc95b16450304a2,enterprise/security/src/test/java/org/neo4j/server/security/enterprise/auth/AuthScenariosLogic.java,4,0,26,3,403,729,Bag
2e27f92cd55a1b84efcb0d4b6bc95b16450304a2,enterprise/security/src/main/java/org/neo4j/server/security/enterprise/auth/AuthProcedures.java,21,0,0,23,339,410,Bag
2e27f92cd55a1b84efcb0d4b6bc95b16450304a2,enterprise/security/src/main/java/org/neo4j/server/security/enterprise/auth/InternalFlatFileRealm.java,42,0,1,21,471,579,Bag
2e27f92cd55a1b84efcb0d4b6bc95b16450304a2,community/security/src/main/java/org/neo4j/server/security/auth/UserManager.java,1,0,0,6,13,40,Bag
2e27f92cd55a1b84efcb0d4b6bc95b16450304a2,community/security/src/test/java/org/neo4j/server/security/auth/BasicAuthManagerTest.java,4,0,0,13,145,225,Bag
2e27f92cd55a1b84efcb0d4b6bc95b16450304a2,community/kernel/src/main/java/org/neo4j/kernel/api/security/AuthSubject.java,1,0,2,2,103,159,Bag
2e27f92cd55a1b84efcb0d4b6bc95b16450304a2,enterprise/security/src/test/java/org/neo4j/server/security/enterprise/auth/MultiRealmAuthManagerTest.java,5,0,0,28,367,555,Bag
2e6bf156d51a494a381882d384378f627513bfd1,enterprise/ha/src/main/java/org/neo4j/kernel/ha/transaction/TransactionPropagator.java,27,0,1,12,305,397,Bag
2e6bf156d51a494a381882d384378f627513bfd1,community/kernel/src/main/java/org/neo4j/kernel/impl/store/MetaDataStore.java,39,0,5,34,604,770,Bag
2e6bf156d51a494a381882d384378f627513bfd1,enterprise/cluster/src/main/java/org/neo4j/cluster/protocol/atomicbroadcast/multipaxos/context/LearnerContextImpl.java,16,0,0,0,196,244,Bag
2e6bf156d51a494a381882d384378f627513bfd1,community/kernel/src/main/java/org/neo4j/kernel/impl/util/CappedLogger.java,23,0,7,5,210,311,Bag
2e6bf156d51a494a381882d384378f627513bfd1,enterprise/ha/src/test/java/org/neo4j/kernel/ha/transaction/TransactionPropagatorTest.java,3,0,0,5,125,181,Bag
2e9e3298914b6ca1a9339d75800a91288690b82c,community/cypher/cypher/src/test/java/org/neo4j/cypher/DeleteRelationshipStressIT.java,5,0,0,7,107,165,NoBug
2e9e3298914b6ca1a9339d75800a91288690b82c,community/cypher/cypher/src/test/java/org/neo4j/cypher/DeleteNodeStressIT.java,4,0,0,6,91,143,NoBug
2ee54d627e3069ca1b97331ec882c6f10e43a7db,enterprise/backup/src/test/java/org/neo4j/backup/OnlineBackupCommandTest.java,2,0,0,21,250,325,Bag
2ee54d627e3069ca1b97331ec882c6f10e43a7db,community/consistency-check/src/test/java/org/neo4j/consistency/CheckConsistencyCommandTest.java,2,0,0,8,171,233,Bag
2f3c7a80d9480eca4fe993e6126ce1e440a68f4f,community/kernel/src/main/java/org/neo4j/kernel/impl/api/LookupFilter.java,5,0,3,0,91,137,Bag
2fb8aea71a2d50c63f1407b9e975c5e8cbf325dc,enterprise/security/src/main/java/org/neo4j/server/security/enterprise/auth/EnterpriseAuthAndUserManager.java,1,0,0,2,8,30,Bag
2fb8aea71a2d50c63f1407b9e975c5e8cbf325dc,community/security/src/test/java/org/neo4j/server/security/auth/BasicAuthManagerTest.java,4,0,0,16,230,334,Bag
2fb8aea71a2d50c63f1407b9e975c5e8cbf325dc,enterprise/security/src/test/java/org/neo4j/server/security/enterprise/auth/MultiRealmAuthManagerRule.java,3,0,0,12,122,162,Bag
2fb8aea71a2d50c63f1407b9e975c5e8cbf325dc,enterprise/security/src/test/java/org/neo4j/server/security/enterprise/auth/LdapRealmTest.java,3,0,0,23,351,480,Bag
2fb8aea71a2d50c63f1407b9e975c5e8cbf325dc,enterprise/security/src/test/java/org/neo4j/server/security/enterprise/auth/AuthProceduresInteractionTestBase.java,6,0,24,67,801,1007,Bag
2fb8aea71a2d50c63f1407b9e975c5e8cbf325dc,community/kernel/src/main/java/org/neo4j/kernel/impl/factory/ProceduresProvider.java,1,0,0,2,12,43,Bag
2fb8aea71a2d50c63f1407b9e975c5e8cbf325dc,community/security/src/test/java/org/neo4j/server/security/auth/AuthProceduresTest.java,3,0,0,5,72,117,Bag
2fb8aea71a2d50c63f1407b9e975c5e8cbf325dc,enterprise/security/src/main/java/org/neo4j/server/security/enterprise/auth/InternalFlatFileRealm.java,52,0,1,21,576,692,Bag
2fb8aea71a2d50c63f1407b9e975c5e8cbf325dc,enterprise/security/src/main/java/org/neo4j/server/security/enterprise/auth/plugin/PluginRealm.java,41,0,0,9,371,449,Bag
2fb8aea71a2d50c63f1407b9e975c5e8cbf325dc,enterprise/kernel/src/main/java/org/neo4j/kernel/impl/enterprise/EnterpriseEditionModule.java,3,0,1,2,83,118,Bag
2fb8aea71a2d50c63f1407b9e975c5e8cbf325dc,enterprise/security/src/test/java/org/neo4j/server/security/enterprise/auth/integration/bolt/LdapAuthenticationIT.java,7,0,13,27,567,887,Bag
2fb8aea71a2d50c63f1407b9e975c5e8cbf325dc,enterprise/security/src/test/java/org/neo4j/server/security/enterprise/auth/integration/bolt/PluginAuthenticationIT.java,1,0,0,11,162,241,Bag
2fb8aea71a2d50c63f1407b9e975c5e8cbf325dc,community/security/src/main/java/org/neo4j/server/security/auth/AuthProcedures.java,4,0,0,8,90,122,Bag
2fb8aea71a2d50c63f1407b9e975c5e8cbf325dc,community/security/src/main/java/org/neo4j/commandline/admin/security/UsersCommand.java,13,0,0,8,139,175,Bag
2fb8aea71a2d50c63f1407b9e975c5e8cbf325dc,enterprise/security/src/main/java/org/neo4j/server/security/enterprise/auth/StandardEnterpriseAuthSubject.java,15,0,0,19,156,201,Bag
2fb8aea71a2d50c63f1407b9e975c5e8cbf325dc,enterprise/security/src/test/java/org/neo4j/server/security/enterprise/auth/EmbeddedInteraction.java,4,0,0,16,136,179,Bag
2fb8aea71a2d50c63f1407b9e975c5e8cbf325dc,enterprise/core-edge/src/main/java/org/neo4j/coreedge/edge/EnterpriseEdgeEditionModule.java,1,0,1,1,204,281,Bag
2fb8aea71a2d50c63f1407b9e975c5e8cbf325dc,enterprise/kernel/src/main/java/org/neo4j/kernel/impl/enterprise/configuration/EnterpriseEditionSettings.java,1,0,1,0,46,79,Bag
2fb8aea71a2d50c63f1407b9e975c5e8cbf325dc,community/kernel/src/main/java/org/neo4j/kernel/impl/factory/DataSourceModule.java,3,0,1,1,313,427,Bag
2fb8aea71a2d50c63f1407b9e975c5e8cbf325dc,community/security/src/main/java/org/neo4j/server/security/auth/BasicAuthManager.java,14,0,1,14,171,229,Bag
2fb8aea71a2d50c63f1407b9e975c5e8cbf325dc,community/kernel/src/main/java/org/neo4j/kernel/impl/factory/CommunityEditionModule.java,10,0,1,3,205,275,Bag
2fb8aea71a2d50c63f1407b9e975c5e8cbf325dc,enterprise/security/src/test/java/org/neo4j/server/security/enterprise/auth/MultiRealmAuthManagerTest.java,4,0,0,34,504,732,Bag
2fb8aea71a2d50c63f1407b9e975c5e8cbf325dc,enterprise/security/src/test/java/org/neo4j/server/security/enterprise/auth/integration/bolt/LdapExamplePluginAuthenticationIT.java,1,0,0,3,75,104,Bag
2fb8aea71a2d50c63f1407b9e975c5e8cbf325dc,enterprise/security/src/test/java/org/neo4j/server/security/enterprise/auth/integration/bolt/BoltConnectionManagementIT.java,7,0,12,3,305,433,Bag
2fb8aea71a2d50c63f1407b9e975c5e8cbf325dc,enterprise/security/src/test/java/org/neo4j/server/security/enterprise/auth/integration/bolt/EnterpriseAuthenticationTestBase.java,5,0,0,3,193,275,Bag
2fb8aea71a2d50c63f1407b9e975c5e8cbf325dc,community/kernel/src/main/java/org/neo4j/graphdb/factory/GraphDatabaseSettings.java,10,0,3,6,491,650,Bag
2fb8aea71a2d50c63f1407b9e975c5e8cbf325dc,community/kernel/src/main/java/org/neo4j/kernel/api/security/AuthManager.java,1,0,2,3,47,89,Bag
2fb8aea71a2d50c63f1407b9e975c5e8cbf325dc,enterprise/security/src/main/java/org/neo4j/server/security/enterprise/auth/EnterpriseAuthProceduresProvider.java,1,0,0,3,18,41,Bag
2fb8aea71a2d50c63f1407b9e975c5e8cbf325dc,enterprise/security/src/main/java/org/neo4j/server/security/enterprise/auth/MultiRealmAuthManager.java,21,0,0,0,178,218,Bag
2fb8aea71a2d50c63f1407b9e975c5e8cbf325dc,enterprise/security/src/test/java/org/neo4j/server/security/enterprise/auth/integration/bolt/ActiveDirectoryAuthenticationIT.java,4,0,3,12,232,367,Bag
2fb8aea71a2d50c63f1407b9e975c5e8cbf325dc,enterprise/server-enterprise/src/test/java/org/neo4j/server/rest/security/RESTInteraction.java,20,0,0,0,282,338,Bag
2fb8aea71a2d50c63f1407b9e975c5e8cbf325dc,enterprise/security/src/test/java/org/neo4j/server/security/enterprise/auth/integration/bolt/EnterpriseAuthenticationIT.java,2,0,0,4,105,153,Bag
2fb8aea71a2d50c63f1407b9e975c5e8cbf325dc,enterprise/security/src/test/java/org/neo4j/server/security/enterprise/auth/ProcedureInteractionTestBase.java,9,0,0,12,495,614,Bag
2fb8aea71a2d50c63f1407b9e975c5e8cbf325dc,enterprise/security/src/test/java/org/neo4j/server/security/enterprise/auth/InternalFlatFileRealmIT.java,8,0,0,6,191,251,Bag
2fb8aea71a2d50c63f1407b9e975c5e8cbf325dc,community/security/src/main/java/org/neo4j/server/security/auth/UserManagerSupplier.java,1,0,0,2,5,26,Bag
2fb8aea71a2d50c63f1407b9e975c5e8cbf325dc,enterprise/server-enterprise/src/main/java/org/neo4j/server/enterprise/EnterpriseBootstrapper.java,4,0,0,1,50,78,Bag
2fb8aea71a2d50c63f1407b9e975c5e8cbf325dc,enterprise/security/src/test/java/org/neo4j/server/security/enterprise/auth/InternalFlatFileRealmTest.java,1,0,0,5,164,221,Bag
2fb8aea71a2d50c63f1407b9e975c5e8cbf325dc,enterprise/ha/src/main/java/org/neo4j/kernel/ha/factory/HighlyAvailableEditionModule.java,21,0,1,2,667,878,Bag
2fb8aea71a2d50c63f1407b9e975c5e8cbf325dc,enterprise/core-edge/src/main/java/org/neo4j/coreedge/core/EnterpriseCoreEditionModule.java,5,0,1,3,265,348,Bag
2fb8aea71a2d50c63f1407b9e975c5e8cbf325dc,enterprise/security/src/main/java/org/neo4j/server/security/enterprise/auth/LdapRealm.java,49,0,1,2,428,524,Bag
2fb8aea71a2d50c63f1407b9e975c5e8cbf325dc,enterprise/security/src/test/java/org/neo4j/server/security/enterprise/auth/LdapCachingTest.java,1,0,0,7,202,287,Bag
2fb8aea71a2d50c63f1407b9e975c5e8cbf325dc,community/kernel/src/test/java/org/neo4j/kernel/impl/api/integrationtest/KernelIntegrationTest.java,2,0,0,3,134,172,Bag
2fb8aea71a2d50c63f1407b9e975c5e8cbf325dc,community/security/src/test/java/org/neo4j/server/security/auth/AuthProceduresIT.java,10,0,5,12,293,366,Bag
2fb8aea71a2d50c63f1407b9e975c5e8cbf325dc,community/security/src/test/java/org/neo4j/commandline/admin/security/SetPasswordCommandTest.java,1,0,0,9,99,151,Bag
2fb8aea71a2d50c63f1407b9e975c5e8cbf325dc,community/kernel/src/test/java/org/neo4j/kernel/impl/factory/EditionModuleTest.java,1,0,0,2,41,75,Bag
2fb8aea71a2d50c63f1407b9e975c5e8cbf325dc,enterprise/server-enterprise/src/test/java/org/neo4j/server/rest/security/EnterpriseAuthenticationDocIT.java,1,0,0,4,68,107,Bag
2fb8aea71a2d50c63f1407b9e975c5e8cbf325dc,community/kernel/src/main/java/org/neo4j/kernel/impl/factory/EditionModule.java,10,0,1,2,163,225,Bag
30b3f80af31d37ef6ef0363dc873434043dc4846,enterprise/cypher/cypher/src/test/java/org/neo4j/cypher/internal/javacompat/ExecutionResultTest.java,2,0,0,11,141,232,Bag
30b42e950ac4a892ad0524ab6d9afe3091be49a4,enterprise/kernel/src/main/java/org/neo4j/kernel/impl/enterprise/EnterpriseEditionModule.java,2,0,1,2,72,106,Bag
30b42e950ac4a892ad0524ab6d9afe3091be49a4,enterprise/kernel/src/main/java/org/neo4j/kernel/impl/enterprise/SecurityLog.java,2,0,0,27,170,224,Bag
30b42e950ac4a892ad0524ab6d9afe3091be49a4,enterprise/core-edge/src/main/java/org/neo4j/coreedge/edge/EnterpriseEdgeEditionModule.java,1,0,1,2,198,273,Bag
30b42e950ac4a892ad0524ab6d9afe3091be49a4,enterprise/ha/src/main/java/org/neo4j/kernel/ha/factory/HighlyAvailableEditionModule.java,20,0,1,2,659,869,Bag
30b42e950ac4a892ad0524ab6d9afe3091be49a4,enterprise/core-edge/src/main/java/org/neo4j/coreedge/core/EnterpriseCoreEditionModule.java,5,0,1,3,254,336,Bag
30d4bb296ca9e258c15176437d519217e1f66dc6,community/server/src/test/java/org/neo4j/server/BaseBootstrapperTest.java,3,0,0,6,86,139,NoBug
30d4bb296ca9e258c15176437d519217e1f66dc6,enterprise/server-enterprise/src/main/java/org/neo4j/server/enterprise/EnterpriseServerConfigLoader.java,2,0,0,2,22,46,NoBug
30d4bb296ca9e258c15176437d519217e1f66dc6,enterprise/server-enterprise/src/test/java/org/neo4j/server/enterprise/EnterpriseBootstrapperTest.java,1,0,0,4,48,84,NoBug
30e4b9d82dc78be718f70700588fe48024f5dcf7,community/cypher/cypher/src/main/java/org/neo4j/cypher/internal/codegen/CompiledConversionUtils.java,98,0,1,19,493,554,Bag
313020b6b4e6afd4b1acb1f7ff35fcd25f7b5465,enterprise/core-edge/src/test/java/org/neo4j/coreedge/discovery/Cluster.java,28,0,1,27,400,499,NoBug
317cd647561a0fc04808364cc543fc73edc39976,stresstests/src/test/java/org/neo4j/causalclustering/stresstests/Workload.java,5,0,0,0,54,97,Bag
317cd647561a0fc04808364cc543fc73edc39976,enterprise/causal-clustering/src/test/java/org/neo4j/causalclustering/catchup/storecopy/StoreFetcherTest.java,2,0,0,4,89,140,Bag
317cd647561a0fc04808364cc543fc73edc39976,stresstests/src/test/java/org/neo4j/causalclustering/stresstests/CatchUpLoad.java,14,0,0,0,150,195,Bag
317cd647561a0fc04808364cc543fc73edc39976,enterprise/causal-clustering/src/main/java/org/neo4j/causalclustering/catchup/tx/TransactionLogCatchUpFactory.java,1,0,0,2,13,36,Bag
317cd647561a0fc04808364cc543fc73edc39976,enterprise/causal-clustering/src/main/java/org/neo4j/causalclustering/catchup/tx/TxPullClient.java,1,0,0,3,43,70,Bag
317cd647561a0fc04808364cc543fc73edc39976,stresstests/src/test/java/org/neo4j/causalclustering/stresstests/CatchupStoreCopyInteractionStressTesting.java,2,0,0,2,84,119,Bag
317cd647561a0fc04808364cc543fc73edc39976,enterprise/causal-clustering/src/main/java/org/neo4j/causalclustering/catchup/tx/TransactionLogCatchUpWriter.java,3,0,0,3,66,95,Bag
317cd647561a0fc04808364cc543fc73edc39976,enterprise/causal-clustering/src/main/java/org/neo4j/causalclustering/catchup/storecopy/StoreFetcher.java,5,0,0,5,96,133,Bag
317cd647561a0fc04808364cc543fc73edc39976,enterprise/causal-clustering/src/main/java/org/neo4j/causalclustering/core/state/machines/tx/LastCommittedIndexFinder.java,4,0,1,2,51,82,Bag
31e72727f11b170442df6d1f0f060411ed644dce,community/shell/src/main/java/org/neo4j/shell/kernel/apps/TransactionProvidingApp.java,89,0,7,7,674,837,Bag
31e72727f11b170442df6d1f0f060411ed644dce,community/shell/src/test/java/org/neo4j/shell/TestApps.java,14,0,0,80,1003,1252,Bag
31e72727f11b170442df6d1f0f060411ed644dce,community/cypher/cypher/src/test/java/org/neo4j/cypher/GraphDatabaseServiceExecuteTest.java,1,0,0,2,28,57,Bag
31e72727f11b170442df6d1f0f060411ed644dce,community/shell/src/main/java/org/neo4j/shell/kernel/apps/cypher/Dump.java,3,0,0,2,68,98,Bag
31e72727f11b170442df6d1f0f060411ed644dce,integrationtests/src/test/java/org/neo4j/procedure/ProcedureIT.java,10,0,0,72,718,953,Bag
31e72727f11b170442df6d1f0f060411ed644dce,community/shell/src/main/java/org/neo4j/shell/kernel/apps/cypher/Start.java,7,0,0,2,150,190,Bag
31e72727f11b170442df6d1f0f060411ed644dce,community/shell/src/main/java/org/neo4j/shell/StartClient.java,46,0,2,0,447,575,Bag
31e72727f11b170442df6d1f0f060411ed644dce,integrationtests/src/test/java/org/neo4j/procedure/ProcedureIT.java,10,0,0,72,718,953,Bag
3234e29e6ac24f69feb2f8359797b46614145bc3,community/server/src/test/java/org/neo4j/server/configuration/ConfigFileBuilder.java,2,0,0,5,55,85,Bag
3234e29e6ac24f69feb2f8359797b46614145bc3,community/server/src/test/java/org/neo4j/server/configuration/ConfigLoaderTest.java,1,0,0,9,126,197,Bag
3234e29e6ac24f69feb2f8359797b46614145bc3,community/server/src/main/java/org/neo4j/server/configuration/ConfigLoader.java,5,0,0,6,86,127,Bag
32749d932950eb06e538b2006398d2ec84b67bed,community/cypher/cypher/src/test/java/org/neo4j/cypher/DeleteNodeStressIT.java,3,0,0,7,84,147,NoBug
32a785178963ee7f810a2f00a8a7ae8ef4b66b04,enterprise/core-edge/src/test/java/org/neo4j/coreedge/discovery/Cluster.java,27,0,1,27,396,496,NoBug
32a785178963ee7f810a2f00a8a7ae8ef4b66b04,enterprise/core-edge/src/test/java/org/neo4j/coreedge/scenarios/CoreServerReplicationIT.java,4,0,0,6,107,185,NoBug
33551c86c7a88b7906f21cf3759a4de5b8cae92f,enterprise/core-edge/src/main/java/org/neo4j/coreedge/raft/RaftInstance.java,21,0,2,19,302,416,NoBug
33551c86c7a88b7906f21cf3759a4de5b8cae92f,enterprise/core-edge/src/test/java/org/neo4j/coreedge/raft/RaftInstanceBuilder.java,1,0,0,13,116,157,NoBug
33551c86c7a88b7906f21cf3759a4de5b8cae92f,enterprise/core-edge/src/main/java/org/neo4j/coreedge/server/core/EnterpriseCoreEditionModule.java,15,0,1,8,593,773,NoBug
33551c86c7a88b7906f21cf3759a4de5b8cae92f,enterprise/core-edge/src/main/java/org/neo4j/coreedge/server/CoreEdgeClusterSettings.java,1,0,0,1,143,202,NoBug
337e9e71cdb388affbfb096c490876405ebdf03b,community/kernel/src/main/java/org/neo4j/kernel/impl/api/state/LegacyIndexTransactionStateImpl.java,18,0,2,11,212,264,Bag
337e9e71cdb388affbfb096c490876405ebdf03b,community/kernel/src/main/java/org/neo4j/kernel/impl/index/IndexDefineCommand.java,14,0,1,15,146,204,Bag
337e9e71cdb388affbfb096c490876405ebdf03b,community/kernel/src/main/java/org/neo4j/kernel/impl/index/IndexCommand.java,19,0,1,40,280,352,Bag
33d8b5a7ef36eb1d2c9e72daa01a416a5a403079,enterprise/kernel/src/test/java/org/neo4j/test/TestEnterpriseGraphDatabaseFactory.java,3,0,0,2,96,127,Bag
33d8b5a7ef36eb1d2c9e72daa01a416a5a403079,community/logging/src/test/java/org/neo4j/logging/AssertableLogProvider.java,44,0,2,43,619,730,Bag
33d8b5a7ef36eb1d2c9e72daa01a416a5a403079,community/kernel/src/main/java/org/neo4j/kernel/impl/api/index/IndexingService.java,60,0,6,24,620,809,Bag
33d8b5a7ef36eb1d2c9e72daa01a416a5a403079,community/kernel/src/test/java/org/neo4j/test/TestGraphDatabaseFactory.java,5,0,1,15,208,262,Bag
33d8b5a7ef36eb1d2c9e72daa01a416a5a403079,community/kernel/src/test/java/org/neo4j/kernel/impl/proc/ProcedureAllowedConfigTest.java,1,0,0,13,136,174,NoBug
33d8b5a7ef36eb1d2c9e72daa01a416a5a403079,community/kernel/src/main/java/org/neo4j/kernel/impl/proc/ProcedureAllowedConfig.java,5,0,0,2,77,116,NoBug
341f7ff24ca2afd863711c30493639cef1cf2b65,community/dbms/src/test/java/org/neo4j/commandline/dbms/ImportCommandTest.java,6,0,0,5,109,144,NoBug
341f7ff24ca2afd863711c30493639cef1cf2b65,community/dbms/src/main/java/org/neo4j/commandline/dbms/ImportCommand.java,8,0,0,7,140,178,NoBug
345d719d90ad36705621be9b657ee802a741cffb,community/shell/src/main/java/org/neo4j/shell/StartClient.java,44,0,2,0,414,533,NoBug
345d719d90ad36705621be9b657ee802a741cffb,community/shell/src/test/java/org/neo4j/shell/StartClientTest.java,1,0,0,6,97,151,NoBug
3483dc70103166165b00d4ccf0bf708f3138399d,community/graph-algo/src/main/java/org/neo4j/graphalgo/impl/path/AStar.java,19,0,0,6,273,331,Bag
3483dc70103166165b00d4ccf0bf708f3138399d,community/graph-algo/src/main/java/org/neo4j/graphalgo/impl/util/PriorityMap.java,9,0,0,0,194,264,Bag
3483dc70103166165b00d4ccf0bf708f3138399d,community/graph-algo/src/test/java/org/neo4j/graphalgo/path/TestAStar.java,10,0,3,5,225,322,Bag
3483dc70103166165b00d4ccf0bf708f3138399d,community/graph-algo/src/test/java/org/neo4j/graphalgo/impl/util/TestPriorityMap.java,1,0,0,2,44,78,Bag
3531ccd0c175975b3e1372e68128f4404561f202,community/neo4j/src/test/java/org/neo4j/index/IndexFailureOnStartupTest.java,5,0,0,4,155,204,NoBug
3531ccd0c175975b3e1372e68128f4404561f202,community/kernel/src/test/java/org/neo4j/kernel/impl/api/index/IndexingServiceTest.java,10,0,1,23,908,1204,NoBug
3531ccd0c175975b3e1372e68128f4404561f202,community/neo4j/src/test/java/org/neo4j/index/ShutdownOnIndexUpdateIT.java,3,0,0,2,83,119,NoBug
3531ccd0c175975b3e1372e68128f4404561f202,community/kernel/src/main/java/org/neo4j/kernel/impl/api/index/IndexingService.java,56,0,6,25,601,789,NoBug
3531ccd0c175975b3e1372e68128f4404561f202,community/kernel/src/main/java/org/neo4j/kernel/NeoStoreDataSource.java,22,0,4,16,836,1073,Bag
353af6b311bab520e7306387dc1ad1f75f841f41,community/neo4j/src/test/java/schema/MultiIndexPopulationConcurrentUpdatesIT.java,11,0,1,5,411,503,Bag
353af6b311bab520e7306387dc1ad1f75f841f41,community/kernel/src/test/java/org/neo4j/kernel/impl/transaction/state/storeview/DynamicIndexStoreViewTest.java,1,0,0,4,96,139,Bag
353af6b311bab520e7306387dc1ad1f75f841f41,community/kernel/src/main/java/org/neo4j/kernel/impl/storageengine/impl/recordstorage/RecordStorageEngine.java,14,0,1,18,459,551,Bag
353af6b311bab520e7306387dc1ad1f75f841f41,community/kernel/src/main/java/org/neo4j/kernel/impl/transaction/state/storeview/DynamicIndexStoreView.java,5,0,1,2,64,100,Bag
3599e18da72ec8de97cdc2b250bb7b4cbb86674b,packaging/neo4j-desktop/src/main/java/org/neo4j/desktop/ui/SettingsDialog.java,2,0,0,0,142,188,NoBug
3599e18da72ec8de97cdc2b250bb7b4cbb86674b,community/server/src/test/java/org/neo4j/server/rest/transactional/integration/TransactionErrorIT.java,1,0,1,3,79,127,NoBug
3599e18da72ec8de97cdc2b250bb7b4cbb86674b,community/server/src/main/java/org/neo4j/server/rest/transactional/TransactionHandle.java,30,0,1,6,311,373,NoBug
3599e18da72ec8de97cdc2b250bb7b4cbb86674b,community/server/src/main/java/org/neo4j/server/rest/transactional/TransactionalRequestDispatcher.java,8,0,0,3,108,154,NoBug
3599e18da72ec8de97cdc2b250bb7b4cbb86674b,community/server/src/test/java/org/neo4j/server/rest/BatchOperationDocIT.java,2,0,1,14,639,774,NoBug
3599e18da72ec8de97cdc2b250bb7b4cbb86674b,community/server/src/test/java/org/neo4j/server/rest/transactional/TransactionHandleTest.java,2,0,0,14,420,567,NoBug
3599e18da72ec8de97cdc2b250bb7b4cbb86674b,community/server/src/main/java/org/neo4j/server/rest/web/CypherService.java,10,0,0,4,114,152,NoBug
3599e18da72ec8de97cdc2b250bb7b4cbb86674b,community/server/src/main/java/org/neo4j/server/rest/transactional/TransitionalTxManagementKernelTransaction.java,3,0,0,0,83,114,NoBug
3599e18da72ec8de97cdc2b250bb7b4cbb86674b,community/server/src/main/java/org/neo4j/server/rest/transactional/TransitionalPeriodTransactionMessContainer.java,1,0,0,5,38,66,NoBug
3599e18da72ec8de97cdc2b250bb7b4cbb86674b,community/server/src/test/java/org/neo4j/server/rest/transactional/integration/TransactionIT.java,9,0,0,35,580,931,NoBug
35a95081e67bf49b62cb45bc522541ee09635951,enterprise/ha/src/main/java/org/neo4j/kernel/ha/HighAvailabilityConsoleLogger.java,4,0,14,1,93,204,Bag
35a95081e67bf49b62cb45bc522541ee09635951,enterprise/cluster/src/main/java/org/neo4j/cluster/protocol/election/ClusterLeaveReelectionListener.java,1,0,1,2,21,49,Bag
35a95081e67bf49b62cb45bc522541ee09635951,enterprise/cluster/src/main/java/org/neo4j/cluster/protocol/cluster/ClusterListener.java,1,0,6,8,40,106,Bag
35a95081e67bf49b62cb45bc522541ee09635951,enterprise/cluster/src/main/java/org/neo4j/cluster/member/paxos/PaxosClusterMemberEvents.java,11,0,1,17,359,442,Bag
35a95081e67bf49b62cb45bc522541ee09635951,enterprise/ha/src/test/java/org/neo4j/ha/TestPullUpdates.java,12,0,0,5,203,255,Bag
35a95081e67bf49b62cb45bc522541ee09635951,enterprise/cluster/src/test/java/org/neo4j/cluster/protocol/cluster/ClusterNetworkTest.java,27,0,1,19,414,560,Bag
35a95081e67bf49b62cb45bc522541ee09635951,enterprise/ha/src/test/java/org/neo4j/kernel/ha/cluster/member/ClusterMembersTest.java,2,0,0,13,244,375,Bag
35a95081e67bf49b62cb45bc522541ee09635951,enterprise/ha/src/main/java/org/neo4j/kernel/ha/cluster/member/ClusterMembers.java,10,0,1,4,152,197,Bag
35a95081e67bf49b62cb45bc522541ee09635951,enterprise/cluster/src/main/java/org/neo4j/cluster/InstanceId.java,5,0,0,10,62,97,Bag
35a95081e67bf49b62cb45bc522541ee09635951,enterprise/cluster/src/main/java/org/neo4j/cluster/protocol/atomicbroadcast/multipaxos/MultiPaxosContext.java,55,0,1,9,1232,1503,Bag
35a95081e67bf49b62cb45bc522541ee09635951,enterprise/cluster/src/test/java/org/neo4j/cluster/protocol/cluster/ClusterMockTest.java,51,0,1,26,713,833,Bag
35a95081e67bf49b62cb45bc522541ee09635951,enterprise/cluster/src/test/java/org/neo4j/cluster/protocol/atomicbroadcast/multipaxos/MultiPaxosServer.java,12,0,1,6,227,277,Bag
35a95081e67bf49b62cb45bc522541ee09635951,enterprise/ha/src/test/java/org/neo4j/ha/TestPullUpdatesApplied.java,10,0,2,4,190,265,Bag
35c7cca77e17c3cb08fc470aab26922ef2ed47c5,enterprise/causal-clustering/src/main/java/org/neo4j/commandline/dbms/UnbindFromClusterCommand.java,6,0,0,8,146,188,NoBug
35d3cb44745adf7b5eddd36250fb71248143ded9,enterprise/backup/src/test/java/org/neo4j/backup/BackupServiceIT.java,18,0,1,16,607,813,NoBug
35d3cb44745adf7b5eddd36250fb71248143ded9,community/kernel/src/main/java/org/neo4j/kernel/impl/store/id/IdGeneratorImpl.java,50,0,9,9,469,681,NoBug
35d3cb44745adf7b5eddd36250fb71248143ded9,enterprise/backup/src/main/java/org/neo4j/backup/BackupService.java,23,0,0,0,369,446,NoBug
35d3cb44745adf7b5eddd36250fb71248143ded9,community/kernel/src/test/java/org/neo4j/kernel/impl/store/id/IdGeneratorImplTest.java,2,0,0,5,60,106,NoBug
35d3cb44745adf7b5eddd36250fb71248143ded9,community/kernel/src/main/java/org/neo4j/kernel/IdType.java,2,0,1,3,43,73,NoBug
35d3cb44745adf7b5eddd36250fb71248143ded9,community/kernel/src/main/java/org/neo4j/kernel/impl/transaction/command/HighIdTransactionApplier.java,9,0,0,21,217,270,NoBug
35ff76e0b8d4ea42263048ad00507e28f4ec59cb,community/kernel/src/main/java/org/neo4j/kernel/impl/transaction/xaframework/IllegalLogFormatException.java,1,0,0,2,11,33,Bag
35ff76e0b8d4ea42263048ad00507e28f4ec59cb,community/kernel/src/main/java/org/neo4j/kernel/impl/transaction/xaframework/LogPruneStrategies.java,20,0,1,11,225,313,Bag
36205d3138eff7e252a34c1a0224f84ad8747758,community/cypher/cypher/src/test/java/org/neo4j/cypher/internal/javacompat/NotificationAcceptanceTest.java,7,0,0,12,196,269,NoBug
36205d3138eff7e252a34c1a0224f84ad8747758,community/bolt/src/test/java/org/neo4j/bolt/v1/transport/integration/TransportSessionIT.java,3,0,0,17,345,461,NoBug
36297e92d45bc9d3867ef07d2802540827d9c505,community/server/src/test/java/org/neo4j/server/rest/transactional/ExecutionResultSerializerTest.java,16,0,0,27,738,979,NoBug
36297e92d45bc9d3867ef07d2802540827d9c505,community/server/src/test/java/org/neo4j/server/rest/transactional/integration/TransactionMatchers.java,43,0,1,15,533,606,NoBug
36297e92d45bc9d3867ef07d2802540827d9c505,community/server/src/test/java/org/neo4j/server/rest/transactional/integration/QueryResultsSerializationTest.java,3,0,1,36,453,661,NoBug
36297e92d45bc9d3867ef07d2802540827d9c505,community/server/src/main/java/org/neo4j/server/rest/transactional/Neo4jJsonCodec.java,23,0,0,4,222,258,NoBug
36297e92d45bc9d3867ef07d2802540827d9c505,community/server/src/test/java/org/neo4j/server/rest/transactional/integration/RowFormatMetaFieldTest.java,2,0,0,6,82,129,NoBug
3685211d607b03e770ab816cec8e4a586392751f,community/kernel/src/main/java/org/neo4j/kernel/impl/api/TwoPhaseNodeForRelationshipLocking.java,10,0,0,0,101,135,NoBug
36d749e9be2011ad5d7cdb4de6dbac55583e3dda,community/bolt/src/main/java/org/neo4j/bolt/v1/runtime/TransactionStateMachine.java,17,0,0,8,280,353,Bag
36d749e9be2011ad5d7cdb4de6dbac55583e3dda,community/bolt/src/main/java/org/neo4j/bolt/v1/runtime/BoltStateMachine.java,28,0,9,16,590,819,Bag
36d749e9be2011ad5d7cdb4de6dbac55583e3dda,community/bolt/src/test/java/org/neo4j/bolt/v1/transport/integration/TransportSessionIT.java,3,0,0,14,283,381,Bag
36d749e9be2011ad5d7cdb4de6dbac55583e3dda,community/bolt/src/test/java/org/neo4j/bolt/v1/runtime/BoltStateMachineTest.java,3,0,0,22,230,387,Bag
36d8db72a17c706dc433a6417a345ea6e98875fc,community/lucene-index/src/main/java/org/neo4j/kernel/api/impl/schema/LuceneDocumentStructure.java,20,0,2,12,249,335,NoBug
36d8db72a17c706dc433a6417a345ea6e98875fc,community/cypher/cypher/src/main/java/org/neo4j/cypher/internal/codegen/CompiledEquivalenceUtils.java,105,0,17,0,424,562,NoBug
36e971777dda19d3441c13f1d8e0ba8ec54f248c,community/lucene-index/src/main/java/org/neo4j/index/impl/lucene/LuceneTransaction.java,58,0,0,0,462,543,Bag
3748c5cb4024236c879697decc82e45fbe2f58c7,enterprise/core-edge/src/main/java/org/neo4j/coreedge/core/server/BatchingMessageHandler.java,13,0,0,0,126,164,NoBug
3748c5cb4024236c879697decc82e45fbe2f58c7,enterprise/core-edge/src/test/java/org/neo4j/coreedge/core/server/BatchingMessageHandlerTest.java,1,0,0,8,144,224,NoBug
37edb40e882651754175d831ab567a58dfeca411,community/cypher/cypher/src/main/java/org/neo4j/cypher/internal/codegen/CompiledConversionUtils.java,51,0,1,12,219,267,NoBug
37edb40e882651754175d831ab567a58dfeca411,community/cypher/cypher/src/test/java/org/neo4j/cypher/internal/javacompat/CypherUpdateMapTest.java,1,0,0,5,62,96,NoBug
382ee1f43350c348c1129dfc3c8c5610cb95c1d3,community/bolt/src/main/java/org/neo4j/bolt/v1/runtime/TransactionStateMachine.java,21,0,1,7,345,446,NoBug
382ee1f43350c348c1129dfc3c8c5610cb95c1d3,community/bolt/src/test/java/org/neo4j/bolt/v1/runtime/integration/BoltConnectionIT.java,2,0,0,26,574,806,NoBug
388d083ff12d300d6021655dfc07d86f11431252,community/bolt/src/test/java/org/neo4j/bolt/v1/transport/socket/client/SocketConnection.java,8,0,0,9,80,114,Bag
3909f01ee129358201f244089119993277afb737,community/cypher/cypher-compiler-2.3/src/main/java/org/neo4j/cypher/internal/compiler/v2_3/codegen/ResultRowImpl.java,4,0,0,10,68,103,NoBug
391d4a7028c1a9dc92d36e77bc69f8519b3b8a07,community/kernel/src/main/java/org/neo4j/kernel/builtinprocs/BuiltInProcedures.java,21,0,0,49,671,778,Bag
391d4a7028c1a9dc92d36e77bc69f8519b3b8a07,community/kernel/src/main/java/org/neo4j/kernel/impl/proc/ReflectiveProcedureCompiler.java,68,0,0,0,743,872,Bag
391d4a7028c1a9dc92d36e77bc69f8519b3b8a07,community/kernel/src/main/java/org/neo4j/kernel/impl/api/TokenAccess.java,10,0,0,3,155,197,Bag
39268c02b5582a6a8953067aac474bfc0d3e7af2,enterprise/core-edge/src/test/java/org/neo4j/coreedge/raft/DelayedRenewableTimeoutServiceTest.java,3,0,0,7,120,204,Bag
396f7e4acb5644779c5e92fefbb11bf33321bf07,enterprise/causal-clustering/src/main/java/org/neo4j/causalclustering/discovery/HazelcastCoreTopologyService.java,5,0,0,0,228,287,NoBug
3970fbec529fe86b946a265b893c85cb93ca9cd1,community/cypher/spec-suite-tools/src/test/java/cypher/SpecSuiteResources.java,12,0,0,2,144,179,NoBug
3970fbec529fe86b946a265b893c85cb93ca9cd1,community/cypher/compatibility-spec-suite/src/test/java/cypher/CompatibilitySpecSuiteTestConstantsTest.java,1,0,0,3,15,39,NoBug
3970fbec529fe86b946a265b893c85cb93ca9cd1,community/cypher/compatibility-spec-suite/src/test/java/cypher/CompatibilitySpecSuiteTest.java,1,0,0,6,100,138,NoBug
39bda97b6a4b07c3a1866ab0342a63d71eeecfde,community/kernel/src/main/java/org/neo4j/graphdb/GraphDatabaseService.java,1,0,24,0,39,332,NoBug
3a78f5f817ec4cdbb54065cbcfd0e3de100ff931,community/kernel/src/main/java/org/neo4j/graphdb/factory/GraphDatabaseSettings.java,9,0,3,5,446,591,NoBug
3a78f5f817ec4cdbb54065cbcfd0e3de100ff931,enterprise/security/src/main/java/org/neo4j/server/security/enterprise/auth/ShiroAuthManager.java,12,0,0,19,222,291,NoBug
3a78f5f817ec4cdbb54065cbcfd0e3de100ff931,enterprise/security/src/main/java/org/neo4j/server/security/enterprise/auth/AuthProcedures.java,13,0,0,19,190,232,NoBug
3a78f5f817ec4cdbb54065cbcfd0e3de100ff931,enterprise/security/src/test/java/org/neo4j/server/security/enterprise/auth/AuthProceduresTest.java,11,0,30,30,848,1165,NoBug
3a78f5f817ec4cdbb54065cbcfd0e3de100ff931,community/server/src/test/java/org/neo4j/server/rest/security/AuthenticationDocIT.java,4,0,0,15,255,356,NoBug
3a78f5f817ec4cdbb54065cbcfd0e3de100ff931,enterprise/server-enterprise/src/test/java/org/neo4j/server/rest/security/EnterpriseAuthenticationDocIT.java,1,0,0,3,45,78,NoBug
3a8d8c551d0fa2126525b8ac23eebc7ed9d6efb5,community/lucene-index/src/test/java/org/neo4j/kernel/impl/api/index/IndexingServiceIntegrationTest.java,3,0,0,4,138,181,Bag
3a8d8c551d0fa2126525b8ac23eebc7ed9d6efb5,community/kernel/src/test/java/org/neo4j/kernel/impl/api/index/IndexingServiceTest.java,14,0,1,25,1017,1334,Bag
3a8d8c551d0fa2126525b8ac23eebc7ed9d6efb5,community/kernel/src/main/java/org/neo4j/kernel/impl/api/index/IndexingService.java,47,0,6,27,596,787,Bag
3a8d8c551d0fa2126525b8ac23eebc7ed9d6efb5,community/kernel/src/main/java/org/neo4j/kernel/impl/transaction/log/checkpoint/CheckPointScheduler.java,8,0,0,4,117,159,Bag
3a8d8c551d0fa2126525b8ac23eebc7ed9d6efb5,community/kernel/src/main/java/org/neo4j/kernel/impl/api/index/IndexMap.java,26,0,2,12,253,337,Bag
3a8d8c551d0fa2126525b8ac23eebc7ed9d6efb5,community/kernel/src/main/java/org/neo4j/kernel/impl/api/index/ContractCheckingIndexProxy.java,13,0,1,6,144,211,Bag
3ae2b022f57b0c786319b4668cc84d086a5d9a7f,community/server/src/main/java/org/neo4j/server/rest/domain/RelationshipExpanderBuilder.java,11,0,0,2,65,94,Bag
3b0df95a5c3de63f2b4685986964486a3eecd62b,enterprise/causal-clustering/src/main/java/org/neo4j/causalclustering/readreplica/EnterpriseReadReplicaEditionModule.java,1,0,1,2,183,254,Bag
3b0df95a5c3de63f2b4685986964486a3eecd62b,enterprise/causal-clustering/src/main/java/org/neo4j/causalclustering/catchup/storecopy/CopiedStoreRecovery.java,4,0,0,3,66,94,Bag
3b0df95a5c3de63f2b4685986964486a3eecd62b,enterprise/causal-clustering/src/main/java/org/neo4j/causalclustering/core/server/CoreServerModule.java,2,0,0,2,155,207,Bag
3b1b5247e5eda36e839b862358a9f8294def3d94,community/kernel/src/main/java/org/neo4j/graphdb/impl/notification/NotificationCode.java,7,0,2,0,252,295,NoBug
3ba4c3eb9ac99cd80673b361aec957e934853e90,community/kernel/src/main/java/org/neo4j/kernel/impl/store/PropertyStore.java,67,0,1,42,633,761,NoBug
3ba4c3eb9ac99cd80673b361aec957e934853e90,community/kernel/src/main/java/org/neo4j/kernel/impl/store/record/PropertyBlock.java,28,0,2,27,222,290,NoBug
3ba4c3eb9ac99cd80673b361aec957e934853e90,community/kernel/src/main/java/org/neo4j/kernel/impl/api/store/StoreSinglePropertyCursor.java,4,0,1,3,41,71,Bag
3ba4c3eb9ac99cd80673b361aec957e934853e90,community/kernel/src/main/java/org/neo4j/kernel/impl/api/store/LegacyStorePropertyCursor.java,6,0,1,8,69,108,NoBug
3ba4c3eb9ac99cd80673b361aec957e934853e90,community/kernel/src/main/java/org/neo4j/kernel/impl/api/cursor/TxAbstractPropertyCursor.java,2,0,1,6,57,92,NoBug
3ba4c3eb9ac99cd80673b361aec957e934853e90,community/kernel/src/main/java/org/neo4j/kernel/impl/api/store/StorePropertyCursor.java,57,0,1,7,495,577,Bag
3ba4c3eb9ac99cd80673b361aec957e934853e90,community/kernel/src/test/java/org/neo4j/kernel/impl/api/state/StubCursors.java,12,0,1,10,339,415,NoBug
3ba4c3eb9ac99cd80673b361aec957e934853e90,community/kernel/src/test/java/org/neo4j/kernel/impl/api/store/StorePropertyCursorTest.java,6,0,0,15,393,492,Bag
3ba4c3eb9ac99cd80673b361aec957e934853e90,community/kernel/src/main/java/org/neo4j/kernel/api/cursor/PropertyItem.java,1,0,3,0,6,37,NoBug
3cad6b427058f7ea008e0f31ea88a5fdd61b9a82,community/server/src/test/java/org/neo4j/server/rest/transactional/integration/TransactionMatchers.java,8,0,1,4,144,186,Bag
3cad6b427058f7ea008e0f31ea88a5fdd61b9a82,community/server/src/test/java/org/neo4j/server/rest/transactional/ExecutionResultSerializerTest.java,15,0,0,27,727,964,Bag
3cad6b427058f7ea008e0f31ea88a5fdd61b9a82,community/server/src/main/java/org/neo4j/server/rest/transactional/RestRepresentationWriter.java,9,0,0,0,95,123,Bag
3cad6b427058f7ea008e0f31ea88a5fdd61b9a82,community/server/src/main/java/org/neo4j/server/rest/transactional/Neo4jJsonCodec.java,12,0,0,3,123,153,Bag
3cad6b427058f7ea008e0f31ea88a5fdd61b9a82,community/server/src/test/java/org/neo4j/server/rest/transactional/Neo4jJsonCodecTest.java,6,0,0,8,107,175,Bag
3cad6b427058f7ea008e0f31ea88a5fdd61b9a82,community/server/src/main/java/org/neo4j/server/rest/transactional/GraphExtractionWriter.java,13,0,0,0,159,190,Bag
3cad6b427058f7ea008e0f31ea88a5fdd61b9a82,community/server/src/main/java/org/neo4j/server/rest/transactional/ResultDataContentWriter.java,1,0,0,2,8,32,Bag
3cad6b427058f7ea008e0f31ea88a5fdd61b9a82,community/server/src/main/java/org/neo4j/server/rest/transactional/ExecutionResultSerializer.java,28,0,5,3,400,489,Bag
3cad6b427058f7ea008e0f31ea88a5fdd61b9a82,community/server/src/main/java/org/neo4j/server/rest/transactional/AggregatingWriter.java,2,0,0,0,20,46,Bag
3cad6b427058f7ea008e0f31ea88a5fdd61b9a82,community/server/src/test/java/org/neo4j/server/rest/transactional/GraphExtractionWriterTest.java,10,0,0,8,217,301,Bag
3cad6b427058f7ea008e0f31ea88a5fdd61b9a82,community/server/src/main/java/org/neo4j/server/rest/transactional/RowWriter.java,2,0,0,0,23,47,Bag
3cad6b427058f7ea008e0f31ea88a5fdd61b9a82,community/server/src/main/java/org/neo4j/server/rest/repr/NodeRepresentation.java,2,0,0,19,137,182,Bag
3cad6b427058f7ea008e0f31ea88a5fdd61b9a82,community/server/src/main/java/org/neo4j/server/rest/transactional/TransitionalPeriodTransactionMessContainer.java,1,0,0,3,20,48,Bag
3cad6b427058f7ea008e0f31ea88a5fdd61b9a82,community/server/src/main/java/org/neo4j/server/rest/transactional/TransactionFacade.java,1,0,1,6,44,93,Bag
3cad6b427058f7ea008e0f31ea88a5fdd61b9a82,community/server/src/test/java/org/neo4j/server/rest/transactional/RowWriterTests.java,1,0,0,2,41,70,Bag
3cad6b427058f7ea008e0f31ea88a5fdd61b9a82,community/server/src/main/java/org/neo4j/server/rest/repr/RelationshipRepresentation.java,1,0,0,12,85,122,Bag
3cad6b427058f7ea008e0f31ea88a5fdd61b9a82,community/server/src/test/java/org/neo4j/server/rest/transactional/RestRepresentationWriterTests.java,1,0,0,2,42,72,Bag
3d17a685dd4a90897f208f3948aa870f3b2f27f7,community/server/src/test/java/org/neo4j/server/ServerBootstrapperTest.java,1,0,0,2,42,76,NoBug
3d17a685dd4a90897f208f3948aa870f3b2f27f7,community/server/src/main/java/org/neo4j/server/ServerBootstrapper.java,13,0,0,6,154,202,NoBug
3da8523ddc5b1463dae1b497f6787835b5663e6a,community/kernel/src/main/java/org/neo4j/kernel/impl/api/store/StoreIteratorRelationshipCursor.java,4,0,1,2,49,82,Bag
3da8523ddc5b1463dae1b497f6787835b5663e6a,community/kernel/src/main/java/org/neo4j/kernel/impl/store/record/PropertyRecord.java,25,0,2,33,317,410,NoBug
3da8523ddc5b1463dae1b497f6787835b5663e6a,community/kernel/src/main/java/org/neo4j/storageengine/api/txstate/PropertyContainerState.java,1,0,1,23,77,130,NoBug
3da8523ddc5b1463dae1b497f6787835b5663e6a,community/kernel/src/main/java/org/neo4j/kernel/impl/api/store/NodeCursor.java,21,0,0,14,200,255,NoBug
3da8523ddc5b1463dae1b497f6787835b5663e6a,community/kernel/src/main/java/org/neo4j/unsafe/batchinsert/internal/BatchRelationshipIterable.java,3,0,0,0,56,87,NoBug
3da8523ddc5b1463dae1b497f6787835b5663e6a,community/kernel/src/main/java/org/neo4j/kernel/impl/api/store/StoreSinglePropertyCursor.java,3,0,0,2,42,73,NoBug
3da8523ddc5b1463dae1b497f6787835b5663e6a,community/kernel/src/main/java/org/neo4j/kernel/impl/api/store/StoreAbstractPropertyCursor.java,13,0,0,7,141,188,NoBug
3da8523ddc5b1463dae1b497f6787835b5663e6a,community/kernel/src/main/java/org/neo4j/kernel/impl/storemigration/participant/StoreMigrator.java,33,0,1,7,600,800,NoBug
3da8523ddc5b1463dae1b497f6787835b5663e6a,community/kernel/src/test/java/org/neo4j/kernel/impl/api/store/StorePropertyPayloadCursorTest.java,5,0,0,17,469,597,NoBug
3da8523ddc5b1463dae1b497f6787835b5663e6a,community/kernel/src/main/java/org/neo4j/kernel/impl/api/store/StorePropertyCursor.java,4,0,1,2,48,81,NoBug
3da8523ddc5b1463dae1b497f6787835b5663e6a,community/kernel/src/test/java/org/neo4j/kernel/impl/api/store/StoreIteratorRelationshipCursorTest.java,1,0,0,4,61,98,Bag
3da8523ddc5b1463dae1b497f6787835b5663e6a,community/kernel/src/main/java/org/neo4j/kernel/impl/api/store/StoreAbstractIteratorRelationshipCursor.java,6,0,0,2,55,87,NoBug
3da8523ddc5b1463dae1b497f6787835b5663e6a,community/kernel/src/main/java/org/neo4j/kernel/impl/api/store/StorePropertyPayloadCursor.java,31,0,0,0,249,308,NoBug
3da8523ddc5b1463dae1b497f6787835b5663e6a,community/kernel/src/main/java/org/neo4j/kernel/impl/api/store/StoreNodeRelationshipCursor.java,25,0,1,6,248,317,NoBug
3da8523ddc5b1463dae1b497f6787835b5663e6a,community/kernel/src/main/java/org/neo4j/kernel/impl/api/store/StoreAbstractRelationshipCursor.java,6,0,1,12,121,168,NoBug
3da8523ddc5b1463dae1b497f6787835b5663e6a,community/primitive-collections/src/test/java/org/neo4j/collection/pool/LinkedQueuePoolTest.java,14,0,0,9,270,404,NoBug
3da8523ddc5b1463dae1b497f6787835b5663e6a,community/kernel/src/test/java/org/neo4j/kernel/impl/api/store/StoreSingleRelationshipCursorTest.java,2,0,0,5,85,122,Bag
3da8523ddc5b1463dae1b497f6787835b5663e6a,community/kernel/src/main/java/org/neo4j/storageengine/api/txstate/NodeState.java,1,0,1,11,123,184,NoBug
3da8523ddc5b1463dae1b497f6787835b5663e6a,community/kernel/src/main/java/org/neo4j/kernel/impl/api/store/GlobalCursorPools.java,2,0,0,11,113,145,Bag
3da8523ddc5b1463dae1b497f6787835b5663e6a,community/kernel/src/main/java/org/neo4j/storageengine/api/txstate/RelationshipState.java,1,0,1,2,73,114,NoBug
3da8523ddc5b1463dae1b497f6787835b5663e6a,community/kernel/src/test/java/org/neo4j/kernel/impl/api/store/StoreNodeRelationshipCursorTest.java,39,0,0,10,439,541,NoBug
3da8523ddc5b1463dae1b497f6787835b5663e6a,community/kernel/src/main/java/org/neo4j/kernel/impl/api/store/StoreSingleRelationshipCursor.java,7,0,1,2,63,98,Bag
3da8523ddc5b1463dae1b497f6787835b5663e6a,community/primitive-collections/src/main/java/org/neo4j/collection/pool/LinkedQueuePool.java,6,0,1,22,143,193,NoBug
3da8523ddc5b1463dae1b497f6787835b5663e6a,community/kernel/src/test/java/org/neo4j/kernel/impl/api/store/StorePropertyCursorTest.java,14,0,0,34,715,893,NoBug
3e2c2af5ca337bfd6f39f058033c183955e4b025,community/bolt/src/main/java/org/neo4j/bolt/v1/runtime/TransactionStateMachine.java,18,0,0,8,305,398,Bag
3e2c2af5ca337bfd6f39f058033c183955e4b025,community/bolt/src/main/java/org/neo4j/bolt/v1/runtime/BoltStateMachine.java,27,0,9,16,575,803,Bag
3e2c2af5ca337bfd6f39f058033c183955e4b025,community/bolt/src/main/java/org/neo4j/bolt/v1/transport/BoltProtocolV1.java,5,0,2,3,77,139,Bag
3e2c2af5ca337bfd6f39f058033c183955e4b025,community/bolt/src/test/java/org/neo4j/bolt/v1/runtime/BoltStateMachineTest.java,3,0,0,25,271,449,Bag
3e2c2af5ca337bfd6f39f058033c183955e4b025,community/bolt/src/main/java/org/neo4j/bolt/v1/messaging/BoltMessageRouter.java,6,0,1,7,189,256,Bag
3ea1d3f5e4ec90ae32ab077bb7b12fd3dc37d4da,enterprise/security/src/test/java/org/neo4j/server/security/enterprise/auth/BuiltInProceduresInteractionTestBase.java,10,0,17,19,794,1117,NoBug
3ea1d3f5e4ec90ae32ab077bb7b12fd3dc37d4da,community/kernel/src/test/java/org/neo4j/kernel/builtinprocs/SchemaProcedureIT.java,3,0,0,4,92,138,NoBug
3ea1d3f5e4ec90ae32ab077bb7b12fd3dc37d4da,enterprise/core-edge/src/test/java/org/neo4j/coreedge/scenarios/ClusterOverviewIT.java,18,0,0,10,278,397,NoBug
3ea1d3f5e4ec90ae32ab077bb7b12fd3dc37d4da,enterprise/core-edge/src/test/java/org/neo4j/coreedge/scenarios/ClusterMembershipChangeIT.java,2,0,0,2,61,98,NoBug
3ea1d3f5e4ec90ae32ab077bb7b12fd3dc37d4da,enterprise/core-edge/src/test/java/org/neo4j/coreedge/scenarios/ClusterDiscoveryIT.java,3,0,0,3,75,116,NoBug
3ea1d3f5e4ec90ae32ab077bb7b12fd3dc37d4da,enterprise/security/src/test/java/org/neo4j/server/security/enterprise/auth/ProcedureInteractionTestBase.java,9,0,0,15,515,637,NoBug
3ea1d3f5e4ec90ae32ab077bb7b12fd3dc37d4da,community/kernel/src/test/java/org/neo4j/kernel/impl/api/integrationtest/KernelIntegrationTest.java,2,0,0,3,145,185,NoBug
3ea1d3f5e4ec90ae32ab077bb7b12fd3dc37d4da,community/kernel/src/main/java/org/neo4j/kernel/impl/api/KernelStatement.java,11,0,2,15,192,264,Bag
3ea1d3f5e4ec90ae32ab077bb7b12fd3dc37d4da,community/kernel/src/main/java/org/neo4j/kernel/api/ReadOperations.java,1,0,53,49,178,573,Bag
3ea1d3f5e4ec90ae32ab077bb7b12fd3dc37d4da,community/kernel/src/main/java/org/neo4j/kernel/api/ProcedureCallOperations.java,1,0,7,0,20,96,NoBug
3ea1d3f5e4ec90ae32ab077bb7b12fd3dc37d4da,community/kernel/src/main/java/org/neo4j/kernel/api/DataWriteOperations.java,1,0,6,26,68,153,NoBug
3ea1d3f5e4ec90ae32ab077bb7b12fd3dc37d4da,community/kernel/src/main/java/org/neo4j/kernel/api/Statement.java,1,0,7,0,12,72,NoBug
3ea1d3f5e4ec90ae32ab077bb7b12fd3dc37d4da,community/kernel/src/main/java/org/neo4j/kernel/impl/api/OperationsFacade.java,20,0,13,146,1352,1598,Bag
3ea1d3f5e4ec90ae32ab077bb7b12fd3dc37d4da,integrationtests/src/test/java/org/neo4j/procedure/ProcedureIT.java,14,0,0,129,1177,1575,NoBug
3ea1d3f5e4ec90ae32ab077bb7b12fd3dc37d4da,community/kernel/src/test/java/org/neo4j/kernel/builtinprocs/StubStatement.java,1,0,0,8,52,82,NoBug
3ea1d3f5e4ec90ae32ab077bb7b12fd3dc37d4da,community/kernel/src/main/java/org/neo4j/kernel/api/SchemaWriteOperations.java,1,0,3,6,31,69,NoBug
3ea1d3f5e4ec90ae32ab077bb7b12fd3dc37d4da,community/kernel/src/test/java/org/neo4j/kernel/impl/api/integrationtest/BuiltInProceduresIT.java,2,0,0,8,133,195,NoBug
3ea1d3f5e4ec90ae32ab077bb7b12fd3dc37d4da,community/kernel/src/test/java/org/neo4j/kernel/impl/api/integrationtest/ProceduresKernelIT.java,1,0,0,7,99,159,NoBug
3ec0e927cb481a29815bc3237d2e53fd7cadd271,community/lucene-index/src/main/java/org/neo4j/kernel/api/impl/index/LuceneSchemaIndexProviderFactory.java,1,0,0,5,35,64,NoBug
3ec0e927cb481a29815bc3237d2e53fd7cadd271,community/consistency-check-legacy/src/main/java/org/neo4j/legacy/consistency/ConsistencyCheckService.java,8,0,0,8,177,220,NoBug
3ec0e927cb481a29815bc3237d2e53fd7cadd271,community/lucene-index/src/test/java/org/neo4j/kernel/api/impl/index/UniqueLuceneIndexPopulatorTest.java,4,0,0,6,142,200,NoBug
3ec0e927cb481a29815bc3237d2e53fd7cadd271,community/lucene-index/src/test/java/org/neo4j/kernel/api/impl/index/DeferredConstraintVerificationUniqueLuceneIndexPopulatorTest.java,9,0,0,17,352,520,NoBug
3ec0e927cb481a29815bc3237d2e53fd7cadd271,community/lucene-index/src/test/java/org/neo4j/kernel/api/impl/index/LuceneSchemaIndexProviderTest.java,1,0,0,4,74,111,NoBug
3ec0e927cb481a29815bc3237d2e53fd7cadd271,enterprise/enterprise-performance-tests/src/main/java/org/neo4j/perftest/enterprise/ccheck/ConsistencyPerformanceCheck.java,4,0,1,1,119,166,NoBug
3ec0e927cb481a29815bc3237d2e53fd7cadd271,community/kernel/src/main/java/org/neo4j/kernel/impl/api/index/IndexProxySetup.java,4,0,0,9,172,215,NoBug
3ec0e927cb481a29815bc3237d2e53fd7cadd271,community/lucene-index/src/test/java/org/neo4j/kernel/api/impl/index/LuceneSchemaIndexPopulatorTest.java,5,0,0,10,238,305,NoBug
3ec0e927cb481a29815bc3237d2e53fd7cadd271,community/lucene-index/src/test/java/org/neo4j/kernel/api/impl/index/LuceneIndexRecoveryIT.java,4,0,0,8,280,381,NoBug
3ec0e927cb481a29815bc3237d2e53fd7cadd271,community/kernel/src/main/java/org/neo4j/kernel/impl/api/index/IndexingService.java,66,0,5,28,707,885,NoBug
3ec0e927cb481a29815bc3237d2e53fd7cadd271,community/consistency-check/src/test/java/org/neo4j/consistency/checking/GraphStoreFixture.java,5,0,1,43,402,489,NoBug
3ec0e927cb481a29815bc3237d2e53fd7cadd271,community/kernel/src/main/java/org/neo4j/kernel/impl/store/record/IndexRule.java,17,0,1,15,175,233,NoBug
3ec0e927cb481a29815bc3237d2e53fd7cadd271,community/lucene-index/src/main/java/org/neo4j/kernel/api/impl/index/DeferredConstraintVerificationUniqueLuceneIndexPopulator.java,20,0,0,0,311,382,NoBug
3ec0e927cb481a29815bc3237d2e53fd7cadd271,community/kernel/src/test/java/org/neo4j/kernel/impl/api/index/IndexingServiceTest.java,6,0,1,22,754,1028,NoBug
3ec0e927cb481a29815bc3237d2e53fd7cadd271,community/lucene-index/src/main/java/org/neo4j/kernel/api/impl/index/LuceneSchemaIndexProvider.java,13,0,0,8,146,179,NoBug
3ec0e927cb481a29815bc3237d2e53fd7cadd271,community/kernel/src/main/java/org/neo4j/kernel/impl/api/index/IndexProxyFactory.java,1,0,0,2,5,26,NoBug
3ec0e927cb481a29815bc3237d2e53fd7cadd271,community/lucene-index/src/test/java/org/neo4j/index/impl/lucene/NonUniqueIndexTests.java,1,0,0,2,129,166,NoBug
3ec0e927cb481a29815bc3237d2e53fd7cadd271,community/lucene-index/src/main/java/org/neo4j/kernel/api/impl/index/LuceneIndexPopulator.java,8,0,0,5,91,123,NoBug
3ec0e927cb481a29815bc3237d2e53fd7cadd271,community/logging/src/test/java/org/neo4j/logging/AssertableLogProvider.java,39,0,2,40,567,676,NoBug
3ec0e927cb481a29815bc3237d2e53fd7cadd271,community/lucene-index/src/main/java/org/neo4j/kernel/api/impl/index/DirectorySupport.java,2,0,0,2,22,47,NoBug
3ec0e927cb481a29815bc3237d2e53fd7cadd271,community/kernel/src/main/java/org/neo4j/graphdb/factory/GraphDatabaseSettings.java,9,0,1,0,379,517,NoBug
3ec0e927cb481a29815bc3237d2e53fd7cadd271,community/lucene-index/src/test/java/org/neo4j/kernel/api/impl/index/LuceneSchemaIndexCorruptionTest.java,2,0,0,5,80,143,NoBug
3ec0e927cb481a29815bc3237d2e53fd7cadd271,community/lucene-index/src/main/java/org/neo4j/kernel/api/impl/index/UniqueLuceneIndexPopulator.java,6,0,0,0,136,178,NoBug
3ec0e927cb481a29815bc3237d2e53fd7cadd271,enterprise/ha/src/test/java/org/neo4j/kernel/api/SchemaIndexHaIT.java,19,0,0,9,461,606,NoBug
3ec0e927cb481a29815bc3237d2e53fd7cadd271,community/consistency-check-legacy/src/test/java/org/neo4j/legacy/consistency/checking/GraphStoreFixture.java,4,0,1,40,364,448,NoBug
3ec0e927cb481a29815bc3237d2e53fd7cadd271,community/lucene-index/src/main/java/org/neo4j/kernel/api/impl/index/NonUniqueLuceneIndexPopulator.java,9,0,0,0,121,160,NoBug
3ec0e927cb481a29815bc3237d2e53fd7cadd271,community/consistency-check/src/main/java/org/neo4j/consistency/ConsistencyCheckService.java,9,0,0,10,201,244,NoBug
3ed66e89e2124dbaed80bc06de50f8f2bb7df860,community/kernel/src/main/java/org/neo4j/kernel/NeoStoreDataSource.java,26,0,3,16,840,1056,Bag
3ed66e89e2124dbaed80bc06de50f8f2bb7df860,community/kernel/src/test/java/org/neo4j/kernel/NeoStoreDataSourceTest.java,3,0,0,9,209,282,Bag
3ed66e89e2124dbaed80bc06de50f8f2bb7df860,community/kernel/src/main/java/org/neo4j/kernel/impl/store/CommonAbstractStore.java,89,0,16,20,956,1306,Bag
3ed66e89e2124dbaed80bc06de50f8f2bb7df860,community/cypher/cypher/src/test/java/org/neo4j/cypher/DeleteNodeStressIT.java,3,0,0,7,84,147,Bag
3f1ef0c6ff7e7fbf05f6892905b99ecf2c5a97df,community/import-tool/src/test/java/org/neo4j/tooling/ImportToolDocIT.java,9,0,0,12,608,739,NoBug
3fe88be02b9554002a3ef1cf59bcf770a2325690,community/common/src/main/java/org/neo4j/kernel/lifecycle/Lifecycles.java,5,0,0,2,45,70,Bag
3fe88be02b9554002a3ef1cf59bcf770a2325690,community/kernel/src/main/java/org/neo4j/kernel/impl/factory/PlatformModule.java,8,0,1,3,215,314,Bag
3fe88be02b9554002a3ef1cf59bcf770a2325690,community/neo4j/src/test/java/org/neo4j/index/LabelScanStoreLoggingTest.java,5,0,0,3,116,151,Bag
40225cdc40a645d34112abf8df384a4e31371082,community/cypher/compatibility-spec-suite/src/test/java/cypher/CompatibilitySpecSuiteTestConstantsTest.java,1,0,0,4,20,45,Bag
40225cdc40a645d34112abf8df384a4e31371082,community/cypher/compatibility-spec-suite/src/test/java/cypher/CompatibilitySpecSuiteTest.java,1,0,0,6,101,140,Bag
40225cdc40a645d34112abf8df384a4e31371082,community/cypher/spec-suite-tools/src/test/java/cypher/SpecSuiteResources.java,14,0,0,3,161,197,Bag
415c5a0af6f6e9d16725ee294402397500f3aacd,enterprise/causal-clustering/src/main/java/org/neo4j/causalclustering/core/consensus/log/segmented/RecoveryProtocol.java,12,0,0,0,155,210,NoBug
415c5a0af6f6e9d16725ee294402397500f3aacd,enterprise/causal-clustering/src/test/java/org/neo4j/causalclustering/core/consensus/log/segmented/RecoveryProtocolTest.java,6,0,0,12,194,294,NoBug
41924e12725ad28b0b894d433c7d5990f5b9f26f,community/dbms/src/test/java/org/neo4j/dbms/archive/ArchiveTest.java,8,0,0,7,141,188,Bag
41924e12725ad28b0b894d433c7d5990f5b9f26f,community/dbms/src/test/java/org/neo4j/dbms/archive/DumperTest.java,6,0,0,6,101,133,Bag
41924e12725ad28b0b894d433c7d5990f5b9f26f,community/dbms/src/main/java/org/neo4j/commandline/dbms/DumpCommand.java,11,0,0,8,155,195,Bag
41924e12725ad28b0b894d433c7d5990f5b9f26f,community/dbms/src/test/java/org/neo4j/commandline/dbms/DumpCommandTest.java,10,0,0,17,258,315,Bag
41924e12725ad28b0b894d433c7d5990f5b9f26f,community/common/src/main/java/org/neo4j/function/ThrowingAction.java,1,0,2,0,5,34,Bag
41924e12725ad28b0b894d433c7d5990f5b9f26f,community/dbms/src/main/java/org/neo4j/dbms/archive/Dumper.java,4,0,0,2,77,112,Bag
41f195edd39d03ebe0064a8daa3506631894681b,community/kernel/src/test/java/org/neo4j/kernel/impl/transaction/log/entry/LogHeaderReaderTest.java,3,0,0,6,98,157,Bag
41f195edd39d03ebe0064a8daa3506631894681b,community/kernel/src/test/java/org/neo4j/kernel/impl/transaction/log/InMemoryLogChannel.java,3,0,0,30,170,224,Bag
41f195edd39d03ebe0064a8daa3506631894681b,community/kernel/src/main/java/org/neo4j/kernel/impl/util/IoPrimitiveUtils.java,20,0,0,18,225,270,Bag
4263fd5698c9e2d79652895105a3bfee3c71d105,integrationtests/src/test/java/org/neo4j/procedure/ProcedureIT.java,12,0,0,125,1137,1524,NoBug
430414797892c2c12c043179bd536d9b78cefefd,community/common/src/main/java/org/neo4j/kernel/api/exceptions/Status.java,9,0,4,31,465,645,Bag
430414797892c2c12c043179bd536d9b78cefefd,community/bolt/src/test/java/org/neo4j/bolt/v1/transport/integration/TransportSessionIT.java,3,0,0,14,267,366,Bag
430414797892c2c12c043179bd536d9b78cefefd,community/bolt/src/main/java/org/neo4j/bolt/v1/messaging/msgprocess/MessageProcessingCallback.java,5,0,1,6,90,129,Bag
435e87d04ec8909050260ed23b015f8e13f44cb1,community/import-tool/src/main/java/org/neo4j/tooling/ImportTool.java,59,0,3,8,820,973,Bag
435e87d04ec8909050260ed23b015f8e13f44cb1,community/kernel/src/main/java/org/neo4j/kernel/configuration/Config.java,9,0,33,5,370,608,Bag
435e87d04ec8909050260ed23b015f8e13f44cb1,community/import-tool/src/test/java/org/neo4j/tooling/ImportToolTest.java,95,0,0,57,1797,2282,Bag
435e87d04ec8909050260ed23b015f8e13f44cb1,community/kernel/src/test/java/org/neo4j/kernel/configuration/ConfigTest.java,1,0,0,13,214,298,Bag
442bd8a8fb16142fe62b2e76a0b95526c2342a8b,enterprise/core-edge/src/main/java/org/neo4j/coreedge/raft/replication/shipping/RaftLogShipper.java,35,0,1,8,340,474,Bag
442bd8a8fb16142fe62b2e76a0b95526c2342a8b,enterprise/core-edge/src/main/java/org/neo4j/coreedge/raft/RaftInstance.java,22,0,2,17,314,426,Bag
442bd8a8fb16142fe62b2e76a0b95526c2342a8b,enterprise/core-edge/src/main/java/org/neo4j/coreedge/raft/replication/shipping/RaftLogShippingManager.java,12,0,0,8,127,172,Bag
442bd8a8fb16142fe62b2e76a0b95526c2342a8b,enterprise/core-edge/src/main/java/org/neo4j/coreedge/server/core/EnterpriseCoreEditionModule.java,10,0,1,3,566,715,Bag
442bd8a8fb16142fe62b2e76a0b95526c2342a8b,enterprise/core-edge/src/test/java/org/neo4j/coreedge/raft/elections/Fixture.java,5,0,0,2,81,116,Bag
44e70c591697ce352baffe87c67213b740a2aed3,community/server/src/test/java/org/neo4j/server/configuration/ConfigLoaderTest.java,1,0,0,9,126,197,NoBug
44e70c591697ce352baffe87c67213b740a2aed3,community/server/src/main/java/org/neo4j/server/configuration/ConfigLoader.java,5,0,0,6,86,127,NoBug
45212810fc846a645ae6e869155a7aa27221739f,community/kernel/src/test/java/org/neo4j/graphdb/IndexingAcceptanceTest.java,3,0,1,10,248,349,Bag
453d1573d53c6e7fc4c7d4d9104faa93d33d3b0e,integrationtests/src/test/java/org/neo4j/procedure/ProcedureIT.java,8,0,0,64,596,800,Bag
463c1020e25304b18f99c1246be56f5eb24989fe,community/kernel/src/test/java/org/neo4j/kernel/lifecycle/GitHub1304Test.java,2,0,0,2,24,52,NoBug
463c1020e25304b18f99c1246be56f5eb24989fe,community/kernel/src/main/java/org/neo4j/unsafe/batchinsert/BatchInserterImpl.java,83,0,1,26,855,1035,NoBug
466446d07d56d6559765bffda49071e59cc1aec1,community/kernel/src/main/java/org/neo4j/kernel/impl/api/LockingStatementOperations.java,3,0,1,38,314,404,NoBug
470fac32e68ed79318ddfe1e711d6880359bc06d,community/graph-algo/src/test/java/org/neo4j/graphalgo/path/DijkstraTest.java,16,0,0,15,369,545,Bag
470fac32e68ed79318ddfe1e711d6880359bc06d,community/graph-algo/src/main/java/org/neo4j/graphalgo/impl/path/AStar.java,15,0,0,6,250,308,Bag
470fac32e68ed79318ddfe1e711d6880359bc06d,community/graph-algo/src/test/java/org/neo4j/graphalgo/path/TestAStar.java,10,0,3,6,252,373,Bag
476df94b8d5c18102c358ad2315848270b5afe19,community/lucene-index/src/main/java/org/neo4j/kernel/api/impl/schema/writer/PartitionedIndexWriter.java,5,0,1,6,77,119,Bag
476df94b8d5c18102c358ad2315848270b5afe19,community/lucene-index/src/test/java/org/neo4j/kernel/api/impl/schema/LuceneSchemaIndexIT.java,9,0,0,8,217,282,Bag
487797718bec5830bed5fcc69a6cc26c44ea9cbd,enterprise/causal-clustering/src/main/java/org/neo4j/causalclustering/core/state/snapshot/CoreStateDownloader.java,8,0,0,3,101,148,Bag
49087ca508ea73bbc97013e4a285e04809138a6d,community/kernel/src/main/java/org/neo4j/kernel/logging/LogbackService.java,9,0,1,5,218,286,Bag
49087ca508ea73bbc97013e4a285e04809138a6d,packaging/neo4j-desktop/src/main/java/org/neo4j/desktop/runtime/DesktopConfigurator.java,2,0,0,11,74,114,Bag
4909a5a5aaf67ce15c93cd77a509b6b76ef8c6a8,community/lucene-index/src/test/java/org/neo4j/index/impl/lucene/legacy/IndexTypeTest.java,1,0,0,4,69,101,NoBug
4909a5a5aaf67ce15c93cd77a509b6b76ef8c6a8,community/lucene-index/src/main/java/org/neo4j/index/impl/lucene/legacy/IndexType.java,42,0,0,6,391,469,NoBug
491723dc8ecc83b0208371a245709c8a190008f6,enterprise/security/src/main/java/org/neo4j/server/security/enterprise/auth/FileUserRealm.java,13,0,1,1,194,270,NoBug
491723dc8ecc83b0208371a245709c8a190008f6,enterprise/security/src/test/java/org/neo4j/server/security/enterprise/auth/ShiroAuthManagerTest.java,7,0,0,23,308,466,NoBug
493abae75282805ac3edfff90a4a37e80f333e83,community/kernel/src/main/java/org/neo4j/graphdb/factory/GraphDatabaseSettings.java,11,0,1,0,298,425,Bag
493abae75282805ac3edfff90a4a37e80f333e83,community/cypher/cypher/src/test/java/org/neo4j/cypher/QueryInvalidationIT.java,5,0,0,2,89,136,Bag
4a4bc99eef885ecb4dd05d675666d37815410116,enterprise/ha/src/test/java/org/neo4j/kernel/ha/cluster/modeswitch/HighAvailabilityModeSwitcherTest.java,1,0,0,14,332,561,Bag
4a4bc99eef885ecb4dd05d675666d37815410116,enterprise/ha/src/main/java/org/neo4j/kernel/ha/cluster/HighAvailabilityMemberChangeEvent.java,1,0,1,6,41,74,Bag
4a4bc99eef885ecb4dd05d675666d37815410116,enterprise/ha/src/test/java/org/neo4j/kernel/ha/cluster/HighAvailabilityMemberStateMachineTest.java,4,0,0,12,593,783,Bag
4a4bc99eef885ecb4dd05d675666d37815410116,enterprise/ha/src/main/java/org/neo4j/kernel/ha/cluster/HighAvailabilityMemberStateMachine.java,21,0,1,7,261,336,Bag
4a4bc99eef885ecb4dd05d675666d37815410116,enterprise/ha/src/test/java/org/neo4j/kernel/ha/UpdatePullingTransactionObligationFulfillerTest.java,1,0,0,4,62,112,Bag
4a4bc99eef885ecb4dd05d675666d37815410116,enterprise/ha/src/main/java/org/neo4j/kernel/ha/cluster/modeswitch/HighAvailabilityModeSwitcher.java,26,0,1,12,326,495,Bag
4a4bc99eef885ecb4dd05d675666d37815410116,enterprise/ha/src/test/java/org/neo4j/kernel/ha/transaction/TransactionThroughMasterSwitchStressIT.java,7,0,1,1,124,206,Bag
4b36fc43018ac57cf566691f7d85457fb1c225f0,enterprise/causal-clustering/src/main/java/org/neo4j/causalclustering/core/state/snapshot/TopologyLookupException.java,1,0,0,4,18,43,NoBug
4b36fc43018ac57cf566691f7d85457fb1c225f0,enterprise/causal-clustering/src/main/java/org/neo4j/causalclustering/catchup/tx/CatchupPollingProcess.java,23,0,1,6,301,369,NoBug
4b36fc43018ac57cf566691f7d85457fb1c225f0,enterprise/causal-clustering/src/main/java/org/neo4j/causalclustering/readreplica/ReadReplicaStartupProcess.java,12,0,0,0,168,208,NoBug
4b399a7f3bac8a9dcb92bb05c38ae7d4e339a67e,community/kernel/src/main/java/org/neo4j/kernel/impl/api/scan/NativeLabelScanStoreExtension.java,1,0,0,9,44,74,Bag
4b399a7f3bac8a9dcb92bb05c38ae7d4e339a67e,enterprise/ha/src/test/java/org/neo4j/test/ha/ReadOnlySlaveTest.java,5,0,1,4,113,168,Bag
4b43d75466e1910cf1c1ddbf2c2a33412fc8ba2c,enterprise/metrics/src/test/java/org/neo4j/metrics/MetricsKernelExtensionFactoryIT.java,3,0,0,4,78,113,NoBug
4b43d75466e1910cf1c1ddbf2c2a33412fc8ba2c,enterprise/metrics/src/main/java/org/neo4j/metrics/MetricsSettings.java,1,0,1,1,93,133,NoBug
4b783033af1033767313a606fd21b7a127264309,enterprise/causal-clustering/src/main/java/org/neo4j/causalclustering/catchup/storecopy/FileSender.java,8,0,0,0,91,126,Bag
4b783033af1033767313a606fd21b7a127264309,enterprise/causal-clustering/src/main/java/org/neo4j/causalclustering/catchup/storecopy/FileChunk.java,7,0,0,8,90,127,Bag
4b783033af1033767313a606fd21b7a127264309,enterprise/causal-clustering/src/test/java/org/neo4j/causalclustering/catchup/storecopy/FileSenderTest.java,1,0,0,6,117,171,Bag
4befe29458cb112c787fc218f1473a3344a4fe0d,enterprise/core-edge/src/main/java/org/neo4j/coreedge/server/CoreEdgeClusterSettings.java,1,0,0,1,146,206,Bag
4befe29458cb112c787fc218f1473a3344a4fe0d,enterprise/core-edge/src/test/java/org/neo4j/coreedge/raft/RaftInstanceBuilder.java,1,0,0,13,116,157,Bag
4befe29458cb112c787fc218f1473a3344a4fe0d,enterprise/core-edge/src/main/java/org/neo4j/coreedge/server/core/EnterpriseCoreEditionModule.java,15,0,1,8,594,775,Bag
4befe29458cb112c787fc218f1473a3344a4fe0d,enterprise/core-edge/src/main/java/org/neo4j/coreedge/raft/RaftInstance.java,21,0,2,19,304,418,Bag
4bfc15fa4677c16ff97d1a070ea1be7d1661ecf2,enterprise/core-edge/src/main/java/org/neo4j/coreedge/raft/state/CoreState.java,16,0,2,9,217,306,Bag
4cc22155a5ccb1b181163b6e3dffa74af80c7ceb,community/cypher/cypher/src/main/java/org/neo4j/cypher/internal/codegen/CompiledMathHelper.java,97,0,2,6,284,357,NoBug
4d3b5cd40762b26828c47787e6547cc1ea90238b,community/kernel/src/main/java/org/neo4j/kernel/impl/api/OperationsFacade.java,21,0,13,133,1305,1537,NoBug
4d3b5cd40762b26828c47787e6547cc1ea90238b,community/kernel/src/main/java/org/neo4j/kernel/impl/api/store/StoreSingleNodeCursor.java,30,0,1,12,197,256,NoBug
4d3b5cd40762b26828c47787e6547cc1ea90238b,community/kernel/src/main/java/org/neo4j/kernel/impl/api/operations/EntityReadOperations.java,1,0,7,23,57,156,NoBug
4d3b5cd40762b26828c47787e6547cc1ea90238b,community/kernel/src/main/java/org/neo4j/kernel/api/StatementConstants.java,1,0,0,1,13,35,NoBug
4d3b5cd40762b26828c47787e6547cc1ea90238b,community/kernel/src/main/java/org/neo4j/kernel/api/ReadOperations.java,1,0,43,41,146,485,NoBug
4d3b5cd40762b26828c47787e6547cc1ea90238b,community/kernel/src/main/java/org/neo4j/kernel/impl/api/store/StoreStatement.java,6,0,1,14,206,256,NoBug
4d3b5cd40762b26828c47787e6547cc1ea90238b,community/kernel/src/main/java/org/neo4j/kernel/impl/api/GuardingStatementOperations.java,1,0,0,44,319,384,NoBug
4d3b5cd40762b26828c47787e6547cc1ea90238b,community/kernel/src/main/java/org/neo4j/storageengine/api/txstate/ReadableTransactionState.java,1,0,9,29,60,156,NoBug
4d3b5cd40762b26828c47787e6547cc1ea90238b,community/kernel/src/main/java/org/neo4j/kernel/impl/api/store/StorageLayer.java,27,0,1,66,618,727,NoBug
4d3b5cd40762b26828c47787e6547cc1ea90238b,community/kernel/src/test/java/org/neo4j/kernel/impl/api/store/StoreSingleNodeCursorTest.java,1,0,0,2,35,65,NoBug
4d3b5cd40762b26828c47787e6547cc1ea90238b,community/kernel/src/main/java/org/neo4j/storageengine/api/StoreReadLayer.java,1,0,41,25,109,404,NoBug
4d3b5cd40762b26828c47787e6547cc1ea90238b,community/kernel/src/main/java/org/neo4j/kernel/impl/api/ConstraintEnforcingEntityOperations.java,20,0,1,51,547,668,NoBug
4d3b5cd40762b26828c47787e6547cc1ea90238b,community/kernel/src/main/java/org/neo4j/storageengine/api/StorageStatement.java,1,0,12,2,29,164,NoBug
4d3b5cd40762b26828c47787e6547cc1ea90238b,community/kernel/src/test/java/org/neo4j/kernel/impl/api/store/StorageLayerRelTypesAndDegreeTest.java,37,0,0,9,531,654,NoBug
4d3b5cd40762b26828c47787e6547cc1ea90238b,community/kernel/src/main/java/org/neo4j/kernel/impl/api/StateHandlingStatementOperations.java,110,0,5,114,1455,1689,NoBug
4d3b5cd40762b26828c47787e6547cc1ea90238b,community/kernel/src/main/java/org/neo4j/kernel/impl/util/diffsets/SuperDiffSets.java,35,0,0,0,218,277,NoBug
4d3b5cd40762b26828c47787e6547cc1ea90238b,community/consistency-check/src/test/java/org/neo4j/consistency/checking/full/FullCheckIntegrationTest.java,26,0,0,73,1819,2402,NoBug
4d3b5cd40762b26828c47787e6547cc1ea90238b,community/kernel/src/test/java/org/neo4j/kernel/impl/transaction/state/NodeLabelsFieldTest.java,16,0,1,24,425,604,NoBug
4d9575d67b87b0835afc39fa62a8f5497caf378e,community/server/src/main/java/org/neo4j/server/rest/domain/PropertySettingStrategy.java,14,0,2,3,129,181,Bag
4d9575d67b87b0835afc39fa62a8f5497caf378e,community/server/src/main/java/org/neo4j/server/rest/web/DatabaseActions.java,71,0,9,64,1277,1482,Bag
4d9575d67b87b0835afc39fa62a8f5497caf378e,community/server/src/test/java/org/neo4j/server/rest/IndexNodeDocIT.java,3,0,16,13,651,888,Bag
4da64f94ad3e8a76057e6e112f217769b4383a18,community/server/src/main/java/org/neo4j/server/configuration/ConfigLoader.java,5,0,0,6,92,133,Bag
4da64f94ad3e8a76057e6e112f217769b4383a18,community/server/src/test/java/org/neo4j/server/configuration/ConfigLoaderTest.java,1,0,0,8,115,183,Bag
4dec8529ce337fadd79a0c459e6e5286e66637a4,enterprise/security/src/test/java/org/neo4j/server/security/enterprise/log/SecurityLogTest.java,1,0,0,2,52,85,Bag
4dec8529ce337fadd79a0c459e6e5286e66637a4,enterprise/security/src/main/java/org/neo4j/server/security/enterprise/configuration/SecuritySettings.java,1,0,1,0,173,253,Bag
4dec8529ce337fadd79a0c459e6e5286e66637a4,enterprise/security/src/main/java/org/neo4j/server/security/enterprise/log/SecurityLog.java,3,0,1,27,175,230,Bag
4dec8529ce337fadd79a0c459e6e5286e66637a4,enterprise/security/src/main/java/org/neo4j/server/security/enterprise/auth/EnterpriseSecurityModule.java,23,0,0,6,208,275,Bag
4dec8529ce337fadd79a0c459e6e5286e66637a4,enterprise/security/src/main/java/org/neo4j/server/security/enterprise/auth/plugin/PluginRealm.java,42,0,0,10,386,465,Bag
4e13feaa5058f4f1b623704bbde288b5850c1ec6,community/security/src/test/java/org/neo4j/commandline/admin/security/CreateCommandTest.java,2,0,0,5,54,106,NoBug
4e13feaa5058f4f1b623704bbde288b5850c1ec6,enterprise/security/src/main/java/org/neo4j/commandline/admin/security/RolesCommand.java,31,0,0,8,265,308,NoBug
4e13feaa5058f4f1b623704bbde288b5850c1ec6,enterprise/security/src/main/java/org/neo4j/server/security/enterprise/auth/EnterpriseAuthManagerFactory.java,21,0,1,4,163,228,NoBug
4e13feaa5058f4f1b623704bbde288b5850c1ec6,enterprise/security/src/test/java/org/neo4j/commandline/admin/security/RolesCommandIT.java,1,0,6,24,220,366,NoBug
4e13feaa5058f4f1b623704bbde288b5850c1ec6,community/security/src/test/java/org/neo4j/commandline/admin/security/UsersCommandIT.java,1,0,4,22,195,357,NoBug
4e13feaa5058f4f1b623704bbde288b5850c1ec6,community/security/src/test/java/org/neo4j/commandline/admin/security/CommandTestBase.java,4,0,0,0,105,145,NoBug
4e13feaa5058f4f1b623704bbde288b5850c1ec6,community/security/src/main/java/org/neo4j/server/security/auth/BasicAuthManager.java,11,0,1,14,147,205,NoBug
4e13feaa5058f4f1b623704bbde288b5850c1ec6,enterprise/security/src/main/java/org/neo4j/server/security/enterprise/auth/InternalFlatFileRealm.java,50,0,1,21,552,668,NoBug
4e13feaa5058f4f1b623704bbde288b5850c1ec6,community/security/src/test/java/org/neo4j/commandline/admin/security/ListCommandTest.java,3,0,0,5,66,106,NoBug
4e13feaa5058f4f1b623704bbde288b5850c1ec6,community/security/src/test/java/org/neo4j/commandline/admin/security/SetPasswordCommandTest.java,4,0,0,6,75,116,NoBug
4e13feaa5058f4f1b623704bbde288b5850c1ec6,community/security/src/main/java/org/neo4j/commandline/admin/security/UsersCommand.java,30,0,0,23,309,375,NoBug
4e13feaa5058f4f1b623704bbde288b5850c1ec6,community/security/src/test/java/org/neo4j/commandline/admin/security/UsersCommandTestBase.java,1,0,0,0,26,53,NoBug
4e13feaa5058f4f1b623704bbde288b5850c1ec6,enterprise/security/src/test/java/org/neo4j/commandline/admin/security/EnterpriseUsersCommandIT.java,1,0,0,3,49,88,NoBug
4e13feaa5058f4f1b623704bbde288b5850c1ec6,enterprise/security/src/test/java/org/neo4j/commandline/admin/security/RolesCommandTestBase.java,1,0,0,0,20,45,NoBug
4e13feaa5058f4f1b623704bbde288b5850c1ec6,community/security/src/test/java/org/neo4j/commandline/admin/security/DeleteCommandTest.java,3,0,0,4,50,90,NoBug
4e50ec022d826b946e6f700292eff3db8a8839e9,community/kernel/src/main/java/org/neo4j/kernel/builtinprocs/BuiltInProcedures.java,4,0,0,16,230,287,NoBug
4eb4b937b6d3f5bab20d8f8cada16e210a6d590c,community/csv/src/main/java/org/neo4j/csv/reader/BufferedCharSeeker.java,27,0,1,8,214,273,Bag
4eb4b937b6d3f5bab20d8f8cada16e210a6d590c,community/csv/src/test/java/org/neo4j/csv/reader/BufferedCharSeekerTest.java,25,0,0,20,375,515,Bag
4eb4b937b6d3f5bab20d8f8cada16e210a6d590c,community/csv/src/main/java/org/neo4j/csv/reader/Mark.java,3,0,1,5,57,100,Bag
4f021ca29bae1d5264461a88c40fae307328598f,community/kernel/src/main/java/org/neo4j/helpers/Args.java,59,0,6,24,392,519,Bag
4f021ca29bae1d5264461a88c40fae307328598f,community/kernel/src/main/java/org/neo4j/kernel/NeoStoreDataSource.java,14,0,2,29,665,798,Bag
4f021ca29bae1d5264461a88c40fae307328598f,community/shell/src/main/java/org/neo4j/shell/StartClient.java,43,0,2,0,392,508,Bag
4f021ca29bae1d5264461a88c40fae307328598f,community/kernel/src/main/java/org/neo4j/kernel/impl/store/NeoStore.java,50,0,18,39,698,945,Bag
4f021ca29bae1d5264461a88c40fae307328598f,enterprise/backup/src/main/java/org/neo4j/backup/RebuildFromLogs.java,13,0,0,0,190,227,Bag
4f021ca29bae1d5264461a88c40fae307328598f,enterprise/ha/src/test/java/org/neo4j/ha/StartInstanceInAnotherJvm.java,2,0,0,3,28,52,Bag
4f021ca29bae1d5264461a88c40fae307328598f,community/import-tool/src/main/java/org/neo4j/tooling/ImportTool.java,17,0,1,1,289,340,Bag
4f021ca29bae1d5264461a88c40fae307328598f,community/kernel/src/main/java/org/neo4j/kernel/impl/transaction/log/PhysicalLogFile.java,10,0,2,23,254,345,Bag
4f021ca29bae1d5264461a88c40fae307328598f,community/kernel/src/main/java/org/neo4j/kernel/impl/util/DumpLogicalLog.java,14,0,0,9,202,250,Bag
4f021ca29bae1d5264461a88c40fae307328598f,community/kernel/src/test/java/org/neo4j/qa/tooling/DumpProcessInformation.java,12,0,0,8,120,160,Bag
4f021ca29bae1d5264461a88c40fae307328598f,community/consistency-check/src/main/java/org/neo4j/consistency/ConsistencyCheckTool.java,12,0,0,2,160,199,Bag
4f021ca29bae1d5264461a88c40fae307328598f,enterprise/backup/src/main/java/org/neo4j/backup/BackupTool.java,31,0,0,2,339,409,Bag
4f021ca29bae1d5264461a88c40fae307328598f,community/import-tool/src/test/java/org/neo4j/tooling/CsvDataGenerator.java,21,0,1,6,207,253,Bag
4f021ca29bae1d5264461a88c40fae307328598f,enterprise/server-enterprise/src/main/java/org/neo4j/server/enterprise/StandaloneClusterClient.java,14,0,1,1,150,202,Bag
4f021ca29bae1d5264461a88c40fae307328598f,community/kernel/src/test/java/org/neo4j/helpers/TestArgs.java,3,0,0,13,167,236,Bag
4f021ca29bae1d5264461a88c40fae307328598f,community/consistency-check/src/test/java/org/neo4j/consistency/ConsistencyCheckToolTest.java,3,0,0,6,109,164,Bag
4f021ca29bae1d5264461a88c40fae307328598f,community/kernel/src/main/java/org/neo4j/kernel/impl/store/DumpStoreChain.java,22,0,0,2,246,293,Bag
4f021ca29bae1d5264461a88c40fae307328598f,community/kernel/src/main/java/org/neo4j/graphdb/factory/GraphDatabaseFactory.java,1,0,7,4,89,151,Bag
4f021ca29bae1d5264461a88c40fae307328598f,enterprise/ha/src/test/java/org/neo4j/ha/upgrade/LegacyDatabaseImpl.java,30,0,1,12,296,358,Bag
4f021ca29bae1d5264461a88c40fae307328598f,community/kernel/src/main/java/org/neo4j/kernel/impl/transaction/log/LogRecoveryCheck.java,1,0,0,3,15,40,Bag
4f04ee08438d4e1c99095d9d8a9f2ec223af89a9,community/kernel/src/main/java/org/neo4j/kernel/impl/coreapi/TxStateTransactionDataSnapshot.java,29,0,1,17,472,554,Bag
4f04ee08438d4e1c99095d9d8a9f2ec223af89a9,enterprise/ha/src/test/java/org/neo4j/kernel/ha/cluster/TerminationOfSlavesDuringPullUpdatesTest.java,18,0,0,4,403,491,NoBug
4f04ee08438d4e1c99095d9d8a9f2ec223af89a9,community/kernel/src/main/java/org/neo4j/kernel/impl/api/store/StoreIteratorRelationshipCursor.java,5,0,1,4,50,82,Bag
4f04ee08438d4e1c99095d9d8a9f2ec223af89a9,community/kernel/src/test/java/org/neo4j/kernel/impl/api/store/StoreSingleRelationshipCursorTest.java,2,0,0,5,87,123,Bag
4f04ee08438d4e1c99095d9d8a9f2ec223af89a9,community/kernel/src/main/java/org/neo4j/unsafe/batchinsert/internal/BatchRelationshipIterable.java,3,0,0,0,59,90,Bag
4f04ee08438d4e1c99095d9d8a9f2ec223af89a9,community/kernel/src/main/java/org/neo4j/kernel/impl/api/OperationsFacade.java,24,0,13,147,1383,1631,Bag
4f04ee08438d4e1c99095d9d8a9f2ec223af89a9,community/kernel/src/test/java/org/neo4j/kernel/impl/api/store/StorePropertyCursorTest.java,14,0,0,34,741,922,Bag
4f04ee08438d4e1c99095d9d8a9f2ec223af89a9,community/kernel/src/main/java/org/neo4j/kernel/impl/storemigration/participant/StoreMigrator.java,36,0,1,7,643,859,Bag
4f04ee08438d4e1c99095d9d8a9f2ec223af89a9,community/kernel/src/main/java/org/neo4j/kernel/impl/api/store/StoreNodeRelationshipCursor.java,27,0,1,5,239,304,Bag
4f04ee08438d4e1c99095d9d8a9f2ec223af89a9,community/kernel/src/test/java/org/neo4j/kernel/impl/api/store/StoreIteratorRelationshipCursorTest.java,1,0,0,3,137,177,Bag
4f04ee08438d4e1c99095d9d8a9f2ec223af89a9,community/kernel/src/test/java/org/neo4j/kernel/impl/api/state/IndexQueryTransactionStateTest.java,1,0,0,14,249,379,Bag
4f04ee08438d4e1c99095d9d8a9f2ec223af89a9,community/kernel/src/main/java/org/neo4j/kernel/impl/api/StateHandlingStatementOperations.java,84,0,5,120,1476,1720,Bag
4f04ee08438d4e1c99095d9d8a9f2ec223af89a9,community/kernel/src/main/java/org/neo4j/storageengine/api/StorageStatement.java,1,0,13,0,26,168,Bag
4f04ee08438d4e1c99095d9d8a9f2ec223af89a9,community/kernel/src/test/java/org/neo4j/kernel/impl/coreapi/TxStateTransactionDataViewTest.java,3,0,0,19,269,373,Bag
4f04ee08438d4e1c99095d9d8a9f2ec223af89a9,community/kernel/src/main/java/org/neo4j/kernel/impl/api/store/StoreAbstractNodeCursor.java,35,0,1,14,499,586,NoBug
4f04ee08438d4e1c99095d9d8a9f2ec223af89a9,enterprise/kernel/src/main/java/org/neo4j/kernel/impl/enterprise/PropertyExistenceEnforcer.java,16,0,0,0,174,221,Bag
4f04ee08438d4e1c99095d9d8a9f2ec223af89a9,community/kernel/src/main/java/org/neo4j/kernel/impl/api/store/StoreAbstractRelationshipCursor.java,5,0,1,9,119,164,Bag
4f04ee08438d4e1c99095d9d8a9f2ec223af89a9,community/kernel/src/main/java/org/neo4j/kernel/impl/api/store/StoreStatement.java,8,0,1,13,213,266,Bag
4f04ee08438d4e1c99095d9d8a9f2ec223af89a9,community/kernel/src/main/java/org/neo4j/kernel/impl/api/store/StoreSingleRelationshipCursor.java,2,0,1,4,46,77,Bag
4f04ee08438d4e1c99095d9d8a9f2ec223af89a9,community/kernel/src/test/java/org/neo4j/kernel/impl/api/store/DiskLayerLabelTest.java,1,0,2,3,71,123,NoBug
4f04ee08438d4e1c99095d9d8a9f2ec223af89a9,community/kernel/src/test/java/org/neo4j/kernel/impl/api/store/StoreSingleNodeCursorTest.java,39,0,0,10,553,682,Bag
4f04ee08438d4e1c99095d9d8a9f2ec223af89a9,community/kernel/src/test/java/org/neo4j/kernel/impl/api/state/SchemaTransactionStateTest.java,5,0,0,10,202,308,Bag
4f04ee08438d4e1c99095d9d8a9f2ec223af89a9,community/kernel/src/test/java/org/neo4j/kernel/impl/api/store/StoreNodeRelationshipCursorTest.java,12,0,0,8,219,276,Bag
4f04ee08438d4e1c99095d9d8a9f2ec223af89a9,community/kernel/src/test/java/org/neo4j/kernel/impl/api/state/StateHandlingStatementOperationsTest.java,2,0,0,16,442,585,Bag
4f04ee08438d4e1c99095d9d8a9f2ec223af89a9,community/kernel/src/test/java/org/neo4j/kernel/impl/api/state/LabelTransactionStateTest.java,8,0,0,18,254,392,Bag
4f04ee08438d4e1c99095d9d8a9f2ec223af89a9,community/kernel/src/main/java/org/neo4j/kernel/impl/api/store/StoreSingleNodeCursor.java,2,0,1,4,51,83,Bag
4f04ee08438d4e1c99095d9d8a9f2ec223af89a9,community/kernel/src/test/java/org/neo4j/kernel/impl/api/store/DiskLayerNodeAndRelTest.java,1,0,1,2,71,111,NoBug
4f04ee08438d4e1c99095d9d8a9f2ec223af89a9,community/kernel/src/main/java/org/neo4j/kernel/impl/api/store/StoreSinglePropertyCursor.java,4,0,1,3,43,73,Bag
4f04ee08438d4e1c99095d9d8a9f2ec223af89a9,community/kernel/src/main/java/org/neo4j/kernel/impl/api/KernelStatement.java,8,0,2,16,190,264,Bag
4f04ee08438d4e1c99095d9d8a9f2ec223af89a9,community/kernel/src/test/java/org/neo4j/kernel/impl/store/NeoStoresTest.java,68,0,0,20,1278,1463,Bag
4f04ee08438d4e1c99095d9d8a9f2ec223af89a9,community/kernel/src/main/java/org/neo4j/kernel/api/AssertOpen.java,1,0,2,0,7,39,NoBug
4f04ee08438d4e1c99095d9d8a9f2ec223af89a9,community/kernel/src/main/java/org/neo4j/kernel/api/txstate/TransactionCountingStateVisitor.java,18,0,0,7,172,214,Bag
4f04ee08438d4e1c99095d9d8a9f2ec223af89a9,community/kernel/src/test/java/org/neo4j/kernel/impl/api/state/StateOperationsAutoIndexingTest.java,1,0,0,10,141,225,Bag
4f04ee08438d4e1c99095d9d8a9f2ec223af89a9,community/kernel/src/main/java/org/neo4j/kernel/internal/TransactionEventHandlers.java,11,0,1,18,244,312,Bag
4f04ee08438d4e1c99095d9d8a9f2ec223af89a9,community/kernel/src/test/java/org/neo4j/kernel/impl/api/store/DiskLayerPropertyTest.java,13,0,1,5,160,220,NoBug
4f04ee08438d4e1c99095d9d8a9f2ec223af89a9,community/kernel/src/main/java/org/neo4j/kernel/impl/api/store/StorePropertyCursor.java,6,0,1,7,87,130,Bag
4f04ee08438d4e1c99095d9d8a9f2ec223af89a9,community/kernel/src/main/java/org/neo4j/kernel/impl/api/store/StoreIteratorNodeCursor.java,5,0,1,4,53,87,NoBug
4fa9b15c8e80efd5b4e330a3f93a5cb496317969,community/consistency-check/src/test/java/org/neo4j/consistency/checking/cache/DefaultClientTest.java,1,0,0,4,41,79,NoBug
4fa9b15c8e80efd5b4e330a3f93a5cb496317969,community/consistency-check/src/main/java/org/neo4j/consistency/checking/cache/DefaultCacheAccess.java,7,0,1,7,155,206,NoBug
504839ce8255a7a8cabbf72c39568cde06df0750,enterprise/causal-clustering/src/main/java/org/neo4j/causalclustering/catchup/storecopy/StoreFiles.java,3,0,0,3,29,61,NoBug
507796b06dc34cc294b92b9d5a4115a8c3bfa65d,community/kernel/src/main/java/org/neo4j/kernel/api/proc/Neo4jTypes.java,4,0,1,27,129,178,Bag
507796b06dc34cc294b92b9d5a4115a8c3bfa65d,community/cypher/cypher/src/test/java/org/neo4j/cypher/GraphDatabaseServiceExecuteTest.java,1,0,0,6,83,141,Bag
507796b06dc34cc294b92b9d5a4115a8c3bfa65d,community/kernel/src/main/java/org/neo4j/kernel/impl/factory/DataSourceModule.java,4,0,1,1,316,430,Bag
519368d3751bcc0c0e0662ac2e071a2f8c167480,community/server/src/main/java/org/neo4j/server/AbstractNeoServer.java,33,0,1,12,460,603,NoBug
519368d3751bcc0c0e0662ac2e071a2f8c167480,community/server/src/test/java/org/neo4j/server/security/KeyStoreFactoryTest.java,1,0,0,4,57,106,NoBug
519368d3751bcc0c0e0662ac2e071a2f8c167480,community/server/src/main/java/org/neo4j/server/security/KeyStoreFactory.java,7,0,0,3,95,132,NoBug
51a8b8b5fe4f5a532513a5b11dca330b630108d3,enterprise/core-edge/src/main/java/org/neo4j/coreedge/raft/log/PhysicalRaftLog.java,24,0,2,16,351,481,NoBug
51a8b8b5fe4f5a532513a5b11dca330b630108d3,enterprise/core-edge/src/test/java/org/neo4j/coreedge/raft/log/VerifyingRaftLog.java,5,0,0,0,114,162,NoBug
51a8b8b5fe4f5a532513a5b11dca330b630108d3,enterprise/core-edge/src/main/java/org/neo4j/coreedge/raft/log/NaiveDurableRaftLog.java,21,0,1,10,343,452,NoBug
51a8b8b5fe4f5a532513a5b11dca330b630108d3,enterprise/core-edge/src/test/java/org/neo4j/coreedge/raft/state/CoreStateTest.java,2,0,1,4,112,172,NoBug
51a8b8b5fe4f5a532513a5b11dca330b630108d3,enterprise/core-edge/src/main/java/org/neo4j/coreedge/raft/log/RaftLogCursor.java,1,0,0,4,30,57,NoBug
51a8b8b5fe4f5a532513a5b11dca330b630108d3,enterprise/core-edge/src/main/java/org/neo4j/coreedge/raft/log/InMemoryRaftLog.java,22,0,0,11,181,228,NoBug
51a8b8b5fe4f5a532513a5b11dca330b630108d3,enterprise/core-edge/src/main/java/org/neo4j/coreedge/raft/state/CoreState.java,16,0,2,9,217,306,NoBug
524187c7c736da98dcd99a069cc76f02927b6774,community/kernel/src/main/java/org/neo4j/kernel/impl/nioneo/store/labels/DynamicNodeLabels.java,12,0,0,12,151,193,NoBug
524187c7c736da98dcd99a069cc76f02927b6774,community/kernel/src/main/java/org/neo4j/unsafe/batchinsert/BatchInserterImpl.java,60,0,1,27,968,1115,NoBug
524187c7c736da98dcd99a069cc76f02927b6774,community/kernel/src/test/java/org/neo4j/unsafe/batchinsert/TestBatchInsert.java,61,0,0,48,1259,1601,NoBug
524187c7c736da98dcd99a069cc76f02927b6774,community/kernel/src/main/java/org/neo4j/kernel/impl/nioneo/store/labels/InlineNodeLabels.java,9,0,0,11,128,172,NoBug
526a733efa1e55877eeb9e1513dea1560b8fd87a,community/kernel/src/test/java/org/neo4j/kernel/impl/transaction/log/entry/LogHeaderReaderTest.java,4,0,0,7,113,183,NoBug
526a733efa1e55877eeb9e1513dea1560b8fd87a,community/kernel/src/main/java/org/neo4j/kernel/impl/util/IoPrimitiveUtils.java,20,0,0,18,225,270,NoBug
526a733efa1e55877eeb9e1513dea1560b8fd87a,community/kernel/src/test/java/org/neo4j/kernel/impl/transaction/log/InMemoryLogChannel.java,3,0,0,32,180,236,NoBug
52abb7d8bb68818a8f385d2c8787f55dbabf485c,community/server/src/test/java/org/neo4j/server/rest/transactional/ConcurrentTransactionAccessTest.java,2,0,0,2,76,113,Bag
52abb7d8bb68818a8f385d2c8787f55dbabf485c,community/server/src/main/java/org/neo4j/server/rest/web/TransactionalService.java,6,0,1,10,205,252,Bag
52abb7d8bb68818a8f385d2c8787f55dbabf485c,community/server/src/test/java/org/neo4j/server/rest/repr/XForwardFilterIT.java,1,0,0,8,89,144,Bag
52abb7d8bb68818a8f385d2c8787f55dbabf485c,community/server/src/main/java/org/neo4j/server/rest/transactional/TransactionFacade.java,2,0,1,5,46,94,Bag
52abb7d8bb68818a8f385d2c8787f55dbabf485c,community/server/src/main/java/org/neo4j/server/web/JaxRsServletHolderFactory.java,6,0,1,5,91,131,Bag
52abb7d8bb68818a8f385d2c8787f55dbabf485c,community/server/src/main/java/org/neo4j/server/AbstractNeoServer.java,32,0,1,13,610,797,Bag
52b6eaa59b49e1b38ad64733e1ab8d5226de7999,community/kernel/src/test/java/org/neo4j/kernel/RecoveryIT.java,2,0,0,3,106,150,NoBug
52b6eaa59b49e1b38ad64733e1ab8d5226de7999,community/kernel/src/main/java/org/neo4j/kernel/NeoStoreDataSource.java,22,0,2,27,1055,1331,Bag
52be03d5aef3e190f17e4743afa0d5975f20b2f5,community/kernel/src/main/java/org/neo4j/kernel/NeoStoreDataSource.java,22,0,2,27,1055,1329,Bag
52be03d5aef3e190f17e4743afa0d5975f20b2f5,community/kernel/src/test/java/org/neo4j/kernel/RecoveryIT.java,1,0,0,2,83,123,Bag
52be03d5aef3e190f17e4743afa0d5975f20b2f5,community/lucene-index/src/test/java/org/neo4j/index/impl/lucene/LuceneRecoveryIT.java,9,0,0,2,90,122,NoBug
52be03d5aef3e190f17e4743afa0d5975f20b2f5,community/kernel/src/main/java/org/neo4j/kernel/impl/api/TransactionApplicationMode.java,1,0,0,4,41,86,NoBug
52be03d5aef3e190f17e4743afa0d5975f20b2f5,community/kernel/src/test/java/org/neo4j/kernel/RecoveryIT.java,1,0,0,2,83,123,Bag
52ca9cab87e54b5963ba1562cd544a1b3d9758bf,community/kernel/src/main/java/org/neo4j/kernel/impl/util/Bits.java,21,0,6,37,310,418,Bag
52ca9cab87e54b5963ba1562cd544a1b3d9758bf,community/kernel/src/test/java/org/neo4j/kernel/impl/util/TestBits.java,8,0,0,5,70,101,Bag
530cd9dd6f2874f7121a6905d6d7ad1a6b42f376,community/kernel/src/test/java/org/neo4j/kernel/api/TransactionStatementSharingTest.java,1,0,0,9,82,153,Bag
530cd9dd6f2874f7121a6905d6d7ad1a6b42f376,community/kernel/src/main/java/org/neo4j/kernel/impl/api/KernelTransactions.java,7,0,5,8,237,343,Bag
530cd9dd6f2874f7121a6905d6d7ad1a6b42f376,enterprise/kernel/src/main/java/org/neo4j/kernel/impl/enterprise/PropertyExistenceEnforcer.java,31,0,0,0,308,388,Bag
530cd9dd6f2874f7121a6905d6d7ad1a6b42f376,community/cypher/cypher/src/main/java/org/neo4j/cypher/internal/codegen/CompiledExpandUtils.java,10,0,0,3,111,149,Bag
530cd9dd6f2874f7121a6905d6d7ad1a6b42f376,community/kernel/src/main/java/org/neo4j/kernel/impl/api/KernelStatementImplementation.java,9,0,1,25,230,308,Bag
530cd9dd6f2874f7121a6905d6d7ad1a6b42f376,community/kernel/src/test/java/org/neo4j/kernel/impl/api/StatementOperationsTestHelper.java,2,0,0,4,76,103,Bag
530cd9dd6f2874f7121a6905d6d7ad1a6b42f376,community/kernel/src/test/java/org/neo4j/kernel/impl/api/state/SchemaTransactionStateTest.java,4,0,0,10,203,307,Bag
530cd9dd6f2874f7121a6905d6d7ad1a6b42f376,community/kernel/src/main/java/org/neo4j/storageengine/api/StorageStatement.java,1,0,12,4,31,164,Bag
530cd9dd6f2874f7121a6905d6d7ad1a6b42f376,community/kernel/src/main/java/org/neo4j/kernel/impl/util/InstanceCache.java,4,0,1,4,48,85,Bag
530cd9dd6f2874f7121a6905d6d7ad1a6b42f376,community/kernel/src/main/java/org/neo4j/kernel/api/txstate/TransactionCountingStateVisitor.java,6,0,0,7,118,167,Bag
530cd9dd6f2874f7121a6905d6d7ad1a6b42f376,community/kernel/src/main/java/org/neo4j/kernel/NeoStoreDataSource.java,16,0,4,16,765,960,Bag
530cd9dd6f2874f7121a6905d6d7ad1a6b42f376,community/kernel/src/test/java/org/neo4j/kernel/impl/api/store/StorageLayerLabelTest.java,1,0,2,3,65,116,Bag
530cd9dd6f2874f7121a6905d6d7ad1a6b42f376,community/kernel/src/main/java/org/neo4j/kernel/impl/api/store/StoreStatement.java,6,0,1,16,233,285,Bag
530cd9dd6f2874f7121a6905d6d7ad1a6b42f376,community/kernel/src/main/java/org/neo4j/storageengine/api/StorageCommand.java,1,0,2,0,9,46,Bag
530cd9dd6f2874f7121a6905d6d7ad1a6b42f376,enterprise/causal-clustering/src/main/java/org/neo4j/causalclustering/core/EnterpriseCoreEditionModule.java,7,0,1,4,292,376,Bag
530cd9dd6f2874f7121a6905d6d7ad1a6b42f376,community/kernel/src/main/java/org/neo4j/storageengine/api/StorageEngine.java,1,0,11,1,32,137,Bag
530cd9dd6f2874f7121a6905d6d7ad1a6b42f376,community/kernel/src/main/java/org/neo4j/kernel/impl/core/NodeProxy.java,63,0,0,44,642,773,Bag
530cd9dd6f2874f7121a6905d6d7ad1a6b42f376,community/kernel/src/test/java/org/neo4j/kernel/impl/api/store/StorageLayerPropertyTest.java,13,0,1,5,165,225,Bag
530cd9dd6f2874f7121a6905d6d7ad1a6b42f376,community/kernel/src/main/java/org/neo4j/kernel/api/TransactionHook.java,1,0,1,6,16,42,Bag
530cd9dd6f2874f7121a6905d6d7ad1a6b42f376,community/kernel/src/main/java/org/neo4j/kernel/impl/api/TransactionHooks.java,9,0,0,11,88,122,Bag
530cd9dd6f2874f7121a6905d6d7ad1a6b42f376,community/kernel/src/test/java/org/neo4j/kernel/impl/api/state/StateOperationsAutoIndexingTest.java,1,0,0,10,163,246,Bag
530cd9dd6f2874f7121a6905d6d7ad1a6b42f376,community/kernel/src/test/java/org/neo4j/kernel/impl/api/state/LabelTransactionStateTest.java,4,0,0,18,239,381,Bag
530cd9dd6f2874f7121a6905d6d7ad1a6b42f376,community/kernel/src/test/java/org/neo4j/kernel/impl/api/KernelTransactionImplementationTest.java,13,0,0,39,558,739,Bag
530cd9dd6f2874f7121a6905d6d7ad1a6b42f376,community/kernel/src/main/java/org/neo4j/kernel/impl/api/store/RelationshipIterator.java,1,0,1,4,29,58,Bag
530cd9dd6f2874f7121a6905d6d7ad1a6b42f376,community/kernel/src/test/java/org/neo4j/kernel/impl/api/store/StoreIteratorRelationshipCursorTest.java,1,0,0,4,68,104,Bag
530cd9dd6f2874f7121a6905d6d7ad1a6b42f376,community/kernel/src/test/java/org/neo4j/kernel/impl/api/state/IndexQueryTransactionStateTest.java,1,0,0,14,239,370,Bag
530cd9dd6f2874f7121a6905d6d7ad1a6b42f376,community/kernel/src/test/java/org/neo4j/test/rule/NeoStoreDataSourceRule.java,5,0,0,7,169,203,Bag
530cd9dd6f2874f7121a6905d6d7ad1a6b42f376,community/kernel/src/main/java/org/neo4j/kernel/impl/api/store/StoreSingleRelationshipCursor.java,7,0,1,2,63,97,Bag
530cd9dd6f2874f7121a6905d6d7ad1a6b42f376,community/kernel/src/test/java/org/neo4j/kernel/impl/api/store/StoreSingleRelationshipCursorTest.java,2,0,0,5,87,123,Bag
530cd9dd6f2874f7121a6905d6d7ad1a6b42f376,community/kernel/src/test/java/org/neo4j/kernel/impl/coreapi/TxStateTransactionDataViewTest.java,3,0,0,19,300,406,Bag
530cd9dd6f2874f7121a6905d6d7ad1a6b42f376,community/kernel/src/main/java/org/neo4j/kernel/impl/api/store/StorageLayer.java,30,0,1,69,629,738,Bag
530cd9dd6f2874f7121a6905d6d7ad1a6b42f376,community/kernel/src/main/java/org/neo4j/kernel/impl/coreapi/TxStateTransactionDataSnapshot.java,27,0,1,17,461,550,Bag
530cd9dd6f2874f7121a6905d6d7ad1a6b42f376,community/kernel/src/main/java/org/neo4j/kernel/impl/api/state/RelationshipChangesForNode.java,79,0,2,12,418,515,Bag
530cd9dd6f2874f7121a6905d6d7ad1a6b42f376,community/kernel/src/main/java/org/neo4j/kernel/impl/api/KernelTransactionImplementation.java,44,0,4,25,683,867,Bag
530cd9dd6f2874f7121a6905d6d7ad1a6b42f376,community/kernel/src/main/java/org/neo4j/kernel/impl/api/StateHandlingStatementOperations.java,67,0,5,116,1357,1586,Bag
530cd9dd6f2874f7121a6905d6d7ad1a6b42f376,community/kernel/src/test/java/org/neo4j/kernel/impl/api/store/StorageLayerTest.java,2,0,1,2,96,132,Bag
530cd9dd6f2874f7121a6905d6d7ad1a6b42f376,community/kernel/src/main/java/org/neo4j/kernel/impl/api/store/AllRelationshipIterator.java,3,0,0,2,43,69,Bag
530cd9dd6f2874f7121a6905d6d7ad1a6b42f376,community/kernel/src/test/java/org/neo4j/kernel/impl/api/store/StorageLayerNodeAndRelTest.java,1,0,1,2,73,113,Bag
530cd9dd6f2874f7121a6905d6d7ad1a6b42f376,enterprise/ha/src/main/java/org/neo4j/kernel/ha/factory/HighlyAvailableEditionModule.java,23,0,1,3,704,920,Bag
530cd9dd6f2874f7121a6905d6d7ad1a6b42f376,community/kernel/src/main/java/org/neo4j/kernel/internal/TransactionEventHandlers.java,11,0,1,18,244,312,Bag
530cd9dd6f2874f7121a6905d6d7ad1a6b42f376,community/kernel/src/test/java/org/neo4j/kernel/impl/transaction/command/IndexWorkSyncTransactionApplicationStressIT.java,7,0,0,2,191,245,Bag
530cd9dd6f2874f7121a6905d6d7ad1a6b42f376,community/kernel/src/main/java/org/neo4j/kernel/impl/api/store/CursorRelationshipIterator.java,6,0,1,5,80,115,Bag
530cd9dd6f2874f7121a6905d6d7ad1a6b42f376,community/kernel/src/test/java/org/neo4j/kernel/impl/api/state/StateHandlingStatementOperationsTest.java,1,0,0,18,461,626,Bag
530cd9dd6f2874f7121a6905d6d7ad1a6b42f376,community/kernel/src/test/java/org/neo4j/kernel/impl/api/KernelStatementTest.java,1,0,0,4,54,89,Bag
530cd9dd6f2874f7121a6905d6d7ad1a6b42f376,community/kernel/src/test/java/org/neo4j/test/rule/RecordStorageEngineRule.java,3,0,2,8,180,231,Bag
530cd9dd6f2874f7121a6905d6d7ad1a6b42f376,community/kernel/src/test/java/org/neo4j/kernel/impl/api/store/StoreStatementTest.java,1,0,0,2,31,67,Bag
530cd9dd6f2874f7121a6905d6d7ad1a6b42f376,enterprise/causal-clustering/src/test/java/org/neo4j/causalclustering/core/state/machines/token/ReplicatedTokenHolderTest.java,1,0,0,4,81,149,Bag
530cd9dd6f2874f7121a6905d6d7ad1a6b42f376,community/kernel/src/test/java/org/neo4j/kernel/impl/api/StatementLifecycleTest.java,1,0,0,3,42,78,Bag
530cd9dd6f2874f7121a6905d6d7ad1a6b42f376,community/kernel/src/test/java/org/neo4j/kernel/impl/api/KernelTransactionsTest.java,7,0,0,18,458,637,Bag
530cd9dd6f2874f7121a6905d6d7ad1a6b42f376,community/kernel/src/main/java/org/neo4j/kernel/impl/factory/EditionModule.java,5,0,1,1,173,236,Bag
530cd9dd6f2874f7121a6905d6d7ad1a6b42f376,community/kernel/src/main/java/org/neo4j/kernel/impl/storageengine/impl/recordstorage/StorageStatementFactory.java,1,0,0,2,13,36,Bag
530cd9dd6f2874f7121a6905d6d7ad1a6b42f376,community/kernel/src/test/java/org/neo4j/kernel/impl/api/integrationtest/TransactionHookIT.java,2,0,0,3,71,107,Bag
530cd9dd6f2874f7121a6905d6d7ad1a6b42f376,community/kernel/src/main/java/org/neo4j/kernel/impl/core/RelationshipConversion.java,2,0,0,7,50,79,Bag
530cd9dd6f2874f7121a6905d6d7ad1a6b42f376,community/kernel/src/test/java/org/neo4j/kernel/impl/api/store/StorageLayerRelTypesAndDegreeTest.java,37,0,0,9,529,653,Bag
530cd9dd6f2874f7121a6905d6d7ad1a6b42f376,community/kernel/src/main/java/org/neo4j/kernel/impl/factory/CommunityEditionModule.java,11,0,1,4,238,312,Bag
530cd9dd6f2874f7121a6905d6d7ad1a6b42f376,enterprise/causal-clustering/src/main/java/org/neo4j/causalclustering/readreplica/EnterpriseReadReplicaEditionModule.java,3,0,1,2,289,381,Bag
530cd9dd6f2874f7121a6905d6d7ad1a6b42f376,community/kernel/src/test/java/org/neo4j/kernel/impl/core/NodeProxySingleRelationshipTest.java,3,0,1,3,78,161,Bag
530cd9dd6f2874f7121a6905d6d7ad1a6b42f376,community/kernel/src/main/java/org/neo4j/kernel/impl/api/store/StoreIteratorRelationshipCursor.java,4,0,1,2,50,82,Bag
530cd9dd6f2874f7121a6905d6d7ad1a6b42f376,community/kernel/src/test/java/org/neo4j/kernel/impl/store/NeoStoresTest.java,72,0,0,20,1327,1515,Bag
530cd9dd6f2874f7121a6905d6d7ad1a6b42f376,community/kernel/src/main/java/org/neo4j/storageengine/api/StoreReadLayer.java,1,0,40,29,111,402,Bag
530cd9dd6f2874f7121a6905d6d7ad1a6b42f376,community/kernel/src/main/java/org/neo4j/kernel/impl/factory/DataSourceModule.java,3,0,1,1,317,431,Bag
530cd9dd6f2874f7121a6905d6d7ad1a6b42f376,community/kernel/src/main/java/org/neo4j/kernel/impl/storageengine/impl/recordstorage/RecordStorageEngine.java,14,0,1,18,462,554,Bag
530cd9dd6f2874f7121a6905d6d7ad1a6b42f376,enterprise/causal-clustering/src/main/java/org/neo4j/causalclustering/core/state/machines/token/ReplicatedTokenHolder.java,7,0,0,0,134,173,Bag
530cd9dd6f2874f7121a6905d6d7ad1a6b42f376,community/kernel/src/test/java/org/neo4j/kernel/api/KernelTransactionFactory.java,1,0,0,3,79,112,Bag
530cd9dd6f2874f7121a6905d6d7ad1a6b42f376,community/kernel/src/main/java/org/neo4j/kernel/impl/api/KernelStatement.java,1,0,0,12,23,55,Bag
530cd9dd6f2874f7121a6905d6d7ad1a6b42f376,community/kernel/src/test/java/org/neo4j/kernel/impl/api/KernelTransactionTestBase.java,1,0,0,11,127,163,Bag
530cd9dd6f2874f7121a6905d6d7ad1a6b42f376,community/kernel/src/test/java/org/neo4j/kernel/impl/api/LockingStatementOperationsTest.java,1,0,0,28,370,556,Bag
530cd9dd6f2874f7121a6905d6d7ad1a6b42f376,enterprise/kernel/src/test/java/org/neo4j/kernel/impl/api/store/StoreParallelNodeScanIntegrationTest.java,10,0,0,3,171,226,Bag
5350ef689b9f62b55098efc6c7f169401094f44a,community/cypher/src/test/java/org/neo4j/cypher/javacompat/JavaCompatibilityTest.java,1,0,0,3,34,43,NoBug
5350ef689b9f62b55098efc6c7f169401094f44a,python-embedded/src/main/java/org/neo4j/cypher/pycompat/ScalaToPythonWrapper.java,3,0,1,2,22,50,NoBug
53a98b0736387e9e71640b7ae062697ceee7d966,community/kernel/src/test/java/org/neo4j/kernel/impl/nioneo/xa/WriteTransactionTest.java,10,0,1,17,525,700,NoBug
53a98b0736387e9e71640b7ae062697ceee7d966,community/kernel/src/test/java/org/neo4j/test/ProcessUtil.java,2,0,0,3,86,115,NoBug
53a98b0736387e9e71640b7ae062697ceee7d966,community/kernel/src/test/java/org/neo4j/test/ProcessStreamHandler.java,4,0,4,4,77,132,NoBug
53a98b0736387e9e71640b7ae062697ceee7d966,community/kernel/src/main/java/org/neo4j/helpers/FutureAdapter.java,5,0,0,11,122,159,NoBug
53a98b0736387e9e71640b7ae062697ceee7d966,community/kernel/src/test/java/org/neo4j/test/AllItemsMatcher.java,1,0,0,7,38,67,NoBug
53a98b0736387e9e71640b7ae062697ceee7d966,community/kernel/src/main/java/org/neo4j/kernel/impl/nioneo/xa/WriteTransaction.java,213,0,1,45,1865,2120,NoBug
53a98b0736387e9e71640b7ae062697ceee7d966,community/kernel/src/main/java/org/neo4j/kernel/impl/nioneo/xa/Command.java,126,0,3,6,1071,1305,NoBug
53fb160b3a44f47e9a618b5c350f4fb4c3e808ae,community/bolt/src/test/java/org/neo4j/bolt/v1/transport/integration/TransportSessionIT.java,3,0,0,12,217,304,NoBug
53fb160b3a44f47e9a618b5c350f4fb4c3e808ae,community/bolt/src/main/java/org/neo4j/bolt/v1/runtime/internal/CypherAdapterStream.java,14,0,0,5,158,213,NoBug
54566ea255bb6588d25b804afd898b1650db4154,community/shell/src/test/java/org/neo4j/shell/TestApps.java,13,0,1,80,1001,1251,NoBug
54566ea255bb6588d25b804afd898b1650db4154,community/shell/src/main/java/org/neo4j/shell/kernel/apps/cypher/Call.java,1,0,0,1,7,29,NoBug
545b32b7a2a525b77854e0f2772ec9bdbdc8c101,community/kernel/src/test/java/org/neo4j/kernel/configuration/ConfigTest.java,1,0,0,14,224,311,NoBug
545b32b7a2a525b77854e0f2772ec9bdbdc8c101,community/import-tool/src/test/java/org/neo4j/tooling/ImportToolTest.java,95,0,0,59,1840,2335,NoBug
545b32b7a2a525b77854e0f2772ec9bdbdc8c101,community/import-tool/src/main/java/org/neo4j/tooling/ImportTool.java,59,0,3,8,815,968,NoBug
545b32b7a2a525b77854e0f2772ec9bdbdc8c101,community/kernel/src/main/java/org/neo4j/kernel/configuration/Config.java,9,0,34,5,374,619,NoBug
54865c46d070187ab56d4bcd32e7831a04b1bcd1,enterprise/server-enterprise/src/test/java/org/neo4j/server/enterprise/EnterpriseBootstrapperTest.java,1,0,0,3,65,102,Bag
54865c46d070187ab56d4bcd32e7831a04b1bcd1,enterprise/server-enterprise/src/test/java/org/neo4j/server/enterprise/jmx/ServerManagementTest.java,1,0,0,2,61,100,Bag
54865c46d070187ab56d4bcd32e7831a04b1bcd1,community/server/src/main/java/org/neo4j/server/configuration/ConfigLoader.java,5,0,0,7,93,136,Bag
54865c46d070187ab56d4bcd32e7831a04b1bcd1,community/server/src/test/java/org/neo4j/server/helpers/CommunityServerBuilder.java,21,0,0,19,294,367,Bag
54865c46d070187ab56d4bcd32e7831a04b1bcd1,packaging/neo4j-desktop/src/main/java/org/neo4j/desktop/runtime/DesktopConfigurator.java,1,0,0,8,58,90,Bag
54865c46d070187ab56d4bcd32e7831a04b1bcd1,community/kernel/src/main/java/org/neo4j/kernel/configuration/Config.java,6,0,6,11,134,210,Bag
54865c46d070187ab56d4bcd32e7831a04b1bcd1,community/server/src/main/java/org/neo4j/server/ServerBootstrapper.java,13,0,0,6,153,199,Bag
54865c46d070187ab56d4bcd32e7831a04b1bcd1,community/server/src/test/java/org/neo4j/server/configuration/ConfigLoaderTest.java,1,0,0,12,154,239,Bag
54a7ee7b102c6b896fb1672cd348f1f05afd22a0,enterprise/core-edge/src/main/java/org/neo4j/coreedge/catchup/tx/BatchingTxApplier.java,8,0,2,4,123,177,NoBug
54a7ee7b102c6b896fb1672cd348f1f05afd22a0,enterprise/core-edge/src/test/java/org/neo4j/coreedge/catchup/tx/BatchingTxApplierTest.java,4,0,0,10,156,225,NoBug
54e46eec0c43a0cdcaa3582906a7aa4f05528a05,enterprise/core-edge/src/main/java/org/neo4j/coreedge/raft/state/CoreState.java,6,0,2,8,180,267,NoBug
5515f38aa3fbea663116cb3349f01d67c7242cca,community/bolt/src/test/java/org/neo4j/bolt/v1/transport/socket/ChunkedOutputTest.java,4,0,0,12,184,297,NoBug
5515f38aa3fbea663116cb3349f01d67c7242cca,community/bolt/src/main/java/org/neo4j/bolt/v1/transport/ChunkedOutput.java,13,0,2,10,169,242,NoBug
551ed36d434f4938ed707fe8d724acd8a4086fd2,community/cypher/cypher/src/main/java/org/neo4j/cypher/internal/codegen/CompiledConversionUtils.java,69,0,1,17,320,375,Bag
557655a6c3ec43bbbabb9636cb250192f9a1fbda,community/kernel/src/test/java/org/neo4j/kernel/impl/proc/UserFunctionsTest.java,1,0,0,8,106,167,Bag
557655a6c3ec43bbbabb9636cb250192f9a1fbda,community/kernel/src/main/java/org/neo4j/kernel/impl/proc/ProcedureRegistry.java,17,0,3,9,194,252,Bag
557fc320644aaf9f530afeaf5a15d48e2ea52ea7,community/graph-algo/src/main/java/org/neo4j/graphalgo/impl/path/ShortestPath.java,61,0,4,10,580,714,NoBug
559b00e493f0ed84c67ee063ceeb207a0c97d66c,community/kernel/src/main/java/org/neo4j/kernel/impl/store/MetaDataStore.java,39,0,5,34,604,770,NoBug
559b00e493f0ed84c67ee063ceeb207a0c97d66c,enterprise/cluster/src/main/java/org/neo4j/cluster/protocol/atomicbroadcast/multipaxos/context/LearnerContextImpl.java,16,0,0,0,196,244,NoBug
559b00e493f0ed84c67ee063ceeb207a0c97d66c,enterprise/ha/src/test/java/org/neo4j/kernel/ha/transaction/TransactionPropagatorTest.java,3,0,0,5,123,179,NoBug
559b00e493f0ed84c67ee063ceeb207a0c97d66c,community/kernel/src/main/java/org/neo4j/kernel/impl/util/CappedLogger.java,34,0,7,9,239,344,NoBug
559b00e493f0ed84c67ee063ceeb207a0c97d66c,enterprise/ha/src/main/java/org/neo4j/kernel/ha/transaction/TransactionPropagator.java,27,0,1,12,305,397,NoBug
562320c0be4006685ed6f086c12ef4e1f1964f3c,community/consistency-check-legacy/src/main/java/org/neo4j/legacy/consistency/ConsistencyCheckService.java,8,0,0,8,177,220,NoBug
562320c0be4006685ed6f086c12ef4e1f1964f3c,community/lucene-index/src/test/java/org/neo4j/index/impl/lucene/NonUniqueIndexTests.java,1,0,0,2,131,168,NoBug
562320c0be4006685ed6f086c12ef4e1f1964f3c,community/kernel/src/main/java/org/neo4j/kernel/impl/api/index/IndexProxyFactory.java,1,0,0,2,5,26,NoBug
562320c0be4006685ed6f086c12ef4e1f1964f3c,enterprise/enterprise-performance-tests/src/main/java/org/neo4j/perftest/enterprise/ccheck/ConsistencyPerformanceCheck.java,4,0,1,1,119,166,NoBug
562320c0be4006685ed6f086c12ef4e1f1964f3c,community/consistency-check/src/test/java/org/neo4j/consistency/checking/GraphStoreFixture.java,5,0,1,43,403,490,NoBug
562320c0be4006685ed6f086c12ef4e1f1964f3c,community/lucene-index/src/test/java/org/neo4j/kernel/api/impl/index/DeferredConstraintVerificationUniqueLuceneIndexPopulatorTest.java,9,0,0,17,354,522,NoBug
562320c0be4006685ed6f086c12ef4e1f1964f3c,community/kernel/src/main/java/org/neo4j/kernel/impl/store/record/IndexRule.java,17,0,1,15,176,234,NoBug
562320c0be4006685ed6f086c12ef4e1f1964f3c,community/kernel/src/main/java/org/neo4j/kernel/impl/api/index/IndexingService.java,68,0,5,28,721,893,NoBug
562320c0be4006685ed6f086c12ef4e1f1964f3c,community/lucene-index/src/main/java/org/neo4j/kernel/api/impl/index/NonUniqueLuceneIndexPopulator.java,9,0,0,0,122,161,NoBug
562320c0be4006685ed6f086c12ef4e1f1964f3c,community/lucene-index/src/main/java/org/neo4j/kernel/api/impl/index/LuceneSchemaIndexProviderFactory.java,1,0,0,6,39,69,NoBug
562320c0be4006685ed6f086c12ef4e1f1964f3c,community/lucene-index/src/test/java/org/neo4j/kernel/api/impl/index/LuceneSchemaIndexProviderTest.java,1,0,0,4,75,112,NoBug
562320c0be4006685ed6f086c12ef4e1f1964f3c,community/lucene-index/src/main/java/org/neo4j/kernel/api/impl/index/LuceneSchemaIndexProvider.java,9,0,0,8,133,165,NoBug
562320c0be4006685ed6f086c12ef4e1f1964f3c,community/logging/src/test/java/org/neo4j/logging/AssertableLogProvider.java,44,0,2,42,619,730,NoBug
562320c0be4006685ed6f086c12ef4e1f1964f3c,community/lucene-index/src/main/java/org/neo4j/kernel/api/impl/index/DirectorySupport.java,5,0,0,3,86,122,NoBug
562320c0be4006685ed6f086c12ef4e1f1964f3c,community/consistency-check-legacy/src/test/java/org/neo4j/legacy/consistency/checking/GraphStoreFixture.java,4,0,1,40,365,449,NoBug
562320c0be4006685ed6f086c12ef4e1f1964f3c,community/lucene-index/src/test/java/org/neo4j/kernel/api/impl/index/LuceneIndexRecoveryIT.java,4,0,0,8,284,385,NoBug
562320c0be4006685ed6f086c12ef4e1f1964f3c,community/lucene-index/src/test/java/org/neo4j/kernel/api/impl/index/LuceneSchemaIndexCorruptionTest.java,1,0,0,4,72,126,NoBug
562320c0be4006685ed6f086c12ef4e1f1964f3c,community/lucene-index/src/test/java/org/neo4j/kernel/api/impl/index/LuceneSchemaIndexPopulatorTest.java,5,0,0,10,239,306,NoBug
562320c0be4006685ed6f086c12ef4e1f1964f3c,enterprise/ha/src/test/java/org/neo4j/kernel/api/SchemaIndexHaIT.java,19,0,0,9,464,609,NoBug
562320c0be4006685ed6f086c12ef4e1f1964f3c,community/neo4j/src/test/java/org/neo4j/index/IndexFailureOnStartupTest.java,5,0,0,4,159,208,NoBug
562320c0be4006685ed6f086c12ef4e1f1964f3c,community/lucene-index/src/main/java/org/neo4j/kernel/api/impl/index/DeferredConstraintVerificationUniqueLuceneIndexPopulator.java,20,0,0,0,313,384,NoBug
562320c0be4006685ed6f086c12ef4e1f1964f3c,community/kernel/src/main/java/org/neo4j/graphdb/factory/GraphDatabaseSettings.java,9,0,1,0,383,522,NoBug
562320c0be4006685ed6f086c12ef4e1f1964f3c,community/consistency-check/src/main/java/org/neo4j/consistency/ConsistencyCheckService.java,9,0,0,10,201,244,NoBug
562320c0be4006685ed6f086c12ef4e1f1964f3c,community/lucene-index/src/main/java/org/neo4j/kernel/api/impl/index/LuceneIndexPopulator.java,10,0,0,5,111,143,NoBug
562320c0be4006685ed6f086c12ef4e1f1964f3c,community/kernel/src/test/java/org/neo4j/kernel/impl/api/index/IndexingServiceTest.java,8,0,1,24,840,1133,NoBug
562320c0be4006685ed6f086c12ef4e1f1964f3c,community/kernel/src/main/java/org/neo4j/kernel/impl/api/index/IndexProxySetup.java,3,0,0,9,167,209,NoBug
5648f49ce188a816a5d19a98e9118caeb8ff60b3,enterprise/security/src/main/java/org/neo4j/server/security/enterprise/auth/FileUserRealm.java,13,0,1,1,191,264,Bag
5648f49ce188a816a5d19a98e9118caeb8ff60b3,enterprise/security/src/test/java/org/neo4j/server/security/enterprise/auth/ShiroAuthManagerTest.java,7,0,0,22,299,451,Bag
56a78bda41deece417a3107c86a15af02c417a17,community/dbms/src/test/java/org/neo4j/commandline/dbms/DumpCommandTest.java,10,0,0,18,269,334,NoBug
56a78bda41deece417a3107c86a15af02c417a17,community/dbms/src/main/java/org/neo4j/dbms/archive/Dumper.java,1,0,0,2,72,107,NoBug
56a78bda41deece417a3107c86a15af02c417a17,community/common/src/main/java/org/neo4j/function/ThrowingAction.java,1,0,2,1,10,43,NoBug
56a78bda41deece417a3107c86a15af02c417a17,community/dbms/src/main/java/org/neo4j/commandline/dbms/DumpCommand.java,11,0,0,8,160,201,NoBug
56a78bda41deece417a3107c86a15af02c417a17,community/dbms/src/test/java/org/neo4j/dbms/archive/DumperTest.java,6,0,0,6,102,134,NoBug
56a78bda41deece417a3107c86a15af02c417a17,community/io/src/main/java/org/neo4j/io/fs/FileVisitors.java,7,0,0,12,140,180,NoBug
56a78bda41deece417a3107c86a15af02c417a17,community/dbms/src/test/java/org/neo4j/dbms/archive/ArchiveTest.java,8,0,0,10,181,238,NoBug
56c75be93c599eeaed57ac24cbab75c3dd77eeb2,community/bolt/src/test/java/org/neo4j/bolt/v1/transport/integration/TransportSessionIT.java,3,0,0,17,345,461,NoBug
56c75be93c599eeaed57ac24cbab75c3dd77eeb2,community/cypher/cypher/src/test/java/org/neo4j/cypher/internal/javacompat/NotificationAcceptanceTest.java,7,0,0,19,264,345,NoBug
5733d897307f8751380bb8a40beb028f8f9d0f62,enterprise/causal-clustering/src/test/java/org/neo4j/causalclustering/discovery/Cluster.java,28,0,3,28,391,545,Bag
5733d897307f8751380bb8a40beb028f8f9d0f62,enterprise/causal-clustering/src/test/java/org/neo4j/causalclustering/scenarios/CoreReplicationIT.java,7,0,0,11,194,317,Bag
5733d897307f8751380bb8a40beb028f8f9d0f62,enterprise/causal-clustering/src/main/java/org/neo4j/causalclustering/core/replication/RaftReplicator.java,5,0,1,3,78,114,Bag
5733d897307f8751380bb8a40beb028f8f9d0f62,enterprise/causal-clustering/src/main/java/org/neo4j/causalclustering/ReplicationModule.java,1,0,0,5,56,90,Bag
57507674d4362c2dc02dd58fb5161e4da78db57a,community/kernel/src/main/java/org/neo4j/kernel/impl/transaction/command/HighIdTransactionApplier.java,9,0,0,21,217,270,Bag
57507674d4362c2dc02dd58fb5161e4da78db57a,enterprise/backup/src/main/java/org/neo4j/backup/BackupService.java,20,0,0,0,356,432,Bag
57507674d4362c2dc02dd58fb5161e4da78db57a,community/kernel/src/test/java/org/neo4j/kernel/impl/store/id/IdGeneratorImplTest.java,2,0,0,4,48,91,Bag
57507674d4362c2dc02dd58fb5161e4da78db57a,enterprise/backup/src/test/java/org/neo4j/backup/BackupServiceIT.java,14,0,0,16,520,698,Bag
57507674d4362c2dc02dd58fb5161e4da78db57a,community/kernel/src/main/java/org/neo4j/kernel/impl/store/id/IdGeneratorImpl.java,50,0,9,9,470,682,Bag
57507674d4362c2dc02dd58fb5161e4da78db57a,community/kernel/src/main/java/org/neo4j/kernel/IdType.java,2,0,1,3,43,73,Bag
57d6d3b885ab6d91d2f556a437e082e308316788,enterprise/core-edge/src/main/java/org/neo4j/coreedge/core/consensus/state/ExposedRaftState.java,1,0,0,6,11,38,NoBug
57d6d3b885ab6d91d2f556a437e082e308316788,enterprise/core-edge/src/main/java/org/neo4j/coreedge/core/consensus/membership/MembershipWaiter.java,7,0,1,1,97,151,NoBug
57d6d3b885ab6d91d2f556a437e082e308316788,enterprise/core-edge/src/main/java/org/neo4j/coreedge/core/consensus/membership/RaftMembershipManager.java,17,0,1,14,225,326,NoBug
57d6d3b885ab6d91d2f556a437e082e308316788,enterprise/core-edge/src/main/java/org/neo4j/coreedge/core/consensus/state/RaftState.java,9,0,0,16,201,254,NoBug
57d6d3b885ab6d91d2f556a437e082e308316788,enterprise/core-edge/src/main/java/org/neo4j/coreedge/core/consensus/membership/MembershipWaiterLifecycle.java,3,0,0,3,50,77,NoBug
57d6d3b885ab6d91d2f556a437e082e308316788,enterprise/core-edge/src/main/java/org/neo4j/coreedge/core/state/CoreState.java,7,0,0,11,146,196,NoBug
57d6d3b885ab6d91d2f556a437e082e308316788,enterprise/core-edge/src/test/java/org/neo4j/coreedge/core/consensus/membership/MembershipWaiterTest.java,3,0,0,5,97,142,NoBug
57d6d3b885ab6d91d2f556a437e082e308316788,enterprise/core-edge/src/main/java/org/neo4j/coreedge/core/consensus/RaftMachine.java,19,0,3,20,304,423,NoBug
57e5e43cdc0df1ffd58fda1b0c2a21e5438d3388,packaging/neo4j-desktop/src/main/java/org/neo4j/desktop/ui/ScrollableOptionPane.java,1,0,0,3,28,54,NoBug
581d8ca7b5aabf352f4612841b13b05ee3884fab,community/kernel/src/test/java/org/neo4j/helpers/ValueUtilsTest.java,1,0,0,4,53,96,Bag
581d8ca7b5aabf352f4612841b13b05ee3884fab,community/kernel/src/main/java/org/neo4j/helpers/ValueUtils.java,30,0,1,12,249,297,Bag
5881b930d6621d9f8b0a9178cbae685fa61570b1,community/server/src/test/java/org/neo4j/server/BaseBootstrapperTest.java,4,0,0,6,94,149,NoBug
5881b930d6621d9f8b0a9178cbae685fa61570b1,enterprise/server-enterprise/src/test/java/org/neo4j/server/enterprise/EnterpriseBootstrapperTest.java,1,0,0,2,33,62,NoBug
5881b930d6621d9f8b0a9178cbae685fa61570b1,enterprise/server-enterprise/src/main/java/org/neo4j/server/enterprise/EnterpriseServerConfigLoader.java,1,0,0,2,19,43,NoBug
594bb22acd70831fa2e1a2eb6e97961e38cd1b82,enterprise/causal-clustering/src/main/java/org/neo4j/causalclustering/discovery/HazelcastCoreTopologyService.java,5,0,0,0,194,247,Bag
598b1c10823f9ed56c780a95dd81363eb8fdd282,community/server/src/test/java/org/neo4j/server/rest/transactional/integration/TransactionIT.java,10,0,0,33,658,907,NoBug
5994c9535ebf815ae2290601a74935b7833325cc,community/kernel/src/main/java/org/neo4j/graphdb/impl/notification/NotificationDetail.java,1,0,0,5,34,60,Bag
5994c9535ebf815ae2290601a74935b7833325cc,community/kernel/src/test/java/org/neo4j/graphdb/impl/notification/NotificationDetailTest.java,1,0,0,2,15,39,Bag
5994c9535ebf815ae2290601a74935b7833325cc,community/kernel/src/test/java/org/neo4j/graphdb/impl/notification/NotificationCodeTest.java,1,0,0,2,22,49,Bag
59d88d01d2d877810cecb8bacf16f95e13b14aff,community/server/src/test/java/org/neo4j/server/rest/transactional/integration/TransactionIT.java,10,0,0,33,658,907,Bag
5a3106a309c731c0b94bdc947ce94b65ddb10e59,community/kernel/src/main/java/org/neo4j/kernel/impl/store/StoreFactory.java,21,0,6,33,524,670,Bag
5a6037343a508f5ea580978fe10b90f160e2b79c,community/server/src/test/java/org/neo4j/server/rest/TransactionFunctionalTest.java,8,0,0,13,311,463,Bag
5a6037343a508f5ea580978fe10b90f160e2b79c,community/server/src/main/java/org/neo4j/server/rest/transactional/Neo4jJsonCodec.java,7,0,0,2,57,85,Bag
5b477991633ccddb51f206e827fed8ec3509e8c1,enterprise/core-edge/src/main/java/org/neo4j/coreedge/core/consensus/membership/RaftMembershipManager.java,17,0,1,14,224,325,Bag
5b477991633ccddb51f206e827fed8ec3509e8c1,enterprise/core-edge/src/main/java/org/neo4j/coreedge/core/consensus/membership/MembershipWaiter.java,7,0,1,1,95,149,Bag
5b477991633ccddb51f206e827fed8ec3509e8c1,enterprise/core-edge/src/main/java/org/neo4j/coreedge/core/consensus/membership/MembershipWaiterLifecycle.java,3,0,0,3,50,77,Bag
5b477991633ccddb51f206e827fed8ec3509e8c1,enterprise/core-edge/src/main/java/org/neo4j/coreedge/core/consensus/state/RaftState.java,9,0,0,15,165,211,Bag
5b477991633ccddb51f206e827fed8ec3509e8c1,enterprise/core-edge/src/main/java/org/neo4j/coreedge/core/consensus/RaftMachine.java,19,0,2,21,303,417,Bag
5b477991633ccddb51f206e827fed8ec3509e8c1,enterprise/core-edge/src/main/java/org/neo4j/coreedge/core/state/CoreState.java,7,0,0,11,146,196,Bag
5b477991633ccddb51f206e827fed8ec3509e8c1,enterprise/core-edge/src/test/java/org/neo4j/coreedge/core/consensus/membership/MembershipWaiterTest.java,3,0,0,5,90,132,Bag
5b867ef859cd2183bee705922db86f1f22052ede,enterprise/security/src/main/java/org/neo4j/server/security/enterprise/auth/InternalFlatFileRealm.java,58,0,1,26,637,762,NoBug
5b867ef859cd2183bee705922db86f1f22052ede,enterprise/security/src/test/java/org/neo4j/server/security/enterprise/auth/MultiRealmAuthManagerTest.java,4,0,0,34,489,715,NoBug
5b867ef859cd2183bee705922db86f1f22052ede,enterprise/security/src/test/java/org/neo4j/server/security/enterprise/auth/MultiRealmAuthManagerRule.java,3,0,0,9,118,155,NoBug
5b867ef859cd2183bee705922db86f1f22052ede,enterprise/security/src/test/java/org/neo4j/server/security/enterprise/auth/UserManagementProceduresLoggingTest.java,3,0,0,37,502,710,NoBug
5b867ef859cd2183bee705922db86f1f22052ede,community/security/src/main/java/org/neo4j/commandline/admin/security/SetDefaultAdminCommand.java,6,0,0,8,127,164,NoBug
5b867ef859cd2183bee705922db86f1f22052ede,community/security/src/test/java/org/neo4j/commandline/admin/security/SetDefaultAdminCommandTest.java,1,0,0,6,88,130,NoBug
5b867ef859cd2183bee705922db86f1f22052ede,enterprise/security/src/main/java/org/neo4j/server/security/enterprise/auth/EnterpriseSecurityModule.java,23,0,0,9,227,297,NoBug
5b867ef859cd2183bee705922db86f1f22052ede,enterprise/security/src/test/java/org/neo4j/server/security/enterprise/auth/InternalFlatFileRealmTest.java,1,0,0,5,168,225,NoBug
5b867ef859cd2183bee705922db86f1f22052ede,community/security/src/test/java/org/neo4j/commandline/admin/security/SetDefaultAdminCommandIT.java,1,0,0,5,89,126,NoBug
5b867ef859cd2183bee705922db86f1f22052ede,enterprise/security/src/test/java/org/neo4j/server/security/enterprise/auth/LdapCachingTest.java,1,0,0,7,204,289,NoBug
5b867ef859cd2183bee705922db86f1f22052ede,enterprise/security/src/test/java/org/neo4j/server/security/enterprise/auth/InternalFlatFileRealmIT.java,8,0,0,6,193,253,NoBug
5b867ef859cd2183bee705922db86f1f22052ede,integrationtests/src/test/java/org/neo4j/auth/FlatFileStressBase.java,4,0,0,0,160,212,NoBug
5b99f532cec94aa83d16b8969eada9a1e43f30d3,community/shell/src/test/java/org/neo4j/shell/impl/AbstractClientTest.java,8,0,0,3,121,155,NoBug
5b99f532cec94aa83d16b8969eada9a1e43f30d3,community/shell/src/main/java/org/neo4j/shell/impl/AbstractClient.java,25,0,1,11,274,327,NoBug
5c1751453b58d4a6d42f92cb00b73361474d014e,enterprise/metrics/src/main/java/org/neo4j/metrics/source/causalclustering/MessageQueueMonitorMetric.java,3,0,0,6,44,73,Bag
5c1751453b58d4a6d42f92cb00b73361474d014e,enterprise/causal-clustering/src/main/java/org/neo4j/causalclustering/messaging/SenderService.java,7,0,0,5,131,171,Bag
5c1751453b58d4a6d42f92cb00b73361474d014e,enterprise/metrics/src/test/java/org/neo4j/metrics/source/MessageQueueMonitorMetricTest.java,1,0,0,3,39,77,Bag
5c1751453b58d4a6d42f92cb00b73361474d014e,enterprise/causal-clustering/src/main/java/org/neo4j/causalclustering/messaging/NonBlockingChannel.java,17,0,0,0,145,198,Bag
5c1751453b58d4a6d42f92cb00b73361474d014e,enterprise/causal-clustering/src/main/java/org/neo4j/causalclustering/messaging/monitoring/MessageQueueMonitor.java,1,0,0,6,10,37,Bag
5c26c58d587f288698e318beb69b848d0ab2b42a,community/kernel/src/main/java/org/neo4j/kernel/builtinprocs/BuiltInProcedures.java,24,0,0,49,689,799,NoBug
5c26c58d587f288698e318beb69b848d0ab2b42a,community/kernel/src/main/java/org/neo4j/kernel/impl/proc/ReflectiveProcedureCompiler.java,69,0,0,0,747,876,NoBug
5c26c58d587f288698e318beb69b848d0ab2b42a,community/kernel/src/main/java/org/neo4j/kernel/impl/api/TokenAccess.java,11,0,0,3,159,201,NoBug
5cd87925774e37f1e65429cbda422e5e4f6ff0fb,enterprise/core-edge/src/test/java/org/neo4j/coreedge/discovery/Cluster.java,27,0,0,27,388,478,Bag
5cd87925774e37f1e65429cbda422e5e4f6ff0fb,enterprise/core-edge/src/test/java/org/neo4j/coreedge/scenarios/CoreServerReplicationIT.java,18,0,0,8,276,416,Bag
5d50389ef46096f3d9e029248673be3d3ec1907e,community/kernel/src/test/java/org/neo4j/kernel/impl/api/index/ContractCheckingIndexProxyTest.java,2,0,0,15,220,338,NoBug
5d50389ef46096f3d9e029248673be3d3ec1907e,community/kernel/src/main/java/org/neo4j/kernel/impl/api/index/ContractCheckingIndexProxy.java,13,0,1,6,134,200,NoBug
5d6f4e8fcc17d293bc39f4444ad8481033fb26e1,enterprise/causal-clustering/src/main/java/org/neo4j/causalclustering/discovery/HazelcastDiscoveryServiceFactory.java,3,0,0,3,38,68,NoBug
5e2a0db616767e9364819efa0ca8152955d3a90a,community/lucene-index/src/main/java/org/neo4j/kernel/api/impl/index/LuceneAllDocumentsReader.java,6,0,0,5,81,114,Bag
5e2a0db616767e9364819efa0ca8152955d3a90a,community/lucene-index/src/main/java/org/neo4j/kernel/api/impl/index/LuceneIndexAccessor.java,13,0,0,0,236,295,Bag
5e2a0db616767e9364819efa0ca8152955d3a90a,community/lucene-index/src/test/java/org/neo4j/kernel/api/impl/index/SearcherManagerStub.java,1,0,0,6,30,57,Bag
5e2a0db616767e9364819efa0ca8152955d3a90a,community/lucene-index/src/main/java/org/neo4j/kernel/api/impl/index/NodeRangeDocumentLabelScanStorageStrategy.java,8,0,1,6,91,151,Bag
5e8fd553e4e127000734e31d43f5623eea742f7d,enterprise/core-edge/src/test/java/org/neo4j/coreedge/core/state/machines/locks/LeaderOnlyLockManagerTest.java,2,0,0,3,57,99,Bag
5e8fd553e4e127000734e31d43f5623eea742f7d,enterprise/core-edge/src/main/java/org/neo4j/coreedge/core/state/machines/token/ReplicatedRelationshipTypeTokenHolder.java,1,0,0,2,25,48,Bag
5e8fd553e4e127000734e31d43f5623eea742f7d,enterprise/core-edge/src/main/java/org/neo4j/coreedge/core/state/machines/locks/LeaderOnlyLockManager.java,10,0,1,4,173,262,Bag
5e8fd553e4e127000734e31d43f5623eea742f7d,enterprise/core-edge/src/main/java/org/neo4j/coreedge/core/replication/RaftReplicator.java,5,0,1,3,78,114,Bag
5e8fd553e4e127000734e31d43f5623eea742f7d,enterprise/core-edge/src/main/java/org/neo4j/coreedge/ReplicationModule.java,1,0,0,5,58,92,Bag
5e8fd553e4e127000734e31d43f5623eea742f7d,enterprise/core-edge/src/main/java/org/neo4j/coreedge/core/state/machines/CoreStateMachinesModule.java,1,0,0,2,185,244,Bag
5e8fd553e4e127000734e31d43f5623eea742f7d,enterprise/core-edge/src/main/java/org/neo4j/coreedge/core/state/machines/token/ReplicatedPropertyKeyTokenHolder.java,1,0,0,2,25,48,Bag
5e8fd553e4e127000734e31d43f5623eea742f7d,enterprise/core-edge/src/main/java/org/neo4j/coreedge/core/state/machines/token/ReplicatedTokenHolder.java,7,0,0,0,138,178,Bag
5e8fd553e4e127000734e31d43f5623eea742f7d,enterprise/core-edge/src/main/java/org/neo4j/coreedge/core/CoreEdgeClusterSettings.java,1,0,0,1,189,267,Bag
5e8fd553e4e127000734e31d43f5623eea742f7d,enterprise/core-edge/src/main/java/org/neo4j/coreedge/core/state/machines/token/ReplicatedLabelTokenHolder.java,1,0,0,2,24,47,Bag
5e8fd553e4e127000734e31d43f5623eea742f7d,enterprise/core-edge/src/test/java/org/neo4j/coreedge/core/state/machines/token/ReplicatedTokenHolderTest.java,2,0,0,5,120,197,Bag
5f59285fe3d907abdbf01a92fcd1020403d63f77,community/kernel/src/main/java/org/neo4j/kernel/impl/api/LockingStatementOperations.java,5,0,1,49,477,588,NoBug
5f59285fe3d907abdbf01a92fcd1020403d63f77,community/kernel/src/main/java/org/neo4j/kernel/impl/api/TwoPhaseNodeForRelationshipLocking.java,10,0,0,0,100,134,NoBug
5f59285fe3d907abdbf01a92fcd1020403d63f77,community/kernel/src/test/java/org/neo4j/kernel/impl/api/LockingStatementOperationsTest.java,1,0,0,26,340,511,Bag
5f59285fe3d907abdbf01a92fcd1020403d63f77,community/kernel/src/test/java/org/neo4j/kernel/impl/api/TwoPhaseNodeForRelationshipLockingTest.java,3,0,0,3,150,203,NoBug
5f59285fe3d907abdbf01a92fcd1020403d63f77,community/kernel/src/main/java/org/neo4j/graphdb/factory/GraphDatabaseSettings.java,9,0,1,0,384,523,NoBug
5f95e03723b8c2c50bf678dc176cbca4790b64ce,community/server/src/test/java/org/neo4j/server/rest/transactional/TransactionDocTest.java,3,0,9,1,217,380,NoBug
5f95e03723b8c2c50bf678dc176cbca4790b64ce,community/server/src/main/java/org/neo4j/server/rest/transactional/TransactionFacade.java,2,0,1,5,46,94,NoBug
5fac37423d3ffeea7973d7dbb3c494ef9376d2a9,community/lucene-index/src/test/java/org/neo4j/index/impl/lucene/legacy/RecoveryTest.java,3,0,1,6,200,264,NoBug
5fac37423d3ffeea7973d7dbb3c494ef9376d2a9,community/lucene-index/src/main/java/org/neo4j/index/impl/lucene/legacy/LuceneDataSource.java,45,0,2,6,473,562,NoBug
5fac37423d3ffeea7973d7dbb3c494ef9376d2a9,community/lucene-index/src/main/java/org/neo4j/index/impl/lucene/legacy/LuceneIndexImplementation.java,15,0,0,13,151,194,NoBug
5fac37423d3ffeea7973d7dbb3c494ef9376d2a9,community/lucene-index/src/test/java/org/neo4j/index/impl/lucene/legacy/LuceneCommandApplierTest.java,1,0,0,2,66,101,NoBug
5fac37423d3ffeea7973d7dbb3c494ef9376d2a9,community/lucene-index/src/main/java/org/neo4j/index/lucene/LuceneKernelExtensionFactory.java,1,0,0,7,32,58,NoBug
5fac37423d3ffeea7973d7dbb3c494ef9376d2a9,community/lucene-index/src/main/java/org/neo4j/index/lucene/LuceneKernelExtension.java,1,0,0,4,41,68,NoBug
5fac37423d3ffeea7973d7dbb3c494ef9376d2a9,community/lucene-index/src/test/java/org/neo4j/index/impl/lucene/legacy/ReadOnlyIndexReferenceFactoryTest.java,1,0,0,4,81,116,NoBug
5fac37423d3ffeea7973d7dbb3c494ef9376d2a9,community/lucene-index/src/test/java/org/neo4j/index/impl/lucene/legacy/LuceneDataSourceTest.java,1,0,0,13,242,298,NoBug
6071538f9c37fd7af909ccb3d12fbdc80cb74260,community/shell/src/test/java/org/neo4j/shell/TestApps.java,14,0,1,75,982,1209,Bag
61537df5a0007ae04cb32f96f0931f1bf7202834,community/shell/src/main/java/org/neo4j/shell/kernel/apps/Cd.java,45,0,2,1,306,357,NoBug
61918a793194e6c1df7c5a5e30deee59ab30368a,community/kernel/src/main/java/org/neo4j/kernel/impl/store/RelationshipGroupStore.java,23,0,0,14,229,297,NoBug
61918a793194e6c1df7c5a5e30deee59ab30368a,community/kernel/src/main/java/org/neo4j/kernel/impl/transaction/command/PhysicalLogNeoCommandReaderV2_2_4.java,91,0,0,21,671,756,NoBug
61cf94c66e7a8c7053bb8cc8c336751a651c6307,enterprise/security/src/test/java/org/neo4j/server/security/enterprise/auth/AuthProceduresTestLogic.java,3,0,24,75,935,1166,Bag
61cf94c66e7a8c7053bb8cc8c336751a651c6307,enterprise/security/src/main/java/org/neo4j/server/security/enterprise/auth/EnterpriseAuthSubject.java,10,0,0,16,122,165,Bag
61cf94c66e7a8c7053bb8cc8c336751a651c6307,community/kernel/src/main/java/org/neo4j/kernel/api/security/AuthSubject.java,1,0,3,2,116,182,Bag
61cf94c66e7a8c7053bb8cc8c336751a651c6307,enterprise/security/src/test/java/org/neo4j/server/security/enterprise/auth/AuthTestBase.java,8,0,0,0,365,462,Bag
61cf94c66e7a8c7053bb8cc8c336751a651c6307,community/security/src/main/java/org/neo4j/server/security/auth/BasicAuthSubject.java,5,0,1,14,105,154,Bag
61cf94c66e7a8c7053bb8cc8c336751a651c6307,community/kernel/src/main/java/org/neo4j/kernel/impl/api/security/OverriddenAccessMode.java,8,0,0,8,53,82,Bag
61cf94c66e7a8c7053bb8cc8c336751a651c6307,enterprise/security/src/main/java/org/neo4j/server/security/enterprise/auth/AuthProcedures.java,21,0,0,25,361,434,Bag
61dccb6b78bc1618da0ef9f1a70d7b524b945ab7,community/bolt/src/test/java/org/neo4j/bolt/v1/runtime/integration/SessionIT.java,2,0,0,18,449,625,Bag
61dccb6b78bc1618da0ef9f1a70d7b524b945ab7,community/bolt/src/main/java/org/neo4j/bolt/v1/runtime/internal/CypherStatementRunner.java,5,0,0,3,46,73,Bag
61dccb6b78bc1618da0ef9f1a70d7b524b945ab7,community/bolt/src/test/java/org/neo4j/bolt/v1/runtime/internal/CypherStatementRunnerTest.java,1,0,0,2,36,67,Bag
61dccb6b78bc1618da0ef9f1a70d7b524b945ab7,community/bolt/src/main/java/org/neo4j/bolt/v1/runtime/internal/SessionStateMachine.java,33,0,2,19,663,894,Bag
61dccb6b78bc1618da0ef9f1a70d7b524b945ab7,community/bolt/src/test/java/org/neo4j/bolt/v1/runtime/integration/TestSessions.java,3,0,0,5,96,126,Bag
62fc9ea98290c169ca6c7edd64779786e8d365a5,community/logging/src/test/java/org/neo4j/logging/AssertableLogProvider.java,46,0,2,44,644,757,Bag
62fc9ea98290c169ca6c7edd64779786e8d365a5,community/kernel/src/main/java/org/neo4j/kernel/impl/api/scan/NativeLabelScanStoreExtension.java,1,0,0,9,46,77,Bag
62fc9ea98290c169ca6c7edd64779786e8d365a5,community/kernel/src/main/java/org/neo4j/kernel/impl/index/labelscan/NativeLabelScanStore.java,13,0,8,7,261,462,Bag
62fc9ea98290c169ca6c7edd64779786e8d365a5,community/lucene-index/src/main/java/org/neo4j/kernel/api/impl/labelscan/LuceneLabelScanStoreExtension.java,1,0,1,8,63,103,Bag
62fc9ea98290c169ca6c7edd64779786e8d365a5,community/lucene-index/src/main/java/org/neo4j/kernel/api/impl/labelscan/LuceneLabelScanStore.java,10,0,0,15,156,199,Bag
63a07e800e0ca6fe3078dabe9326554aa8c3f5d6,community/collections/src/test/java/org/neo4j/helpers/collection/MapUtilTest.java,1,0,0,3,28,67,NoBug
63a07e800e0ca6fe3078dabe9326554aa8c3f5d6,community/collections/src/main/java/org/neo4j/helpers/collection/MapUtil.java,16,0,19,9,239,445,NoBug
63f8a4751adf182a2e37643a3a7c5bdfe2daed3d,community/bolt/src/main/java/org/neo4j/bolt/v1/messaging/msgprocess/MessageProcessingCallback.java,4,0,1,6,81,118,NoBug
63f8a4751adf182a2e37643a3a7c5bdfe2daed3d,community/common/src/main/java/org/neo4j/kernel/api/exceptions/Status.java,9,0,4,30,459,638,NoBug
63f8a4751adf182a2e37643a3a7c5bdfe2daed3d,community/bolt/src/test/java/org/neo4j/bolt/v1/transport/integration/TransportSessionIT.java,3,0,0,15,284,387,Bag
6452b111869dff085031fc7da5e5f984657ed110,community/procedure-compiler/integration-tests/src/test/java/org/neo4j/tooling/procedure/ProcedureTest.java,1,0,0,4,71,108,Bag
6452b111869dff085031fc7da5e5f984657ed110,community/procedure-compiler/processor/src/main/java/org/neo4j/tooling/procedure/visitors/ProcedureVisitor.java,3,0,1,2,71,109,Bag
6452b111869dff085031fc7da5e5f984657ed110,community/procedure-compiler/processor/src/test/java/org/neo4j/tooling/procedure/procedures/valid/Procedures.java,1,0,0,34,162,218,Bag
64ab9ff486bd71662d6046e99167afebaa2cda43,enterprise/core-edge/src/main/java/org/neo4j/coreedge/raft/log/segmented/SegmentFile.java,12,0,0,0,198,274,Bag
64ab9ff486bd71662d6046e99167afebaa2cda43,enterprise/core-edge/src/test/java/org/neo4j/coreedge/raft/log/segmented/ReaderPoolTest.java,1,0,0,7,96,158,Bag
64ab9ff486bd71662d6046e99167afebaa2cda43,enterprise/core-edge/src/test/java/org/neo4j/coreedge/raft/log/segmented/SegmentFileTest.java,4,0,0,12,201,300,Bag
64ab9ff486bd71662d6046e99167afebaa2cda43,enterprise/core-edge/src/main/java/org/neo4j/coreedge/raft/log/segmented/ReaderPool.java,9,0,0,0,101,136,Bag
64ab9ff486bd71662d6046e99167afebaa2cda43,enterprise/core-edge/src/test/java/org/neo4j/coreedge/scenarios/EdgeServerReplicationIT.java,12,0,0,8,264,372,Bag
64c21aefa4c80093bf939fcd2658f6a6ba0fea1d,community/bolt/src/test/java/org/neo4j/bolt/v1/runtime/integration/BoltConnectionIT.java,2,0,0,22,524,739,Bag
64c21aefa4c80093bf939fcd2658f6a6ba0fea1d,community/bolt/src/main/java/org/neo4j/bolt/v1/runtime/TransactionStateMachine.java,20,0,1,7,340,441,Bag
653b75d2a834f7faad0eabdee0fb05b3fa2d3650,community/kernel/src/test/java/org/neo4j/kernel/impl/storageengine/impl/recordstorage/RecordStorageEngineRule.java,3,0,2,7,123,169,NoBug
653b75d2a834f7faad0eabdee0fb05b3fa2d3650,community/kernel/src/main/java/org/neo4j/kernel/impl/storageengine/impl/recordstorage/RecordStorageEngine.java,15,0,1,18,431,525,Bag
653b75d2a834f7faad0eabdee0fb05b3fa2d3650,community/kernel/src/test/java/org/neo4j/kernel/impl/storageengine/impl/recordstorage/RecordStorageEngineTest.java,2,0,0,5,121,160,NoBug
6582eed76b5a4b0e0066c03983dd7a97716f51dc,enterprise/causal-clustering/src/main/java/org/neo4j/causalclustering/load_balancing/procedure/LegacyGetServersProcedure.java,6,0,1,3,121,165,NoBug
6582eed76b5a4b0e0066c03983dd7a97716f51dc,enterprise/causal-clustering/src/test/java/org/neo4j/causalclustering/load_balancing/procedure/GetServersProcedureV2Test.java,1,0,0,3,40,77,NoBug
6582eed76b5a4b0e0066c03983dd7a97716f51dc,enterprise/causal-clustering/src/test/java/org/neo4j/causalclustering/load_balancing/procedure/GetServersProcedureV1Test.java,7,0,0,11,338,476,NoBug
6582eed76b5a4b0e0066c03983dd7a97716f51dc,enterprise/causal-clustering/src/main/java/org/neo4j/causalclustering/load_balancing/procedure/GetServersProcedureForSingleDC.java,6,0,1,3,121,169,NoBug
6582eed76b5a4b0e0066c03983dd7a97716f51dc,enterprise/causal-clustering/src/main/java/org/neo4j/causalclustering/load_balancing/procedure/GetServersProcedureForMultiDC.java,1,0,1,3,43,81,NoBug
658dcbc50b93c2dcba6807d44739dc4167adf5a2,community/kernel/src/test/java/org/neo4j/kernel/impl/transaction/log/PhysicalLogicalTransactionStoreTest.java,3,0,0,8,361,448,NoBug
658dcbc50b93c2dcba6807d44739dc4167adf5a2,community/kernel/src/test/java/org/neo4j/kernel/impl/transaction/log/PhysicalLogFileTest.java,5,0,0,8,245,316,NoBug
658dcbc50b93c2dcba6807d44739dc4167adf5a2,community/kernel/src/main/java/org/neo4j/kernel/impl/transaction/log/PhysicalLogFile.java,18,0,2,18,240,380,NoBug
65a7ca99e28d12d274a84ca1008be13611ca44ab,community/kernel/src/main/java/org/neo4j/kernel/impl/transaction/log/LogRecoveryCheck.java,1,0,0,3,16,42,NoBug
65a7ca99e28d12d274a84ca1008be13611ca44ab,community/kernel/src/main/java/org/neo4j/kernel/impl/store/DumpStoreChain.java,22,0,0,2,246,293,NoBug
65a7ca99e28d12d274a84ca1008be13611ca44ab,enterprise/ha/src/test/java/org/neo4j/ha/upgrade/LegacyDatabaseImpl.java,30,0,1,12,296,358,NoBug
65a7ca99e28d12d274a84ca1008be13611ca44ab,community/consistency-check/src/main/java/org/neo4j/consistency/ConsistencyCheckTool.java,12,0,0,2,185,229,NoBug
65a7ca99e28d12d274a84ca1008be13611ca44ab,community/kernel/src/test/java/org/neo4j/qa/tooling/DumpProcessInformation.java,12,0,0,8,122,163,NoBug
65a7ca99e28d12d274a84ca1008be13611ca44ab,enterprise/backup/src/main/java/org/neo4j/backup/RebuildFromLogs.java,13,0,0,0,191,229,NoBug
65a7ca99e28d12d274a84ca1008be13611ca44ab,community/kernel/src/main/java/org/neo4j/helpers/Args.java,60,0,4,28,420,552,NoBug
65a7ca99e28d12d274a84ca1008be13611ca44ab,community/kernel/src/main/java/org/neo4j/kernel/impl/transaction/log/PhysicalLogFile.java,10,0,2,23,254,345,NoBug
65a7ca99e28d12d274a84ca1008be13611ca44ab,community/kernel/src/test/java/org/neo4j/helpers/TestArgs.java,3,0,0,17,207,302,NoBug
65a7ca99e28d12d274a84ca1008be13611ca44ab,community/shell/src/main/java/org/neo4j/shell/StartClient.java,43,0,2,0,392,508,NoBug
65a7ca99e28d12d274a84ca1008be13611ca44ab,enterprise/backup/src/main/java/org/neo4j/backup/BackupTool.java,31,0,0,2,339,409,NoBug
65a7ca99e28d12d274a84ca1008be13611ca44ab,community/kernel/src/main/java/org/neo4j/kernel/impl/util/DumpLogicalLog.java,14,0,0,9,203,252,NoBug
65a7ca99e28d12d274a84ca1008be13611ca44ab,community/import-tool/src/test/java/org/neo4j/tooling/CsvDataGenerator.java,21,0,1,6,207,253,NoBug
65a7ca99e28d12d274a84ca1008be13611ca44ab,community/kernel/src/main/java/org/neo4j/kernel/impl/store/NeoStore.java,50,0,18,40,709,957,NoBug
65a7ca99e28d12d274a84ca1008be13611ca44ab,community/import-tool/src/main/java/org/neo4j/tooling/ImportTool.java,17,0,1,1,289,340,NoBug
65a7ca99e28d12d274a84ca1008be13611ca44ab,community/consistency-check/src/test/java/org/neo4j/consistency/ConsistencyCheckToolTest.java,3,0,0,8,179,257,NoBug
65a7ca99e28d12d274a84ca1008be13611ca44ab,community/kernel/src/main/java/org/neo4j/kernel/NeoStoreDataSource.java,15,0,2,29,669,802,Bag
65a7ca99e28d12d274a84ca1008be13611ca44ab,community/kernel/src/main/java/org/neo4j/graphdb/factory/GraphDatabaseFactory.java,1,0,7,5,95,158,NoBug
65a7ca99e28d12d274a84ca1008be13611ca44ab,enterprise/ha/src/test/java/org/neo4j/ha/StartInstanceInAnotherJvm.java,2,0,0,3,28,52,NoBug
65a7ca99e28d12d274a84ca1008be13611ca44ab,enterprise/server-enterprise/src/main/java/org/neo4j/server/enterprise/StandaloneClusterClient.java,14,0,1,1,150,202,NoBug
6602c5aea5b783fa9438717cc8f71b5c4dcd03b9,enterprise/server-enterprise/src/test/java/org/neo4j/server/rest/security/EnterpriseAuthenticationDocIT.java,1,0,0,2,16,39,Bag
6602c5aea5b783fa9438717cc8f71b5c4dcd03b9,community/kernel/src/main/java/org/neo4j/graphdb/factory/GraphDatabaseSettings.java,9,0,3,5,446,591,Bag
6602c5aea5b783fa9438717cc8f71b5c4dcd03b9,enterprise/security/src/main/java/org/neo4j/server/security/enterprise/auth/AuthProcedures.java,13,0,0,14,157,194,Bag
6602c5aea5b783fa9438717cc8f71b5c4dcd03b9,enterprise/security/src/test/java/org/neo4j/server/security/enterprise/auth/AuthProceduresTest.java,11,0,30,27,793,1097,Bag
6602c5aea5b783fa9438717cc8f71b5c4dcd03b9,enterprise/security/src/main/java/org/neo4j/server/security/enterprise/auth/ShiroAuthManager.java,11,0,0,19,215,285,Bag
6602c5aea5b783fa9438717cc8f71b5c4dcd03b9,community/server/src/test/java/org/neo4j/server/rest/security/AuthenticationDocIT.java,4,0,0,15,255,356,Bag
660d2553ac4e5d2024cee6c770149ae313abe0e1,enterprise/security/src/test/java/org/neo4j/server/security/enterprise/auth/MultiRealmAuthManagerTest.java,4,0,0,31,435,645,Bag
660d2553ac4e5d2024cee6c770149ae313abe0e1,enterprise/security/src/main/java/org/neo4j/server/security/enterprise/auth/StandardEnterpriseAuthSubject.java,13,0,0,19,142,187,Bag
660d2553ac4e5d2024cee6c770149ae313abe0e1,enterprise/security/src/test/java/org/neo4j/server/security/enterprise/auth/AuthProceduresLoggingTest.java,3,0,0,37,500,706,Bag
660d2553ac4e5d2024cee6c770149ae313abe0e1,community/server/src/test/java/org/neo4j/server/rest/dbms/UserServiceTest.java,1,0,0,17,246,379,Bag
660d2553ac4e5d2024cee6c770149ae313abe0e1,community/server/src/main/java/org/neo4j/server/rest/dbms/UserService.java,12,0,0,4,107,140,Bag
660d2553ac4e5d2024cee6c770149ae313abe0e1,community/bolt/src/test/java/org/neo4j/bolt/v1/transport/integration/AuthenticationIT.java,3,0,0,18,337,470,Bag
660d2553ac4e5d2024cee6c770149ae313abe0e1,enterprise/security/src/main/java/org/neo4j/server/security/enterprise/auth/MultiRealmAuthManager.java,21,0,0,0,177,217,Bag
660d2553ac4e5d2024cee6c770149ae313abe0e1,enterprise/security/src/test/java/org/neo4j/server/security/enterprise/auth/integration/bolt/EnterpriseAuthenticationIT.java,1,0,0,2,25,53,Bag
660d2553ac4e5d2024cee6c770149ae313abe0e1,community/server/src/main/java/org/neo4j/server/rest/dbms/AuthorizedRequestWrapper.java,9,0,0,16,132,178,Bag
660d2553ac4e5d2024cee6c770149ae313abe0e1,enterprise/security/src/main/java/org/neo4j/server/security/enterprise/auth/AuthProcedures.java,33,0,0,20,430,493,Bag
666d5571786a4b9afde7c6fe8bbcb5b9053de8c5,community/collections/src/main/java/org/neo4j/helpers/collection/MapUtil.java,15,0,19,9,234,437,NoBug
673a2d43f0183ad12d9365940576638dafbd75bc,community/server/src/test/java/org/neo4j/server/modules/ExtensionInitializerTest.java,2,0,0,5,90,131,NoBug
673a2d43f0183ad12d9365940576638dafbd75bc,community/server/src/test/java/org/neo4j/server/configuration/ConfigWrappingConfigurationTest.java,1,0,0,6,51,97,NoBug
673a2d43f0183ad12d9365940576638dafbd75bc,community/server/src/main/java/org/neo4j/server/configuration/PropertyFileConfigurator.java,13,0,1,3,100,140,NoBug
673a2d43f0183ad12d9365940576638dafbd75bc,community/server/src/main/java/org/neo4j/server/configuration/ConfigWrappingConfiguration.java,6,0,1,5,74,112,NoBug
673a2d43f0183ad12d9365940576638dafbd75bc,community/server/src/main/java/org/neo4j/server/configuration/ServerConfigFactory.java,12,0,1,3,107,167,NoBug
673a2d43f0183ad12d9365940576638dafbd75bc,community/server/src/main/java/org/neo4j/server/modules/ExtensionInitializer.java,7,0,1,3,62,93,NoBug
673a2d43f0183ad12d9365940576638dafbd75bc,community/server/src/main/java/org/neo4j/server/configuration/ConfigurationBuilder.java,4,0,4,9,89,146,NoBug
674b32d2656e541587191d7b339d9a9570e826da,enterprise/causal-clustering/src/main/java/org/neo4j/causalclustering/core/state/snapshot/TopologyLookupException.java,1,0,0,4,18,43,Bag
674b32d2656e541587191d7b339d9a9570e826da,enterprise/causal-clustering/src/main/java/org/neo4j/causalclustering/catchup/tx/CatchupPollingProcess.java,23,0,1,6,301,369,Bag
674b32d2656e541587191d7b339d9a9570e826da,enterprise/causal-clustering/src/main/java/org/neo4j/causalclustering/readreplica/ReadReplicaStartupProcess.java,11,0,0,0,163,203,Bag
67cd4775e754938eddcee58eeca874bfe889b9d0,community/server/src/main/java/org/neo4j/server/rest/web/TransactionalService.java,6,0,1,10,212,260,NoBug
67cd4775e754938eddcee58eeca874bfe889b9d0,community/server/src/main/java/org/neo4j/server/web/JaxRsServletHolderFactory.java,6,0,1,5,91,132,NoBug
67cd4775e754938eddcee58eeca874bfe889b9d0,community/server/src/main/java/org/neo4j/server/rest/transactional/TransactionFacade.java,2,0,1,5,51,100,NoBug
67cd4775e754938eddcee58eeca874bfe889b9d0,community/server/src/test/java/org/neo4j/server/rest/transactional/ConcurrentTransactionAccessTest.java,2,0,0,2,76,113,NoBug
67cd4775e754938eddcee58eeca874bfe889b9d0,community/server/src/test/java/org/neo4j/server/rest/repr/XForwardFilterIT.java,1,0,0,11,123,187,NoBug
67cd4775e754938eddcee58eeca874bfe889b9d0,community/server/src/main/java/org/neo4j/server/AbstractNeoServer.java,32,0,1,13,610,797,NoBug
68aaaadcde195ca43c9aa6373de935aace3d87e8,community/kernel/src/test/java/org/neo4j/unsafe/batchinsert/internal/FileSystemClosingBatchInserterTest.java,1,0,0,2,22,49,NoBug
68aaaadcde195ca43c9aa6373de935aace3d87e8,community/kernel/src/test/java/org/neo4j/unsafe/batchinsert/BatchInsertersTest.java,1,0,0,3,67,100,NoBug
68aaaadcde195ca43c9aa6373de935aace3d87e8,community/io/src/test/java/org/neo4j/graphdb/mockfs/EphemeralFileSystemAbstraction.java,93,0,1,33,1183,1392,NoBug
68aaaadcde195ca43c9aa6373de935aace3d87e8,community/io/src/test/java/org/neo4j/graphdb/mockfs/EphemeralFileSystemAbstractionTest.java,13,0,0,9,233,328,NoBug
68aaaadcde195ca43c9aa6373de935aace3d87e8,community/kernel/src/main/java/org/neo4j/unsafe/batchinsert/BatchInserters.java,1,0,2,5,52,93,NoBug
68aaaadcde195ca43c9aa6373de935aace3d87e8,community/kernel/src/main/java/org/neo4j/unsafe/batchinsert/internal/FileSystemClosingBatchInserter.java,2,0,0,27,157,207,NoBug
68c237b92ed8634317ac5f848080810eefa21395,enterprise/causal-clustering/src/test/java/org/neo4j/causalclustering/discovery/ReadReplica.java,3,0,0,12,111,153,Bag
68c237b92ed8634317ac5f848080810eefa21395,integrationtests/src/test/java/org/neo4j/causalclustering/scenarios/BoltCausalClusteringIT.java,24,0,2,13,469,760,Bag
68c237b92ed8634317ac5f848080810eefa21395,enterprise/causal-clustering/src/main/java/org/neo4j/causalclustering/readreplica/EnterpriseReadReplicaEditionModule.java,2,0,1,2,210,285,Bag
68c237b92ed8634317ac5f848080810eefa21395,enterprise/causal-clustering/src/test/java/org/neo4j/causalclustering/catchup/tx/BatchingTxApplierTest.java,4,0,0,9,146,212,Bag
68c237b92ed8634317ac5f848080810eefa21395,enterprise/causal-clustering/src/test/java/org/neo4j/causalclustering/scenarios/CausalConsistencyIT.java,2,0,0,3,60,105,Bag
68c237b92ed8634317ac5f848080810eefa21395,enterprise/causal-clustering/src/main/java/org/neo4j/causalclustering/catchup/tx/BatchingTxApplier.java,6,0,2,4,106,156,Bag
68c237b92ed8634317ac5f848080810eefa21395,enterprise/causal-clustering/src/main/java/org/neo4j/causalclustering/catchup/storecopy/StoreFetcher.java,5,0,0,5,93,130,Bag
68c237b92ed8634317ac5f848080810eefa21395,enterprise/causal-clustering/src/main/java/org/neo4j/causalclustering/catchup/tx/TxPollingClient.java,6,0,1,4,153,204,Bag
68e870fcf59ee2b7ab0a098dbe42cfdad0af0a7f,community/bolt/src/main/java/org/neo4j/bolt/v1/packstream/utf8/SunMiscUTF8Encoder.java,7,0,1,1,80,145,NoBug
68f646b3b1f07b9f59b7586561fa5d434eabd888,community/kernel/src/main/java/org/neo4j/kernel/api/exceptions/KernelException.java,2,0,2,1,26,54,NoBug
691e0ace0344f1b545616bb278d4ea2a30f13308,community/bolt/src/test/java/org/neo4j/bolt/v1/transport/socket/client/WebSocketConnection.java,11,0,0,14,143,194,NoBug
691e0ace0344f1b545616bb278d4ea2a30f13308,community/bolt/src/test/java/org/neo4j/bolt/v1/transport/socket/client/SocketConnection.java,8,0,0,9,80,114,NoBug
691e0ace0344f1b545616bb278d4ea2a30f13308,community/bolt/src/test/java/org/neo4j/bolt/v1/docs/BoltFullExchangesDocTest.java,13,0,0,4,128,176,NoBug
691e0ace0344f1b545616bb278d4ea2a30f13308,community/bolt/src/test/java/org/neo4j/bolt/v1/transport/integration/RejectTransportEncryptionIT.java,3,0,0,5,70,107,NoBug
691e0ace0344f1b545616bb278d4ea2a30f13308,community/bolt/src/test/java/org/neo4j/bolt/v1/transport/socket/client/Connection.java,1,0,0,6,11,38,NoBug
6949fd23a50ae139201fbb9f0b243e85a00851f0,enterprise/security/src/main/java/org/neo4j/server/security/enterprise/auth/FileUserRealm.java,25,0,1,1,283,376,Bag
6949fd23a50ae139201fbb9f0b243e85a00851f0,enterprise/security/src/test/java/org/neo4j/server/security/enterprise/auth/AuthProceduresTest.java,15,0,18,23,617,848,Bag
69729fae020c1253f8bab4bb3c4c2f8d087741fb,community/kernel/src/test/java/org/neo4j/unsafe/batchinsert/internal/BatchInsertTest.java,38,0,1,54,1252,1637,NoBug
69729fae020c1253f8bab4bb3c4c2f8d087741fb,community/kernel/src/main/java/org/neo4j/unsafe/batchinsert/internal/BatchInserterImpl.java,63,0,1,28,1054,1247,NoBug
69729fae020c1253f8bab4bb3c4c2f8d087741fb,community/kernel/src/main/java/org/neo4j/kernel/impl/transaction/state/PropertyTraverser.java,9,0,1,3,89,129,NoBug
69729fae020c1253f8bab4bb3c4c2f8d087741fb,community/kernel/src/main/java/org/neo4j/kernel/impl/transaction/state/PropertyDeleter.java,12,0,2,3,135,194,NoBug
69939b03c39ad4d9a31a79e32460d493c97e98c8,integrationtests/src/test/java/org/neo4j/procedure/ProcedureIT.java,10,0,0,79,772,1027,NoBug
6a493f0ced9cbaac6c0f8be0238cba28a6c7650f,enterprise/causal-clustering/src/main/java/org/neo4j/causalclustering/catchup/CatchUpChannelPool.java,4,0,0,0,83,122,NoBug
6ae0873e303c40548b80c8463588e28bf99217aa,community/neo4j-harness/src/main/java/org/neo4j/harness/junit/Neo4jRule.java,4,0,1,19,140,192,NoBug
6ae0873e303c40548b80c8463588e28bf99217aa,community/neo4j-harness/src/test/java/org/neo4j/harness/SomeService.java,1,0,0,2,8,29,NoBug
6ae0873e303c40548b80c8463588e28bf99217aa,community/neo4j-harness/src/main/java/org/neo4j/harness/TestServerBuilder.java,1,0,12,0,21,130,NoBug
6ae0873e303c40548b80c8463588e28bf99217aa,community/neo4j-harness/src/main/java/org/neo4j/harness/internal/AbstractInProcessServerBuilder.java,7,0,0,13,229,291,NoBug
6ae0873e303c40548b80c8463588e28bf99217aa,community/neo4j-harness/src/test/java/org/neo4j/harness/MyCoreAPI.java,2,0,0,4,55,80,NoBug
6ae0873e303c40548b80c8463588e28bf99217aa,community/neo4j-harness/src/test/java/org/neo4j/harness/MyExtensionThatAddsInjectable.java,1,0,1,4,25,54,NoBug
6ae0873e303c40548b80c8463588e28bf99217aa,community/neo4j-harness/src/test/java/org/neo4j/harness/JavaFunctionsTest.java,1,0,0,13,132,186,NoBug
6ae0873e303c40548b80c8463588e28bf99217aa,community/neo4j-harness/src/test/java/org/neo4j/harness/JavaProceduresTest.java,1,0,0,17,152,208,NoBug
6ae0873e303c40548b80c8463588e28bf99217aa,community/neo4j-harness/src/main/java/org/neo4j/harness/internal/HarnessRegisteredProcs.java,3,0,0,4,30,57,NoBug
6ae0873e303c40548b80c8463588e28bf99217aa,community/neo4j-harness/src/test/java/org/neo4j/harness/MyExtensionThatAddsAlternativeCoreAPI.java,1,0,1,7,33,65,NoBug
6ae0873e303c40548b80c8463588e28bf99217aa,integrationtests/src/test/java/org/neo4j/procedure/UserFunctionIT.java,10,0,1,66,730,979,NoBug
6b20ce4af21feb0f5cb00500d7fa8df23ad3a0cd,community/cypher/cypher/src/main/java/org/neo4j/cypher/internal/codegen/CompiledConversionUtils.java,98,0,1,19,493,554,NoBug
6b4d2ef50f5bfcc15046d0045e1ccf73b88ac856,community/security/src/test/java/org/neo4j/commandline/admin/security/DeleteCommandTest.java,2,0,0,3,39,75,Bag
6b4d2ef50f5bfcc15046d0045e1ccf73b88ac856,community/security/src/main/java/org/neo4j/commandline/admin/security/UsersCommand.java,22,0,0,8,197,238,Bag
6b4d2ef50f5bfcc15046d0045e1ccf73b88ac856,community/security/src/test/java/org/neo4j/commandline/admin/security/UsersCommandIT.java,3,0,4,17,166,306,Bag
6b4d2ef50f5bfcc15046d0045e1ccf73b88ac856,community/security/src/test/java/org/neo4j/commandline/admin/security/CommandTestBase.java,4,0,0,0,110,154,Bag
6b75a9235ea38e0c47caacd25cc919023c0c958b,community/lucene-index/src/main/java/org/neo4j/kernel/api/impl/labelscan/LuceneLabelScanStoreExtension.java,2,0,1,6,57,98,NoBug
6b75a9235ea38e0c47caacd25cc919023c0c958b,community/lucene-index/src/test/java/org/neo4j/kernel/api/impl/schema/sampler/NonUniqueDatabaseIndexSamplerTest.java,1,0,0,4,123,168,NoBug
6b75a9235ea38e0c47caacd25cc919023c0c958b,community/lucene-index/src/main/java/org/neo4j/kernel/api/impl/index/backup/ReadOnlyIndexSnapshotFileIterator.java,2,0,0,0,40,75,NoBug
6b75a9235ea38e0c47caacd25cc919023c0c958b,community/lucene-index/src/main/java/org/neo4j/kernel/api/impl/schema/LuceneSchemaIndexProvider.java,12,0,0,8,161,199,NoBug
6b75a9235ea38e0c47caacd25cc919023c0c958b,community/neo4j/src/test/java/upgrade/StoreUpgraderTest.java,8,0,0,13,390,493,NoBug
6b75a9235ea38e0c47caacd25cc919023c0c958b,community/lucene-index/src/main/java/org/neo4j/kernel/api/impl/schema/ReadOnlyDatabaseSchemaIndex.java,1,0,6,3,57,105,NoBug
6b75a9235ea38e0c47caacd25cc919023c0c958b,community/consistency-check/src/test/java/org/neo4j/consistency/checking/GraphStoreFixture.java,5,0,1,44,426,522,NoBug
6b75a9235ea38e0c47caacd25cc919023c0c958b,community/lucene-index/src/test/java/org/neo4j/kernel/api/impl/index/DatabaseIndexIndexProviderApprovalTest.java,1,0,0,2,9,31,NoBug
6b75a9235ea38e0c47caacd25cc919023c0c958b,community/lucene-index/src/main/java/org/neo4j/kernel/api/impl/schema/populator/LuceneIndexPopulator.java,2,0,1,5,65,102,NoBug
6b75a9235ea38e0c47caacd25cc919023c0c958b,community/lucene-index/src/main/java/org/neo4j/kernel/api/impl/index/builder/AbstractLuceneIndexBuilder.java,2,0,8,0,53,133,NoBug
6b75a9235ea38e0c47caacd25cc919023c0c958b,community/lucene-index/src/main/java/org/neo4j/kernel/api/impl/index/DatabaseIndex.java,1,0,13,0,23,127,NoBug
6b75a9235ea38e0c47caacd25cc919023c0c958b,community/lucene-index/src/test/java/org/neo4j/kernel/api/impl/schema/LuceneSchemaIndexIT.java,9,0,0,9,235,303,NoBug
6b75a9235ea38e0c47caacd25cc919023c0c958b,community/lucene-index/src/main/java/org/neo4j/kernel/api/impl/schema/LuceneIndexAccessor.java,10,0,0,10,148,195,NoBug
6b75a9235ea38e0c47caacd25cc919023c0c958b,community/lucene-index/src/test/java/org/neo4j/kernel/api/impl/schema/populator/UniqueDatabaseIndexPopulatingUpdaterTest.java,2,0,0,12,187,256,NoBug
6b75a9235ea38e0c47caacd25cc919023c0c958b,community/lucene-index/src/main/java/org/neo4j/kernel/api/impl/labelscan/LuceneLabelScanIndexBuilder.java,2,0,4,0,27,75,NoBug
6b75a9235ea38e0c47caacd25cc919023c0c958b,community/lucene-index/src/main/java/org/neo4j/kernel/api/impl/index/partition/AbstractIndexPartition.java,1,0,6,1,26,89,NoBug
6b75a9235ea38e0c47caacd25cc919023c0c958b,community/lucene-index/src/main/java/org/neo4j/kernel/api/impl/index/partition/IndexPartitionFactory.java,1,0,1,1,8,35,NoBug
6b75a9235ea38e0c47caacd25cc919023c0c958b,community/lucene-index/src/main/java/org/neo4j/kernel/api/impl/schema/writer/PartitionedIndexWriter.java,5,0,1,6,82,124,NoBug
6b75a9235ea38e0c47caacd25cc919023c0c958b,community/consistency-check/src/main/java/org/neo4j/consistency/ConsistencyCheckService.java,7,0,0,10,190,241,NoBug
6b75a9235ea38e0c47caacd25cc919023c0c958b,community/lucene-index/src/test/java/org/neo4j/kernel/api/impl/index/LuceneSchemaIndexPopulationIT.java,2,0,0,6,95,135,NoBug
6b75a9235ea38e0c47caacd25cc919023c0c958b,community/lucene-index/src/main/java/org/neo4j/kernel/api/impl/index/AbstractLuceneIndex.java,23,0,10,6,265,386,NoBug
6b75a9235ea38e0c47caacd25cc919023c0c958b,community/lucene-index/src/main/java/org/neo4j/kernel/api/impl/index/backup/LuceneIndexSnapshots.java,5,0,3,0,54,100,NoBug
6b75a9235ea38e0c47caacd25cc919023c0c958b,community/lucene-index/src/main/java/org/neo4j/kernel/api/impl/schema/LuceneSchemaIndexBuilder.java,2,0,7,0,51,123,NoBug
6b75a9235ea38e0c47caacd25cc919023c0c958b,community/lucene-index/src/test/java/org/neo4j/kernel/api/impl/labelscan/LuceneLabelScanIndexIT.java,4,0,0,6,83,119,NoBug
6b75a9235ea38e0c47caacd25cc919023c0c958b,community/lucene-index/src/main/java/org/neo4j/kernel/api/impl/schema/populator/UniqueLuceneIndexPopulatingUpdater.java,1,0,1,2,48,85,NoBug
6b75a9235ea38e0c47caacd25cc919023c0c958b,community/lucene-index/src/main/java/org/neo4j/kernel/api/impl/schema/WritableDatabaseSchemaIndex.java,1,0,6,5,82,133,NoBug
6b75a9235ea38e0c47caacd25cc919023c0c958b,community/lucene-index/src/main/java/org/neo4j/kernel/api/impl/labelscan/ReadOnlyDatabaseLabelScanIndex.java,1,0,2,3,31,65,NoBug
6b75a9235ea38e0c47caacd25cc919023c0c958b,community/lucene-index/src/main/java/org/neo4j/kernel/api/impl/index/partition/PartitionSearcher.java,1,0,1,3,25,55,NoBug
6b75a9235ea38e0c47caacd25cc919023c0c958b,community/lucene-index/src/test/java/org/neo4j/kernel/api/impl/schema/DatabaseIndexAccessorTest.java,3,0,0,13,234,349,NoBug
6b75a9235ea38e0c47caacd25cc919023c0c958b,community/lucene-index/src/test/java/org/neo4j/kernel/api/impl/index/DatabaseIndexIntegrationTest.java,6,0,0,4,236,316,NoBug
6b75a9235ea38e0c47caacd25cc919023c0c958b,community/lucene-index/src/test/java/org/neo4j/kernel/api/impl/schema/LuceneIndexRecoveryIT.java,4,0,0,8,264,363,NoBug
6b75a9235ea38e0c47caacd25cc919023c0c958b,community/lucene-index/src/main/java/org/neo4j/kernel/api/impl/schema/LuceneSchemaIndexProviderFactory.java,1,0,0,5,36,65,NoBug
6b75a9235ea38e0c47caacd25cc919023c0c958b,community/lucene-index/src/main/java/org/neo4j/kernel/api/impl/index/partition/WritableIndexPartition.java,1,0,6,1,48,97,NoBug
6b75a9235ea38e0c47caacd25cc919023c0c958b,community/lucene-index/src/main/java/org/neo4j/kernel/api/impl/index/backup/UnsupportedIndexDeletionPolicy.java,1,0,0,0,8,36,NoBug
6b75a9235ea38e0c47caacd25cc919023c0c958b,community/lucene-index/src/test/java/org/neo4j/kernel/api/impl/schema/ReadOnlyLuceneSchemaIndexTest.java,1,0,0,8,68,100,NoBug
6b75a9235ea38e0c47caacd25cc919023c0c958b,community/lucene-index/src/main/java/org/neo4j/kernel/api/impl/labelscan/LuceneLabelScanIndex.java,3,0,0,0,65,110,NoBug
6b75a9235ea38e0c47caacd25cc919023c0c958b,community/lucene-index/src/test/java/org/neo4j/kernel/api/impl/index/DatabaseIndexConstraintProviderApprovalTest.java,1,0,0,2,9,31,NoBug
6b75a9235ea38e0c47caacd25cc919023c0c958b,community/lucene-index/src/main/java/org/neo4j/kernel/api/impl/schema/populator/NonUniqueLuceneIndexPopulator.java,1,0,1,5,39,72,NoBug
6b75a9235ea38e0c47caacd25cc919023c0c958b,community/lucene-index/src/main/java/org/neo4j/kernel/api/impl/labelscan/LabelScanIndex.java,1,0,2,2,12,48,NoBug
6b75a9235ea38e0c47caacd25cc919023c0c958b,community/lucene-index/src/test/java/org/neo4j/kernel/api/impl/schema/AccessUniqueDatabaseIndexTest.java,2,0,0,5,119,178,NoBug
6b75a9235ea38e0c47caacd25cc919023c0c958b,community/lucene-index/src/test/java/org/neo4j/kernel/api/impl/schema/populator/UniqueDatabaseIndexPopulatorTest.java,10,0,0,20,376,554,NoBug
6b75a9235ea38e0c47caacd25cc919023c0c958b,community/lucene-index/src/test/java/org/neo4j/kernel/api/impl/schema/LuceneSchemaIndexBuilderTest.java,1,0,0,3,50,78,NoBug
6b75a9235ea38e0c47caacd25cc919023c0c958b,community/lucene-index/src/main/java/org/neo4j/kernel/api/impl/labelscan/WritableDatabaseLabelScanIndex.java,1,0,2,3,38,71,NoBug
6b75a9235ea38e0c47caacd25cc919023c0c958b,community/lucene-index/src/test/java/org/neo4j/index/impl/lucene/legacy/NonUniqueIndexTests.java,1,0,0,2,126,163,NoBug
6b75a9235ea38e0c47caacd25cc919023c0c958b,community/lucene-index/src/test/java/org/neo4j/kernel/api/impl/labelscan/storestrategy/NodeRangeDocumentLabelScanStorageStrategyTest.java,9,0,1,7,261,371,NoBug
6b75a9235ea38e0c47caacd25cc919023c0c958b,community/lucene-index/src/test/java/org/neo4j/kernel/api/impl/schema/LuceneSchemaIndexPopulatorTest.java,5,0,0,10,249,318,NoBug
6b75a9235ea38e0c47caacd25cc919023c0c958b,community/lucene-index/src/test/java/org/neo4j/kernel/api/impl/schema/populator/NonUniqueDatabaseIndexPopulatingUpdaterTest.java,2,0,0,9,153,213,NoBug
6b75a9235ea38e0c47caacd25cc919023c0c958b,community/lucene-index/src/main/java/org/neo4j/kernel/api/impl/schema/LuceneSchemaIndex.java,4,0,0,0,137,218,NoBug
6b75a9235ea38e0c47caacd25cc919023c0c958b,community/lucene-index/src/main/java/org/neo4j/kernel/api/impl/schema/populator/UniqueLuceneIndexPopulator.java,1,0,1,5,41,75,NoBug
6b75a9235ea38e0c47caacd25cc919023c0c958b,community/lucene-index/src/main/java/org/neo4j/index/lucene/LuceneLabelScanStoreBuilder.java,3,0,1,2,57,95,NoBug
6b75a9235ea38e0c47caacd25cc919023c0c958b,community/lucene-index/src/main/java/org/neo4j/kernel/api/impl/labelscan/LuceneLabelScanStore.java,7,0,0,18,160,210,NoBug
6b75a9235ea38e0c47caacd25cc919023c0c958b,community/lucene-index/src/test/java/org/neo4j/kernel/api/impl/index/backup/WritableIndexSnapshotFileIteratorTest.java,1,0,0,1,14,39,NoBug
6b75a9235ea38e0c47caacd25cc919023c0c958b,community/lucene-index/src/test/java/org/neo4j/kernel/api/impl/labelscan/LuceneLabelScanStoreTest.java,17,0,0,22,490,645,NoBug
6b75a9235ea38e0c47caacd25cc919023c0c958b,community/lucene-index/src/test/java/org/neo4j/kernel/api/impl/index/LuceneSchemaIndexUniquenessVerificationIT.java,13,0,0,20,388,497,NoBug
6b75a9235ea38e0c47caacd25cc919023c0c958b,community/lucene-index/src/test/java/org/neo4j/kernel/api/impl/labelscan/ReadOnlyLuceneLabelScanIndexTest.java,1,0,0,7,56,88,NoBug
6b75a9235ea38e0c47caacd25cc919023c0c958b,community/lucene-index/src/main/java/org/neo4j/kernel/api/impl/schema/SchemaIndex.java,1,0,6,2,21,89,NoBug
6b75a9235ea38e0c47caacd25cc919023c0c958b,community/lucene-index/src/test/java/org/neo4j/kernel/api/impl/labelscan/LuceneLabelScanStoreWriterTest.java,9,0,0,9,364,485,NoBug
6b75a9235ea38e0c47caacd25cc919023c0c958b,community/lucene-index/src/test/java/org/neo4j/kernel/api/impl/schema/LuceneSchemaIndexTest.java,2,0,0,7,111,156,NoBug
6b75a9235ea38e0c47caacd25cc919023c0c958b,community/lucene-index/src/main/java/org/neo4j/kernel/api/impl/index/partition/ReadOnlyIndexPartitionFactory.java,1,0,1,1,12,38,NoBug
6b75a9235ea38e0c47caacd25cc919023c0c958b,community/lucene-index/src/test/java/org/neo4j/kernel/api/impl/schema/LuceneSchemaIndexProviderTest.java,1,0,0,4,76,113,NoBug
6b75a9235ea38e0c47caacd25cc919023c0c958b,community/lucene-index/src/test/java/org/neo4j/kernel/api/impl/schema/sampler/UniqueDatabaseIndexSamplerTest.java,1,0,0,3,38,72,NoBug
6b75a9235ea38e0c47caacd25cc919023c0c958b,community/lucene-index/src/main/java/org/neo4j/kernel/api/impl/index/ReadOnlyAbstractDatabaseIndex.java,1,0,14,1,77,161,NoBug
6b75a9235ea38e0c47caacd25cc919023c0c958b,community/lucene-index/src/test/java/org/neo4j/kernel/api/impl/schema/populator/NonUniqueDatabaseIndexPopulatorTest.java,2,0,0,7,104,153,NoBug
6b75a9235ea38e0c47caacd25cc919023c0c958b,community/lucene-index/src/main/java/org/neo4j/kernel/api/impl/index/partition/ReadOnlyIndexPartition.java,1,0,4,2,44,95,NoBug
6b75a9235ea38e0c47caacd25cc919023c0c958b,community/lucene-index/src/test/java/org/neo4j/kernel/api/impl/index/backup/ReadOnlyIndexSnapshotFileIteratorTest.java,1,0,0,5,86,123,NoBug
6b75a9235ea38e0c47caacd25cc919023c0c958b,community/lucene-index/src/main/java/org/neo4j/kernel/api/impl/index/WritableAbstractDatabaseIndex.java,1,0,15,1,134,225,NoBug
6b75a9235ea38e0c47caacd25cc919023c0c958b,enterprise/ha/src/test/java/org/neo4j/kernel/api/SchemaIndexHaIT.java,18,0,0,9,465,611,NoBug
6b75a9235ea38e0c47caacd25cc919023c0c958b,community/lucene-index/src/main/java/org/neo4j/kernel/api/impl/index/backup/SnapshotReleaseException.java,1,0,0,0,8,37,NoBug
6b75a9235ea38e0c47caacd25cc919023c0c958b,community/lucene-index/src/test/java/org/neo4j/kernel/api/impl/index/partition/IndexPartitionFactoryTest.java,1,0,0,4,67,101,NoBug
6b75a9235ea38e0c47caacd25cc919023c0c958b,enterprise/neo4j-enterprise/src/test/java/upgrade/StoreMigratorFrom20IT.java,1,0,0,7,203,256,NoBug
6b75a9235ea38e0c47caacd25cc919023c0c958b,community/lucene-index/src/main/java/org/neo4j/kernel/api/impl/index/backup/WritableIndexSnapshotFileIterator.java,2,0,1,1,28,60,NoBug
6b75a9235ea38e0c47caacd25cc919023c0c958b,community/lucene-index/src/test/java/org/neo4j/kernel/api/impl/labelscan/LuceneLabelScanIndexBuilderTest.java,1,0,0,3,48,77,NoBug
6b75a9235ea38e0c47caacd25cc919023c0c958b,community/lucene-index/src/main/java/org/neo4j/kernel/api/impl/index/partition/WritableIndexPartitionFactory.java,1,0,1,2,19,48,NoBug
6b75a9235ea38e0c47caacd25cc919023c0c958b,community/lucene-index/src/main/java/org/neo4j/kernel/api/impl/labelscan/writer/PartitionedLuceneLabelScanWriter.java,17,0,1,3,170,228,NoBug
6b75a9235ea38e0c47caacd25cc919023c0c958b,community/neo4j/src/test/java/upgrade/StoreUpgraderInterruptionTestIT.java,3,0,0,4,192,240,NoBug
6c7da498fdbe7b863acfcc5b1506ed50e55b1727,enterprise/cluster/src/main/java/org/neo4j/cluster/protocol/atomicbroadcast/multipaxos/context/HeartbeatContextImpl.java,29,0,0,0,262,341,Bag
6c7da498fdbe7b863acfcc5b1506ed50e55b1727,enterprise/cluster/src/test/java/org/neo4j/cluster/protocol/atomicbroadcast/multipaxos/context/AtomicBroadcastContextImplTest.java,3,0,0,4,77,121,Bag
6c7da498fdbe7b863acfcc5b1506ed50e55b1727,community/kernel/src/test/java/org/neo4j/test/DatabaseRule.java,4,0,0,20,194,253,NoBug
6c7da498fdbe7b863acfcc5b1506ed50e55b1727,community/cypher/cypher/src/test/java/org/neo4j/cypher/QueryInvalidationIT.java,5,0,0,2,89,136,NoBug
6c8369c716c6e03b95a6d4de5a991dc0b7e2e0f0,community/kernel/src/main/java/org/neo4j/kernel/impl/pagecache/StandalonePageCacheFactory.java,1,0,1,2,82,126,NoBug
6d2d3f4cab315b0330bc8c02cc225e0b6822465f,community/cypher/cypher/src/test/java/org/neo4j/cypher/DeleteNodeStressIT.java,4,0,0,6,91,140,Bag
6d667ae4e93fbe3d455f6a889bc30b4152de2035,community/kernel/src/main/java/org/neo4j/kernel/info/SystemDiagnostics.java,37,0,0,0,307,350,Bag
6d982cbbfe60b92ad8356dd0443631e6701d8ae9,enterprise/security/src/test/java/org/neo4j/server/security/enterprise/auth/ShiroAuthManagerTest.java,7,0,0,21,283,427,Bag
6d982cbbfe60b92ad8356dd0443631e6701d8ae9,enterprise/security/src/main/java/org/neo4j/server/security/enterprise/auth/ShiroAuthManager.java,8,0,0,14,143,199,Bag
6d982cbbfe60b92ad8356dd0443631e6701d8ae9,enterprise/security/src/main/java/org/neo4j/server/security/enterprise/auth/ShiroAuthSubject.java,6,0,0,11,92,129,Bag
6dd96b8fc736655801d4e4d4ed0afd9d048b8d5e,community/kernel/src/main/java/org/neo4j/kernel/impl/api/OperationsFacade.java,21,0,13,147,1384,1631,Bag
6dd96b8fc736655801d4e4d4ed0afd9d048b8d5e,enterprise/security/src/test/java/org/neo4j/server/security/enterprise/auth/ProcedureInteractionTestBase.java,8,0,0,24,565,692,NoBug
6dd96b8fc736655801d4e4d4ed0afd9d048b8d5e,enterprise/security/src/test/java/org/neo4j/server/security/enterprise/auth/AuthProceduresInteractionTestBase.java,5,0,24,66,805,1008,NoBug
6deaa8d1740e012916c9f4d8cafe8dbaf6d68e38,community/cypher/cypher/src/test/java/org/neo4j/cypher/export/ExportTest.java,1,0,0,23,286,345,NoBug
6deaa8d1740e012916c9f4d8cafe8dbaf6d68e38,community/cypher/cypher/src/main/java/org/neo4j/cypher/export/SubGraphExporter.java,29,0,0,6,233,275,NoBug
6eabd27b55177dfd0f40b5c796235b9ec0c7aae6,enterprise/ha/src/main/java/org/neo4j/kernel/ha/SlaveUpdatePuller.java,15,0,1,10,225,363,NoBug
6eabd27b55177dfd0f40b5c796235b9ec0c7aae6,enterprise/ha/src/main/java/org/neo4j/kernel/ha/cluster/modeswitch/LockManagerSwitcher.java,2,0,0,2,56,83,NoBug
6eabd27b55177dfd0f40b5c796235b9ec0c7aae6,enterprise/ha/src/main/java/org/neo4j/kernel/ha/UpdatePuller.java,1,0,7,1,13,82,NoBug
6eabd27b55177dfd0f40b5c796235b9ec0c7aae6,enterprise/ha/src/main/java/org/neo4j/kernel/ha/MasterUpdatePuller.java,1,0,1,5,30,65,NoBug
6eabd27b55177dfd0f40b5c796235b9ec0c7aae6,enterprise/ha/src/main/java/org/neo4j/kernel/ha/cluster/modeswitch/UpdatePullerSwitcher.java,3,0,1,1,41,76,NoBug
6eabd27b55177dfd0f40b5c796235b9ec0c7aae6,enterprise/ha/src/test/java/org/neo4j/kernel/ha/cluster/modeswitch/UpdatePullerSwitcherTest.java,1,0,0,5,54,84,NoBug
6eabd27b55177dfd0f40b5c796235b9ec0c7aae6,enterprise/ha/src/main/java/org/neo4j/kernel/ha/cluster/modeswitch/AbstractComponentSwitcher.java,1,0,1,3,43,84,NoBug
6eabd27b55177dfd0f40b5c796235b9ec0c7aae6,enterprise/ha/src/test/java/org/neo4j/kernel/ha/SlaveUpdatePullerTest.java,6,0,0,13,220,310,NoBug
6ef18bdb2dab30c84f4460f565d6e54c560e3936,community/kernel/src/test/java/org/neo4j/kernel/impl/locking/AcquisitionTimeoutCompatibility.java,2,0,0,8,108,163,Bag
6f1ada5aaa5bb07edf94f944d05b0548602956f2,enterprise/ha/src/main/java/org/neo4j/kernel/ha/cluster/member/ClusterMembers.java,10,0,1,4,152,197,NoBug
6f1ada5aaa5bb07edf94f944d05b0548602956f2,enterprise/ha/src/test/java/org/neo4j/kernel/ha/cluster/member/ClusterMembersTest.java,2,0,0,13,244,378,NoBug
6f1ada5aaa5bb07edf94f944d05b0548602956f2,enterprise/ha/src/test/java/org/neo4j/ha/TestPullUpdatesApplied.java,10,0,2,4,191,266,NoBug
6f1ada5aaa5bb07edf94f944d05b0548602956f2,enterprise/cluster/src/main/java/org/neo4j/cluster/member/paxos/PaxosClusterMemberEvents.java,11,0,1,17,359,442,NoBug
6f1ada5aaa5bb07edf94f944d05b0548602956f2,enterprise/cluster/src/main/java/org/neo4j/cluster/protocol/election/ClusterLeaveReelectionListener.java,1,0,1,2,23,52,NoBug
6f1ada5aaa5bb07edf94f944d05b0548602956f2,enterprise/cluster/src/test/java/org/neo4j/cluster/protocol/atomicbroadcast/multipaxos/MultiPaxosServer.java,12,0,1,6,231,282,NoBug
6f1ada5aaa5bb07edf94f944d05b0548602956f2,enterprise/cluster/src/test/java/org/neo4j/cluster/protocol/cluster/ClusterNetworkTest.java,27,0,1,19,414,561,NoBug
6f1ada5aaa5bb07edf94f944d05b0548602956f2,enterprise/cluster/src/main/java/org/neo4j/cluster/protocol/atomicbroadcast/multipaxos/MultiPaxosContext.java,55,0,1,9,1233,1504,NoBug
6f1ada5aaa5bb07edf94f944d05b0548602956f2,enterprise/ha/src/main/java/org/neo4j/kernel/ha/HighAvailabilityConsoleLogger.java,2,0,14,1,90,199,NoBug
6f1ada5aaa5bb07edf94f944d05b0548602956f2,enterprise/cluster/src/main/java/org/neo4j/cluster/protocol/cluster/ClusterListener.java,1,0,6,8,40,106,NoBug
6f1ada5aaa5bb07edf94f944d05b0548602956f2,enterprise/cluster/src/main/java/org/neo4j/cluster/InstanceId.java,7,0,0,11,69,106,NoBug
6f1ada5aaa5bb07edf94f944d05b0548602956f2,enterprise/cluster/src/test/java/org/neo4j/cluster/protocol/cluster/ClusterMockTest.java,51,0,1,26,713,834,NoBug
6f1ada5aaa5bb07edf94f944d05b0548602956f2,enterprise/ha/src/test/java/org/neo4j/ha/TestPullUpdates.java,12,0,0,5,204,259,NoBug
6f215f6f81de35daac3361efda191fe34a131ed9,community/lucene-index/src/main/java/org/neo4j/index/impl/lucene/legacy/IndexType.java,42,0,0,6,391,469,Bag
6f215f6f81de35daac3361efda191fe34a131ed9,community/lucene-index/src/test/java/org/neo4j/index/impl/lucene/legacy/TestLuceneIndex.java,45,0,0,91,1732,2026,Bag
6f215f6f81de35daac3361efda191fe34a131ed9,community/lucene-index/src/test/java/org/neo4j/index/impl/lucene/legacy/AbstractLuceneIndexTest.java,6,0,0,7,148,194,Bag
700418fa709d3ef4494beac84f3c82831803b960,enterprise/causal-clustering/src/main/java/org/neo4j/causalclustering/core/consensus/log/segmented/RecoveryProtocol.java,11,0,0,0,148,201,Bag
700418fa709d3ef4494beac84f3c82831803b960,enterprise/causal-clustering/src/test/java/org/neo4j/causalclustering/core/consensus/log/segmented/RecoveryProtocolTest.java,4,0,0,10,152,232,Bag
70e2351e3ccf15dc3675c778e2456cb8f6b1a34a,community/kernel/src/main/java/org/neo4j/kernel/impl/api/OperationsFacade.java,11,0,10,97,829,1003,Bag
70e2351e3ccf15dc3675c778e2456cb8f6b1a34a,community/server/src/test/java/org/neo4j/server/rest/web/DatabaseActionsTest.java,19,0,0,64,1397,1659,Bag
70e2351e3ccf15dc3675c778e2456cb8f6b1a34a,community/kernel/src/main/java/org/neo4j/kernel/api/exceptions/schema/SchemaRuleNotFoundException.java,1,0,0,4,22,48,Bag
70e2351e3ccf15dc3675c778e2456cb8f6b1a34a,community/kernel/src/main/java/org/neo4j/kernel/impl/coreapi/schema/SchemaImpl.java,39,0,0,12,437,504,Bag
70e2351e3ccf15dc3675c778e2456cb8f6b1a34a,community/kernel/src/test/java/org/neo4j/graphdb/SchemaAcceptanceTest.java,12,0,0,24,453,594,Bag
7133cda9323ffdaf396536337cfebbdafab1cf1b,community/kernel/src/test/java/org/neo4j/kernel/TestPlaceboTransaction.java,1,0,0,8,78,127,Bag
7133cda9323ffdaf396536337cfebbdafab1cf1b,community/kernel/src/main/java/org/neo4j/kernel/impl/query/Neo4jTransactionalContext.java,7,0,0,20,249,327,Bag
7133cda9323ffdaf396536337cfebbdafab1cf1b,community/kernel/src/main/java/org/neo4j/kernel/impl/coreapi/PlaceboTransaction.java,2,0,0,11,68,101,Bag
7133cda9323ffdaf396536337cfebbdafab1cf1b,community/kernel/src/test/java/org/neo4j/kernel/impl/query/Neo4jTransactionalContextTest.java,2,0,0,6,245,328,Bag
7133cda9323ffdaf396536337cfebbdafab1cf1b,community/bolt/src/main/java/org/neo4j/bolt/v1/runtime/TransactionStateMachine.java,20,0,0,8,338,430,Bag
7133cda9323ffdaf396536337cfebbdafab1cf1b,community/kernel/src/test/java/org/neo4j/kernel/TopLevelTransactionTest.java,5,0,0,5,98,135,Bag
7133cda9323ffdaf396536337cfebbdafab1cf1b,community/kernel/src/main/java/org/neo4j/kernel/impl/coreapi/InternalTransaction.java,1,0,0,4,10,32,Bag
7133cda9323ffdaf396536337cfebbdafab1cf1b,community/kernel/src/main/java/org/neo4j/kernel/impl/coreapi/TopLevelTransaction.java,8,0,0,11,109,146,Bag
7133cda9323ffdaf396536337cfebbdafab1cf1b,community/bolt/src/main/java/org/neo4j/bolt/v1/runtime/BoltStateMachine.java,27,0,9,17,600,837,Bag
71862473dec743ab6537f08ff5769064d4a84c77,enterprise/causal-clustering/src/main/java/org/neo4j/causalclustering/catchup/tx/TxPollingClient.java,6,0,1,4,144,195,Bag
71862473dec743ab6537f08ff5769064d4a84c77,enterprise/causal-clustering/src/test/java/org/neo4j/causalclustering/catchup/tx/TxPollingClientTest.java,1,0,0,7,110,167,Bag
71862473dec743ab6537f08ff5769064d4a84c77,enterprise/causal-clustering/src/main/java/org/neo4j/causalclustering/readreplica/EnterpriseReadReplicaEditionModule.java,1,0,1,2,183,255,Bag
71afa4af49178e4945787667e8b99bb10e9f761a,community/kernel/src/main/java/org/neo4j/kernel/impl/transaction/state/PropertyDeleter.java,11,0,0,4,116,155,Bag
71afa4af49178e4945787667e8b99bb10e9f761a,community/kernel/src/main/java/org/neo4j/kernel/impl/transaction/state/PropertyTraverser.java,9,0,0,4,89,116,Bag
71afa4af49178e4945787667e8b99bb10e9f761a,community/kernel/src/main/java/org/neo4j/unsafe/batchinsert/internal/BatchInserterImpl.java,63,0,1,28,1054,1247,Bag
71afa4af49178e4945787667e8b99bb10e9f761a,community/kernel/src/test/java/org/neo4j/unsafe/batchinsert/internal/BatchInsertTest.java,38,0,1,52,1235,1608,Bag
71f99a8e3d3ea00bc8abdaec20331eefed9dc782,community/collections/src/test/java/org/neo4j/helpers/collection/MapUtilTest.java,1,0,0,3,28,67,NoBug
71f99a8e3d3ea00bc8abdaec20331eefed9dc782,community/collections/src/main/java/org/neo4j/helpers/collection/MapUtil.java,16,0,19,9,239,445,NoBug
7232a16967f2527cc4440cb7bfafac20c25e69c7,community/kernel/src/test/java/org/neo4j/kernel/impl/proc/ReflectiveUserAggregationFunctionTest.java,8,0,0,111,673,874,Bag
7232a16967f2527cc4440cb7bfafac20c25e69c7,community/kernel/src/main/java/org/neo4j/kernel/impl/proc/ReflectiveProcedureCompiler.java,67,0,0,0,725,852,Bag
7232a16967f2527cc4440cb7bfafac20c25e69c7,community/cypher/cypher/src/test/java/org/neo4j/cypher/internal/javacompat/NotificationAcceptanceTest.java,7,0,0,12,196,269,NoBug
7232a16967f2527cc4440cb7bfafac20c25e69c7,community/bolt/src/test/java/org/neo4j/bolt/v1/transport/integration/TransportSessionIT.java,3,0,0,17,345,461,NoBug
7232a16967f2527cc4440cb7bfafac20c25e69c7,community/kernel/src/main/java/org/neo4j/graphdb/impl/notification/NotificationDetail.java,9,0,0,15,200,247,NoBug
72d0d0866cec2cffd1b4804ae432c4bb5d9dfb7e,enterprise/security/src/main/java/org/neo4j/server/security/enterprise/auth/InternalFlatFileRealm.java,58,0,1,26,637,762,Bag
72f4905a57daf8e61bb0af9000b2c1f752e2c97d,integrationtests/src/test/java/org/neo4j/procedure/ProcedureIT.java,10,0,0,76,743,987,NoBug
7371cb8d3103c76e98ad681c74acbc7520d9b012,community/kernel/src/test/java/org/neo4j/kernel/impl/locking/AcquisitionTimeoutCompatibility.java,2,0,0,8,108,167,NoBug
7377211c6d970bf4f9ee215e88782b5e26d1ec32,community/kernel/src/main/java/org/neo4j/kernel/info/SystemDiagnostics.java,38,0,0,0,314,358,NoBug
737bbf8d7a2c473b0df517235b3822c3b4110231,community/bolt/src/main/java/org/neo4j/bolt/v1/runtime/BoltStateMachine.java,24,0,9,16,559,787,NoBug
737bbf8d7a2c473b0df517235b3822c3b4110231,community/bolt/src/main/java/org/neo4j/bolt/BoltKernelExtension.java,9,0,1,14,185,282,NoBug
737bbf8d7a2c473b0df517235b3822c3b4110231,community/bolt/src/main/java/org/neo4j/bolt/v1/runtime/BoltConnectionAuthFatality.java,1,0,1,1,8,32,NoBug
737bbf8d7a2c473b0df517235b3822c3b4110231,community/bolt/src/main/java/org/neo4j/bolt/v1/runtime/BoltProtocolBreachFatality.java,1,0,1,1,8,32,NoBug
737bbf8d7a2c473b0df517235b3822c3b4110231,community/bolt/src/main/java/org/neo4j/bolt/v1/runtime/concurrent/RunnableBoltWorker.java,12,0,0,0,114,160,NoBug
737bbf8d7a2c473b0df517235b3822c3b4110231,community/bolt/src/test/java/org/neo4j/bolt/security/auth/BasicAuthenticationTest.java,1,0,0,11,177,268,NoBug
737bbf8d7a2c473b0df517235b3822c3b4110231,community/bolt/src/test/java/org/neo4j/bolt/v1/runtime/concurrent/RunnableBoltWorkerTest.java,1,0,0,6,76,129,NoBug
737bbf8d7a2c473b0df517235b3822c3b4110231,community/bolt/src/test/java/org/neo4j/bolt/v1/runtime/integration/SessionRule.java,4,0,0,0,116,150,NoBug
737bbf8d7a2c473b0df517235b3822c3b4110231,community/bolt/src/main/java/org/neo4j/bolt/security/auth/BasicAuthentication.java,10,0,1,2,80,115,NoBug
7435dfb6290889b1690faab631272ef95a97e838,enterprise/core-edge/src/main/java/org/neo4j/coreedge/core/server/CoreServerModule.java,2,0,0,2,139,189,Bag
7435dfb6290889b1690faab631272ef95a97e838,enterprise/core-edge/src/main/java/org/neo4j/coreedge/core/consensus/ConsensusModule.java,6,0,0,6,190,250,Bag
74a1a9548eb21aa21d3b16f5433017523684b770,community/shell/src/main/java/org/neo4j/shell/kernel/apps/cypher/Using.java,2,0,0,1,42,66,Bag
74a1a9548eb21aa21d3b16f5433017523684b770,community/kernel/src/main/java/org/neo4j/kernel/internal/GraphDatabaseAPI.java,1,0,4,1,13,53,Bag
74a1a9548eb21aa21d3b16f5433017523684b770,community/kernel/src/test/java/org/neo4j/test/DatabaseRule.java,7,0,2,49,364,468,Bag
74a1a9548eb21aa21d3b16f5433017523684b770,community/shell/src/main/java/org/neo4j/shell/kernel/apps/TransactionProvidingApp.java,89,0,7,7,672,835,Bag
74a1a9548eb21aa21d3b16f5433017523684b770,community/shell/src/main/java/org/neo4j/shell/kernel/ReadOnlyGraphDatabaseProxy.java,3,0,0,52,872,1060,Bag
74a1a9548eb21aa21d3b16f5433017523684b770,community/shell/src/test/java/org/neo4j/shell/TestApps.java,13,0,1,80,1001,1251,Bag
760f107b155cb776fdb628fa64575a9ed367720b,community/bolt/src/main/java/org/neo4j/bolt/v1/runtime/BoltStateMachine.java,24,0,9,16,559,787,NoBug
760f107b155cb776fdb628fa64575a9ed367720b,community/bolt/src/main/java/org/neo4j/bolt/v1/messaging/BoltMessageRouter.java,6,0,1,7,189,256,NoBug
760f107b155cb776fdb628fa64575a9ed367720b,community/bolt/src/test/java/org/neo4j/bolt/v1/transport/integration/TransportSessionIT.java,3,0,0,16,328,437,NoBug
7643273606f6449b703ac8c3692747b7a2171a07,community/csv/src/test/java/org/neo4j/csv/reader/BufferedCharSeekerTest.java,25,0,0,19,365,499,Bag
7643273606f6449b703ac8c3692747b7a2171a07,community/csv/src/test/java/org/neo4j/csv/reader/ExtractorsTest.java,10,0,0,11,151,234,Bag
7643273606f6449b703ac8c3692747b7a2171a07,community/csv/src/main/java/org/neo4j/csv/reader/Extractor.java,1,0,4,0,8,57,Bag
7643273606f6449b703ac8c3692747b7a2171a07,community/csv/src/main/java/org/neo4j/csv/reader/Mark.java,3,0,1,4,51,91,Bag
7643273606f6449b703ac8c3692747b7a2171a07,community/csv/src/main/java/org/neo4j/csv/reader/BufferedCharSeeker.java,27,0,1,8,212,271,Bag
7643273606f6449b703ac8c3692747b7a2171a07,community/csv/src/main/java/org/neo4j/csv/reader/Extractors.java,41,0,6,39,725,932,Bag
769c4c6b9a0cb5af55c3fbb21842914a7758c1d9,enterprise/core-edge/src/test/java/org/neo4j/coreedge/raft/log/VerifyingRaftLog.java,5,0,0,0,115,163,NoBug
769c4c6b9a0cb5af55c3fbb21842914a7758c1d9,enterprise/core-edge/src/main/java/org/neo4j/coreedge/raft/log/PhysicalRaftLog.java,24,0,2,16,359,489,NoBug
769c4c6b9a0cb5af55c3fbb21842914a7758c1d9,enterprise/core-edge/src/main/java/org/neo4j/coreedge/raft/log/InMemoryRaftLog.java,22,0,0,11,186,234,NoBug
769c4c6b9a0cb5af55c3fbb21842914a7758c1d9,enterprise/core-edge/src/main/java/org/neo4j/coreedge/raft/log/NaiveDurableRaftLog.java,21,0,1,10,348,458,NoBug
769c4c6b9a0cb5af55c3fbb21842914a7758c1d9,enterprise/core-edge/src/main/java/org/neo4j/coreedge/raft/state/CoreState.java,16,0,2,9,218,308,NoBug
769c4c6b9a0cb5af55c3fbb21842914a7758c1d9,enterprise/core-edge/src/test/java/org/neo4j/coreedge/raft/state/CoreStateTest.java,2,0,1,5,124,190,NoBug
769c4c6b9a0cb5af55c3fbb21842914a7758c1d9,enterprise/core-edge/src/main/java/org/neo4j/coreedge/raft/log/RaftLogCursor.java,1,0,0,5,36,65,NoBug
769dbdbf463a23dc760d655a5a7ecefac80ca7e5,community/kernel/src/test/java/org/neo4j/kernel/impl/api/index/ContractCheckingIndexProxyTest.java,1,0,0,15,208,318,NoBug
769dbdbf463a23dc760d655a5a7ecefac80ca7e5,community/kernel/src/main/java/org/neo4j/kernel/impl/api/index/ContractCheckingIndexProxy.java,13,0,1,6,130,197,NoBug
7723d89e6d1d951e8923fb102da0228db2e4e8f9,community/kernel/src/main/java/org/neo4j/kernel/impl/api/store/StoreNodeRelationshipCursor.java,27,0,1,5,235,301,Bag
7723d89e6d1d951e8923fb102da0228db2e4e8f9,community/kernel/src/test/java/org/neo4j/kernel/impl/api/state/IndexQueryTransactionStateTest.java,1,0,0,14,244,374,Bag
7723d89e6d1d951e8923fb102da0228db2e4e8f9,community/kernel/src/main/java/org/neo4j/kernel/impl/api/store/StorePropertyCursor.java,6,0,1,7,82,125,Bag
7723d89e6d1d951e8923fb102da0228db2e4e8f9,community/kernel/src/main/java/org/neo4j/kernel/impl/api/store/StoreAbstractNodeCursor.java,35,0,1,14,492,578,Bag
7723d89e6d1d951e8923fb102da0228db2e4e8f9,community/kernel/src/test/java/org/neo4j/kernel/impl/api/store/StorePropertyCursorTest.java,14,0,0,33,724,900,Bag
7723d89e6d1d951e8923fb102da0228db2e4e8f9,community/kernel/src/test/java/org/neo4j/kernel/impl/api/state/StateHandlingStatementOperationsTest.java,2,0,0,16,440,583,Bag
7723d89e6d1d951e8923fb102da0228db2e4e8f9,community/kernel/src/test/java/org/neo4j/kernel/impl/api/store/DiskLayerNodeAndRelTest.java,1,0,1,2,70,110,Bag
7723d89e6d1d951e8923fb102da0228db2e4e8f9,enterprise/kernel/src/main/java/org/neo4j/kernel/impl/enterprise/PropertyExistenceEnforcer.java,16,0,0,0,173,220,Bag
7723d89e6d1d951e8923fb102da0228db2e4e8f9,community/kernel/src/main/java/org/neo4j/kernel/impl/api/StateHandlingStatementOperations.java,84,0,5,120,1475,1719,Bag
7723d89e6d1d951e8923fb102da0228db2e4e8f9,community/kernel/src/test/java/org/neo4j/kernel/impl/coreapi/TxStateTransactionDataViewTest.java,3,0,0,19,262,366,Bag
7723d89e6d1d951e8923fb102da0228db2e4e8f9,community/kernel/src/main/java/org/neo4j/unsafe/batchinsert/internal/BatchRelationshipIterable.java,3,0,0,0,58,89,Bag
7723d89e6d1d951e8923fb102da0228db2e4e8f9,community/kernel/src/test/java/org/neo4j/kernel/impl/api/store/StoreNodeRelationshipCursorTest.java,12,0,0,8,218,275,Bag
7723d89e6d1d951e8923fb102da0228db2e4e8f9,community/kernel/src/test/java/org/neo4j/kernel/impl/api/store/DiskLayerPropertyTest.java,13,0,1,5,159,219,Bag
7723d89e6d1d951e8923fb102da0228db2e4e8f9,community/kernel/src/main/java/org/neo4j/kernel/internal/TransactionEventHandlers.java,11,0,1,18,245,313,Bag
7723d89e6d1d951e8923fb102da0228db2e4e8f9,community/kernel/src/main/java/org/neo4j/kernel/impl/storemigration/participant/StoreMigrator.java,36,0,1,7,642,858,Bag
7723d89e6d1d951e8923fb102da0228db2e4e8f9,community/kernel/src/main/java/org/neo4j/kernel/impl/api/KernelStatement.java,8,0,2,15,188,262,Bag
7723d89e6d1d951e8923fb102da0228db2e4e8f9,community/kernel/src/main/java/org/neo4j/kernel/impl/api/store/StoreStatement.java,8,0,1,13,212,265,Bag
7723d89e6d1d951e8923fb102da0228db2e4e8f9,community/kernel/src/test/java/org/neo4j/kernel/impl/api/store/StoreIteratorRelationshipCursorTest.java,1,0,0,3,136,176,Bag
7723d89e6d1d951e8923fb102da0228db2e4e8f9,community/kernel/src/test/java/org/neo4j/kernel/impl/store/NeoStoresTest.java,68,0,0,20,1275,1460,Bag
7723d89e6d1d951e8923fb102da0228db2e4e8f9,community/kernel/src/test/java/org/neo4j/kernel/impl/api/state/SchemaTransactionStateTest.java,5,0,0,10,199,305,Bag
7723d89e6d1d951e8923fb102da0228db2e4e8f9,community/kernel/src/test/java/org/neo4j/kernel/impl/api/store/StoreSingleRelationshipCursorTest.java,2,0,0,5,86,122,Bag
7723d89e6d1d951e8923fb102da0228db2e4e8f9,community/kernel/src/main/java/org/neo4j/kernel/impl/api/OperationsFacade.java,24,0,13,147,1399,1647,Bag
7723d89e6d1d951e8923fb102da0228db2e4e8f9,community/kernel/src/main/java/org/neo4j/kernel/impl/api/store/StoreIteratorRelationshipCursor.java,5,0,1,4,48,80,Bag
7723d89e6d1d951e8923fb102da0228db2e4e8f9,community/kernel/src/main/java/org/neo4j/kernel/impl/api/store/StoreAbstractRelationshipCursor.java,5,0,1,9,111,155,Bag
7723d89e6d1d951e8923fb102da0228db2e4e8f9,community/kernel/src/main/java/org/neo4j/storageengine/api/StorageStatement.java,1,0,13,0,23,159,Bag
7723d89e6d1d951e8923fb102da0228db2e4e8f9,community/kernel/src/test/java/org/neo4j/kernel/impl/api/state/StateOperationsAutoIndexingTest.java,1,0,0,10,132,216,Bag
7723d89e6d1d951e8923fb102da0228db2e4e8f9,community/kernel/src/test/java/org/neo4j/kernel/impl/api/state/LabelTransactionStateTest.java,8,0,0,18,247,385,Bag
7723d89e6d1d951e8923fb102da0228db2e4e8f9,enterprise/ha/src/test/java/org/neo4j/kernel/ha/cluster/TerminationOfSlavesDuringPullUpdatesTest.java,18,0,0,4,380,467,Bag
7723d89e6d1d951e8923fb102da0228db2e4e8f9,community/kernel/src/main/java/org/neo4j/kernel/impl/api/store/StoreSingleRelationshipCursor.java,2,0,1,4,44,75,Bag
7723d89e6d1d951e8923fb102da0228db2e4e8f9,community/kernel/src/main/java/org/neo4j/kernel/impl/api/store/StoreSinglePropertyCursor.java,4,0,1,3,41,71,Bag
7723d89e6d1d951e8923fb102da0228db2e4e8f9,community/kernel/src/main/java/org/neo4j/kernel/impl/api/store/StoreSingleNodeCursor.java,2,0,1,4,49,81,Bag
7723d89e6d1d951e8923fb102da0228db2e4e8f9,community/kernel/src/test/java/org/neo4j/kernel/impl/api/store/StoreSingleNodeCursorTest.java,39,0,0,10,552,681,Bag
7723d89e6d1d951e8923fb102da0228db2e4e8f9,community/kernel/src/main/java/org/neo4j/kernel/impl/api/store/StoreIteratorNodeCursor.java,5,0,1,4,51,85,Bag
7723d89e6d1d951e8923fb102da0228db2e4e8f9,community/kernel/src/test/java/org/neo4j/kernel/impl/api/store/DiskLayerLabelTest.java,1,0,2,3,70,122,Bag
7723d89e6d1d951e8923fb102da0228db2e4e8f9,community/kernel/src/main/java/org/neo4j/kernel/api/txstate/TransactionCountingStateVisitor.java,18,0,0,7,171,213,Bag
7723d89e6d1d951e8923fb102da0228db2e4e8f9,community/kernel/src/main/java/org/neo4j/kernel/impl/coreapi/TxStateTransactionDataSnapshot.java,29,0,1,17,473,555,Bag
77bb150cf3bd5187752557148db7b6744ed3709f,community/kernel/src/test/java/org/neo4j/kernel/api/txtracking/TransactionIdTrackerTest.java,3,0,0,5,72,118,NoBug
77bb150cf3bd5187752557148db7b6744ed3709f,enterprise/ha/src/test/java/org/neo4j/kernel/impl/ha/ClusterManager.java,71,0,32,51,1068,1601,NoBug
77bb150cf3bd5187752557148db7b6744ed3709f,enterprise/causal-clustering/src/test/java/org/neo4j/causalclustering/scenarios/CausalConsistencyIT.java,2,0,0,3,64,108,NoBug
77bb150cf3bd5187752557148db7b6744ed3709f,community/bolt/src/main/java/org/neo4j/bolt/v1/runtime/TransactionStateMachineSPI.java,3,0,0,0,124,158,NoBug
77bb150cf3bd5187752557148db7b6744ed3709f,community/bolt/src/main/java/org/neo4j/bolt/v1/runtime/LifecycleManagedBoltFactory.java,1,0,0,7,75,105,NoBug
77bb150cf3bd5187752557148db7b6744ed3709f,community/kernel/src/main/java/org/neo4j/kernel/api/txtracking/TransactionIdTracker.java,4,0,3,1,48,111,NoBug
78501457053bd31052fdcd40c7ae2d551a208003,community/cypher/cypher-compiler-2.3/src/main/java/org/neo4j/cypher/internal/compiler/v2_3/codegen/ResultRowImpl.java,4,0,0,12,78,115,Bag
78501457053bd31052fdcd40c7ae2d551a208003,community/cypher/docs/cypher-docs/src/test/java/org/neo4j/cypher/example/JavaExecutionEngineDocTest.java,5,0,0,25,386,503,NoBug
79f734ee16280d98683cdaf45328c1ad3f14b74a,community/neo4j/src/test/java/org/neo4j/index/LabelScanStoreLoggingTest.java,1,0,0,3,79,110,NoBug
79f734ee16280d98683cdaf45328c1ad3f14b74a,community/lucene-index/src/main/java/org/neo4j/kernel/api/impl/labelscan/LuceneLabelScanStoreExtension.java,1,0,1,8,62,102,NoBug
79f734ee16280d98683cdaf45328c1ad3f14b74a,community/kernel/src/main/java/org/neo4j/kernel/impl/api/scan/NativeLabelScanStoreExtension.java,1,0,0,9,44,74,NoBug
79f734ee16280d98683cdaf45328c1ad3f14b74a,community/lucene-index/src/main/java/org/neo4j/kernel/api/impl/labelscan/LuceneLabelScanStore.java,10,0,0,15,158,206,NoBug
79f734ee16280d98683cdaf45328c1ad3f14b74a,community/kernel/src/main/java/org/neo4j/kernel/impl/index/labelscan/NativeLabelScanStore.java,13,0,8,7,263,468,NoBug
79f734ee16280d98683cdaf45328c1ad3f14b74a,community/logging/src/test/java/org/neo4j/logging/AssertableLogProvider.java,48,0,2,45,660,775,NoBug
7a754bfda201adad62f91fcd19eb27c453ff7775,community/kernel/src/main/java/org/neo4j/graphdb/factory/GraphDatabaseSettings.java,9,0,4,4,435,577,Bag
7a78ace08198c766f6c56bb85cde48e2e4bc14e4,community/kernel/src/main/java/org/neo4j/kernel/impl/transaction/log/BatchingTransactionAppender.java,15,0,1,4,240,354,Bag
7a78ace08198c766f6c56bb85cde48e2e4bc14e4,community/kernel/src/test/java/org/neo4j/kernel/impl/transaction/log/BatchingTransactionAppenderTest.java,7,0,0,9,315,395,Bag
7a8ef0c3724aaa3b46a1967633032820eb001709,community/kernel/src/main/java/org/neo4j/kernel/impl/factory/EditionModule.java,10,0,1,2,162,222,Bag
7b0b7a6aa4b0cc227df4d444ca75ff8887c9a2e6,community/kernel/src/main/java/org/neo4j/kernel/impl/storemigration/participant/StoreMigrator.java,36,0,1,7,639,856,Bag
7b0b7a6aa4b0cc227df4d444ca75ff8887c9a2e6,community/kernel/src/main/java/org/neo4j/kernel/impl/api/store/StoreSingleRelationshipCursor.java,7,0,1,2,63,98,Bag
7b0b7a6aa4b0cc227df4d444ca75ff8887c9a2e6,community/kernel/src/main/java/org/neo4j/kernel/impl/api/store/GlobalCursorPools.java,2,0,0,11,113,145,Bag
7b0b7a6aa4b0cc227df4d444ca75ff8887c9a2e6,community/kernel/src/main/java/org/neo4j/kernel/impl/api/store/StoreAbstractPropertyCursor.java,13,0,0,7,141,188,Bag
7b0b7a6aa4b0cc227df4d444ca75ff8887c9a2e6,community/kernel/src/main/java/org/neo4j/kernel/impl/api/store/StorePropertyCursor.java,4,0,1,2,48,81,Bag
7b0b7a6aa4b0cc227df4d444ca75ff8887c9a2e6,community/kernel/src/main/java/org/neo4j/kernel/impl/store/record/PropertyRecord.java,25,0,2,33,317,410,Bag
7b0b7a6aa4b0cc227df4d444ca75ff8887c9a2e6,community/kernel/src/main/java/org/neo4j/storageengine/api/txstate/PropertyContainerState.java,1,0,1,12,24,65,Bag
7b0b7a6aa4b0cc227df4d444ca75ff8887c9a2e6,community/primitive-collections/src/test/java/org/neo4j/collection/pool/LinkedQueuePoolTest.java,14,0,0,9,270,404,Bag
7b0b7a6aa4b0cc227df4d444ca75ff8887c9a2e6,community/kernel/src/main/java/org/neo4j/unsafe/batchinsert/internal/BatchRelationshipIterable.java,3,0,0,0,56,87,Bag
7b0b7a6aa4b0cc227df4d444ca75ff8887c9a2e6,community/kernel/src/main/java/org/neo4j/storageengine/api/txstate/NodeState.java,1,0,1,11,123,184,Bag
7b0b7a6aa4b0cc227df4d444ca75ff8887c9a2e6,community/kernel/src/main/java/org/neo4j/kernel/impl/api/store/StoreNodeRelationshipCursor.java,25,0,1,6,250,319,Bag
7b0b7a6aa4b0cc227df4d444ca75ff8887c9a2e6,community/kernel/src/main/java/org/neo4j/kernel/impl/api/store/StoreAbstractRelationshipCursor.java,6,0,1,12,121,168,Bag
7b0b7a6aa4b0cc227df4d444ca75ff8887c9a2e6,community/kernel/src/test/java/org/neo4j/kernel/impl/api/store/StorePropertyPayloadCursorTest.java,5,0,0,17,469,597,Bag
7b0b7a6aa4b0cc227df4d444ca75ff8887c9a2e6,community/primitive-collections/src/main/java/org/neo4j/collection/pool/LinkedQueuePool.java,6,0,1,22,143,193,Bag
7b0b7a6aa4b0cc227df4d444ca75ff8887c9a2e6,community/kernel/src/test/java/org/neo4j/kernel/impl/api/store/StoreIteratorRelationshipCursorTest.java,1,0,0,4,61,98,Bag
7b0b7a6aa4b0cc227df4d444ca75ff8887c9a2e6,community/kernel/src/main/java/org/neo4j/storageengine/api/txstate/RelationshipState.java,1,0,1,2,73,114,Bag
7b0b7a6aa4b0cc227df4d444ca75ff8887c9a2e6,community/kernel/src/test/java/org/neo4j/kernel/impl/api/store/StoreNodeRelationshipCursorTest.java,39,0,0,10,439,541,Bag
7b0b7a6aa4b0cc227df4d444ca75ff8887c9a2e6,community/kernel/src/test/java/org/neo4j/kernel/impl/api/store/StoreSingleRelationshipCursorTest.java,2,0,0,5,85,122,Bag
7b0b7a6aa4b0cc227df4d444ca75ff8887c9a2e6,community/kernel/src/main/java/org/neo4j/kernel/impl/api/store/NodeCursor.java,21,0,0,14,200,255,Bag
7b0b7a6aa4b0cc227df4d444ca75ff8887c9a2e6,community/kernel/src/main/java/org/neo4j/kernel/impl/api/store/StoreAbstractIteratorRelationshipCursor.java,6,0,0,2,55,87,Bag
7b0b7a6aa4b0cc227df4d444ca75ff8887c9a2e6,community/kernel/src/main/java/org/neo4j/kernel/impl/api/store/StorePropertyPayloadCursor.java,31,0,0,0,249,308,Bag
7b0b7a6aa4b0cc227df4d444ca75ff8887c9a2e6,community/kernel/src/main/java/org/neo4j/kernel/impl/api/store/StoreIteratorRelationshipCursor.java,4,0,1,2,49,82,Bag
7b0b7a6aa4b0cc227df4d444ca75ff8887c9a2e6,community/kernel/src/main/java/org/neo4j/kernel/impl/api/store/StoreSinglePropertyCursor.java,3,0,0,2,42,73,Bag
7b0b7a6aa4b0cc227df4d444ca75ff8887c9a2e6,community/kernel/src/test/java/org/neo4j/kernel/impl/api/store/StorePropertyCursorTest.java,14,0,0,34,715,893,Bag
7b0e07fbb3bf184b45efaef9c50974714d4508fb,community/common/src/main/java/org/neo4j/kernel/lifecycle/Lifecycles.java,5,0,0,3,56,86,NoBug
7b0e07fbb3bf184b45efaef9c50974714d4508fb,community/kernel/src/main/java/org/neo4j/kernel/impl/factory/PlatformModule.java,8,0,1,3,215,314,NoBug
7b0e07fbb3bf184b45efaef9c50974714d4508fb,community/neo4j/src/test/java/org/neo4j/index/LabelScanStoreLoggingTest.java,1,0,0,3,145,182,NoBug
7b2448cc0e0458ff28042a7b4980d28d6cb19758,community/kernel/src/main/java/org/neo4j/unsafe/batchinsert/BatchInserters.java,1,0,5,1,34,94,NoBug
7b2448cc0e0458ff28042a7b4980d28d6cb19758,community/kernel/src/main/java/org/neo4j/kernel/impl/transaction/state/PropertyCreator.java,13,0,0,8,164,217,NoBug
7b2448cc0e0458ff28042a7b4980d28d6cb19758,community/kernel/src/main/java/org/neo4j/kernel/impl/store/PropertyType.java,22,0,6,5,336,419,NoBug
7b2448cc0e0458ff28042a7b4980d28d6cb19758,community/kernel/src/main/java/org/neo4j/graphdb/factory/GraphDatabaseSettings.java,11,0,1,0,298,425,NoBug
7b2448cc0e0458ff28042a7b4980d28d6cb19758,community/kernel/src/main/java/org/neo4j/unsafe/batchinsert/DirectRecordAccess.java,7,0,1,9,186,239,NoBug
7b2448cc0e0458ff28042a7b4980d28d6cb19758,community/kernel/src/test/java/org/neo4j/unsafe/batchinsert/BatchedFlushStrategyTest.java,1,0,0,4,56,89,NoBug
7b2448cc0e0458ff28042a7b4980d28d6cb19758,community/kernel/src/test/java/org/neo4j/unsafe/batchinsert/BatchInsertTest.java,55,0,1,43,1233,1573,NoBug
7b2448cc0e0458ff28042a7b4980d28d6cb19758,community/kernel/src/main/java/org/neo4j/unsafe/batchinsert/BatchInserterImpl.java,66,0,1,27,1057,1217,NoBug
7b890cea4f0be50e697d6ba272edb6b74b84e373,enterprise/security/src/test/java/org/neo4j/commandline/admin/security/RolesCommandIT.java,3,0,6,24,256,408,Bag
7b890cea4f0be50e697d6ba272edb6b74b84e373,community/security/src/test/java/org/neo4j/commandline/admin/security/CreateCommandTest.java,2,0,0,5,58,111,Bag
7b890cea4f0be50e697d6ba272edb6b74b84e373,community/security/src/test/java/org/neo4j/commandline/admin/security/SetPasswordCommandTest.java,4,0,0,6,80,123,Bag
7b890cea4f0be50e697d6ba272edb6b74b84e373,community/security/src/test/java/org/neo4j/commandline/admin/security/CommandTestBase.java,4,0,0,0,111,153,Bag
7b890cea4f0be50e697d6ba272edb6b74b84e373,enterprise/security/src/main/java/org/neo4j/commandline/admin/security/RolesCommand.java,31,0,0,23,333,397,Bag
7b890cea4f0be50e697d6ba272edb6b74b84e373,enterprise/security/src/main/java/org/neo4j/server/security/enterprise/auth/InternalFlatFileRealm.java,50,0,0,0,552,668,Bag
7b890cea4f0be50e697d6ba272edb6b74b84e373,community/security/src/main/java/org/neo4j/commandline/admin/security/UsersCommand.java,23,0,0,8,201,242,Bag
7b890cea4f0be50e697d6ba272edb6b74b84e373,community/security/src/main/java/org/neo4j/server/security/auth/BasicAuthManager.java,11,0,1,14,151,210,Bag
7b890cea4f0be50e697d6ba272edb6b74b84e373,community/security/src/test/java/org/neo4j/commandline/admin/security/UsersCommandIT.java,3,0,4,20,187,342,Bag
7b890cea4f0be50e697d6ba272edb6b74b84e373,community/security/src/test/java/org/neo4j/commandline/admin/security/DeleteCommandTest.java,3,0,0,4,54,95,Bag
7b890cea4f0be50e697d6ba272edb6b74b84e373,community/security/src/test/java/org/neo4j/commandline/admin/security/ListCommandTest.java,3,0,0,5,72,113,Bag
7b890cea4f0be50e697d6ba272edb6b74b84e373,enterprise/security/src/main/java/org/neo4j/server/security/enterprise/auth/EnterpriseAuthManagerFactory.java,21,0,1,3,164,229,Bag
7b890cea4f0be50e697d6ba272edb6b74b84e373,community/security/src/test/java/org/neo4j/commandline/admin/security/UsersCommandTestBase.java,1,0,0,0,25,52,Bag
7b890cea4f0be50e697d6ba272edb6b74b84e373,enterprise/security/src/test/java/org/neo4j/commandline/admin/security/RolesCommandTestBase.java,1,0,0,0,25,51,Bag
7c3d76beee08e6ed292d391aacb8f7a8179ea853,enterprise/query-logging/src/main/java/org/neo4j/kernel/impl/query/QueryLoggerKernelExtension.java,9,0,0,14,124,162,NoBug
7c3d76beee08e6ed292d391aacb8f7a8179ea853,enterprise/query-logging/src/test/java/org/neo4j/kernel/impl/query/QueryLoggerIT.java,2,0,0,3,62,93,NoBug
7c7306503a8f5d5797877770175187ea2e887f9e,community/kernel/src/main/java/org/neo4j/kernel/impl/core/RelationshipConversion.java,2,0,0,7,50,79,NoBug
7cab1fb27831b3107659bee768e6124f0d2f1ea1,community/bolt/src/test/java/org/neo4j/bolt/v1/transport/integration/Neo4jWithSocket.java,1,0,0,4,64,95,Bag
7cab1fb27831b3107659bee768e6124f0d2f1ea1,community/bolt/src/test/java/org/neo4j/bolt/v1/transport/integration/TransportSessionIT.java,3,0,0,12,217,304,Bag
7cab1fb27831b3107659bee768e6124f0d2f1ea1,community/bolt/src/main/java/org/neo4j/bolt/v1/messaging/PackStreamMessageFormatV1.java,27,0,2,19,281,353,Bag
7cab1fb27831b3107659bee768e6124f0d2f1ea1,community/bolt/src/test/java/org/neo4j/bolt/v1/runtime/integration/SessionIT.java,2,0,0,19,465,658,Bag
7cab1fb27831b3107659bee768e6124f0d2f1ea1,community/bolt/src/test/java/org/neo4j/bolt/v1/messaging/Neo4jPackTest.java,4,0,0,8,122,184,Bag
7cab1fb27831b3107659bee768e6124f0d2f1ea1,community/bolt/src/main/java/org/neo4j/bolt/v1/messaging/Neo4jPack.java,59,0,1,9,324,370,Bag
7cab1fb27831b3107659bee768e6124f0d2f1ea1,community/bolt/src/main/java/org/neo4j/bolt/v1/packstream/PackStream.java,89,0,2,38,552,704,Bag
7cab1fb27831b3107659bee768e6124f0d2f1ea1,community/bolt/src/main/java/org/neo4j/bolt/v1/runtime/internal/CypherAdapterStream.java,14,0,0,5,158,213,Bag
7cab1fb27831b3107659bee768e6124f0d2f1ea1,community/bolt/src/test/java/org/neo4j/bolt/v1/packstream/PackStreamTest.java,19,0,0,25,530,762,Bag
7cc8aef4d3f24dcc9eaebc6f538c91cf32c97b95,community/kernel/src/main/java/org/neo4j/kernel/builtinprocs/BuiltInProcedures.java,4,0,0,16,231,294,NoBug
7cc8aef4d3f24dcc9eaebc6f538c91cf32c97b95,community/kernel/src/main/java/org/neo4j/kernel/impl/proc/ReflectiveProcedureCompiler.java,69,0,0,0,748,877,NoBug
7cc8aef4d3f24dcc9eaebc6f538c91cf32c97b95,community/kernel/src/main/java/org/neo4j/kernel/impl/api/TokenAccess.java,11,0,0,3,150,192,NoBug
7cc8aef4d3f24dcc9eaebc6f538c91cf32c97b95,community/kernel/src/test/java/org/neo4j/kernel/builtinprocs/BuiltInProceduresTest.java,7,0,0,14,339,449,NoBug
7cc8aef4d3f24dcc9eaebc6f538c91cf32c97b95,community/kernel/src/main/java/org/neo4j/kernel/builtinprocs/BuiltInProcedures.java,4,0,0,16,231,294,NoBug
7da776dc0e11452fb2f362b2f9c0888ca00353fc,integrationtests/src/test/java/org/neo4j/procedure/ProcedureIT.java,10,0,0,139,1263,1692,NoBug
7da776dc0e11452fb2f362b2f9c0888ca00353fc,community/kernel/src/main/java/org/neo4j/kernel/impl/proc/ReflectiveProcedureCompiler.java,32,0,1,3,417,509,NoBug
7e1f3697a3610707bf5a979bace81928dbb16462,community/kernel/src/test/java/org/neo4j/kernel/impl/core/TestRelationship.java,42,0,0,27,807,909,NoBug
7e1f3697a3610707bf5a979bace81928dbb16462,community/kernel/src/main/java/org/neo4j/kernel/impl/core/NodeImpl.java,74,0,3,21,619,767,NoBug
7e26ad9eb29cb1a93495f9473011be6f1fb9dd78,community/dbms/src/main/java/org/neo4j/commandline/dbms/ImportCommand.java,7,0,0,7,134,171,Bag
7e26ad9eb29cb1a93495f9473011be6f1fb9dd78,community/dbms/src/test/java/org/neo4j/commandline/dbms/ImportCommandTest.java,4,0,0,4,65,95,Bag
7e353eb373c1368391d8a6cbff32a76104a582d9,enterprise/security/src/test/java/org/neo4j/server/security/enterprise/auth/integration/bolt/EnterpriseAuthenticationIT.java,2,0,0,4,105,153,NoBug
7e353eb373c1368391d8a6cbff32a76104a582d9,enterprise/security/src/main/java/org/neo4j/server/security/enterprise/auth/AuthProcedures.java,30,0,0,20,421,485,NoBug
7e353eb373c1368391d8a6cbff32a76104a582d9,enterprise/security/src/test/java/org/neo4j/server/security/enterprise/auth/AuthProceduresLoggingTest.java,3,0,0,37,500,707,NoBug
7e353eb373c1368391d8a6cbff32a76104a582d9,community/server/src/main/java/org/neo4j/server/rest/dbms/DelegatingPrincipal.java,3,0,0,6,45,75,NoBug
7e353eb373c1368391d8a6cbff32a76104a582d9,enterprise/security/src/test/java/org/neo4j/server/security/enterprise/auth/MultiRealmAuthManagerRule.java,3,0,0,12,120,160,NoBug
7e353eb373c1368391d8a6cbff32a76104a582d9,enterprise/security/src/main/java/org/neo4j/server/security/enterprise/auth/StandardEnterpriseAuthSubject.java,15,0,0,19,156,201,NoBug
7e353eb373c1368391d8a6cbff32a76104a582d9,community/server/src/main/java/org/neo4j/server/rest/dbms/AuthorizedRequestWrapper.java,7,0,0,10,90,128,NoBug
7e353eb373c1368391d8a6cbff32a76104a582d9,community/bolt/src/test/java/org/neo4j/bolt/v1/transport/integration/AuthenticationIT.java,3,0,0,18,342,476,NoBug
7e353eb373c1368391d8a6cbff32a76104a582d9,community/server/src/main/java/org/neo4j/server/rest/dbms/UserService.java,15,0,0,4,129,162,NoBug
7e353eb373c1368391d8a6cbff32a76104a582d9,enterprise/security/src/test/java/org/neo4j/server/security/enterprise/auth/MultiRealmAuthManagerTest.java,4,0,0,31,431,641,NoBug
7e353eb373c1368391d8a6cbff32a76104a582d9,community/server/src/test/java/org/neo4j/server/rest/dbms/UserServiceTest.java,1,0,0,17,234,362,NoBug
7e353eb373c1368391d8a6cbff32a76104a582d9,enterprise/security/src/main/java/org/neo4j/server/security/enterprise/auth/MultiRealmAuthManager.java,21,0,0,0,178,218,NoBug
7e353eb373c1368391d8a6cbff32a76104a582d9,enterprise/server-enterprise/src/test/java/org/neo4j/server/rest/security/EnterpriseUserServiceTest.java,1,0,0,3,39,69,NoBug
7f19e7e73b0bd54a987054e0abad738668231f32,community/server/src/test/java/org/neo4j/server/rest/domain/RelationshipExpanderBuilderTest.java,1,0,0,3,69,108,NoBug
7f19e7e73b0bd54a987054e0abad738668231f32,community/server/src/main/java/org/neo4j/server/rest/domain/RelationshipExpanderBuilder.java,11,0,0,2,65,94,NoBug
7fbb44656381fbc123bc8017b30d68c9725e3985,packaging/neo4j-desktop/src/main/java/org/neo4j/desktop/ui/SettingsDialog.java,2,0,0,0,141,187,NoBug
80091e3c2515cdbbfce94f3603f7cd255f114593,community/server/src/main/java/org/neo4j/server/modules/DBMSModule.java,2,0,1,3,40,74,NoBug
80091e3c2515cdbbfce94f3603f7cd255f114593,community/server/src/main/java/org/neo4j/server/CommunityNeoServer.java,1,0,0,4,68,100,NoBug
80091e3c2515cdbbfce94f3603f7cd255f114593,community/server/src/test/java/org/neo4j/server/modules/DBMSModuleTest.java,1,0,0,3,69,105,NoBug
803ec9deafb5ac3785faf698f126a32254d693be,community/server/src/test/java/org/neo4j/server/rest/transactional/integration/TransactionErrorIT.java,1,0,1,3,78,127,Bag
803ec9deafb5ac3785faf698f126a32254d693be,community/server/src/main/java/org/neo4j/server/rest/transactional/TransitionalPeriodTransactionMessContainer.java,1,0,0,5,40,68,Bag
803ec9deafb5ac3785faf698f126a32254d693be,community/server/src/main/java/org/neo4j/server/rest/transactional/TransitionalTxManagementKernelTransaction.java,3,0,0,0,66,95,Bag
803ec9deafb5ac3785faf698f126a32254d693be,community/server/src/main/java/org/neo4j/server/rest/transactional/TransactionalRequestDispatcher.java,8,0,0,3,108,154,Bag
803ec9deafb5ac3785faf698f126a32254d693be,community/server/src/main/java/org/neo4j/server/rest/transactional/TransactionHandle.java,27,0,1,8,291,351,Bag
803ec9deafb5ac3785faf698f126a32254d693be,community/server/src/test/java/org/neo4j/server/rest/BatchOperationDocIT.java,2,0,1,14,639,774,Bag
803ec9deafb5ac3785faf698f126a32254d693be,community/server/src/main/java/org/neo4j/server/rest/web/CypherService.java,8,0,0,4,99,135,Bag
803ec9deafb5ac3785faf698f126a32254d693be,community/server/src/test/java/org/neo4j/server/rest/transactional/TransactionHandleTest.java,2,0,0,14,419,566,Bag
803ec9deafb5ac3785faf698f126a32254d693be,community/server/src/main/java/org/neo4j/server/rest/transactional/TransactionTerminator.java,1,0,0,3,14,38,Bag
803ec9deafb5ac3785faf698f126a32254d693be,community/server/src/test/java/org/neo4j/server/rest/transactional/integration/TransactionIT.java,9,0,0,35,567,909,Bag
803ec9deafb5ac3785faf698f126a32254d693be,community/bolt/src/main/java/org/neo4j/bolt/v1/runtime/internal/SessionStateMachine.java,33,0,2,19,662,893,NoBug
803ec9deafb5ac3785faf698f126a32254d693be,community/bolt/src/test/java/org/neo4j/bolt/v1/runtime/internal/CypherStatementRunnerTest.java,1,0,0,2,38,69,NoBug
803ec9deafb5ac3785faf698f126a32254d693be,community/bolt/src/main/java/org/neo4j/bolt/v1/runtime/internal/CypherStatementRunner.java,7,0,0,3,54,84,NoBug
803ec9deafb5ac3785faf698f126a32254d693be,community/bolt/src/test/java/org/neo4j/bolt/v1/runtime/integration/TestSessions.java,3,0,0,0,101,132,NoBug
803ec9deafb5ac3785faf698f126a32254d693be,community/bolt/src/test/java/org/neo4j/bolt/v1/runtime/integration/SessionIT.java,2,0,0,18,456,643,NoBug
8066343b1fb2eb6ea3b5e0ab8770458d6bfd1b79,community/graphdb-api/src/main/java/org/neo4j/graphdb/QueryExecutionException.java,1,0,2,1,14,46,Bag
8066343b1fb2eb6ea3b5e0ab8770458d6bfd1b79,community/graphdb-api/src/main/java/org/neo4j/graphdb/ExecutionPlanDescription.java,1,0,10,0,18,99,Bag
8066343b1fb2eb6ea3b5e0ab8770458d6bfd1b79,community/import-tool/src/test/java/org/neo4j/tooling/ImportToolTest.java,90,0,0,47,1616,2032,Bag
8066343b1fb2eb6ea3b5e0ab8770458d6bfd1b79,community/graphdb-api/src/main/java/org/neo4j/graphdb/QueryExecutionType.java,6,0,12,1,88,229,Bag
8066343b1fb2eb6ea3b5e0ab8770458d6bfd1b79,community/import-tool/src/main/java/org/neo4j/tooling/ImportTool.java,47,0,3,0,647,777,Bag
8066343b1fb2eb6ea3b5e0ab8770458d6bfd1b79,community/kernel/src/main/java/org/neo4j/kernel/DeadlockDetectedException.java,1,0,1,3,28,55,Bag
8066343b1fb2eb6ea3b5e0ab8770458d6bfd1b79,community/kernel/src/main/java/org/neo4j/kernel/impl/query/Neo4jTransactionalContext.java,4,0,0,16,143,186,NoBug
8066343b1fb2eb6ea3b5e0ab8770458d6bfd1b79,community/kernel/src/main/java/org/neo4j/kernel/impl/coreapi/PropertyContainerLocker.java,8,0,2,2,127,167,NoBug
80affa20f465cabd8a4871521ebf37091786ff20,enterprise/core-edge/src/main/java/org/neo4j/coreedge/raft/state/CoreState.java,17,0,2,9,230,320,NoBug
80affa20f465cabd8a4871521ebf37091786ff20,enterprise/core-edge/src/main/java/org/neo4j/coreedge/server/core/EnterpriseCoreEditionModule.java,15,0,1,8,593,773,NoBug
80affa20f465cabd8a4871521ebf37091786ff20,enterprise/core-edge/src/main/java/org/neo4j/coreedge/raft/state/CoreState.java,17,0,2,9,230,320,NoBug
81481c168395fedb2e4d81a279e99442518b4db0,community/server/src/test/java/org/neo4j/server/rest/transactional/Neo4jJsonCodecTest.java,6,0,0,8,112,180,NoBug
81481c168395fedb2e4d81a279e99442518b4db0,community/server/src/main/java/org/neo4j/server/rest/transactional/Neo4jJsonCodec.java,12,0,0,3,123,154,NoBug
815679980b5bc2792fdc71682fafe1dd5d555646,enterprise/cypher/cypher/src/test/java/org/neo4j/cypher/internal/javacompat/ExecutionResultTest.java,2,0,0,7,109,176,Bag
8294abaa5be4fad9dc2eedfc6f127a01b9607cb2,community/kernel/src/main/java/org/neo4j/kernel/configuration/Settings.java,54,0,3,25,851,1082,Bag
8294abaa5be4fad9dc2eedfc6f127a01b9607cb2,community/kernel/src/test/java/org/neo4j/kernel/configuration/SettingsTest.java,2,0,0,5,47,78,Bag
82d7ef3f69d5be527adfdbd2d660b33176aced95,community/lucene-index/src/main/java/org/neo4j/kernel/api/impl/schema/writer/PartitionedIndexWriter.java,5,0,1,6,82,124,NoBug
82d7ef3f69d5be527adfdbd2d660b33176aced95,community/lucene-index/src/test/java/org/neo4j/kernel/api/impl/schema/LuceneSchemaIndexIT.java,9,0,0,9,235,303,NoBug
8436dd70584c45c9036e3febb4b1fe42bac81ddb,enterprise/security/src/main/java/org/neo4j/server/security/enterprise/log/SecurityLog.java,3,0,1,27,174,230,NoBug
8436dd70584c45c9036e3febb4b1fe42bac81ddb,enterprise/security/src/main/java/org/neo4j/server/security/enterprise/auth/EnterpriseSecurityModule.java,23,0,0,7,210,278,NoBug
8436dd70584c45c9036e3febb4b1fe42bac81ddb,enterprise/security/src/main/java/org/neo4j/server/security/enterprise/configuration/SecuritySettings.java,1,0,1,0,178,259,NoBug
8436dd70584c45c9036e3febb4b1fe42bac81ddb,enterprise/security/src/main/java/org/neo4j/server/security/enterprise/auth/plugin/PluginRealm.java,42,0,0,10,386,465,NoBug
8436dd70584c45c9036e3febb4b1fe42bac81ddb,enterprise/security/src/test/java/org/neo4j/server/security/enterprise/log/SecurityLogTest.java,1,0,0,3,92,132,NoBug
8436dd70584c45c9036e3febb4b1fe42bac81ddb,enterprise/security/src/test/java/org/neo4j/server/security/enterprise/auth/plugin/PluginRealmTest.java,2,0,0,4,99,133,NoBug
846ca7f740476f9e1cd697ac0f4b2236d9d3fff5,community/server/src/test/java/org/neo4j/server/rest/transactional/integration/TransactionIT.java,10,0,0,33,658,907,Bag
84ba2501e70a3ead624f7d30b268987a61873126,enterprise/core-edge/src/main/java/org/neo4j/coreedge/raft/log/segmented/ReaderPool.java,11,0,0,0,114,150,NoBug
84ba2501e70a3ead624f7d30b268987a61873126,enterprise/core-edge/src/test/java/org/neo4j/coreedge/raft/log/segmented/ReaderPoolTest.java,1,0,0,8,119,195,NoBug
84ba2501e70a3ead624f7d30b268987a61873126,enterprise/core-edge/src/test/java/org/neo4j/coreedge/scenarios/EdgeServerReplicationIT.java,12,0,0,8,267,377,NoBug
84ba2501e70a3ead624f7d30b268987a61873126,enterprise/core-edge/src/main/java/org/neo4j/coreedge/raft/log/segmented/SegmentFile.java,12,0,0,0,199,275,NoBug
84ba2501e70a3ead624f7d30b268987a61873126,enterprise/core-edge/src/test/java/org/neo4j/coreedge/raft/log/segmented/SegmentFileTest.java,4,0,0,13,216,318,NoBug
85871b2f387039ce432fc9587980b08d2598fcc6,community/shell/src/test/java/org/neo4j/shell/TestApps.java,14,0,1,71,961,1184,Bag
85b401be093d95407312b03c02fd9df155786430,community/kernel/src/main/java/org/neo4j/kernel/api/txstate/TransactionCountingStateVisitor.java,6,0,0,7,126,181,Bag
85b401be093d95407312b03c02fd9df155786430,community/kernel/src/test/java/org/neo4j/kernel/counts/LabelCountsTest.java,3,0,0,7,159,229,NoBug
85bd0034b8f4230b9b7b23a85801695a865cc236,community/kernel/src/main/java/org/neo4j/kernel/impl/proc/ProcedureGDSFactory.java,1,0,0,3,51,77,Bag
85bd0034b8f4230b9b7b23a85801695a865cc236,community/kernel/src/main/java/org/neo4j/kernel/impl/proc/ProcedureGDBFacadeSPI.java,2,0,0,0,146,189,Bag
85bd0034b8f4230b9b7b23a85801695a865cc236,community/kernel/src/main/java/org/neo4j/kernel/api/proc/CallableProcedure.java,2,0,3,11,59,106,Bag
85bd0034b8f4230b9b7b23a85801695a865cc236,integrationtests/src/test/java/org/neo4j/procedure/ProcedureIT.java,4,0,0,62,549,729,Bag
85bd0034b8f4230b9b7b23a85801695a865cc236,community/kernel/src/main/java/org/neo4j/kernel/impl/api/OperationsFacade.java,17,0,11,134,1192,1418,Bag
85c5f425c692756fb7f3ddc4165b9c8f99f0618f,community/kernel/src/main/java/org/neo4j/kernel/impl/coreapi/StandardRelationshipActions.java,2,0,0,8,66,96,Bag
85cbda6c0d62ac4689fea6d8102358bc1cec9baf,community/shell/src/main/java/org/neo4j/shell/impl/JLineConsole.java,5,0,1,2,70,107,Bag
86273a1afea70eb41cd5825a3093370c6f8692c8,enterprise/causal-clustering/src/main/java/org/neo4j/causalclustering/catchup/storecopy/GetStoreRequestHandler.java,3,0,0,2,71,102,Bag
86273a1afea70eb41cd5825a3093370c6f8692c8,enterprise/causal-clustering/src/main/java/org/neo4j/causalclustering/catchup/CatchupServer.java,8,0,0,4,187,234,Bag
86273a1afea70eb41cd5825a3093370c6f8692c8,enterprise/causal-clustering/src/main/java/org/neo4j/causalclustering/catchup/TrackingResponseHandler.java,8,0,0,0,103,137,Bag
86273a1afea70eb41cd5825a3093370c6f8692c8,enterprise/causal-clustering/src/test/java/org/neo4j/causalclustering/catchup/storecopy/LimitedLengthReadableByteChannelTest.java,7,0,0,6,125,206,Bag
86273a1afea70eb41cd5825a3093370c6f8692c8,enterprise/causal-clustering/src/main/java/org/neo4j/causalclustering/core/server/CoreServerModule.java,2,0,0,2,155,206,Bag
86273a1afea70eb41cd5825a3093370c6f8692c8,enterprise/causal-clustering/src/main/java/org/neo4j/causalclustering/catchup/storecopy/LimitedLengthReadableByteChannel.java,3,0,0,5,45,74,Bag
86273a1afea70eb41cd5825a3093370c6f8692c8,enterprise/causal-clustering/src/main/java/org/neo4j/causalclustering/catchup/storecopy/FileHeaderHandler.java,1,0,0,2,27,53,Bag
86273a1afea70eb41cd5825a3093370c6f8692c8,enterprise/causal-clustering/src/main/java/org/neo4j/causalclustering/catchup/CatchUpResponseHandler.java,1,0,1,7,19,52,Bag
86273a1afea70eb41cd5825a3093370c6f8692c8,enterprise/causal-clustering/src/main/java/org/neo4j/causalclustering/catchup/storecopy/StoreCopyClient.java,3,0,0,2,76,106,Bag
86273a1afea70eb41cd5825a3093370c6f8692c8,enterprise/causal-clustering/src/test/java/org/neo4j/causalclustering/scenarios/ConvertNonCausalClusteringStoreIT.java,3,0,0,3,76,123,Bag
86273a1afea70eb41cd5825a3093370c6f8692c8,enterprise/causal-clustering/src/main/java/org/neo4j/causalclustering/catchup/storecopy/FileHeaderEncoder.java,1,0,0,1,15,38,Bag
86273a1afea70eb41cd5825a3093370c6f8692c8,enterprise/causal-clustering/src/main/java/org/neo4j/causalclustering/catchup/storecopy/FileHeader.java,1,0,0,5,24,49,Bag
86273a1afea70eb41cd5825a3093370c6f8692c8,enterprise/causal-clustering/src/main/java/org/neo4j/causalclustering/catchup/CatchUpClientChannelPipeline.java,1,0,0,0,73,104,Bag
86273a1afea70eb41cd5825a3093370c6f8692c8,enterprise/causal-clustering/src/main/java/org/neo4j/causalclustering/catchup/CatchUpResponseAdaptor.java,1,0,0,8,49,78,Bag
86273a1afea70eb41cd5825a3093370c6f8692c8,enterprise/causal-clustering/src/main/java/org/neo4j/causalclustering/catchup/storecopy/FileHeaderDecoder.java,1,0,0,1,17,40,Bag
86273a1afea70eb41cd5825a3093370c6f8692c8,enterprise/causal-clustering/src/main/java/org/neo4j/causalclustering/catchup/CatchUpResponseCallback.java,1,0,0,8,20,49,Bag
86273a1afea70eb41cd5825a3093370c6f8692c8,enterprise/causal-clustering/src/test/java/org/neo4j/causalclustering/scenarios/ConnectionInfoIT.java,4,0,0,4,110,160,Bag
868b4d731485023d2f7477e1133dcd5b263c851d,community/kernel/src/test/java/org/neo4j/graphdb/LabelsAcceptanceTest.java,19,0,1,20,554,714,NoBug
868b4d731485023d2f7477e1133dcd5b263c851d,community/consistency-check/src/main/java/org/neo4j/consistency/ConsistencyCheckService.java,9,0,0,10,201,244,NoBug
868b4d731485023d2f7477e1133dcd5b263c851d,community/lucene-index/src/main/java/org/neo4j/kernel/api/impl/index/LuceneIndexAccessor.java,21,0,0,0,331,404,NoBug
868b4d731485023d2f7477e1133dcd5b263c851d,community/lucene-index/src/main/java/org/neo4j/kernel/api/impl/index/LuceneLabelScanStore.java,19,0,0,24,315,381,NoBug
868b4d731485023d2f7477e1133dcd5b263c851d,community/lucene-index/src/main/java/org/neo4j/index/lucene/LuceneLabelScanStoreBuilder.java,3,0,1,2,64,104,NoBug
868b4d731485023d2f7477e1133dcd5b263c851d,community/kernel/src/test/java/org/neo4j/kernel/GraphDatabaseFacadeFactoryTest.java,3,0,0,3,111,152,NoBug
868b4d731485023d2f7477e1133dcd5b263c851d,community/neo4j/src/test/java/upgrade/StoreUpgraderInterruptionTestIT.java,3,0,0,4,167,213,NoBug
868b4d731485023d2f7477e1133dcd5b263c851d,community/lucene-index/src/test/java/org/neo4j/index/impl/lucene/ReadOnlyIndexReferenceFactoryTest.java,1,0,0,4,80,115,NoBug
868b4d731485023d2f7477e1133dcd5b263c851d,community/kernel/src/main/java/org/neo4j/unsafe/impl/batchimport/store/BatchingNeoStores.java,6,0,2,14,235,297,NoBug
868b4d731485023d2f7477e1133dcd5b263c851d,community/lucene-index/src/main/java/org/neo4j/index/impl/lucene/ReadOnlyIndexReference.java,1,0,0,5,31,61,NoBug
868b4d731485023d2f7477e1133dcd5b263c851d,community/kernel/src/main/java/org/neo4j/kernel/impl/factory/GraphDatabaseFacadeFactory.java,5,0,5,7,125,243,NoBug
868b4d731485023d2f7477e1133dcd5b263c851d,community/lucene-index/src/main/java/org/neo4j/index/impl/lucene/IndexClockCache.java,2,0,0,3,22,45,NoBug
868b4d731485023d2f7477e1133dcd5b263c851d,community/kernel/src/main/java/org/neo4j/unsafe/batchinsert/BatchInserterImpl.java,73,0,2,26,1115,1292,NoBug
868b4d731485023d2f7477e1133dcd5b263c851d,community/lucene-index/src/main/java/org/neo4j/kernel/api/impl/index/LuceneSchemaIndexProvider.java,13,0,0,8,146,179,NoBug
868b4d731485023d2f7477e1133dcd5b263c851d,community/kernel/src/main/java/org/neo4j/kernel/impl/factory/PlatformModule.java,9,0,1,2,211,301,NoBug
868b4d731485023d2f7477e1133dcd5b263c851d,enterprise/ha/src/test/java/org/neo4j/kernel/api/SchemaIndexHaIT.java,19,0,0,9,461,606,NoBug
868b4d731485023d2f7477e1133dcd5b263c851d,community/kernel/src/test/java/org/neo4j/kernel/impl/core/BigJumpingStoreIT.java,32,0,0,4,263,308,NoBug
868b4d731485023d2f7477e1133dcd5b263c851d,enterprise/com/src/main/java/org/neo4j/com/storecopy/ExternallyManagedPageCache.java,1,0,2,6,78,119,NoBug
868b4d731485023d2f7477e1133dcd5b263c851d,community/lucene-index/src/main/java/org/neo4j/index/impl/lucene/IndexReferenceFactory.java,2,0,0,0,39,84,NoBug
868b4d731485023d2f7477e1133dcd5b263c851d,enterprise/metrics/src/test/java/org/neo4j/metrics/output/CsvOutputTest.java,3,0,0,4,83,129,NoBug
868b4d731485023d2f7477e1133dcd5b263c851d,community/kernel/src/test/java/org/neo4j/test/CleanupRule.java,7,0,1,2,73,122,NoBug
868b4d731485023d2f7477e1133dcd5b263c851d,community/lucene-index/src/main/java/org/neo4j/kernel/api/impl/index/DirectoryFactory.java,6,0,1,33,218,286,NoBug
868b4d731485023d2f7477e1133dcd5b263c851d,community/kernel/src/test/java/org/neo4j/kernel/impl/store/IdGeneratorRebuildFailureEmulationTest.java,9,0,0,14,265,327,NoBug
868b4d731485023d2f7477e1133dcd5b263c851d,community/lucene-index/src/test/java/org/neo4j/index/impl/lucene/ReadOnlyIndexReferenceTest.java,1,0,0,13,108,153,NoBug
868b4d731485023d2f7477e1133dcd5b263c851d,community/kernel/src/test/java/org/neo4j/kernel/impl/api/KernelTest.java,2,0,0,2,84,115,NoBug
868b4d731485023d2f7477e1133dcd5b263c851d,community/neo4j/src/test/java/upgrade/StoreUpgraderTest.java,8,0,0,13,368,465,NoBug
868b4d731485023d2f7477e1133dcd5b263c851d,community/kernel/src/test/java/org/neo4j/test/TestGraphDatabaseFactory.java,4,0,1,14,179,228,NoBug
868b4d731485023d2f7477e1133dcd5b263c851d,community/lucene-index/src/test/java/org/neo4j/index/impl/lucene/RecoveryTest.java,3,0,1,12,241,322,NoBug
868b4d731485023d2f7477e1133dcd5b263c851d,community/lucene-index/src/main/java/org/neo4j/index/impl/lucene/ReadOnlyIndexReferenceFactory.java,1,0,0,2,25,51,NoBug
868b4d731485023d2f7477e1133dcd5b263c851d,community/kernel/src/test/java/org/neo4j/test/ImpermanentGraphDatabase.java,5,0,7,3,142,217,NoBug
868b4d731485023d2f7477e1133dcd5b263c851d,enterprise/kernel/src/test/java/org/neo4j/test/TestEnterpriseGraphDatabaseFactory.java,3,0,0,1,80,107,NoBug
868b4d731485023d2f7477e1133dcd5b263c851d,community/consistency-check-legacy/src/main/java/org/neo4j/legacy/consistency/ConsistencyCheckService.java,8,0,0,8,177,220,NoBug
868b4d731485023d2f7477e1133dcd5b263c851d,community/lucene-index/src/main/java/org/neo4j/kernel/api/impl/index/UniqueLuceneIndexAccessor.java,2,0,0,0,63,126,NoBug
868b4d731485023d2f7477e1133dcd5b263c851d,community/lucene-index/src/test/java/org/neo4j/kernel/api/impl/index/LuceneSchemaIndexProviderTest.java,1,0,0,4,74,111,NoBug
868b4d731485023d2f7477e1133dcd5b263c851d,enterprise/enterprise-performance-tests/src/main/java/org/neo4j/perftest/enterprise/ccheck/ConsistencyPerformanceCheck.java,4,0,1,1,119,166,NoBug
868b4d731485023d2f7477e1133dcd5b263c851d,community/lucene-index/src/test/java/org/neo4j/kernel/api/impl/index/LuceneIndexIT.java,3,0,0,5,89,129,NoBug
868b4d731485023d2f7477e1133dcd5b263c851d,community/lucene-index/src/test/java/org/neo4j/index/impl/lucene/LuceneDataSourceTest.java,1,0,0,12,214,263,NoBug
868b4d731485023d2f7477e1133dcd5b263c851d,community/lucene-index/src/test/java/org/neo4j/kernel/api/impl/index/LuceneIndexAccessorSearcherManagerRefreshTest.java,6,0,0,4,171,226,NoBug
868b4d731485023d2f7477e1133dcd5b263c851d,community/consistency-check/src/test/java/org/neo4j/consistency/ConsistencyCheckToolTest.java,4,0,0,10,317,415,NoBug
868b4d731485023d2f7477e1133dcd5b263c851d,community/lucene-index/src/main/java/org/neo4j/kernel/api/impl/index/NonUniqueLuceneIndexAccessor.java,1,0,0,0,13,36,NoBug
868b4d731485023d2f7477e1133dcd5b263c851d,community/lucene-index/src/test/java/org/neo4j/kernel/api/impl/index/ReadOnlyLuceneIndexAccessorTest.java,1,0,0,6,125,164,NoBug
868b4d731485023d2f7477e1133dcd5b263c851d,community/kernel/src/main/java/org/neo4j/kernel/impl/storemigration/StoreMigrationTool.java,3,0,1,2,81,121,NoBug
868b4d731485023d2f7477e1133dcd5b263c851d,community/lucene-index/src/main/java/org/neo4j/index/impl/lucene/LuceneDataSource.java,46,0,2,5,478,568,NoBug
868b4d731485023d2f7477e1133dcd5b263c851d,community/lucene-index/src/main/java/org/neo4j/kernel/api/impl/index/LuceneSchemaIndexProviderFactory.java,1,0,0,5,35,64,NoBug
868b4d731485023d2f7477e1133dcd5b263c851d,enterprise/ha/src/main/java/org/neo4j/kernel/ha/factory/HighlyAvailableFacadeFactory.java,1,0,1,1,23,50,NoBug
868b4d731485023d2f7477e1133dcd5b263c851d,community/lucene-index/src/main/java/org/neo4j/index/impl/lucene/IndexReference.java,8,0,0,0,83,126,NoBug
868b4d731485023d2f7477e1133dcd5b263c851d,community/kernel/src/main/java/org/neo4j/kernel/impl/spi/KernelContext.java,1,0,0,4,10,35,NoBug
868b4d731485023d2f7477e1133dcd5b263c851d,community/kernel/src/main/java/org/neo4j/kernel/impl/spi/SimpleKernelContext.java,1,0,1,4,31,61,NoBug
868b4d731485023d2f7477e1133dcd5b263c851d,community/lucene-index/src/main/java/org/neo4j/index/impl/lucene/WritableIndexReference.java,2,0,0,0,49,79,NoBug
868b4d731485023d2f7477e1133dcd5b263c851d,community/consistency-check/src/test/java/org/neo4j/consistency/checking/GraphStoreFixture.java,5,0,1,43,402,489,NoBug
868b4d731485023d2f7477e1133dcd5b263c851d,community/kernel/src/test/java/org/neo4j/kernel/impl/transaction/PartialTransactionFailureIT.java,6,0,1,1,179,225,NoBug
868b4d731485023d2f7477e1133dcd5b263c851d,community/lucene-index/src/test/java/org/neo4j/index/impl/lucene/WritableIndexReferenceFactoryTest.java,1,0,0,5,88,131,NoBug
868b4d731485023d2f7477e1133dcd5b263c851d,enterprise/kernel/src/main/java/org/neo4j/kernel/impl/enterprise/EnterpriseFacadeFactory.java,1,0,1,1,23,50,NoBug
868b4d731485023d2f7477e1133dcd5b263c851d,community/lucene-index/src/test/java/org/neo4j/index/impl/lucene/CloseTrackingIndexReader.java,1,0,0,0,125,178,NoBug
868b4d731485023d2f7477e1133dcd5b263c851d,community/kernel/src/test/java/org/neo4j/test/LimitedFileSystemGraphDatabase.java,1,0,0,5,51,80,NoBug
868b4d731485023d2f7477e1133dcd5b263c851d,community/consistency-check-legacy/src/test/java/org/neo4j/legacy/consistency/checking/GraphStoreFixture.java,4,0,1,40,364,448,NoBug
868b4d731485023d2f7477e1133dcd5b263c851d,community/kernel/src/test/java/org/neo4j/kernel/impl/transaction/CommitContentionTests.java,10,0,0,4,169,226,NoBug
868b4d731485023d2f7477e1133dcd5b263c851d,community/lucene-index/src/test/java/org/neo4j/kernel/api/impl/index/LuceneSchemaIndexPopulatorTest.java,5,0,0,10,238,305,NoBug
868b4d731485023d2f7477e1133dcd5b263c851d,community/kernel/src/main/java/org/neo4j/kernel/impl/factory/CommunityFacadeFactory.java,1,0,1,1,25,53,NoBug
868b4d731485023d2f7477e1133dcd5b263c851d,community/lucene-index/src/test/java/org/neo4j/index/impl/lucene/NonUniqueIndexTests.java,1,0,0,2,129,166,NoBug
868b4d731485023d2f7477e1133dcd5b263c851d,community/lucene-index/src/test/java/org/neo4j/index/impl/lucene/WritableIndexReferenceTest.java,1,0,0,5,47,79,NoBug
868b4d731485023d2f7477e1133dcd5b263c851d,community/lucene-index/src/test/java/org/neo4j/kernel/api/impl/index/LuceneSchemaIndexCorruptionTest.java,2,0,0,5,80,143,NoBug
868b4d731485023d2f7477e1133dcd5b263c851d,community/lucene-index/src/main/java/org/neo4j/kernel/api/impl/index/LuceneLabelScanStoreExtension.java,2,0,0,7,52,87,NoBug
868b4d731485023d2f7477e1133dcd5b263c851d,community/lucene-index/src/main/java/org/neo4j/kernel/api/impl/index/LuceneSnapshotter.java,5,0,0,1,85,122,NoBug
868b4d731485023d2f7477e1133dcd5b263c851d,community/lucene-index/src/test/java/org/neo4j/kernel/api/impl/index/LuceneLabelScanStoreTest.java,17,0,0,23,515,659,NoBug
868b4d731485023d2f7477e1133dcd5b263c851d,community/lucene-index/src/test/java/org/neo4j/kernel/api/impl/index/LuceneIndexAccessorTest.java,3,0,0,11,217,292,NoBug
868b4d731485023d2f7477e1133dcd5b263c851d,community/lucene-index/src/test/java/org/neo4j/kernel/api/impl/index/UniqueLuceneIndexAccessorTest.java,2,0,0,5,102,157,NoBug
868b4d731485023d2f7477e1133dcd5b263c851d,community/lucene-index/src/test/java/org/neo4j/kernel/api/impl/index/LuceneIndexAccessorReservationsTest.java,2,0,0,8,176,249,NoBug
868b4d731485023d2f7477e1133dcd5b263c851d,community/lucene-index/src/test/java/org/neo4j/kernel/api/impl/index/LuceneIndexRecoveryIT.java,4,0,0,8,280,381,NoBug
868b4d731485023d2f7477e1133dcd5b263c851d,community/lucene-index/src/main/java/org/neo4j/index/impl/lucene/WritableIndexReferenceFactory.java,5,0,0,0,67,105,NoBug
86c61329b0fd5c6346589bb7327e4bd747ce47e9,community/kernel/src/main/java/org/neo4j/kernel/impl/transaction/state/storeview/DynamicIndexStoreView.java,6,0,1,2,82,118,NoBug
86c61329b0fd5c6346589bb7327e4bd747ce47e9,community/neo4j/src/test/java/schema/MultiIndexPopulationConcurrentUpdatesIT.java,11,0,1,5,411,503,NoBug
86c61329b0fd5c6346589bb7327e4bd747ce47e9,community/kernel/src/main/java/org/neo4j/kernel/impl/storageengine/impl/recordstorage/RecordStorageEngine.java,14,0,1,18,459,551,Bag
86c61329b0fd5c6346589bb7327e4bd747ce47e9,community/kernel/src/test/java/org/neo4j/kernel/impl/transaction/state/storeview/DynamicIndexStoreViewTest.java,1,0,0,5,106,152,NoBug
871317377415ca324a48145401e20e173cb1fec2,community/kernel/src/test/java/org/neo4j/kernel/impl/api/state/IndexQueryTransactionStateTest.java,1,0,0,14,242,368,Bag
871317377415ca324a48145401e20e173cb1fec2,community/kernel/src/main/java/org/neo4j/kernel/impl/api/StateHandlingStatementOperations.java,69,0,1,53,811,951,Bag
871317377415ca324a48145401e20e173cb1fec2,community/kernel/src/main/java/org/neo4j/kernel/impl/util/DiffApplyingPrimitiveIntIterator.java,7,0,1,2,92,133,NoBug
871317377415ca324a48145401e20e173cb1fec2,community/kernel/src/main/java/org/neo4j/kernel/impl/api/store/StoreReadLayer.java,1,0,1,38,74,137,NoBug
871317377415ca324a48145401e20e173cb1fec2,community/neo4j/src/test/java/files/TestNoFileDescriptorLeaks.java,2,0,0,4,94,135,NoBug
871317377415ca324a48145401e20e173cb1fec2,community/kernel/src/main/java/org/neo4j/kernel/impl/util/DiffApplyingPrimitiveLongIterator.java,7,0,1,2,92,132,NoBug
871317377415ca324a48145401e20e173cb1fec2,community/kernel/src/main/java/org/neo4j/kernel/impl/api/store/CacheLayer.java,7,0,0,40,331,416,NoBug
87838b56dfcfb7b37ca03d26c9eedc8f1e0c38e5,community/bolt/src/main/java/org/neo4j/bolt/v1/runtime/Neo4jError.java,26,0,1,14,178,235,NoBug
87838b56dfcfb7b37ca03d26c9eedc8f1e0c38e5,community/bolt/src/test/java/org/neo4j/bolt/v1/messaging/Neo4jPackTest.java,5,0,0,13,204,289,NoBug
87838b56dfcfb7b37ca03d26c9eedc8f1e0c38e5,community/bolt/src/test/java/org/neo4j/bolt/v1/messaging/BoltRequestMessageWriter.java,1,0,0,11,72,108,NoBug
87838b56dfcfb7b37ca03d26c9eedc8f1e0c38e5,community/bolt/src/main/java/org/neo4j/bolt/v1/runtime/BoltStateMachine.java,28,0,9,17,607,846,NoBug
87838b56dfcfb7b37ca03d26c9eedc8f1e0c38e5,community/bolt/src/main/java/org/neo4j/bolt/v1/packstream/PackStream.java,91,0,2,39,571,724,NoBug
87838b56dfcfb7b37ca03d26c9eedc8f1e0c38e5,community/bolt/src/test/java/org/neo4j/bolt/v1/runtime/Neo4jErrorTest.java,1,0,0,7,65,118,NoBug
87838b56dfcfb7b37ca03d26c9eedc8f1e0c38e5,community/bolt/src/test/java/org/neo4j/bolt/v1/messaging/BoltRequestMessageRecorder.java,1,0,0,8,47,79,NoBug
87838b56dfcfb7b37ca03d26c9eedc8f1e0c38e5,community/bolt/src/main/java/org/neo4j/bolt/v1/messaging/BoltMessageRouter.java,2,0,1,8,103,153,NoBug
87838b56dfcfb7b37ca03d26c9eedc8f1e0c38e5,community/bolt/src/test/java/org/neo4j/bolt/v1/transport/integration/TransportSessionIT.java,3,0,0,18,372,494,NoBug
87838b56dfcfb7b37ca03d26c9eedc8f1e0c38e5,community/bolt/src/main/java/org/neo4j/bolt/v1/messaging/BoltRequestMessageReader.java,10,0,2,2,77,113,NoBug
87838b56dfcfb7b37ca03d26c9eedc8f1e0c38e5,community/bolt/src/main/java/org/neo4j/bolt/v1/messaging/Neo4jPack.java,69,0,1,12,431,486,NoBug
87838b56dfcfb7b37ca03d26c9eedc8f1e0c38e5,community/bolt/src/main/java/org/neo4j/bolt/v1/messaging/BoltRequestMessageHandler.java,1,0,1,7,13,50,NoBug
87a690fbed55b13b44c51cf28a9156d1a45de6f0,community/kernel/src/test/java/org/neo4j/test/TestGraphDatabaseFactory.java,4,0,1,15,194,246,NoBug
87a690fbed55b13b44c51cf28a9156d1a45de6f0,enterprise/neo4j-enterprise/src/test/java/org/neo4j/index/StartOnExistingDbWithIndexIT.java,1,0,0,2,53,82,NoBug
87a690fbed55b13b44c51cf28a9156d1a45de6f0,enterprise/kernel/src/test/java/org/neo4j/test/TestEnterpriseGraphDatabaseFactory.java,5,0,0,2,125,155,NoBug
87a690fbed55b13b44c51cf28a9156d1a45de6f0,community/logging/src/test/java/org/neo4j/logging/AssertableLogProvider.java,46,0,2,44,638,751,NoBug
87a690fbed55b13b44c51cf28a9156d1a45de6f0,community/kernel/src/main/java/org/neo4j/kernel/impl/api/index/IndexingService.java,58,0,6,24,634,830,NoBug
881f0824ca29e872b8e85fbe360f4b2c448f0a8a,enterprise/security/src/test/java/org/neo4j/server/security/enterprise/auth/EnterpriseSecurityModuleTest.java,1,0,0,3,65,102,Bag
881f0824ca29e872b8e85fbe360f4b2c448f0a8a,enterprise/security/src/main/java/org/neo4j/server/security/enterprise/auth/EnterpriseSecurityModule.java,23,0,0,9,227,297,Bag
881f0824ca29e872b8e85fbe360f4b2c448f0a8a,enterprise/security/src/main/java/org/neo4j/server/security/enterprise/auth/plugin/PluginRealm.java,42,0,0,10,386,465,Bag
881f0824ca29e872b8e85fbe360f4b2c448f0a8a,community/kernel/src/main/java/org/neo4j/kernel/impl/factory/EditionModule.java,4,0,1,1,142,198,Bag
881f0824ca29e872b8e85fbe360f4b2c448f0a8a,community/consistency-check/src/test/java/org/neo4j/consistency/CheckConsistencyCommandTest.java,2,0,0,8,171,233,NoBug
881f0824ca29e872b8e85fbe360f4b2c448f0a8a,enterprise/backup/src/test/java/org/neo4j/backup/OnlineBackupCommandTest.java,2,0,0,21,250,325,NoBug
886dbb454deaae6adcb4ff26e76f6e225eedca55,enterprise/core-edge/src/main/java/org/neo4j/coreedge/raft/log/segmented/SizeBasedLogPruningStrategy.java,3,0,0,0,30,58,NoBug
886dbb454deaae6adcb4ff26e76f6e225eedca55,enterprise/core-edge/src/test/java/org/neo4j/coreedge/raft/log/segmented/SegmentedRaftLogRotationTest.java,2,0,0,3,63,101,NoBug
886dbb454deaae6adcb4ff26e76f6e225eedca55,enterprise/core-edge/src/test/java/org/neo4j/coreedge/raft/log/segmented/SegmentedRaftLogVerificationIT.java,1,0,0,1,33,63,NoBug
886dbb454deaae6adcb4ff26e76f6e225eedca55,enterprise/core-edge/src/main/java/org/neo4j/coreedge/raft/log/segmented/CoreLogPruningStrategy.java,1,0,0,0,5,37,NoBug
886dbb454deaae6adcb4ff26e76f6e225eedca55,enterprise/core-edge/src/test/java/org/neo4j/coreedge/raft/log/segmented/SizeBasedLogPruningStrategyTest.java,1,0,0,2,17,47,NoBug
886dbb454deaae6adcb4ff26e76f6e225eedca55,enterprise/core-edge/src/test/java/org/neo4j/coreedge/raft/log/segmented/RecoveryProtocolTest.java,4,0,0,10,150,230,NoBug
886dbb454deaae6adcb4ff26e76f6e225eedca55,enterprise/core-edge/src/test/java/org/neo4j/coreedge/raft/log/segmented/ReferenceCounterTest.java,3,0,0,8,74,130,NoBug
886dbb454deaae6adcb4ff26e76f6e225eedca55,enterprise/core-edge/src/main/java/org/neo4j/coreedge/raft/log/segmented/Segments.java,19,0,0,0,184,256,NoBug
886dbb454deaae6adcb4ff26e76f6e225eedca55,community/kernel/src/main/java/org/neo4j/kernel/impl/transaction/log/ReadAheadLogChannel.java,1,0,1,5,37,69,NoBug
886dbb454deaae6adcb4ff26e76f6e225eedca55,enterprise/core-edge/src/test/java/org/neo4j/coreedge/raft/log/segmented/SegmentsTest.java,3,0,0,10,177,285,NoBug
886dbb454deaae6adcb4ff26e76f6e225eedca55,enterprise/core-edge/src/main/java/org/neo4j/coreedge/raft/log/segmented/SegmentedRaftLog.java,15,0,1,11,193,265,NoBug
886dbb454deaae6adcb4ff26e76f6e225eedca55,enterprise/core-edge/src/test/java/org/neo4j/coreedge/scenarios/RestartIT.java,3,0,0,5,90,158,NoBug
886dbb454deaae6adcb4ff26e76f6e225eedca55,enterprise/core-edge/src/test/java/org/neo4j/coreedge/raft/log/segmented/PositionCacheTest.java,3,0,0,6,61,113,NoBug
886dbb454deaae6adcb4ff26e76f6e225eedca55,enterprise/core-edge/src/main/java/org/neo4j/coreedge/raft/log/segmented/ReferenceCounter.java,8,0,0,0,45,80,NoBug
886dbb454deaae6adcb4ff26e76f6e225eedca55,enterprise/core-edge/src/test/java/org/neo4j/coreedge/raft/log/RaftLogDurabilityTest.java,3,0,0,10,156,246,NoBug
886dbb454deaae6adcb4ff26e76f6e225eedca55,enterprise/core-edge/src/main/java/org/neo4j/coreedge/raft/log/LogPosition.java,5,0,0,4,28,53,NoBug
886dbb454deaae6adcb4ff26e76f6e225eedca55,community/kernel/src/test/java/org/neo4j/kernel/impl/transaction/log/ReadAheadChannelTest.java,10,0,0,5,161,222,NoBug
886dbb454deaae6adcb4ff26e76f6e225eedca55,enterprise/core-edge/src/main/java/org/neo4j/coreedge/helper/StatUtil.java,11,0,0,13,159,221,NoBug
886dbb454deaae6adcb4ff26e76f6e225eedca55,community/kernel/src/main/java/org/neo4j/helpers/NamedThreadFactory.java,2,0,0,16,103,144,NoBug
886dbb454deaae6adcb4ff26e76f6e225eedca55,enterprise/core-edge/src/main/java/org/neo4j/coreedge/raft/log/segmented/Reader.java,1,0,0,4,38,67,NoBug
886dbb454deaae6adcb4ff26e76f6e225eedca55,enterprise/core-edge/src/test/java/org/neo4j/coreedge/raft/log/segmented/EntryCursorTest.java,1,0,0,4,56,98,NoBug
886dbb454deaae6adcb4ff26e76f6e225eedca55,enterprise/core-edge/src/main/java/org/neo4j/coreedge/raft/log/segmented/EntryCursor.java,9,0,0,0,80,123,NoBug
886dbb454deaae6adcb4ff26e76f6e225eedca55,enterprise/core-edge/src/test/java/org/neo4j/coreedge/raft/log/segmented/EntryBasedLogPruningStrategyTest.java,1,0,0,5,40,87,NoBug
886dbb454deaae6adcb4ff26e76f6e225eedca55,enterprise/core-edge/src/test/java/org/neo4j/coreedge/raft/log/segmented/SegmentedConcurrentStressIT.java,1,0,0,2,19,43,NoBug
886dbb454deaae6adcb4ff26e76f6e225eedca55,enterprise/core-edge/src/test/java/org/neo4j/coreedge/raft/log/segmented/SegmentedRaftLogCursorIT.java,2,0,0,5,88,138,NoBug
886dbb454deaae6adcb4ff26e76f6e225eedca55,enterprise/core-edge/src/main/java/org/neo4j/coreedge/server/core/EnterpriseCoreEditionModule.java,16,0,1,4,621,768,NoBug
886dbb454deaae6adcb4ff26e76f6e225eedca55,enterprise/core-edge/src/test/java/org/neo4j/coreedge/raft/log/segmented/ReaderTest.java,1,0,0,3,31,68,NoBug
886dbb454deaae6adcb4ff26e76f6e225eedca55,enterprise/core-edge/src/main/java/org/neo4j/coreedge/server/CoreEdgeClusterSettings.java,1,0,0,1,161,224,NoBug
886dbb454deaae6adcb4ff26e76f6e225eedca55,enterprise/core-edge/src/main/java/org/neo4j/coreedge/raft/log/segmented/PositionCache.java,6,0,0,0,37,88,NoBug
886dbb454deaae6adcb4ff26e76f6e225eedca55,enterprise/core-edge/src/test/java/org/neo4j/coreedge/raft/log/segmented/PruningStrategyTest.java,2,0,0,0,37,73,NoBug
886dbb454deaae6adcb4ff26e76f6e225eedca55,enterprise/core-edge/src/test/java/org/neo4j/coreedge/raft/log/debug/ReplayRaftLog.java,3,0,0,2,46,76,NoBug
886dbb454deaae6adcb4ff26e76f6e225eedca55,enterprise/core-edge/src/test/java/org/neo4j/coreedge/raft/log/segmented/SegmentFileTest.java,3,0,0,10,152,231,NoBug
886dbb454deaae6adcb4ff26e76f6e225eedca55,enterprise/core-edge/src/main/java/org/neo4j/coreedge/raft/log/segmented/EntryBasedLogPruningStrategy.java,3,0,0,0,47,78,NoBug
886dbb454deaae6adcb4ff26e76f6e225eedca55,enterprise/core-edge/src/main/java/org/neo4j/coreedge/raft/log/segmented/NoPruningPruningStrategy.java,1,0,0,0,9,30,NoBug
886dbb454deaae6adcb4ff26e76f6e225eedca55,enterprise/core-edge/src/test/java/org/neo4j/coreedge/raft/log/segmented/SegmentedRaftLogContractTest.java,2,0,0,3,40,70,NoBug
886dbb454deaae6adcb4ff26e76f6e225eedca55,enterprise/core-edge/src/test/java/org/neo4j/coreedge/raft/log/RaftLogContractTest.java,12,0,0,19,284,427,NoBug
886dbb454deaae6adcb4ff26e76f6e225eedca55,enterprise/core-edge/src/main/java/org/neo4j/coreedge/raft/log/segmented/ReaderPool.java,9,0,0,0,101,136,NoBug
886dbb454deaae6adcb4ff26e76f6e225eedca55,community/kernel/src/main/java/org/neo4j/kernel/impl/transaction/log/ReadAheadChannel.java,7,0,2,10,122,196,NoBug
886dbb454deaae6adcb4ff26e76f6e225eedca55,enterprise/core-edge/src/main/java/org/neo4j/coreedge/raft/log/segmented/RecoveryProtocol.java,10,0,0,0,148,199,NoBug
886dbb454deaae6adcb4ff26e76f6e225eedca55,enterprise/core-edge/src/test/java/org/neo4j/coreedge/scenarios/explorer/StateExplorerIT.java,8,0,0,2,70,101,NoBug
886dbb454deaae6adcb4ff26e76f6e225eedca55,enterprise/core-edge/src/test/java/org/neo4j/coreedge/raft/log/inmemory/InMemoryConcurrentStressIT.java,1,0,0,7,33,65,NoBug
886dbb454deaae6adcb4ff26e76f6e225eedca55,enterprise/core-edge/src/main/java/org/neo4j/coreedge/raft/log/segmented/SegmentFile.java,14,0,0,0,211,290,NoBug
886dbb454deaae6adcb4ff26e76f6e225eedca55,enterprise/core-edge/src/main/java/org/neo4j/coreedge/raft/log/segmented/EntryRecordCursor.java,2,0,0,0,56,91,NoBug
886dbb454deaae6adcb4ff26e76f6e225eedca55,enterprise/core-edge/src/test/java/org/neo4j/coreedge/raft/log/segmented/ReaderPoolTest.java,1,0,0,7,96,158,NoBug
886dbb454deaae6adcb4ff26e76f6e225eedca55,enterprise/core-edge/src/main/java/org/neo4j/coreedge/raft/log/segmented/DumpSegmentedRaftLog.java,6,0,0,0,105,170,NoBug
88eaac89e4736cb65955327e7f588ec105ad88b5,enterprise/com/src/main/java/org/neo4j/com/storecopy/TransactionCommittingResponseUnpacker.java,11,0,2,15,247,333,Bag
88eaac89e4736cb65955327e7f588ec105ad88b5,community/kernel/src/main/java/org/neo4j/kernel/impl/transaction/log/BatchingTransactionAppender.java,14,0,1,6,306,419,Bag
88eaac89e4736cb65955327e7f588ec105ad88b5,enterprise/com/src/test/java/org/neo4j/com/storecopy/TransactionCommittingResponseUnpackerTest.java,11,0,1,8,502,634,Bag
88fa4421572662aa8822510e7bb089a305ab62e3,community/kernel/src/main/java/org/neo4j/graphdb/factory/GraphDatabaseSettings.java,9,0,1,0,377,514,NoBug
8987e8f50fa8f15574420b8ceb88e23c2ae1a48a,community/kernel/src/main/java/org/neo4j/unsafe/batchinsert/BatchInserterImpl.java,82,0,1,26,847,1020,Bag
898b57149eb06fc3d33780f52061c8f3d7efdd07,enterprise/ha/src/test/java/org/neo4j/test/ha/ReadOnlySlaveTest.java,6,0,1,5,133,191,NoBug
898b57149eb06fc3d33780f52061c8f3d7efdd07,community/kernel/src/main/java/org/neo4j/kernel/impl/api/scan/NativeLabelScanStoreExtension.java,2,0,0,9,51,82,NoBug
8a04a27dfd2205982014b036269e2e2dae2a355b,community/io/src/main/java/org/neo4j/io/pagecache/impl/SingleFilePageSwapper.java,64,0,1,14,604,751,NoBug
8a2d3beff52bcf03814a519f4492e8667ba80f17,enterprise/security/src/test/java/org/neo4j/server/security/enterprise/auth/BuiltInProceduresInteractionTestBase.java,10,0,17,14,736,1049,Bag
8a2d3beff52bcf03814a519f4492e8667ba80f17,enterprise/security/src/test/java/org/neo4j/server/security/enterprise/auth/ProcedureInteractionTestBase.java,9,0,0,12,495,614,Bag
8a2d3beff52bcf03814a519f4492e8667ba80f17,integrationtests/src/test/java/org/neo4j/procedure/ProcedureIT.java,14,0,0,129,1177,1575,Bag
8a2d3beff52bcf03814a519f4492e8667ba80f17,community/kernel/src/test/java/org/neo4j/kernel/builtinprocs/SchemaProcedureIT.java,3,0,0,4,92,138,Bag
8a2d3beff52bcf03814a519f4492e8667ba80f17,enterprise/core-edge/src/test/java/org/neo4j/coreedge/scenarios/ClusterMembershipChangeIT.java,2,0,0,2,61,98,Bag
8a2d3beff52bcf03814a519f4492e8667ba80f17,community/kernel/src/main/java/org/neo4j/kernel/api/DataWriteOperations.java,1,0,7,26,68,155,Bag
8a2d3beff52bcf03814a519f4492e8667ba80f17,community/kernel/src/test/java/org/neo4j/kernel/impl/api/integrationtest/BuiltInProceduresIT.java,2,0,0,8,133,195,Bag
8a2d3beff52bcf03814a519f4492e8667ba80f17,community/kernel/src/main/java/org/neo4j/kernel/api/Statement.java,1,0,6,0,11,67,Bag
8a2d3beff52bcf03814a519f4492e8667ba80f17,community/kernel/src/main/java/org/neo4j/kernel/impl/api/OperationsFacade.java,17,0,12,144,1302,1544,Bag
8a2d3beff52bcf03814a519f4492e8667ba80f17,community/kernel/src/test/java/org/neo4j/kernel/impl/api/integrationtest/ProceduresKernelIT.java,1,0,0,7,100,160,Bag
8a2d3beff52bcf03814a519f4492e8667ba80f17,community/kernel/src/main/java/org/neo4j/kernel/api/SchemaWriteOperations.java,1,0,4,6,31,71,Bag
8a2d3beff52bcf03814a519f4492e8667ba80f17,community/kernel/src/main/java/org/neo4j/kernel/impl/api/KernelStatement.java,11,0,2,14,186,257,Bag
8a2d3beff52bcf03814a519f4492e8667ba80f17,enterprise/core-edge/src/test/java/org/neo4j/coreedge/scenarios/ClusterDiscoveryIT.java,3,0,0,3,75,116,Bag
8a2d3beff52bcf03814a519f4492e8667ba80f17,community/kernel/src/main/java/org/neo4j/kernel/api/ReadOperations.java,1,0,54,49,178,575,Bag
8a2d3beff52bcf03814a519f4492e8667ba80f17,community/kernel/src/test/java/org/neo4j/kernel/impl/api/integrationtest/KernelIntegrationTest.java,2,0,0,3,138,177,Bag
8a2d3beff52bcf03814a519f4492e8667ba80f17,community/kernel/src/test/java/org/neo4j/kernel/builtinprocs/StubStatement.java,1,0,0,7,46,75,Bag
8a2d3beff52bcf03814a519f4492e8667ba80f17,enterprise/core-edge/src/test/java/org/neo4j/coreedge/scenarios/ClusterOverviewIT.java,18,0,0,10,278,397,Bag
8a31284a00600fe653939a9b2206e0382deded40,enterprise/server-enterprise/src/test/java/org/neo4j/server/rest/security/EnterpriseUserServiceTest.java,1,0,0,3,39,69,NoBug
8a31284a00600fe653939a9b2206e0382deded40,enterprise/kernel/src/main/java/org/neo4j/kernel/enterprise/api/security/EnterpriseAuthSubject.java,2,0,2,2,100,146,NoBug
8a31284a00600fe653939a9b2206e0382deded40,community/kernel/src/main/java/org/neo4j/kernel/api/security/AuthSubject.java,1,0,7,2,150,242,NoBug
8a31284a00600fe653939a9b2206e0382deded40,enterprise/security/src/main/java/org/neo4j/server/security/enterprise/auth/PersonalUserManager.java,27,0,0,21,309,355,NoBug
8a31284a00600fe653939a9b2206e0382deded40,community/server/src/main/java/org/neo4j/server/database/InjectableProvider.java,2,0,0,7,59,89,NoBug
8a31284a00600fe653939a9b2206e0382deded40,enterprise/security/src/main/java/org/neo4j/server/security/enterprise/auth/EnterpriseSecurityModule.java,23,0,0,6,208,275,NoBug
8a31284a00600fe653939a9b2206e0382deded40,community/kernel/src/main/java/org/neo4j/kernel/impl/factory/EditionModule.java,4,0,1,3,141,197,Bag
8a31284a00600fe653939a9b2206e0382deded40,community/server/src/main/java/org/neo4j/server/rest/dbms/UserService.java,14,0,0,4,128,162,NoBug
8a31284a00600fe653939a9b2206e0382deded40,community/server/src/test/java/org/neo4j/server/rest/dbms/UserServiceTest.java,1,0,0,16,221,346,NoBug
8a31284a00600fe653939a9b2206e0382deded40,enterprise/security/src/test/java/org/neo4j/server/security/enterprise/auth/integration/bolt/LdapAuthenticationIT.java,7,0,13,28,585,910,NoBug
8a31284a00600fe653939a9b2206e0382deded40,enterprise/security/src/main/java/org/neo4j/server/security/enterprise/auth/StandardEnterpriseAuthSubject.java,13,0,0,19,143,187,NoBug
8a31284a00600fe653939a9b2206e0382deded40,community/server/src/main/java/org/neo4j/server/AbstractNeoServer.java,21,0,0,14,431,555,NoBug
8a31284a00600fe653939a9b2206e0382deded40,community/security/src/test/java/org/neo4j/server/security/auth/AuthProceduresTest.java,1,0,0,3,41,78,NoBug
8a31284a00600fe653939a9b2206e0382deded40,enterprise/security/src/test/java/org/neo4j/server/security/enterprise/auth/integration/bolt/BoltInitChangePasswordTest.java,1,0,0,4,49,81,NoBug
8a31284a00600fe653939a9b2206e0382deded40,enterprise/security/src/main/java/org/neo4j/server/security/enterprise/auth/UserManagementProcedures.java,4,0,0,16,138,177,NoBug
8a31284a00600fe653939a9b2206e0382deded40,community/security/src/main/java/org/neo4j/server/security/auth/UserManager.java,1,0,0,7,15,43,NoBug
8a31284a00600fe653939a9b2206e0382deded40,enterprise/security/src/main/java/org/neo4j/server/security/enterprise/auth/SecurityProcedures.java,1,0,0,3,28,54,NoBug
8a31284a00600fe653939a9b2206e0382deded40,enterprise/security/src/test/java/org/neo4j/server/security/enterprise/auth/integration/bolt/EnterpriseAuthenticationIT.java,2,0,0,2,37,66,NoBug
8a31284a00600fe653939a9b2206e0382deded40,community/kernel/src/main/java/org/neo4j/kernel/api/security/SecurityModule.java,1,0,0,11,28,58,NoBug
8a31284a00600fe653939a9b2206e0382deded40,enterprise/security/src/test/java/org/neo4j/server/security/enterprise/auth/MultiRealmAuthManagerRule.java,3,0,0,9,117,154,NoBug
8a31284a00600fe653939a9b2206e0382deded40,community/security/src/main/java/org/neo4j/server/security/auth/AuthProcedures.java,6,0,0,8,98,133,NoBug
8a31284a00600fe653939a9b2206e0382deded40,enterprise/security/src/test/java/org/neo4j/server/security/enterprise/auth/EmbeddedBuiltInProceduresInteractionTest.java,2,0,0,3,145,194,NoBug
8a31284a00600fe653939a9b2206e0382deded40,enterprise/security/src/main/java/org/neo4j/server/security/enterprise/auth/EnterpriseUserManager.java,1,0,2,12,119,190,NoBug
8a31284a00600fe653939a9b2206e0382deded40,community/security/src/main/java/org/neo4j/server/security/auth/BasicAuthSubject.java,5,0,1,16,118,169,NoBug
8a31284a00600fe653939a9b2206e0382deded40,enterprise/security/src/main/java/org/neo4j/server/security/enterprise/auth/InternalFlatFileRealm.java,53,0,1,25,599,719,NoBug
8a31284a00600fe653939a9b2206e0382deded40,enterprise/security/src/test/java/org/neo4j/server/security/enterprise/auth/UserManagementProceduresLoggingTest.java,3,0,0,37,509,719,NoBug
8a31284a00600fe653939a9b2206e0382deded40,community/security/src/main/java/org/neo4j/server/security/auth/CommunitySecurityModule.java,2,0,0,7,68,106,NoBug
8a31284a00600fe653939a9b2206e0382deded40,enterprise/security/src/main/java/org/neo4j/server/security/enterprise/auth/AuthProceduresBase.java,7,0,0,4,136,184,NoBug
8a31284a00600fe653939a9b2206e0382deded40,enterprise/security/src/main/java/org/neo4j/server/security/enterprise/auth/MultiRealmAuthManager.java,21,0,0,0,184,225,NoBug
8a31284a00600fe653939a9b2206e0382deded40,community/security/src/main/java/org/neo4j/server/security/auth/BasicAuthManager.java,14,0,1,16,181,241,NoBug
8a9feb5c45ca8187dbd574921e02d5df351e2fff,community/shell/src/test/java/org/neo4j/shell/TestApps.java,14,0,1,74,976,1202,Bag
8ab0685a4620653b3c1764d5bd04598a2e954bb2,enterprise/security/src/test/java/org/neo4j/server/security/enterprise/auth/MultiRealmAuthManagerTest.java,4,0,0,34,489,715,Bag
8ab0685a4620653b3c1764d5bd04598a2e954bb2,community/bolt/src/test/java/org/neo4j/bolt/security/auth/BasicAuthenticationTest.java,1,0,0,11,186,285,Bag
8ab0685a4620653b3c1764d5bd04598a2e954bb2,enterprise/security/src/main/java/org/neo4j/server/security/enterprise/auth/MultiRealmAuthManager.java,26,0,0,0,210,252,Bag
8ab0685a4620653b3c1764d5bd04598a2e954bb2,enterprise/security/src/main/java/org/neo4j/server/security/enterprise/auth/plugin/PluginAuthenticationInfo.java,3,0,0,5,58,87,Bag
8ab0685a4620653b3c1764d5bd04598a2e954bb2,community/kernel/src/main/java/org/neo4j/kernel/api/security/AuthToken.java,6,0,0,7,67,97,Bag
8ab0685a4620653b3c1764d5bd04598a2e954bb2,community/security/src/main/java/org/neo4j/server/security/auth/BasicAuthManager.java,13,0,1,15,173,232,Bag
8ab0685a4620653b3c1764d5bd04598a2e954bb2,community/bolt/src/test/java/org/neo4j/bolt/v1/transport/integration/AuthenticationIT.java,7,0,0,19,424,584,Bag
8ab0685a4620653b3c1764d5bd04598a2e954bb2,enterprise/security/src/main/java/org/neo4j/server/security/enterprise/auth/ShiroAuthToken.java,4,0,1,6,38,69,Bag
8ab0685a4620653b3c1764d5bd04598a2e954bb2,community/security/src/test/java/org/neo4j/server/security/auth/BasicAuthManagerTest.java,4,0,0,12,158,237,Bag
8ab0685a4620653b3c1764d5bd04598a2e954bb2,enterprise/security/src/test/java/org/neo4j/server/security/enterprise/auth/EmbeddedBuiltInProceduresInteractionTest.java,2,0,0,3,99,139,NoBug
8ab0685a4620653b3c1764d5bd04598a2e954bb2,enterprise/security/src/test/java/org/neo4j/server/security/enterprise/auth/integration/bolt/EnterpriseAuthenticationTestBase.java,7,0,0,3,240,336,NoBug
8ab0685a4620653b3c1764d5bd04598a2e954bb2,enterprise/security/src/main/java/org/neo4j/server/security/enterprise/auth/UserManagementProcedures.java,4,0,0,16,134,173,NoBug
8ab0685a4620653b3c1764d5bd04598a2e954bb2,enterprise/security/src/test/java/org/neo4j/server/security/enterprise/auth/integration/bolt/LdapAuthIT.java,12,0,13,37,807,1248,NoBug
8ab0685a4620653b3c1764d5bd04598a2e954bb2,enterprise/security/src/main/java/org/neo4j/server/security/enterprise/auth/SecurityProcedures.java,2,0,0,3,33,59,NoBug
8ab0685a4620653b3c1764d5bd04598a2e954bb2,enterprise/security/src/test/java/org/neo4j/server/security/enterprise/auth/integration/bolt/LdapExamplePluginAuthenticationIT.java,1,0,0,3,75,104,NoBug
8ab0685a4620653b3c1764d5bd04598a2e954bb2,enterprise/security/src/main/java/org/neo4j/server/security/enterprise/auth/AuthProceduresBase.java,6,0,0,4,127,172,NoBug
8ab0685a4620653b3c1764d5bd04598a2e954bb2,enterprise/security/src/main/java/org/neo4j/server/security/enterprise/auth/StandardEnterpriseSecurityContext.java,13,0,0,0,194,247,NoBug
8ab0685a4620653b3c1764d5bd04598a2e954bb2,enterprise/kernel/src/main/java/org/neo4j/kernel/enterprise/api/security/EnterpriseSecurityContext.java,1,0,2,19,107,155,NoBug
8ab0685a4620653b3c1764d5bd04598a2e954bb2,enterprise/security/src/test/java/org/neo4j/server/security/enterprise/auth/SecurityProceduresTest.java,1,0,0,3,43,74,NoBug
8ab0685a4620653b3c1764d5bd04598a2e954bb2,enterprise/security/src/main/java/org/neo4j/server/security/enterprise/auth/LdapRealm.java,59,0,1,7,514,626,NoBug
8ab0685a4620653b3c1764d5bd04598a2e954bb2,enterprise/security/src/test/java/org/neo4j/server/security/enterprise/auth/integration/bolt/ActiveDirectoryAuthenticationIT.java,4,0,3,12,232,363,NoBug
8ab0685a4620653b3c1764d5bd04598a2e954bb2,community/bolt/src/test/java/org/neo4j/bolt/v1/transport/integration/Neo4jWithSocket.java,4,0,0,9,122,163,NoBug
8ae3804af329f315ebb7344111499111a3e475bf,enterprise/core-edge/src/main/java/org/neo4j/coreedge/core/server/CoreServerModule.java,2,0,0,2,136,185,NoBug
8ae3804af329f315ebb7344111499111a3e475bf,enterprise/core-edge/src/main/java/org/neo4j/coreedge/core/consensus/ConsensusModule.java,6,0,0,7,194,254,NoBug
8aefa7f796ec5c1913d3308074dd34e19a233d42,enterprise/causal-clustering/src/main/java/org/neo4j/causalclustering/core/consensus/log/segmented/Terms.java,19,0,1,0,107,173,NoBug
8aefa7f796ec5c1913d3308074dd34e19a233d42,enterprise/causal-clustering/src/test/java/org/neo4j/causalclustering/core/consensus/log/segmented/TermsTest.java,8,0,0,17,307,461,NoBug
8b6d2b27bc49048537bfcb8a6df8428719794351,enterprise/security/src/main/java/org/neo4j/server/security/enterprise/auth/ShiroAuthManager.java,9,0,0,15,167,231,NoBug
8bf7270a5b79e99c5a3527519f39cc268e9b3048,enterprise/security/src/test/java/org/slf4j/impl/Neo4jLoggerFactoryTest.java,1,0,0,12,174,261,Bag
8bf7270a5b79e99c5a3527519f39cc268e9b3048,enterprise/security/src/main/java/org/slf4j/impl/StaticLoggerBinder.java,1,0,0,5,25,53,Bag
8bf7270a5b79e99c5a3527519f39cc268e9b3048,enterprise/security/src/main/java/org/slf4j/impl/Neo4jLoggerFactory.java,26,0,0,3,262,321,Bag
8c631e32f9b356043c651d9fff455cd36ca7d59c,community/kernel/src/main/java/org/neo4j/kernel/configuration/Config.java,6,0,6,11,134,210,Bag
8c631e32f9b356043c651d9fff455cd36ca7d59c,community/kernel/src/test/java/org/neo4j/kernel/configuration/ConfigTest.java,1,0,0,13,163,252,Bag
8c631e32f9b356043c651d9fff455cd36ca7d59c,community/kernel/src/main/java/org/neo4j/kernel/configuration/ConfigurationValidator.java,6,0,1,2,47,83,Bag
8c6ea9c74583500328fd0a9ad3469cc3a41b563f,community/kernel/src/main/java/org/neo4j/kernel/impl/transaction/state/TransactionRecordState.java,24,0,16,13,378,592,Bag
8c6ea9c74583500328fd0a9ad3469cc3a41b563f,enterprise/backup/src/test/java/org/neo4j/backup/IncrementalBackupTests.java,3,0,0,4,116,159,Bag
8c6ea9c74583500328fd0a9ad3469cc3a41b563f,community/kernel/src/main/java/org/neo4j/unsafe/impl/batchimport/store/BatchingRecordAccess.java,1,0,1,17,113,160,Bag
8c6ea9c74583500328fd0a9ad3469cc3a41b563f,community/kernel/src/test/java/org/neo4j/kernel/impl/transaction/state/TrackingRecordProxy.java,3,0,0,10,67,98,Bag
8c6ea9c74583500328fd0a9ad3469cc3a41b563f,community/kernel/src/main/java/org/neo4j/kernel/impl/transaction/state/RecordAccess.java,1,0,6,16,29,99,Bag
8c6ea9c74583500328fd0a9ad3469cc3a41b563f,community/kernel/src/test/java/org/neo4j/kernel/impl/transaction/state/TransactionRecordStateTest.java,3,0,0,6,272,355,Bag
8c6ea9c74583500328fd0a9ad3469cc3a41b563f,community/kernel/src/main/java/org/neo4j/unsafe/batchinsert/DirectRecordAccess.java,7,0,1,9,186,239,Bag
8cee2c6042f1a7ffc7146cc0976d14c9d657bdf0,enterprise/causal-clustering/src/main/java/org/neo4j/causalclustering/core/state/CoreState.java,8,0,0,11,151,207,NoBug
8d2e8c6469c5e313638a93adaa910dbf3b026200,community/server/src/test/java/org/neo4j/server/rest/paging/PagedTraverserDocIT.java,6,0,0,20,384,502,Bag
8d2e8c6469c5e313638a93adaa910dbf3b026200,community/bolt/src/test/java/org/neo4j/bolt/v1/transport/integration/TransportSessionIT.java,2,0,0,9,154,209,Bag
8d2e8c6469c5e313638a93adaa910dbf3b026200,community/bolt/src/main/java/org/neo4j/bolt/v1/messaging/infrastructure/ValueUnboundRelationship.java,10,0,0,23,151,204,Bag
8d2e8c6469c5e313638a93adaa910dbf3b026200,community/bolt/src/test/java/org/neo4j/bolt/v1/messaging/Neo4jPackTest.java,4,0,0,7,106,156,Bag
8d2e8c6469c5e313638a93adaa910dbf3b026200,community/bolt/src/main/java/org/neo4j/bolt/v1/messaging/Neo4jPack.java,61,0,2,9,338,386,Bag
8d2e8c6469c5e313638a93adaa910dbf3b026200,community/bolt/src/main/java/org/neo4j/bolt/v1/messaging/infrastructure/ValueNode.java,10,0,0,36,250,317,Bag
8d2e8c6469c5e313638a93adaa910dbf3b026200,community/bolt/src/main/java/org/neo4j/bolt/v1/messaging/infrastructure/ValueRelationship.java,11,0,0,21,169,219,Bag
8dd5305f81c3afc5a654640540972981c556bc99,integrationtests/src/test/java/org/neo4j/causalclustering/scenarios/BoltCausalClusteringIT.java,24,0,2,13,469,760,NoBug
8e057a683b13cd7c2d6155e5dc80d673442431c1,enterprise/core-edge/src/main/java/org/neo4j/coreedge/catchup/TimeoutLoop.java,6,0,0,0,47,70,NoBug
8e057a683b13cd7c2d6155e5dc80d673442431c1,enterprise/core-edge/src/test/java/org/neo4j/coreedge/catchup/TimeoutLoopTest.java,3,0,0,5,67,116,NoBug
8e057a683b13cd7c2d6155e5dc80d673442431c1,enterprise/core-edge/src/main/java/org/neo4j/coreedge/catchup/TrackingResponseHandler.java,8,0,0,0,103,137,NoBug
8e3862547ce0063732b2113b4af8f775432c7a62,enterprise/causal-clustering/src/main/java/org/neo4j/causalclustering/catchup/storecopy/CopiedStoreRecovery.java,5,0,0,4,76,108,Bag
8ed5b950ba8468c5b4723bcf5e17e4d3506972d3,enterprise/core-edge/src/test/java/org/neo4j/coreedge/raft/state/CoreStateTest.java,2,0,1,11,256,385,NoBug
8ed5b950ba8468c5b4723bcf5e17e4d3506972d3,enterprise/core-edge/src/main/java/org/neo4j/coreedge/raft/state/CoreState.java,11,0,2,9,241,341,NoBug
8f583233901b986777dfe5cfeca786aa0c24cd24,community/cypher/cypher/src/main/java/org/neo4j/cypher/internal/codegen/PrimitiveRelationshipStream.java,4,0,0,5,42,71,Bag
8f583233901b986777dfe5cfeca786aa0c24cd24,community/cypher/cypher/src/main/java/org/neo4j/cypher/internal/codegen/PrimitiveNodeStream.java,4,0,0,5,40,69,Bag
8f583233901b986777dfe5cfeca786aa0c24cd24,enterprise/cypher/spec-suite-tools/src/main/java/cypher/feature/parser/matchers/ResultMatcher.java,4,0,0,5,47,107,Bag
8f583233901b986777dfe5cfeca786aa0c24cd24,community/cypher/cypher/src/main/java/org/neo4j/cypher/internal/codegen/CompiledConversionUtils.java,69,0,1,17,316,371,Bag
9045c43e0e43b4d243228904e8c6cbc127f4aa3b,enterprise/security/src/main/java/org/neo4j/server/security/enterprise/auth/RoleSerialization.java,13,0,1,3,98,137,NoBug
9045c43e0e43b4d243228904e8c6cbc127f4aa3b,enterprise/security/src/test/java/org/neo4j/server/security/enterprise/auth/FileRoleRepositoryTest.java,6,0,0,12,205,291,NoBug
906539fcd1c388e4bfb70ec91e06ee3270e985f7,community/import-tool/src/test/java/org/neo4j/tooling/ImportToolTest.java,41,0,0,20,887,1075,Bag
906539fcd1c388e4bfb70ec91e06ee3270e985f7,community/import-tool/src/main/java/org/neo4j/tooling/ImportTool.java,39,0,3,0,556,652,Bag
909f05a8d9b3f3e68f0b0eb6032ea719118e2465,community/bolt/src/test/java/org/neo4j/bolt/v1/runtime/integration/SessionIT.java,2,0,0,19,465,658,Bag
91330789762d74029c03f3158cbe4c49ec28e477,enterprise/ha/src/main/java/org/neo4j/kernel/ha/cluster/modeswitch/UpdatePullerSwitcher.java,3,0,1,1,37,70,Bag
91330789762d74029c03f3158cbe4c49ec28e477,enterprise/ha/src/main/java/org/neo4j/kernel/ha/UpdatePuller.java,1,0,5,1,28,93,Bag
91330789762d74029c03f3158cbe4c49ec28e477,enterprise/ha/src/main/java/org/neo4j/kernel/ha/SlaveUpdatePuller.java,15,0,1,12,241,381,Bag
91330789762d74029c03f3158cbe4c49ec28e477,enterprise/ha/src/test/java/org/neo4j/kernel/ha/cluster/modeswitch/UpdatePullerSwitcherTest.java,1,0,0,4,40,67,Bag
91330789762d74029c03f3158cbe4c49ec28e477,enterprise/ha/src/main/java/org/neo4j/kernel/ha/cluster/modeswitch/AbstractComponentSwitcher.java,1,0,1,3,39,77,Bag
91330789762d74029c03f3158cbe4c49ec28e477,enterprise/ha/src/test/java/org/neo4j/kernel/ha/SlaveUpdatePullerTest.java,7,0,0,13,238,328,Bag
91330789762d74029c03f3158cbe4c49ec28e477,enterprise/ha/src/main/java/org/neo4j/kernel/ha/cluster/modeswitch/LockManagerSwitcher.java,2,0,0,2,56,83,Bag
9189a1e1ba59d1a1dfce77507e322f766d4991ff,community/kernel/src/main/java/org/neo4j/kernel/impl/api/index/IndexingService.java,45,0,6,27,592,802,NoBug
9189a1e1ba59d1a1dfce77507e322f766d4991ff,community/kernel/src/main/java/org/neo4j/kernel/impl/api/index/IndexMap.java,26,0,2,12,253,337,NoBug
9189a1e1ba59d1a1dfce77507e322f766d4991ff,community/kernel/src/test/java/org/neo4j/kernel/impl/api/index/IndexingServiceTest.java,14,0,1,27,1079,1413,NoBug
9189a1e1ba59d1a1dfce77507e322f766d4991ff,community/lucene-index/src/test/java/org/neo4j/kernel/impl/api/index/IndexingServiceIntegrationTest.java,4,0,0,5,174,225,Bag
9189a1e1ba59d1a1dfce77507e322f766d4991ff,community/kernel/src/main/java/org/neo4j/kernel/impl/api/index/ContractCheckingIndexProxy.java,13,0,1,6,144,211,NoBug
9189a1e1ba59d1a1dfce77507e322f766d4991ff,community/kernel/src/main/java/org/neo4j/kernel/impl/transaction/log/checkpoint/CheckPointScheduler.java,8,0,0,4,119,161,NoBug
92a487981e219c40e413f946084e6f2efe3018f1,community/kernel/src/main/java/org/neo4j/kernel/impl/storemigration/participant/StoreMigrator.java,41,0,1,7,654,871,Bag
92a487981e219c40e413f946084e6f2efe3018f1,enterprise/kernel/src/test/java/org/neo4j/kernel/impl/storemigration/participant/StoreMigratorTest.java,1,0,0,2,94,132,NoBug
92bba5bb2a9a8b202034eb901d3701068fe40ac5,community/cypher/cypher/src/test/java/org/neo4j/cypher/internal/javacompat/ExecutionResultTest.java,3,0,2,5,104,157,NoBug
92deabf9001437b79c438cdf3364395074aac621,community/server/src/test/java/org/neo4j/server/rest/transactional/ExecutionResultSerializerTest.java,15,0,0,27,729,968,NoBug
92deabf9001437b79c438cdf3364395074aac621,community/server/src/main/java/org/neo4j/server/rest/transactional/ExecutionResultSerializer.java,28,0,5,3,400,488,NoBug
92deabf9001437b79c438cdf3364395074aac621,community/server/src/test/java/org/neo4j/server/rest/transactional/CypherQueriesIT.java,1,0,0,2,50,82,NoBug
931cd92c95b3d907685e1e066f112e1e6378d548,community/kernel/src/main/java/org/neo4j/kernel/impl/api/TransactionApplicationMode.java,1,0,0,4,41,85,Bag
93209c51af8ca5c903f407674065a0ce6518d20b,enterprise/causal-clustering/src/main/java/org/neo4j/causalclustering/readreplica/EnterpriseReadReplicaEditionModule.java,2,0,1,2,208,283,Bag
93209c51af8ca5c903f407674065a0ce6518d20b,enterprise/causal-clustering/src/main/java/org/neo4j/causalclustering/catchup/tx/TxPollingClient.java,6,0,1,4,150,201,NoBug
93209c51af8ca5c903f407674065a0ce6518d20b,enterprise/causal-clustering/src/test/java/org/neo4j/causalclustering/catchup/tx/TxPollingClientTest.java,1,0,0,7,114,171,NoBug
934072a0187279d79b381ad46f6270622ead3175,community/consistency-check/src/test/java/org/neo4j/consistency/ConsistencyCheckServiceIntegrationTest.java,1,0,0,4,99,145,Bag
934072a0187279d79b381ad46f6270622ead3175,community/kernel/src/main/java/org/neo4j/kernel/impl/api/StateHandlingStatementOperations.java,108,0,1,65,1029,1197,Bag
934072a0187279d79b381ad46f6270622ead3175,community/consistency-check/src/main/java/org/neo4j/consistency/checking/full/ConsistencyCheckTasks.java,7,0,0,2,115,164,Bag
934072a0187279d79b381ad46f6270622ead3175,community/consistency-check/src/main/java/org/neo4j/consistency/checking/full/PropertyReader.java,2,0,0,4,32,59,Bag
934072a0187279d79b381ad46f6270622ead3175,community/consistency-check/src/main/java/org/neo4j/consistency/checking/full/NodeCorrectlyIndexedCheck.java,12,0,0,4,122,158,Bag
934072a0187279d79b381ad46f6270622ead3175,community/kernel/src/test/java/org/neo4j/unsafe/batchinsert/TestBatchInsert.java,61,0,0,50,1320,1676,NoBug
934072a0187279d79b381ad46f6270622ead3175,community/kernel/src/main/java/org/neo4j/kernel/impl/nioneo/store/labels/InlineNodeLabels.java,9,0,0,11,133,178,NoBug
934072a0187279d79b381ad46f6270622ead3175,community/kernel/src/main/java/org/neo4j/unsafe/batchinsert/BatchInserterImpl.java,64,0,1,27,989,1137,NoBug
934072a0187279d79b381ad46f6270622ead3175,community/kernel/src/main/java/org/neo4j/kernel/impl/nioneo/store/labels/DynamicNodeLabels.java,12,0,0,12,156,199,NoBug
9361a926d041066711aeb23e6373b8b699ed82f1,community/kernel/src/main/java/org/neo4j/helpers/ValueUtils.java,30,0,1,12,249,297,NoBug
9361a926d041066711aeb23e6373b8b699ed82f1,integrationtests/src/test/java/org/neo4j/procedure/UserFunctionIT.java,15,0,1,73,899,1177,NoBug
9361a926d041066711aeb23e6373b8b699ed82f1,integrationtests/src/test/java/org/neo4j/procedure/ProcedureIT.java,12,0,0,149,1378,1836,NoBug
9361a926d041066711aeb23e6373b8b699ed82f1,integrationtests/src/test/java/org/neo4j/procedure/UserAggregationFunctionIT.java,20,0,0,53,454,586,NoBug
9361a926d041066711aeb23e6373b8b699ed82f1,community/kernel/src/test/java/org/neo4j/helpers/ValueUtilsTest.java,1,0,0,4,53,96,NoBug
93989d617de15ff7505b1d98a223d13889abf930,community/shell/src/test/java/org/neo4j/shell/TestApps.java,15,0,0,82,1067,1333,NoBug
93989d617de15ff7505b1d98a223d13889abf930,community/shell/src/main/java/org/neo4j/shell/kernel/apps/TransactionProvidingApp.java,89,0,7,7,673,836,NoBug
93989d617de15ff7505b1d98a223d13889abf930,community/shell/src/main/java/org/neo4j/shell/kernel/apps/cypher/Start.java,9,0,0,3,170,215,NoBug
93989d617de15ff7505b1d98a223d13889abf930,community/shell/src/main/java/org/neo4j/shell/kernel/apps/cypher/Dump.java,3,0,0,3,79,108,NoBug
93989d617de15ff7505b1d98a223d13889abf930,community/shell/src/main/java/org/neo4j/shell/StartClient.java,46,0,2,0,448,576,NoBug
93b8e01aa126e5059b42d475224f6128595d8302,community/cypher/cypher/src/main/java/org/neo4j/cypher/export/SubGraphExporter.java,27,0,0,6,229,271,Bag
93b8e01aa126e5059b42d475224f6128595d8302,community/cypher/cypher/src/test/java/org/neo4j/cypher/export/ExportTest.java,1,0,0,17,227,280,Bag
94422f2c4c67ae144b064b20a290f7323a10a98c,community/bolt/src/test/java/org/neo4j/bolt/v1/runtime/BoltStateMachineTest.java,3,0,0,23,239,405,NoBug
94422f2c4c67ae144b064b20a290f7323a10a98c,community/bolt/src/main/java/org/neo4j/bolt/v1/runtime/BoltStateMachine.java,24,0,9,16,558,786,NoBug
94422f2c4c67ae144b064b20a290f7323a10a98c,community/bolt/src/main/java/org/neo4j/bolt/v1/runtime/TransactionStateMachine.java,21,0,0,8,322,400,NoBug
94422f2c4c67ae144b064b20a290f7323a10a98c,community/bolt/src/test/java/org/neo4j/bolt/v1/transport/integration/TransportSessionIT.java,3,0,0,15,309,414,NoBug
94e08b495e36fe37b7de582be7dcc53aa9357e71,enterprise/core-edge/src/test/java/org/neo4j/coreedge/raft/roles/AppendingTest.java,4,0,0,5,140,205,NoBug
94e08b495e36fe37b7de582be7dcc53aa9357e71,enterprise/core-edge/src/main/java/org/neo4j/coreedge/raft/roles/Appending.java,13,0,0,3,86,129,NoBug
951a365a594d7a300c3388374bc1eb59e33b19b4,enterprise/security/src/test/java/org/neo4j/server/security/enterprise/auth/ProcedureInteractionTestBase.java,9,0,0,0,465,581,Bag
951a365a594d7a300c3388374bc1eb59e33b19b4,enterprise/security/src/test/java/org/neo4j/server/security/enterprise/auth/integration/bolt/LdapAuthenticationIT.java,11,0,13,26,674,1038,Bag
951a365a594d7a300c3388374bc1eb59e33b19b4,enterprise/security/src/main/java/org/neo4j/server/security/enterprise/auth/StandardEnterpriseAuthSubject.java,11,0,0,19,138,184,Bag
951a365a594d7a300c3388374bc1eb59e33b19b4,enterprise/ha/src/main/java/org/neo4j/kernel/ha/factory/HighlyAvailableEditionModule.java,20,0,1,2,660,871,Bag
951a365a594d7a300c3388374bc1eb59e33b19b4,enterprise/kernel/src/main/java/org/neo4j/kernel/impl/enterprise/EnterpriseEditionModule.java,3,0,1,2,76,110,NoBug
951a365a594d7a300c3388374bc1eb59e33b19b4,enterprise/core-edge/src/main/java/org/neo4j/coreedge/edge/EnterpriseEdgeEditionModule.java,1,0,1,2,199,275,NoBug
951a365a594d7a300c3388374bc1eb59e33b19b4,enterprise/kernel/src/main/java/org/neo4j/kernel/impl/enterprise/SecurityLog.java,3,0,1,27,176,231,NoBug
951a365a594d7a300c3388374bc1eb59e33b19b4,enterprise/core-edge/src/main/java/org/neo4j/coreedge/core/EnterpriseCoreEditionModule.java,5,0,1,3,255,338,NoBug
962cbf286af15e7adaa168cf012041d2c1cb874a,community/kernel/src/test/java/org/neo4j/kernel/impl/proc/FieldInjectionsTest.java,2,0,0,10,76,130,Bag
962cbf286af15e7adaa168cf012041d2c1cb874a,community/kernel/src/main/java/org/neo4j/kernel/impl/proc/FieldInjections.java,11,0,3,2,108,156,Bag
9641576829b1d439954ac158311a4e986f7cb629,community/bolt/src/test/java/org/neo4j/bolt/v1/runtime/internal/SessionStateMachineResetTest.java,1,0,0,3,61,101,NoBug
9641576829b1d439954ac158311a4e986f7cb629,community/bolt/src/test/java/org/neo4j/bolt/v1/runtime/integration/SessionAuthIT.java,1,0,0,10,145,235,NoBug
9641576829b1d439954ac158311a4e986f7cb629,community/bolt/src/test/java/org/neo4j/bolt/v1/runtime/internal/SessionStateMachineTest.java,1,0,0,18,209,331,NoBug
9641576829b1d439954ac158311a4e986f7cb629,community/bolt/src/main/java/org/neo4j/bolt/v1/runtime/internal/SessionStateMachine.java,33,0,2,19,714,965,NoBug
96b75bb344012a256b80b3e34629e9c7ad045396,community/server/src/main/java/org/neo4j/server/rest/transactional/TransactionFacade.java,2,0,1,5,51,100,Bag
96b75bb344012a256b80b3e34629e9c7ad045396,community/server/src/main/java/org/neo4j/server/rest/web/TransactionalService.java,6,0,1,10,212,260,Bag
96b75bb344012a256b80b3e34629e9c7ad045396,community/server/src/test/java/org/neo4j/server/rest/transactional/integration/TransactionIT.java,3,0,0,22,357,524,Bag
96b75bb344012a256b80b3e34629e9c7ad045396,community/consistency-check/src/main/java/org/neo4j/consistency/checking/full/ConsistencyCheckTasks.java,7,0,0,2,116,165,NoBug
96b75bb344012a256b80b3e34629e9c7ad045396,community/primitive-collections/src/main/java/org/neo4j/collection/primitive/PrimitiveLongPeekingIterator.java,4,0,0,3,32,56,NoBug
96b75bb344012a256b80b3e34629e9c7ad045396,community/kernel/src/main/java/org/neo4j/kernel/impl/api/LookupFilter.java,5,0,3,0,91,137,NoBug
96b75bb344012a256b80b3e34629e9c7ad045396,community/consistency-check/src/main/java/org/neo4j/consistency/checking/full/NodeCorrectlyIndexedCheck.java,13,0,0,4,135,177,NoBug
96b75bb344012a256b80b3e34629e9c7ad045396,community/kernel/src/main/java/org/neo4j/kernel/impl/api/PropertyLookup.java,1,0,0,2,7,29,NoBug
96b75bb344012a256b80b3e34629e9c7ad045396,community/primitive-collections/src/test/java/org/neo4j/collection/primitive/PrimitiveLongPeekingIteratorTest.java,3,0,0,3,36,64,NoBug
96b75bb344012a256b80b3e34629e9c7ad045396,community/consistency-check/src/test/java/org/neo4j/consistency/ConsistencyCheckServiceIntegrationTest.java,1,0,0,5,128,181,NoBug
96b75bb344012a256b80b3e34629e9c7ad045396,community/consistency-check/src/main/java/org/neo4j/consistency/checking/full/PropertyReader.java,5,0,0,5,57,87,NoBug
96b75bb344012a256b80b3e34629e9c7ad045396,community/kernel/src/main/java/org/neo4j/kernel/impl/api/StateHandlingStatementOperations.java,105,0,1,65,993,1159,Bag
97d277a38257d075eca3f31bb52ea93b40f58521,community/kernel/src/test/java/org/neo4j/kernel/configuration/SettingsTest.java,1,0,0,4,26,55,NoBug
97d277a38257d075eca3f31bb52ea93b40f58521,community/kernel/src/test/java/org/neo4j/kernel/impl/security/FileURLAccessRuleTest.java,4,0,0,5,68,97,NoBug
97d277a38257d075eca3f31bb52ea93b40f58521,community/kernel/src/test/java/org/neo4j/kernel/configuration/docs/SettingsDocumenterTest.java,1,0,0,7,233,289,NoBug
984859253643ec74deb7d4c20c14e4b7bd6013a4,community/kernel/src/test/java/org/neo4j/kernel/impl/api/KernelTransactionsTest.java,6,0,0,13,369,526,Bag
984859253643ec74deb7d4c20c14e4b7bd6013a4,community/kernel/src/main/java/org/neo4j/kernel/impl/api/KernelTransactions.java,5,0,5,4,192,302,Bag
984859253643ec74deb7d4c20c14e4b7bd6013a4,community/kernel/src/main/java/org/neo4j/kernel/impl/api/KernelTransactionImplementation.java,42,0,3,24,648,821,Bag
984859253643ec74deb7d4c20c14e4b7bd6013a4,community/kernel/src/test/java/org/neo4j/kernel/api/txtracking/TransactionIdTrackerTest.java,3,0,0,5,72,118,NoBug
984859253643ec74deb7d4c20c14e4b7bd6013a4,enterprise/causal-clustering/src/test/java/org/neo4j/causalclustering/scenarios/CausalConsistencyIT.java,2,0,0,3,64,108,NoBug
984859253643ec74deb7d4c20c14e4b7bd6013a4,community/bolt/src/main/java/org/neo4j/bolt/v1/runtime/TransactionStateMachineSPI.java,3,0,0,0,124,158,NoBug
984859253643ec74deb7d4c20c14e4b7bd6013a4,community/kernel/src/main/java/org/neo4j/kernel/api/txtracking/TransactionIdTracker.java,4,0,3,1,48,111,NoBug
984859253643ec74deb7d4c20c14e4b7bd6013a4,community/kernel/src/main/java/org/neo4j/kernel/impl/factory/PlatformModule.java,11,0,1,2,207,300,NoBug
984859253643ec74deb7d4c20c14e4b7bd6013a4,community/bolt/src/main/java/org/neo4j/bolt/v1/runtime/LifecycleManagedBoltFactory.java,1,0,0,7,75,105,NoBug
98df1926e7e3a6c22dedc82e222831d4f8cdb97b,community/kernel/src/main/java/org/neo4j/graphdb/factory/GraphDatabaseSettings.java,9,0,4,4,464,612,Bag
98fefdd1e7175c736c092a9a5e97620a1a869f41,community/kernel/src/main/java/org/neo4j/kernel/builtinprocs/BuiltInProcedures.java,3,0,0,14,144,189,Bag
98fefdd1e7175c736c092a9a5e97620a1a869f41,community/kernel/src/test/java/org/neo4j/kernel/impl/api/integrationtest/BuiltInProceduresIT.java,2,0,0,7,97,152,Bag
98fefdd1e7175c736c092a9a5e97620a1a869f41,community/kernel/src/test/java/org/neo4j/kernel/builtinprocs/BuiltInProceduresTest.java,4,0,0,9,203,281,Bag
990fe648c6b49f319a515dd6b0757553c483ab11,enterprise/ha/src/main/java/org/neo4j/kernel/ha/cluster/SwitchToSlave.java,25,0,1,9,451,577,NoBug
990fe648c6b49f319a515dd6b0757553c483ab11,enterprise/backup/src/main/java/org/neo4j/backup/BackupClient.java,5,0,0,0,120,159,NoBug
990fe648c6b49f319a515dd6b0757553c483ab11,enterprise/ha/src/main/java/org/neo4j/kernel/ha/cluster/member/HighAvailabilitySlaves.java,3,0,1,6,98,139,NoBug
990fe648c6b49f319a515dd6b0757553c483ab11,enterprise/backup/src/test/java/org/neo4j/backup/BackupProtocolTest.java,1,0,0,4,81,117,NoBug
990fe648c6b49f319a515dd6b0757553c483ab11,enterprise/com/src/test/java/org/neo4j/com/MadeUpClient.java,2,0,0,8,164,199,NoBug
990fe648c6b49f319a515dd6b0757553c483ab11,enterprise/backup/src/main/java/org/neo4j/backup/BackupService.java,23,0,0,0,376,453,NoBug
990fe648c6b49f319a515dd6b0757553c483ab11,enterprise/ha/src/main/java/org/neo4j/kernel/ha/com/master/DefaultSlaveFactory.java,1,0,0,4,35,60,NoBug
990fe648c6b49f319a515dd6b0757553c483ab11,enterprise/ha/src/main/java/org/neo4j/kernel/ha/MasterClient214.java,1,0,0,3,31,57,NoBug
990fe648c6b49f319a515dd6b0757553c483ab11,enterprise/ha/src/test/java/org/neo4j/kernel/ha/com/slave/MasterClientResolverTest.java,1,0,0,2,51,83,NoBug
990fe648c6b49f319a515dd6b0757553c483ab11,enterprise/ha/src/main/java/org/neo4j/kernel/ha/HighlyAvailableGraphDatabase.java,19,0,1,13,627,758,NoBug
990fe648c6b49f319a515dd6b0757553c483ab11,enterprise/cluster/src/main/java/org/neo4j/cluster/com/NetworkSender.java,27,0,2,18,377,485,NoBug
990fe648c6b49f319a515dd6b0757553c483ab11,enterprise/ha/src/test/java/org/neo4j/ha/upgrade/MasterClientTest.java,2,0,0,3,243,306,NoBug
990fe648c6b49f319a515dd6b0757553c483ab11,enterprise/ha/src/test/java/org/neo4j/kernel/ha/cluster/HighAvailabilityMemberStateMachineTest.java,2,0,0,11,522,690,NoBug
990fe648c6b49f319a515dd6b0757553c483ab11,enterprise/ha/src/main/java/org/neo4j/kernel/ha/com/master/SlaveFactory.java,1,0,0,3,9,32,NoBug
990fe648c6b49f319a515dd6b0757553c483ab11,enterprise/ha/src/main/java/org/neo4j/kernel/ha/com/master/SlaveClient.java,1,0,0,9,98,133,NoBug
990fe648c6b49f319a515dd6b0757553c483ab11,enterprise/ha/src/main/java/org/neo4j/kernel/ha/com/slave/MasterClientResolver.java,5,0,0,4,137,177,NoBug
990fe648c6b49f319a515dd6b0757553c483ab11,enterprise/ha/src/test/java/org/neo4j/kernel/ha/cluster/SwitchToSlaveTest.java,3,0,0,5,222,290,NoBug
990fe648c6b49f319a515dd6b0757553c483ab11,enterprise/com/src/main/java/org/neo4j/com/Client.java,14,0,1,6,291,382,NoBug
990fe648c6b49f319a515dd6b0757553c483ab11,enterprise/ha/src/test/java/org/neo4j/kernel/ha/cluster/member/HighAvailabilitySlavesTest.java,6,0,0,6,156,225,NoBug
990fe648c6b49f319a515dd6b0757553c483ab11,enterprise/ha/src/main/java/org/neo4j/kernel/ha/com/slave/MasterClientFactory.java,1,0,0,2,9,31,NoBug
990fe648c6b49f319a515dd6b0757553c483ab11,enterprise/ha/src/main/java/org/neo4j/kernel/ha/MasterClient210.java,6,0,1,16,295,360,NoBug
994db753bce91090d802d093a70bd1fa6a941471,community/kernel/src/main/java/org/neo4j/kernel/impl/index/IndexCommand.java,28,0,1,41,314,386,NoBug
994db753bce91090d802d093a70bd1fa6a941471,community/kernel/src/test/java/org/neo4j/kernel/impl/api/state/LegacyIndexTransactionStateImplTest.java,1,0,0,7,189,251,NoBug
994db753bce91090d802d093a70bd1fa6a941471,community/kernel/src/main/java/org/neo4j/kernel/impl/api/state/LegacyIndexTransactionStateImpl.java,18,0,2,11,212,264,NoBug
994db753bce91090d802d093a70bd1fa6a941471,community/kernel/src/main/java/org/neo4j/kernel/impl/index/IndexDefineCommand.java,16,0,1,15,158,214,NoBug
994db753bce91090d802d093a70bd1fa6a941471,community/lucene-index/src/test/java/org/neo4j/index/LegacyIndexTest.java,1,0,0,3,90,130,NoBug
99abe5c4afa2f26034fa586114f10589e685e985,community/kernel/src/main/java/org/neo4j/kernel/impl/api/KernelTransactionImplementation.java,64,0,2,18,828,972,Bag
99abe5c4afa2f26034fa586114f10589e685e985,community/kernel/src/main/java/org/neo4j/kernel/impl/api/KernelTransactions.java,5,0,3,3,169,251,Bag
99abe5c4afa2f26034fa586114f10589e685e985,community/kernel/src/test/java/org/neo4j/kernel/api/KernelTransactionImplementationTest.java,7,0,0,21,348,467,NoBug
99abe5c4afa2f26034fa586114f10589e685e985,community/kernel/src/test/java/org/neo4j/graphdb/GraphDatabaseServiceTest.java,12,0,1,8,302,392,NoBug
99abe5c4afa2f26034fa586114f10589e685e985,enterprise/ha/src/test/java/org/neo4j/kernel/ha/transaction/TransactionThroughMasterSwitchStressIT.java,7,0,1,1,124,206,NoBug
99abe5c4afa2f26034fa586114f10589e685e985,community/kernel/src/test/java/org/neo4j/kernel/api/KernelTransactionFactory.java,1,0,0,1,48,72,Bag
99abe5c4afa2f26034fa586114f10589e685e985,community/kernel/src/test/java/org/neo4j/kernel/impl/locking/NoOpLocks.java,2,0,0,4,24,49,NoBug
99aff5416eec27b7ed42457d4841cc448ad28c93,enterprise/core-edge/src/test/java/org/neo4j/coreedge/scenarios/EdgeServerReplicationIT.java,15,0,0,11,365,540,NoBug
99aff5416eec27b7ed42457d4841cc448ad28c93,enterprise/core-edge/src/main/java/org/neo4j/coreedge/edge/EnterpriseEdgeEditionModule.java,1,0,1,2,187,258,NoBug
99aff5416eec27b7ed42457d4841cc448ad28c93,enterprise/core-edge/src/test/java/org/neo4j/coreedge/catchup/tx/TxPollingClientTest.java,1,0,0,7,107,163,NoBug
99aff5416eec27b7ed42457d4841cc448ad28c93,enterprise/core-edge/src/main/java/org/neo4j/coreedge/catchup/tx/TxPollingClient.java,5,0,1,4,139,185,NoBug
99aff5416eec27b7ed42457d4841cc448ad28c93,enterprise/core-edge/src/main/java/org/neo4j/coreedge/catchup/tx/BatchingTxApplier.java,8,0,2,3,117,170,NoBug
9a371bafe80ceb4e6cdc8502fbd22f9f8ec3d59d,enterprise/core-edge/src/test/java/org/neo4j/coreedge/raft/log/segmented/SegmentFileTest.java,3,0,0,10,152,231,Bag
9a371bafe80ceb4e6cdc8502fbd22f9f8ec3d59d,enterprise/core-edge/src/main/java/org/neo4j/coreedge/raft/membership/RaftMembershipManager.java,26,0,1,13,260,324,Bag
9a371bafe80ceb4e6cdc8502fbd22f9f8ec3d59d,enterprise/core-edge/src/main/java/org/neo4j/coreedge/server/AdvertisedSocketAddress.java,5,0,0,9,60,90,Bag
9a371bafe80ceb4e6cdc8502fbd22f9f8ec3d59d,enterprise/core-edge/src/main/java/org/neo4j/coreedge/raft/log/EntryRecord.java,3,0,1,6,61,93,Bag
9a371bafe80ceb4e6cdc8502fbd22f9f8ec3d59d,enterprise/core-edge/src/test/java/org/neo4j/coreedge/raft/replication/CoreReplicatedContentMarshalTest.java,1,0,0,6,89,129,Bag
9a371bafe80ceb4e6cdc8502fbd22f9f8ec3d59d,enterprise/core-edge/src/main/java/org/neo4j/coreedge/server/core/EnterpriseCoreEditionModule.java,16,0,1,3,610,755,Bag
9a371bafe80ceb4e6cdc8502fbd22f9f8ec3d59d,enterprise/core-edge/src/test/java/org/neo4j/test/coreedge/ClusterRule.java,5,0,1,17,157,209,Bag
9a371bafe80ceb4e6cdc8502fbd22f9f8ec3d59d,enterprise/core-edge/src/test/java/org/neo4j/coreedge/raft/log/RaftContentByteBufferMarshalTest.java,1,0,0,5,85,146,Bag
9a371bafe80ceb4e6cdc8502fbd22f9f8ec3d59d,enterprise/core-edge/src/main/java/org/neo4j/coreedge/raft/net/ReplicatedLockTokenSerializer.java,1,0,0,3,21,46,Bag
9a371bafe80ceb4e6cdc8502fbd22f9f8ec3d59d,enterprise/core-edge/src/test/java/org/neo4j/coreedge/raft/state/DurableStateStorageIT.java,14,0,0,6,242,318,Bag
9a371bafe80ceb4e6cdc8502fbd22f9f8ec3d59d,enterprise/core-edge/src/main/java/org/neo4j/coreedge/raft/replication/session/GlobalSessionTrackerState.java,16,0,2,9,186,254,Bag
9a371bafe80ceb4e6cdc8502fbd22f9f8ec3d59d,enterprise/core-edge/src/main/java/org/neo4j/coreedge/raft/state/id_allocation/IdAllocationState.java,8,0,5,10,106,178,Bag
9a371bafe80ceb4e6cdc8502fbd22f9f8ec3d59d,enterprise/core-edge/src/main/java/org/neo4j/coreedge/raft/log/segmented/SegmentHeader.java,8,0,0,0,91,131,Bag
9a371bafe80ceb4e6cdc8502fbd22f9f8ec3d59d,enterprise/core-edge/src/main/java/org/neo4j/coreedge/raft/net/CoreReplicatedContentMarshal.java,16,0,0,3,110,135,Bag
9a371bafe80ceb4e6cdc8502fbd22f9f8ec3d59d,enterprise/core-edge/src/main/java/org/neo4j/coreedge/raft/log/segmented/DumpSegmentedRaftLog.java,6,0,0,0,105,170,Bag
9a371bafe80ceb4e6cdc8502fbd22f9f8ec3d59d,enterprise/core-edge/src/main/java/org/neo4j/coreedge/raft/state/ChannelMarshal.java,1,0,3,0,9,45,Bag
9a371bafe80ceb4e6cdc8502fbd22f9f8ec3d59d,enterprise/core-edge/src/main/java/org/neo4j/coreedge/raft/membership/CoreMemberSetSerializer.java,3,0,1,2,31,95,Bag
9a371bafe80ceb4e6cdc8502fbd22f9f8ec3d59d,enterprise/core-edge/src/test/java/org/neo4j/coreedge/raft/state/id_allocation/IdAllocationStateTest.java,3,0,0,3,42,83,Bag
9a371bafe80ceb4e6cdc8502fbd22f9f8ec3d59d,enterprise/core-edge/src/main/java/org/neo4j/coreedge/raft/log/segmented/RecoveryProtocol.java,10,0,0,0,148,199,Bag
9a371bafe80ceb4e6cdc8502fbd22f9f8ec3d59d,enterprise/core-edge/src/main/java/org/neo4j/coreedge/raft/log/segmented/SegmentFile.java,14,0,0,0,211,290,Bag
9a371bafe80ceb4e6cdc8502fbd22f9f8ec3d59d,enterprise/core-edge/src/main/java/org/neo4j/coreedge/raft/roles/Appending.java,15,0,0,1,98,144,Bag
9a371bafe80ceb4e6cdc8502fbd22f9f8ec3d59d,enterprise/core-edge/src/main/java/org/neo4j/coreedge/server/core/locks/ReplicatedLockTokenState.java,2,0,0,10,89,128,Bag
9a371bafe80ceb4e6cdc8502fbd22f9f8ec3d59d,enterprise/core-edge/src/main/java/org/neo4j/coreedge/raft/state/CoreSnapshot.java,5,0,0,11,87,123,Bag
9a371bafe80ceb4e6cdc8502fbd22f9f8ec3d59d,enterprise/core-edge/src/main/java/org/neo4j/coreedge/raft/membership/RaftMembershipStateMachine.java,10,0,0,0,231,315,Bag
9a371bafe80ceb4e6cdc8502fbd22f9f8ec3d59d,enterprise/core-edge/src/test/java/org/neo4j/coreedge/raft/log/segmented/SegmentHeaderTest.java,2,0,0,3,44,82,Bag
9a371bafe80ceb4e6cdc8502fbd22f9f8ec3d59d,enterprise/core-edge/src/test/java/org/neo4j/coreedge/raft/state/DurableStateStorageTest.java,7,0,0,5,163,237,Bag
9a371bafe80ceb4e6cdc8502fbd22f9f8ec3d59d,enterprise/core-edge/src/main/java/org/neo4j/coreedge/raft/state/term/TermState.java,3,0,2,8,65,110,Bag
9a371bafe80ceb4e6cdc8502fbd22f9f8ec3d59d,enterprise/core-edge/src/test/java/org/neo4j/coreedge/raft/log/segmented/SegmentsTest.java,3,0,0,10,177,285,Bag
9a371bafe80ceb4e6cdc8502fbd22f9f8ec3d59d,enterprise/core-edge/src/main/java/org/neo4j/coreedge/raft/membership/RaftMembershipStateMachineEventHandler.java,1,0,0,0,53,91,Bag
9a371bafe80ceb4e6cdc8502fbd22f9f8ec3d59d,enterprise/core-edge/src/test/java/org/neo4j/coreedge/raft/replication/id/StateRecoveryManagerTest.java,4,0,0,7,186,273,Bag
9a371bafe80ceb4e6cdc8502fbd22f9f8ec3d59d,enterprise/core-edge/src/main/java/org/neo4j/coreedge/raft/replication/id/ReplicatedIdAllocationRequestSerializer.java,1,0,0,3,25,50,Bag
9a371bafe80ceb4e6cdc8502fbd22f9f8ec3d59d,enterprise/core-edge/src/main/java/org/neo4j/coreedge/raft/log/segmented/EntryCursor.java,9,0,0,0,80,123,Bag
9a371bafe80ceb4e6cdc8502fbd22f9f8ec3d59d,enterprise/core-edge/src/test/java/org/neo4j/coreedge/raft/membership/CoreMemberMarshalTest.java,2,0,0,3,41,81,Bag
9a371bafe80ceb4e6cdc8502fbd22f9f8ec3d59d,enterprise/core-edge/src/main/java/org/neo4j/coreedge/raft/state/LongIndexMarshal.java,2,0,1,4,35,64,Bag
9a371bafe80ceb4e6cdc8502fbd22f9f8ec3d59d,enterprise/core-edge/src/main/java/org/neo4j/coreedge/raft/replication/DistributedOperation.java,1,0,1,7,63,100,Bag
9a371bafe80ceb4e6cdc8502fbd22f9f8ec3d59d,enterprise/core-edge/src/main/java/org/neo4j/coreedge/raft/net/codecs/RaftMessageDecoder.java,9,0,0,2,109,152,Bag
9a371bafe80ceb4e6cdc8502fbd22f9f8ec3d59d,enterprise/core-edge/src/main/java/org/neo4j/coreedge/server/CoreMember.java,7,0,0,11,89,123,Bag
9a371bafe80ceb4e6cdc8502fbd22f9f8ec3d59d,enterprise/core-edge/src/main/java/org/neo4j/coreedge/raft/state/vote/VoteState.java,7,0,0,12,100,137,Bag
9a371bafe80ceb4e6cdc8502fbd22f9f8ec3d59d,enterprise/core-edge/src/main/java/org/neo4j/coreedge/raft/state/StateRecoveryManager.java,6,0,1,7,81,126,Bag
9a371bafe80ceb4e6cdc8502fbd22f9f8ec3d59d,enterprise/core-edge/src/main/java/org/neo4j/coreedge/raft/state/membership/RaftMembershipState.java,4,0,0,17,134,183,Bag
9a371bafe80ceb4e6cdc8502fbd22f9f8ec3d59d,enterprise/core-edge/src/main/java/org/neo4j/coreedge/raft/log/segmented/EntryRecordCursor.java,2,0,0,0,56,91,Bag
9a449ac6a8534ba82aa0528e878e85195d76fea7,enterprise/security/src/test/java/org/neo4j/server/security/enterprise/auth/InternalFlatFileRealmTest.java,4,0,0,12,309,408,NoBug
9a449ac6a8534ba82aa0528e878e85195d76fea7,enterprise/security/src/test/java/org/neo4j/server/security/enterprise/auth/MultiRealmAuthManagerTest.java,4,0,0,34,503,733,NoBug
9a449ac6a8534ba82aa0528e878e85195d76fea7,enterprise/security/src/main/java/org/neo4j/server/security/enterprise/auth/InternalFlatFileRealm.java,59,0,1,26,638,764,NoBug
9ad53e0ff16e419240de60871e1fa939ff1e79c0,community/import-tool/src/main/java/org/neo4j/tooling/ImportTool.java,17,0,1,1,287,338,Bag
9ad53e0ff16e419240de60871e1fa939ff1e79c0,community/import-tool/src/test/java/org/neo4j/tooling/ImportToolDocIT.java,5,0,0,3,126,163,Bag
9af30da086d5f06bb89d34a9f0c7da244d033cbf,community/bolt/src/main/java/org/neo4j/bolt/security/auth/BasicAuthentication.java,14,0,1,2,104,139,NoBug
9af30da086d5f06bb89d34a9f0c7da244d033cbf,community/bolt/src/test/java/org/neo4j/bolt/v1/transport/integration/AuthenticationIT.java,3,0,0,11,212,303,NoBug
9af30da086d5f06bb89d34a9f0c7da244d033cbf,community/security/src/test/java/org/neo4j/server/security/auth/InMemoryUserRepository.java,7,0,1,6,70,107,NoBug
9af30da086d5f06bb89d34a9f0c7da244d033cbf,community/security/src/main/java/org/neo4j/server/security/auth/AuthManager.java,1,0,7,0,89,174,NoBug
9af30da086d5f06bb89d34a9f0c7da244d033cbf,community/security/src/main/java/org/neo4j/server/security/auth/exception/IllegalCredentialsException.java,1,0,0,3,16,40,NoBug
9af30da086d5f06bb89d34a9f0c7da244d033cbf,community/security/src/main/java/org/neo4j/server/security/auth/FileUserRepository.java,17,0,1,8,169,231,NoBug
9af30da086d5f06bb89d34a9f0c7da244d033cbf,community/security/src/main/java/org/neo4j/server/security/auth/BasicAuthManager.java,15,0,1,11,140,186,NoBug
9af30da086d5f06bb89d34a9f0c7da244d033cbf,community/security/src/main/java/org/neo4j/server/security/auth/AuthSubject.java,1,0,1,3,10,41,NoBug
9af30da086d5f06bb89d34a9f0c7da244d033cbf,community/security/src/main/java/org/neo4j/server/security/auth/BasicAuthSubject.java,5,0,1,9,77,123,NoBug
9af30da086d5f06bb89d34a9f0c7da244d033cbf,community/security/src/main/java/org/neo4j/server/security/auth/UserRepository.java,1,0,5,2,13,61,NoBug
9af30da086d5f06bb89d34a9f0c7da244d033cbf,community/kernel/src/main/java/org/neo4j/kernel/builtinprocs/AlterUserPasswordProcedure.java,4,0,1,2,51,81,NoBug
9afb987d9d854a2f0f4e2d896ef0f9086a748d74,community/kernel/src/test/java/org/neo4j/kernel/recovery/LatestCheckPointFinderTest.java,3,0,0,24,302,526,Bag
9afb987d9d854a2f0f4e2d896ef0f9086a748d74,community/kernel/src/main/java/org/neo4j/kernel/recovery/LatestCheckPointFinder.java,30,0,0,8,202,268,Bag
9afb987d9d854a2f0f4e2d896ef0f9086a748d74,community/kernel/src/main/java/org/neo4j/kernel/impl/transaction/log/LogPosition.java,7,0,0,9,88,125,Bag
9b3b0aabf83ed7c8a09a65074c8093f18ef194fb,enterprise/security/src/main/java/org/neo4j/server/security/enterprise/auth/UserManagementProcedures.java,4,0,0,16,134,173,NoBug
9b3b0aabf83ed7c8a09a65074c8093f18ef194fb,community/kernel/src/main/java/org/neo4j/kernel/api/security/SecurityContext.java,1,0,1,22,96,139,NoBug
9b3b0aabf83ed7c8a09a65074c8093f18ef194fb,enterprise/security/src/main/java/org/neo4j/server/security/enterprise/auth/SecurityProcedures.java,2,0,0,3,33,59,NoBug
9b3b0aabf83ed7c8a09a65074c8093f18ef194fb,community/security/src/main/java/org/neo4j/server/security/auth/AuthProcedures.java,6,0,0,8,99,134,NoBug
9b3b0aabf83ed7c8a09a65074c8093f18ef194fb,community/security/src/test/java/org/neo4j/server/security/auth/AuthProceduresIT.java,10,0,5,12,292,365,NoBug
9b3b0aabf83ed7c8a09a65074c8093f18ef194fb,enterprise/security/src/test/java/org/neo4j/server/security/enterprise/auth/UserManagementProceduresLoggingTest.java,3,0,0,37,502,710,NoBug
9b3b0aabf83ed7c8a09a65074c8093f18ef194fb,enterprise/kernel/src/main/java/org/neo4j/kernel/enterprise/builtinprocs/EnterpriseBuiltInDbmsProcedures.java,14,0,7,19,449,547,NoBug
9b3b0aabf83ed7c8a09a65074c8093f18ef194fb,community/kernel/src/main/java/org/neo4j/kernel/builtinprocs/BuiltInDbmsProcedures.java,1,0,0,5,56,86,NoBug
9bb4f806d216b0066beb476242dcc4e7da97200a,enterprise/security/src/test/java/org/neo4j/server/security/enterprise/auth/InternalFlatFileRealmTest.java,1,0,0,5,164,221,Bag
9bb4f806d216b0066beb476242dcc4e7da97200a,integrationtests/src/test/java/org/neo4j/auth/FlatFileStressBase.java,4,0,0,0,159,211,Bag
9bb4f806d216b0066beb476242dcc4e7da97200a,enterprise/security/src/main/java/org/neo4j/server/security/enterprise/auth/InternalFlatFileRealm.java,53,0,1,26,598,719,Bag
9bb4f806d216b0066beb476242dcc4e7da97200a,enterprise/security/src/test/java/org/neo4j/server/security/enterprise/auth/InternalFlatFileRealmIT.java,8,0,0,6,191,251,Bag
9bb4f806d216b0066beb476242dcc4e7da97200a,enterprise/security/src/test/java/org/neo4j/server/security/enterprise/auth/UserManagementProceduresLoggingTest.java,3,0,0,37,501,709,Bag
9bb4f806d216b0066beb476242dcc4e7da97200a,enterprise/security/src/main/java/org/neo4j/server/security/enterprise/auth/EnterpriseSecurityModule.java,23,0,0,7,212,280,Bag
9bb4f806d216b0066beb476242dcc4e7da97200a,enterprise/security/src/test/java/org/neo4j/server/security/enterprise/auth/MultiRealmAuthManagerTest.java,4,0,0,30,433,637,Bag
9bb4f806d216b0066beb476242dcc4e7da97200a,enterprise/security/src/test/java/org/neo4j/server/security/enterprise/auth/MultiRealmAuthManagerRule.java,3,0,0,9,117,154,Bag
9bb4f806d216b0066beb476242dcc4e7da97200a,enterprise/security/src/test/java/org/neo4j/server/security/enterprise/auth/LdapCachingTest.java,1,0,0,7,203,288,Bag
9bd62e18d5eed126fd3b3e8393a09f5a57fad514,community/kernel/src/main/java/org/neo4j/kernel/api/exceptions/schema/SchemaRuleNotFoundException.java,1,0,0,3,24,51,NoBug
9bd62e18d5eed126fd3b3e8393a09f5a57fad514,community/server/src/test/java/org/neo4j/server/rest/web/DatabaseActionsTest.java,19,0,0,65,1414,1683,NoBug
9bd62e18d5eed126fd3b3e8393a09f5a57fad514,community/kernel/src/main/java/org/neo4j/kernel/impl/coreapi/schema/SchemaImpl.java,39,0,0,12,445,512,NoBug
9bd62e18d5eed126fd3b3e8393a09f5a57fad514,community/kernel/src/test/java/org/neo4j/graphdb/SchemaAcceptanceTest.java,12,0,0,24,456,597,NoBug
9bd62e18d5eed126fd3b3e8393a09f5a57fad514,community/kernel/src/main/java/org/neo4j/kernel/impl/api/OperationsFacade.java,11,0,10,97,828,1002,Bag
9c79c33600e5511ac1320496d1bdd614808a973c,enterprise/core-edge/src/test/java/org/neo4j/coreedge/raft/log/debug/ReplayRaftLog.java,3,0,0,2,44,73,Bag
9c79c33600e5511ac1320496d1bdd614808a973c,enterprise/core-edge/src/main/java/org/neo4j/coreedge/raft/log/LogPosition.java,1,0,0,2,11,33,Bag
9c79c33600e5511ac1320496d1bdd614808a973c,enterprise/core-edge/src/test/java/org/neo4j/coreedge/raft/log/segmented/SegmentedRaftLogContractTest.java,2,0,0,5,59,91,Bag
9c79c33600e5511ac1320496d1bdd614808a973c,enterprise/core-edge/src/main/java/org/neo4j/coreedge/raft/log/segmented/StoreChannelPool.java,11,0,0,0,109,149,Bag
9c79c33600e5511ac1320496d1bdd614808a973c,community/kernel/src/main/java/org/neo4j/kernel/impl/transaction/log/ReadAheadChannel.java,7,0,1,11,126,194,Bag
9c79c33600e5511ac1320496d1bdd614808a973c,enterprise/core-edge/src/main/java/org/neo4j/coreedge/raft/log/segmented/EntryBasedLogPruningStrategy.java,4,0,0,3,39,65,Bag
9c79c33600e5511ac1320496d1bdd614808a973c,enterprise/core-edge/src/test/java/org/neo4j/coreedge/raft/log/segmented/SegmentedRaftLogVerificationIT.java,1,0,0,1,32,62,Bag
9c79c33600e5511ac1320496d1bdd614808a973c,enterprise/core-edge/src/test/java/org/neo4j/coreedge/raft/log/segmented/RecoveryProtocolTest.java,4,0,0,10,148,228,Bag
9c79c33600e5511ac1320496d1bdd614808a973c,community/kernel/src/main/java/org/neo4j/kernel/impl/transaction/log/ReadAheadLogChannel.java,1,0,1,5,37,69,Bag
9c79c33600e5511ac1320496d1bdd614808a973c,enterprise/core-edge/src/test/java/org/neo4j/coreedge/raft/log/segmented/SegmentsTest.java,3,0,0,9,177,284,Bag
9c79c33600e5511ac1320496d1bdd614808a973c,enterprise/core-edge/src/test/java/org/neo4j/coreedge/raft/log/segmented/SegmentedRaftLogCursorIT.java,2,0,0,5,81,128,Bag
9c79c33600e5511ac1320496d1bdd614808a973c,enterprise/core-edge/src/test/java/org/neo4j/coreedge/scenarios/RestartIT.java,3,0,0,5,92,156,Bag
9c79c33600e5511ac1320496d1bdd614808a973c,enterprise/core-edge/src/test/java/org/neo4j/coreedge/scenarios/explorer/StateExplorerIT.java,9,0,0,2,75,107,Bag
9c79c33600e5511ac1320496d1bdd614808a973c,enterprise/core-edge/src/test/java/org/neo4j/coreedge/raft/log/segmented/EntryBasedLogPruningStrategyTest.java,2,0,0,6,91,148,Bag
9c79c33600e5511ac1320496d1bdd614808a973c,enterprise/core-edge/src/test/java/org/neo4j/coreedge/raft/log/segmented/SizeBasedLogPruningStrategyTest.java,2,0,0,2,38,64,Bag
9c79c33600e5511ac1320496d1bdd614808a973c,enterprise/core-edge/src/test/java/org/neo4j/coreedge/raft/log/RaftLogDurabilityTest.java,3,0,0,10,155,243,Bag
9c79c33600e5511ac1320496d1bdd614808a973c,enterprise/core-edge/src/main/java/org/neo4j/coreedge/server/core/EnterpriseCoreEditionModule.java,16,0,1,4,618,762,Bag
9c79c33600e5511ac1320496d1bdd614808a973c,enterprise/core-edge/src/main/java/org/neo4j/coreedge/server/CoreEdgeClusterSettings.java,1,0,0,1,158,220,Bag
9c79c33600e5511ac1320496d1bdd614808a973c,enterprise/core-edge/src/main/java/org/neo4j/coreedge/raft/log/segmented/NoPruningPruningStrategy.java,1,0,0,2,9,30,Bag
9c79c33600e5511ac1320496d1bdd614808a973c,community/kernel/src/test/java/org/neo4j/kernel/impl/transaction/log/ReadAheadChannelTest.java,7,0,0,4,124,174,Bag
9c79c33600e5511ac1320496d1bdd614808a973c,enterprise/core-edge/src/main/java/org/neo4j/coreedge/raft/log/segmented/DumpSegmentedRaftLog.java,8,0,0,0,119,159,Bag
9c79c33600e5511ac1320496d1bdd614808a973c,enterprise/core-edge/src/test/java/org/neo4j/coreedge/raft/log/segmented/StoreChannelPoolTest.java,3,0,0,4,67,110,Bag
9c79c33600e5511ac1320496d1bdd614808a973c,enterprise/core-edge/src/test/java/org/neo4j/coreedge/raft/log/segmented/EntryCursorTest.java,1,0,0,4,54,96,Bag
9c79c33600e5511ac1320496d1bdd614808a973c,enterprise/core-edge/src/main/java/org/neo4j/coreedge/raft/log/segmented/RecoveryProtocol.java,11,0,0,0,143,193,Bag
9c79c33600e5511ac1320496d1bdd614808a973c,enterprise/core-edge/src/main/java/org/neo4j/coreedge/raft/log/segmented/EntryCursor.java,9,0,0,0,82,122,Bag
9c79c33600e5511ac1320496d1bdd614808a973c,enterprise/core-edge/src/test/java/org/neo4j/coreedge/raft/log/segmented/SegmentedRaftLogRotationTest.java,2,0,0,3,63,101,Bag
9c79c33600e5511ac1320496d1bdd614808a973c,enterprise/core-edge/src/main/java/org/neo4j/coreedge/raft/log/segmented/Segments.java,21,0,0,0,203,288,Bag
9c79c33600e5511ac1320496d1bdd614808a973c,enterprise/core-edge/src/test/java/org/neo4j/coreedge/raft/log/segmented/SegmentFileTest.java,4,0,0,10,182,272,Bag
9c79c33600e5511ac1320496d1bdd614808a973c,enterprise/core-edge/src/main/java/org/neo4j/coreedge/raft/log/segmented/EntryRecordCursor.java,2,0,1,4,58,91,Bag
9c79c33600e5511ac1320496d1bdd614808a973c,community/kernel/src/main/java/org/neo4j/helpers/NamedThreadFactory.java,2,0,0,15,99,139,Bag
9c79c33600e5511ac1320496d1bdd614808a973c,enterprise/core-edge/src/test/java/org/neo4j/coreedge/raft/log/RaftLogContractTest.java,12,0,0,19,284,427,Bag
9c79c33600e5511ac1320496d1bdd614808a973c,enterprise/core-edge/src/main/java/org/neo4j/coreedge/raft/log/segmented/SegmentFile.java,14,0,0,0,201,292,Bag
9c79c33600e5511ac1320496d1bdd614808a973c,enterprise/core-edge/src/main/java/org/neo4j/coreedge/raft/log/segmented/CoreLogPruningStrategy.java,1,0,1,1,5,36,Bag
9c79c33600e5511ac1320496d1bdd614808a973c,enterprise/core-edge/src/main/java/org/neo4j/coreedge/raft/log/segmented/SegmentedRaftLog.java,14,0,1,11,187,258,Bag
9c79c33600e5511ac1320496d1bdd614808a973c,enterprise/core-edge/src/main/java/org/neo4j/coreedge/raft/log/segmented/SizeBasedLogPruningStrategy.java,4,0,0,3,26,52,Bag
9d9bb3a75547d4dbfb5fa45920c13b58b72559a8,community/kernel/src/test/java/org/neo4j/kernel/builtinprocs/BuiltInDbmsProceduresIT.java,1,0,0,3,52,90,Bag
9d9bb3a75547d4dbfb5fa45920c13b58b72559a8,community/kernel/src/main/java/org/neo4j/kernel/builtinprocs/BuiltInDbmsProcedures.java,1,0,0,6,70,101,Bag
9d9bb3a75547d4dbfb5fa45920c13b58b72559a8,community/kernel/src/test/java/org/neo4j/kernel/builtinprocs/BuiltInProceduresTest.java,4,0,0,11,282,371,Bag
9d9bb3a75547d4dbfb5fa45920c13b58b72559a8,enterprise/kernel/src/main/java/org/neo4j/kernel/enterprise/builtinprocs/EnterpriseBuiltInDbmsProcedures.java,15,0,7,19,393,488,Bag
9ddf9bd0edcec9729ea812c8ac6e49e55e9faaac,community/kernel/src/test/java/org/neo4j/kernel/impl/store/counts/CountsRotationTest.java,8,0,0,8,319,437,Bag
9ddf9bd0edcec9729ea812c8ac6e49e55e9faaac,community/kernel/src/main/java/org/neo4j/kernel/impl/store/kvstore/RotationState.java,7,0,0,0,155,202,Bag
9e19238bad14e2ea915c17009903d636f448bfae,community/bolt/src/test/java/org/neo4j/bolt/v1/transport/socket/client/Connection.java,1,0,0,6,11,38,NoBug
9e19238bad14e2ea915c17009903d636f448bfae,community/bolt/src/test/java/org/neo4j/bolt/v1/transport/socket/client/WebSocketConnection.java,11,0,0,13,135,190,NoBug
9e19238bad14e2ea915c17009903d636f448bfae,community/bolt/src/test/java/org/neo4j/bolt/v1/transport/integration/RejectTransportEncryptionIT.java,3,0,0,5,70,106,NoBug
9e19238bad14e2ea915c17009903d636f448bfae,community/bolt/src/test/java/org/neo4j/bolt/v1/docs/BoltFullExchangesDocTest.java,13,0,0,4,128,176,NoBug
9e19238bad14e2ea915c17009903d636f448bfae,community/bolt/src/test/java/org/neo4j/bolt/v1/transport/socket/client/SocketConnection.java,8,0,0,8,75,108,NoBug
9e19238bad14e2ea915c17009903d636f448bfae,community/bolt/src/test/java/org/neo4j/bolt/v1/transport/socket/client/WebSocketConnectionTest.java,1,0,0,3,35,75,NoBug
9e679b8a544cf4d72faa9e62d55735bf379d62a3,enterprise/metrics/src/main/java/org/neo4j/metrics/MetricsExtension.java,5,0,0,6,65,102,Bag
9e679b8a544cf4d72faa9e62d55735bf379d62a3,enterprise/causal-clustering/src/test/java/org/neo4j/causalclustering/core/state/ClusterStateDirectoryTest.java,1,0,0,4,54,100,NoBug
9f6dc978acf524a8c0401b92477e5dd54b488e22,community/server/src/main/java/org/neo4j/server/configuration/ConfigLoader.java,5,0,0,6,87,129,NoBug
9f6dc978acf524a8c0401b92477e5dd54b488e22,community/server/src/test/java/org/neo4j/server/configuration/ConfigLoaderTest.java,1,0,0,10,137,210,NoBug
9f6dc978acf524a8c0401b92477e5dd54b488e22,community/server/src/test/java/org/neo4j/server/configuration/ConfigFileBuilder.java,1,0,0,6,57,91,NoBug
9f994ced2bab83328473745bd4952e4304805a5c,community/bolt/src/main/java/org/neo4j/bolt/security/auth/BasicAuthentication.java,13,0,1,2,98,132,Bag
9f994ced2bab83328473745bd4952e4304805a5c,community/bolt/src/test/java/org/neo4j/bolt/v1/runtime/integration/SessionAuthIT.java,1,0,0,2,29,60,Bag
9fa74cb9b7c994f3deaa0a9047f4cf5c5bc666a0,community/kernel/src/main/java/org/neo4j/kernel/impl/storemigration/participant/StoreMigrator.java,36,0,1,7,642,858,Bag
9fa74cb9b7c994f3deaa0a9047f4cf5c5bc666a0,enterprise/kernel/src/test/java/org/neo4j/kernel/impl/storemigration/participant/StoreMigratorTest.java,1,0,0,1,62,96,Bag
a02a1d2234247d23ceacd27e70f01fd984469319,enterprise/security/src/main/java/org/neo4j/server/security/enterprise/auth/ShiroAuthenticationInfo.java,6,0,0,5,61,97,Bag
a02a1d2234247d23ceacd27e70f01fd984469319,enterprise/security/src/main/java/org/neo4j/server/security/enterprise/auth/plugin/PluginAuthInfo.java,2,0,0,5,48,76,Bag
a02a1d2234247d23ceacd27e70f01fd984469319,enterprise/security/src/main/java/org/neo4j/server/security/enterprise/auth/plugin/PluginAuthenticationInfo.java,3,0,0,5,57,86,Bag
a040a1b7c988bc77375e8494b667389217a8aea5,community/server/src/main/java/org/neo4j/server/ServerBootstrapper.java,13,0,0,6,156,203,NoBug
a04647bfc5aa68f9ae564e6c4930330c71aa5d40,enterprise/causal-clustering/src/main/java/org/neo4j/causalclustering/catchup/storecopy/CopiedStoreRecovery.java,5,0,0,4,76,108,NoBug
a04647bfc5aa68f9ae564e6c4930330c71aa5d40,enterprise/causal-clustering/src/test/java/org/neo4j/causalclustering/catchup/storecopy/CopiedStoreRecoveryTest.java,2,0,0,2,28,57,NoBug
a04647bfc5aa68f9ae564e6c4930330c71aa5d40,enterprise/causal-clustering/src/main/java/org/neo4j/causalclustering/readreplica/EnterpriseReadReplicaEditionModule.java,1,0,1,2,184,255,Bag
a04647bfc5aa68f9ae564e6c4930330c71aa5d40,enterprise/causal-clustering/src/main/java/org/neo4j/causalclustering/core/server/CoreServerModule.java,2,0,0,2,156,208,NoBug
a04c0ff1606865897edea265bfc46e445b3ff481,community/shell/src/test/java/org/neo4j/shell/StartClientTest.java,1,0,0,9,162,235,Bag
a04c0ff1606865897edea265bfc46e445b3ff481,community/bolt/src/main/java/org/neo4j/bolt/BoltKernelExtension.java,7,0,1,11,172,249,Bag
a04c0ff1606865897edea265bfc46e445b3ff481,community/logging/src/test/java/org/neo4j/logging/AssertableLogProvider.java,39,0,2,39,545,650,Bag
a04c0ff1606865897edea265bfc46e445b3ff481,community/shell/src/main/java/org/neo4j/shell/kernel/GraphDatabaseShellServer.java,13,0,5,11,220,287,Bag
a04c0ff1606865897edea265bfc46e445b3ff481,community/kernel/src/main/java/org/neo4j/graphdb/factory/GraphDatabaseSettings.java,9,0,4,4,431,572,Bag
a2206e2451ffe226128a69a43f7f1f59409a0217,enterprise/ha/src/test/java/org/neo4j/ha/correctness/TestProver.java,1,0,0,3,70,112,NoBug
a2206e2451ffe226128a69a43f7f1f59409a0217,enterprise/ha/src/test/java/org/neo4j/ha/correctness/Prover.java,5,0,0,3,99,139,NoBug
a2206e2451ffe226128a69a43f7f1f59409a0217,enterprise/server-enterprise/src/test/java/org/neo4j/server/enterprise/StandaloneClusterClientIT.java,8,0,0,10,264,331,NoBug
a2206e2451ffe226128a69a43f7f1f59409a0217,enterprise/cluster/src/main/java/org/neo4j/cluster/NetworkedServerFactory.java,2,0,1,2,158,207,NoBug
a2206e2451ffe226128a69a43f7f1f59409a0217,enterprise/cluster/src/test/java/org/neo4j/cluster/com/message/NetworkSenderReceiverTest.java,3,0,0,4,268,361,NoBug
a2206e2451ffe226128a69a43f7f1f59409a0217,enterprise/cluster/src/test/java/org/neo4j/cluster/protocol/atomicbroadcast/multipaxos/MultiPaxosNetworkTest.java,2,0,1,1,191,265,NoBug
a2206e2451ffe226128a69a43f7f1f59409a0217,enterprise/cluster/src/main/java/org/neo4j/cluster/StateMachines.java,15,0,1,15,215,282,NoBug
a2206e2451ffe226128a69a43f7f1f59409a0217,enterprise/ha/src/test/java/org/neo4j/ha/correctness/ClusterInstance.java,19,0,0,0,309,403,NoBug
a2206e2451ffe226128a69a43f7f1f59409a0217,enterprise/cluster/src/test/java/org/neo4j/cluster/protocol/atomicbroadcast/multipaxos/MultiPaxosServer.java,12,0,1,4,221,269,Bag
a2206e2451ffe226128a69a43f7f1f59409a0217,enterprise/cluster/src/test/java/org/neo4j/cluster/StateMachinesTest.java,3,0,0,5,143,199,NoBug
a2206e2451ffe226128a69a43f7f1f59409a0217,enterprise/ha/src/test/java/org/neo4j/test/ha/ClusterManager.java,54,0,19,32,885,1125,NoBug
a2206e2451ffe226128a69a43f7f1f59409a0217,enterprise/cluster/src/test/java/org/neo4j/cluster/protocol/atomicbroadcast/multipaxos/MultiPaxosTest.java,3,0,2,0,59,135,NoBug
a2206e2451ffe226128a69a43f7f1f59409a0217,enterprise/ha/src/main/java/org/neo4j/kernel/ha/HighlyAvailableGraphDatabase.java,27,0,0,12,631,748,NoBug
a2206e2451ffe226128a69a43f7f1f59409a0217,enterprise/cluster/src/main/java/org/neo4j/cluster/client/ClusterClient.java,4,0,1,50,481,601,NoBug
a2206e2451ffe226128a69a43f7f1f59409a0217,enterprise/cluster/src/main/java/org/neo4j/cluster/MultiPaxosServerFactory.java,2,0,2,3,207,266,NoBug
a2206e2451ffe226128a69a43f7f1f59409a0217,enterprise/cluster/src/test/java/org/neo4j/cluster/protocol/cluster/ClusterNetworkTest.java,27,0,1,19,423,571,Bag
a2206e2451ffe226128a69a43f7f1f59409a0217,enterprise/cluster/src/test/java/org/neo4j/cluster/protocol/cluster/ClusterMockTest.java,51,0,1,26,722,843,Bag
a2206e2451ffe226128a69a43f7f1f59409a0217,enterprise/cluster/src/main/java/org/neo4j/cluster/com/NetworkSender.java,21,0,2,17,344,446,NoBug
a2206e2451ffe226128a69a43f7f1f59409a0217,enterprise/cluster/src/test/java/org/neo4j/cluster/NetworkMock.java,16,0,1,12,240,313,NoBug
a2206e2451ffe226128a69a43f7f1f59409a0217,enterprise/cluster/src/main/java/org/neo4j/cluster/protocol/heartbeat/HeartbeatIAmAliveProcessor.java,8,0,1,2,50,81,NoBug
a2206e2451ffe226128a69a43f7f1f59409a0217,enterprise/ha/src/main/java/org/neo4j/kernel/ha/backup/HaBackupProvider.java,13,0,0,3,172,220,NoBug
a2206e2451ffe226128a69a43f7f1f59409a0217,enterprise/cluster/src/main/java/org/neo4j/cluster/com/NetworkReceiver.java,14,0,2,19,280,366,NoBug
a2206e2451ffe226128a69a43f7f1f59409a0217,enterprise/server-enterprise/src/main/java/org/neo4j/server/enterprise/StandaloneClusterClient.java,14,0,1,1,150,202,NoBug
a28486d3af309509b6a6a08f4bbdcea8c30fee4e,community/import-tool/src/test/java/org/neo4j/tooling/ImportToolDocIT.java,8,0,0,4,211,260,NoBug
a28486d3af309509b6a6a08f4bbdcea8c30fee4e,community/import-tool/src/main/java/org/neo4j/tooling/ImportTool.java,17,0,1,1,289,340,NoBug
a28cc235c4450cd201655342dcfd1edb07e5520b,community/cypher/cypher/src/test/java/org/neo4j/cypher/internal/javacompat/NotificationAcceptanceTest.java,7,0,0,9,165,234,Bag
a28cc235c4450cd201655342dcfd1edb07e5520b,community/kernel/src/main/java/org/neo4j/graphdb/impl/notification/NotificationDetail.java,9,0,0,15,200,247,Bag
a28cc235c4450cd201655342dcfd1edb07e5520b,community/bolt/src/test/java/org/neo4j/bolt/v1/transport/integration/TransportSessionIT.java,3,0,0,17,348,464,Bag
a2b95522908704726ea9546ced9d284232438acd,enterprise/security/src/main/java/org/neo4j/server/security/enterprise/auth/InternalFlatFileRealm.java,57,0,1,26,629,755,NoBug
a3f2808c794af262e875e100d2c897fcd5c9966f,community/lucene-index/src/main/java/org/neo4j/index/impl/lucene/legacy/FullTxData.java,44,0,0,0,359,448,Bag
a3f2808c794af262e875e100d2c897fcd5c9966f,community/lucene-index/src/test/java/org/neo4j/kernel/api/impl/index/DatabaseIndexIntegrationTest.java,6,0,0,4,236,316,Bag
a3f2808c794af262e875e100d2c897fcd5c9966f,community/lucene-index/src/main/java/org/neo4j/kernel/api/impl/index/WritableAbstractDatabaseIndex.java,1,0,15,1,134,225,Bag
a401243f8aff453cb8af8e412ea8510f9be786d6,community/kernel/src/main/java/org/neo4j/kernel/Uniqueness.java,6,0,1,0,103,170,Bag
a401243f8aff453cb8af8e412ea8510f9be786d6,community/kernel/src/main/java/org/neo4j/kernel/impl/traversal/TraverserIterator.java,4,0,0,0,62,89,Bag
a401243f8aff453cb8af8e412ea8510f9be786d6,community/kernel/src/main/java/org/neo4j/kernel/impl/traversal/BidirectionalTraverserIterator.java,12,0,0,0,154,197,Bag
a401243f8aff453cb8af8e412ea8510f9be786d6,community/kernel/src/main/java/org/neo4j/graphdb/traversal/UniquenessFactory.java,1,0,2,0,5,41,Bag
a401243f8aff453cb8af8e412ea8510f9be786d6,community/kernel/src/main/java/org/neo4j/kernel/impl/traversal/TraverserImpl.java,2,0,0,0,21,46,Bag
a401243f8aff453cb8af8e412ea8510f9be786d6,community/kernel/src/main/java/org/neo4j/kernel/impl/traversal/AsOneStartBranch.java,3,0,0,0,129,182,Bag
a495041e86344d014b8f9b1e882fe34d2c72790b,community/server/src/test/java/org/neo4j/server/ServerCommandLineArgsTest.java,1,0,0,7,67,115,Bag
a49d0e13f44fe938727ef15fd93a227a5d08f35f,enterprise/core-edge/src/main/java/org/neo4j/coreedge/raft/state/CoreState.java,6,0,2,8,180,267,Bag
a49d0e13f44fe938727ef15fd93a227a5d08f35f,enterprise/core-edge/src/main/java/org/neo4j/coreedge/raft/state/CoreStateApplier.java,5,0,3,2,57,110,NoBug
a49d0e13f44fe938727ef15fd93a227a5d08f35f,enterprise/core-edge/src/main/java/org/neo4j/coreedge/raft/state/CoreState.java,6,0,2,8,180,267,Bag
a56852e67a55b8634373cc4bd44e3181e0e9cd94,community/cypher/cypher/src/main/java/org/neo4j/cypher/internal/codegen/CompiledConversionUtils.java,89,0,1,19,437,495,NoBug
a5f53ba08bebabec04eca3b0dff8223f5f7b2d6d,enterprise/security/src/test/java/org/neo4j/server/security/enterprise/auth/AuthProceduresTest.java,15,0,18,23,621,853,NoBug
a5f53ba08bebabec04eca3b0dff8223f5f7b2d6d,enterprise/security/src/main/java/org/neo4j/server/security/enterprise/auth/FileUserRealm.java,25,0,1,1,297,392,NoBug
a6f9722468f557d754c3c5d5ce7e95ef8aaab08d,community/server/src/main/java/org/neo4j/server/rest/domain/RelationshipExpanderBuilder.java,11,0,0,2,65,94,NoBug
a6f9722468f557d754c3c5d5ce7e95ef8aaab08d,community/server/src/test/java/org/neo4j/server/rest/domain/RelationshipExpanderBuilderTest.java,1,0,0,3,69,108,NoBug
a6ff01cbffd95770e5675b7a1bc7b87fc149c848,community/graph-algo/src/main/java/org/neo4j/graphalgo/impl/util/PathImpl.java,19,0,0,21,280,338,NoBug
a6ff01cbffd95770e5675b7a1bc7b87fc149c848,community/graph-algo/src/test/java/org/neo4j/graphalgo/impl/util/PathImplTest.java,1,0,0,5,105,155,NoBug
a71c7c9a11a94edc38bdf162ae07d2d270ebe27c,community/kernel/src/main/java/org/neo4j/kernel/api/exceptions/KernelException.java,1,0,2,1,26,54,Bag
a74981add4a826800cc09868a4570201478bb104,enterprise/cypher/cypher/src/test/java/org/neo4j/cypher/internal/javacompat/ExecutionResultTest.java,2,0,0,11,141,232,NoBug
a74bb16ec9a12f437da2892d606c42605c3b49a7,community/shell/src/test/java/org/neo4j/shell/TestApps.java,14,0,1,75,982,1209,NoBug
a773f11325b96d4ef22538f3ceaa1cf81ea24560,enterprise/core-edge/src/main/java/org/neo4j/coreedge/catchup/TimeoutLoop.java,6,0,0,0,42,64,Bag
a773f11325b96d4ef22538f3ceaa1cf81ea24560,enterprise/core-edge/src/test/java/org/neo4j/coreedge/catchup/TimeoutLoopTest.java,3,0,0,5,65,114,Bag
a773f11325b96d4ef22538f3ceaa1cf81ea24560,enterprise/core-edge/src/main/java/org/neo4j/coreedge/catchup/TrackingResponseHandler.java,1,0,0,0,81,115,Bag
a77d5707421b3d9c1d1ef290709b1ba550ae6c49,enterprise/security/src/test/java/org/neo4j/server/security/enterprise/auth/integration/bolt/LdapAuthIT.java,12,0,13,38,823,1279,NoBug
a77d5707421b3d9c1d1ef290709b1ba550ae6c49,enterprise/security/src/test/java/org/neo4j/server/security/enterprise/auth/integration/bolt/EnterpriseAuthenticationTestBase.java,7,0,0,3,240,337,NoBug
a77d5707421b3d9c1d1ef290709b1ba550ae6c49,enterprise/security/src/test/java/org/neo4j/server/security/enterprise/auth/AuthProceduresInteractionTestBase.java,5,0,24,69,844,1050,NoBug
a77d5707421b3d9c1d1ef290709b1ba550ae6c49,enterprise/security/src/test/java/org/neo4j/server/security/enterprise/auth/ConfiguredProceduresTestBase.java,1,0,0,19,239,328,NoBug
a77d5707421b3d9c1d1ef290709b1ba550ae6c49,enterprise/security/src/main/java/org/neo4j/server/security/enterprise/auth/SecurityProcedures.java,2,0,0,4,41,68,NoBug
a794834afde7b91e5130221edd7e287c897f11fc,community/kernel/src/main/java/org/neo4j/kernel/impl/proc/ReflectiveProcedureCompiler.java,67,0,0,0,725,852,NoBug
a794834afde7b91e5130221edd7e287c897f11fc,community/kernel/src/test/java/org/neo4j/kernel/impl/proc/ReflectiveUserAggregationFunctionTest.java,8,0,0,111,673,874,NoBug
a7e676dfc3abe0f5fcffe9e97ba85ad08c76d779,community/bolt/src/test/java/org/neo4j/bolt/v1/runtime/internal/SessionStateMachineResetTest.java,1,0,0,3,53,93,Bag
a7e676dfc3abe0f5fcffe9e97ba85ad08c76d779,community/bolt/src/main/java/org/neo4j/bolt/v1/runtime/internal/SessionStateMachine.java,33,0,2,19,662,893,Bag
a7e676dfc3abe0f5fcffe9e97ba85ad08c76d779,community/bolt/src/test/java/org/neo4j/bolt/v1/runtime/integration/SessionAuthIT.java,1,0,0,3,44,82,Bag
a7e676dfc3abe0f5fcffe9e97ba85ad08c76d779,community/bolt/src/test/java/org/neo4j/bolt/v1/runtime/internal/SessionStateMachineTest.java,1,0,0,17,205,320,Bag
a7f45f5f10c903b49edc8c0a81405f620b8e2956,community/kernel/src/main/java/org/neo4j/kernel/impl/proc/FieldInjections.java,12,0,3,2,112,161,NoBug
a7f45f5f10c903b49edc8c0a81405f620b8e2956,community/kernel/src/test/java/org/neo4j/kernel/impl/proc/FieldInjectionsTest.java,3,0,1,12,102,172,NoBug
a81cec2835334f193e2fc02122952a18975fdf6c,enterprise/causal-clustering/src/test/java/org/neo4j/causalclustering/core/consensus/RaftMachineBuilder.java,2,0,1,13,139,196,NoBug
a81cec2835334f193e2fc02122952a18975fdf6c,enterprise/causal-clustering/src/main/java/org/neo4j/causalclustering/core/consensus/log/segmented/InFlightMap.java,3,0,4,5,52,108,NoBug
a81cec2835334f193e2fc02122952a18975fdf6c,enterprise/causal-clustering/src/test/java/org/neo4j/causalclustering/core/consensus/state/RaftStateTest.java,1,0,0,3,104,152,NoBug
a81cec2835334f193e2fc02122952a18975fdf6c,enterprise/causal-clustering/src/test/java/org/neo4j/causalclustering/core/consensus/outcome/TruncateLogCommandTest.java,1,0,0,3,50,90,NoBug
a81cec2835334f193e2fc02122952a18975fdf6c,enterprise/causal-clustering/src/test/java/org/neo4j/causalclustering/core/consensus/RaftTestFixture.java,9,0,0,19,161,211,NoBug
a81cec2835334f193e2fc02122952a18975fdf6c,enterprise/causal-clustering/src/test/java/org/neo4j/causalclustering/core/consensus/election/Fixture.java,7,0,0,2,133,194,NoBug
a81cec2835334f193e2fc02122952a18975fdf6c,enterprise/causal-clustering/src/main/java/org/neo4j/causalclustering/core/consensus/RaftMachine.java,23,0,3,21,313,420,NoBug
a81cec2835334f193e2fc02122952a18975fdf6c,enterprise/causal-clustering/src/test/java/org/neo4j/causalclustering/core/consensus/roles/ElectionTest.java,1,0,0,4,96,153,NoBug
a81cec2835334f193e2fc02122952a18975fdf6c,enterprise/causal-clustering/src/main/java/org/neo4j/causalclustering/core/state/CoreLife.java,2,0,0,6,71,102,NoBug
a81cec2835334f193e2fc02122952a18975fdf6c,enterprise/causal-clustering/src/test/java/org/neo4j/causalclustering/core/state/CommandApplicationProcessTest.java,3,0,1,13,267,393,NoBug
a81cec2835334f193e2fc02122952a18975fdf6c,enterprise/causal-clustering/src/test/java/org/neo4j/causalclustering/core/consensus/log/segmented/InFlightLogEntriesCacheTest.java,5,0,0,5,73,108,NoBug
a81cec2835334f193e2fc02122952a18975fdf6c,enterprise/causal-clustering/src/test/java/org/neo4j/causalclustering/core/consensus/RaftMachineTest.java,5,0,0,18,419,602,NoBug
a81cec2835334f193e2fc02122952a18975fdf6c,enterprise/causal-clustering/src/test/java/org/neo4j/causalclustering/core/consensus/outcome/BatchAppendLogEntriesTest.java,1,0,0,4,58,104,NoBug
a8f3d37f50a042fc7b741962cf791d5327eabea2,community/kernel/src/main/java/org/neo4j/kernel/configuration/ConfigurationValidator.java,4,0,1,2,35,68,NoBug
a8f3d37f50a042fc7b741962cf791d5327eabea2,community/kernel/src/test/java/org/neo4j/kernel/configuration/ConfigTest.java,1,0,0,11,143,220,NoBug
a8f3d37f50a042fc7b741962cf791d5327eabea2,community/kernel/src/main/java/org/neo4j/kernel/configuration/Config.java,6,0,6,11,134,210,NoBug
a93c570faa774c1a40b635b6a3e6d8ccb61a99e8,community/consistency-check/src/test/java/org/neo4j/consistency/checking/GraphStoreFixture.java,5,0,1,43,395,483,Bag
a93c570faa774c1a40b635b6a3e6d8ccb61a99e8,community/kernel/src/test/java/org/neo4j/test/CleanupRule.java,7,0,1,2,72,121,Bag
a93c570faa774c1a40b635b6a3e6d8ccb61a99e8,community/lucene-index/src/test/java/org/neo4j/kernel/api/impl/index/LuceneIndexAccessorSearcherManagerRefreshTest.java,6,0,0,4,171,227,Bag
a93c570faa774c1a40b635b6a3e6d8ccb61a99e8,community/lucene-index/src/test/java/org/neo4j/index/impl/lucene/NonUniqueIndexTests.java,1,0,0,2,126,165,Bag
a93c570faa774c1a40b635b6a3e6d8ccb61a99e8,enterprise/enterprise-performance-tests/src/main/java/org/neo4j/perftest/enterprise/ccheck/ConsistencyPerformanceCheck.java,4,0,1,1,114,161,Bag
a93c570faa774c1a40b635b6a3e6d8ccb61a99e8,community/lucene-index/src/test/java/org/neo4j/kernel/api/impl/index/LuceneIndexRecoveryIT.java,4,0,0,8,277,379,Bag
a93c570faa774c1a40b635b6a3e6d8ccb61a99e8,community/neo4j/src/test/java/upgrade/StoreUpgraderTest.java,8,0,0,13,360,455,Bag
a93c570faa774c1a40b635b6a3e6d8ccb61a99e8,community/lucene-index/src/main/java/org/neo4j/index/lucene/LuceneLabelScanStoreBuilder.java,3,0,1,2,56,96,Bag
a93c570faa774c1a40b635b6a3e6d8ccb61a99e8,community/kernel/src/test/java/org/neo4j/test/LimitedFileSystemGraphDatabase.java,1,0,0,5,48,77,Bag
a93c570faa774c1a40b635b6a3e6d8ccb61a99e8,community/kernel/src/test/java/org/neo4j/kernel/impl/transaction/CommitContentionTests.java,10,0,0,4,166,223,Bag
a93c570faa774c1a40b635b6a3e6d8ccb61a99e8,enterprise/ha/src/main/java/org/neo4j/kernel/ha/factory/HighlyAvailableFacadeFactory.java,1,0,1,1,22,49,Bag
a93c570faa774c1a40b635b6a3e6d8ccb61a99e8,community/lucene-index/src/main/java/org/neo4j/kernel/api/impl/index/DirectoryFactory.java,6,0,1,33,218,286,Bag
a93c570faa774c1a40b635b6a3e6d8ccb61a99e8,community/lucene-index/src/test/java/org/neo4j/kernel/api/impl/index/LuceneSchemaIndexPopulatorTest.java,5,0,0,10,236,305,Bag
a93c570faa774c1a40b635b6a3e6d8ccb61a99e8,enterprise/metrics/src/test/java/org/neo4j/metrics/output/CsvOutputTest.java,3,0,0,4,94,143,Bag
a93c570faa774c1a40b635b6a3e6d8ccb61a99e8,community/lucene-index/src/main/java/org/neo4j/kernel/api/impl/index/UniqueLuceneIndexAccessor.java,2,0,0,0,63,126,Bag
a93c570faa774c1a40b635b6a3e6d8ccb61a99e8,community/kernel/src/test/java/org/neo4j/kernel/GraphDatabaseFacadeFactoryTest.java,3,0,0,3,107,148,Bag
a93c570faa774c1a40b635b6a3e6d8ccb61a99e8,community/lucene-index/src/test/java/org/neo4j/index/impl/lucene/RecoveryTest.java,3,0,1,12,242,324,Bag
a93c570faa774c1a40b635b6a3e6d8ccb61a99e8,community/kernel/src/test/java/org/neo4j/kernel/impl/api/KernelTest.java,2,0,0,2,81,112,Bag
a93c570faa774c1a40b635b6a3e6d8ccb61a99e8,enterprise/kernel/src/main/java/org/neo4j/kernel/impl/enterprise/EnterpriseFacadeFactory.java,1,0,1,1,22,49,Bag
a93c570faa774c1a40b635b6a3e6d8ccb61a99e8,enterprise/ha/src/test/java/org/neo4j/kernel/api/SchemaIndexHaIT.java,19,0,0,9,461,608,Bag
a93c570faa774c1a40b635b6a3e6d8ccb61a99e8,community/lucene-index/src/test/java/org/neo4j/kernel/api/impl/index/LuceneSchemaIndexCorruptionTest.java,2,0,0,5,73,135,Bag
a93c570faa774c1a40b635b6a3e6d8ccb61a99e8,community/lucene-index/src/test/java/org/neo4j/kernel/api/impl/index/LuceneIndexIT.java,3,0,0,5,90,130,Bag
a93c570faa774c1a40b635b6a3e6d8ccb61a99e8,community/lucene-index/src/main/java/org/neo4j/kernel/api/impl/index/LuceneSchemaIndexProvider.java,11,0,0,8,132,164,Bag
a93c570faa774c1a40b635b6a3e6d8ccb61a99e8,enterprise/com/src/main/java/org/neo4j/com/storecopy/ExternallyManagedPageCache.java,1,0,2,6,75,116,Bag
a93c570faa774c1a40b635b6a3e6d8ccb61a99e8,community/kernel/src/main/java/org/neo4j/kernel/impl/factory/CommunityFacadeFactory.java,1,0,1,1,24,53,Bag
a93c570faa774c1a40b635b6a3e6d8ccb61a99e8,community/lucene-index/src/main/java/org/neo4j/kernel/api/impl/index/NonUniqueLuceneIndexAccessor.java,1,0,0,0,13,36,Bag
a93c570faa774c1a40b635b6a3e6d8ccb61a99e8,community/neo4j/src/test/java/upgrade/StoreUpgraderInterruptionTestIT.java,3,0,0,4,159,203,Bag
a93c570faa774c1a40b635b6a3e6d8ccb61a99e8,community/kernel/src/main/java/org/neo4j/unsafe/batchinsert/BatchInserterImpl.java,73,0,2,26,1125,1304,Bag
a93c570faa774c1a40b635b6a3e6d8ccb61a99e8,community/lucene-index/src/test/java/org/neo4j/kernel/api/impl/index/LuceneIndexAccessorTest.java,3,0,0,11,216,291,Bag
a93c570faa774c1a40b635b6a3e6d8ccb61a99e8,community/kernel/src/test/java/org/neo4j/kernel/impl/core/BigJumpingStoreIT.java,32,0,0,4,260,305,Bag
a93c570faa774c1a40b635b6a3e6d8ccb61a99e8,community/lucene-index/src/main/java/org/neo4j/kernel/api/impl/index/LuceneSchemaIndexProviderFactory.java,1,0,0,5,33,62,Bag
a93c570faa774c1a40b635b6a3e6d8ccb61a99e8,community/kernel/src/test/java/org/neo4j/test/TestGraphDatabaseFactory.java,4,0,1,14,176,225,Bag
a93c570faa774c1a40b635b6a3e6d8ccb61a99e8,community/lucene-index/src/main/java/org/neo4j/kernel/api/impl/index/LuceneIndexAccessor.java,13,0,0,0,285,357,Bag
a93c570faa774c1a40b635b6a3e6d8ccb61a99e8,community/lucene-index/src/test/java/org/neo4j/kernel/api/impl/index/LuceneLabelScanStoreTest.java,17,0,0,17,432,566,Bag
a93c570faa774c1a40b635b6a3e6d8ccb61a99e8,community/lucene-index/src/main/java/org/neo4j/kernel/api/impl/index/LuceneSnapshotter.java,5,0,0,1,64,98,Bag
a93c570faa774c1a40b635b6a3e6d8ccb61a99e8,community/lucene-index/src/test/java/org/neo4j/index/impl/lucene/LuceneDataSourceTest.java,1,0,0,8,146,181,Bag
a93c570faa774c1a40b635b6a3e6d8ccb61a99e8,community/kernel/src/test/java/org/neo4j/kernel/impl/store/IdGeneratorRebuildFailureEmulationTest.java,9,0,0,14,262,324,Bag
a93c570faa774c1a40b635b6a3e6d8ccb61a99e8,community/kernel/src/main/java/org/neo4j/kernel/impl/factory/GraphDatabaseFacadeFactory.java,5,0,4,7,117,225,Bag
a93c570faa774c1a40b635b6a3e6d8ccb61a99e8,community/lucene-index/src/main/java/org/neo4j/kernel/api/impl/index/LuceneLabelScanStoreExtension.java,2,0,0,7,50,85,Bag
a93c570faa774c1a40b635b6a3e6d8ccb61a99e8,community/consistency-check/src/main/java/org/neo4j/consistency/ConsistencyCheckService.java,9,0,0,10,198,241,Bag
a93c570faa774c1a40b635b6a3e6d8ccb61a99e8,community/kernel/src/test/java/org/neo4j/graphdb/LabelsAcceptanceTest.java,19,0,1,20,551,711,Bag
a93c570faa774c1a40b635b6a3e6d8ccb61a99e8,community/kernel/src/test/java/org/neo4j/kernel/impl/transaction/PartialTransactionFailureIT.java,6,0,1,1,175,221,Bag
a93c570faa774c1a40b635b6a3e6d8ccb61a99e8,community/lucene-index/src/main/java/org/neo4j/index/impl/lucene/IndexClockCache.java,2,0,0,3,22,45,Bag
a93c570faa774c1a40b635b6a3e6d8ccb61a99e8,community/kernel/src/main/java/org/neo4j/kernel/impl/storemigration/StoreMigrationTool.java,3,0,1,2,90,131,Bag
a93c570faa774c1a40b635b6a3e6d8ccb61a99e8,community/lucene-index/src/main/java/org/neo4j/index/impl/lucene/IndexReference.java,10,0,0,0,97,141,Bag
a93c570faa774c1a40b635b6a3e6d8ccb61a99e8,community/kernel/src/main/java/org/neo4j/kernel/impl/spi/KernelContext.java,1,0,0,3,8,32,Bag
a93c570faa774c1a40b635b6a3e6d8ccb61a99e8,community/consistency-check/src/test/java/org/neo4j/consistency/ConsistencyCheckToolTest.java,3,0,0,10,235,320,Bag
a93c570faa774c1a40b635b6a3e6d8ccb61a99e8,community/lucene-index/src/main/java/org/neo4j/index/impl/lucene/LuceneDataSource.java,52,0,2,5,546,658,Bag
a93c570faa774c1a40b635b6a3e6d8ccb61a99e8,community/lucene-index/src/test/java/org/neo4j/kernel/api/impl/index/UniqueLuceneIndexAccessorTest.java,2,0,0,5,102,157,Bag
a93c570faa774c1a40b635b6a3e6d8ccb61a99e8,community/consistency-check-legacy/src/main/java/org/neo4j/legacy/consistency/ConsistencyCheckService.java,8,0,0,8,174,217,Bag
a93c570faa774c1a40b635b6a3e6d8ccb61a99e8,community/lucene-index/src/main/java/org/neo4j/kernel/api/impl/index/LuceneLabelScanStore.java,8,0,0,24,257,322,Bag
a93c570faa774c1a40b635b6a3e6d8ccb61a99e8,community/kernel/src/test/java/org/neo4j/test/ImpermanentGraphDatabase.java,5,0,7,3,138,213,Bag
a93c570faa774c1a40b635b6a3e6d8ccb61a99e8,community/lucene-index/src/test/java/org/neo4j/kernel/api/impl/index/LuceneSchemaIndexProviderTest.java,1,0,0,1,11,33,Bag
a93c570faa774c1a40b635b6a3e6d8ccb61a99e8,community/kernel/src/main/java/org/neo4j/kernel/impl/factory/PlatformModule.java,9,0,1,2,219,310,Bag
a93c570faa774c1a40b635b6a3e6d8ccb61a99e8,community/consistency-check-legacy/src/test/java/org/neo4j/legacy/consistency/checking/GraphStoreFixture.java,4,0,1,40,356,440,Bag
a93c570faa774c1a40b635b6a3e6d8ccb61a99e8,enterprise/kernel/src/test/java/org/neo4j/test/TestEnterpriseGraphDatabaseFactory.java,3,0,0,1,78,105,Bag
a93c570faa774c1a40b635b6a3e6d8ccb61a99e8,community/lucene-index/src/test/java/org/neo4j/kernel/api/impl/index/LuceneIndexAccessorReservationsTest.java,2,0,0,8,175,248,Bag
a93c570faa774c1a40b635b6a3e6d8ccb61a99e8,community/kernel/src/main/java/org/neo4j/unsafe/impl/batchimport/store/BatchingNeoStores.java,6,0,2,14,244,307,Bag
a97ff939815b26a201f5a1ef72f9d2fd4777a455,enterprise/security/src/test/java/org/neo4j/server/security/enterprise/auth/integration/bolt/LdapAuthIT.java,12,0,13,38,823,1279,Bag
a97ff939815b26a201f5a1ef72f9d2fd4777a455,enterprise/security/src/main/java/org/neo4j/server/security/enterprise/auth/SecurityProcedures.java,2,0,0,3,34,60,Bag
a97ff939815b26a201f5a1ef72f9d2fd4777a455,enterprise/security/src/test/java/org/neo4j/server/security/enterprise/auth/integration/bolt/EnterpriseAuthenticationTestBase.java,7,0,0,3,240,337,Bag
a97ff939815b26a201f5a1ef72f9d2fd4777a455,enterprise/security/src/test/java/org/neo4j/server/security/enterprise/auth/ConfiguredProceduresTestBase.java,1,0,0,19,238,327,Bag
a97ff939815b26a201f5a1ef72f9d2fd4777a455,enterprise/security/src/test/java/org/neo4j/server/security/enterprise/auth/AuthProceduresInteractionTestBase.java,5,0,24,69,844,1050,Bag
a9cd199b1086cf1d996764b54caba53b95d3727c,community/kernel/src/test/java/org/neo4j/kernel/impl/nioneo/xa/WriteTransactionTest.java,9,0,1,16,474,633,NoBug
a9cd199b1086cf1d996764b54caba53b95d3727c,community/kernel/src/test/java/org/neo4j/test/ProcessStreamHandler.java,4,0,4,3,71,124,NoBug
a9cd199b1086cf1d996764b54caba53b95d3727c,community/kernel/src/main/java/org/neo4j/kernel/impl/nioneo/xa/Command.java,125,0,3,6,1070,1304,NoBug
a9cd199b1086cf1d996764b54caba53b95d3727c,community/kernel/src/main/java/org/neo4j/kernel/impl/nioneo/xa/WriteTransaction.java,212,0,1,45,1860,2113,NoBug
a9cd199b1086cf1d996764b54caba53b95d3727c,community/kernel/src/main/java/org/neo4j/helpers/FutureAdapter.java,2,0,0,10,79,112,NoBug
aa6ac14d78ff63c58fbae2d443804d36a452ea45,community/kernel/src/main/java/org/neo4j/kernel/configuration/docs/SettingsDocumenter.java,12,0,1,3,145,236,Bag
aac20ad73b1ea3e5d85a1071229273904086dd7c,community/kernel/src/main/java/org/neo4j/unsafe/impl/batchimport/store/BatchingRecordAccess.java,1,0,1,18,118,166,NoBug
aac20ad73b1ea3e5d85a1071229273904086dd7c,community/kernel/src/test/java/org/neo4j/kernel/impl/transaction/state/TrackingRecordProxy.java,3,0,0,11,72,104,NoBug
aac20ad73b1ea3e5d85a1071229273904086dd7c,community/kernel/src/main/java/org/neo4j/kernel/impl/transaction/state/RecordAccess.java,1,0,6,17,30,101,NoBug
aac20ad73b1ea3e5d85a1071229273904086dd7c,community/kernel/src/test/java/org/neo4j/kernel/impl/transaction/state/TransactionRecordStateTest.java,3,0,0,7,303,408,NoBug
aac20ad73b1ea3e5d85a1071229273904086dd7c,enterprise/backup/src/test/java/org/neo4j/backup/IncrementalBackupTests.java,5,0,0,5,164,237,NoBug
aac20ad73b1ea3e5d85a1071229273904086dd7c,community/kernel/src/main/java/org/neo4j/kernel/impl/transaction/state/TransactionRecordState.java,26,0,16,13,385,620,NoBug
aac20ad73b1ea3e5d85a1071229273904086dd7c,community/kernel/src/main/java/org/neo4j/unsafe/batchinsert/DirectRecordAccess.java,7,0,1,9,193,247,NoBug
ab11c8b305622e6fcf6e699f8b3e47b0dc5b42f3,enterprise/core-edge/src/main/java/org/neo4j/coreedge/raft/log/physical/RecoveryProtocol.java,11,0,0,0,143,194,NoBug
ab11c8b305622e6fcf6e699f8b3e47b0dc5b42f3,enterprise/core-edge/src/test/java/org/neo4j/coreedge/raft/log/physical/RecoveryProtocolTest.java,4,0,0,7,107,165,NoBug
abb44045452530bb0da7fb275c808b5cefd2dc33,community/cypher/cypher/src/main/java/org/neo4j/cypher/internal/codegen/RelationshipIdWrapperImpl.java,4,0,0,5,30,59,NoBug
abb44045452530bb0da7fb275c808b5cefd2dc33,community/cypher/cypher/src/main/java/org/neo4j/cypher/internal/codegen/PrimitiveRelationshipStream.java,4,0,0,5,44,73,NoBug
abb44045452530bb0da7fb275c808b5cefd2dc33,community/cypher/cypher/src/main/java/org/neo4j/cypher/internal/codegen/CompiledConversionUtils.java,69,0,1,17,320,375,NoBug
abb44045452530bb0da7fb275c808b5cefd2dc33,community/cypher/cypher/src/main/java/org/neo4j/cypher/internal/codegen/NodeIdWrapperImpl.java,4,0,0,5,30,59,NoBug
abb44045452530bb0da7fb275c808b5cefd2dc33,enterprise/cypher/spec-suite-tools/src/main/java/cypher/feature/parser/matchers/ResultMatcher.java,4,0,0,5,47,107,NoBug
abb44045452530bb0da7fb275c808b5cefd2dc33,community/cypher/cypher-compiler-3.2/src/main/java/org/neo4j/cypher/internal/compiler/v3_2/common/CypherOrderability.java,55,0,2,3,301,410,NoBug
abb44045452530bb0da7fb275c808b5cefd2dc33,community/cypher/cypher-compiler-3.2/src/main/java/org/neo4j/cypher/internal/compiler/v3_2/spi/NodeIdWrapper.java,1,0,0,2,5,26,NoBug
abb44045452530bb0da7fb275c808b5cefd2dc33,community/cypher/cypher-compiler-3.2/src/main/java/org/neo4j/cypher/internal/compiler/v3_2/spi/RelationshipIdWrapper.java,1,0,0,2,5,26,NoBug
abb44045452530bb0da7fb275c808b5cefd2dc33,community/cypher/cypher-compiler-3.2/src/test/java/org/neo4j/cypher/internal/compiler/v3_2/common/CypherOrderabilityTest.java,17,0,1,1,179,232,NoBug
abb44045452530bb0da7fb275c808b5cefd2dc33,community/cypher/cypher/src/main/java/org/neo4j/cypher/internal/codegen/PrimitiveNodeStream.java,4,0,0,5,42,71,NoBug
abc65a03d8f197870503f52b5257e998fb28ac8d,packaging/neo4j-desktop/src/main/java/org/neo4j/desktop/ui/ScrollableOptionPane.java,1,0,0,3,27,53,Bag
acc5c404320c1dddd9d95d96e77df2345a080d70,community/kernel/src/test/java/org/neo4j/kernel/recovery/LatestCheckPointFinderTest.java,3,0,0,19,266,402,NoBug
acc5c404320c1dddd9d95d96e77df2345a080d70,community/kernel/src/main/java/org/neo4j/kernel/recovery/LatestCheckPointFinder.java,18,0,0,8,121,162,NoBug
ae3669d6536f06f241cc21c10cc4230245cdc093,community/kernel/src/main/java/org/neo4j/kernel/impl/proc/ProcedureGDSFactory.java,1,0,0,3,50,75,Bag
ae3669d6536f06f241cc21c10cc4230245cdc093,integrationtests/src/test/java/org/neo4j/procedure/UserFunctionIT.java,10,0,1,67,829,1082,Bag
aefe9861c7754703b96470fda5beed01ebf445be,community/import-tool/src/test/java/org/neo4j/tooling/ImportToolTest.java,41,0,0,21,906,1100,NoBug
aefe9861c7754703b96470fda5beed01ebf445be,community/import-tool/src/main/java/org/neo4j/tooling/ImportTool.java,39,0,3,0,562,659,NoBug
af12857999c8500e8c7a7d511f136aa2c62d0fff,enterprise/causal-clustering/src/main/java/org/neo4j/causalclustering/catchup/storecopy/CopiedStoreRecovery.java,5,0,0,4,76,108,NoBug
af2947cf3a7f053c6c020ece7726d611080a6682,community/neo4j/src/test/java/db/DatabaseShutdownTest.java,2,0,0,2,102,134,NoBug
af2947cf3a7f053c6c020ece7726d611080a6682,community/kernel/src/main/java/org/neo4j/kernel/NeoStoreDataSource.java,25,0,3,16,844,1064,Bag
af2947cf3a7f053c6c020ece7726d611080a6682,community/kernel/src/test/java/org/neo4j/kernel/NeoStoreDataSourceTest.java,4,0,0,10,235,313,NoBug
af2947cf3a7f053c6c020ece7726d611080a6682,community/kernel/src/main/java/org/neo4j/kernel/impl/store/CommonAbstractStore.java,86,0,16,20,944,1294,NoBug
af4b2e20ccae1c1fba19ee9c08e46f51c32d79cd,community/lucene-index/src/main/java/org/neo4j/index/impl/lucene/legacy/IndexType.java,41,0,0,6,377,452,Bag
afd922ec650008ed0b70757bed1a61a745fe5cb1,community/kernel/src/main/java/org/neo4j/kernel/impl/api/TwoPhaseNodeForRelationshipLocking.java,10,0,0,0,98,132,NoBug
afde622ec0dfbe77a6c79ea17a72a8ad51d210ea,community/kernel/src/main/java/org/neo4j/kernel/impl/util/StoreUtil.java,9,0,0,7,65,107,NoBug
b0184b8bcfb094ed4f8815564c8a803837c7b424,community/kernel/src/main/java/org/neo4j/graphdb/GraphDatabaseService.java,1,0,24,0,39,332,NoBug
b02b8e7cff33b8e0e157808173cdc6776c113920,community/kernel/src/test/java/org/neo4j/kernel/impl/transaction/xaframework/TransactionTimeSpanPruneStrategyTest.java,2,0,0,3,35,74,NoBug
b02b8e7cff33b8e0e157808173cdc6776c113920,community/kernel/src/main/java/org/neo4j/kernel/impl/transaction/xaframework/LogPruneStrategies.java,25,0,1,11,252,343,NoBug
b02b8e7cff33b8e0e157808173cdc6776c113920,community/kernel/src/main/java/org/neo4j/kernel/impl/transaction/xaframework/IllegalLogFormatException.java,1,0,1,2,19,44,NoBug
b02b8e7cff33b8e0e157808173cdc6776c113920,community/kernel/src/test/java/org/neo4j/kernel/impl/transaction/xaframework/TransactionCountPruneStrategyTest.java,2,0,0,3,33,73,NoBug
b06b8eb3e7c26bdcc56e17b65a7efb1d126b4c65,community/kernel/src/main/java/org/neo4j/unsafe/impl/batchimport/store/BatchingIdSequence.java,2,0,1,2,21,48,NoBug
b06b8eb3e7c26bdcc56e17b65a7efb1d126b4c65,community/kernel/src/main/java/org/neo4j/unsafe/impl/batchimport/store/BatchingIdGeneratorFactory.java,2,0,1,3,102,145,NoBug
b070962e9b00726d50df951106225fa252b7efeb,enterprise/security/src/test/java/org/neo4j/server/security/enterprise/auth/integration/bolt/EnterpriseAuthenticationTestBase.java,5,0,0,3,223,315,NoBug
b070962e9b00726d50df951106225fa252b7efeb,community/kernel/src/main/java/org/neo4j/kernel/api/security/AuthSubject.java,1,0,5,11,132,211,NoBug
b070962e9b00726d50df951106225fa252b7efeb,enterprise/security/src/test/java/org/neo4j/server/security/enterprise/auth/integration/bolt/LdapAuthenticationIT.java,9,0,13,31,662,1059,NoBug
b070962e9b00726d50df951106225fa252b7efeb,enterprise/kernel/src/main/java/org/neo4j/kernel/enterprise/api/security/EnterpriseAuthSubject.java,2,0,2,2,100,146,NoBug
b070962e9b00726d50df951106225fa252b7efeb,enterprise/security/src/test/java/org/neo4j/server/security/enterprise/auth/NeoInteractionLevel.java,1,0,1,16,36,77,NoBug
b070962e9b00726d50df951106225fa252b7efeb,enterprise/kernel/src/main/java/org/neo4j/kernel/enterprise/builtinprocs/BuiltInProcedures.java,11,0,6,15,390,479,NoBug
b070962e9b00726d50df951106225fa252b7efeb,community/kernel/src/main/java/org/neo4j/kernel/api/ProcedureCallOperations.java,1,0,9,0,21,107,NoBug
b070962e9b00726d50df951106225fa252b7efeb,community/security/src/main/java/org/neo4j/server/security/auth/BasicAuthSubject.java,5,0,1,15,113,163,NoBug
b070962e9b00726d50df951106225fa252b7efeb,enterprise/security/src/main/java/org/neo4j/server/security/enterprise/auth/ShiroAuthorizationInfoProvider.java,1,0,0,2,7,29,NoBug
b070962e9b00726d50df951106225fa252b7efeb,community/kernel/src/main/java/org/neo4j/kernel/api/ReadOperations.java,1,0,52,49,177,570,Bag
b070962e9b00726d50df951106225fa252b7efeb,community/bolt/src/main/java/org/neo4j/bolt/v1/messaging/MessageProcessingHandler.java,6,0,0,0,110,149,NoBug
b070962e9b00726d50df951106225fa252b7efeb,community/bolt/src/main/java/org/neo4j/bolt/v1/runtime/Neo4jError.java,22,0,1,13,148,203,NoBug
b070962e9b00726d50df951106225fa252b7efeb,enterprise/security/src/test/java/org/neo4j/server/security/enterprise/auth/EmbeddedBuiltInProceduresInteractionTest.java,2,0,0,3,145,194,NoBug
b070962e9b00726d50df951106225fa252b7efeb,enterprise/security/src/main/java/org/neo4j/server/security/enterprise/auth/InternalFlatFileRealm.java,52,0,1,26,596,717,NoBug
b070962e9b00726d50df951106225fa252b7efeb,community/kernel/src/main/java/org/neo4j/kernel/impl/api/dbms/NonTransactionalDbmsOperations.java,3,0,0,4,48,75,NoBug
b070962e9b00726d50df951106225fa252b7efeb,enterprise/security/src/test/java/org/neo4j/server/security/enterprise/auth/BoltInteraction.java,18,0,0,0,299,360,NoBug
b070962e9b00726d50df951106225fa252b7efeb,enterprise/security/src/test/java/org/neo4j/server/security/enterprise/auth/AuthScenariosInteractionTestBase.java,2,0,28,3,464,806,NoBug
b070962e9b00726d50df951106225fa252b7efeb,community/bolt/src/test/java/org/neo4j/bolt/v1/runtime/ErrorReporterTest.java,1,0,0,5,74,129,NoBug
b070962e9b00726d50df951106225fa252b7efeb,community/kernel/src/test/java/org/neo4j/kernel/impl/api/security/AccessModeSnapshotTest.java,1,0,0,2,24,49,NoBug
b070962e9b00726d50df951106225fa252b7efeb,community/kernel/src/main/java/org/neo4j/kernel/impl/api/security/WrappedAccessMode.java,1,0,0,0,38,70,NoBug
b070962e9b00726d50df951106225fa252b7efeb,community/kernel/src/main/java/org/neo4j/kernel/impl/api/security/OverriddenAccessMode.java,1,0,1,5,29,59,NoBug
b070962e9b00726d50df951106225fa252b7efeb,community/kernel/src/main/java/org/neo4j/kernel/impl/api/KernelTransactionImplementation.java,42,0,3,24,648,821,Bag
b070962e9b00726d50df951106225fa252b7efeb,community/kernel/src/main/java/org/neo4j/kernel/impl/api/KernelStatement.java,8,0,2,15,186,260,Bag
b070962e9b00726d50df951106225fa252b7efeb,enterprise/security/src/main/java/org/neo4j/server/security/enterprise/auth/AuthProceduresBase.java,5,0,0,4,124,169,NoBug
b070962e9b00726d50df951106225fa252b7efeb,community/kernel/src/main/java/org/neo4j/kernel/impl/api/OperationsFacade.java,21,0,13,147,1363,1610,Bag
b070962e9b00726d50df951106225fa252b7efeb,enterprise/server-enterprise/src/test/java/org/neo4j/server/rest/security/RESTInteraction.java,20,0,0,0,285,343,NoBug
b070962e9b00726d50df951106225fa252b7efeb,community/kernel/src/main/java/org/neo4j/kernel/impl/api/security/AccessModeSnapshot.java,1,0,2,8,61,104,NoBug
b070962e9b00726d50df951106225fa252b7efeb,community/kernel/src/main/java/org/neo4j/kernel/api/security/AccessMode.java,1,0,2,12,166,231,NoBug
b070962e9b00726d50df951106225fa252b7efeb,enterprise/query-logging/src/test/java/org/neo4j/kernel/impl/query/QueryLoggerTest.java,1,0,0,9,212,293,NoBug
b070962e9b00726d50df951106225fa252b7efeb,community/bolt/src/main/java/org/neo4j/bolt/v1/runtime/BoltStateMachine.java,27,0,9,16,585,817,NoBug
b070962e9b00726d50df951106225fa252b7efeb,community/kernel/src/main/java/org/neo4j/kernel/api/ExecutingQuery.java,4,0,1,11,86,128,NoBug
b070962e9b00726d50df951106225fa252b7efeb,community/bolt/src/main/java/org/neo4j/bolt/v1/messaging/BoltResponseMessageHandler.java,1,0,1,5,12,46,NoBug
b070962e9b00726d50df951106225fa252b7efeb,enterprise/security/src/test/java/org/neo4j/server/security/enterprise/auth/ProcedureInteractionTestBase.java,8,0,0,24,568,695,NoBug
b070962e9b00726d50df951106225fa252b7efeb,enterprise/security/src/test/java/org/neo4j/server/security/enterprise/auth/BuiltInProceduresInteractionTestBase.java,9,0,17,30,872,1217,NoBug
b070962e9b00726d50df951106225fa252b7efeb,enterprise/security/src/main/java/org/neo4j/server/security/enterprise/auth/MultiRealmAuthManager.java,24,0,0,0,204,246,NoBug
b070962e9b00726d50df951106225fa252b7efeb,community/bolt/src/main/java/org/neo4j/bolt/v1/messaging/BoltResponseMessageWriter.java,2,0,2,6,65,113,NoBug
b070962e9b00726d50df951106225fa252b7efeb,enterprise/security/src/test/java/org/neo4j/server/security/enterprise/auth/integration/bolt/PluginAuthenticationIT.java,1,0,0,12,176,262,NoBug
b070962e9b00726d50df951106225fa252b7efeb,community/kernel/src/main/java/org/neo4j/kernel/impl/api/security/RestrictedAccessMode.java,4,0,1,5,29,59,NoBug
b070962e9b00726d50df951106225fa252b7efeb,enterprise/security/src/test/java/org/neo4j/server/security/enterprise/auth/EmbeddedInteraction.java,4,0,0,17,140,185,NoBug
b070962e9b00726d50df951106225fa252b7efeb,enterprise/security/src/main/java/org/neo4j/server/security/enterprise/auth/plugin/PluginRealm.java,41,0,0,10,377,456,NoBug
b070962e9b00726d50df951106225fa252b7efeb,community/kernel/src/test/java/org/neo4j/kernel/impl/api/ExecutingQueryListTest.java,1,0,0,4,60,105,NoBug
b070962e9b00726d50df951106225fa252b7efeb,enterprise/security/src/main/java/org/neo4j/server/security/enterprise/auth/LdapRealm.java,49,0,1,7,452,552,NoBug
b070962e9b00726d50df951106225fa252b7efeb,enterprise/security/src/main/java/org/neo4j/server/security/enterprise/auth/StandardEnterpriseAuthSubject.java,15,0,0,0,149,195,NoBug
b14f438bd8198fc3970a4332e7819af1cf65a7cb,community/kernel/src/main/java/org/neo4j/kernel/impl/api/index/IndexPopulationJob.java,15,0,2,5,227,300,NoBug
b14f438bd8198fc3970a4332e7819af1cf65a7cb,community/kernel/src/main/java/org/neo4j/kernel/impl/api/index/IndexStoreView.java,1,0,3,5,20,60,NoBug
b14f438bd8198fc3970a4332e7819af1cf65a7cb,community/kernel/src/main/java/org/neo4j/kernel/impl/api/index/sampling/IndexSamplingControllerFactory.java,2,0,0,3,77,107,NoBug
b14f438bd8198fc3970a4332e7819af1cf65a7cb,community/kernel/src/test/java/org/neo4j/kernel/impl/core/TestRelationshipCount.java,50,0,0,11,523,602,NoBug
b14f438bd8198fc3970a4332e7819af1cf65a7cb,community/kernel/src/main/java/org/neo4j/kernel/impl/transaction/state/NeoStoreIndexStoreView.java,30,0,0,11,330,383,NoBug
b15d7618364e5ff41b4a417f1014cc8e22442925,community/import-tool/src/main/java/org/neo4j/tooling/ImportTool.java,44,0,3,0,613,722,NoBug
b15d7618364e5ff41b4a417f1014cc8e22442925,community/import-tool/src/test/java/org/neo4j/tooling/ImportToolTest.java,50,0,0,34,1225,1498,NoBug
b1fd18fb6f2cfbcf3ed32d071fd02b8dafdbd71c,enterprise/security/src/main/java/org/neo4j/server/security/enterprise/auth/PredefinedRolesBuilder.java,2,0,0,3,56,89,NoBug
b1fd18fb6f2cfbcf3ed32d071fd02b8dafdbd71c,enterprise/security/src/test/java/org/neo4j/server/security/enterprise/auth/LdapRealmTest.java,3,0,0,23,351,480,NoBug
b1fd18fb6f2cfbcf3ed32d071fd02b8dafdbd71c,community/bolt/src/test/java/org/neo4j/bolt/v1/transport/integration/AuthenticationIT.java,3,0,0,16,313,438,NoBug
b1fd18fb6f2cfbcf3ed32d071fd02b8dafdbd71c,enterprise/security/src/main/java/org/neo4j/server/security/enterprise/auth/ShiroAuthenticationInfo.java,6,0,0,5,61,97,NoBug
b1fd18fb6f2cfbcf3ed32d071fd02b8dafdbd71c,enterprise/security/src/main/java/org/neo4j/server/security/enterprise/auth/LdapRealm.java,49,0,1,2,425,520,NoBug
b1fd18fb6f2cfbcf3ed32d071fd02b8dafdbd71c,enterprise/security/src/test/java/org/neo4j/server/security/enterprise/auth/integration/bolt/LdapAuthenticationIT.java,6,0,13,24,559,876,NoBug
b1fd18fb6f2cfbcf3ed32d071fd02b8dafdbd71c,enterprise/security/src/main/java/org/neo4j/server/security/enterprise/auth/SecuritySettings.java,1,0,1,0,118,166,NoBug
b1fd18fb6f2cfbcf3ed32d071fd02b8dafdbd71c,enterprise/security/src/main/java/org/neo4j/server/security/enterprise/auth/InternalFlatFileRealm.java,44,0,0,0,513,631,NoBug
b20f876c8d6413e0e06763bf8e6ccfdba40e6589,integrationtests/src/test/java/org/neo4j/procedure/UserFunctionIT.java,11,0,1,67,817,1072,NoBug
b20f876c8d6413e0e06763bf8e6ccfdba40e6589,community/kernel/src/main/java/org/neo4j/kernel/impl/proc/ProcedureGDSFactory.java,2,0,0,3,60,85,NoBug
b2637970d2f4a46627c83adb107fd615e446bce6,community/cypher/docs/cypher-docs/src/test/java/org/neo4j/cypher/example/JavaExecutionEngineDocTest.java,5,0,0,25,386,507,NoBug
b270d9e0e71e8fa4e4dbce0e79c9a3e8eed6e3bc,community/graph-algo/src/test/java/org/neo4j/graphalgo/path/TestAStar.java,11,0,3,8,276,410,NoBug
b270d9e0e71e8fa4e4dbce0e79c9a3e8eed6e3bc,community/graph-algo/src/main/java/org/neo4j/graphalgo/impl/path/AStar.java,16,0,0,6,259,318,NoBug
b270d9e0e71e8fa4e4dbce0e79c9a3e8eed6e3bc,community/graph-algo/src/test/java/org/neo4j/graphalgo/path/DijkstraTest.java,17,0,0,17,395,583,NoBug
b2b690dbfb4950a6f7b3e0bb41a90419859d89a8,community/server/src/main/java/org/neo4j/server/rest/transactional/Neo4jJsonCodec.java,11,0,0,3,122,153,NoBug
b2b690dbfb4950a6f7b3e0bb41a90419859d89a8,community/server/src/test/java/org/neo4j/server/rest/transactional/Neo4jJsonCodecTest.java,6,0,0,7,103,166,NoBug
b2c5708968f85bd3c931a14592d4262b4610e984,enterprise/query-logging/src/main/java/org/neo4j/kernel/impl/query/QueryLoggerKernelExtension.java,9,0,0,14,124,161,Bag
b2c5708968f85bd3c931a14592d4262b4610e984,enterprise/query-logging/src/test/java/org/neo4j/kernel/impl/query/QueryLoggerIT.java,2,0,0,3,62,92,Bag
b2d52bf60d6299be32a6e2f21ea5106523e7a1ce,enterprise/cypher/cypher/src/test/java/org/neo4j/cypher/internal/javacompat/ExecutionResultTest.java,2,0,0,5,87,150,Bag
b2da05a6131f4238dbb00b61be88d2eef661b278,community/kernel/src/main/java/org/neo4j/kernel/api/exceptions/index/IndexPopulationFailedKernelException.java,1,0,0,3,21,46,NoBug
b2da05a6131f4238dbb00b61be88d2eef661b278,community/kernel/src/test/java/org/neo4j/kernel/api/exceptions/index/IndexPopulationFailedKernelExceptionTest.java,1,0,0,3,39,75,NoBug
b2ef30318aa7859371dd8f25fda317332eb12d4a,enterprise/causal-clustering/src/main/java/org/neo4j/causalclustering/messaging/SenderService.java,7,0,0,5,131,171,NoBug
b2ef30318aa7859371dd8f25fda317332eb12d4a,enterprise/causal-clustering/src/main/java/org/neo4j/causalclustering/messaging/monitoring/MessageQueueMonitor.java,1,0,0,6,10,37,NoBug
b2ef30318aa7859371dd8f25fda317332eb12d4a,enterprise/causal-clustering/src/main/java/org/neo4j/causalclustering/messaging/NonBlockingChannel.java,17,0,0,0,146,199,NoBug
b2ef30318aa7859371dd8f25fda317332eb12d4a,enterprise/metrics/src/test/java/org/neo4j/metrics/source/MessageQueueMonitorMetricTest.java,1,0,0,3,39,76,NoBug
b2ef30318aa7859371dd8f25fda317332eb12d4a,enterprise/metrics/src/main/java/org/neo4j/metrics/source/causalclustering/MessageQueueMonitorMetric.java,3,0,0,6,44,73,NoBug
b353365f238187617b6b4f4f5203fec4dcdef46a,community/server/src/test/java/org/neo4j/server/rest/transactional/integration/QueryResultsSerializationTest.java,3,0,1,33,423,615,NoBug
b384058c51bab0d6cc1a0baf46ff4c5f6277223b,community/kernel/src/test/java/org/neo4j/kernel/impl/store/NeoStoresTest.java,69,0,0,20,1272,1438,Bag
b384058c51bab0d6cc1a0baf46ff4c5f6277223b,community/kernel/src/main/java/org/neo4j/kernel/impl/store/NeoStores.java,26,0,12,13,503,667,NoBug
b384058c51bab0d6cc1a0baf46ff4c5f6277223b,community/kernel/src/main/java/org/neo4j/helpers/Exceptions.java,24,0,1,17,217,281,NoBug
b39f3be7e809376033f6ab4297716f6028b05111,enterprise/metrics/src/main/java/org/neo4j/metrics/MetricsExtension.java,5,0,0,5,61,92,NoBug
b39f3be7e809376033f6ab4297716f6028b05111,enterprise/neo4j-enterprise/src/test/java/org/neo4j/unsafe/impl/batchimport/store/BatchingNeoStoresIT.java,1,0,0,2,39,67,NoBug
b3fe6de9253014a4e84eb42f64e80e236e1b9f43,enterprise/ha/src/test/java/org/neo4j/kernel/ha/TestFailoverWithAdditionalSlaveFailures.java,4,0,0,4,105,150,NoBug
b3fe6de9253014a4e84eb42f64e80e236e1b9f43,enterprise/cluster/src/main/java/org/neo4j/cluster/protocol/cluster/ClusterConfiguration.java,16,0,1,25,230,291,NoBug
b3fe6de9253014a4e84eb42f64e80e236e1b9f43,enterprise/cluster/src/main/java/org/neo4j/cluster/protocol/atomicbroadcast/multipaxos/context/AbstractContextImpl.java,1,0,0,0,98,138,NoBug
b3fe6de9253014a4e84eb42f64e80e236e1b9f43,enterprise/ha/src/test/java/org/neo4j/kernel/ha/TestFailover.java,1,0,0,4,61,102,NoBug
b4307adcf4a7484cddf81b70c7aa03bc811ee966,enterprise/com/src/test/java/org/neo4j/com/storecopy/TransactionCommittingResponseUnpackerTest.java,12,0,1,9,539,684,NoBug
b4307adcf4a7484cddf81b70c7aa03bc811ee966,enterprise/com/src/main/java/org/neo4j/com/storecopy/TransactionCommittingResponseUnpacker.java,12,0,2,15,252,339,NoBug
b4307adcf4a7484cddf81b70c7aa03bc811ee966,community/kernel/src/main/java/org/neo4j/kernel/impl/transaction/log/BatchingTransactionAppender.java,14,0,1,6,307,420,NoBug
b485717961d135d2b10afa59ee8a9ffd1fbce22b,community/import-tool/src/test/java/org/neo4j/tooling/ImportToolTest.java,95,0,0,59,1841,2336,Bag
b485717961d135d2b10afa59ee8a9ffd1fbce22b,community/import-tool/src/main/java/org/neo4j/tooling/ImportTool.java,60,0,3,8,840,995,Bag
b5d40e3b9eaa74e7f71b30760b915a5b6d269193,integrationtests/src/test/java/org/neo4j/procedure/ProcedureIT.java,8,0,0,64,596,800,NoBug
b5d40e3b9eaa74e7f71b30760b915a5b6d269193,community/kernel/src/main/java/org/neo4j/kernel/api/proc/CallableProcedure.java,2,0,3,11,60,107,NoBug
b5d40e3b9eaa74e7f71b30760b915a5b6d269193,community/kernel/src/main/java/org/neo4j/kernel/impl/proc/ProcedureGDSFactory.java,1,0,0,3,52,78,NoBug
b5d40e3b9eaa74e7f71b30760b915a5b6d269193,community/kernel/src/main/java/org/neo4j/kernel/impl/api/OperationsFacade.java,17,0,11,134,1193,1419,Bag
b5d40e3b9eaa74e7f71b30760b915a5b6d269193,community/kernel/src/main/java/org/neo4j/kernel/impl/proc/ProcedureGDBFacadeSPI.java,3,0,0,0,160,204,NoBug
b6501aac03cf70419e94b4cfc160695e4950914a,community/cypher/src/main/java/org/neo4j/cypher/javacompat/QueryStatistics.java,1,0,7,0,33,88,Bag
b66dafa677ef5e4485fdbb3b3223253feee31d8f,community/logging/src/test/java/org/neo4j/logging/FormattedLogProviderTest.java,1,0,0,6,85,138,Bag
b66dafa677ef5e4485fdbb3b3223253feee31d8f,community/logging/src/test/java/org/neo4j/logging/FormattedLogTest.java,2,0,0,9,140,216,Bag
b66dafa677ef5e4485fdbb3b3223253feee31d8f,community/logging/src/main/java/org/neo4j/logging/FormattedLog.java,16,0,29,6,274,504,Bag
b6c43067388099ba9a32e7fa179fd97238b310fa,community/kernel/src/main/java/org/neo4j/kernel/impl/factory/EditionModule.java,10,0,1,2,163,225,Bag
b6debb76ef21a26677bf0b08fd88f3a0130f3806,python-embedded/src/main/java/org/neo4j/cypher/pycompat/ScalaToPythonWrapper.java,4,0,1,2,28,57,Bag
b6ef5a5ba8682db41c6f99c9684e0d559070bce6,community/shell/src/test/java/org/neo4j/shell/TestApps.java,14,0,0,80,1003,1252,Bag
b6ef5a5ba8682db41c6f99c9684e0d559070bce6,community/shell/src/main/java/org/neo4j/shell/kernel/apps/cypher/Dump.java,3,0,0,2,68,98,Bag
b6ef5a5ba8682db41c6f99c9684e0d559070bce6,community/shell/src/main/java/org/neo4j/shell/kernel/apps/cypher/Start.java,7,0,0,2,150,190,Bag
b6ef5a5ba8682db41c6f99c9684e0d559070bce6,community/shell/src/main/java/org/neo4j/shell/kernel/apps/TransactionProvidingApp.java,89,0,7,7,674,837,Bag
b6ef5a5ba8682db41c6f99c9684e0d559070bce6,community/shell/src/main/java/org/neo4j/shell/StartClient.java,46,0,2,0,447,575,Bag
b6fee7ef202489b9092b6db6920bc22f153801b8,community/server/src/test/java/org/neo4j/server/ServerCommandLineArgsTest.java,1,0,0,7,68,116,NoBug
b75312862ad14e94a8960b60449bcabebdebd348,community/server/src/main/java/org/neo4j/server/rest/transactional/TransactionFacade.java,1,0,1,5,41,89,Bag
b75312862ad14e94a8960b60449bcabebdebd348,community/server/src/test/java/org/neo4j/server/rest/transactional/TransactionDocTest.java,3,0,8,1,200,350,Bag
b863b894e728c6ceccb66da8e0dcdaa53d7039c3,community/lucene-index/src/main/java/org/neo4j/kernel/api/impl/index/IndexWriterConfigs.java,2,0,1,2,58,91,Bag
b863b894e728c6ceccb66da8e0dcdaa53d7039c3,integrationtests/src/test/java/org/neo4j/storeupgrade/StoreUpgradeIntegrationTest.java,14,0,0,12,506,601,NoBug
b863b894e728c6ceccb66da8e0dcdaa53d7039c3,community/server/src/test/java/org/neo4j/server/ServerCommandLineArgsTest.java,1,0,0,7,66,114,NoBug
b863b894e728c6ceccb66da8e0dcdaa53d7039c3,community/server/src/main/java/org/neo4j/server/ServerCommandLineArgs.java,1,0,1,3,41,88,NoBug
b863b894e728c6ceccb66da8e0dcdaa53d7039c3,community/server/src/test/java/org/neo4j/server/BaseBootstrapperTest.java,2,0,0,6,92,143,NoBug
b863b894e728c6ceccb66da8e0dcdaa53d7039c3,community/server/src/main/java/org/neo4j/server/Bootstrapper.java,1,0,0,3,9,33,NoBug
b863b894e728c6ceccb66da8e0dcdaa53d7039c3,enterprise/server-enterprise/src/main/java/org/neo4j/server/enterprise/ArbiterEntryPoint.java,3,0,0,4,31,57,NoBug
b863b894e728c6ceccb66da8e0dcdaa53d7039c3,community/server/src/test/java/org/neo4j/server/BlockingBootstrapperTest.java,1,0,0,3,69,110,NoBug
b863b894e728c6ceccb66da8e0dcdaa53d7039c3,enterprise/server-enterprise/src/test/java/org/neo4j/server/enterprise/EnterpriseBootstrapperTest.java,1,0,0,3,63,100,NoBug
b863b894e728c6ceccb66da8e0dcdaa53d7039c3,community/server/src/test/java/org/neo4j/server/integration/StartupLoggingIT.java,7,0,0,7,121,160,NoBug
b863b894e728c6ceccb66da8e0dcdaa53d7039c3,community/server/src/main/java/org/neo4j/server/BlockingBootstrapper.java,3,0,0,4,40,68,NoBug
b863b894e728c6ceccb66da8e0dcdaa53d7039c3,enterprise/server-enterprise/src/main/java/org/neo4j/server/enterprise/ArbiterBootstrapper.java,8,0,0,4,137,184,NoBug
b863b894e728c6ceccb66da8e0dcdaa53d7039c3,community/server/src/main/java/org/neo4j/server/ServerBootstrapper.java,12,0,0,6,147,191,NoBug
b863b894e728c6ceccb66da8e0dcdaa53d7039c3,enterprise/server-enterprise/src/test/java/org/neo4j/server/enterprise/ArbiterBootstrapperTestProxy.java,1,0,0,2,17,45,NoBug
b94896e4b75a06d8982d4c92bc8f62c5e206f0dc,community/kernel/src/main/java/org/neo4j/kernel/impl/api/TwoPhaseNodeForRelationshipLocking.java,10,0,0,0,99,135,Bag
b94896e4b75a06d8982d4c92bc8f62c5e206f0dc,community/kernel/src/test/java/org/neo4j/kernel/impl/api/TwoPhaseNodeForRelationshipLockingTest.java,3,0,0,4,162,218,Bag
b94896e4b75a06d8982d4c92bc8f62c5e206f0dc,community/kernel/src/test/java/org/neo4j/kernel/impl/api/LockingStatementOperationsTest.java,1,0,0,28,396,576,Bag
b94896e4b75a06d8982d4c92bc8f62c5e206f0dc,community/kernel/src/main/java/org/neo4j/kernel/impl/api/LockingStatementOperations.java,5,0,1,49,477,589,Bag
b99bd32c296d051c0faa1e857dc1d10f01a932ac,community/kernel/src/main/java/org/neo4j/graphdb/factory/GraphDatabaseSettings.java,9,0,1,0,383,522,Bag
ba35fd13db9c3e2f6dff33644467f50f85999490,community/collections/src/main/java/org/neo4j/helpers/collection/MapUtil.java,15,0,19,9,234,437,Bag
ba802146bfb948f8ca4bc29d51b2626b9864a1a9,community/security/src/test/java/org/neo4j/server/security/auth/FileUserRepositoryTest.java,6,0,0,12,229,322,NoBug
ba802146bfb948f8ca4bc29d51b2626b9864a1a9,enterprise/security/src/main/java/org/neo4j/server/security/enterprise/auth/FileRoleRepository.java,5,0,1,3,73,107,NoBug
ba802146bfb948f8ca4bc29d51b2626b9864a1a9,enterprise/security/src/test/java/org/neo4j/server/security/enterprise/auth/EmbeddedAuthProceduresInteractionTest.java,1,0,1,1,514,590,NoBug
ba802146bfb948f8ca4bc29d51b2626b9864a1a9,enterprise/security/src/test/java/org/neo4j/server/security/enterprise/auth/EmbeddedInteraction.java,4,0,0,16,135,178,NoBug
ba802146bfb948f8ca4bc29d51b2626b9864a1a9,community/security/src/main/java/org/neo4j/server/security/auth/ListSnapshot.java,1,0,0,5,28,55,NoBug
ba802146bfb948f8ca4bc29d51b2626b9864a1a9,community/collections/src/main/java/org/neo4j/helpers/collection/MapUtil.java,15,0,22,9,257,481,NoBug
ba802146bfb948f8ca4bc29d51b2626b9864a1a9,enterprise/security/src/test/java/org/neo4j/server/security/enterprise/auth/FileRoleRepositoryTest.java,6,0,0,14,243,344,NoBug
ba802146bfb948f8ca4bc29d51b2626b9864a1a9,enterprise/security/src/test/java/org/neo4j/server/security/enterprise/auth/InternalFlatFileRealmTest.java,1,0,0,5,153,210,NoBug
ba802146bfb948f8ca4bc29d51b2626b9864a1a9,community/security/src/main/java/org/neo4j/server/security/auth/FileUserRepository.java,5,0,1,3,73,111,NoBug
ba802146bfb948f8ca4bc29d51b2626b9864a1a9,enterprise/security/src/test/java/org/neo4j/server/security/enterprise/auth/InternalFlatFileRealmIT.java,8,0,0,6,187,247,NoBug
ba802146bfb948f8ca4bc29d51b2626b9864a1a9,enterprise/security/src/main/java/org/neo4j/server/security/enterprise/auth/AbstractRoleRepository.java,23,0,0,12,211,293,NoBug
ba802146bfb948f8ca4bc29d51b2626b9864a1a9,community/security/src/main/java/org/neo4j/server/security/auth/AbstractUserRepository.java,16,0,0,10,152,216,NoBug
ba802146bfb948f8ca4bc29d51b2626b9864a1a9,enterprise/security/src/main/java/org/neo4j/server/security/enterprise/auth/InternalFlatFileRealm.java,50,0,0,0,551,667,NoBug
ba89d06fcc1ed109cfee331cc9a7662a8489c5f8,enterprise/security/src/test/java/org/neo4j/server/security/enterprise/auth/InternalFlatFileRealmIT.java,8,0,0,6,186,246,Bag
ba9c54d5091b67263bd7299711daac5a7ee26e14,community/server/src/test/java/org/neo4j/server/rest/transactional/Neo4jJsonCodecTest.java,6,0,0,8,112,180,NoBug
ba9c54d5091b67263bd7299711daac5a7ee26e14,community/server/src/test/java/org/neo4j/server/rest/repr/MapRepresentationTest.java,1,0,0,6,97,135,NoBug
ba9c54d5091b67263bd7299711daac5a7ee26e14,community/server/src/main/java/org/neo4j/server/rest/repr/MapRepresentation.java,13,0,0,2,79,111,NoBug
ba9c54d5091b67263bd7299711daac5a7ee26e14,community/server/src/main/java/org/neo4j/server/rest/transactional/Neo4jJsonCodec.java,12,0,0,3,123,154,NoBug
bb30ed7a24e299e133a0ada21446c9712625d543,community/kernel/src/main/java/org/neo4j/graphdb/factory/GraphDatabaseSettings.java,9,0,1,0,365,500,Bag
bb9eac07204bd182fa496b144598f582602c7ae4,community/kernel/src/main/java/org/neo4j/graphdb/factory/GraphDatabaseSettings.java,9,0,4,4,460,607,NoBug
bc0d60741a968e6166471057646d76f5c7870598,enterprise/security/src/test/java/org/neo4j/server/security/enterprise/auth/integration/bolt/LdapAuthIT.java,12,0,13,37,807,1248,Bag
bc0d60741a968e6166471057646d76f5c7870598,enterprise/security/src/main/java/org/neo4j/server/security/enterprise/auth/LdapRealm.java,59,0,1,7,514,626,Bag
bc7b4f37bb44042f85bdaf4a1afca4781b1d2394,enterprise/causal-clustering/src/main/java/org/neo4j/causalclustering/discovery/HazelcastDiscoveryServiceFactory.java,3,0,0,3,39,69,NoBug
bcad1b76ce3ad194285f6095394ba6311e84dd81,enterprise/kernel/src/main/java/org/neo4j/kernel/enterprise/builtinprocs/EnterpriseBuiltInDbmsProcedures.java,14,0,7,19,455,553,Bag
bcad1b76ce3ad194285f6095394ba6311e84dd81,enterprise/security/src/test/java/org/neo4j/server/security/enterprise/auth/ConfiguredProceduresTestBase.java,1,0,0,18,206,292,Bag
bdb8a549f55d285edc2f622f7590e63bd280e8ff,enterprise/security/src/main/java/org/neo4j/server/security/enterprise/auth/RoleSerialization.java,12,0,1,3,95,134,Bag
bdb8a549f55d285edc2f622f7590e63bd280e8ff,enterprise/security/src/test/java/org/neo4j/server/security/enterprise/auth/FileRoleRepositoryTest.java,6,0,0,11,192,272,Bag
bebb7e52e9f29786f61487f9ee411868070e6ebb,community/graph-algo/src/main/java/org/neo4j/graphalgo/impl/path/ShortestPath.java,60,0,4,10,577,707,NoBug
bf9bf54bd1a70cc5fb7c4bd0daad8cd9c034d54a,community/kernel/src/test/java/org/neo4j/kernel/impl/event/TestTransactionEvents.java,32,0,0,14,860,1013,Bag
bf9bf54bd1a70cc5fb7c4bd0daad8cd9c034d54a,community/kernel/src/main/java/org/neo4j/kernel/impl/coreapi/TxStateTransactionDataSnapshot.java,21,0,1,13,377,447,Bag
c0173e1ec2fc0bbf2a5797e1bc1a75f320b6facc,community/import-tool/src/main/java/org/neo4j/tooling/ImportTool.java,44,0,3,0,613,722,Bag
c0173e1ec2fc0bbf2a5797e1bc1a75f320b6facc,community/import-tool/src/test/java/org/neo4j/tooling/ImportToolTest.java,47,0,0,31,1138,1390,Bag
c0173e1ec2fc0bbf2a5797e1bc1a75f320b6facc,community/kernel/src/main/java/org/neo4j/kernel/impl/core/NodeManager.java,2,0,4,13,107,155,NoBug
c017fc0e8de10a63ebca559d45a0dd7ffe97a458,community/kernel/src/main/java/org/neo4j/helpers/PortBindException.java,1,0,1,1,10,36,Bag
c017fc0e8de10a63ebca559d45a0dd7ffe97a458,community/server/src/test/java/org/neo4j/server/helpers/CommunityServerBuilder.java,21,0,0,19,294,367,Bag
c017fc0e8de10a63ebca559d45a0dd7ffe97a458,community/server/src/main/java/org/neo4j/server/web/Jetty9WebServer.java,29,0,1,21,434,535,Bag
c017fc0e8de10a63ebca559d45a0dd7ffe97a458,community/server/src/test/java/org/neo4j/server/NeoServerPortConflictDocIT.java,2,0,0,2,47,75,Bag
c0e25bf649503b545354b317a76e96eb796934ae,community/kernel/src/main/java/org/neo4j/kernel/impl/coreapi/StandardRelationshipActions.java,2,0,0,8,66,96,NoBug
c0e25bf649503b545354b317a76e96eb796934ae,community/kernel/src/test/java/org/neo4j/kernel/impl/coreapi/StandardRelationshipActionsTest.java,1,0,0,2,67,100,NoBug
c137a8826e3d36dd2694160f64451e1baf3c16c2,community/neo4j/src/test/java/org/neo4j/index/backup/IndexBackupIT.java,5,0,0,4,196,253,NoBug
c137a8826e3d36dd2694160f64451e1baf3c16c2,community/lucene-index/src/main/java/org/neo4j/kernel/api/impl/index/IndexWriterConfigs.java,2,0,1,2,67,104,NoBug
c137a8826e3d36dd2694160f64451e1baf3c16c2,community/lucene-index/src/main/java/org/neo4j/index/impl/lucene/legacy/WritableIndexReferenceFactory.java,5,0,0,0,69,108,NoBug
c17c5b6eab5ed66601aaa2a57ee5d9a4ddb3a09e,community/primitive-collections/src/main/java/org/neo4j/collection/primitive/PrimitiveArrays.java,46,0,4,0,221,298,NoBug
c17c5b6eab5ed66601aaa2a57ee5d9a4ddb3a09e,enterprise/kernel/src/test/java/org/neo4j/kernel/impl/api/integrationtest/NodeKeyConstraintCreationIT.java,2,0,0,1,64,93,NoBug
c17c5b6eab5ed66601aaa2a57ee5d9a4ddb3a09e,enterprise/kernel/src/test/java/org/neo4j/kernel/enterprise/builtinprocs/ListQueriesProcedureTest.java,7,0,0,13,372,502,NoBug
c17c5b6eab5ed66601aaa2a57ee5d9a4ddb3a09e,enterprise/kernel/src/test/java/org/neo4j/SchemaHelper.java,1,0,0,12,68,103,NoBug
c17c5b6eab5ed66601aaa2a57ee5d9a4ddb3a09e,enterprise/kernel/src/test/java/org/neo4j/kernel/impl/api/integrationtest/PropertyConstraintValidationIT.java,3,0,0,12,311,428,NoBug
c17c5b6eab5ed66601aaa2a57ee5d9a4ddb3a09e,enterprise/kernel/src/test/java/org/neo4j/test/rule/ImpermanentEnterpriseDatabaseRule.java,1,0,0,1,11,33,NoBug
c17c5b6eab5ed66601aaa2a57ee5d9a4ddb3a09e,community/primitive-collections/src/test/java/org/neo4j/collection/primitive/PrimitiveArraysUnionTest.java,7,0,0,4,167,212,NoBug
c1cc6dedba2f5d439027a37c603756de10bba3ea,community/graph-algo/src/test/java/org/neo4j/graphalgo/impl/path/TestShortestPath.java,14,0,1,14,348,510,NoBug
c1cc6dedba2f5d439027a37c603756de10bba3ea,community/graphdb-api/src/main/java/org/neo4j/graphdb/impl/StandardExpander.java,27,0,0,14,771,926,NoBug
c1f7605eb05731fe0b706c50dd830e2421d84166,community/kernel/src/main/java/org/neo4j/kernel/api/security/AuthSubject.java,1,0,4,2,127,199,NoBug
c1f7605eb05731fe0b706c50dd830e2421d84166,enterprise/security/src/main/java/org/neo4j/server/security/enterprise/auth/EnterpriseAuthSubject.java,11,0,0,17,132,176,NoBug
c1f7605eb05731fe0b706c50dd830e2421d84166,enterprise/security/src/main/java/org/neo4j/server/security/enterprise/auth/AuthProcedures.java,21,0,0,25,362,435,NoBug
c1f7605eb05731fe0b706c50dd830e2421d84166,community/kernel/src/main/java/org/neo4j/kernel/impl/api/security/OverriddenAccessMode.java,10,0,0,10,73,104,NoBug
c1f7605eb05731fe0b706c50dd830e2421d84166,enterprise/security/src/test/java/org/neo4j/server/security/enterprise/auth/AuthProceduresTestLogic.java,3,0,24,77,974,1212,NoBug
c1f7605eb05731fe0b706c50dd830e2421d84166,enterprise/security/src/test/java/org/neo4j/server/security/enterprise/auth/AuthTestBase.java,8,0,0,0,411,514,NoBug
c1f7605eb05731fe0b706c50dd830e2421d84166,community/security/src/main/java/org/neo4j/server/security/auth/BasicAuthSubject.java,5,0,1,15,110,160,NoBug
c27173c3f74255b5eaad4563edb24eb005684247,community/csv/src/main/java/org/neo4j/csv/reader/BufferedCharSeeker.java,27,0,1,8,214,273,NoBug
c27173c3f74255b5eaad4563edb24eb005684247,community/csv/src/test/java/org/neo4j/csv/reader/BufferedCharSeekerTest.java,25,0,0,21,383,529,NoBug
c27173c3f74255b5eaad4563edb24eb005684247,community/csv/src/main/java/org/neo4j/csv/reader/Mark.java,3,0,1,5,57,99,NoBug
c287d3fcff4d41dc2fa317c778efc33d6ca11eba,enterprise/security/src/test/java/org/neo4j/server/security/enterprise/auth/BoltInteraction.java,18,0,0,0,294,354,NoBug
c287d3fcff4d41dc2fa317c778efc33d6ca11eba,enterprise/security/src/main/java/org/neo4j/commandline/admin/security/RolesCommand.java,31,0,0,23,333,397,NoBug
c287d3fcff4d41dc2fa317c778efc33d6ca11eba,enterprise/security/src/test/java/org/neo4j/server/security/enterprise/auth/NeoInteractionLevel.java,1,0,1,15,35,75,NoBug
c287d3fcff4d41dc2fa317c778efc33d6ca11eba,enterprise/security/src/main/java/org/neo4j/server/security/enterprise/auth/EnterpriseAuthManagerFactory.java,16,0,1,3,139,199,NoBug
c287d3fcff4d41dc2fa317c778efc33d6ca11eba,enterprise/core-edge/src/main/java/org/neo4j/coreedge/edge/EnterpriseEdgeEditionModule.java,1,0,1,2,210,288,NoBug
c287d3fcff4d41dc2fa317c778efc33d6ca11eba,enterprise/security/src/main/java/org/neo4j/server/security/enterprise/auth/EnterpriseAuthAndUserManager.java,1,0,0,2,8,30,NoBug
c287d3fcff4d41dc2fa317c778efc33d6ca11eba,community/bolt/src/main/java/org/neo4j/bolt/security/auth/Authentication.java,1,0,2,0,6,48,NoBug
c287d3fcff4d41dc2fa317c778efc33d6ca11eba,enterprise/security/src/main/java/org/neo4j/server/security/enterprise/auth/StandardEnterpriseAuthSubject.java,13,0,0,19,142,187,NoBug
c287d3fcff4d41dc2fa317c778efc33d6ca11eba,enterprise/kernel/src/main/java/org/neo4j/kernel/enterprise/api/security/EnterpriseAuthManager.java,1,0,0,3,38,71,NoBug
c287d3fcff4d41dc2fa317c778efc33d6ca11eba,enterprise/security/src/main/java/org/neo4j/server/security/enterprise/auth/MultiRealmAuthManager.java,21,0,0,0,177,217,NoBug
c287d3fcff4d41dc2fa317c778efc33d6ca11eba,enterprise/query-logging/src/test/java/org/neo4j/kernel/impl/query/QueryLoggerIT.java,3,0,0,9,236,321,NoBug
c287d3fcff4d41dc2fa317c778efc33d6ca11eba,enterprise/server-enterprise/src/test/java/org/neo4j/server/rest/security/RESTInteraction.java,20,0,0,0,281,337,NoBug
c287d3fcff4d41dc2fa317c778efc33d6ca11eba,enterprise/security/src/test/java/org/neo4j/server/security/enterprise/auth/EmbeddedInteraction.java,4,0,0,16,139,182,NoBug
c287d3fcff4d41dc2fa317c778efc33d6ca11eba,community/bolt/src/test/java/org/neo4j/bolt/v1/runtime/integration/SessionRule.java,4,0,0,0,116,151,Bag
c287d3fcff4d41dc2fa317c778efc33d6ca11eba,enterprise/kernel/src/main/java/org/neo4j/kernel/impl/enterprise/EnterpriseEditionModule.java,3,0,1,2,83,118,NoBug
c287d3fcff4d41dc2fa317c778efc33d6ca11eba,enterprise/security/src/test/java/org/neo4j/server/security/enterprise/auth/ProcedureInteractionTestBase.java,9,0,0,12,495,614,NoBug
c287d3fcff4d41dc2fa317c778efc33d6ca11eba,enterprise/core-edge/src/main/java/org/neo4j/coreedge/core/EnterpriseCoreEditionModule.java,5,0,1,3,263,346,NoBug
c287d3fcff4d41dc2fa317c778efc33d6ca11eba,enterprise/security/src/test/java/org/neo4j/server/security/enterprise/auth/ThreadedTransaction.java,9,0,0,1,118,153,NoBug
c287d3fcff4d41dc2fa317c778efc33d6ca11eba,enterprise/security/src/test/java/org/neo4j/server/security/enterprise/auth/BuiltInProceduresInteractionTestBase.java,10,0,17,14,736,1049,NoBug
c287d3fcff4d41dc2fa317c778efc33d6ca11eba,enterprise/ha/src/main/java/org/neo4j/kernel/ha/factory/HighlyAvailableEditionModule.java,21,0,1,2,670,883,Bag
c287d3fcff4d41dc2fa317c778efc33d6ca11eba,community/kernel/src/main/java/org/neo4j/kernel/impl/factory/EditionModule.java,10,0,1,2,162,222,Bag
c287d3fcff4d41dc2fa317c778efc33d6ca11eba,community/bolt/src/main/java/org/neo4j/bolt/BoltKernelExtension.java,9,0,1,14,185,282,Bag
c2a95db0bf471e36e256ba6c9933dfd9b7ae333f,community/lucene-index/src/test/java/org/neo4j/index/impl/lucene/legacy/RecoveryTest.java,3,0,1,6,199,263,NoBug
c2a95db0bf471e36e256ba6c9933dfd9b7ae333f,community/lucene-index/src/test/java/org/neo4j/index/impl/lucene/legacy/LuceneDataSourceTest.java,1,0,0,12,221,273,NoBug
c2a95db0bf471e36e256ba6c9933dfd9b7ae333f,community/lucene-index/src/main/java/org/neo4j/index/lucene/LuceneKernelExtension.java,1,0,0,4,38,65,NoBug
c2a95db0bf471e36e256ba6c9933dfd9b7ae333f,community/lucene-index/src/test/java/org/neo4j/index/impl/lucene/legacy/LuceneCommandApplierTest.java,1,0,0,2,65,101,NoBug
c2a95db0bf471e36e256ba6c9933dfd9b7ae333f,community/lucene-index/src/main/java/org/neo4j/index/impl/lucene/legacy/LuceneIndexImplementation.java,15,0,0,13,148,191,NoBug
c2a95db0bf471e36e256ba6c9933dfd9b7ae333f,community/lucene-index/src/main/java/org/neo4j/index/lucene/LuceneKernelExtensionFactory.java,1,0,0,7,31,57,NoBug
c2a95db0bf471e36e256ba6c9933dfd9b7ae333f,community/lucene-index/src/test/java/org/neo4j/index/impl/lucene/legacy/ReadOnlyIndexReferenceFactoryTest.java,1,0,0,4,80,115,NoBug
c2a95db0bf471e36e256ba6c9933dfd9b7ae333f,community/lucene-index/src/main/java/org/neo4j/index/impl/lucene/legacy/LuceneDataSource.java,44,0,2,6,465,553,NoBug
c30824a5ed7eecb37165e7efaec969c9e0253b02,community/lucene-index/src/main/java/org/neo4j/index/impl/lucene/legacy/IndexType.java,43,0,0,7,413,496,NoBug
c30824a5ed7eecb37165e7efaec969c9e0253b02,community/lucene-index/src/test/java/org/neo4j/index/impl/lucene/legacy/AbstractLuceneIndexTest.java,5,0,0,7,138,183,NoBug
c30824a5ed7eecb37165e7efaec969c9e0253b02,community/lucene-index/src/test/java/org/neo4j/index/impl/lucene/legacy/TestLuceneIndex.java,49,0,0,96,1897,2235,NoBug
c3210f0fc4e52a143e70390520fe74b92696b860,community/lucene-index/src/main/java/org/neo4j/index/impl/lucene/legacy/MultipleBackupDeletionPolicy.java,4,0,0,4,40,69,Bag
c3210f0fc4e52a143e70390520fe74b92696b860,community/lucene-index/src/main/java/org/neo4j/index/impl/lucene/legacy/WritableIndexReferenceFactory.java,5,0,0,0,67,106,Bag
c3210f0fc4e52a143e70390520fe74b92696b860,community/lucene-index/src/main/java/org/neo4j/kernel/api/impl/index/IndexWriterConfigs.java,2,0,1,2,66,103,Bag
c353e775cdc9f6f8f000ea5a39ed0e44d6f94b0f,community/io/src/main/java/org/neo4j/io/pagecache/impl/SingleFilePageSwapper.java,64,0,1,14,604,751,NoBug
c366586f4fdcdaed34ad9c6c75c1d22cc13aa771,community/kernel/src/test/java/org/neo4j/kernel/builtinprocs/BuiltInDbmsProceduresIT.java,1,0,0,3,53,91,NoBug
c366586f4fdcdaed34ad9c6c75c1d22cc13aa771,enterprise/kernel/src/main/java/org/neo4j/kernel/enterprise/builtinprocs/EnterpriseBuiltInDbmsProcedures.java,16,0,7,19,405,501,Bag
c366586f4fdcdaed34ad9c6c75c1d22cc13aa771,community/kernel/src/main/java/org/neo4j/kernel/builtinprocs/BuiltInDbmsProcedures.java,2,0,0,6,79,111,Bag
c366586f4fdcdaed34ad9c6c75c1d22cc13aa771,community/kernel/src/test/java/org/neo4j/kernel/builtinprocs/BuiltInProceduresTest.java,4,0,0,11,286,375,NoBug
c37bf7fdec1550e49b863c97fd129d51be614142,enterprise/security/src/main/java/org/neo4j/server/security/enterprise/auth/ShiroAuthManager.java,9,0,0,14,156,218,NoBug
c3a5cbf00866abb108bf34ce2e0680026fdd2025,enterprise/backup/src/test/java/org/neo4j/restore/RestoreDatabaseCommandTest.java,5,0,0,7,152,216,NoBug
c3a5cbf00866abb108bf34ce2e0680026fdd2025,community/kernel/src/main/java/org/neo4j/kernel/internal/locker/StoreLocker.java,10,0,2,2,95,144,NoBug
c3a5cbf00866abb108bf34ce2e0680026fdd2025,community/cypher/cypher/src/test/java/org/neo4j/cypher/GraphDatabaseServiceExecuteTest.java,1,0,0,19,252,359,NoBug
c3a5cbf00866abb108bf34ce2e0680026fdd2025,community/command-line/src/main/java/org/neo4j/commandline/Util.java,5,0,1,6,74,108,NoBug
c3a5cbf00866abb108bf34ce2e0680026fdd2025,community/kernel/src/test/java/org/neo4j/test/TestGraphDatabaseFactory.java,6,0,1,16,264,333,NoBug
c3a5cbf00866abb108bf34ce2e0680026fdd2025,community/kernel/src/test/java/org/neo4j/unsafe/batchinsert/internal/BatchInserterImplTest.java,1,0,0,4,64,102,NoBug
c3a5cbf00866abb108bf34ce2e0680026fdd2025,community/common/src/main/java/org/neo4j/kernel/lifecycle/LifeSupport.java,48,0,7,7,420,534,NoBug
c3a5cbf00866abb108bf34ce2e0680026fdd2025,community/kernel/src/test/java/org/neo4j/kernel/impl/transaction/log/PhysicalLogFileTest.java,5,0,0,8,223,296,NoBug
c3a5cbf00866abb108bf34ce2e0680026fdd2025,community/cypher/cypher/src/test/java/org/neo4j/cypher/DeleteRelationshipStressIT.java,4,0,0,8,101,165,NoBug
c3a5cbf00866abb108bf34ce2e0680026fdd2025,enterprise/causal-clustering/src/main/java/org/neo4j/causalclustering/catchup/storecopy/RemoteStore.java,8,0,1,4,133,193,NoBug
c3a5cbf00866abb108bf34ce2e0680026fdd2025,enterprise/causal-clustering/src/test/java/org/neo4j/causalclustering/core/consensus/log/segmented/SegmentedConcurrentStressIT.java,1,0,0,2,26,50,NoBug
c3a5cbf00866abb108bf34ce2e0680026fdd2025,community/dbms/src/test/java/org/neo4j/commandline/dbms/LoadCommandTest.java,8,0,0,17,266,331,NoBug
c3a5cbf00866abb108bf34ce2e0680026fdd2025,community/kernel/src/test/java/org/neo4j/graphdb/LabelsAcceptanceTest.java,19,0,1,22,607,799,NoBug
c3a5cbf00866abb108bf34ce2e0680026fdd2025,community/io/src/test/java/org/neo4j/io/pagecache/PageCacheTest.java,140,0,2,242,4818,5756,NoBug
c3a5cbf00866abb108bf34ce2e0680026fdd2025,enterprise/causal-clustering/src/test/java/org/neo4j/causalclustering/core/consensus/log/ConcurrentStressIT.java,8,0,0,2,126,172,NoBug
c3a5cbf00866abb108bf34ce2e0680026fdd2025,community/dbms/src/main/java/org/neo4j/commandline/dbms/DumpCommand.java,10,0,0,4,120,157,NoBug
c3a5cbf00866abb108bf34ce2e0680026fdd2025,enterprise/ha/src/test/java/org/neo4j/kernel/ha/cluster/SwitchToSlaveBranchThenCopyTest.java,4,0,0,6,268,359,NoBug
c3a5cbf00866abb108bf34ce2e0680026fdd2025,community/kernel/src/test/java/org/neo4j/kernel/impl/api/store/StorageLayerLabelTest.java,1,0,1,4,61,107,Bag
c3a5cbf00866abb108bf34ce2e0680026fdd2025,community/kernel/src/main/java/org/neo4j/kernel/internal/locker/StoreLockerLifecycleAdapter.java,1,0,0,4,20,45,NoBug
c3a5cbf00866abb108bf34ce2e0680026fdd2025,community/io/src/test/java/org/neo4j/io/fs/FileSystemAbstractionInterruptionTest.java,3,0,0,22,165,217,NoBug
c3a5cbf00866abb108bf34ce2e0680026fdd2025,community/neo4j/src/test/java/visibility/TestDatasourceCommitOrderDataVisibility.java,9,0,0,4,157,204,NoBug
c3a5cbf00866abb108bf34ce2e0680026fdd2025,enterprise/ha/src/test/java/org/neo4j/kernel/ha/cluster/SwitchToSlaveCopyThenBranchTest.java,4,0,0,7,312,416,NoBug
c3a5cbf00866abb108bf34ce2e0680026fdd2025,community/server/src/test/java/org/neo4j/server/rest/web/DatabaseMetadataServiceTest.java,1,0,0,5,79,114,NoBug
c3a5cbf00866abb108bf34ce2e0680026fdd2025,enterprise/causal-clustering/src/test/java/org/neo4j/causalclustering/core/consensus/log/segmented/SegmentedRaftLogPartialEntryRecoveryTest.java,2,0,1,3,141,230,NoBug
c3a5cbf00866abb108bf34ce2e0680026fdd2025,community/monitor-logging/src/test/java/org/neo4j/ext/monitorlogging/MonitorLoggingAcceptanceTest.java,1,0,0,2,30,56,NoBug
c3a5cbf00866abb108bf34ce2e0680026fdd2025,community/dbms/src/test/java/org/neo4j/commandline/dbms/DumpCommandTest.java,9,0,0,21,318,394,NoBug
c3a5cbf00866abb108bf34ce2e0680026fdd2025,enterprise/causal-clustering/src/test/java/org/neo4j/commandline/dbms/UnbindFromClusterCommandTest.java,3,0,0,8,156,218,NoBug
c3a5cbf00866abb108bf34ce2e0680026fdd2025,community/kernel/src/test/java/org/neo4j/graphdb/GraphDatabaseServiceTest.java,7,0,1,10,284,438,NoBug
c3a5cbf00866abb108bf34ce2e0680026fdd2025,community/kernel/src/test/java/org/neo4j/kernel/internal/locker/GlobalStoreLockerTest.java,3,0,0,4,68,101,NoBug
c3a5cbf00866abb108bf34ce2e0680026fdd2025,community/shell/src/test/java/org/neo4j/shell/StartClientIT.java,2,0,0,10,180,256,NoBug
c3a5cbf00866abb108bf34ce2e0680026fdd2025,integrationtests/src/test/java/org/neo4j/ext/udc/impl/UdcExtensionImplTest.java,10,0,3,26,455,605,NoBug
c3a5cbf00866abb108bf34ce2e0680026fdd2025,community/io/src/test/java/org/neo4j/io/pagecache/impl/muninn/MuninnPageCacheTest.java,8,0,0,8,297,368,NoBug
c3a5cbf00866abb108bf34ce2e0680026fdd2025,community/cypher/cypher/src/test/java/org/neo4j/cypher/internal/javacompat/JavaValueCompatibilityTest.java,1,0,0,4,36,65,NoBug
c3a5cbf00866abb108bf34ce2e0680026fdd2025,community/kernel/src/test/java/org/neo4j/kernel/internal/StoreLockerTest.java,10,0,0,10,268,331,NoBug
c3a5cbf00866abb108bf34ce2e0680026fdd2025,community/kernel/src/main/java/org/neo4j/kernel/impl/factory/PlatformModule.java,8,0,1,3,215,314,NoBug
c3a5cbf00866abb108bf34ce2e0680026fdd2025,community/kernel/src/main/java/org/neo4j/unsafe/batchinsert/internal/BatchInserterImpl.java,57,0,0,29,1140,1341,Bag
c3a5cbf00866abb108bf34ce2e0680026fdd2025,community/cypher/cypher/src/test/java/org/neo4j/cypher/CreateIndexStressIT.java,2,0,0,3,58,103,NoBug
c3a5cbf00866abb108bf34ce2e0680026fdd2025,community/common/src/test/java/org/neo4j/kernel/lifecycle/LifeSupportTest.java,18,0,0,25,468,579,NoBug
c3a5cbf00866abb108bf34ce2e0680026fdd2025,community/kernel/src/test/java/org/neo4j/test/ImpermanentGraphDatabase.java,4,0,7,3,146,220,NoBug
c3a5cbf00866abb108bf34ce2e0680026fdd2025,community/cypher/cypher/src/test/java/org/neo4j/cypher/internal/javacompat/CypherLoggingTest.java,1,0,0,4,31,62,NoBug
c3a5cbf00866abb108bf34ce2e0680026fdd2025,community/dbms/src/main/java/org/neo4j/commandline/dbms/StoreLockChecker.java,5,0,0,0,65,103,NoBug
c3a5cbf00866abb108bf34ce2e0680026fdd2025,community/kernel/src/test/java/org/neo4j/kernel/impl/core/TestNeo4jCacheAndPersistence.java,20,0,0,17,467,545,NoBug
c3a5cbf00866abb108bf34ce2e0680026fdd2025,community/kernel/src/main/java/org/neo4j/kernel/internal/locker/GlobalStoreLocker.java,3,0,1,2,42,85,NoBug
c3a5cbf00866abb108bf34ce2e0680026fdd2025,community/lucene-index/src/test/java/org/neo4j/kernel/impl/api/index/IndexingServiceIntegrationTest.java,5,0,0,6,186,239,NoBug
c3a5cbf00866abb108bf34ce2e0680026fdd2025,enterprise/ha/src/main/java/org/neo4j/kernel/ha/cluster/SwitchToSlave.java,26,0,8,1,445,597,NoBug
c46e38b43d2c5f5b824e6db59762b9d410f40c0d,integrationtests/src/test/java/org/neo4j/procedure/ProcedureIT.java,10,0,0,72,718,953,Bag
c48261121c0a573da91dc08aeb791ec39532a5e6,community/shell/src/test/java/org/neo4j/shell/TestApps.java,14,0,1,75,982,1209,NoBug
c48ce29ee0bd0b0cc814415cf860c512fa7daf67,community/server/src/test/java/org/neo4j/server/rest/transactional/integration/TransactionIT.java,10,0,0,34,673,928,NoBug
c4b73f41c621dadf3c18b9f1bb9785f69932d05f,community/kernel/src/main/java/org/neo4j/kernel/impl/store/record/PropertyBlock.java,28,0,2,21,198,259,Bag
c4b73f41c621dadf3c18b9f1bb9785f69932d05f,community/kernel/src/main/java/org/neo4j/kernel/impl/api/store/StoreSinglePropertyCursor.java,4,0,1,4,49,79,Bag
c4b73f41c621dadf3c18b9f1bb9785f69932d05f,community/kernel/src/main/java/org/neo4j/kernel/impl/api/store/LegacyStorePropertyCursor.java,6,0,1,13,95,140,Bag
c4b73f41c621dadf3c18b9f1bb9785f69932d05f,community/kernel/src/main/java/org/neo4j/kernel/impl/api/store/StorePropertyCursor.java,80,0,1,12,549,657,Bag
c4b73f41c621dadf3c18b9f1bb9785f69932d05f,community/kernel/src/main/java/org/neo4j/kernel/impl/api/cursor/TxAbstractPropertyCursor.java,2,0,1,11,83,124,Bag
c4b73f41c621dadf3c18b9f1bb9785f69932d05f,community/kernel/src/test/java/org/neo4j/kernel/impl/api/state/StubCursors.java,12,0,1,10,364,446,Bag
c4b73f41c621dadf3c18b9f1bb9785f69932d05f,community/kernel/src/main/java/org/neo4j/kernel/api/cursor/PropertyItem.java,1,0,8,0,12,69,Bag
c4b73f41c621dadf3c18b9f1bb9785f69932d05f,community/kernel/src/main/java/org/neo4j/kernel/impl/store/PropertyStore.java,67,0,1,41,633,761,Bag
c4f478d13eb6daee59bdee054591cec26f5a7b4d,community/lucene-index/src/main/java/org/neo4j/kernel/api/impl/schema/ValueEncoding.java,6,0,0,0,171,226,Bag
c4f478d13eb6daee59bdee054591cec26f5a7b4d,community/lucene-index/src/main/java/org/neo4j/kernel/api/impl/schema/LuceneDocumentStructure.java,20,0,2,12,249,335,Bag
c4f478d13eb6daee59bdee054591cec26f5a7b4d,community/lucene-index/src/main/java/org/neo4j/kernel/api/impl/schema/verification/PartitionedUniquenessVerifier.java,12,0,1,4,144,217,Bag
c4f478d13eb6daee59bdee054591cec26f5a7b4d,community/lucene-index/src/main/java/org/neo4j/kernel/api/impl/schema/verification/SimpleUniquenessVerifier.java,11,0,1,4,95,135,Bag
c4f478d13eb6daee59bdee054591cec26f5a7b4d,community/lucene-index/src/test/java/org/neo4j/kernel/api/impl/schema/LuceneDocumentStructureTest.java,1,0,0,17,167,256,Bag
c53aab6d4de8c83eda42c64474ec13aa7ecb25f3,enterprise/security/src/test/java/org/neo4j/server/security/enterprise/auth/EmbeddedInteraction.java,4,0,0,16,135,178,Bag
c53aab6d4de8c83eda42c64474ec13aa7ecb25f3,community/bolt/src/main/java/org/neo4j/bolt/v1/runtime/Neo4jError.java,22,0,1,12,126,177,Bag
c53aab6d4de8c83eda42c64474ec13aa7ecb25f3,enterprise/security/src/main/java/org/neo4j/server/security/enterprise/auth/AuthProceduresBase.java,5,0,0,4,125,170,Bag
c53aab6d4de8c83eda42c64474ec13aa7ecb25f3,community/kernel/src/main/java/org/neo4j/kernel/impl/api/KernelTransactionImplementation.java,42,0,3,24,649,822,Bag
c53aab6d4de8c83eda42c64474ec13aa7ecb25f3,enterprise/security/src/test/java/org/neo4j/server/security/enterprise/auth/integration/bolt/PluginAuthenticationIT.java,1,0,0,11,162,241,Bag
c53aab6d4de8c83eda42c64474ec13aa7ecb25f3,enterprise/security/src/test/java/org/neo4j/server/security/enterprise/auth/integration/bolt/EnterpriseAuthenticationTestBase.java,5,0,0,3,192,272,Bag
c53aab6d4de8c83eda42c64474ec13aa7ecb25f3,community/security/src/main/java/org/neo4j/server/security/auth/BasicAuthSubject.java,5,0,1,16,118,169,Bag
c53aab6d4de8c83eda42c64474ec13aa7ecb25f3,community/kernel/src/main/java/org/neo4j/kernel/impl/api/security/OverriddenAccessMode.java,10,0,0,10,73,104,Bag
c53aab6d4de8c83eda42c64474ec13aa7ecb25f3,community/bolt/src/test/java/org/neo4j/bolt/v1/runtime/ErrorReporterTest.java,1,0,0,5,74,129,Bag
c53aab6d4de8c83eda42c64474ec13aa7ecb25f3,enterprise/security/src/main/java/org/neo4j/server/security/enterprise/auth/LdapRealm.java,49,0,1,6,447,546,Bag
c53aab6d4de8c83eda42c64474ec13aa7ecb25f3,community/kernel/src/main/java/org/neo4j/kernel/api/ReadOperations.java,1,0,53,49,178,573,Bag
c53aab6d4de8c83eda42c64474ec13aa7ecb25f3,enterprise/query-logging/src/test/java/org/neo4j/kernel/impl/query/QueryLoggerTest.java,1,0,0,9,213,294,Bag
c53aab6d4de8c83eda42c64474ec13aa7ecb25f3,community/kernel/src/main/java/org/neo4j/kernel/impl/api/OperationsFacade.java,20,0,13,146,1352,1598,Bag
c53aab6d4de8c83eda42c64474ec13aa7ecb25f3,enterprise/security/src/test/java/org/neo4j/server/security/enterprise/auth/NeoInteractionLevel.java,1,0,1,15,35,75,Bag
c53aab6d4de8c83eda42c64474ec13aa7ecb25f3,community/bolt/src/main/java/org/neo4j/bolt/v1/messaging/BoltResponseMessageWriter.java,2,0,2,5,59,106,Bag
c53aab6d4de8c83eda42c64474ec13aa7ecb25f3,enterprise/security/src/test/java/org/neo4j/server/security/enterprise/auth/ProcedureInteractionTestBase.java,9,0,0,16,522,646,Bag
c53aab6d4de8c83eda42c64474ec13aa7ecb25f3,enterprise/security/src/test/java/org/neo4j/server/security/enterprise/auth/BoltInteraction.java,18,0,0,0,294,354,Bag
c53aab6d4de8c83eda42c64474ec13aa7ecb25f3,enterprise/security/src/main/java/org/neo4j/server/security/enterprise/auth/StandardEnterpriseAuthSubject.java,13,0,0,0,139,182,Bag
c53aab6d4de8c83eda42c64474ec13aa7ecb25f3,enterprise/kernel/src/main/java/org/neo4j/kernel/enterprise/api/security/EnterpriseAuthSubject.java,2,0,2,2,100,146,Bag
c53aab6d4de8c83eda42c64474ec13aa7ecb25f3,enterprise/security/src/main/java/org/neo4j/server/security/enterprise/auth/plugin/PluginRealm.java,41,0,0,9,371,449,Bag
c53aab6d4de8c83eda42c64474ec13aa7ecb25f3,enterprise/security/src/test/java/org/neo4j/server/security/enterprise/auth/EmbeddedBuiltInProceduresInteractionTest.java,2,0,0,3,145,194,Bag
c53aab6d4de8c83eda42c64474ec13aa7ecb25f3,community/kernel/src/main/java/org/neo4j/kernel/impl/api/KernelStatement.java,9,0,2,15,190,264,Bag
c53aab6d4de8c83eda42c64474ec13aa7ecb25f3,community/kernel/src/test/java/org/neo4j/kernel/impl/api/ExecutingQueryListTest.java,1,0,0,4,61,106,Bag
c53aab6d4de8c83eda42c64474ec13aa7ecb25f3,enterprise/security/src/test/java/org/neo4j/server/security/enterprise/auth/integration/bolt/LdapAuthenticationIT.java,7,0,13,28,585,910,Bag
c53aab6d4de8c83eda42c64474ec13aa7ecb25f3,enterprise/security/src/main/java/org/neo4j/server/security/enterprise/auth/MultiRealmAuthManager.java,21,0,0,0,184,225,Bag
c53aab6d4de8c83eda42c64474ec13aa7ecb25f3,community/kernel/src/main/java/org/neo4j/kernel/api/security/AccessMode.java,1,0,1,7,278,370,Bag
c53aab6d4de8c83eda42c64474ec13aa7ecb25f3,community/kernel/src/main/java/org/neo4j/kernel/api/security/AuthSubject.java,1,0,7,2,150,243,Bag
c53aab6d4de8c83eda42c64474ec13aa7ecb25f3,community/bolt/src/main/java/org/neo4j/bolt/v1/messaging/BoltResponseMessageHandler.java,1,0,1,4,11,45,Bag
c53aab6d4de8c83eda42c64474ec13aa7ecb25f3,enterprise/security/src/main/java/org/neo4j/server/security/enterprise/auth/InternalFlatFileRealm.java,52,0,1,25,590,710,Bag
c53aab6d4de8c83eda42c64474ec13aa7ecb25f3,enterprise/security/src/test/java/org/neo4j/server/security/enterprise/auth/BuiltInProceduresInteractionTestBase.java,9,0,17,20,757,1088,Bag
c53aab6d4de8c83eda42c64474ec13aa7ecb25f3,community/kernel/src/main/java/org/neo4j/kernel/impl/api/dbms/NonTransactionalDbmsOperations.java,3,0,0,4,47,73,Bag
c53aab6d4de8c83eda42c64474ec13aa7ecb25f3,community/kernel/src/main/java/org/neo4j/kernel/api/ProcedureCallOperations.java,1,0,7,0,20,96,Bag
c53aab6d4de8c83eda42c64474ec13aa7ecb25f3,enterprise/server-enterprise/src/test/java/org/neo4j/server/rest/security/RESTInteraction.java,20,0,0,0,281,337,Bag
c53aab6d4de8c83eda42c64474ec13aa7ecb25f3,enterprise/kernel/src/main/java/org/neo4j/kernel/enterprise/builtinprocs/BuiltInProcedures.java,11,0,6,15,391,480,Bag
c53aab6d4de8c83eda42c64474ec13aa7ecb25f3,community/bolt/src/main/java/org/neo4j/bolt/v1/messaging/MessageProcessingHandler.java,5,0,0,0,103,142,Bag
c53aab6d4de8c83eda42c64474ec13aa7ecb25f3,community/bolt/src/main/java/org/neo4j/bolt/v1/runtime/BoltStateMachine.java,27,0,9,16,585,817,Bag
c53aab6d4de8c83eda42c64474ec13aa7ecb25f3,enterprise/security/src/test/java/org/neo4j/server/security/enterprise/auth/AuthScenariosInteractionTestBase.java,4,0,29,3,495,860,Bag
c53aab6d4de8c83eda42c64474ec13aa7ecb25f3,community/kernel/src/main/java/org/neo4j/kernel/api/ExecutingQuery.java,4,0,1,12,92,136,Bag
c565fd94f62826af7e334282f0975a6f3d0e7f01,community/kernel/src/test/java/org/neo4j/kernel/api/KernelTransactionFactory.java,1,0,0,1,44,68,Bag
c565fd94f62826af7e334282f0975a6f3d0e7f01,community/kernel/src/main/java/org/neo4j/kernel/impl/api/KernelTransactions.java,5,0,3,3,170,256,Bag
c565fd94f62826af7e334282f0975a6f3d0e7f01,community/kernel/src/main/java/org/neo4j/kernel/impl/api/KernelTransactionImplementation.java,65,0,2,18,828,976,Bag
c565fd94f62826af7e334282f0975a6f3d0e7f01,enterprise/ha/src/test/java/org/neo4j/kernel/ha/transaction/TransactionThroughMasterSwitchStressIT.java,7,0,1,1,124,206,Bag
c565fd94f62826af7e334282f0975a6f3d0e7f01,community/kernel/src/test/java/org/neo4j/graphdb/GraphDatabaseServiceTest.java,12,0,0,8,280,363,Bag
c565fd94f62826af7e334282f0975a6f3d0e7f01,community/kernel/src/test/java/org/neo4j/kernel/api/KernelTransactionImplementationTest.java,7,0,0,19,310,417,Bag
c5a808245716a6056afd44bf7a378f77d7825689,community/kernel/src/main/java/org/neo4j/kernel/configuration/docs/SettingsDocumenter.java,12,0,1,3,145,236,NoBug
c5b5d78669dac8e798d3b7239c93623c6b72e2ea,community/kernel/src/main/java/org/neo4j/kernel/impl/api/index/ContractCheckingIndexProxy.java,13,0,1,6,130,197,NoBug
c5b5d78669dac8e798d3b7239c93623c6b72e2ea,community/kernel/src/main/java/org/neo4j/kernel/impl/api/index/IndexingService.java,58,0,6,24,634,830,NoBug
c5b5d78669dac8e798d3b7239c93623c6b72e2ea,community/kernel/src/main/java/org/neo4j/kernel/impl/transaction/log/checkpoint/CheckPointScheduler.java,8,0,0,4,117,159,NoBug
c5b5d78669dac8e798d3b7239c93623c6b72e2ea,community/kernel/src/test/java/org/neo4j/kernel/impl/api/index/IndexingServiceTest.java,14,0,1,25,981,1291,NoBug
c5b5d78669dac8e798d3b7239c93623c6b72e2ea,community/lucene-index/src/test/java/org/neo4j/kernel/impl/api/index/IndexingServiceIntegrationTest.java,3,0,0,4,134,177,NoBug
c5b5d78669dac8e798d3b7239c93623c6b72e2ea,community/kernel/src/main/java/org/neo4j/kernel/impl/api/index/IndexMap.java,3,0,1,10,72,113,NoBug
c5c87f716fd8ab0decf123ee122f5c1afa873b47,integrationtests/src/test/java/org/neo4j/procedure/ProcedureIT.java,10,0,0,136,1232,1645,NoBug
c5c87f716fd8ab0decf123ee122f5c1afa873b47,community/kernel/src/main/java/org/neo4j/kernel/impl/proc/ReflectiveProcedureCompiler.java,31,0,1,3,403,494,NoBug
c6df52ac56269552d27f572a2af61ddce5a9095c,enterprise/causal-clustering/src/main/java/org/neo4j/causalclustering/catchup/storecopy/StoreCopyClient.java,3,0,0,2,73,102,NoBug
c6df52ac56269552d27f572a2af61ddce5a9095c,enterprise/causal-clustering/src/main/java/org/neo4j/causalclustering/catchup/storecopy/FileChunkEncoder.java,1,0,0,1,13,36,NoBug
c6df52ac56269552d27f572a2af61ddce5a9095c,enterprise/causal-clustering/src/main/java/org/neo4j/causalclustering/catchup/storecopy/GetStoreRequestHandler.java,3,0,0,2,57,85,NoBug
c6df52ac56269552d27f572a2af61ddce5a9095c,enterprise/causal-clustering/src/main/java/org/neo4j/causalclustering/catchup/CatchUpResponseAdaptor.java,1,0,0,8,49,78,NoBug
c6df52ac56269552d27f572a2af61ddce5a9095c,enterprise/causal-clustering/src/main/java/org/neo4j/causalclustering/catchup/storecopy/FileHeaderDecoder.java,1,0,0,1,18,42,NoBug
c6df52ac56269552d27f572a2af61ddce5a9095c,enterprise/causal-clustering/src/main/java/org/neo4j/causalclustering/catchup/storecopy/FileSender.java,6,0,0,0,60,99,NoBug
c6df52ac56269552d27f572a2af61ddce5a9095c,enterprise/causal-clustering/src/main/java/org/neo4j/causalclustering/catchup/storecopy/FileHeaderHandler.java,1,0,0,2,27,53,NoBug
c6df52ac56269552d27f572a2af61ddce5a9095c,enterprise/causal-clustering/src/main/java/org/neo4j/causalclustering/catchup/CatchUpResponseHandler.java,1,0,1,7,19,52,NoBug
c6df52ac56269552d27f572a2af61ddce5a9095c,enterprise/causal-clustering/src/main/java/org/neo4j/causalclustering/catchup/CatchUpResponseCallback.java,1,0,0,8,20,49,NoBug
c6df52ac56269552d27f572a2af61ddce5a9095c,enterprise/causal-clustering/src/main/java/org/neo4j/causalclustering/catchup/CatchupServer.java,8,0,0,4,191,238,NoBug
c6df52ac56269552d27f572a2af61ddce5a9095c,enterprise/causal-clustering/src/main/java/org/neo4j/causalclustering/catchup/CatchUpClientChannelPipeline.java,1,0,0,0,73,104,NoBug
c6df52ac56269552d27f572a2af61ddce5a9095c,enterprise/causal-clustering/src/test/java/org/neo4j/causalclustering/catchup/storecopy/FileSenderTest.java,1,0,0,5,95,147,NoBug
c6df52ac56269552d27f572a2af61ddce5a9095c,enterprise/causal-clustering/src/main/java/org/neo4j/causalclustering/catchup/storecopy/FileHeader.java,4,0,0,6,38,65,NoBug
c6df52ac56269552d27f572a2af61ddce5a9095c,enterprise/causal-clustering/src/test/java/org/neo4j/causalclustering/scenarios/ConnectionInfoIT.java,4,0,0,4,112,162,NoBug
c6df52ac56269552d27f572a2af61ddce5a9095c,enterprise/causal-clustering/src/main/java/org/neo4j/causalclustering/catchup/storecopy/FileChunk.java,7,0,0,7,84,119,NoBug
c6df52ac56269552d27f572a2af61ddce5a9095c,enterprise/causal-clustering/src/main/java/org/neo4j/causalclustering/catchup/storecopy/FileChunkHandler.java,2,0,0,2,23,48,NoBug
c6df52ac56269552d27f572a2af61ddce5a9095c,enterprise/causal-clustering/src/main/java/org/neo4j/causalclustering/catchup/storecopy/FileHeaderEncoder.java,1,0,0,1,16,39,NoBug
c6df52ac56269552d27f572a2af61ddce5a9095c,enterprise/causal-clustering/src/main/java/org/neo4j/causalclustering/catchup/storecopy/FileChunkDecoder.java,1,0,1,0,14,44,NoBug
c6df52ac56269552d27f572a2af61ddce5a9095c,enterprise/causal-clustering/src/main/java/org/neo4j/causalclustering/catchup/TrackingResponseHandler.java,8,0,0,0,103,137,NoBug
c6df52ac56269552d27f572a2af61ddce5a9095c,enterprise/causal-clustering/src/test/java/org/neo4j/causalclustering/scenarios/ConvertNonCausalClusteringStoreIT.java,3,0,0,3,74,119,NoBug
c6df52ac56269552d27f572a2af61ddce5a9095c,enterprise/causal-clustering/src/main/java/org/neo4j/causalclustering/core/server/CoreServerModule.java,2,0,0,2,155,206,NoBug
c77e579b40b0208720d51c5db0a07cb433249447,enterprise/core-edge/src/main/java/org/neo4j/coreedge/catchup/tx/BatchingTxApplier.java,8,0,2,3,118,171,Bag
c77e579b40b0208720d51c5db0a07cb433249447,enterprise/core-edge/src/test/java/org/neo4j/coreedge/catchup/tx/BatchingTxApplierTest.java,3,0,0,9,133,193,Bag
c78d5b9a732e8512a6136e4194de35dbffdeaca6,enterprise/causal-clustering/src/test/java/org/neo4j/causalclustering/backup/ClusterSeedingIT.java,3,0,0,5,89,135,Bag
c78d5b9a732e8512a6136e4194de35dbffdeaca6,community/kernel/src/main/java/org/neo4j/kernel/recovery/Recovery.java,5,0,1,13,80,125,Bag
c78d5b9a732e8512a6136e4194de35dbffdeaca6,enterprise/causal-clustering/src/test/java/org/neo4j/causalclustering/core/state/machines/CoreStateMachinesTest.java,4,0,0,4,132,189,Bag
c78d5b9a732e8512a6136e4194de35dbffdeaca6,enterprise/causal-clustering/src/test/java/org/neo4j/causalclustering/catchup/tx/CatchupPollingProcessTest.java,1,0,0,9,158,237,Bag
c78d5b9a732e8512a6136e4194de35dbffdeaca6,enterprise/causal-clustering/src/main/java/org/neo4j/causalclustering/core/EnterpriseCoreEditionModule.java,5,0,1,4,252,331,Bag
c78d5b9a732e8512a6136e4194de35dbffdeaca6,enterprise/causal-clustering/src/main/java/org/neo4j/causalclustering/catchup/storecopy/LocalDatabase.java,7,0,0,15,151,193,Bag
c78d5b9a732e8512a6136e4194de35dbffdeaca6,enterprise/causal-clustering/src/test/java/org/neo4j/causalclustering/readreplica/ReadReplicaStartupProcessTest.java,2,0,0,6,114,170,Bag
c78d5b9a732e8512a6136e4194de35dbffdeaca6,enterprise/causal-clustering/src/test/java/org/neo4j/causalclustering/discovery/Cluster.java,28,0,3,30,407,563,Bag
c78d5b9a732e8512a6136e4194de35dbffdeaca6,enterprise/causal-clustering/src/main/java/org/neo4j/causalclustering/core/state/machines/CoreStateMachines.java,4,0,0,6,142,190,Bag
c78d5b9a732e8512a6136e4194de35dbffdeaca6,enterprise/causal-clustering/src/main/java/org/neo4j/causalclustering/core/server/CoreServerModule.java,2,0,0,2,155,209,Bag
c78d5b9a732e8512a6136e4194de35dbffdeaca6,community/kernel/src/main/java/org/neo4j/kernel/recovery/DefaultRecoverySPI.java,1,0,0,7,101,142,Bag
c78d5b9a732e8512a6136e4194de35dbffdeaca6,enterprise/causal-clustering/src/main/java/org/neo4j/causalclustering/readreplica/ReadReplicaStartupProcess.java,11,0,0,0,161,200,Bag
c78d5b9a732e8512a6136e4194de35dbffdeaca6,enterprise/causal-clustering/src/test/java/org/neo4j/causalclustering/core/state/snapshot/CoreStateDownloaderTest.java,2,0,0,7,107,167,Bag
c78d5b9a732e8512a6136e4194de35dbffdeaca6,enterprise/causal-clustering/src/main/java/org/neo4j/causalclustering/catchup/tx/TransactionLogCatchUpWriter.java,5,0,0,3,90,134,Bag
c78d5b9a732e8512a6136e4194de35dbffdeaca6,community/kernel/src/test/java/org/neo4j/kernel/RecoveryTest.java,3,0,0,5,312,404,Bag
c78d5b9a732e8512a6136e4194de35dbffdeaca6,enterprise/causal-clustering/src/main/java/org/neo4j/causalclustering/core/state/snapshot/CoreStateDownloader.java,8,0,0,3,101,148,Bag
c78d5b9a732e8512a6136e4194de35dbffdeaca6,enterprise/causal-clustering/src/main/java/org/neo4j/causalclustering/readreplica/EnterpriseReadReplicaEditionModule.java,2,0,1,2,214,289,Bag
c78d5b9a732e8512a6136e4194de35dbffdeaca6,enterprise/causal-clustering/src/main/java/org/neo4j/causalclustering/catchup/tx/CatchupPollingProcess.java,19,0,1,5,283,348,Bag
c78d5b9a732e8512a6136e4194de35dbffdeaca6,enterprise/causal-clustering/src/main/java/org/neo4j/causalclustering/core/state/machines/CoreStateMachinesModule.java,1,0,0,2,178,235,Bag
c78d5b9a732e8512a6136e4194de35dbffdeaca6,enterprise/causal-clustering/src/main/java/org/neo4j/causalclustering/core/state/CoreState.java,8,0,0,11,152,208,Bag
c7a8dc3030bed341b67c12175bc0e9e7dd0b84bb,community/kernel/src/main/java/org/neo4j/kernel/impl/coreapi/PlaceboTransaction.java,2,0,0,11,68,101,Bag
c7a8dc3030bed341b67c12175bc0e9e7dd0b84bb,community/kernel/src/test/java/org/neo4j/graphdb/GraphDatabaseServiceTest.java,11,0,1,8,299,391,Bag
c7f639a505e07a63948b50208d53357d2a62d096,community/kernel/src/test/java/org/neo4j/kernel/impl/storageengine/impl/recordstorage/RecordStorageEngineTest.java,3,0,0,6,164,212,NoBug
c7f639a505e07a63948b50208d53357d2a62d096,community/kernel/src/test/java/org/neo4j/kernel/impl/storageengine/impl/recordstorage/RecordStorageEngineRule.java,3,0,2,8,177,231,NoBug
c7f639a505e07a63948b50208d53357d2a62d096,community/kernel/src/main/java/org/neo4j/kernel/impl/storageengine/impl/recordstorage/RecordStorageEngine.java,15,0,1,18,431,525,Bag
c82beffff5c25bf973370a9c12bea14888531341,community/graph-algo/src/test/java/org/neo4j/graphalgo/path/GeoDataGenerator.java,12,0,1,5,187,245,NoBug
c82beffff5c25bf973370a9c12bea14888531341,community/graph-algo/src/test/java/org/neo4j/graphalgo/path/TestAStar.java,10,0,3,6,253,358,NoBug
c82beffff5c25bf973370a9c12bea14888531341,community/graph-algo/src/main/java/org/neo4j/graphalgo/impl/util/PriorityMap.java,9,0,3,12,200,270,NoBug
c82beffff5c25bf973370a9c12bea14888531341,community/graph-algo/src/test/java/org/neo4j/graphalgo/path/AStarPerformanceIT.java,4,0,0,2,71,104,NoBug
c82beffff5c25bf973370a9c12bea14888531341,community/graph-algo/src/test/java/org/neo4j/graphalgo/impl/util/TestPriorityMap.java,1,0,0,3,58,100,NoBug
c82beffff5c25bf973370a9c12bea14888531341,community/graph-algo/src/main/java/org/neo4j/graphalgo/impl/path/AStar.java,15,0,0,6,249,307,NoBug
c83cbb3940c636ca45e134d31afefe760b35da39,enterprise/security/src/test/java/org/neo4j/server/security/enterprise/auth/ShiroAuthManagerTest.java,7,0,0,22,299,451,NoBug
c83cbb3940c636ca45e134d31afefe760b35da39,enterprise/security/src/main/java/org/neo4j/server/security/enterprise/auth/ShiroAuthSubject.java,7,0,0,11,93,130,NoBug
c83cbb3940c636ca45e134d31afefe760b35da39,enterprise/security/src/main/java/org/neo4j/server/security/enterprise/auth/ShiroAuthManager.java,9,0,0,14,156,218,NoBug
c852f3cb64cc47cfc9877bc1bb4e1224ca111a06,community/cypher/compatibility-suite/src/test/java/cypher/FeatureSuiteTest.java,1,0,0,3,38,61,Bag
c8fe3617f9a1395c358849b0fb4474c62f945aa6,community/lucene-index/src/main/java/org/neo4j/index/impl/lucene/legacy/LuceneDataSource.java,52,0,2,6,535,647,Bag
c8fe3617f9a1395c358849b0fb4474c62f945aa6,community/lucene-index/src/main/java/org/neo4j/index/impl/lucene/legacy/IndexReference.java,10,0,0,0,96,140,Bag
c8fe3617f9a1395c358849b0fb4474c62f945aa6,community/lucene-index/src/test/java/org/neo4j/index/impl/lucene/legacy/LuceneDataSourceTest.java,1,0,0,8,149,186,Bag
c8fe3617f9a1395c358849b0fb4474c62f945aa6,community/kernel/src/test/java/org/neo4j/test/CleanupRule.java,7,0,1,2,72,121,Bag
c8fe3617f9a1395c358849b0fb4474c62f945aa6,community/lucene-index/src/main/java/org/neo4j/index/impl/lucene/legacy/IndexClockCache.java,2,0,0,3,22,45,Bag
c94158c10839d957869bca2e9d7a7a75fccef4e5,enterprise/cypher/cypher/src/test/java/org/neo4j/cypher/internal/javacompat/ExecutionResultTest.java,2,0,0,13,175,278,NoBug
c9b32fdae609ff120e0f3c296861ae442af3228b,community/kernel/src/test/java/org/neo4j/kernel/impl/api/TwoPhaseNodeForRelationshipLockingTest.java,3,0,0,3,151,204,Bag
c9b32fdae609ff120e0f3c296861ae442af3228b,community/kernel/src/main/java/org/neo4j/kernel/impl/api/TwoPhaseNodeForRelationshipLocking.java,9,0,0,0,89,131,Bag
c9b32fdae609ff120e0f3c296861ae442af3228b,community/kernel/src/main/java/org/neo4j/kernel/impl/api/LockingStatementOperations.java,6,0,1,46,447,560,Bag
c9b32fdae609ff120e0f3c296861ae442af3228b,community/kernel/src/test/java/org/neo4j/kernel/impl/api/LockingStatementOperationsTest.java,1,0,0,26,326,505,Bag
c9b32fdae609ff120e0f3c296861ae442af3228b,community/kernel/src/test/java/org/neo4j/kernel/impl/api/OperationsFacadeTest.java,1,0,0,4,87,124,Bag
c9b32fdae609ff120e0f3c296861ae442af3228b,community/kernel/src/main/java/org/neo4j/kernel/impl/api/OperationsFacade.java,17,0,11,135,1221,1448,Bag
ca6ff07a6e1174ec730d827abd37e10d123bfae8,packaging/neo4j-desktop/src/main/java/org/neo4j/desktop/model/DesktopModel.java,13,0,0,17,159,210,NoBug
ca6ff07a6e1174ec730d827abd37e10d123bfae8,packaging/neo4j-desktop/src/main/java/org/neo4j/desktop/runtime/DesktopConfigurator.java,1,0,0,7,50,81,NoBug
cab0cc86c4488fea80aa4901dbd31b22666830b7,community/bolt/src/test/java/org/neo4j/bolt/v1/transport/socket/client/SocketConnection.java,8,0,0,9,80,114,NoBug
cab0cc86c4488fea80aa4901dbd31b22666830b7,community/bolt/src/test/java/org/neo4j/bolt/v1/transport/socket/client/SocketConnectionTest.java,1,0,0,4,61,106,NoBug
cad4bb9112a81f549b9a13dbfee451f4d17d8d23,community/kernel/src/test/java/org/neo4j/kernel/configuration/SettingsTest.java,1,0,0,4,25,53,NoBug
cad4bb9112a81f549b9a13dbfee451f4d17d8d23,community/kernel/src/test/java/org/neo4j/kernel/impl/security/FileURLAccessRuleTest.java,4,0,0,5,67,95,NoBug
cad4bb9112a81f549b9a13dbfee451f4d17d8d23,community/kernel/src/test/java/org/neo4j/kernel/configuration/docs/SettingsDocumenterTest.java,1,0,0,7,232,286,NoBug
cb0be74488f0e16e3d909f3becb79ccd51704ab3,enterprise/core-edge/src/test/java/org/neo4j/coreedge/discovery/Cluster.java,28,0,1,27,398,497,Bag
cb676a74e274d338a08434ff0d67e50fc7fca2ca,enterprise/causal-clustering/src/main/java/org/neo4j/causalclustering/core/state/snapshot/CoreStateDownloader.java,8,0,0,3,101,148,NoBug
cbdf8db999e1dbb1a49dc1123839cbe4d61703ac,community/kernel/src/main/java/org/neo4j/kernel/impl/api/LookupFilter.java,5,0,3,0,90,136,NoBug
cc0ba94bf17cf529234b73be115bf369e7de0c55,enterprise/ha/src/test/java/org/neo4j/kernel/ha/cluster/SwitchToSlaveTest.java,3,0,0,5,222,290,NoBug
cc0ba94bf17cf529234b73be115bf369e7de0c55,enterprise/ha/src/main/java/org/neo4j/kernel/ha/com/slave/MasterClientResolver.java,5,0,0,4,140,180,NoBug
cc0ba94bf17cf529234b73be115bf369e7de0c55,enterprise/ha/src/test/java/org/neo4j/ha/upgrade/MasterClientTest.java,2,0,0,3,245,306,NoBug
cc0ba94bf17cf529234b73be115bf369e7de0c55,enterprise/backup/src/test/java/org/neo4j/backup/BackupProtocolTest.java,1,0,0,4,81,117,NoBug
cc0ba94bf17cf529234b73be115bf369e7de0c55,enterprise/ha/src/main/java/org/neo4j/kernel/ha/com/master/SlaveFactory.java,1,0,0,3,9,32,NoBug
cc0ba94bf17cf529234b73be115bf369e7de0c55,enterprise/ha/src/test/java/org/neo4j/kernel/ha/cluster/HighAvailabilityMemberStateMachineTest.java,2,0,0,11,522,689,NoBug
cc0ba94bf17cf529234b73be115bf369e7de0c55,enterprise/ha/src/main/java/org/neo4j/kernel/ha/cluster/member/HighAvailabilitySlaves.java,3,0,1,6,102,142,NoBug
cc0ba94bf17cf529234b73be115bf369e7de0c55,enterprise/backup/src/main/java/org/neo4j/backup/BackupService.java,23,0,0,0,376,453,NoBug
cc0ba94bf17cf529234b73be115bf369e7de0c55,enterprise/ha/src/main/java/org/neo4j/kernel/ha/HighlyAvailableGraphDatabase.java,19,0,1,13,629,760,NoBug
cc0ba94bf17cf529234b73be115bf369e7de0c55,enterprise/com/src/test/java/org/neo4j/com/MadeUpClient.java,2,0,0,8,164,199,NoBug
cc0ba94bf17cf529234b73be115bf369e7de0c55,enterprise/ha/src/main/java/org/neo4j/kernel/ha/cluster/SwitchToSlave.java,25,0,1,9,452,578,NoBug
cc0ba94bf17cf529234b73be115bf369e7de0c55,enterprise/backup/src/main/java/org/neo4j/backup/BackupClient.java,5,0,0,0,121,160,NoBug
cc0ba94bf17cf529234b73be115bf369e7de0c55,enterprise/ha/src/test/java/org/neo4j/kernel/ha/com/slave/MasterClientResolverTest.java,1,0,0,2,51,83,NoBug
cc0ba94bf17cf529234b73be115bf369e7de0c55,enterprise/com/src/main/java/org/neo4j/com/Client.java,15,0,1,6,299,391,NoBug
cc0ba94bf17cf529234b73be115bf369e7de0c55,enterprise/ha/src/test/java/org/neo4j/kernel/ha/cluster/member/HighAvailabilitySlavesTest.java,6,0,0,6,161,230,NoBug
cc0ba94bf17cf529234b73be115bf369e7de0c55,enterprise/ha/src/main/java/org/neo4j/kernel/ha/com/master/SlaveClient.java,1,0,0,9,99,134,NoBug
cc0ba94bf17cf529234b73be115bf369e7de0c55,enterprise/ha/src/main/java/org/neo4j/kernel/ha/com/master/DefaultSlaveFactory.java,1,0,0,4,35,60,NoBug
cc0ba94bf17cf529234b73be115bf369e7de0c55,enterprise/ha/src/main/java/org/neo4j/kernel/ha/MasterClient214.java,1,0,0,3,33,59,NoBug
cc0ba94bf17cf529234b73be115bf369e7de0c55,enterprise/ha/src/main/java/org/neo4j/kernel/ha/com/slave/MasterClientFactory.java,1,0,0,2,9,31,NoBug
cc0ba94bf17cf529234b73be115bf369e7de0c55,enterprise/ha/src/main/java/org/neo4j/kernel/ha/MasterClient210.java,6,0,1,16,297,362,NoBug
cc0ba94bf17cf529234b73be115bf369e7de0c55,enterprise/cluster/src/main/java/org/neo4j/cluster/com/NetworkSender.java,25,0,2,18,373,480,NoBug
cc4cfe4680328ea8f5e8b56ce68a9c69d2bf5c10,community/lucene-index/src/test/java/org/neo4j/kernel/api/impl/index/DatabaseIndexIntegrationTest.java,7,0,0,7,266,363,NoBug
cc4cfe4680328ea8f5e8b56ce68a9c69d2bf5c10,community/lucene-index/src/main/java/org/neo4j/index/impl/lucene/legacy/FullTxData.java,40,0,0,0,338,424,NoBug
cc4cfe4680328ea8f5e8b56ce68a9c69d2bf5c10,community/lucene-index/src/main/java/org/neo4j/kernel/api/impl/index/WritableAbstractDatabaseIndex.java,1,0,15,1,142,233,NoBug
cc70fd2dec3bdb31ecd79c7e164b1b11b85a77c2,community/neo4j-harness/src/main/java/org/neo4j/harness/TestServerBuilder.java,1,0,11,0,19,119,Bag
cc70fd2dec3bdb31ecd79c7e164b1b11b85a77c2,integrationtests/src/test/java/org/neo4j/procedure/UserFunctionIT.java,10,0,0,65,717,957,Bag
cc70fd2dec3bdb31ecd79c7e164b1b11b85a77c2,community/neo4j-harness/src/test/java/org/neo4j/harness/JavaProceduresTest.java,2,0,2,34,261,341,Bag
cc70fd2dec3bdb31ecd79c7e164b1b11b85a77c2,community/neo4j-harness/src/main/java/org/neo4j/harness/internal/AbstractInProcessServerBuilder.java,7,0,0,12,223,284,Bag
cc70fd2dec3bdb31ecd79c7e164b1b11b85a77c2,community/neo4j-harness/src/main/java/org/neo4j/harness/junit/Neo4jRule.java,4,0,1,18,134,185,Bag
cc70fd2dec3bdb31ecd79c7e164b1b11b85a77c2,community/neo4j-harness/src/main/java/org/neo4j/harness/internal/HarnessRegisteredProcs.java,2,0,0,3,21,46,Bag
cca9e04725e7ae20ba97e57506c0a33d2bdf691c,enterprise/causal-clustering/src/test/java/org/neo4j/causalclustering/core/consensus/log/segmented/TermsTest.java,8,0,0,16,290,435,Bag
cca9e04725e7ae20ba97e57506c0a33d2bdf691c,enterprise/causal-clustering/src/main/java/org/neo4j/causalclustering/core/consensus/log/segmented/Terms.java,16,0,1,0,107,173,Bag
cca9e04725e7ae20ba97e57506c0a33d2bdf691c,enterprise/causal-clustering/src/main/java/org/neo4j/causalclustering/core/consensus/outcome/RaftLogCommand.java,1,0,0,8,18,44,NoBug
cca9e04725e7ae20ba97e57506c0a33d2bdf691c,enterprise/causal-clustering/src/main/java/org/neo4j/causalclustering/core/consensus/outcome/PruneLogCommand.java,4,0,0,8,51,82,NoBug
cca9e04725e7ae20ba97e57506c0a33d2bdf691c,enterprise/causal-clustering/src/main/java/org/neo4j/causalclustering/core/consensus/membership/RaftMembershipManager.java,17,0,1,15,229,332,NoBug
cca9e04725e7ae20ba97e57506c0a33d2bdf691c,enterprise/causal-clustering/src/main/java/org/neo4j/causalclustering/core/consensus/roles/Appending.java,14,0,0,0,98,145,NoBug
cca9e04725e7ae20ba97e57506c0a33d2bdf691c,enterprise/causal-clustering/src/main/java/org/neo4j/causalclustering/core/consensus/roles/Follower.java,14,0,0,0,90,135,NoBug
cca9e04725e7ae20ba97e57506c0a33d2bdf691c,enterprise/causal-clustering/src/test/java/org/neo4j/causalclustering/core/consensus/roles/PruningTest.java,1,0,0,3,48,82,NoBug
cca9e04725e7ae20ba97e57506c0a33d2bdf691c,enterprise/causal-clustering/src/main/java/org/neo4j/causalclustering/core/state/CommandApplicationProcess.java,14,0,0,6,246,351,NoBug
cca9e04725e7ae20ba97e57506c0a33d2bdf691c,enterprise/causal-clustering/src/main/java/org/neo4j/causalclustering/core/consensus/roles/Candidate.java,16,0,0,0,118,161,NoBug
cca9e04725e7ae20ba97e57506c0a33d2bdf691c,enterprise/causal-clustering/src/main/java/org/neo4j/causalclustering/core/consensus/roles/Leader.java,26,0,0,2,212,286,NoBug
cca9e04725e7ae20ba97e57506c0a33d2bdf691c,enterprise/causal-clustering/src/main/java/org/neo4j/causalclustering/core/state/CoreState.java,8,0,0,11,152,208,NoBug
cca9e04725e7ae20ba97e57506c0a33d2bdf691c,enterprise/causal-clustering/src/main/java/org/neo4j/causalclustering/core/consensus/roles/Pruning.java,1,0,0,0,11,33,NoBug
cca9e04725e7ae20ba97e57506c0a33d2bdf691c,enterprise/causal-clustering/src/main/java/org/neo4j/causalclustering/core/consensus/RaftMessages.java,65,0,0,105,670,808,NoBug
ccb2804c16d7ed7a3d2147bf90b2b9633e694179,community/kernel/src/main/java/org/neo4j/kernel/logging/LogbackService.java,9,0,1,5,221,289,NoBug
ccb2804c16d7ed7a3d2147bf90b2b9633e694179,packaging/neo4j-desktop/src/test/java/org/neo4j/desktop/runtime/DesktopConfiguratorTest.java,1,0,0,4,36,71,NoBug
ccb2804c16d7ed7a3d2147bf90b2b9633e694179,packaging/neo4j-desktop/src/main/java/org/neo4j/desktop/runtime/DesktopConfigurator.java,2,0,0,11,79,121,NoBug
ccb2804c16d7ed7a3d2147bf90b2b9633e694179,packaging/neo4j-desktop/src/test/java/org/neo4j/desktop/runtime/DatabaseActionsTest.java,1,0,0,3,55,93,NoBug
ccd3d927c89ae6fcf56275d55f865596cffae5a6,enterprise/core-edge/src/main/java/org/neo4j/coreedge/raft/replication/id/ReplicatedIdGenerator.java,4,0,0,13,116,156,NoBug
ccdd0e1dcb4122c0d9f8677122dd401f56b6b704,community/kernel/src/test/java/org/neo4j/kernel/impl/core/TestRelationshipCount.java,50,0,0,11,523,604,Bag
ccdd0e1dcb4122c0d9f8677122dd401f56b6b704,community/kernel/src/main/java/org/neo4j/kernel/impl/api/index/IndexStoreView.java,1,0,3,6,22,64,Bag
ccdd0e1dcb4122c0d9f8677122dd401f56b6b704,community/kernel/src/main/java/org/neo4j/kernel/impl/api/index/IndexPopulationJob.java,15,0,2,5,228,301,Bag
ccdd0e1dcb4122c0d9f8677122dd401f56b6b704,community/kernel/src/main/java/org/neo4j/kernel/impl/transaction/state/NeoStoreIndexStoreView.java,30,0,0,12,335,389,Bag
ccdd0e1dcb4122c0d9f8677122dd401f56b6b704,community/kernel/src/main/java/org/neo4j/kernel/impl/api/index/sampling/IndexSamplingControllerFactory.java,2,0,0,3,77,107,Bag
cd0275128c4f352086eda4f6c07afac2a812bc9a,community/kernel/src/main/java/org/neo4j/helpers/Exceptions.java,23,0,1,16,212,275,Bag
cd0275128c4f352086eda4f6c07afac2a812bc9a,community/kernel/src/main/java/org/neo4j/kernel/impl/store/NeoStores.java,24,0,12,13,484,647,Bag
cd0275128c4f352086eda4f6c07afac2a812bc9a,community/kernel/src/test/java/org/neo4j/kernel/impl/store/NeoStoresTest.java,67,0,0,19,1236,1393,Bag
cd1902ea5d65eb1c89fb5dc78d39603f924d6cba,enterprise/causal-clustering/src/main/java/org/neo4j/causalclustering/discovery/HazelcastCoreTopologyService.java,5,0,0,0,229,288,Bag
cdb0aa228c0b982e175dfe5280b0d18aa4256c7f,community/kernel/src/test/java/org/neo4j/graphdb/impl/notification/NotificationCodeTest.java,1,0,0,3,43,72,NoBug
cdb0aa228c0b982e175dfe5280b0d18aa4256c7f,community/kernel/src/test/java/org/neo4j/graphdb/impl/notification/NotificationDetailTest.java,1,0,0,4,38,67,NoBug
cdb0aa228c0b982e175dfe5280b0d18aa4256c7f,community/kernel/src/main/java/org/neo4j/graphdb/impl/notification/NotificationDetail.java,4,0,0,6,52,80,NoBug
cdda46d2875877b744ca96417f56dd749aec1500,advanced/server-advanced/src/test/java/org/neo4j/server/advanced/jmx/ServerManagementTest.java,1,0,0,2,49,84,NoBug
cdda46d2875877b744ca96417f56dd749aec1500,community/server/src/test/java/org/neo4j/server/configuration/ServerConfigLoaderTest.java,1,0,0,6,84,141,NoBug
cdda46d2875877b744ca96417f56dd749aec1500,community/server/src/main/java/org/neo4j/server/configuration/ConfigurationBuilder.java,4,0,4,9,86,142,NoBug
cdda46d2875877b744ca96417f56dd749aec1500,community/server/src/test/java/org/neo4j/server/configuration/ConfigWrappingConfigurationTest.java,1,0,0,6,51,97,NoBug
cdda46d2875877b744ca96417f56dd749aec1500,community/server/src/test/java/org/neo4j/server/helpers/CommunityServerBuilder.java,28,0,0,25,414,496,NoBug
cdda46d2875877b744ca96417f56dd749aec1500,community/server/src/main/java/org/neo4j/server/Bootstrapper.java,10,0,1,4,145,201,NoBug
cdda46d2875877b744ca96417f56dd749aec1500,enterprise/server-enterprise/src/main/java/org/neo4j/server/enterprise/EnterpriseServerConfigLoader.java,1,0,0,2,19,43,NoBug
cdda46d2875877b744ca96417f56dd749aec1500,enterprise/server-enterprise/src/main/java/org/neo4j/server/enterprise/EnterpriseBootstrapper.java,2,0,0,2,34,60,NoBug
cdda46d2875877b744ca96417f56dd749aec1500,community/server/src/main/java/org/neo4j/server/configuration/PropertyFileConfigurator.java,13,0,1,3,100,140,NoBug
cdda46d2875877b744ca96417f56dd749aec1500,community/server/src/test/java/org/neo4j/server/configuration/BaseServerConfigLoaderTest.java,1,0,0,5,72,127,NoBug
cdda46d2875877b744ca96417f56dd749aec1500,community/server/src/test/java/org/neo4j/server/BaseBootstrapperTest.java,4,0,0,6,94,149,NoBug
cdda46d2875877b744ca96417f56dd749aec1500,community/server/src/main/java/org/neo4j/server/configuration/BaseServerConfigLoader.java,12,0,1,2,107,167,NoBug
cdda46d2875877b744ca96417f56dd749aec1500,packaging/neo4j-desktop/src/main/java/org/neo4j/desktop/runtime/DesktopConfigurator.java,1,0,0,8,53,94,NoBug
cdda46d2875877b744ca96417f56dd749aec1500,enterprise/server-enterprise/src/test/java/org/neo4j/server/enterprise/EnterpriseBootstrapperTest.java,1,0,0,2,33,62,NoBug
ce5ba45e82642729b10716005f3fd0d3b9a5e17c,community/lucene-index/src/main/java/org/neo4j/index/impl/lucene/LuceneCommandApplier.java,10,0,1,9,144,185,Bag
ce5ba45e82642729b10716005f3fd0d3b9a5e17c,community/lucene-index/src/test/java/org/neo4j/index/impl/lucene/TestLuceneIndex.java,37,0,0,87,1618,1889,Bag
ce5ba45e82642729b10716005f3fd0d3b9a5e17c,community/lucene-index/src/main/java/org/neo4j/index/impl/lucene/LuceneIndex.java,41,0,4,5,399,528,Bag
ce5ba45e82642729b10716005f3fd0d3b9a5e17c,community/lucene-index/src/test/java/org/neo4j/index/impl/lucene/RecoveryTest.java,1,0,1,11,190,258,Bag
d041e88235e18da46d6a5db90cb204c93331fcbc,community/kernel/src/main/java/org/neo4j/kernel/impl/util/dbstructure/InvocationTracer.java,14,0,0,7,185,234,NoBug
d041e88235e18da46d6a5db90cb204c93331fcbc,community/kernel/src/test/java/org/neo4j/kernel/impl/util/dbstructure/DbStructureLargeOptionalMatchStructure.java,1,0,1,1,76,112,NoBug
d080254dedd53946c93ce78a02aafbe3a07f8bd3,community/shell/src/main/java/org/neo4j/shell/kernel/apps/Cd.java,44,0,2,1,304,355,Bag
d0a6eabc82fb23b31fa2a5b27f0ccfd3abafff90,community/io/src/test/java/org/neo4j/graphdb/mockfs/EphemeralFileSystemAbstraction.java,98,0,1,32,1202,1420,Bag
d0a6eabc82fb23b31fa2a5b27f0ccfd3abafff90,community/io/src/test/java/org/neo4j/graphdb/mockfs/EphemeralFileSystemAbstractionCrashTest.java,12,0,0,4,148,229,Bag
d0dee9472d92a24ccdb1606579980b0073ba03fa,community/kernel/src/test/java/org/neo4j/kernel/impl/proc/ProcedureJarLoaderTest.java,1,0,0,28,199,289,NoBug
d0dee9472d92a24ccdb1606579980b0073ba03fa,community/kernel/src/main/java/org/neo4j/kernel/impl/proc/OutputMappers.java,17,0,3,5,181,246,NoBug
d18036bcbb3366878fc23702f9c89b83b62f8245,enterprise/core-edge/src/test/java/org/neo4j/coreedge/raft/DelayedRenewableTimeoutServiceTest.java,3,0,0,7,120,203,NoBug
d301cc48a47eb9e5d96aab708314b78bc43437e0,enterprise/cypher/cypher/src/test/java/org/neo4j/cypher/internal/javacompat/ExecutionResultTest.java,2,0,0,7,109,176,NoBug
d365ac545b3bd00abcab9a8c34734667d0b9ff6b,enterprise/causal-clustering/src/main/java/org/neo4j/causalclustering/discovery/HazelcastCoreTopologyService.java,6,0,0,0,233,295,NoBug
d4187298f74a835315180b2ca3a716a6caddea0c,community/primitive-collections/src/main/java/org/neo4j/collection/primitive/hopscotch/HopScotchHashingAlgorithm.java,28,0,2,20,279,416,Bag
d4187298f74a835315180b2ca3a716a6caddea0c,community/primitive-collections/src/test/java/org/neo4j/collection/primitive/hopscotch/PrimitiveLongMapTest.java,2,0,0,28,1110,1272,Bag
d4187298f74a835315180b2ca3a716a6caddea0c,community/primitive-collections/src/main/java/org/neo4j/collection/primitive/hopscotch/AbstractHopScotchCollection.java,3,0,1,9,57,94,Bag
d41dff69b36858b1eb845a50f84bbf7b65deb159,enterprise/causal-clustering/src/main/java/org/neo4j/causalclustering/ReplicationModule.java,1,0,0,5,56,90,NoBug
d41dff69b36858b1eb845a50f84bbf7b65deb159,enterprise/causal-clustering/src/main/java/org/neo4j/causalclustering/core/replication/RaftReplicator.java,6,0,1,4,93,131,NoBug
d41dff69b36858b1eb845a50f84bbf7b65deb159,enterprise/causal-clustering/src/test/java/org/neo4j/causalclustering/scenarios/CoreReplicationIT.java,6,0,0,11,194,325,NoBug
d41dff69b36858b1eb845a50f84bbf7b65deb159,enterprise/causal-clustering/src/test/java/org/neo4j/causalclustering/discovery/Cluster.java,28,0,3,29,398,553,NoBug
d42831f6bb447e7d96ec7c5f0945ba683ba57a97,community/kernel/src/main/java/org/neo4j/unsafe/impl/batchimport/input/csv/InputEntityDeserializer.java,16,0,1,5,154,203,Bag
d42831f6bb447e7d96ec7c5f0945ba683ba57a97,community/import-tool/src/test/java/org/neo4j/tooling/ImportToolTest.java,41,0,0,19,872,1054,Bag
d46e9ba9b10096a547cbe8e3984a3b1d60e2668f,community/bolt/src/main/java/org/neo4j/bolt/v1/packstream/utf8/SunMiscUTF8Encoder.java,7,0,1,1,80,145,Bag
d46e9ba9b10096a547cbe8e3984a3b1d60e2668f,community/bolt/src/test/java/org/neo4j/bolt/v1/transport/BoltV1DechunkerTest.java,3,0,0,2,40,71,Bag
d53a2bf71216aaef6c1f25705ca7bbf1b768b01e,enterprise/ha/src/test/java/org/neo4j/kernel/ha/com/master/MasterImplConversationStopFuzzIT.java,20,0,1,2,442,540,Bag
d53a2bf71216aaef6c1f25705ca7bbf1b768b01e,community/kernel/src/test/java/org/neo4j/kernel/impl/util/collection/TimedRepositoryTest.java,6,0,0,10,158,246,Bag
d53a2bf71216aaef6c1f25705ca7bbf1b768b01e,community/kernel/src/main/java/org/neo4j/kernel/impl/util/collection/TimedRepository.java,17,0,2,6,147,225,Bag
d5fff5e078ab50c257cd55a7cd82be15f2783919,community/kernel/src/test/java/org/neo4j/kernel/impl/event/TestTransactionEvents.java,27,0,0,11,696,817,Bag
d5fff5e078ab50c257cd55a7cd82be15f2783919,community/kernel/src/test/java/org/neo4j/kernel/impl/pagecache/StandalonePageCacheFactoryTest.java,2,0,0,2,35,65,NoBug
d5fff5e078ab50c257cd55a7cd82be15f2783919,community/kernel/src/main/java/org/neo4j/kernel/impl/pagecache/StandalonePageCacheFactory.java,1,0,1,2,88,133,NoBug
d614ac7e2d03406eaaa86e3a31d1dfda71dfb855,community/kernel/src/main/java/org/neo4j/graphdb/impl/notification/NotificationCode.java,7,0,2,0,252,295,NoBug
d66fd4d04b1497de9e5fc594f062c088dd043f93,community/shell/src/test/java/org/neo4j/shell/TestApps.java,13,0,1,79,996,1245,Bag
d693165ae77cf119824aaa7a53ac45b466b15c24,stresstests/src/test/java/org/neo4j/coreedge/stresstests/BackupStoreCopyInteractionStressTesting.java,1,0,0,2,92,128,Bag
d693165ae77cf119824aaa7a53ac45b466b15c24,enterprise/com/src/main/java/org/neo4j/com/storecopy/ResponseUnpacker.java,1,0,1,4,30,60,Bag
d693165ae77cf119824aaa7a53ac45b466b15c24,enterprise/ha/src/main/java/org/neo4j/kernel/ha/MasterClient214.java,6,0,1,15,217,274,Bag
d693165ae77cf119824aaa7a53ac45b466b15c24,enterprise/backup/src/main/java/org/neo4j/backup/BackupService.java,24,0,0,0,365,441,Bag
d693165ae77cf119824aaa7a53ac45b466b15c24,enterprise/com/src/test/java/org/neo4j/com/storecopy/TransactionCommittingResponseUnpackerTest.java,4,0,1,5,176,237,Bag
d693165ae77cf119824aaa7a53ac45b466b15c24,stresstests/src/test/java/org/neo4j/coreedge/stresstests/ClusterConfiguration.java,1,0,0,0,32,58,Bag
d693165ae77cf119824aaa7a53ac45b466b15c24,stresstests/src/test/java/org/neo4j/coreedge/stresstests/CatchupStoreCopyInteractionStressTesting.java,1,0,0,2,69,103,Bag
d693165ae77cf119824aaa7a53ac45b466b15c24,enterprise/com/src/test/java/org/neo4j/com/TestCommunication.java,16,0,0,32,526,659,Bag
d693165ae77cf119824aaa7a53ac45b466b15c24,enterprise/core-edge/src/main/java/org/neo4j/coreedge/catchup/tx/TxPollingClient.java,4,0,1,4,117,162,Bag
d693165ae77cf119824aaa7a53ac45b466b15c24,enterprise/core-edge/src/main/java/org/neo4j/coreedge/core/state/CommandApplicationProcess.java,14,0,0,7,243,347,Bag
d693165ae77cf119824aaa7a53ac45b466b15c24,enterprise/core-edge/src/main/java/org/neo4j/coreedge/catchup/storecopy/StoreFiles.java,8,0,0,4,43,71,Bag
d693165ae77cf119824aaa7a53ac45b466b15c24,enterprise/core-edge/src/main/java/org/neo4j/coreedge/catchup/tx/TransactionLogCatchUpWriter.java,2,0,0,3,58,86,Bag
d693165ae77cf119824aaa7a53ac45b466b15c24,enterprise/core-edge/src/main/java/org/neo4j/coreedge/core/state/CoreBootstrapper.java,1,0,0,3,154,194,Bag
d693165ae77cf119824aaa7a53ac45b466b15c24,stresstests/src/test/java/org/neo4j/coreedge/stresstests/StartStopLoad.java,2,0,0,0,20,44,Bag
d693165ae77cf119824aaa7a53ac45b466b15c24,stresstests/src/test/java/org/neo4j/coreedge/stresstests/RepeatUntilOnSelectedMemberCallable.java,3,0,0,0,28,54,Bag
d693165ae77cf119824aaa7a53ac45b466b15c24,stresstests/src/test/java/org/neo4j/coreedge/stresstests/BackupLoad.java,7,0,0,0,55,85,Bag
d693165ae77cf119824aaa7a53ac45b466b15c24,enterprise/core-edge/src/main/java/org/neo4j/coreedge/catchup/storecopy/StoreFetcher.java,4,0,0,5,82,116,Bag
d693165ae77cf119824aaa7a53ac45b466b15c24,enterprise/com/src/main/java/org/neo4j/com/Client.java,20,0,1,7,324,441,Bag
d693165ae77cf119824aaa7a53ac45b466b15c24,enterprise/core-edge/src/main/java/org/neo4j/coreedge/core/state/snapshot/CoreStateDownloader.java,7,0,0,3,97,144,Bag
d693165ae77cf119824aaa7a53ac45b466b15c24,enterprise/kernel/src/main/java/org/neo4j/kernel/enterprise/builtinprocs/BuiltInProcedures.java,11,0,6,15,391,480,Bag
d77af35c42ec6e4dde313a5e50ea4b70e17a7143,enterprise/core-edge/src/main/java/org/neo4j/coreedge/raft/state/CoreState.java,11,0,2,9,240,340,NoBug
d77af35c42ec6e4dde313a5e50ea4b70e17a7143,enterprise/core-edge/src/test/java/org/neo4j/coreedge/raft/state/CoreStateTest.java,2,0,1,9,206,315,NoBug
d792f87317f952c8de3d1eff2982eaab0fc13d0f,community/kernel/src/main/java/org/neo4j/kernel/Uniqueness.java,6,0,1,0,137,213,NoBug
d792f87317f952c8de3d1eff2982eaab0fc13d0f,community/kernel/src/main/java/org/neo4j/graphdb/traversal/UniquenessFactory.java,1,0,3,0,6,50,NoBug
d792f87317f952c8de3d1eff2982eaab0fc13d0f,community/kernel/src/main/java/org/neo4j/kernel/impl/traversal/TraverserIterator.java,4,0,0,0,63,91,NoBug
d792f87317f952c8de3d1eff2982eaab0fc13d0f,community/kernel/src/main/java/org/neo4j/kernel/impl/traversal/AsOneStartBranch.java,4,0,0,0,163,221,NoBug
d792f87317f952c8de3d1eff2982eaab0fc13d0f,community/kernel/src/main/java/org/neo4j/kernel/impl/traversal/BidirectionalTraverserIterator.java,12,0,0,0,154,198,NoBug
d792f87317f952c8de3d1eff2982eaab0fc13d0f,community/kernel/src/test/java/org/neo4j/kernel/impl/traversal/AsOneStartBranchTest.java,1,0,0,2,24,55,NoBug
d792f87317f952c8de3d1eff2982eaab0fc13d0f,community/kernel/src/main/java/org/neo4j/kernel/impl/traversal/TraverserImpl.java,2,0,0,0,21,46,NoBug
d8b5a3dd736b7f2cf8404b1b3b3dacb40149d66f,community/server/src/test/java/org/neo4j/server/rest/repr/DatabaseRepresentationTest.java,1,0,0,2,34,63,NoBug
d8b5a3dd736b7f2cf8404b1b3b3dacb40149d66f,community/server/src/main/java/org/neo4j/server/rest/repr/DatabaseRepresentation.java,1,0,0,3,43,70,NoBug
d8e066dcfb3b1401abff040187803de62fccfd50,community/kernel/src/main/java/org/neo4j/kernel/impl/util/dbstructure/InvocationTracer.java,14,0,0,7,185,234,Bag
d91093cb998cd1d6646bd319df3629fba6cfe686,community/cypher/cypher-compiler-2.3/src/main/java/org/neo4j/cypher/internal/compiler/v2_3/codegen/ResultRowImpl.java,4,0,0,10,68,103,NoBug
d94daacb45225945a8ab3285f791f8ef58f943b0,community/kernel/src/main/java/org/neo4j/kernel/impl/api/TransactionRepresentationCommitProcess.java,4,0,0,3,97,127,NoBug
d94daacb45225945a8ab3285f791f8ef58f943b0,community/kernel/src/test/java/org/neo4j/kernel/impl/api/KernelTransactionsTest.java,1,0,0,4,143,204,Bag
d94daacb45225945a8ab3285f791f8ef58f943b0,enterprise/ha/src/main/java/org/neo4j/kernel/ha/cluster/DefaultMasterImplSPI.java,1,0,0,0,159,202,NoBug
d94daacb45225945a8ab3285f791f8ef58f943b0,enterprise/ha/src/main/java/org/neo4j/kernel/ha/HighlyAvailableGraphDatabase.java,19,0,1,13,617,746,NoBug
d94daacb45225945a8ab3285f791f8ef58f943b0,community/kernel/src/test/java/org/neo4j/kernel/impl/transaction/state/NeoStoreTransactionTest.java,26,0,0,34,1291,1639,NoBug
d94daacb45225945a8ab3285f791f8ef58f943b0,community/kernel/src/test/java/org/neo4j/kernel/impl/transaction/log/LogRotationDeadlockTest.java,1,0,1,1,99,149,NoBug
d94daacb45225945a8ab3285f791f8ef58f943b0,community/kernel/src/test/java/org/neo4j/kernel/api/KernelTransactionImplementationTest.java,7,0,0,18,300,400,NoBug
d94daacb45225945a8ab3285f791f8ef58f943b0,community/kernel/src/main/java/org/neo4j/kernel/impl/api/ReadOnlyTransactionCommitProcess.java,1,0,1,1,15,41,NoBug
d94daacb45225945a8ab3285f791f8ef58f943b0,enterprise/ha/src/test/java/org/neo4j/kernel/ha/SlaveTransactionCommitProcessTest.java,1,0,0,2,35,68,NoBug
d94daacb45225945a8ab3285f791f8ef58f943b0,community/kernel/src/main/java/org/neo4j/kernel/InternalAbstractGraphDatabase.java,138,0,4,36,1411,1660,NoBug
d94daacb45225945a8ab3285f791f8ef58f943b0,community/kernel/src/main/java/org/neo4j/kernel/impl/api/TransactionCommitProcess.java,1,0,2,0,10,53,NoBug
d94daacb45225945a8ab3285f791f8ef58f943b0,community/kernel/src/main/java/org/neo4j/kernel/impl/api/KernelTransactionImplementation.java,60,0,2,16,785,927,Bag
d94daacb45225945a8ab3285f791f8ef58f943b0,community/kernel/src/test/java/org/neo4j/kernel/impl/api/TransactionRepresentationCommitProcessTest.java,4,0,0,4,126,171,NoBug
d94daacb45225945a8ab3285f791f8ef58f943b0,community/kernel/src/main/java/org/neo4j/kernel/impl/api/CommitProcessFactory.java,1,0,0,2,14,36,NoBug
d94daacb45225945a8ab3285f791f8ef58f943b0,enterprise/ha/src/main/java/org/neo4j/kernel/ha/SlaveTransactionCommitProcess.java,2,0,1,2,39,68,NoBug
d94daacb45225945a8ab3285f791f8ef58f943b0,community/kernel/src/main/java/org/neo4j/kernel/NeoStoreDataSource.java,22,0,2,27,1054,1327,Bag
d94daacb45225945a8ab3285f791f8ef58f943b0,enterprise/ha/src/test/java/org/neo4j/kernel/ha/TestBasicHaOperations.java,3,0,0,5,128,192,NoBug
d94daacb45225945a8ab3285f791f8ef58f943b0,community/consistency-check/src/test/java/org/neo4j/consistency/checking/GraphStoreFixture.java,4,0,1,40,365,449,NoBug
d94daacb45225945a8ab3285f791f8ef58f943b0,enterprise/ha/src/main/java/org/neo4j/kernel/ha/MasterTransactionCommitProcess.java,1,0,1,2,32,63,NoBug
d96fac96379719e700588cf79b0c8912e06c540c,community/dbms/src/main/java/org/neo4j/dbms/archive/Dumper.java,1,0,0,2,72,107,Bag
d96fac96379719e700588cf79b0c8912e06c540c,enterprise/security/src/test/java/org/neo4j/server/security/enterprise/auth/InternalFlatFileRealmIT.java,8,0,0,6,187,247,NoBug
d9732e347ffa2f6b01b9a1c0c0d79199e148531b,community/kernel/src/main/java/org/neo4j/kernel/api/exceptions/index/IndexPopulationFailedKernelException.java,1,0,0,3,20,44,Bag
da9f82618993077074bdc2c6c75706cbfd9b4acb,community/graphdb-api/src/main/java/org/neo4j/graphdb/event/TransactionEventHandler.java,1,0,5,3,26,147,Bag
da9f82618993077074bdc2c6c75706cbfd9b4acb,community/kernel/src/main/java/org/neo4j/kernel/internal/TransactionEventHandlers.java,11,0,1,18,244,312,Bag
da9f82618993077074bdc2c6c75706cbfd9b4acb,community/kernel/src/test/java/org/neo4j/kernel/impl/event/TestTransactionEvents.java,38,0,0,19,1070,1259,Bag
dad782315a9ce03151852c8c7d4cdd55865e2a20,enterprise/causal-clustering/src/main/java/org/neo4j/causalclustering/core/state/CoreState.java,8,0,0,11,151,207,Bag
dad782315a9ce03151852c8c7d4cdd55865e2a20,enterprise/causal-clustering/src/main/java/org/neo4j/causalclustering/core/server/CoreServerModule.java,2,0,0,2,155,206,Bag
db639e667c321590d217acd69e39dbde9fa8825b,community/cypher/cypher/src/main/java/org/neo4j/cypher/internal/codegen/CompiledConversionUtils.java,81,0,1,18,392,449,NoBug
dbcc0ba120527f20c902dcb0197569906153cac8,community/kernel/src/test/java/org/neo4j/kernel/impl/api/integrationtest/BuiltInProceduresIT.java,2,0,0,8,122,185,NoBug
dbcc0ba120527f20c902dcb0197569906153cac8,community/kernel/src/test/java/org/neo4j/kernel/builtinprocs/BuiltInProceduresTest.java,4,0,0,10,213,293,NoBug
dbcc0ba120527f20c902dcb0197569906153cac8,community/kernel/src/main/java/org/neo4j/kernel/builtinprocs/BuiltInProcedures.java,4,0,0,14,173,227,NoBug
dc4c2d96ee965fb6411950e6a767a3527872d698,community/kernel/src/test/java/org/neo4j/test/DatabaseRule.java,7,0,2,50,371,476,NoBug
dc4c2d96ee965fb6411950e6a767a3527872d698,community/shell/src/main/java/org/neo4j/shell/kernel/apps/TransactionProvidingApp.java,89,0,7,7,677,840,NoBug
dc4c2d96ee965fb6411950e6a767a3527872d698,community/shell/src/main/java/org/neo4j/shell/kernel/ReadOnlyGraphDatabaseProxy.java,3,0,0,53,880,1069,NoBug
dc4c2d96ee965fb6411950e6a767a3527872d698,community/shell/src/test/java/org/neo4j/shell/TestApps.java,14,0,0,80,1003,1252,NoBug
dc4c2d96ee965fb6411950e6a767a3527872d698,community/kernel/src/main/java/org/neo4j/kernel/internal/GraphDatabaseAPI.java,1,0,4,2,17,58,NoBug
dc4c2d96ee965fb6411950e6a767a3527872d698,community/shell/src/main/java/org/neo4j/shell/kernel/apps/cypher/Using.java,1,0,0,1,7,29,NoBug
dcb9fd7851c8a66c89b4548f394323d113178de7,enterprise/kernel/src/test/java/org/neo4j/kernel/enterprise/builtinprocs/ListQueriesProcedureTest.java,7,0,0,13,372,502,Bag
dcb9fd7851c8a66c89b4548f394323d113178de7,community/primitive-collections/src/test/java/org/neo4j/collection/primitive/PrimitiveArraysUnionTest.java,3,0,0,4,111,151,Bag
dcb9fd7851c8a66c89b4548f394323d113178de7,community/primitive-collections/src/main/java/org/neo4j/collection/primitive/PrimitiveArrays.java,46,0,4,0,221,298,Bag
dcb9fd7851c8a66c89b4548f394323d113178de7,enterprise/kernel/src/test/java/org/neo4j/SchemaHelper.java,1,0,0,12,62,96,Bag
dcb9fd7851c8a66c89b4548f394323d113178de7,community/cypher/cypher/src/main/java/org/neo4j/cypher/internal/codegen/CompiledConversionUtils.java,70,0,1,17,333,388,NoBug
dcb9fd7851c8a66c89b4548f394323d113178de7,enterprise/cypher/cypher/src/test/java/org/neo4j/cypher/internal/codegen/CompiledRuntimeEchoIT.java,1,0,0,5,46,75,NoBug
dcbb465000b9c59af68ef91161efdd653c92fc57,community/cypher/cypher/src/main/java/org/neo4j/cypher/internal/codegen/CompiledConversionUtils.java,146,0,2,19,688,760,NoBug
dcf58f0717b26e8b5b903ff2fd5529189772f918,community/bolt/src/main/java/org/neo4j/bolt/v1/packstream/utf8/SunMiscUTF8Encoder.java,7,0,1,1,80,145,Bag
dd45bd868d5f16293ad483280c4cdebd4e1f0150,community/logging/src/test/java/org/neo4j/logging/FormattedLogProviderTest.java,1,0,0,6,85,138,NoBug
dd45bd868d5f16293ad483280c4cdebd4e1f0150,community/logging/src/test/java/org/neo4j/logging/FormattedLogTest.java,2,0,0,9,140,216,NoBug
dd45bd868d5f16293ad483280c4cdebd4e1f0150,community/logging/src/main/java/org/neo4j/logging/FormattedLog.java,16,0,29,6,274,504,NoBug
dd79d5226cfe6f3665976835d78cda0ec29798c3,enterprise/core-edge/src/test/java/org/neo4j/coreedge/discovery/SharedDiscoveryCoreClient.java,2,0,0,0,74,107,NoBug
dd79d5226cfe6f3665976835d78cda0ec29798c3,enterprise/core-edge/src/test/java/org/neo4j/coreedge/discovery/SharedDiscoveryServiceIT.java,5,0,0,2,75,129,NoBug
dd79d5226cfe6f3665976835d78cda0ec29798c3,enterprise/core-edge/src/test/java/org/neo4j/coreedge/discovery/SharedDiscoveryService.java,6,0,0,3,161,198,NoBug
dd79d5226cfe6f3665976835d78cda0ec29798c3,enterprise/core-edge/src/main/java/org/neo4j/coreedge/discovery/CoreTopologyService.java,1,0,0,5,11,35,NoBug
dd79d5226cfe6f3665976835d78cda0ec29798c3,enterprise/core-edge/src/main/java/org/neo4j/coreedge/discovery/HazelcastCoreTopologyService.java,4,0,0,0,144,192,NoBug
dd79d5226cfe6f3665976835d78cda0ec29798c3,enterprise/core-edge/src/main/java/org/neo4j/coreedge/discovery/RaftDiscoveryServiceConnector.java,2,0,0,4,34,62,NoBug
dd79d5226cfe6f3665976835d78cda0ec29798c3,enterprise/core-edge/src/main/java/org/neo4j/coreedge/discovery/CoreTopologyListenerService.java,2,0,0,0,18,42,NoBug
de2b5037c3cf7dedf147f47530dd8f643d00b054,enterprise/cluster/src/test/java/org/neo4j/cluster/protocol/atomicbroadcast/multipaxos/context/HeartbeatContextImplTest.java,1,0,0,2,52,85,NoBug
de2b5037c3cf7dedf147f47530dd8f643d00b054,enterprise/cluster/src/test/java/org/neo4j/cluster/protocol/atomicbroadcast/multipaxos/ClusterProtocolAtomicbroadcastTestUtil.java,3,0,0,3,28,52,NoBug
de2b5037c3cf7dedf147f47530dd8f643d00b054,enterprise/cluster/src/test/java/org/neo4j/cluster/protocol/atomicbroadcast/multipaxos/context/AtomicBroadcastContextImplTest.java,1,0,0,4,55,97,NoBug
de2b5037c3cf7dedf147f47530dd8f643d00b054,enterprise/cluster/src/main/java/org/neo4j/cluster/protocol/atomicbroadcast/multipaxos/context/HeartbeatContextImpl.java,29,0,0,0,262,341,NoBug
de5dc5afa2677be0e443381cc4f02c83469cf003,integrationtests/src/test/java/org/neo4j/procedure/ProcedureIT.java,10,0,0,68,677,903,Bag
deb01d37aaa9368817ea70690c8933983b59a87a,enterprise/causal-clustering/src/test/java/org/neo4j/causalclustering/catchup/tx/CatchupPollingProcessTest.java,1,0,0,8,132,202,NoBug
deb01d37aaa9368817ea70690c8933983b59a87a,enterprise/causal-clustering/src/test/java/org/neo4j/causalclustering/scenarios/CausalConsistencyIT.java,2,0,0,3,60,105,NoBug
deb01d37aaa9368817ea70690c8933983b59a87a,enterprise/causal-clustering/src/main/java/org/neo4j/causalclustering/catchup/tx/BatchingTxApplier.java,4,0,2,3,77,125,NoBug
deb01d37aaa9368817ea70690c8933983b59a87a,enterprise/causal-clustering/src/test/java/org/neo4j/causalclustering/catchup/tx/BatchingTxApplierTest.java,5,0,0,8,145,205,NoBug
deb01d37aaa9368817ea70690c8933983b59a87a,enterprise/causal-clustering/src/main/java/org/neo4j/causalclustering/catchup/tx/CatchupPollingProcess.java,19,0,1,4,274,338,NoBug
deb01d37aaa9368817ea70690c8933983b59a87a,enterprise/causal-clustering/src/test/java/org/neo4j/causalclustering/discovery/ReadReplica.java,3,0,0,12,111,153,NoBug
deb01d37aaa9368817ea70690c8933983b59a87a,enterprise/causal-clustering/src/main/java/org/neo4j/causalclustering/catchup/storecopy/StoreFetcher.java,5,0,0,5,92,129,NoBug
deb01d37aaa9368817ea70690c8933983b59a87a,integrationtests/src/test/java/org/neo4j/causalclustering/scenarios/BoltCausalClusteringIT.java,24,0,2,13,469,760,NoBug
deb01d37aaa9368817ea70690c8933983b59a87a,enterprise/causal-clustering/src/main/java/org/neo4j/causalclustering/readreplica/EnterpriseReadReplicaEditionModule.java,2,0,1,2,210,285,Bag
debd60404ad96ed7b0ff92fcfa8651174788fbc6,enterprise/security/src/main/java/org/neo4j/server/security/enterprise/auth/AuthProceduresBase.java,4,0,0,4,113,157,Bag
debd60404ad96ed7b0ff92fcfa8651174788fbc6,enterprise/kernel/src/main/java/org/neo4j/kernel/enterprise/api/security/EnterpriseSecurityContext.java,1,0,2,16,92,136,Bag
debd60404ad96ed7b0ff92fcfa8651174788fbc6,enterprise/security/src/test/java/org/neo4j/server/security/enterprise/auth/integration/bolt/ActiveDirectoryAuthenticationIT.java,4,0,3,12,232,363,Bag
debd60404ad96ed7b0ff92fcfa8651174788fbc6,enterprise/security/src/test/java/org/neo4j/server/security/enterprise/auth/EmbeddedBuiltInProceduresInteractionTest.java,2,0,0,3,93,132,Bag
debd60404ad96ed7b0ff92fcfa8651174788fbc6,enterprise/security/src/main/java/org/neo4j/server/security/enterprise/auth/SecurityProcedures.java,2,0,0,3,33,59,Bag
debd60404ad96ed7b0ff92fcfa8651174788fbc6,enterprise/security/src/main/java/org/neo4j/server/security/enterprise/auth/UserManagementProcedures.java,4,0,0,16,134,173,Bag
debd60404ad96ed7b0ff92fcfa8651174788fbc6,enterprise/security/src/test/java/org/neo4j/server/security/enterprise/auth/integration/bolt/EnterpriseAuthenticationTestBase.java,7,0,0,3,232,327,Bag
debd60404ad96ed7b0ff92fcfa8651174788fbc6,enterprise/security/src/main/java/org/neo4j/server/security/enterprise/auth/LdapRealm.java,59,0,1,7,514,625,Bag
debd60404ad96ed7b0ff92fcfa8651174788fbc6,enterprise/security/src/test/java/org/neo4j/server/security/enterprise/auth/integration/bolt/LdapExamplePluginAuthenticationIT.java,1,0,0,3,75,104,Bag
debd60404ad96ed7b0ff92fcfa8651174788fbc6,community/bolt/src/test/java/org/neo4j/bolt/v1/transport/integration/Neo4jWithSocket.java,3,0,0,9,119,160,Bag
debd60404ad96ed7b0ff92fcfa8651174788fbc6,enterprise/security/src/main/java/org/neo4j/server/security/enterprise/auth/StandardEnterpriseSecurityContext.java,13,0,0,0,187,239,Bag
def169ceb18c87752809473362b1d15141b9ca0a,enterprise/causal-clustering/src/main/java/org/neo4j/causalclustering/discovery/HazelcastCoreTopologyService.java,14,0,0,0,281,384,NoBug
def169ceb18c87752809473362b1d15141b9ca0a,community/server/src/main/java/org/neo4j/server/ServerBootstrapper.java,16,0,0,6,192,253,NoBug
def169ceb18c87752809473362b1d15141b9ca0a,enterprise/causal-clustering/src/main/java/org/neo4j/causalclustering/discovery/CoreTopologyService.java,1,0,2,3,11,47,NoBug
def169ceb18c87752809473362b1d15141b9ca0a,enterprise/causal-clustering/src/main/java/org/neo4j/causalclustering/identity/ClusterBinder.java,8,0,1,3,95,137,NoBug
df97b6a0f8e2a29beba875d992c8885d25ce3d05,community/kernel/src/main/java/org/neo4j/kernel/StandardExpander.java,31,0,0,19,926,1090,Bag
df97b6a0f8e2a29beba875d992c8885d25ce3d05,community/graph-algo/src/main/java/org/neo4j/graphalgo/GraphAlgoFactory.java,1,0,23,0,125,502,Bag
df97b6a0f8e2a29beba875d992c8885d25ce3d05,community/graph-algo/src/main/java/org/neo4j/graphalgo/impl/path/ShortestPath.java,51,0,3,5,502,625,Bag
dffaacf551b9213f1b818976724f11748a16a674,enterprise/core-edge/src/main/java/org/neo4j/coreedge/core/state/snapshot/CoreStateDownloader.java,7,0,0,3,98,145,NoBug
dffaacf551b9213f1b818976724f11748a16a674,stresstests/src/test/java/org/neo4j/coreedge/stresstests/RepeatUntilOnSelectedMemberCallable.java,4,0,0,0,31,57,NoBug
dffaacf551b9213f1b818976724f11748a16a674,stresstests/src/test/java/org/neo4j/coreedge/stresstests/ClusterConfiguration.java,1,0,0,0,37,64,NoBug
dffaacf551b9213f1b818976724f11748a16a674,enterprise/com/src/main/java/org/neo4j/com/storecopy/ResponseUnpacker.java,1,0,1,3,12,40,NoBug
dffaacf551b9213f1b818976724f11748a16a674,enterprise/core-edge/src/main/java/org/neo4j/coreedge/catchup/tx/TransactionLogCatchUpWriter.java,3,0,0,3,67,96,NoBug
dffaacf551b9213f1b818976724f11748a16a674,enterprise/backup/src/main/java/org/neo4j/backup/BackupService.java,23,0,0,0,343,418,NoBug
dffaacf551b9213f1b818976724f11748a16a674,enterprise/core-edge/src/main/java/org/neo4j/coreedge/catchup/tx/TxPollingClient.java,5,0,1,4,124,170,Bag
dffaacf551b9213f1b818976724f11748a16a674,enterprise/core-edge/src/main/java/org/neo4j/coreedge/catchup/storecopy/StoreFiles.java,3,0,0,3,29,61,NoBug
dffaacf551b9213f1b818976724f11748a16a674,enterprise/ha/src/main/java/org/neo4j/kernel/ha/MasterClient214.java,6,0,1,15,217,274,NoBug
dffaacf551b9213f1b818976724f11748a16a674,stresstests/src/test/java/org/neo4j/coreedge/stresstests/BackupLoad.java,7,0,0,0,55,85,NoBug
dffaacf551b9213f1b818976724f11748a16a674,stresstests/src/test/java/org/neo4j/coreedge/stresstests/StartStopLoad.java,2,0,0,0,21,45,NoBug
dffaacf551b9213f1b818976724f11748a16a674,enterprise/core-edge/src/main/java/org/neo4j/coreedge/core/state/CoreBootstrapper.java,1,0,0,2,153,192,NoBug
dffaacf551b9213f1b818976724f11748a16a674,enterprise/com/src/test/java/org/neo4j/com/TestCommunication.java,16,0,0,32,526,659,NoBug
dffaacf551b9213f1b818976724f11748a16a674,enterprise/core-edge/src/main/java/org/neo4j/coreedge/catchup/storecopy/StoreFetcher.java,4,0,0,5,83,117,NoBug
dffaacf551b9213f1b818976724f11748a16a674,stresstests/src/test/java/org/neo4j/coreedge/stresstests/BackupStoreCopyInteractionStressTesting.java,1,0,0,2,97,133,NoBug
dffaacf551b9213f1b818976724f11748a16a674,enterprise/com/src/main/java/org/neo4j/com/Client.java,20,0,1,7,324,441,NoBug
dffaacf551b9213f1b818976724f11748a16a674,enterprise/core-edge/src/main/java/org/neo4j/coreedge/core/state/CommandApplicationProcess.java,14,0,0,7,245,350,NoBug
dffaacf551b9213f1b818976724f11748a16a674,stresstests/src/test/java/org/neo4j/coreedge/stresstests/CatchupStoreCopyInteractionStressTesting.java,1,0,0,2,77,111,NoBug
dffaacf551b9213f1b818976724f11748a16a674,enterprise/com/src/test/java/org/neo4j/com/storecopy/TransactionCommittingResponseUnpackerTest.java,4,0,1,5,175,236,NoBug
e06e0743298e541f04d572d78b17fb2b2594534d,community/kernel/src/test/java/org/neo4j/kernel/RecoveryIT.java,2,0,0,3,107,151,NoBug
e06e0743298e541f04d572d78b17fb2b2594534d,community/kernel/src/main/java/org/neo4j/kernel/impl/store/CommonAbstractStore.java,55,0,14,8,536,794,NoBug
e09f6ed83a45c11d4633573d7c185e7a1e70f939,community/bolt/src/test/java/org/neo4j/bolt/v1/runtime/integration/SessionIT.java,2,0,0,18,456,643,Bag
e0cfe374091c540113f50bd70c3863d081ae9f11,community/bolt/src/main/java/org/neo4j/bolt/v1/runtime/internal/CypherAdapterStream.java,13,0,0,5,147,195,Bag
e0cfe374091c540113f50bd70c3863d081ae9f11,community/bolt/src/test/java/org/neo4j/bolt/v1/transport/integration/TransportSessionIT.java,3,0,0,11,200,283,Bag
e2695c03c5a058f70e258ae7561b23743b783b74,community/graph-algo/src/main/java/org/neo4j/graphalgo/impl/path/ShortestPath.java,56,0,3,8,546,673,Bag
e34463f7dafbb72552196ee10e7e8e611c94772e,community/kernel/src/main/java/org/neo4j/kernel/impl/transaction/log/LogPosition.java,7,0,0,9,88,124,NoBug
e34463f7dafbb72552196ee10e7e8e611c94772e,community/kernel/src/main/java/org/neo4j/kernel/recovery/LatestCheckPointFinder.java,30,0,0,8,203,269,NoBug
e34463f7dafbb72552196ee10e7e8e611c94772e,community/kernel/src/test/java/org/neo4j/kernel/impl/transaction/log/LogPositionTest.java,1,0,0,3,40,67,NoBug
e34463f7dafbb72552196ee10e7e8e611c94772e,community/kernel/src/test/java/org/neo4j/kernel/recovery/LatestCheckPointFinderTest.java,3,0,0,25,342,575,NoBug
e363a1f4601dcb959d975051310bd911cfc49095,community/import-tool/src/main/java/org/neo4j/tooling/ImportTool.java,47,0,3,0,651,784,NoBug
e363a1f4601dcb959d975051310bd911cfc49095,community/kernel/src/main/java/org/neo4j/kernel/DeadlockDetectedException.java,1,0,1,3,28,55,NoBug
e363a1f4601dcb959d975051310bd911cfc49095,community/import-tool/src/test/java/org/neo4j/tooling/ImportToolTest.java,90,0,0,47,1621,2038,NoBug
e363a1f4601dcb959d975051310bd911cfc49095,community/graphdb-api/src/main/java/org/neo4j/graphdb/QueryExecutionException.java,1,0,2,1,14,46,NoBug
e363a1f4601dcb959d975051310bd911cfc49095,community/graphdb-api/src/main/java/org/neo4j/graphdb/QueryExecutionType.java,6,0,12,1,88,229,NoBug
e363a1f4601dcb959d975051310bd911cfc49095,community/graphdb-api/src/main/java/org/neo4j/graphdb/ExecutionPlanDescription.java,1,0,10,0,18,99,NoBug
e3ad6851599a1cbe66f7aac56eee42eebe05cd0f,community/kernel/src/test/java/org/neo4j/graphdb/IndexingAcceptanceTest.java,3,0,1,11,288,396,NoBug
e3cce44754a86a232bdb6dc3666c86d30edd3bfb,community/kernel/src/main/java/org/neo4j/graphdb/factory/GraphDatabaseSettings.java,9,0,4,4,435,577,NoBug
e3cce44754a86a232bdb6dc3666c86d30edd3bfb,community/logging/src/test/java/org/neo4j/logging/AssertableLogProvider.java,39,0,2,40,554,661,NoBug
e3cce44754a86a232bdb6dc3666c86d30edd3bfb,community/bolt/src/main/java/org/neo4j/bolt/BoltKernelExtension.java,9,0,1,11,176,253,NoBug
e3cce44754a86a232bdb6dc3666c86d30edd3bfb,community/shell/src/test/java/org/neo4j/shell/StartClientTest.java,1,0,0,10,186,266,NoBug
e3cce44754a86a232bdb6dc3666c86d30edd3bfb,community/shell/src/main/java/org/neo4j/shell/kernel/GraphDatabaseShellServer.java,13,0,5,11,221,288,NoBug
e49ee05599e1ca9c6dce785c491efb77223607af,community/lucene-index/src/main/java/org/neo4j/kernel/api/impl/index/IndexWriterConfigs.java,2,0,1,2,58,95,NoBug
e49f8e97f2ba0ba9564d8b0dc92cb55cfb97a815,community/bolt/src/test/java/org/neo4j/bolt/v1/transport/socket/ChunkedOutputTest.java,1,0,0,8,101,151,NoBug
e49f8e97f2ba0ba9564d8b0dc92cb55cfb97a815,community/bolt/src/main/java/org/neo4j/bolt/v1/transport/ChunkedOutput.java,11,0,1,11,146,216,NoBug
e4d97694e57e327fafd50a2f547866654b13335b,enterprise/kernel/src/main/java/org/neo4j/kernel/enterprise/builtinprocs/EnterpriseBuiltInDbmsProcedures.java,16,0,7,19,473,574,Bag
e4d97694e57e327fafd50a2f547866654b13335b,enterprise/security/src/test/java/org/neo4j/server/security/enterprise/auth/ConfiguredProceduresTestBase.java,1,0,0,19,238,327,NoBug
e53f7c80d98a2e35ea6a339e7f7fd44c3d2bde74,community/server/src/test/java/org/neo4j/server/rest/transactional/Neo4jJsonCodecTest.java,8,0,0,23,234,346,NoBug
e53f7c80d98a2e35ea6a339e7f7fd44c3d2bde74,community/server/src/main/java/org/neo4j/server/rest/transactional/Neo4jJsonCodec.java,27,0,0,4,247,284,NoBug
e53f7c80d98a2e35ea6a339e7f7fd44c3d2bde74,community/server/src/test/java/org/neo4j/server/rest/transactional/CypherQueriesIT.java,1,0,0,3,47,80,NoBug
e53f7c80d98a2e35ea6a339e7f7fd44c3d2bde74,community/graphdb-api/src/main/java/org/neo4j/graphdb/spatial/Geometry.java,1,0,4,0,8,51,NoBug
e53f7c80d98a2e35ea6a339e7f7fd44c3d2bde74,community/server/src/test/java/org/neo4j/server/rest/transactional/ExecutionResultSerializerTest.java,16,0,0,28,773,1021,NoBug
e54ec510544e63dbbb3901755f8d9aa4944192fa,community/lucene-index/src/main/java/org/neo4j/kernel/api/impl/index/LuceneIndexAccessorReader.java,15,0,0,0,152,189,Bag
e54ec510544e63dbbb3901755f8d9aa4944192fa,community/neo4j/src/test/java/org/neo4j/index/IndexSamplingIntegrationTest.java,6,0,0,3,128,173,Bag
e54ec510544e63dbbb3901755f8d9aa4944192fa,community/lucene-index/src/test/java/org/neo4j/kernel/api/impl/index/LuceneIndexAccessorReaderTest.java,3,0,0,10,133,206,Bag
e57fe32738bb9d91c1b9a10f75c524bf2b421cdd,community/kernel/src/test/java/org/neo4j/kernel/impl/store/counts/CountsRotationTest.java,5,0,0,6,242,324,NoBug
e57fe32738bb9d91c1b9a10f75c524bf2b421cdd,community/kernel/src/test/java/org/neo4j/kernel/impl/store/kvstore/AbstractKeyValueStoreTest.java,17,0,0,13,565,704,NoBug
e57fe32738bb9d91c1b9a10f75c524bf2b421cdd,community/kernel/src/main/java/org/neo4j/kernel/impl/store/kvstore/AbstractKeyValueStore.java,16,0,1,10,356,447,NoBug
e585b240041e690c2d74b43946717eb090aceefe,community/kernel/src/test/java/org/neo4j/kernel/impl/api/index/IndexingServiceTest.java,10,0,1,23,906,1202,Bag
e585b240041e690c2d74b43946717eb090aceefe,community/neo4j/src/test/java/org/neo4j/index/IndexFailureOnStartupTest.java,6,0,0,4,157,206,Bag
e585b240041e690c2d74b43946717eb090aceefe,community/kernel/src/main/java/org/neo4j/kernel/NeoStoreDataSource.java,22,0,3,16,832,1067,Bag
e585b240041e690c2d74b43946717eb090aceefe,community/kernel/src/main/java/org/neo4j/kernel/impl/api/index/IndexingService.java,56,0,5,26,601,787,Bag
e5db6293c3260f28a9a9ecdd0970352162530f13,community/kernel/src/test/java/org/neo4j/kernel/TopLevelTransactionTest.java,5,0,0,6,115,157,NoBug
e5db6293c3260f28a9a9ecdd0970352162530f13,community/kernel/src/main/java/org/neo4j/kernel/impl/query/Neo4jTransactionalContext.java,7,0,0,20,254,339,NoBug
e5db6293c3260f28a9a9ecdd0970352162530f13,community/kernel/src/main/java/org/neo4j/kernel/impl/coreapi/InternalTransaction.java,1,0,0,5,13,39,NoBug
e5db6293c3260f28a9a9ecdd0970352162530f13,community/kernel/src/test/java/org/neo4j/kernel/impl/query/Neo4jTransactionalContextTest.java,4,0,0,15,378,500,NoBug
e5db6293c3260f28a9a9ecdd0970352162530f13,community/bolt/src/main/java/org/neo4j/bolt/v1/runtime/BoltStateMachine.java,27,0,9,17,601,838,NoBug
e5db6293c3260f28a9a9ecdd0970352162530f13,community/kernel/src/test/java/org/neo4j/kernel/TestPlaceboTransaction.java,1,0,0,9,96,150,NoBug
e5db6293c3260f28a9a9ecdd0970352162530f13,integrationtests/src/test/java/org/neo4j/bolt/SessionResetIT.java,16,0,1,7,276,362,NoBug
e5db6293c3260f28a9a9ecdd0970352162530f13,community/bolt/src/main/java/org/neo4j/bolt/v1/runtime/TransactionStateMachine.java,20,0,1,7,338,438,NoBug
e5db6293c3260f28a9a9ecdd0970352162530f13,community/kernel/src/main/java/org/neo4j/kernel/impl/coreapi/PlaceboTransaction.java,2,0,0,12,74,108,NoBug
e5db6293c3260f28a9a9ecdd0970352162530f13,community/kernel/src/main/java/org/neo4j/kernel/impl/coreapi/TopLevelTransaction.java,8,0,0,12,115,153,NoBug
e5ea526b14ce752e94a5460b1c85bf4567d8f97d,community/dbms/src/test/java/org/neo4j/commandline/dbms/DumpCommandTest.java,9,0,0,21,318,394,Bag
e5ea526b14ce752e94a5460b1c85bf4567d8f97d,community/io/src/test/java/org/neo4j/io/pagecache/PageCacheTest.java,140,0,2,242,4812,5755,Bag
e5ea526b14ce752e94a5460b1c85bf4567d8f97d,community/server/src/test/java/org/neo4j/server/rest/web/DatabaseMetadataServiceTest.java,1,0,0,4,73,107,Bag
e5ea526b14ce752e94a5460b1c85bf4567d8f97d,community/neo4j/src/test/java/visibility/TestDatasourceCommitOrderDataVisibility.java,9,0,0,3,151,197,Bag
e5ea526b14ce752e94a5460b1c85bf4567d8f97d,community/kernel/src/test/java/org/neo4j/test/ImpermanentGraphDatabase.java,4,0,7,3,140,225,Bag
e5ea526b14ce752e94a5460b1c85bf4567d8f97d,community/kernel/src/test/java/org/neo4j/unsafe/batchinsert/internal/BatchInserterImplTest.java,1,0,0,4,64,102,Bag
e5ea526b14ce752e94a5460b1c85bf4567d8f97d,enterprise/causal-clustering/src/main/java/org/neo4j/causalclustering/catchup/storecopy/RemoteStore.java,8,0,1,4,137,198,Bag
e5ea526b14ce752e94a5460b1c85bf4567d8f97d,enterprise/causal-clustering/src/test/java/org/neo4j/causalclustering/core/consensus/log/segmented/SegmentedRaftLogPartialEntryRecoveryTest.java,2,0,1,3,136,225,Bag
e5ea526b14ce752e94a5460b1c85bf4567d8f97d,community/cypher/cypher/src/test/java/org/neo4j/cypher/internal/javacompat/JavaValueCompatibilityTest.java,1,0,0,3,30,58,Bag
e5ea526b14ce752e94a5460b1c85bf4567d8f97d,community/kernel/src/test/java/org/neo4j/kernel/impl/transaction/log/PhysicalLogFileTest.java,5,0,0,8,245,317,Bag
e5ea526b14ce752e94a5460b1c85bf4567d8f97d,community/dbms/src/test/java/org/neo4j/commandline/dbms/LoadCommandTest.java,8,0,0,17,266,331,Bag
e5ea526b14ce752e94a5460b1c85bf4567d8f97d,community/kernel/src/test/java/org/neo4j/test/TestGraphDatabaseFactory.java,6,0,1,15,254,321,Bag
e5ea526b14ce752e94a5460b1c85bf4567d8f97d,community/kernel/src/test/java/org/neo4j/kernel/impl/core/TestNeo4jCacheAndPersistence.java,20,0,0,17,458,536,Bag
e5ea526b14ce752e94a5460b1c85bf4567d8f97d,community/dbms/src/main/java/org/neo4j/commandline/dbms/StoreLockChecker.java,3,0,0,0,49,87,Bag
e5ea526b14ce752e94a5460b1c85bf4567d8f97d,community/lucene-index/src/test/java/org/neo4j/kernel/impl/api/index/IndexingServiceIntegrationTest.java,4,0,0,5,174,225,Bag
e5ea526b14ce752e94a5460b1c85bf4567d8f97d,community/dbms/src/main/java/org/neo4j/commandline/dbms/DumpCommand.java,10,0,0,4,123,160,Bag
e5ea526b14ce752e94a5460b1c85bf4567d8f97d,community/kernel/src/test/java/org/neo4j/kernel/internal/StoreLockerTest.java,10,0,0,10,267,330,Bag
e5ea526b14ce752e94a5460b1c85bf4567d8f97d,community/command-line/src/main/java/org/neo4j/commandline/Util.java,5,0,1,6,73,107,Bag
e5ea526b14ce752e94a5460b1c85bf4567d8f97d,enterprise/causal-clustering/src/test/java/org/neo4j/causalclustering/core/consensus/log/ConcurrentStressIT.java,8,0,0,2,122,170,Bag
e5ea526b14ce752e94a5460b1c85bf4567d8f97d,integrationtests/src/test/java/org/neo4j/ext/udc/impl/UdcExtensionImplTest.java,9,0,3,26,469,611,Bag
e5ea526b14ce752e94a5460b1c85bf4567d8f97d,community/io/src/test/java/org/neo4j/io/fs/FileSystemAbstractionInterruptionTest.java,3,0,0,22,164,216,Bag
e5ea526b14ce752e94a5460b1c85bf4567d8f97d,community/kernel/src/main/java/org/neo4j/kernel/impl/factory/PlatformModule.java,8,0,1,3,210,308,Bag
e5ea526b14ce752e94a5460b1c85bf4567d8f97d,community/io/src/test/java/org/neo4j/io/pagecache/impl/muninn/MuninnPageCacheTest.java,7,0,0,8,279,353,Bag
e5ea526b14ce752e94a5460b1c85bf4567d8f97d,enterprise/ha/src/test/java/org/neo4j/kernel/ha/cluster/SwitchToSlaveCopyThenBranchTest.java,4,0,0,7,312,416,Bag
e5ea526b14ce752e94a5460b1c85bf4567d8f97d,enterprise/causal-clustering/src/test/java/org/neo4j/commandline/dbms/UnbindFromClusterCommandTest.java,3,0,0,7,148,209,Bag
e5ea526b14ce752e94a5460b1c85bf4567d8f97d,community/cypher/cypher/src/test/java/org/neo4j/cypher/internal/javacompat/CypherLoggingTest.java,1,0,0,2,20,49,Bag
e5ea526b14ce752e94a5460b1c85bf4567d8f97d,community/kernel/src/test/java/org/neo4j/graphdb/GraphDatabaseServiceTest.java,7,0,1,10,278,430,Bag
e5ea526b14ce752e94a5460b1c85bf4567d8f97d,community/kernel/src/main/java/org/neo4j/unsafe/batchinsert/internal/BatchInserterImpl.java,55,0,0,29,1119,1319,Bag
e5ea526b14ce752e94a5460b1c85bf4567d8f97d,community/cypher/cypher/src/test/java/org/neo4j/cypher/CreateIndexStressIT.java,2,0,0,2,52,97,Bag
e5ea526b14ce752e94a5460b1c85bf4567d8f97d,enterprise/ha/src/test/java/org/neo4j/kernel/ha/cluster/SwitchToSlaveBranchThenCopyTest.java,4,0,0,6,268,359,Bag
e5ea526b14ce752e94a5460b1c85bf4567d8f97d,community/kernel/src/test/java/org/neo4j/graphdb/LabelsAcceptanceTest.java,19,0,1,22,604,796,Bag
e5ea526b14ce752e94a5460b1c85bf4567d8f97d,enterprise/ha/src/main/java/org/neo4j/kernel/ha/cluster/SwitchToSlave.java,26,0,8,1,445,597,Bag
e5ea526b14ce752e94a5460b1c85bf4567d8f97d,community/cypher/cypher/src/test/java/org/neo4j/cypher/DeleteRelationshipStressIT.java,4,0,0,7,95,159,Bag
e5ea526b14ce752e94a5460b1c85bf4567d8f97d,community/common/src/test/java/org/neo4j/kernel/lifecycle/LifeSupportTest.java,16,0,1,24,470,583,Bag
e5ea526b14ce752e94a5460b1c85bf4567d8f97d,enterprise/causal-clustering/src/test/java/org/neo4j/causalclustering/core/consensus/log/segmented/SegmentedConcurrentStressIT.java,1,0,0,2,28,52,Bag
e5ea526b14ce752e94a5460b1c85bf4567d8f97d,community/kernel/src/test/java/org/neo4j/kernel/impl/api/store/StorageLayerLabelTest.java,1,0,2,3,65,116,Bag
e5ea526b14ce752e94a5460b1c85bf4567d8f97d,community/monitor-logging/src/test/java/org/neo4j/ext/monitorlogging/MonitorLoggingAcceptanceTest.java,1,0,0,2,23,49,Bag
e5ea526b14ce752e94a5460b1c85bf4567d8f97d,community/shell/src/test/java/org/neo4j/shell/StartClientIT.java,1,0,0,10,168,248,Bag
e5ea526b14ce752e94a5460b1c85bf4567d8f97d,enterprise/backup/src/test/java/org/neo4j/restore/RestoreDatabaseCommandTest.java,5,0,0,7,152,216,Bag
e5ea526b14ce752e94a5460b1c85bf4567d8f97d,community/cypher/cypher/src/test/java/org/neo4j/cypher/GraphDatabaseServiceExecuteTest.java,1,0,0,19,260,373,Bag
e5ea526b14ce752e94a5460b1c85bf4567d8f97d,community/common/src/main/java/org/neo4j/kernel/lifecycle/LifeSupport.java,46,0,7,7,404,518,Bag
e6404087822a6b648cb58a156f12f0f7ca248daf,community/kernel/src/test/java/org/neo4j/kernel/impl/store/counts/CountsRotationTest.java,1,0,0,5,191,264,Bag
e6404087822a6b648cb58a156f12f0f7ca248daf,community/kernel/src/test/java/org/neo4j/kernel/impl/store/kvstore/AbstractKeyValueStoreTest.java,16,0,0,11,511,640,Bag
e6404087822a6b648cb58a156f12f0f7ca248daf,community/kernel/src/main/java/org/neo4j/kernel/impl/store/kvstore/AbstractKeyValueStore.java,13,0,1,10,342,433,Bag
e6f84e88fecffdd2dd28e4ee978d77df94914908,community/lucene-index/src/test/java/org/neo4j/kernel/api/impl/schema/LuceneSchemaIndexTest.java,2,0,0,7,111,156,Bag
e6f84e88fecffdd2dd28e4ee978d77df94914908,community/lucene-index/src/main/java/org/neo4j/kernel/api/impl/index/backup/SnapshotReleaseException.java,1,0,0,0,8,37,Bag
e6f84e88fecffdd2dd28e4ee978d77df94914908,community/neo4j/src/test/java/upgrade/StoreUpgraderInterruptionTestIT.java,3,0,0,4,184,230,Bag
e6f84e88fecffdd2dd28e4ee978d77df94914908,community/consistency-check/src/test/java/org/neo4j/consistency/checking/GraphStoreFixture.java,5,0,1,44,419,515,Bag
e6f84e88fecffdd2dd28e4ee978d77df94914908,community/neo4j/src/test/java/upgrade/StoreUpgraderTest.java,8,0,0,13,382,483,Bag
e6f84e88fecffdd2dd28e4ee978d77df94914908,community/lucene-index/src/main/java/org/neo4j/kernel/api/impl/labelscan/LuceneLabelScanIndex.java,3,0,2,3,69,114,Bag
e6f84e88fecffdd2dd28e4ee978d77df94914908,community/lucene-index/src/main/java/org/neo4j/kernel/api/impl/schema/populator/NonUniqueLuceneIndexPopulator.java,1,0,1,5,39,72,Bag
e6f84e88fecffdd2dd28e4ee978d77df94914908,community/lucene-index/src/main/java/org/neo4j/kernel/api/impl/schema/populator/UniqueLuceneIndexPopulatingUpdater.java,1,0,1,2,48,85,Bag
e6f84e88fecffdd2dd28e4ee978d77df94914908,community/lucene-index/src/main/java/org/neo4j/kernel/api/impl/schema/populator/LuceneIndexPopulator.java,2,0,1,5,65,102,Bag
e6f84e88fecffdd2dd28e4ee978d77df94914908,community/lucene-index/src/main/java/org/neo4j/kernel/api/impl/schema/LuceneSchemaIndex.java,4,0,6,4,154,235,Bag
e6f84e88fecffdd2dd28e4ee978d77df94914908,community/lucene-index/src/test/java/org/neo4j/kernel/api/impl/labelscan/LuceneLabelScanIndexIT.java,4,0,0,6,83,119,Bag
e6f84e88fecffdd2dd28e4ee978d77df94914908,community/lucene-index/src/main/java/org/neo4j/kernel/api/impl/labelscan/LuceneLabelScanStore.java,7,0,0,18,162,212,Bag
e6f84e88fecffdd2dd28e4ee978d77df94914908,community/lucene-index/src/main/java/org/neo4j/kernel/api/impl/schema/LuceneSchemaIndexProvider.java,11,0,0,8,147,185,Bag
e6f84e88fecffdd2dd28e4ee978d77df94914908,community/lucene-index/src/main/java/org/neo4j/index/lucene/LuceneLabelScanStoreBuilder.java,3,0,1,2,49,87,Bag
e6f84e88fecffdd2dd28e4ee978d77df94914908,community/consistency-check/src/main/java/org/neo4j/consistency/ConsistencyCheckService.java,7,0,0,10,188,239,Bag
e6f84e88fecffdd2dd28e4ee978d77df94914908,community/lucene-index/src/main/java/org/neo4j/kernel/api/impl/schema/LuceneSchemaIndexBuilder.java,1,0,7,0,46,118,Bag
e6f84e88fecffdd2dd28e4ee978d77df94914908,community/lucene-index/src/main/java/org/neo4j/kernel/api/impl/index/builder/AbstractLuceneIndexBuilder.java,1,0,6,0,34,98,Bag
e6f84e88fecffdd2dd28e4ee978d77df94914908,community/lucene-index/src/test/java/org/neo4j/kernel/api/impl/labelscan/storestrategy/NodeRangeDocumentLabelScanStorageStrategyTest.java,9,0,1,7,263,373,Bag
e6f84e88fecffdd2dd28e4ee978d77df94914908,community/lucene-index/src/main/java/org/neo4j/kernel/api/impl/schema/LuceneSchemaIndexProviderFactory.java,1,0,0,5,34,63,Bag
e6f84e88fecffdd2dd28e4ee978d77df94914908,community/lucene-index/src/test/java/org/neo4j/kernel/api/impl/labelscan/LuceneLabelScanStoreWriterTest.java,9,0,0,9,367,487,Bag
e6f84e88fecffdd2dd28e4ee978d77df94914908,community/lucene-index/src/test/java/org/neo4j/kernel/api/impl/schema/LuceneIndexRecoveryIT.java,4,0,0,8,263,362,Bag
e6f84e88fecffdd2dd28e4ee978d77df94914908,community/lucene-index/src/test/java/org/neo4j/kernel/api/impl/index/LuceneSchemaIndexUniquenessVerificationIT.java,13,0,0,20,388,497,Bag
e6f84e88fecffdd2dd28e4ee978d77df94914908,community/lucene-index/src/main/java/org/neo4j/kernel/api/impl/schema/populator/UniqueLuceneIndexPopulator.java,1,0,1,5,41,75,Bag
e6f84e88fecffdd2dd28e4ee978d77df94914908,community/lucene-index/src/main/java/org/neo4j/kernel/api/impl/labelscan/LuceneLabelScanStoreExtension.java,2,0,1,6,57,98,Bag
e6f84e88fecffdd2dd28e4ee978d77df94914908,community/lucene-index/src/test/java/org/neo4j/kernel/api/impl/schema/LuceneSchemaIndexPopulatorTest.java,5,0,0,10,247,316,Bag
e6f84e88fecffdd2dd28e4ee978d77df94914908,enterprise/neo4j-enterprise/src/test/java/upgrade/StoreMigratorFrom20IT.java,1,0,0,7,201,254,Bag
e6f84e88fecffdd2dd28e4ee978d77df94914908,community/lucene-index/src/main/java/org/neo4j/kernel/api/impl/labelscan/writer/PartitionedLuceneLabelScanWriter.java,17,0,1,3,171,229,Bag
e6f84e88fecffdd2dd28e4ee978d77df94914908,enterprise/ha/src/test/java/org/neo4j/kernel/api/SchemaIndexHaIT.java,18,0,0,9,463,609,Bag
e6f84e88fecffdd2dd28e4ee978d77df94914908,community/lucene-index/src/main/java/org/neo4j/kernel/api/impl/schema/LuceneIndexAccessor.java,8,0,0,10,144,191,Bag
e6f84e88fecffdd2dd28e4ee978d77df94914908,community/lucene-index/src/main/java/org/neo4j/kernel/api/impl/index/partition/PartitionSearcher.java,1,0,1,3,25,55,Bag
e6f84e88fecffdd2dd28e4ee978d77df94914908,community/lucene-index/src/main/java/org/neo4j/kernel/api/impl/index/backup/UnsupportedIndexDeletionPolicy.java,1,0,0,0,8,36,Bag
e6f84e88fecffdd2dd28e4ee978d77df94914908,community/lucene-index/src/test/java/org/neo4j/kernel/api/impl/labelscan/LuceneLabelScanStoreTest.java,18,0,0,17,424,560,Bag
e6f84e88fecffdd2dd28e4ee978d77df94914908,community/lucene-index/src/main/java/org/neo4j/kernel/api/impl/labelscan/LuceneLabelScanIndexBuilder.java,1,0,4,0,26,74,Bag
e6f84e88fecffdd2dd28e4ee978d77df94914908,community/lucene-index/src/test/java/org/neo4j/kernel/api/impl/index/LuceneSchemaIndexPopulationIT.java,2,0,0,6,95,135,Bag
e6f84e88fecffdd2dd28e4ee978d77df94914908,community/lucene-index/src/test/java/org/neo4j/kernel/api/impl/schema/LuceneSchemaIndexProviderTest.java,1,0,0,1,12,34,Bag
e6f84e88fecffdd2dd28e4ee978d77df94914908,community/lucene-index/src/main/java/org/neo4j/kernel/api/impl/schema/writer/PartitionedIndexWriter.java,5,0,1,6,82,124,Bag
e6f84e88fecffdd2dd28e4ee978d77df94914908,community/lucene-index/src/main/java/org/neo4j/kernel/api/impl/index/AbstractLuceneIndex.java,23,0,11,6,314,433,Bag
e6f84e88fecffdd2dd28e4ee978d77df94914908,community/lucene-index/src/test/java/org/neo4j/kernel/api/impl/schema/LuceneSchemaIndexIT.java,9,0,0,9,235,303,Bag
e6f84e88fecffdd2dd28e4ee978d77df94914908,community/lucene-index/src/test/java/org/neo4j/index/impl/lucene/legacy/NonUniqueIndexTests.java,1,0,0,2,125,164,Bag
e7323ee9b0ad1a9a3cf89fe6f9e73bdf9b1b6ecd,community/graph-algo/src/test/java/org/neo4j/graphalgo/impl/path/TestShortestPath.java,14,0,1,15,372,551,NoBug
e7323ee9b0ad1a9a3cf89fe6f9e73bdf9b1b6ecd,community/graphdb-api/src/main/java/org/neo4j/graphdb/impl/StandardExpander.java,27,0,0,14,771,926,NoBug
e759164397885e88c76737ef74756d904667694c,community/bolt/src/main/java/org/neo4j/bolt/v1/messaging/BoltRequestMessage.java,2,0,2,1,36,77,NoBug
e759164397885e88c76737ef74756d904667694c,community/bolt/src/main/java/org/neo4j/bolt/v1/messaging/BoltResponseMessage.java,2,0,2,1,34,75,NoBug
e77cee57aa63fd2aa48c7a2541b263defdda2062,enterprise/ha/src/test/java/org/neo4j/ha/TestClusterIndexDeletion.java,1,0,0,2,51,85,NoBug
e77cee57aa63fd2aa48c7a2541b263defdda2062,community/lucene-index/src/main/java/org/neo4j/index/impl/lucene/LuceneTransaction.java,58,0,0,0,461,542,NoBug
e7b3407f3dfe22e4029042512fbf88c2d60aa94d,enterprise/server-enterprise/src/main/java/org/neo4j/server/enterprise/StandaloneClusterClient.java,14,0,1,1,136,188,Bag
e7b3407f3dfe22e4029042512fbf88c2d60aa94d,enterprise/cluster/src/test/java/org/neo4j/cluster/protocol/cluster/ClusterMockTest.java,51,0,1,26,713,833,Bag
e7b3407f3dfe22e4029042512fbf88c2d60aa94d,enterprise/cluster/src/test/java/org/neo4j/cluster/protocol/atomicbroadcast/multipaxos/MultiPaxosServer.java,12,0,1,4,217,265,Bag
e7b3407f3dfe22e4029042512fbf88c2d60aa94d,enterprise/ha/src/main/java/org/neo4j/kernel/ha/backup/HaBackupProvider.java,13,0,0,3,166,214,Bag
e7b3407f3dfe22e4029042512fbf88c2d60aa94d,enterprise/cluster/src/main/java/org/neo4j/cluster/MultiPaxosServerFactory.java,2,0,2,3,191,250,Bag
e7b3407f3dfe22e4029042512fbf88c2d60aa94d,enterprise/ha/src/test/java/org/neo4j/ha/correctness/ClusterInstance.java,19,0,0,0,302,392,Bag
e7b3407f3dfe22e4029042512fbf88c2d60aa94d,enterprise/cluster/src/test/java/org/neo4j/cluster/com/message/NetworkSenderReceiverTest.java,3,0,0,4,262,354,Bag
e7b3407f3dfe22e4029042512fbf88c2d60aa94d,enterprise/cluster/src/test/java/org/neo4j/cluster/protocol/cluster/ClusterNetworkTest.java,27,0,1,19,414,560,Bag
e7b3407f3dfe22e4029042512fbf88c2d60aa94d,enterprise/cluster/src/test/java/org/neo4j/cluster/protocol/atomicbroadcast/multipaxos/MultiPaxosNetworkTest.java,2,0,1,1,180,254,Bag
e7b3407f3dfe22e4029042512fbf88c2d60aa94d,enterprise/ha/src/main/java/org/neo4j/kernel/ha/HighlyAvailableGraphDatabase.java,27,0,0,12,628,745,Bag
e7b3407f3dfe22e4029042512fbf88c2d60aa94d,enterprise/server-enterprise/src/test/java/org/neo4j/server/enterprise/StandaloneClusterClientIT.java,8,0,0,10,258,325,Bag
e7b3407f3dfe22e4029042512fbf88c2d60aa94d,enterprise/cluster/src/main/java/org/neo4j/cluster/StateMachines.java,15,0,1,12,204,267,Bag
e7b3407f3dfe22e4029042512fbf88c2d60aa94d,enterprise/cluster/src/main/java/org/neo4j/cluster/com/NetworkReceiver.java,14,0,2,16,271,355,Bag
e7b3407f3dfe22e4029042512fbf88c2d60aa94d,enterprise/cluster/src/main/java/org/neo4j/cluster/NetworkedServerFactory.java,2,0,1,2,152,200,Bag
e7b3407f3dfe22e4029042512fbf88c2d60aa94d,enterprise/cluster/src/test/java/org/neo4j/cluster/NetworkMock.java,16,0,1,12,237,309,Bag
e7b3407f3dfe22e4029042512fbf88c2d60aa94d,enterprise/cluster/src/main/java/org/neo4j/cluster/com/NetworkSender.java,21,0,2,14,335,432,Bag
e7b3407f3dfe22e4029042512fbf88c2d60aa94d,enterprise/ha/src/test/java/org/neo4j/ha/correctness/TestProver.java,1,0,0,3,56,95,Bag
e7b3407f3dfe22e4029042512fbf88c2d60aa94d,enterprise/ha/src/test/java/org/neo4j/test/ha/ClusterManager.java,54,0,19,30,874,1110,Bag
e7b3407f3dfe22e4029042512fbf88c2d60aa94d,enterprise/cluster/src/test/java/org/neo4j/cluster/StateMachinesTest.java,3,0,0,5,138,192,Bag
e7b3407f3dfe22e4029042512fbf88c2d60aa94d,enterprise/cluster/src/main/java/org/neo4j/cluster/protocol/heartbeat/HeartbeatIAmAliveProcessor.java,8,0,1,2,48,79,Bag
e7b3407f3dfe22e4029042512fbf88c2d60aa94d,enterprise/cluster/src/main/java/org/neo4j/cluster/client/ClusterClient.java,4,0,1,50,474,594,Bag
e7b3407f3dfe22e4029042512fbf88c2d60aa94d,enterprise/ha/src/test/java/org/neo4j/ha/correctness/Prover.java,5,0,0,3,89,128,Bag
e7b3407f3dfe22e4029042512fbf88c2d60aa94d,enterprise/cluster/src/test/java/org/neo4j/cluster/protocol/atomicbroadcast/multipaxos/MultiPaxosTest.java,3,0,2,0,57,132,Bag
e7c6386b8eae6ad78289537e82012839d16603ec,community/cypher/cypher-compiler-2.3/src/main/java/org/neo4j/cypher/internal/compiler/v2_3/codegen/ResultRowImpl.java,4,0,0,10,69,103,NoBug
e7ef847240fe5994b54b22d1fa9e6953ab191768,community/kernel/src/main/java/org/neo4j/graphdb/factory/GraphDatabaseSettings.java,9,0,4,4,473,622,NoBug
e874bf1efb4105df86f49b88fd982245a8b7f93b,community/kernel/src/test/java/org/neo4j/kernel/impl/event/TestTransactionEvents.java,33,0,0,15,913,1078,Bag
e874bf1efb4105df86f49b88fd982245a8b7f93b,community/kernel/src/main/java/org/neo4j/kernel/impl/coreapi/TxStateTransactionDataSnapshot.java,24,0,1,13,399,470,Bag
e94bda936c0a38cca984a48eb01657b3d6d0ac90,community/kernel/src/main/java/org/neo4j/kernel/impl/transaction/state/TransactionRecordState.java,24,0,16,13,378,592,NoBug
e94bda936c0a38cca984a48eb01657b3d6d0ac90,community/kernel/src/test/java/org/neo4j/kernel/impl/store/TestGraphProperties.java,5,0,0,10,358,423,NoBug
e9de62e7befeeb8b49cf594775b843b963d6ef6d,community/kernel/src/main/java/org/neo4j/kernel/impl/persistence/NeoStoreTransaction.java,1,0,31,3,56,340,Bag
e9de62e7befeeb8b49cf594775b843b963d6ef6d,community/kernel/src/main/java/org/neo4j/kernel/impl/nioneo/xa/WriteTransaction.java,214,0,1,38,1644,1857,Bag
e9de62e7befeeb8b49cf594775b843b963d6ef6d,community/kernel/src/main/java/org/neo4j/kernel/impl/nioneo/xa/ReadTransaction.java,21,0,0,0,371,457,Bag
e9de62e7befeeb8b49cf594775b843b963d6ef6d,community/kernel/src/main/java/org/neo4j/kernel/impl/persistence/PersistenceManager.java,16,0,0,32,316,414,Bag
e9de62e7befeeb8b49cf594775b843b963d6ef6d,community/kernel/src/test/java/org/neo4j/kernel/impl/core/NodeManagerTest.java,1,0,0,5,123,181,Bag
e9de62e7befeeb8b49cf594775b843b963d6ef6d,community/kernel/src/main/java/org/neo4j/kernel/impl/core/NodeManager.java,76,0,1,49,988,1175,Bag
e9de62e7befeeb8b49cf594775b843b963d6ef6d,community/kernel/src/main/java/org/neo4j/kernel/impl/nioneo/store/NodeStore.java,13,0,1,15,204,265,Bag
ea07bee308a2d30dba7192ea79a67e09250448cb,community/kernel/src/main/java/org/neo4j/kernel/impl/api/index/NodeUpdates.java,79,0,3,17,478,599,Bag
ea0c055d8764baf8f17fd75d397b05ff957064f6,enterprise/server-enterprise/src/test/java/org/neo4j/server/enterprise/ArbiterBootstrapperTestProxy.java,1,0,0,2,17,45,Bag
ea0c055d8764baf8f17fd75d397b05ff957064f6,integrationtests/src/test/java/org/neo4j/storeupgrade/StoreUpgradeIntegrationTest.java,14,0,0,12,506,601,Bag
ea0c055d8764baf8f17fd75d397b05ff957064f6,community/server/src/test/java/org/neo4j/server/BaseBootstrapperTest.java,2,0,0,6,92,143,Bag
ea0c055d8764baf8f17fd75d397b05ff957064f6,community/server/src/main/java/org/neo4j/server/ServerBootstrapper.java,12,0,0,6,147,191,Bag
ea0c055d8764baf8f17fd75d397b05ff957064f6,enterprise/server-enterprise/src/main/java/org/neo4j/server/enterprise/ArbiterBootstrapper.java,8,0,0,4,137,184,Bag
ea0c055d8764baf8f17fd75d397b05ff957064f6,community/server/src/main/java/org/neo4j/server/BlockingBootstrapper.java,3,0,0,4,40,68,Bag
ea0c055d8764baf8f17fd75d397b05ff957064f6,community/server/src/main/java/org/neo4j/server/ServerCommandLineArgs.java,1,0,1,3,41,88,Bag
ea0c055d8764baf8f17fd75d397b05ff957064f6,community/server/src/test/java/org/neo4j/server/ServerCommandLineArgsTest.java,1,0,0,7,66,114,Bag
ea0c055d8764baf8f17fd75d397b05ff957064f6,enterprise/server-enterprise/src/main/java/org/neo4j/server/enterprise/ArbiterEntryPoint.java,3,0,0,4,31,57,Bag
ea0c055d8764baf8f17fd75d397b05ff957064f6,community/server/src/test/java/org/neo4j/server/BlockingBootstrapperTest.java,1,0,0,3,69,110,Bag
ea0c055d8764baf8f17fd75d397b05ff957064f6,community/server/src/main/java/org/neo4j/server/Bootstrapper.java,1,0,0,3,9,33,Bag
ea0c055d8764baf8f17fd75d397b05ff957064f6,community/server/src/test/java/org/neo4j/server/integration/StartupLoggingIT.java,7,0,0,7,121,160,Bag
ea0c055d8764baf8f17fd75d397b05ff957064f6,enterprise/server-enterprise/src/test/java/org/neo4j/server/enterprise/EnterpriseBootstrapperTest.java,1,0,0,3,63,100,Bag
eaef48b14699253f45cd1893518b1f3d94f23271,community/kernel/src/main/java/org/neo4j/kernel/impl/coreapi/PlaceboTransaction.java,2,0,0,11,68,101,NoBug
eaef48b14699253f45cd1893518b1f3d94f23271,community/kernel/src/test/java/org/neo4j/graphdb/GraphDatabaseServiceTest.java,11,0,1,10,348,479,NoBug
eba75807921f179c3761681f289a1a6e4fbcfe75,enterprise/causal-clustering/src/main/java/org/neo4j/causalclustering/discovery/procedures/ClusterOverviewProcedure.java,6,0,1,2,123,168,NoBug
eba75807921f179c3761681f289a1a6e4fbcfe75,enterprise/causal-clustering/src/test/java/org/neo4j/causalclustering/discovery/procedures/ClusterOverviewProcedureTest.java,5,0,0,2,113,160,NoBug
eba75807921f179c3761681f289a1a6e4fbcfe75,enterprise/causal-clustering/src/test/java/org/neo4j/causalclustering/scenarios/ClusterOverviewIT.java,17,0,0,10,276,392,NoBug
eba75807921f179c3761681f289a1a6e4fbcfe75,integrationtests/src/test/java/org/neo4j/causalclustering/scenarios/BoltCausalClusteringIT.java,26,0,2,14,515,832,NoBug
ebaf8617fdfdd21fdac69e479d938a8966fb5156,enterprise/security/src/main/java/org/neo4j/server/security/enterprise/auth/AbstractRoleRepository.java,23,0,0,12,207,287,Bag
ebaf8617fdfdd21fdac69e479d938a8966fb5156,community/security/src/main/java/org/neo4j/server/security/auth/FileUserRepository.java,5,0,1,3,71,108,Bag
ebaf8617fdfdd21fdac69e479d938a8966fb5156,enterprise/security/src/main/java/org/neo4j/server/security/enterprise/auth/FileRoleRepository.java,5,0,1,3,71,104,Bag
ebaf8617fdfdd21fdac69e479d938a8966fb5156,enterprise/security/src/test/java/org/neo4j/server/security/enterprise/auth/EmbeddedAuthProceduresInteractionTest.java,1,0,0,1,12,35,Bag
ebaf8617fdfdd21fdac69e479d938a8966fb5156,enterprise/security/src/test/java/org/neo4j/server/security/enterprise/auth/InternalFlatFileRealmTest.java,1,0,0,4,114,165,Bag
ebaf8617fdfdd21fdac69e479d938a8966fb5156,enterprise/security/src/test/java/org/neo4j/server/security/enterprise/auth/FileRoleRepositoryTest.java,6,0,0,13,205,291,Bag
ebaf8617fdfdd21fdac69e479d938a8966fb5156,enterprise/security/src/main/java/org/neo4j/server/security/enterprise/auth/InternalFlatFileRealm.java,44,0,0,0,516,634,Bag
ebaf8617fdfdd21fdac69e479d938a8966fb5156,enterprise/security/src/test/java/org/neo4j/server/security/enterprise/auth/InternalFlatFileRealmIT.java,8,0,0,6,187,247,Bag
ebaf8617fdfdd21fdac69e479d938a8966fb5156,community/collections/src/main/java/org/neo4j/helpers/collection/MapUtil.java,15,0,19,9,234,437,Bag
ebaf8617fdfdd21fdac69e479d938a8966fb5156,community/security/src/test/java/org/neo4j/server/security/auth/FileUserRepositoryTest.java,6,0,0,11,192,270,Bag
ebaf8617fdfdd21fdac69e479d938a8966fb5156,community/security/src/main/java/org/neo4j/server/security/auth/ListSnapshot.java,1,0,0,2,12,35,Bag
ebaf8617fdfdd21fdac69e479d938a8966fb5156,enterprise/security/src/test/java/org/neo4j/server/security/enterprise/auth/EmbeddedInteraction.java,4,0,0,16,139,182,Bag
ebaf8617fdfdd21fdac69e479d938a8966fb5156,community/security/src/main/java/org/neo4j/server/security/auth/AbstractUserRepository.java,16,0,0,10,150,212,Bag
ec0a4490c9fe1e83e37d940b9c1fb896a2521a38,community/server/src/test/java/org/neo4j/server/rest/repr/MapRepresentationTest.java,3,0,0,7,132,176,NoBug
ec0a4490c9fe1e83e37d940b9c1fb896a2521a38,community/server/src/test/java/org/neo4j/server/rest/transactional/Neo4jJsonCodecTest.java,6,0,0,8,112,180,NoBug
ec0a4490c9fe1e83e37d940b9c1fb896a2521a38,community/server/src/main/java/org/neo4j/server/rest/repr/MapRepresentation.java,14,0,0,2,80,112,NoBug
ec0a4490c9fe1e83e37d940b9c1fb896a2521a38,community/server/src/main/java/org/neo4j/server/rest/transactional/Neo4jJsonCodec.java,12,0,0,3,123,153,NoBug
ec498f343a1c65d43208bc7d490de0bce33fa1bb,community/bolt/src/main/java/org/neo4j/bolt/v1/messaging/BoltMessageRouter.java,6,0,1,7,189,256,Bag
ec498f343a1c65d43208bc7d490de0bce33fa1bb,community/bolt/src/test/java/org/neo4j/bolt/v1/transport/integration/TransportSessionIT.java,3,0,0,15,308,413,Bag
ec498f343a1c65d43208bc7d490de0bce33fa1bb,community/bolt/src/main/java/org/neo4j/bolt/v1/runtime/BoltStateMachine.java,24,0,9,16,558,786,Bag
ec656d57e9b47b2c7d4da80daf6109ca500455e1,community/server/src/test/java/org/neo4j/server/rest/transactional/ExecutionResultSerializerTest.java,16,0,0,28,757,1003,NoBug
ec656d57e9b47b2c7d4da80daf6109ca500455e1,community/server/src/main/java/org/neo4j/server/rest/transactional/ExecutionResultSerializer.java,28,0,5,3,401,489,NoBug
ec9c8a128b39729ca3f12d5b5df61aac233b2a1c,community/cypher/cypher/src/test/java/org/neo4j/cypher/GraphDatabaseServiceExecuteTest.java,1,0,0,6,83,141,NoBug
ec9c8a128b39729ca3f12d5b5df61aac233b2a1c,community/graphdb-api/src/main/java/org/neo4j/graphdb/spatial/Point.java,1,0,2,0,8,40,NoBug
ec9c8a128b39729ca3f12d5b5df61aac233b2a1c,community/graphdb-api/src/main/java/org/neo4j/graphdb/spatial/CRS.java,1,0,4,0,7,60,NoBug
ec9c8a128b39729ca3f12d5b5df61aac233b2a1c,community/graphdb-api/src/main/java/org/neo4j/graphdb/spatial/Coordinate.java,5,0,2,3,36,86,NoBug
ec9c8a128b39729ca3f12d5b5df61aac233b2a1c,community/graphdb-api/src/main/java/org/neo4j/graphdb/spatial/Geometry.java,1,0,3,0,7,44,NoBug
ecb95517bd5ff9599c6b75e5054b146e7b1bf767,integrationtests/src/test/java/org/neo4j/procedure/ProcedureIT.java,10,0,0,138,1249,1668,Bag
ed50a5b2e1bc6bb50e5d4d59c681673ad75d5808,community/lucene-index/src/test/java/org/neo4j/kernel/impl/api/index/IndexingServiceIntegrationTest.java,4,0,0,5,170,221,Bag
ed50a5b2e1bc6bb50e5d4d59c681673ad75d5808,community/kernel/src/main/java/org/neo4j/kernel/impl/api/index/IndexMap.java,3,0,1,10,72,113,NoBug
ed50a5b2e1bc6bb50e5d4d59c681673ad75d5808,community/kernel/src/test/java/org/neo4j/kernel/impl/api/index/IndexingServiceTest.java,14,0,1,27,1036,1361,NoBug
ed50a5b2e1bc6bb50e5d4d59c681673ad75d5808,community/kernel/src/main/java/org/neo4j/kernel/impl/api/index/IndexingService.java,56,0,6,24,630,845,NoBug
ed50a5b2e1bc6bb50e5d4d59c681673ad75d5808,community/kernel/src/main/java/org/neo4j/kernel/impl/api/index/ContractCheckingIndexProxy.java,13,0,1,6,130,197,NoBug
ed50a5b2e1bc6bb50e5d4d59c681673ad75d5808,community/kernel/src/main/java/org/neo4j/kernel/impl/transaction/log/checkpoint/CheckPointScheduler.java,8,0,0,4,119,161,NoBug
edb25b0c87b408b2e07a489b10af5d3095c3fa85,integrationtests/src/test/java/org/neo4j/procedure/ProcedureIT.java,10,0,0,142,1290,1717,NoBug
edc549d3d7df786c27ee1dfdefc23901b2e1b88a,packaging/neo4j-desktop/src/main/java/org/neo4j/desktop/runtime/DesktopConfigurator.java,2,0,0,9,63,100,Bag
edc549d3d7df786c27ee1dfdefc23901b2e1b88a,community/server/src/main/java/org/neo4j/server/configuration/ConfigurationBuilder.java,4,0,4,9,86,141,Bag
ee0ddcd0a1a57b0bd51718c8991794a25f3e05a1,community/cypher/cypher/src/main/java/org/neo4j/cypher/internal/codegen/CompiledConversionUtils.java,70,0,1,17,333,388,Bag
ee1618f470a8d79a1de5eabbca1e28ab110056c8,community/kernel/src/main/java/org/neo4j/kernel/impl/transaction/AbstractTransactionManager.java,1,0,5,3,28,86,Bag
ee1618f470a8d79a1de5eabbca1e28ab110056c8,community/kernel/src/main/java/org/neo4j/kernel/impl/transaction/TxManager.java,89,0,2,26,862,1052,Bag
ee5bf325fe9b6feaa0257038ffe45c0288d07f31,community/shell/src/main/java/org/neo4j/shell/impl/JLineConsole.java,5,0,1,2,70,107,NoBug
ee9e8b911ee8e1d2a78a01d8e22923103888a505,community/kernel/src/main/java/org/neo4j/kernel/impl/transaction/state/TransactionRecordState.java,24,0,16,13,377,590,Bag
ee9e8b911ee8e1d2a78a01d8e22923103888a505,community/kernel/src/test/java/org/neo4j/kernel/impl/store/TestGraphProperties.java,5,0,0,9,317,374,Bag
ef16d4f8c7d4c89449c7e136c6610c513e10fe4e,enterprise/security/src/main/java/org/neo4j/server/security/enterprise/auth/ShiroAuthenticationInfo.java,6,0,0,6,68,105,NoBug
ef16d4f8c7d4c89449c7e136c6610c513e10fe4e,enterprise/security/src/main/java/org/neo4j/server/security/enterprise/auth/plugin/PluginAuthenticationInfo.java,3,0,0,5,59,88,NoBug
ef16d4f8c7d4c89449c7e136c6610c513e10fe4e,enterprise/security/src/main/java/org/neo4j/server/security/enterprise/auth/plugin/PluginAuthInfo.java,2,0,0,8,69,101,NoBug
ef4a74132fbe3dd0b84ea97d12ac58d0a08c979a,enterprise/causal-clustering/src/main/java/org/neo4j/commandline/dbms/UnbindFromClusterCommand.java,6,0,0,8,146,188,Bag
ef60bfe38f0249b3614b7195611717e338c0ba02,community/lucene-index/src/main/java/org/neo4j/kernel/api/impl/schema/writer/PartitionedIndexWriter.java,6,0,1,6,87,135,Bag
ef60bfe38f0249b3614b7195611717e338c0ba02,community/lucene-index/src/main/java/org/neo4j/kernel/api/impl/schema/writer/LuceneIndexWriter.java,1,0,1,5,13,44,Bag
ef60bfe38f0249b3614b7195611717e338c0ba02,community/lucene-index/src/main/java/org/neo4j/kernel/api/impl/schema/populator/LuceneIndexPopulator.java,2,0,1,5,65,102,Bag
f0583fd6b622b859356bfa7b8db1cf885315373d,community/lucene-index/src/main/java/org/neo4j/kernel/api/impl/schema/populator/LuceneIndexPopulator.java,2,0,1,5,62,99,NoBug
f0583fd6b622b859356bfa7b8db1cf885315373d,community/lucene-index/src/main/java/org/neo4j/kernel/api/impl/schema/writer/LuceneIndexWriter.java,1,0,1,5,13,44,NoBug
f0583fd6b622b859356bfa7b8db1cf885315373d,community/lucene-index/src/main/java/org/neo4j/kernel/api/impl/schema/writer/PartitionedIndexWriter.java,7,0,1,6,87,138,NoBug
f0b03e0d48342f7b76608313e94292a530d373e0,enterprise/causal-clustering/src/test/java/org/neo4j/causalclustering/scenarios/CausalConsistencyIT.java,2,0,0,3,60,105,Bag
f0b03e0d48342f7b76608313e94292a530d373e0,community/bolt/src/main/java/org/neo4j/bolt/v1/runtime/TransactionStateMachineSPI.java,3,0,0,0,123,158,Bag
f0b03e0d48342f7b76608313e94292a530d373e0,community/kernel/src/main/java/org/neo4j/kernel/impl/factory/PlatformModule.java,11,0,1,2,207,300,Bag
f0b03e0d48342f7b76608313e94292a530d373e0,community/bolt/src/main/java/org/neo4j/bolt/v1/runtime/LifecycleManagedBoltFactory.java,1,0,0,7,73,103,Bag
f0b03e0d48342f7b76608313e94292a530d373e0,community/kernel/src/main/java/org/neo4j/kernel/api/txtracking/TransactionIdTracker.java,3,0,3,1,36,98,Bag
f0b03e0d48342f7b76608313e94292a530d373e0,community/kernel/src/test/java/org/neo4j/kernel/api/txtracking/TransactionIdTrackerTest.java,2,0,0,4,47,91,Bag
f0b03e0d48342f7b76608313e94292a530d373e0,enterprise/causal-clustering/src/main/java/org/neo4j/causalclustering/catchup/tx/TransactionLogCatchUpWriter.java,5,0,0,3,90,134,NoBug
f0b03e0d48342f7b76608313e94292a530d373e0,enterprise/causal-clustering/src/main/java/org/neo4j/causalclustering/catchup/tx/TxPullClient.java,1,0,0,3,43,70,NoBug
f0b03e0d48342f7b76608313e94292a530d373e0,stresstests/src/test/java/org/neo4j/causalclustering/stresstests/CatchUpLoad.java,16,0,0,0,159,204,NoBug
f0b03e0d48342f7b76608313e94292a530d373e0,stresstests/src/test/java/org/neo4j/causalclustering/stresstests/CatchupStoreCopyInteractionStressTesting.java,2,0,0,2,84,119,NoBug
f0b03e0d48342f7b76608313e94292a530d373e0,enterprise/causal-clustering/src/test/java/org/neo4j/causalclustering/catchup/tx/TransactionLogCatchUpWriterTest.java,3,0,0,3,132,183,NoBug
f0b03e0d48342f7b76608313e94292a530d373e0,enterprise/causal-clustering/src/main/java/org/neo4j/causalclustering/catchup/tx/TransactionLogCatchUpFactory.java,1,0,0,2,13,36,NoBug
f0b03e0d48342f7b76608313e94292a530d373e0,stresstests/src/test/java/org/neo4j/causalclustering/stresstests/Workload.java,5,0,0,0,54,97,NoBug
f0b03e0d48342f7b76608313e94292a530d373e0,enterprise/causal-clustering/src/main/java/org/neo4j/causalclustering/core/state/machines/tx/LastCommittedIndexFinder.java,4,0,1,2,48,80,NoBug
f0b03e0d48342f7b76608313e94292a530d373e0,enterprise/causal-clustering/src/test/java/org/neo4j/causalclustering/catchup/storecopy/StoreFetcherTest.java,2,0,0,4,91,142,NoBug
f0b03e0d48342f7b76608313e94292a530d373e0,enterprise/causal-clustering/src/main/java/org/neo4j/causalclustering/catchup/storecopy/StoreFetcher.java,5,0,0,5,95,129,NoBug
f13efebd3b366abe29b2da79819eda5d5e365bd6,community/lucene-index/src/main/java/org/neo4j/index/impl/lucene/legacy/IndexClockCache.java,2,0,0,3,22,46,NoBug
f13efebd3b366abe29b2da79819eda5d5e365bd6,community/lucene-index/src/main/java/org/neo4j/index/impl/lucene/legacy/WritableIndexReferenceFactory.java,5,0,0,0,67,106,NoBug
f13efebd3b366abe29b2da79819eda5d5e365bd6,community/lucene-index/src/main/java/org/neo4j/index/impl/lucene/legacy/WritableIndexReference.java,2,0,0,0,49,79,NoBug
f13efebd3b366abe29b2da79819eda5d5e365bd6,community/lucene-index/src/test/java/org/neo4j/index/impl/lucene/legacy/ReadOnlyIndexReferenceFactoryTest.java,1,0,0,4,80,115,NoBug
f13efebd3b366abe29b2da79819eda5d5e365bd6,community/lucene-index/src/test/java/org/neo4j/index/impl/lucene/legacy/WritableIndexReferenceFactoryTest.java,1,0,0,5,88,131,NoBug
f13efebd3b366abe29b2da79819eda5d5e365bd6,community/kernel/src/test/java/org/neo4j/test/CleanupRule.java,7,0,1,2,73,122,NoBug
f13efebd3b366abe29b2da79819eda5d5e365bd6,community/lucene-index/src/main/java/org/neo4j/index/impl/lucene/legacy/IndexReferenceFactory.java,2,0,0,0,39,85,NoBug
f13efebd3b366abe29b2da79819eda5d5e365bd6,community/lucene-index/src/main/java/org/neo4j/index/impl/lucene/legacy/IndexReference.java,8,0,0,0,82,126,NoBug
f13efebd3b366abe29b2da79819eda5d5e365bd6,community/lucene-index/src/test/java/org/neo4j/index/impl/lucene/legacy/LuceneDataSourceTest.java,1,0,0,12,221,273,NoBug
f13efebd3b366abe29b2da79819eda5d5e365bd6,community/lucene-index/src/test/java/org/neo4j/index/impl/lucene/legacy/ReadOnlyIndexReferenceTest.java,1,0,0,13,104,149,NoBug
f13efebd3b366abe29b2da79819eda5d5e365bd6,community/lucene-index/src/test/java/org/neo4j/index/impl/lucene/legacy/CloseTrackingIndexReader.java,1,0,0,11,70,108,NoBug
f13efebd3b366abe29b2da79819eda5d5e365bd6,community/lucene-index/src/test/java/org/neo4j/index/impl/lucene/legacy/WritableIndexReferenceTest.java,1,0,0,5,47,78,NoBug
f13efebd3b366abe29b2da79819eda5d5e365bd6,community/lucene-index/src/main/java/org/neo4j/index/impl/lucene/legacy/ReadOnlyIndexReferenceFactory.java,1,0,0,2,26,51,NoBug
f13efebd3b366abe29b2da79819eda5d5e365bd6,community/lucene-index/src/main/java/org/neo4j/index/impl/lucene/legacy/ReadOnlyIndexReference.java,1,0,0,5,31,60,NoBug
f13efebd3b366abe29b2da79819eda5d5e365bd6,community/lucene-index/src/main/java/org/neo4j/index/impl/lucene/legacy/LuceneDataSource.java,46,0,2,6,466,554,NoBug
f19f8ea27402554e82d1646d0694f30536dfc3c7,community/kernel/src/main/java/org/neo4j/kernel/impl/factory/EditionModule.java,4,0,1,1,142,198,Bag
f19f8ea27402554e82d1646d0694f30536dfc3c7,enterprise/security/src/test/java/org/neo4j/server/security/enterprise/auth/EnterpriseSecurityModuleTest.java,1,0,1,7,124,190,NoBug
f19f8ea27402554e82d1646d0694f30536dfc3c7,enterprise/security/src/main/java/org/neo4j/server/security/enterprise/auth/EnterpriseSecurityModule.java,49,0,0,9,314,391,NoBug
f19f8ea27402554e82d1646d0694f30536dfc3c7,enterprise/security/src/main/java/org/neo4j/server/security/enterprise/auth/plugin/PluginRealm.java,44,0,0,12,394,475,NoBug
f3a55b31e7ffe56236904e3e19875c29a444226c,enterprise/ha/src/main/java/org/neo4j/kernel/ha/cluster/SwitchToSlave.java,25,0,1,9,450,577,Bag
f3a55b31e7ffe56236904e3e19875c29a444226c,enterprise/com/src/main/java/org/neo4j/com/Server.java,37,0,1,19,604,743,Bag
f3a55b31e7ffe56236904e3e19875c29a444226c,enterprise/ha/src/test/java/org/neo4j/ha/BackupHaIT.java,3,0,0,6,124,171,Bag
f403cd730863c42573fc3f4b46ed9d9c55daca4e,community/server/src/test/java/org/neo4j/server/rest/transactional/Neo4jJsonCodecTest.java,8,0,0,10,141,222,Bag
f403cd730863c42573fc3f4b46ed9d9c55daca4e,community/graphdb-api/src/main/java/org/neo4j/graphdb/spatial/Geometry.java,1,0,3,0,7,44,Bag
f403cd730863c42573fc3f4b46ed9d9c55daca4e,community/server/src/main/java/org/neo4j/server/rest/transactional/Neo4jJsonCodec.java,23,0,0,4,222,258,Bag
f403cd730863c42573fc3f4b46ed9d9c55daca4e,community/server/src/test/java/org/neo4j/server/rest/transactional/ExecutionResultSerializerTest.java,16,0,0,27,738,979,Bag
f403cd730863c42573fc3f4b46ed9d9c55daca4e,community/server/src/test/java/org/neo4j/server/rest/transactional/CypherQueriesIT.java,1,0,0,2,35,65,Bag
f44287b7a495e7eebc71863a05453d7bfd7285bf,community/primitive-collections/src/main/java/org/neo4j/collection/primitive/hopscotch/HopScotchHashingAlgorithm.java,28,0,2,21,283,425,NoBug
f44287b7a495e7eebc71863a05453d7bfd7285bf,community/primitive-collections/src/test/java/org/neo4j/collection/primitive/hopscotch/PrimitiveLongMapTest.java,4,0,0,30,1162,1333,NoBug
f44287b7a495e7eebc71863a05453d7bfd7285bf,community/primitive-collections/src/main/java/org/neo4j/collection/primitive/hopscotch/AbstractHopScotchCollection.java,3,0,1,10,62,100,NoBug
f458a0a788b87bbbe0849cf5e6e115e8fcd727fa,community/import-tool/src/test/java/org/neo4j/tooling/ImportToolTest.java,41,0,0,20,888,1076,NoBug
f458a0a788b87bbbe0849cf5e6e115e8fcd727fa,community/kernel/src/main/java/org/neo4j/unsafe/impl/batchimport/input/csv/InputEntityDeserializer.java,17,0,1,5,158,207,NoBug
f51bd417ccd6051edf8da498f9c5ca7bdf6316e8,community/kernel/src/test/java/org/neo4j/kernel/impl/util/collection/TimedRepositoryTest.java,9,0,0,11,247,347,NoBug
f51bd417ccd6051edf8da498f9c5ca7bdf6316e8,community/kernel/src/main/java/org/neo4j/kernel/impl/util/collection/TimedRepository.java,16,0,2,6,142,218,NoBug
f51bd417ccd6051edf8da498f9c5ca7bdf6316e8,enterprise/ha/src/test/java/org/neo4j/kernel/ha/com/master/MasterImplConversationStopFuzzIT.java,19,0,1,2,420,514,NoBug
f5597b561a5a9bb123d6b374e6aba3d173fd3ead,enterprise/core-edge/src/test/java/org/neo4j/coreedge/discovery/Cluster.java,29,0,1,27,402,501,NoBug
f5c2dcd970a7b9768637b59ff68971c584e5615c,community/bolt/src/test/java/org/neo4j/bolt/v1/transport/BoltV1DechunkerTest.java,3,0,0,2,40,71,NoBug
f5c2dcd970a7b9768637b59ff68971c584e5615c,community/bolt/src/main/java/org/neo4j/bolt/v1/packstream/utf8/SunMiscUTF8Encoder.java,11,0,1,1,115,194,NoBug
f5fc21139e1df53b6435f893470cacc8a6a8c123,community/shell/src/main/java/org/neo4j/shell/impl/RmiLocation.java,8,0,11,0,112,193,Bag
f5fc21139e1df53b6435f893470cacc8a6a8c123,community/shell/src/main/java/org/neo4j/shell/impl/RemotelyAvailableServer.java,2,0,0,0,90,132,Bag
f62546c107cb36ef81fac35fa804e80c9b4c5282,community/server/src/main/java/org/neo4j/server/ServerBootstrapper.java,13,0,0,6,160,207,Bag
f6305f3bb34dc2823dbaece19c7f1050c20d095e,enterprise/ha/src/test/java/org/neo4j/ha/TestClusterIndexDeletion.java,1,0,0,2,56,90,NoBug
f6305f3bb34dc2823dbaece19c7f1050c20d095e,enterprise/ha/src/test/java/org/neo4j/kernel/ha/ClusterTopologyChangesIT.java,7,0,0,5,207,284,NoBug
f6305f3bb34dc2823dbaece19c7f1050c20d095e,enterprise/ha/src/test/java/org/neo4j/ha/TestSlaveOnlyCluster.java,4,0,0,3,115,160,NoBug
f6305f3bb34dc2823dbaece19c7f1050c20d095e,enterprise/cluster/src/main/java/org/neo4j/cluster/com/NetworkSender.java,25,0,2,18,373,480,NoBug
f6305f3bb34dc2823dbaece19c7f1050c20d095e,enterprise/cluster/src/main/java/org/neo4j/cluster/client/ClusterJoin.java,18,0,1,9,204,262,NoBug
f6305f3bb34dc2823dbaece19c7f1050c20d095e,enterprise/ha/src/test/java/org/neo4j/ha/ClusterTransactionIT.java,4,0,0,4,116,165,NoBug
f6305f3bb34dc2823dbaece19c7f1050c20d095e,enterprise/ha/src/test/java/org/neo4j/kernel/impl/ha/ClusterManager.java,74,0,21,40,1083,1365,NoBug
f6305f3bb34dc2823dbaece19c7f1050c20d095e,enterprise/com/src/main/java/org/neo4j/com/Client.java,15,0,1,6,299,391,NoBug
f6305f3bb34dc2823dbaece19c7f1050c20d095e,enterprise/server-enterprise/src/test/java/org/neo4j/server/enterprise/StandaloneClusterClientIT.java,8,0,0,10,264,331,NoBug
f6305f3bb34dc2823dbaece19c7f1050c20d095e,enterprise/ha/src/test/java/org/neo4j/test/ha/ClusterTest.java,7,0,0,9,285,344,NoBug
f6305f3bb34dc2823dbaece19c7f1050c20d095e,enterprise/ha/src/test/java/org/neo4j/ha/BackupHaIT.java,4,0,0,7,140,201,NoBug
f6305f3bb34dc2823dbaece19c7f1050c20d095e,enterprise/ha/src/test/java/org/neo4j/ha/MultipleClusterTest.java,3,0,1,1,80,120,NoBug
f6305f3bb34dc2823dbaece19c7f1050c20d095e,enterprise/cluster/src/main/java/org/neo4j/cluster/client/Clusters.java,20,0,3,20,176,241,NoBug
f720e394ba43a8300917afd767c602d0a43508af,community/import-tool/src/main/java/org/neo4j/tooling/ImportTool.java,60,0,3,8,842,996,NoBug
f720e394ba43a8300917afd767c602d0a43508af,community/import-tool/src/test/java/org/neo4j/tooling/ImportToolTest.java,89,0,0,57,1818,2313,NoBug
f7316a2db7646e5cacf958638cef0832e214d09e,community/kernel/src/main/java/org/neo4j/graphdb/impl/notification/NotificationCode.java,7,0,2,0,252,295,NoBug
f75c8d53003736396824e5e753724156f30ae51e,community/cypher/cypher/src/test/java/org/neo4j/cypher/internal/javacompat/CypherEngineProviderTest.java,1,0,0,2,13,42,NoBug
f80491634c569e9bb3c72bd5bfc0e64e14979a19,community/graph-algo/src/main/java/org/neo4j/graphalgo/GraphAlgoFactory.java,1,0,23,1,130,509,NoBug
f80491634c569e9bb3c72bd5bfc0e64e14979a19,community/kernel/src/main/java/org/neo4j/kernel/StandardExpander.java,31,0,0,19,925,1089,NoBug
f80491634c569e9bb3c72bd5bfc0e64e14979a19,community/graph-algo/src/main/java/org/neo4j/graphalgo/impl/path/ShortestPath.java,56,0,3,8,547,674,NoBug
f8312acd0366ce0443db2e896541313ac6ae8bac,enterprise/causal-clustering/src/main/java/org/neo4j/causalclustering/catchup/storecopy/FileSender.java,12,0,0,0,133,170,NoBug
f8312acd0366ce0443db2e896541313ac6ae8bac,enterprise/causal-clustering/src/main/java/org/neo4j/causalclustering/catchup/storecopy/FileChunk.java,9,0,0,8,92,128,NoBug
f8312acd0366ce0443db2e896541313ac6ae8bac,enterprise/causal-clustering/src/test/java/org/neo4j/causalclustering/catchup/storecopy/FileSenderTest.java,1,0,0,10,190,285,NoBug
f989cda4db4dce1192304c4f9c559c8f46b6a885,community/consistency-check/src/main/java/org/neo4j/consistency/checking/cache/DefaultCacheAccess.java,7,0,1,7,155,206,Bag
f9d12ac5a043a01529528598103ae89e59080a37,enterprise/core-edge/src/main/java/org/neo4j/coreedge/raft/replication/id/ReplicatedIdGenerator.java,4,0,0,13,116,156,Bag
fa74cf176b185f7987469468fb3128e2e3994059,community/shell/src/test/java/org/neo4j/shell/TestApps.java,14,0,1,74,976,1202,NoBug
fa74cf176b185f7987469468fb3128e2e3994059,community/shell/src/main/java/org/neo4j/shell/kernel/apps/cypher/Planner.java,1,0,0,1,7,29,NoBug
fa816e9779bf1c0283c3c6f59e34d454940631cb,enterprise/causal-clustering/src/test/java/org/neo4j/causalclustering/core/consensus/log/segmented/InFlightLogEntriesCacheTest.java,5,0,0,4,60,92,Bag
fa816e9779bf1c0283c3c6f59e34d454940631cb,enterprise/causal-clustering/src/test/java/org/neo4j/causalclustering/core/state/CommandApplicationProcessTest.java,3,0,1,13,267,393,Bag
fa816e9779bf1c0283c3c6f59e34d454940631cb,enterprise/causal-clustering/src/test/java/org/neo4j/causalclustering/core/consensus/state/RaftStateTest.java,1,0,0,3,104,152,Bag
fa816e9779bf1c0283c3c6f59e34d454940631cb,enterprise/causal-clustering/src/test/java/org/neo4j/causalclustering/core/consensus/roles/ElectionTest.java,1,0,0,4,96,153,Bag
fa816e9779bf1c0283c3c6f59e34d454940631cb,enterprise/causal-clustering/src/main/java/org/neo4j/causalclustering/core/consensus/log/segmented/InFlightMap.java,2,0,4,2,35,87,Bag
fa816e9779bf1c0283c3c6f59e34d454940631cb,enterprise/causal-clustering/src/test/java/org/neo4j/causalclustering/core/consensus/RaftTestFixture.java,9,0,0,19,161,211,Bag
fa816e9779bf1c0283c3c6f59e34d454940631cb,enterprise/causal-clustering/src/test/java/org/neo4j/causalclustering/core/consensus/outcome/TruncateLogCommandTest.java,1,0,0,3,50,90,Bag
fa816e9779bf1c0283c3c6f59e34d454940631cb,enterprise/causal-clustering/src/main/java/org/neo4j/causalclustering/core/state/CoreLife.java,2,0,0,6,71,102,Bag
fa816e9779bf1c0283c3c6f59e34d454940631cb,enterprise/causal-clustering/src/main/java/org/neo4j/causalclustering/core/consensus/RaftMachine.java,23,0,2,22,310,411,Bag
fa816e9779bf1c0283c3c6f59e34d454940631cb,enterprise/causal-clustering/src/test/java/org/neo4j/causalclustering/core/consensus/election/Fixture.java,7,0,0,2,133,194,Bag
fa816e9779bf1c0283c3c6f59e34d454940631cb,enterprise/causal-clustering/src/test/java/org/neo4j/causalclustering/core/consensus/RaftMachineTest.java,5,0,0,17,393,565,Bag
fa816e9779bf1c0283c3c6f59e34d454940631cb,enterprise/causal-clustering/src/test/java/org/neo4j/causalclustering/core/consensus/outcome/BatchAppendLogEntriesTest.java,1,0,0,4,58,104,Bag
fa816e9779bf1c0283c3c6f59e34d454940631cb,enterprise/causal-clustering/src/test/java/org/neo4j/causalclustering/core/consensus/RaftMachineBuilder.java,2,0,1,12,135,191,Bag
fb575d4ca416c9d2730f19ca3da11efc309d6348,enterprise/causal-clustering/src/main/java/org/neo4j/causalclustering/discovery/CoreTopologyService.java,1,0,2,3,11,47,Bag
fb575d4ca416c9d2730f19ca3da11efc309d6348,enterprise/causal-clustering/src/main/java/org/neo4j/causalclustering/identity/ClusterBinder.java,8,0,1,3,95,137,Bag
fb575d4ca416c9d2730f19ca3da11efc309d6348,community/server/src/main/java/org/neo4j/server/ServerBootstrapper.java,16,0,0,6,189,243,Bag
fb575d4ca416c9d2730f19ca3da11efc309d6348,enterprise/causal-clustering/src/main/java/org/neo4j/causalclustering/discovery/HazelcastCoreTopologyService.java,7,0,0,0,246,319,Bag
fbb256f0ed00901df92b52448a63556836d79d36,community/cypher/compatibility-suite/src/test/java/cypher/FeatureSuiteTest.java,1,0,0,3,40,63,NoBug
fc402e75d960a43a6224c6d3a7dc1fd25d6d3fb3,community/kernel/src/main/java/org/neo4j/kernel/impl/api/OperationsFacade.java,21,0,13,147,1375,1622,Bag
fc402e75d960a43a6224c6d3a7dc1fd25d6d3fb3,enterprise/security/src/test/java/org/neo4j/server/security/enterprise/auth/AuthScenariosInteractionTestBase.java,2,0,28,3,464,806,Bag
fc529ced921544da8b5952a52468b9172485e9e8,community/server/src/main/java/org/neo4j/server/rest/web/TransactionalService.java,6,0,1,10,212,260,NoBug
fc529ced921544da8b5952a52468b9172485e9e8,community/server/src/test/java/org/neo4j/server/rest/transactional/integration/TransactionIT.java,3,0,0,23,390,563,NoBug
fc529ced921544da8b5952a52468b9172485e9e8,community/server/src/main/java/org/neo4j/server/rest/transactional/TransactionFacade.java,1,0,1,5,39,87,NoBug
fd06ce499b9b23c2b5e71977356de559be990c8d,community/bolt/src/main/java/org/neo4j/bolt/v1/runtime/BoltStateMachine.java,27,0,9,16,579,810,NoBug
fd06ce499b9b23c2b5e71977356de559be990c8d,community/bolt/src/main/java/org/neo4j/bolt/v1/messaging/BoltMessageRouter.java,2,0,1,7,97,146,NoBug
fd06ce499b9b23c2b5e71977356de559be990c8d,community/bolt/src/test/java/org/neo4j/bolt/v1/messaging/MessageProcessingHandlerTest.java,1,0,0,2,27,58,NoBug
fd06ce499b9b23c2b5e71977356de559be990c8d,community/bolt/src/main/java/org/neo4j/bolt/v1/transport/BoltProtocolV1.java,5,0,2,3,77,140,NoBug
fd06ce499b9b23c2b5e71977356de559be990c8d,community/bolt/src/main/java/org/neo4j/bolt/v1/messaging/MessageProcessingHandler.java,5,0,0,0,103,142,NoBug
fd06ce499b9b23c2b5e71977356de559be990c8d,community/bolt/src/main/java/org/neo4j/bolt/v1/runtime/TransactionStateMachine.java,18,0,0,8,318,408,NoBug
fd06ce499b9b23c2b5e71977356de559be990c8d,community/bolt/src/test/java/org/neo4j/bolt/v1/runtime/BoltStateMachineTest.java,3,0,0,26,289,475,NoBug
fd2b1d77f80a23937a9db9a7251669428bc00342,community/cypher/cypher/src/main/java/org/neo4j/cypher/internal/codegen/CompiledConversionUtils.java,81,0,1,18,392,449,Bag
fd58f78ee7e63b03b71e392f12c42f3b13d95a47,enterprise/ha/src/main/java/org/neo4j/kernel/ha/DelegateInvocationHandler.java,4,0,3,3,111,181,Bag
fd58f78ee7e63b03b71e392f12c42f3b13d95a47,enterprise/ha/src/test/java/org/neo4j/kernel/ha/cluster/modeswitch/UpdatePullerSwitcherTest.java,1,0,0,4,40,67,Bag
fd58f78ee7e63b03b71e392f12c42f3b13d95a47,enterprise/ha/src/main/java/org/neo4j/kernel/ha/SlaveUpdatePuller.java,15,0,1,10,233,371,Bag
fd58f78ee7e63b03b71e392f12c42f3b13d95a47,enterprise/ha/src/main/java/org/neo4j/kernel/ha/cluster/modeswitch/LockManagerSwitcher.java,2,0,0,2,59,87,Bag
fd58f78ee7e63b03b71e392f12c42f3b13d95a47,enterprise/ha/src/test/java/org/neo4j/kernel/ha/cluster/modeswitch/AbstractComponentSwitcherTest.java,2,0,0,4,73,112,Bag
fd58f78ee7e63b03b71e392f12c42f3b13d95a47,enterprise/ha/src/test/java/org/neo4j/kernel/ha/lock/ClusterLocksIT.java,1,0,0,3,71,108,Bag
fd58f78ee7e63b03b71e392f12c42f3b13d95a47,enterprise/ha/src/main/java/org/neo4j/kernel/ha/cluster/modeswitch/AbstractComponentSwitcher.java,1,0,1,3,39,76,Bag
fd58f78ee7e63b03b71e392f12c42f3b13d95a47,enterprise/ha/src/main/java/org/neo4j/kernel/ha/cluster/modeswitch/UpdatePullerSwitcher.java,2,0,1,1,48,85,Bag
fd58f78ee7e63b03b71e392f12c42f3b13d95a47,community/server/src/main/java/org/neo4j/server/web/Jetty9WebServer.java,30,0,1,21,441,542,NoBug
fd58f78ee7e63b03b71e392f12c42f3b13d95a47,community/server/src/test/java/org/neo4j/server/helpers/CommunityServerBuilder.java,21,0,0,20,300,374,NoBug
fd58f78ee7e63b03b71e392f12c42f3b13d95a47,community/server/src/test/java/org/neo4j/server/NeoServerPortConflictDocIT.java,3,0,0,3,82,113,NoBug
fd58f78ee7e63b03b71e392f12c42f3b13d95a47,community/kernel/src/main/java/org/neo4j/helpers/PortBindException.java,1,0,1,2,15,42,NoBug
fdae7dbff43d88f441e2484ee0941c5f542226ac,enterprise/com/src/test/java/org/neo4j/com/storecopy/StoreCopyClientTest.java,4,0,0,7,300,401,NoBug
fdae7dbff43d88f441e2484ee0941c5f542226ac,enterprise/com/src/main/java/org/neo4j/com/storecopy/StoreCopyClient.java,9,0,2,22,280,388,NoBug
fef7a2cf3f52a40593201391e259231a6461c6ef,enterprise/ha/src/main/java/org/neo4j/kernel/ha/cluster/modeswitch/HighAvailabilityModeSwitcher.java,26,0,1,12,326,498,NoBug
fef7a2cf3f52a40593201391e259231a6461c6ef,enterprise/ha/src/test/java/org/neo4j/kernel/ha/cluster/HighAvailabilityMemberStateMachineTest.java,4,0,0,12,598,788,NoBug
fef7a2cf3f52a40593201391e259231a6461c6ef,enterprise/ha/src/test/java/org/neo4j/kernel/ha/cluster/modeswitch/HighAvailabilityModeSwitcherTest.java,1,0,0,14,332,561,NoBug
fef7a2cf3f52a40593201391e259231a6461c6ef,enterprise/ha/src/main/java/org/neo4j/kernel/ha/cluster/HighAvailabilityMemberStateMachine.java,21,0,1,7,223,298,NoBug
fef7a2cf3f52a40593201391e259231a6461c6ef,enterprise/ha/src/main/java/org/neo4j/kernel/ha/cluster/HighAvailabilityMemberChangeEvent.java,1,0,1,7,48,85,NoBug
fef7a2cf3f52a40593201391e259231a6461c6ef,enterprise/ha/src/test/java/org/neo4j/kernel/ha/UpdatePullingTransactionObligationFulfillerTest.java,1,0,0,4,62,112,NoBug
fef7a2cf3f52a40593201391e259231a6461c6ef,enterprise/ha/src/test/java/org/neo4j/kernel/ha/transaction/TransactionThroughMasterSwitchStressIT.java,7,0,1,1,123,203,NoBug
ff8c082fa32d1061ec108ab0cd0caac3c159d7d3,community/server/src/test/java/org/neo4j/server/rest/transactional/integration/QueryResultsSerializationTest.java,3,0,1,36,453,661,Bag
ffa2eee15c0bf0be69c814939db966e77d6d408e,community/server/src/test/java/org/neo4j/server/rest/dbms/UserServiceTest.java,1,0,0,14,203,325,NoBug
ffa2eee15c0bf0be69c814939db966e77d6d408e,community/server/src/main/java/org/neo4j/server/rest/dbms/UserService.java,14,0,0,4,111,148,NoBug
ffa2eee15c0bf0be69c814939db966e77d6d408e,community/server/src/main/java/org/neo4j/server/AbstractNeoServer.java,25,0,0,13,467,613,NoBug
ffa2eee15c0bf0be69c814939db966e77d6d408e,community/server/src/main/java/org/neo4j/server/modules/AuthorizationModule.java,2,0,0,4,38,64,NoBug
ffa2eee15c0bf0be69c814939db966e77d6d408e,community/server/src/main/java/org/neo4j/server/rest/dbms/AuthorizationFilter.java,16,0,0,5,189,255,NoBug
ffa2eee15c0bf0be69c814939db966e77d6d408e,community/server/src/test/java/org/neo4j/server/rest/dbms/AuthorizationFilterTest.java,1,0,0,12,201,289,NoBug
ffb1ce9ef51a4beef61b5067b35e5e116ba8e2a4,community/cypher/cypher/src/test/java/org/neo4j/cypher/GraphDatabaseServiceExecuteTest.java,1,0,0,19,256,369,NoBug
ffb1ce9ef51a4beef61b5067b35e5e116ba8e2a4,community/kernel/src/main/java/org/neo4j/kernel/api/proc/Neo4jTypes.java,4,0,1,31,145,196,NoBug
ffb1ce9ef51a4beef61b5067b35e5e116ba8e2a4,community/kernel/src/main/java/org/neo4j/kernel/impl/factory/DataSourceModule.java,4,0,1,1,322,436,Bag
ffcdd6e2e815c870193dffcc8218c58332f7f950,enterprise/kernel/src/main/java/org/neo4j/kernel/enterprise/builtinprocs/BuiltInProcedures.java,11,0,6,15,389,478,Bag
ffe82c7dd3a4ada517891073803f2ecfd3e43623,community/kernel/src/main/java/org/neo4j/kernel/impl/query/Neo4jTransactionalContext.java,4,0,0,16,143,186,Bag
ffe82c7dd3a4ada517891073803f2ecfd3e43623,community/kernel/src/main/java/org/neo4j/kernel/impl/coreapi/PropertyContainerLocker.java,6,0,1,2,107,139,Bag
