Hash,LongName,McCC,CLOC,PDA,PUA,LLOC,LOC,Number of Bugs
009a96e934127f3a07e5e205a7f668a35c40752a,jdbc/src/test/java/com/orientechnologies/orient/jdbc/OrientJdbcBaseTest.java,5,0,0,3,42,60,Bag
009a96e934127f3a07e5e205a7f668a35c40752a,jdbc/src/test/java/com/orientechnologies/orient/jdbc/OrientJdbcStatementTest.java,1,0,0,5,39,56,Bag
009a96e934127f3a07e5e205a7f668a35c40752a,jdbc/src/main/java/com/orientechnologies/orient/jdbc/OrientJdbcResultSetMetaData.java,45,0,1,25,247,329,Bag
009a96e934127f3a07e5e205a7f668a35c40752a,jdbc/src/main/java/com/orientechnologies/orient/jdbc/OrientJdbcResultSet.java,64,0,1,191,765,1134,Bag
009a96e934127f3a07e5e205a7f668a35c40752a,jdbc/src/test/java/com/orientechnologies/orient/jdbc/OrientJdbcResultSetTest.java,1,0,0,6,66,111,Bag
009a96e934127f3a07e5e205a7f668a35c40752a,jdbc/src/test/java/com/orientechnologies/orient/jdbc/OrientJdbcResultSetMetaDataTest.java,5,0,0,8,111,163,Bag
009a96e934127f3a07e5e205a7f668a35c40752a,jdbc/src/test/java/com/orientechnologies/orient/jdbc/OrientJdbcStatementDMLtest.java,1,0,0,6,83,117,Bag
009a96e934127f3a07e5e205a7f668a35c40752a,jdbc/src/test/java/com/orientechnologies/orient/jdbc/OrientDataSourceTest.java,1,0,0,4,69,122,Bag
00dc57efb42f34431ba4e1392c9c46292cf221ff,tests/src/test/java/com/orientechnologies/orient/test/database/auto/ObjectTreeTest.java,23,0,1,74,1114,1360,Bag
00dc57efb42f34431ba4e1392c9c46292cf221ff,core/src/test/java/com/orientechnologies/orient/core/db/document/ODatabaseDocumentPoolOpenCloseTest.java,1,0,0,4,69,86,NoBug
00de5503b0514dc5600d5630d30bc49b34df2fe4,core/src/main/java/com/orientechnologies/orient/core/sql/parser/OrientSqlTokenManager.java,1701,0,8,0,3703,3736,Bag
00de5503b0514dc5600d5630d30bc49b34df2fe4,core/src/test/java/com/orientechnologies/orient/core/sql/parser/OSelectStatementTest.java,7,0,0,51,501,638,Bag
00de5503b0514dc5600d5630d30bc49b34df2fe4,core/src/test/java/com/orientechnologies/orient/core/sql/OCommandExecutorSQLSelectTest.java,24,0,1,57,716,917,Bag
00de5503b0514dc5600d5630d30bc49b34df2fe4,core/src/main/java/com/orientechnologies/orient/core/sql/operator/OQueryOperatorContainsValue.java,37,0,1,5,145,204,NoBug
00de5503b0514dc5600d5630d30bc49b34df2fe4,core/src/main/java/com/orientechnologies/orient/core/sql/operator/OQueryOperatorContains.java,41,0,1,5,147,211,NoBug
00de5503b0514dc5600d5630d30bc49b34df2fe4,core/src/main/java/com/orientechnologies/orient/core/sql/operator/OQueryOperatorEquals.java,45,0,1,9,167,235,NoBug
0116aaa66d3a08a84453aa1fdfa84a932dd50b6b,graphdb/src/main/java/com/tinkerpop/blueprints/impls/orient/OrientGraphFactory.java,15,0,12,2,105,213,NoBug
013e0c79c0b54feb82c91243b011bb623913e44b,core/src/main/java/com/orientechnologies/orient/core/storage/cache/local/twoq/O2QCache.java,151,0,6,14,1118,1606,NoBug
013e0c79c0b54feb82c91243b011bb623913e44b,object/src/test/java/com/orientechnologies/orient/object/db/NestedCollectionsTest.java,1,0,1,3,31,45,NoBug
013e0c79c0b54feb82c91243b011bb623913e44b,object/src/test/java/com/orientechnologies/orient/object/db/entity/NestedContent.java,1,0,1,4,15,40,NoBug
013e0c79c0b54feb82c91243b011bb623913e44b,object/src/test/java/com/orientechnologies/orient/object/db/entity/NestedContainer.java,3,0,1,7,41,71,NoBug
013e0c79c0b54feb82c91243b011bb623913e44b,object/src/main/java/com/orientechnologies/orient/object/enhancement/OObjectEntitySerializer.java,369,0,12,41,1130,1464,NoBug
0190a833a8532918adf08aa2ffedd28a2ad1a193,core/src/main/java/com/orientechnologies/orient/core/sql/OCommandExecutorSQLSelect.java,561,0,4,19,2056,2682,NoBug
0190a833a8532918adf08aa2ffedd28a2ad1a193,core/src/test/java/com/orientechnologies/orient/core/sql/OCommandExecutorSQLScriptTest.java,3,0,0,12,120,152,Bag
0190a833a8532918adf08aa2ffedd28a2ad1a193,server/src/main/java/com/orientechnologies/orient/server/distributed/ODistributedStorage.java,188,0,1,80,1156,1590,Bag
0190a833a8532918adf08aa2ffedd28a2ad1a193,distributed/src/test/java/com/orientechnologies/orient/server/distributed/TestSharding.java,28,0,0,2,313,430,NoBug
0190a833a8532918adf08aa2ffedd28a2ad1a193,core/src/main/java/com/orientechnologies/orient/core/sql/OCommandExecutorSQLUpdate.java,172,0,2,9,598,771,Bag
01aa9d1932d4b43327899b3d5e0219caf6fdfb1d,server/src/main/java/com/orientechnologies/orient/server/network/protocol/http/command/OServerCommandAuthenticatedServerAbstract.java,9,0,1,1,56,101,Bag
01aa9d1932d4b43327899b3d5e0219caf6fdfb1d,server/src/main/java/com/orientechnologies/orient/server/OServer.java,132,0,1,42,678,896,Bag
01aa9d1932d4b43327899b3d5e0219caf6fdfb1d,server/src/main/java/com/orientechnologies/orient/server/network/protocol/binary/ONetworkProtocolBinary.java,288,0,0,6,1716,2228,Bag
01aa9d1932d4b43327899b3d5e0219caf6fdfb1d,core/src/main/java/com/orientechnologies/common/directmemory/ODirectMemoryFactory.java,1,0,0,0,33,68,NoBug
020cc218f257d4c81cb643f7c0928ecd00bf3835,distributed/src/main/java/com/orientechnologies/orient/server/hazelcast/OHazelcastDistributedDatabase.java,74,0,1,10,413,576,Bag
020cc218f257d4c81cb643f7c0928ecd00bf3835,distributed/src/main/java/com/orientechnologies/orient/server/hazelcast/ODistributedWorker.java,54,0,1,5,303,447,Bag
020cc218f257d4c81cb643f7c0928ecd00bf3835,tests/src/test/java/com/orientechnologies/orient/test/database/auto/JSONTest.java,36,0,0,53,909,1162,NoBug
020cc218f257d4c81cb643f7c0928ecd00bf3835,core/src/main/java/com/orientechnologies/orient/core/serialization/serializer/record/string/ORecordSerializerJSON.java,178,0,0,10,590,749,NoBug
025dbcbafec124d78d95370719b185a48a94879d,core/src/main/java/com/orientechnologies/orient/core/config/OStorageConfiguration.java,76,0,5,71,714,986,NoBug
028818e249414663886f3d3fc4020356983fd776,client/src/main/java/com/orientechnologies/orient/client/remote/ORemoteConnectionPushListener.java,6,0,1,3,45,56,Bag
028818e249414663886f3d3fc4020356983fd776,client/src/main/java/com/orientechnologies/orient/client/remote/OStorageRemoteAsynchEventListener.java,15,0,0,8,113,157,Bag
028818e249414663886f3d3fc4020356983fd776,core/src/main/java/com/orientechnologies/orient/enterprise/channel/binary/ORemoteServerEventListener.java,1,0,1,1,5,33,Bag
028818e249414663886f3d3fc4020356983fd776,core/src/main/java/com/orientechnologies/orient/core/index/OIndexTxAwareMultiValue.java,79,0,1,7,395,530,NoBug
028818e249414663886f3d3fc4020356983fd776,core/src/main/java/com/orientechnologies/orient/core/index/OIndexTxAware.java,46,0,2,10,220,320,NoBug
028818e249414663886f3d3fc4020356983fd776,core/src/test/java/com/orientechnologies/orient/core/index/TxNonUniqueIndexWithCollationTest.java,1,0,1,5,65,108,NoBug
028818e249414663886f3d3fc4020356983fd776,core/src/main/java/com/orientechnologies/orient/core/index/OIndexTxAwareOneValue.java,60,0,1,8,317,434,NoBug
028818e249414663886f3d3fc4020356983fd776,core/src/test/java/com/orientechnologies/orient/core/index/TxUniqueIndexWithCollationTest.java,1,0,1,5,61,104,NoBug
028818e249414663886f3d3fc4020356983fd776,core/src/main/java/com/orientechnologies/orient/core/index/OIndexTxAwareDictionary.java,1,0,1,2,13,42,NoBug
0289b48ab57edd577f3cf6966c297105708afcc4,core/src/main/java/com/orientechnologies/orient/core/index/sbtreebonsai/local/OSBTreeBonsaiLocal.java,131,0,4,25,1329,1619,Bag
0291b15b939b7d7cb70db6253857dcea26e9414f,tests/src/test/java/com/orientechnologies/orient/test/database/auto/DefaultValuesTrivialTest.java,5,0,1,9,174,225,NoBug
029be60c77be0312218cf143168cd3b7347f33e0,tests/src/test/java/com/orientechnologies/orient/test/database/auto/NonBlockingQueryTest.java,7,0,0,7,104,122,NoBug
029be60c77be0312218cf143168cd3b7347f33e0,core/src/main/java/com/orientechnologies/orient/core/db/document/ODatabaseDocumentTx.java,405,0,77,91,2128,3137,Bag
02ac677170df8ac7ea44599b30aba0788cf53d00,core/src/main/java/com/orientechnologies/orient/core/sql/OCommandExecutorSQLSetAware.java,39,0,1,1,142,210,Bag
02ac677170df8ac7ea44599b30aba0788cf53d00,core/src/main/java/com/orientechnologies/orient/core/sql/OCommandExecutorSQLUpdate.java,172,0,2,9,598,771,Bag
02ac677170df8ac7ea44599b30aba0788cf53d00,tests/src/test/java/com/orientechnologies/orient/test/database/auto/SQLInsertTest.java,18,0,1,23,443,589,Bag
02ac677170df8ac7ea44599b30aba0788cf53d00,tests/src/test/java/com/orientechnologies/orient/test/database/auto/SQLUpdateTest.java,14,0,1,22,393,563,Bag
02ac677170df8ac7ea44599b30aba0788cf53d00,core/src/main/java/com/orientechnologies/common/collection/OMultiValue.java,167,0,13,9,520,766,Bag
02ac677170df8ac7ea44599b30aba0788cf53d00,server/src/test/java/com/orientechnologies/orient/server/network/http/HttpDocumentTest.java,1,0,1,9,131,172,NoBug
02ac677170df8ac7ea44599b30aba0788cf53d00,server/src/main/java/com/orientechnologies/orient/server/network/protocol/http/command/post/OServerCommandPostDocument.java,2,0,0,3,36,70,NoBug
034ff7b1735b7cd12d511b4ff6833b6ab9d4421d,core/src/main/java/com/orientechnologies/orient/core/storage/impl/local/paginated/atomicoperations/OAtomicOperationsManager.java,75,0,5,13,459,661,Bag
034ff7b1735b7cd12d511b4ff6833b6ab9d4421d,core/src/main/java/com/orientechnologies/orient/core/storage/impl/local/paginated/OPaginatedCluster.java,168,0,3,45,1823,2223,Bag
03cfb73aaa9734e2f0ad56ce976e30d8231ac043,client/src/main/java/com/orientechnologies/orient/client/remote/OStorageRemote.java,188,0,5,90,1344,1712,Bag
03e30159b1d056b97e3e2b018ac2679817e60b8c,distributed/src/main/java/com/orientechnologies/orient/server/hazelcast/OHazelcastPlugin.java,169,0,6,47,1008,1395,Bag
03e30159b1d056b97e3e2b018ac2679817e60b8c,core/src/main/java/com/orientechnologies/orient/core/record/ORecordInternal.java,1,0,7,8,62,121,Bag
0402aed1e4b1aaff933c1a35dee7282cdc248b52,etl/src/main/java/com/orientechnologies/orient/etl/extractor/OCSVExtractor.java,38,0,1,7,215,269,Bag
0402aed1e4b1aaff933c1a35dee7282cdc248b52,etl/src/main/java/com/orientechnologies/orient/etl/transformer/OMergeTransformer.java,9,0,1,3,52,82,Bag
0402aed1e4b1aaff933c1a35dee7282cdc248b52,etl/src/main/java/com/orientechnologies/orient/etl/loader/OOrientDBLoader.java,100,0,1,9,431,544,Bag
0404fb84e15c137a14ee43b23822044842e39f69,core/src/main/java/com/orientechnologies/orient/core/sql/parser/OMatchStatement.java,246,0,4,45,1037,1278,Bag
0404fb84e15c137a14ee43b23822044842e39f69,core/src/main/java/com/orientechnologies/orient/core/sql/parser/OFunctionCall.java,53,0,6,22,289,385,NoBug
0404fb84e15c137a14ee43b23822044842e39f69,core/src/main/java/com/orientechnologies/orient/core/sql/parser/OInstanceofCondition.java,36,0,1,14,150,181,NoBug
040b05508933cf63ab4302ba24753d268640088c,core/src/main/java/com/orientechnologies/orient/core/index/OIndexRemoteMultiValue.java,5,0,1,7,67,110,Bag
040b05508933cf63ab4302ba24753d268640088c,core/src/main/java/com/orientechnologies/orient/core/index/OIndexAbstractDelegate.java,7,0,1,42,168,243,Bag
040b05508933cf63ab4302ba24753d268640088c,core/src/main/java/com/orientechnologies/orient/core/index/OIndexRemote.java,22,0,1,46,353,464,Bag
040b05508933cf63ab4302ba24753d268640088c,core/src/main/java/com/orientechnologies/orient/core/db/tool/ODatabaseImport.java,222,0,1,17,1162,1519,Bag
040b05508933cf63ab4302ba24753d268640088c,core/src/main/java/com/orientechnologies/orient/core/index/OIndexRemoteOneValue.java,5,0,1,5,52,93,Bag
040b05508933cf63ab4302ba24753d268640088c,core/src/main/java/com/orientechnologies/orient/core/index/ORuntimeKeyIndexDefinition.java,7,0,2,16,115,176,Bag
040b05508933cf63ab4302ba24753d268640088c,core/src/main/java/com/orientechnologies/orient/core/index/OCompositeIndexDefinition.java,56,0,14,12,383,570,Bag
040b05508933cf63ab4302ba24753d268640088c,core/src/main/java/com/orientechnologies/orient/core/index/OPropertyMapIndexDefinition.java,22,0,2,13,152,220,Bag
040b05508933cf63ab4302ba24753d268640088c,core/src/main/java/com/orientechnologies/orient/core/index/OSimpleKeyIndexDefinition.java,26,0,1,17,160,228,Bag
040b05508933cf63ab4302ba24753d268640088c,core/src/main/java/com/orientechnologies/orient/core/index/OIndexManagerRemote.java,10,0,0,10,112,161,Bag
040b05508933cf63ab4302ba24753d268640088c,core/src/main/java/com/orientechnologies/orient/core/sql/OChainedIndexProxy.java,44,0,7,37,424,640,Bag
040b05508933cf63ab4302ba24753d268640088c,core/src/main/java/com/orientechnologies/orient/core/index/OIndexInternal.java,13,0,14,20,105,296,Bag
040b05508933cf63ab4302ba24753d268640088c,core/src/test/java/com/orientechnologies/orient/core/index/OPropertyMapIndexDefinitionTest.java,1,0,1,35,321,443,Bag
040b05508933cf63ab4302ba24753d268640088c,core/src/main/java/com/orientechnologies/orient/core/index/OPropertyRidBagIndexDefinition.java,7,0,1,8,65,106,Bag
040b05508933cf63ab4302ba24753d268640088c,core/src/main/java/com/orientechnologies/orient/core/index/OIndexDefinition.java,1,0,13,6,25,137,Bag
040b05508933cf63ab4302ba24753d268640088c,core/src/main/java/com/orientechnologies/orient/core/index/OIndex.java,1,0,27,11,52,283,Bag
040b05508933cf63ab4302ba24753d268640088c,core/src/main/java/com/orientechnologies/orient/core/index/OPropertyListIndexDefinition.java,8,0,1,8,69,109,Bag
040b05508933cf63ab4302ba24753d268640088c,core/src/main/java/com/orientechnologies/orient/core/index/OPropertyIndexDefinition.java,14,0,4,13,142,217,Bag
040b05508933cf63ab4302ba24753d268640088c,core/src/main/java/com/orientechnologies/orient/core/db/tool/ODatabaseExport.java,105,0,1,6,449,596,Bag
040b05508933cf63ab4302ba24753d268640088c,core/src/main/java/com/orientechnologies/orient/core/sql/OSQLEngine.java,69,0,8,17,362,490,NoBug
045349144c1a79c6b6372c5b90a7dd9a864efd3a,core/src/main/java/com/orientechnologies/orient/core/sql/method/misc/OSQLMethodSize.java,3,0,1,2,25,54,Bag
045349144c1a79c6b6372c5b90a7dd9a864efd3a,tests/src/test/java/com/orientechnologies/orient/test/database/auto/SQLSelectTest.java,125,0,1,90,1318,1794,Bag
045349144c1a79c6b6372c5b90a7dd9a864efd3a,core/src/main/java/com/orientechnologies/orient/core/db/tool/ODatabaseRepair.java,25,0,1,1,94,150,NoBug
049d44054022a1558f7ebcef3d8b9a8db978df40,src/main/java/com/orientechnologies/lucene/operator/OLuceneNearOperator.java,13,0,0,10,131,173,NoBug
049d44054022a1558f7ebcef3d8b9a8db978df40,src/main/java/com/orientechnologies/lucene/operator/OLuceneTextOperator.java,13,0,0,10,131,177,NoBug
049d44054022a1558f7ebcef3d8b9a8db978df40,src/main/java/com/orientechnologies/lucene/operator/OLuceneWithinOperator.java,3,0,0,9,73,107,NoBug
049d44054022a1558f7ebcef3d8b9a8db978df40,src/main/java/com/orientechnologies/orient/spatial/shape/ORectangleShapeBuilder.java,6,0,0,9,95,131,NoBug
049d44054022a1558f7ebcef3d8b9a8db978df40,src/main/java/com/orientechnologies/lucene/operator/OLuceneOverlapOperator.java,5,0,0,5,62,95,NoBug
049d44054022a1558f7ebcef3d8b9a8db978df40,src/test/java/com/orientechnologies/lucene/test/LuceneInheritanceQueryTest.java,1,0,1,3,59,98,NoBug
049d44054022a1558f7ebcef3d8b9a8db978df40,src/test/java/com/orientechnologies/lucene/test/LuceneSpatialMemoryTest.java,2,0,1,2,51,99,NoBug
05100d6811ad42952376dc10bfbb2c64e170fb2f,distributed/src/test/java/com/orientechnologies/orient/server/distributed/TestDistributeConfigSerialization.java,3,0,0,2,43,52,NoBug
05100d6811ad42952376dc10bfbb2c64e170fb2f,server/src/main/java/com/orientechnologies/orient/server/network/protocol/binary/ONetworkProtocolBinary.java,278,0,0,6,1646,2136,Bag
05d10e9ced2a91467778ed614aadba0cd243dcac,core/src/main/java/com/orientechnologies/orient/core/sql/executor/OSelectExecutionPlanner.java,446,0,1,2,1674,2027,Bag
05d10e9ced2a91467778ed614aadba0cd243dcac,core/src/test/java/com/orientechnologies/orient/core/sql/executor/OSelectStatementExecutionTest.java,250,0,1,120,2854,3236,Bag
0656e3be5237f5a0de5eae18b93686dee5832751,core/src/main/java/com/orientechnologies/orient/core/serialization/serializer/OStringSerializerHelper.java,291,0,5,37,825,1073,NoBug
0656e3be5237f5a0de5eae18b93686dee5832751,core/src/main/java/com/orientechnologies/orient/core/command/script/OCommandExecutorScript.java,58,0,1,7,297,427,Bag
06d94ae5982c3b34985ef2c39af1da2855e1da18,graphdb/src/test/java/com/orientechnologies/orient/graph/blueprints/ConcurrentTxTest.java,10,0,0,7,141,180,Bag
06d94ae5982c3b34985ef2c39af1da2855e1da18,graphdb/src/test/java/com/tinkerpop/blueprints/impls/orient/OrientGraphFactoryTest.java,1,0,1,9,117,143,Bag
06d94ae5982c3b34985ef2c39af1da2855e1da18,graphdb/src/main/java/com/tinkerpop/blueprints/impls/orient/OrientGraphFactory.java,15,0,12,2,107,209,Bag
06f3af5cecd0ddea01cca7806d0fed63e1e900ad,server/src/main/java/com/orientechnologies/orient/server/distributed/OAsynchDistributedOperation.java,1,0,1,7,39,74,Bag
06f3af5cecd0ddea01cca7806d0fed63e1e900ad,core/src/main/java/com/orientechnologies/orient/core/storage/impl/local/OAbstractPaginatedStorage.java,296,0,3,74,1926,2529,Bag
06f3af5cecd0ddea01cca7806d0fed63e1e900ad,distributed/src/test/java/com/orientechnologies/orient/server/distributed/asynch/TestAsyncReplMode2Servers.java,13,0,0,1,100,120,Bag
06f3af5cecd0ddea01cca7806d0fed63e1e900ad,server/src/main/java/com/orientechnologies/orient/server/distributed/ODistributedStorage.java,176,0,1,82,1091,1493,Bag
06f3af5cecd0ddea01cca7806d0fed63e1e900ad,distributed/src/main/java/com/orientechnologies/orient/server/hazelcast/OHazelcastDistributedDatabase.java,74,0,1,10,413,576,Bag
072de68013d30fdb0086b3af332c2d4ef3b3038c,core/src/test/java/com/orientechnologies/orient/core/index/sbtree/local/SBTreeTest.java,87,0,1,17,500,663,NoBug
072de68013d30fdb0086b3af332c2d4ef3b3038c,core/src/test/java/com/orientechnologies/orient/core/index/sbtreebonsai/local/OSBTreeBonsaiWALTest.java,28,0,1,18,275,367,NoBug
072de68013d30fdb0086b3af332c2d4ef3b3038c,core/src/test/java/com/orientechnologies/orient/core/index/sbtreebonsai/local/OSBTreeBonsaiLocalTest.java,81,0,1,17,405,541,NoBug
072de68013d30fdb0086b3af332c2d4ef3b3038c,core/src/test/java/com/orientechnologies/orient/core/storage/impl/local/paginated/LocalPaginatedClusterTest.java,82,0,1,30,906,1213,NoBug
072de68013d30fdb0086b3af332c2d4ef3b3038c,core/src/test/java/com/orientechnologies/orient/core/index/hashindex/local/OLocalHashTableWALTest.java,31,0,1,12,275,370,NoBug
072de68013d30fdb0086b3af332c2d4ef3b3038c,core/src/test/java/com/orientechnologies/orient/core/storage/impl/local/paginated/LocalPaginatedClusterWithWALTest.java,25,0,1,31,341,458,NoBug
072de68013d30fdb0086b3af332c2d4ef3b3038c,core/src/test/java/com/orientechnologies/orient/core/index/sbtree/local/SBTreeWALTest.java,27,0,1,18,289,376,NoBug
077176ee691e6b24f96ac9a799f6bd3393eb0cee,tests/src/test/java/com/orientechnologies/orient/test/database/auto/SQLSelectGroupByTest.java,9,0,0,8,93,131,Bag
077176ee691e6b24f96ac9a799f6bd3393eb0cee,core/src/main/java/com/orientechnologies/orient/core/sql/OCommandExecutorSQLSelect.java,512,0,4,18,1864,2418,Bag
079abdbd8a7ea9bfeb22ba59c580deed75db937e,core/src/main/java/com/orientechnologies/orient/core/sql/parser/OrientSqlTokenManager.java,1713,0,8,0,3739,3772,NoBug
079abdbd8a7ea9bfeb22ba59c580deed75db937e,core/src/test/java/com/orientechnologies/orient/core/sql/parser/OSelectStatementTest.java,7,0,0,51,502,641,NoBug
07efe87e25832b8bfd27f17c50619fd3821718fe,core/src/main/java/com/orientechnologies/orient/core/fetch/OFetchHelper.java,151,0,1,6,468,576,Bag
083c28873b1652f17e91770e55146fcf3c055b49,lucene/src/main/java/com/orientechnologies/lucene/engine/OLuceneIndexEngineAbstract.java,42,0,3,29,414,529,Bag
086606000a2da9409a2ca89221e6db840c08ef33,core/src/main/java/com/orientechnologies/common/collection/OMultiCollectionIterator.java,51,0,1,20,226,301,NoBug
086606000a2da9409a2ca89221e6db840c08ef33,core/src/main/java/com/orientechnologies/orient/core/sql/OCommandExecutorSQLSelect.java,638,0,4,19,2241,2904,Bag
086606000a2da9409a2ca89221e6db840c08ef33,tests/src/test/java/com/orientechnologies/orient/test/database/auto/SQLSelectTest.java,125,0,1,89,1299,1768,Bag
09bb268236d600ac63c6af3ff663da34d87e5a8a,tools/src/main/java/com/orientechnologies/orient/console/OConsoleDatabaseApp.java,320,0,11,113,2206,2779,Bag
09bb268236d600ac63c6af3ff663da34d87e5a8a,core/src/main/java/com/orientechnologies/common/console/OConsoleApplication.java,135,0,0,12,543,720,Bag
0ab77149b361076e9ed98b7b2fcea96ecc871cfd,graphdb/src/main/java/com/orientechnologies/orient/graph/sql/functions/OGraphFunctionFactory.java,4,0,1,4,44,86,Bag
0ac61215d1cea03bf29bb7affff516ae49e80888,distributed/src/main/java/com/orientechnologies/orient/server/distributed/impl/ODefaultClusterOwnershipAssignmentStrategy.java,27,0,1,2,133,208,Bag
0ac61215d1cea03bf29bb7affff516ae49e80888,core/src/main/java/com/orientechnologies/orient/core/storage/impl/local/paginated/OPaginatedCluster.java,167,0,3,45,1817,2217,Bag
0ac61215d1cea03bf29bb7affff516ae49e80888,distributed/src/main/java/com/orientechnologies/orient/server/distributed/impl/task/OTxTaskResult.java,9,0,1,6,50,86,Bag
0ac61215d1cea03bf29bb7affff516ae49e80888,distributed/src/main/java/com/orientechnologies/orient/server/hazelcast/OHazelcastPlugin.java,120,0,2,22,623,882,Bag
0ac61215d1cea03bf29bb7affff516ae49e80888,distributed/src/main/java/com/orientechnologies/orient/server/distributed/impl/ODistributedAbstractPlugin.java,218,0,8,51,1266,1764,Bag
0b098ecbb27731eae0d6bc55a5750b000a6b9777,core/src/main/java/com/orientechnologies/orient/core/sql/parser/ONotInCondition.java,69,0,1,14,176,217,NoBug
0b098ecbb27731eae0d6bc55a5750b000a6b9777,core/src/main/java/com/orientechnologies/orient/core/sql/parser/ONotBlock.java,17,0,0,20,116,148,NoBug
0b098ecbb27731eae0d6bc55a5750b000a6b9777,core/src/main/java/com/orientechnologies/orient/core/sql/parser/OIsDefinedCondition.java,9,0,1,14,72,102,NoBug
0b098ecbb27731eae0d6bc55a5750b000a6b9777,core/src/main/java/com/orientechnologies/orient/core/sql/parser/OParenthesisBlock.java,7,0,1,15,72,103,NoBug
0b098ecbb27731eae0d6bc55a5750b000a6b9777,core/src/main/java/com/orientechnologies/orient/core/sql/parser/OBooleanExpression.java,2,0,3,12,128,210,NoBug
0b098ecbb27731eae0d6bc55a5750b000a6b9777,core/src/main/java/com/orientechnologies/orient/core/sql/parser/OIsNullCondition.java,11,0,1,16,84,117,NoBug
0b098ecbb27731eae0d6bc55a5750b000a6b9777,core/src/main/java/com/orientechnologies/orient/core/sql/parser/OBaseExpression.java,74,0,4,30,259,344,NoBug
0b098ecbb27731eae0d6bc55a5750b000a6b9777,core/src/main/java/com/orientechnologies/orient/core/sql/parser/OMatchesCondition.java,23,0,1,14,97,127,NoBug
0b098ecbb27731eae0d6bc55a5750b000a6b9777,core/src/main/java/com/orientechnologies/orient/core/sql/parser/OOrBlock.java,44,0,0,19,179,218,NoBug
0b098ecbb27731eae0d6bc55a5750b000a6b9777,core/src/main/java/com/orientechnologies/orient/core/sql/parser/OContainsTextCondition.java,22,0,1,14,106,138,NoBug
0b098ecbb27731eae0d6bc55a5750b000a6b9777,core/src/main/java/com/orientechnologies/orient/core/sql/parser/OInCondition.java,83,0,1,14,231,273,NoBug
0b098ecbb27731eae0d6bc55a5750b000a6b9777,graphdb/src/test/java/com/orientechnologies/orient/graph/sql/OMatchStatementExecutionTest.java,39,0,0,69,1257,1540,NoBug
0b098ecbb27731eae0d6bc55a5750b000a6b9777,core/src/main/java/com/orientechnologies/orient/core/sql/parser/OExpression.java,100,0,4,33,369,481,NoBug
0b098ecbb27731eae0d6bc55a5750b000a6b9777,core/src/main/java/com/orientechnologies/orient/core/sql/parser/OSimpleBooleanExpression.java,1,0,2,0,5,18,NoBug
0b098ecbb27731eae0d6bc55a5750b000a6b9777,core/src/main/java/com/orientechnologies/orient/core/sql/parser/OContainsAllCondition.java,54,0,1,18,165,204,NoBug
0b098ecbb27731eae0d6bc55a5750b000a6b9777,core/src/main/java/com/orientechnologies/orient/core/sql/parser/OAndBlock.java,44,0,0,18,191,229,NoBug
0b098ecbb27731eae0d6bc55a5750b000a6b9777,core/src/main/java/com/orientechnologies/orient/core/sql/parser/OMathExpression.java,105,0,4,34,428,542,NoBug
0b098ecbb27731eae0d6bc55a5750b000a6b9777,core/src/main/java/com/orientechnologies/orient/core/sql/parser/OIsNotNullCondition.java,11,0,1,14,78,110,NoBug
0b098ecbb27731eae0d6bc55a5750b000a6b9777,core/src/main/java/com/orientechnologies/orient/core/sql/parser/OContainsCondition.java,65,0,1,15,203,242,NoBug
0b098ecbb27731eae0d6bc55a5750b000a6b9777,core/src/main/java/com/orientechnologies/orient/core/sql/parser/OBetweenCondition.java,30,0,1,20,162,209,NoBug
0b098ecbb27731eae0d6bc55a5750b000a6b9777,core/src/main/java/com/orientechnologies/orient/core/sql/parser/OIsNotDefinedCondition.java,9,0,1,14,72,103,NoBug
0b098ecbb27731eae0d6bc55a5750b000a6b9777,core/src/main/java/com/orientechnologies/orient/core/sql/parser/OMatchStatement.java,264,0,4,45,1088,1337,NoBug
0b098ecbb27731eae0d6bc55a5750b000a6b9777,core/src/main/java/com/orientechnologies/orient/core/sql/parser/OIndexMatchCondition.java,45,0,1,14,159,193,NoBug
0b098ecbb27731eae0d6bc55a5750b000a6b9777,core/src/main/java/com/orientechnologies/orient/core/sql/parser/OParenthesisExpression.java,31,0,1,19,137,173,NoBug
0b098ecbb27731eae0d6bc55a5750b000a6b9777,core/src/main/java/com/orientechnologies/orient/core/sql/parser/OInstanceofCondition.java,36,0,1,14,150,183,NoBug
0b098ecbb27731eae0d6bc55a5750b000a6b9777,core/src/main/java/com/orientechnologies/orient/core/sql/parser/OContainsValueCondition.java,42,0,1,14,136,170,NoBug
0b098ecbb27731eae0d6bc55a5750b000a6b9777,core/src/main/java/com/orientechnologies/orient/core/sql/parser/OBinaryCondition.java,37,0,4,24,193,262,NoBug
0b5421844f1bbd88520bd717193d8c955967c102,client/src/main/java/com/orientechnologies/orient/client/remote/ORemoteConnectionManager.java,25,0,1,11,172,250,NoBug
0b70de64058bac1e0690405fc03dec6de888ec0f,core/src/main/java/com/orientechnologies/orient/core/metadata/schema/OSchemaShared.java,156,0,9,40,914,1220,NoBug
0ba4a8da535d4df517b2ec432325cb9fb156f254,core/src/main/java/com/orientechnologies/orient/core/sql/executor/OSelectExecutionPlanner.java,447,0,1,2,1677,2030,NoBug
0ba4a8da535d4df517b2ec432325cb9fb156f254,core/src/test/java/com/orientechnologies/orient/core/sql/executor/OSelectStatementExecutionTest.java,250,0,1,121,2868,3253,NoBug
0bbd5e4b1f63c2e40d8429bc4e795e7f56ff8e14,server/src/main/java/com/orientechnologies/orient/server/network/protocol/http/command/get/OServerCommandGetConnections.java,11,0,0,5,91,136,NoBug
0cfaa58d80b3649b6ce9089e8e6bd0930e885094,core/src/main/java/com/orientechnologies/orient/core/sql/functions/coll/OSQLFunctionFirst.java,3,0,1,3,24,58,NoBug
0cfaa58d80b3649b6ce9089e8e6bd0930e885094,tests/src/test/java/com/orientechnologies/orient/test/database/auto/SQLFunctionsTest.java,31,0,0,30,387,512,NoBug
0cfaa58d80b3649b6ce9089e8e6bd0930e885094,core/src/main/java/com/orientechnologies/orient/core/sql/functions/ODefaultSQLFunctionFactory.java,4,0,1,4,99,134,NoBug
0cfaa58d80b3649b6ce9089e8e6bd0930e885094,core/src/main/java/com/orientechnologies/orient/core/sql/functions/coll/OSQLFunctionLast.java,3,0,1,3,24,58,NoBug
0d271e6eb4c56a0833860751060319e6feaad204,core/src/main/java/com/orientechnologies/orient/core/storage/impl/local/paginated/OOfflineCluster.java,5,0,1,39,180,251,Bag
0d271e6eb4c56a0833860751060319e6feaad204,tests/src/test/java/com/orientechnologies/orient/test/database/auto/SchemaTest.java,39,0,0,31,470,664,Bag
0d271e6eb4c56a0833860751060319e6feaad204,core/src/main/java/com/orientechnologies/orient/core/tx/OTransactionNoTx.java,41,0,3,38,291,390,Bag
0d271e6eb4c56a0833860751060319e6feaad204,core/src/main/java/com/orientechnologies/orient/core/db/document/ODatabaseDocumentTx.java,398,0,79,84,2094,3112,Bag
0d271e6eb4c56a0833860751060319e6feaad204,server/src/main/java/com/orientechnologies/orient/server/network/protocol/binary/OBinaryNetworkProtocolAbstract.java,45,0,2,10,336,470,Bag
0d271e6eb4c56a0833860751060319e6feaad204,core/src/main/java/com/orientechnologies/orient/core/record/ORecordAbstract.java,60,0,1,46,401,536,Bag
0d4f28534ef36cda6d883170883ca892ae57dec8,core/src/main/java/com/orientechnologies/orient/core/config/OGlobalConfiguration.java,39,0,3,14,708,1157,Bag
0d4f28534ef36cda6d883170883ca892ae57dec8,core/src/main/java/com/orientechnologies/orient/core/Orient.java,72,0,10,54,658,898,Bag
0d4f28534ef36cda6d883170883ca892ae57dec8,core/src/main/java/com/orientechnologies/orient/core/engine/OMemoryAndLocalPaginatedEnginesInitializer.java,8,0,2,0,70,125,Bag
0da7271778ecbab8c8dcc44f26702210ef11ce17,core/src/main/java/com/orientechnologies/orient/core/sql/parser/OrientSql.java,3685,0,12,110,11156,12002,Bag
0da7271778ecbab8c8dcc44f26702210ef11ce17,core/src/main/java/com/orientechnologies/orient/core/sql/parser/OUpdateItem.java,6,0,1,5,48,62,NoBug
0db99d726222bdc60dc75dedfe96f246ef94c96d,core/src/test/java/com/orientechnologies/orient/core/sql/OCommandExecutorSQLSelectTest.java,20,0,1,48,590,763,Bag
0db99d726222bdc60dc75dedfe96f246ef94c96d,core/src/main/java/com/orientechnologies/orient/core/sql/OCommandExecutorSQLSelect.java,564,0,4,19,2052,2680,Bag
0dded1e03ad963e106d30446e6ffbc42645e9b51,server/src/main/java/com/orientechnologies/orient/server/tx/OTransactionOptimisticProxy.java,39,0,0,6,206,283,Bag
0dded1e03ad963e106d30446e6ffbc42645e9b51,core/src/main/java/com/orientechnologies/orient/core/db/record/ORecordOperation.java,17,0,1,10,106,156,Bag
0dff0bc67c5efceb992c289a058f05e6a5482ce6,src/main/java/com/orientechnologies/orient/spatial/shape/ORectangleShapeBuilder.java,5,0,0,9,88,122,Bag
0dff0bc67c5efceb992c289a058f05e6a5482ce6,src/main/java/com/orientechnologies/lucene/operator/OLuceneOverlapOperator.java,5,0,0,5,62,95,Bag
0dff0bc67c5efceb992c289a058f05e6a5482ce6,src/main/java/com/orientechnologies/lucene/operator/OLuceneWithinOperator.java,3,0,0,9,73,107,Bag
0dff0bc67c5efceb992c289a058f05e6a5482ce6,src/main/java/com/orientechnologies/lucene/operator/OLuceneNearOperator.java,13,0,0,10,131,173,Bag
0dff0bc67c5efceb992c289a058f05e6a5482ce6,src/main/java/com/orientechnologies/lucene/operator/OLuceneTextOperator.java,13,0,0,10,131,177,Bag
0dff0bc67c5efceb992c289a058f05e6a5482ce6,src/test/java/com/orientechnologies/lucene/test/LuceneInheritanceQueryTest.java,1,0,1,2,38,95,Bag
0e7e69ef97fe2d8fc93d2ddbbf0e215e2b660bbe,graphdb/src/main/java/com/tinkerpop/blueprints/impls/orient/OrientGraphNoTx.java,56,0,3,9,289,420,NoBug
0e7e69ef97fe2d8fc93d2ddbbf0e215e2b660bbe,graphdb/src/test/java/com/tinkerpop/blueprints/impls/orient/OrientGraphNoTxTest.java,11,0,2,11,127,166,NoBug
0e7e69ef97fe2d8fc93d2ddbbf0e215e2b660bbe,graphdb/src/main/java/com/tinkerpop/blueprints/impls/orient/OrientVertex.java,243,0,28,5,772,1244,NoBug
0e868f07cc1b57e059f5c0b6eb9f32f5475fce81,server/src/main/java/com/orientechnologies/orient/server/distributed/task/ORestartNodeTask.java,2,0,1,6,48,86,NoBug
0e868f07cc1b57e059f5c0b6eb9f32f5475fce81,distributed/src/main/java/com/orientechnologies/orient/server/hazelcast/OHazelcastPlugin.java,210,0,6,51,1186,1665,Bag
0e868f07cc1b57e059f5c0b6eb9f32f5475fce81,distributed/src/test/java/com/orientechnologies/orient/server/distributed/asynch/TestAsyncReplMode2ServersOverflow.java,5,0,0,1,39,54,NoBug
0e868f07cc1b57e059f5c0b6eb9f32f5475fce81,server/src/main/java/com/orientechnologies/orient/server/distributed/ODistributedAbstractPlugin.java,44,0,3,17,265,366,NoBug
0e868f07cc1b57e059f5c0b6eb9f32f5475fce81,server/src/main/java/com/orientechnologies/orient/server/distributed/ODistributedResponseManager.java,93,0,5,13,482,674,NoBug
0e868f07cc1b57e059f5c0b6eb9f32f5475fce81,distributed/src/test/java/com/orientechnologies/orient/server/distributed/DistributedRestartServerTest.java,1,0,1,2,18,47,NoBug
0e868f07cc1b57e059f5c0b6eb9f32f5475fce81,server/src/main/java/com/orientechnologies/orient/server/OServer.java,151,0,4,52,833,1123,NoBug
0e868f07cc1b57e059f5c0b6eb9f32f5475fce81,server/src/main/java/com/orientechnologies/orient/server/distributed/ODistributedConfiguration.java,90,0,22,7,419,690,NoBug
0e868f07cc1b57e059f5c0b6eb9f32f5475fce81,distributed/src/main/java/com/orientechnologies/orient/server/hazelcast/OHazelcastDistributedMessageService.java,43,0,3,12,333,465,Bag
0e868f07cc1b57e059f5c0b6eb9f32f5475fce81,distributed/src/main/java/com/orientechnologies/orient/server/hazelcast/OHazelcastDistributedDatabase.java,74,0,1,10,428,600,Bag
0e868f07cc1b57e059f5c0b6eb9f32f5475fce81,core/src/main/java/com/orientechnologies/orient/core/config/OGlobalConfiguration.java,40,0,3,14,610,916,Bag
0e8f634aeb1379e7df04ae7d3b161d49656fa92c,tests/src/test/java/com/orientechnologies/orient/test/database/auto/SQLSelectGroupByTest.java,10,0,0,9,111,154,NoBug
0e8f634aeb1379e7df04ae7d3b161d49656fa92c,core/src/main/java/com/orientechnologies/orient/core/sql/OCommandExecutorSQLSelect.java,512,0,4,18,1864,2418,Bag
0eadb71d9039612337423a392c243733dc8b2549,core/src/main/java/com/orientechnologies/orient/core/db/document/ODatabaseDocumentTx.java,405,0,77,88,2102,3099,Bag
0eadb71d9039612337423a392c243733dc8b2549,core/src/main/java/com/orientechnologies/orient/core/tx/OTransactionOptimistic.java,118,0,1,19,483,645,Bag
0eb6da9f8ce4b53844c8adb7f87c5cb31d66939b,core/src/main/java/com/orientechnologies/orient/core/tx/OTransactionOptimistic.java,121,0,1,19,486,651,NoBug
0eb6da9f8ce4b53844c8adb7f87c5cb31d66939b,core/src/main/java/com/orientechnologies/orient/core/db/document/ODatabaseDocumentTx.java,405,0,77,88,2103,3102,Bag
0eb80136fffe939d2d2815c850a04c1b7a957289,core/src/main/java/com/orientechnologies/orient/core/sql/OCommandExecutorSQLUpdate.java,191,0,2,9,674,878,Bag
0eb80136fffe939d2d2815c850a04c1b7a957289,core/src/main/java/com/orientechnologies/orient/core/sql/parser/OUpdateStatement.java,12,0,0,4,63,84,Bag
0eb80136fffe939d2d2815c850a04c1b7a957289,core/src/test/java/com/orientechnologies/orient/core/sql/OCommandExecutorSQLUpdateTest.java,1,0,1,14,301,408,Bag
0ec3add02530abf5aa928a7441cad6b3df8ea710,core/src/main/java/com/orientechnologies/orient/core/storage/impl/local/OAbstractPaginatedStorage.java,478,0,7,102,3142,4167,Bag
0ec3add02530abf5aa928a7441cad6b3df8ea710,core/src/main/java/com/orientechnologies/orient/core/storage/impl/local/paginated/wal/OWALPageChangesPortion.java,43,0,1,19,247,306,Bag
0ec3add02530abf5aa928a7441cad6b3df8ea710,core/src/main/java/com/orientechnologies/orient/core/index/OIndexFullText.java,32,0,3,6,241,349,Bag
0ec3add02530abf5aa928a7441cad6b3df8ea710,core/src/test/java/com/orientechnologies/orient/core/storage/impl/local/paginated/wal/OWALPageChangesPortionTest.java,1,0,1,15,156,234,Bag
0eebccb7757031b5dbb801c7e1c5cd70c504dda1,core/src/main/java/com/orientechnologies/orient/core/db/OPartitionedDatabasePool.java,37,0,1,13,277,432,Bag
0eebccb7757031b5dbb801c7e1c5cd70c504dda1,core/src/main/java/com/orientechnologies/orient/core/db/OPartitionedDatabasePoolFactory.java,15,0,1,9,118,185,Bag
0f5f03d26168ad1f52e8277cee6279ee0a066ed6,core/src/main/java/com/orientechnologies/orient/core/storage/cache/local/OWOWCache.java,225,0,5,39,1484,1936,Bag
0f5f03d26168ad1f52e8277cee6279ee0a066ed6,core/src/main/java/com/orientechnologies/orient/core/storage/impl/local/paginated/wal/ODiskWriteAheadLog.java,103,0,1,37,721,942,Bag
0f6e6581250e75cc396a65cb355766c612d8e565,core/src/test/java/com/orientechnologies/orient/core/sql/OCommandExecutorSQLSelectTest.java,20,0,1,49,598,773,Bag
0f6e6581250e75cc396a65cb355766c612d8e565,core/src/test/java/com/orientechnologies/orient/core/sql/OCommandExecutorSQLSelectTest.java,20,0,1,49,598,773,Bag
0fc58500e975f744c7028d4033a789c947e7bb8b,server/src/main/java/com/orientechnologies/orient/server/OClientConnection.java,40,0,3,29,237,315,NoBug
0fc58500e975f744c7028d4033a789c947e7bb8b,server/src/main/java/com/orientechnologies/orient/server/OClientConnectionManager.java,67,0,9,11,345,504,NoBug
0fc58500e975f744c7028d4033a789c947e7bb8b,server/src/test/java/com/orientechnologies/orient/server/OClientConnectionTest.java,1,0,1,8,98,126,NoBug
0fdf1f3126a766a8ccab1beb9ad62ec302ed3463,core/src/main/java/com/orientechnologies/orient/core/sql/functions/OSQLFunctionRuntime.java,36,0,2,12,143,220,Bag
0fdf1f3126a766a8ccab1beb9ad62ec302ed3463,graphdb/src/test/java/com/orientechnologies/orient/graph/sql/TestOutInChain.java,1,0,0,3,35,50,Bag
0ffed5d6003d65af5018a5e037d973f6c8773e13,graphdb/src/test/java/com/orientechnologies/orient/graph/console/OConsoleDatabaseAppTest.java,13,0,1,6,264,341,NoBug
0ffed5d6003d65af5018a5e037d973f6c8773e13,tools/src/main/java/com/orientechnologies/orient/console/OConsoleDatabaseApp.java,311,0,11,113,2175,2739,Bag
1065069eee37adf72602588ef4c3eb960604d55a,core/src/main/java/com/orientechnologies/orient/core/index/OClassIndexManager.java,104,0,1,16,467,610,NoBug
1065069eee37adf72602588ef4c3eb960604d55a,tests/src/test/java/com/orientechnologies/orient/test/internal/index/IndexUniqueTest.java,16,0,0,5,107,139,NoBug
1065069eee37adf72602588ef4c3eb960604d55a,core/src/main/java/com/orientechnologies/orient/core/index/OIndexRecorder.java,8,0,0,64,293,395,NoBug
10819e795652509873433f763b217749650d6adb,distributed/src/test/java/com/orientechnologies/orient/server/distributed/asynch/TestAsyncReplMode2Servers.java,13,0,0,1,100,120,NoBug
10819e795652509873433f763b217749650d6adb,server/src/main/java/com/orientechnologies/orient/server/distributed/ODistributedStorage.java,176,0,1,82,1091,1493,Bag
10819e795652509873433f763b217749650d6adb,core/src/main/java/com/orientechnologies/orient/core/storage/impl/local/OAbstractPaginatedStorage.java,303,0,3,74,1999,2618,Bag
10819e795652509873433f763b217749650d6adb,distributed/src/test/java/com/orientechnologies/orient/server/distributed/asynch/BareBoneBase2ServerTest.java,1,0,0,2,48,62,NoBug
10819e795652509873433f763b217749650d6adb,server/src/main/java/com/orientechnologies/orient/server/distributed/OAsynchDistributedOperation.java,1,0,1,7,39,74,NoBug
10819e795652509873433f763b217749650d6adb,distributed/src/main/java/com/orientechnologies/orient/server/hazelcast/OHazelcastDistributedDatabase.java,74,0,1,10,413,576,Bag
108373f95098061206f52388bfcc547071e6eec0,tests/src/test/java/com/orientechnologies/orient/test/database/auto/ObjectTreeTest.java,23,0,1,74,1123,1366,Bag
108373f95098061206f52388bfcc547071e6eec0,object/src/main/java/com/orientechnologies/orient/object/db/OObjectDatabaseTx.java,64,0,12,72,621,896,Bag
1089957b645bde069d3864563bbf1f7c7da8045c,core/src/test/java/com/orientechnologies/orient/core/db/tool/TestImportRewriteLinks.java,1,0,0,2,24,33,NoBug
1089957b645bde069d3864563bbf1f7c7da8045c,core/src/main/java/com/orientechnologies/orient/core/db/tool/ODatabaseImport.java,220,0,1,17,1150,1507,Bag
1089957b645bde069d3864563bbf1f7c7da8045c,core/src/main/java/com/orientechnologies/orient/core/db/document/ODocumentFieldWalker.java,31,0,1,1,90,149,NoBug
108eacd562d893156aa4661ee78a39564b280368,graphdb/src/main/java/com/tinkerpop/blueprints/impls/orient/OrientBaseGraph.java,161,0,68,12,1004,1860,Bag
1111e897412520ed0a2834d7f5d77b6a04df6625,core/src/main/java/com/orientechnologies/orient/core/sql/OCommandExecutorSQLDelete.java,53,0,2,10,258,370,Bag
119ddbdb973a46e9daeaa26ea531434e463a18d0,core/src/test/java/com/orientechnologies/orient/core/record/impl/ODocumentValidationTest.java,9,0,0,12,592,696,NoBug
119ddbdb973a46e9daeaa26ea531434e463a18d0,core/src/main/java/com/orientechnologies/orient/core/record/impl/ODocument.java,493,0,50,34,1746,2505,Bag
11dfa2968d648a5f1d092e60392c240655ea8a42,core/src/main/java/com/orientechnologies/orient/core/fetch/OFetchHelper.java,154,0,1,6,476,589,Bag
11dfa2968d648a5f1d092e60392c240655ea8a42,lucene/src/main/java/com/orientechnologies/lucene/analyzer/OLuceneAnalyzerFactory.java,15,0,1,3,85,119,NoBug
11dfa2968d648a5f1d092e60392c240655ea8a42,lucene/src/main/java/com/orientechnologies/lucene/builder/OLuceneQueryBuilder.java,10,0,1,3,74,119,NoBug
11dfa2968d648a5f1d092e60392c240655ea8a42,lucene/src/test/java/com/orientechnologies/lucene/analyzer/OLuceneAnalyzerFactoryTest.java,1,0,1,6,81,128,NoBug
1204e550b5780279b713170a9fafe5f1932083cb,distributed/src/main/java/com/orientechnologies/orient/server/hazelcast/OHazelcastPlugin.java,191,0,6,49,1125,1563,Bag
1204e550b5780279b713170a9fafe5f1932083cb,distributed/src/test/java/com/orientechnologies/orient/server/distributed/ReplicaServerTest.java,7,0,1,2,68,114,NoBug
1204e550b5780279b713170a9fafe5f1932083cb,server/src/main/java/com/orientechnologies/orient/server/distributed/task/OSyncDatabaseTask.java,18,0,1,14,188,270,NoBug
127ce10262f1c3de42f0e3c50d17e886d67c85e3,core/src/main/java/com/orientechnologies/orient/core/sql/OCommandExecutorSQLUpdate.java,170,0,2,9,591,763,Bag
127ce10262f1c3de42f0e3c50d17e886d67c85e3,core/src/test/java/com/orientechnologies/orient/core/sql/OCommandExecutorSQLScriptTest.java,3,0,0,11,110,139,Bag
127ce10262f1c3de42f0e3c50d17e886d67c85e3,distributed/src/test/java/com/orientechnologies/orient/server/distributed/TestSharding.java,24,0,0,2,279,382,Bag
127ce10262f1c3de42f0e3c50d17e886d67c85e3,core/src/main/java/com/orientechnologies/orient/core/sql/OCommandExecutorSQLSelect.java,560,0,4,18,2037,2662,Bag
127ce10262f1c3de42f0e3c50d17e886d67c85e3,server/src/main/java/com/orientechnologies/orient/server/distributed/ODistributedStorage.java,187,0,1,80,1156,1590,Bag
12c2184e33a0902017823283a1481978f77cbd0e,server/src/main/java/com/orientechnologies/orient/server/network/protocol/http/command/post/OServerCommandPostProperty.java,25,0,0,3,147,198,NoBug
12f4f49b91b2c9209c506de67b3384f64e108ce4,distributed/src/test/java/com/orientechnologies/orient/server/distributed/ServerClusterQueryTest.java,2,0,1,2,60,99,NoBug
12f4f49b91b2c9209c506de67b3384f64e108ce4,server/src/main/java/com/orientechnologies/orient/server/distributed/ODistributedStorage.java,175,0,1,82,1089,1493,Bag
1327db811d3b8c2dbe9bd6534aa6b36b09c09195,core/src/main/java/com/orientechnologies/orient/core/sql/executor/OInsertExecutionPlanner.java,19,0,1,3,87,106,NoBug
1327db811d3b8c2dbe9bd6534aa6b36b09c09195,core/src/main/java/com/orientechnologies/orient/core/sql/executor/CheckClassTypeStep.java,11,0,1,4,72,87,NoBug
13683ccc1191b86be3e8c7660d408a2b503a789f,core/src/main/java/com/orientechnologies/orient/core/db/OPartitionedDatabasePoolFactory.java,19,0,1,9,125,194,NoBug
13683ccc1191b86be3e8c7660d408a2b503a789f,tests/src/test/java/com/orientechnologies/orient/test/database/auto/CRUDDocumentPhysicalTest.java,58,0,0,36,718,969,NoBug
13683ccc1191b86be3e8c7660d408a2b503a789f,core/src/main/java/com/orientechnologies/orient/core/db/OPartitionedDatabasePool.java,43,0,1,14,305,448,NoBug
13683ccc1191b86be3e8c7660d408a2b503a789f,graphdb/src/main/java/com/tinkerpop/blueprints/impls/orient/OrientGraphFactory.java,15,0,12,2,107,209,Bag
136db63960bbf53514691bf5a0bb8361a5ea5361,core/src/main/java/com/orientechnologies/orient/core/metadata/schema/OClassImpl.java,332,0,6,111,2246,2806,NoBug
136db63960bbf53514691bf5a0bb8361a5ea5361,core/src/main/java/com/orientechnologies/orient/core/command/script/OScriptManager.java,43,0,7,17,280,434,NoBug
136db63960bbf53514691bf5a0bb8361a5ea5361,graphdb/src/test/java/com/orientechnologies/orient/graph/sql/OMatchStatementExecutionNewTest.java,39,0,0,74,1398,1702,NoBug
136db63960bbf53514691bf5a0bb8361a5ea5361,core/src/test/java/com/orientechnologies/orient/core/metadata/ClassTest.java,4,0,0,8,148,189,NoBug
136db63960bbf53514691bf5a0bb8361a5ea5361,core/src/main/java/com/orientechnologies/orient/core/sql/OCommandExecutorSQLSetAware.java,48,0,1,1,169,233,NoBug
136db63960bbf53514691bf5a0bb8361a5ea5361,lucene/src/main/java/com/orientechnologies/lucene/builder/OLuceneIndexType.java,25,0,1,6,132,185,NoBug
136db63960bbf53514691bf5a0bb8361a5ea5361,etl/src/main/java/com/orientechnologies/orient/etl/extractor/OETLCSVExtractor.java,50,0,1,7,251,330,NoBug
136db63960bbf53514691bf5a0bb8361a5ea5361,core/src/main/java/com/orientechnologies/common/console/OConsoleApplication.java,142,0,0,12,563,740,NoBug
136db63960bbf53514691bf5a0bb8361a5ea5361,core/src/main/java/com/orientechnologies/orient/core/sql/parser/OMethodCall.java,39,0,1,15,180,221,NoBug
136db63960bbf53514691bf5a0bb8361a5ea5361,core/src/main/java/com/orientechnologies/orient/core/sql/functions/graph/OSQLFunctionAstar.java,75,0,1,5,322,410,NoBug
136db63960bbf53514691bf5a0bb8361a5ea5361,core/src/main/java/com/orientechnologies/orient/core/command/OCommandManager.java,9,0,0,10,97,139,NoBug
136db63960bbf53514691bf5a0bb8361a5ea5361,tests/src/test/java/com/orientechnologies/orient/test/database/auto/SchemaTest.java,28,0,0,31,468,677,NoBug
136db63960bbf53514691bf5a0bb8361a5ea5361,graphdb/src/main/java/com/tinkerpop/blueprints/impls/orient/OrientGraphFactory.java,21,0,18,12,221,426,NoBug
136db63960bbf53514691bf5a0bb8361a5ea5361,core/src/main/java/com/orientechnologies/orient/core/metadata/schema/OSchemaProxy.java,6,0,1,38,157,255,NoBug
136db63960bbf53514691bf5a0bb8361a5ea5361,graphdb/src/main/java/com/orientechnologies/orient/graph/sql/OCommandExecutorSQLCreateEdge.java,38,0,2,5,165,243,NoBug
136db63960bbf53514691bf5a0bb8361a5ea5361,graphdb/src/test/java/com/tinkerpop/blueprints/impls/orient/OrientGraphTest.java,12,0,2,21,177,226,NoBug
136db63960bbf53514691bf5a0bb8361a5ea5361,object/src/main/java/com/orientechnologies/orient/object/jpa/OJPAPersistenceUnitInfo.java,16,0,13,23,190,366,NoBug
136db63960bbf53514691bf5a0bb8361a5ea5361,core/src/main/java/com/orientechnologies/orient/core/record/impl/ODocumentHelper.java,402,0,4,18,1219,1528,NoBug
136db63960bbf53514691bf5a0bb8361a5ea5361,server/src/main/java/com/orientechnologies/orient/server/OConnectionBinaryExecutor.java,124,0,0,60,1005,1239,NoBug
136db63960bbf53514691bf5a0bb8361a5ea5361,core/src/main/java/com/orientechnologies/common/log/OAnsiCode.java,6,0,1,4,66,118,NoBug
136db63960bbf53514691bf5a0bb8361a5ea5361,core/src/main/java/com/orientechnologies/orient/core/sql/functions/conversion/OSQLMethodConvert.java,6,0,1,3,35,67,NoBug
136db63960bbf53514691bf5a0bb8361a5ea5361,core/src/main/java/com/orientechnologies/orient/core/sql/OCommandExecutorSQLSelect.java,633,0,5,19,2231,2890,NoBug
136db63960bbf53514691bf5a0bb8361a5ea5361,lucene/src/test/java/com/orientechnologies/lucene/test/LuceneBackupRestoreTest.java,4,0,1,3,70,127,NoBug
136db63960bbf53514691bf5a0bb8361a5ea5361,client/src/main/java/com/orientechnologies/orient/client/remote/message/OMessageHelper.java,54,0,0,13,395,447,Bag
136db63960bbf53514691bf5a0bb8361a5ea5361,tests/src/test/java/com/orientechnologies/orient/test/database/auto/SQLSelectTest.java,125,0,1,94,1385,1876,NoBug
136db63960bbf53514691bf5a0bb8361a5ea5361,distributed/src/test/java/com/orientechnologies/orient/server/distributed/TestDistributedDatabaseRepair.java,6,0,1,1,333,430,NoBug
136db63960bbf53514691bf5a0bb8361a5ea5361,tests/src/test/java/com/orientechnologies/orient/test/database/auto/SQLSelectProjectionsTest.java,25,0,1,20,315,430,NoBug
136db63960bbf53514691bf5a0bb8361a5ea5361,core/src/main/java/com/orientechnologies/orient/core/sql/OCommandExecutorSQLCreateIndex.java,51,0,2,4,246,338,NoBug
136db63960bbf53514691bf5a0bb8361a5ea5361,jdbc/src/main/java/com/orientechnologies/orient/jdbc/OrientJdbcDriver.java,3,0,0,9,54,87,NoBug
136db63960bbf53514691bf5a0bb8361a5ea5361,core/src/main/java/com/orientechnologies/orient/core/metadata/sequence/OSequenceLibraryImpl.java,14,0,1,11,116,181,NoBug
136db63960bbf53514691bf5a0bb8361a5ea5361,core/src/main/java/com/orientechnologies/orient/core/sql/OCommandExecutorSQLResultsetAbstract.java,112,0,2,12,496,729,NoBug
136db63960bbf53514691bf5a0bb8361a5ea5361,client/src/main/java/com/orientechnologies/orient/client/remote/OStorageRemote.java,209,0,5,100,1495,1892,NoBug
136db63960bbf53514691bf5a0bb8361a5ea5361,tests/src/test/java/com/orientechnologies/orient/test/database/auto/SequenceTest.java,7,0,1,3,80,103,NoBug
136db63960bbf53514691bf5a0bb8361a5ea5361,object/src/main/java/com/orientechnologies/orient/object/jpa/parsing/PersistenceXml.java,2,0,2,2,27,69,NoBug
136db63960bbf53514691bf5a0bb8361a5ea5361,core/src/main/java/com/orientechnologies/orient/core/sql/OCommandExecutorSQLTruncateClass.java,30,0,2,4,135,188,NoBug
136db63960bbf53514691bf5a0bb8361a5ea5361,graphdb/src/main/java/com/orientechnologies/orient/graph/sql/functions/OSQLFunctionAstar.java,65,0,1,5,298,384,NoBug
136db63960bbf53514691bf5a0bb8361a5ea5361,graphdb/src/test/java/com/orientechnologies/orient/graph/sql/RequireTransactionTest.java,8,0,0,7,72,113,NoBug
136db63960bbf53514691bf5a0bb8361a5ea5361,core/src/main/java/com/orientechnologies/orient/core/db/document/ODatabaseDocumentAbstract.java,409,0,74,101,2161,3113,NoBug
136db63960bbf53514691bf5a0bb8361a5ea5361,jdbc/src/test/java/com/orientechnologies/orient/jdbc/OrientJdbcDatabaseMetaDataTest.java,9,0,0,17,187,273,NoBug
136db63960bbf53514691bf5a0bb8361a5ea5361,server/src/main/java/com/orientechnologies/orient/server/network/protocol/http/OHttpRequest.java,11,0,1,11,100,143,NoBug
136db63960bbf53514691bf5a0bb8361a5ea5361,core/src/main/java/com/orientechnologies/orient/core/metadata/security/ORule.java,24,0,1,17,222,285,NoBug
136db63960bbf53514691bf5a0bb8361a5ea5361,core/src/main/java/com/orientechnologies/orient/core/sql/filter/OSQLFilter.java,16,0,1,4,76,120,NoBug
136db63960bbf53514691bf5a0bb8361a5ea5361,lucene/src/test/java/com/orientechnologies/lucene/test/LuceneAutomaticBackupRestoreTest.java,3,0,1,4,175,283,NoBug
136db63960bbf53514691bf5a0bb8361a5ea5361,core/src/main/java/com/orientechnologies/orient/core/db/OPartitionedDatabasePool.java,46,0,3,14,333,497,NoBug
136db63960bbf53514691bf5a0bb8361a5ea5361,server/src/main/java/com/orientechnologies/orient/server/handler/OServerSideScriptInterpreter.java,8,0,1,4,59,100,NoBug
136db63960bbf53514691bf5a0bb8361a5ea5361,core/src/main/java/com/orientechnologies/orient/core/sql/parser/OMatchStatement.java,254,0,4,49,1135,1456,NoBug
136db63960bbf53514691bf5a0bb8361a5ea5361,core/src/main/java/com/orientechnologies/common/io/OIOUtils.java,82,0,1,28,326,442,NoBug
136db63960bbf53514691bf5a0bb8361a5ea5361,core/src/main/java/com/orientechnologies/orient/core/sql/filter/OSQLTarget.java,45,0,1,11,204,285,NoBug
136db63960bbf53514691bf5a0bb8361a5ea5361,core/src/main/java/com/orientechnologies/orient/core/sql/filter/OSQLPredicate.java,75,0,2,10,309,445,NoBug
136db63960bbf53514691bf5a0bb8361a5ea5361,graphdb/src/main/java/com/orientechnologies/orient/graph/stresstest/OGraphShortestPathWorkload.java,18,0,1,9,130,188,NoBug
136db63960bbf53514691bf5a0bb8361a5ea5361,etl/src/main/java/com/orientechnologies/orient/etl/loader/OETLOrientDBLoader.java,98,0,1,12,448,585,NoBug
136db63960bbf53514691bf5a0bb8361a5ea5361,core/src/main/java/com/orientechnologies/orient/core/sql/parser/OJson.java,29,0,1,15,145,179,NoBug
136db63960bbf53514691bf5a0bb8361a5ea5361,core/src/main/java/com/orientechnologies/orient/core/Orient.java,71,0,9,48,628,854,NoBug
136db63960bbf53514691bf5a0bb8361a5ea5361,core/src/main/java/com/orientechnologies/orient/core/sql/functions/OSQLFunctionFactoryTemplate.java,4,0,1,5,47,69,NoBug
136db63960bbf53514691bf5a0bb8361a5ea5361,core/src/main/java/com/orientechnologies/orient/core/db/tool/ODatabaseImpExpAbstract.java,26,0,1,31,181,259,NoBug
136db63960bbf53514691bf5a0bb8361a5ea5361,core/src/main/java/com/orientechnologies/orient/core/sql/method/misc/OSQLMethodToUpperCase.java,2,0,1,2,15,42,NoBug
136db63960bbf53514691bf5a0bb8361a5ea5361,server/src/main/java/com/orientechnologies/orient/server/security/authenticator/ODefaultPasswordAuthenticator.java,21,0,7,0,95,165,NoBug
136db63960bbf53514691bf5a0bb8361a5ea5361,core/src/main/java/com/orientechnologies/orient/core/sql/method/ODefaultSQLMethodFactory.java,4,0,1,5,97,133,NoBug
136db63960bbf53514691bf5a0bb8361a5ea5361,lucene/src/test/java/com/orientechnologies/lucene/tests/OLuceneBackupRestoreTest.java,1,0,1,2,54,103,NoBug
136db63960bbf53514691bf5a0bb8361a5ea5361,etl/src/main/java/com/orientechnologies/orient/etl/OETLProcessor.java,34,0,2,16,304,424,NoBug
136db63960bbf53514691bf5a0bb8361a5ea5361,lucene/src/main/java/com/orientechnologies/lucene/analyzer/OLuceneAnalyzerFactory.java,15,0,1,3,86,120,NoBug
136db63960bbf53514691bf5a0bb8361a5ea5361,tools/src/main/java/com/orientechnologies/orient/stresstest/workload/OCRUDWorkload.java,28,0,1,18,224,320,NoBug
136db63960bbf53514691bf5a0bb8361a5ea5361,graphdb/src/test/java/com/orientechnologies/orient/graph/sql/OMatchStatementExecutionTest.java,41,0,0,73,1399,1720,NoBug
136db63960bbf53514691bf5a0bb8361a5ea5361,tests/src/test/java/com/orientechnologies/orient/test/database/auto/SQLSequenceTest.java,7,0,1,3,93,121,NoBug
136db63960bbf53514691bf5a0bb8361a5ea5361,core/src/test/java/com/orientechnologies/orient/core/index/OPropertyMapIndexDefinitionTest.java,1,0,1,35,345,465,NoBug
136db63960bbf53514691bf5a0bb8361a5ea5361,etl/src/main/java/com/orientechnologies/orient/etl/source/OETLFileSource.java,21,0,0,10,119,167,NoBug
136db63960bbf53514691bf5a0bb8361a5ea5361,tests/src/test/java/com/orientechnologies/orient/test/database/auto/SQLIndexWithoutSchemaTest.java,9,0,1,13,168,236,NoBug
136db63960bbf53514691bf5a0bb8361a5ea5361,graphdb/src/main/java/com/orientechnologies/orient/graph/stresstest/OGraphInsertWorkload.java,29,0,1,9,163,227,NoBug
136db63960bbf53514691bf5a0bb8361a5ea5361,core/src/main/java/com/orientechnologies/orient/core/collate/OCaseInsensitiveCollate.java,8,0,1,5,43,81,NoBug
136db63960bbf53514691bf5a0bb8361a5ea5361,client/src/main/java/com/orientechnologies/orient/client/remote/message/OBinaryProtocolHelper.java,22,0,0,10,150,175,NoBug
136db63960bbf53514691bf5a0bb8361a5ea5361,core/src/main/java/com/orientechnologies/orient/core/record/impl/ODocument.java,663,0,55,41,2301,3159,NoBug
136db63960bbf53514691bf5a0bb8361a5ea5361,server/src/main/java/com/orientechnologies/orient/server/network/protocol/http/command/post/OServerCommandPostDatabase.java,32,0,0,4,214,265,NoBug
136db63960bbf53514691bf5a0bb8361a5ea5361,core/src/main/java/com/orientechnologies/orient/core/config/OGlobalConfiguration.java,33,0,3,14,670,1104,NoBug
136db63960bbf53514691bf5a0bb8361a5ea5361,core/src/main/java/com/orientechnologies/orient/core/sql/functions/OCustomSQLFunctionFactory.java,9,0,1,4,63,83,NoBug
136db63960bbf53514691bf5a0bb8361a5ea5361,distributed/src/main/java/com/orientechnologies/orient/server/distributed/impl/OLocalClusterWrapperStrategy.java,15,0,1,3,121,184,NoBug
136db63960bbf53514691bf5a0bb8361a5ea5361,jdbc/src/main/java/com/orientechnologies/orient/jdbc/OrientJdbcDatabaseMetaData.java,37,0,1,177,967,1417,NoBug
136db63960bbf53514691bf5a0bb8361a5ea5361,graphdb/src/test/java/com/orientechnologies/orient/graph/GraphTxAbstractTest.java,9,0,1,5,52,96,NoBug
136db63960bbf53514691bf5a0bb8361a5ea5361,core/src/main/java/com/orientechnologies/orient/core/sql/OCommandExecutorSQLLiveUnsubscribe.java,5,0,1,5,70,106,NoBug
136db63960bbf53514691bf5a0bb8361a5ea5361,server/src/main/java/com/orientechnologies/orient/server/network/protocol/http/command/post/OServerCommandPostAuthToken.java,18,0,1,2,121,161,NoBug
136db63960bbf53514691bf5a0bb8361a5ea5361,graphdb/src/main/java/com/tinkerpop/blueprints/impls/orient/OrientBaseGraph.java,251,0,76,16,1328,2274,NoBug
136db63960bbf53514691bf5a0bb8361a5ea5361,tests/src/test/java/com/orientechnologies/orient/test/database/auto/CollateTest.java,26,0,0,9,243,330,NoBug
136db63960bbf53514691bf5a0bb8361a5ea5361,core/src/main/java/com/orientechnologies/orient/core/sql/OCommandExecutorSQLTraverse.java,32,0,2,6,172,271,NoBug
136db63960bbf53514691bf5a0bb8361a5ea5361,core/src/main/java/com/orientechnologies/orient/core/db/record/ORecordOperation.java,12,0,1,12,81,127,NoBug
136db63960bbf53514691bf5a0bb8361a5ea5361,tools/src/main/java/com/orientechnologies/orient/console/OConsoleDatabaseApp.java,353,0,11,115,2360,3035,NoBug
136db63960bbf53514691bf5a0bb8361a5ea5361,tests/src/test/java/com/orientechnologies/orient/test/database/auto/SQLCommandsTest.java,4,0,0,8,84,126,NoBug
136db63960bbf53514691bf5a0bb8361a5ea5361,lucene/src/test/java/com/orientechnologies/lucene/test/LuceneVsLuceneTest.java,5,0,1,2,95,150,NoBug
136db63960bbf53514691bf5a0bb8361a5ea5361,core/src/main/java/com/orientechnologies/orient/core/sql/OCommandExecutorSQLAlterCluster.java,25,0,2,4,137,206,NoBug
136db63960bbf53514691bf5a0bb8361a5ea5361,etl/src/main/java/com/orientechnologies/orient/etl/transformer/OETLCommandTransformer.java,4,0,1,4,49,87,NoBug
136db63960bbf53514691bf5a0bb8361a5ea5361,server/src/main/java/com/orientechnologies/orient/server/handler/OAutomaticBackup.java,66,0,2,10,317,420,NoBug
136db63960bbf53514691bf5a0bb8361a5ea5361,core/src/main/java/com/orientechnologies/orient/core/sql/functions/graph/OSQLFunctionShortestPath.java,61,0,1,3,253,315,NoBug
136db63960bbf53514691bf5a0bb8361a5ea5361,core/src/main/java/com/orientechnologies/orient/core/metadata/function/OFunctionLibraryImpl.java,9,0,1,11,101,155,NoBug
136db63960bbf53514691bf5a0bb8361a5ea5361,core/src/main/java/com/orientechnologies/orient/core/exception/OConcurrentModificationException.java,6,0,1,6,69,115,NoBug
136db63960bbf53514691bf5a0bb8361a5ea5361,core/src/main/java/com/orientechnologies/orient/core/db/tool/ODatabaseExport.java,108,0,1,7,439,585,NoBug
136db63960bbf53514691bf5a0bb8361a5ea5361,core/src/main/java/com/orientechnologies/orient/core/sql/OCommandExecutorSQLInsert.java,70,0,2,8,325,446,NoBug
136db63960bbf53514691bf5a0bb8361a5ea5361,tools/src/main/java/com/orientechnologies/orient/stresstest/OStressTesterCommandLineParser.java,40,0,2,0,220,309,NoBug
136db63960bbf53514691bf5a0bb8361a5ea5361,server/src/main/java/com/orientechnologies/orient/server/distributed/ODistributedConfiguration.java,116,0,32,7,462,812,NoBug
136db63960bbf53514691bf5a0bb8361a5ea5361,graphdb/src/main/java/com/orientechnologies/orient/graph/sql/functions/OSQLFunctionShortestPath.java,53,0,1,3,236,319,NoBug
136db63960bbf53514691bf5a0bb8361a5ea5361,core/src/main/java/com/orientechnologies/orient/core/metadata/OMetadataInternal.java,1,0,1,3,23,51,NoBug
136db63960bbf53514691bf5a0bb8361a5ea5361,graphdb/src/test/java/com/tinkerpop/blueprints/impls/orient/OrientGraphNoTxRemoteTest.java,13,0,2,12,173,219,NoBug
136db63960bbf53514691bf5a0bb8361a5ea5361,tests/src/test/java/com/orientechnologies/orient/test/database/auto/SQLSelectTestNew.java,112,0,1,91,1263,1732,NoBug
136db63960bbf53514691bf5a0bb8361a5ea5361,core/src/main/java/com/orientechnologies/orient/core/command/script/OCommandExecutorScript.java,117,0,1,8,488,638,NoBug
136db63960bbf53514691bf5a0bb8361a5ea5361,core/src/test/java/com/orientechnologies/DatabaseAbstractTest.java,5,0,1,5,43,61,NoBug
136db63960bbf53514691bf5a0bb8361a5ea5361,lucene/src/test/java/com/orientechnologies/lucene/tests/OLuceneAutomaticBackupRestoreTest.java,3,0,1,4,176,284,NoBug
136db63960bbf53514691bf5a0bb8361a5ea5361,core/src/main/java/com/orientechnologies/orient/core/sql/OCommandExecutorSQLAbstract.java,31,0,2,1,171,253,NoBug
136db63960bbf53514691bf5a0bb8361a5ea5361,etl/src/main/java/com/orientechnologies/orient/etl/transformer/OETLAbstractLookupTransformer.java,19,0,1,1,83,123,NoBug
136db63960bbf53514691bf5a0bb8361a5ea5361,core/src/main/java/com/orientechnologies/orient/core/metadata/schema/OSchemaShared.java,181,0,10,42,1024,1386,NoBug
136db63960bbf53514691bf5a0bb8361a5ea5361,tools/src/main/java/com/orientechnologies/orient/stresstest/workload/OWorkloadFactory.java,2,0,1,4,24,58,NoBug
136db63960bbf53514691bf5a0bb8361a5ea5361,graphdb/src/test/java/com/orientechnologies/orient/graph/GraphNoTxAbstractTest.java,6,0,1,5,42,82,NoBug
136db63960bbf53514691bf5a0bb8361a5ea5361,core/src/main/java/com/orientechnologies/orient/core/command/traverse/OTraverseContext.java,13,0,0,13,138,231,NoBug
136db63960bbf53514691bf5a0bb8361a5ea5361,core/src/main/java/com/orientechnologies/orient/core/sql/OCommandExecutorSQLCreateProperty.java,54,0,2,5,268,363,NoBug
136db63960bbf53514691bf5a0bb8361a5ea5361,core/src/main/java/com/orientechnologies/orient/core/sql/OCommandExecutorSQLCreateEdge.java,42,0,2,5,193,274,NoBug
136db63960bbf53514691bf5a0bb8361a5ea5361,server/src/main/java/com/orientechnologies/orient/server/network/protocol/http/ONetworkProtocolHttpAbstract.java,129,0,0,15,627,792,NoBug
136db63960bbf53514691bf5a0bb8361a5ea5361,distributed/src/main/java/com/orientechnologies/orient/server/distributed/impl/ODefaultClusterOwnershipAssignmentStrategy.java,32,0,1,2,132,205,NoBug
13acd2d886d5227b656905c4ed8c908f7049183a,lucene/src/main/java/com/orientechnologies/lucene/engine/OLuceneIndexEngineAbstract.java,43,0,2,27,415,530,NoBug
13c84a352a84fa9a8e4b68c8913322c99e1dca97,core/src/main/java/com/orientechnologies/orient/core/iterator/OIdentifiableIterator.java,57,0,8,12,271,430,Bag
13c84a352a84fa9a8e4b68c8913322c99e1dca97,core/src/main/java/com/orientechnologies/orient/core/iterator/ORecordIteratorClassDescendentOrder.java,1,0,1,5,29,61,Bag
13c84a352a84fa9a8e4b68c8913322c99e1dca97,core/src/test/java/com/orientechnologies/orient/core/db/hook/CheckHookCallCountTest.java,3,0,0,6,112,132,Bag
13c84a352a84fa9a8e4b68c8913322c99e1dca97,core/src/main/java/com/orientechnologies/orient/core/iterator/ORecordIteratorClusters.java,71,0,6,9,276,446,Bag
13c84a352a84fa9a8e4b68c8913322c99e1dca97,core/src/main/java/com/orientechnologies/orient/core/iterator/ORecordIteratorCluster.java,31,0,6,5,173,291,Bag
13c84a352a84fa9a8e4b68c8913322c99e1dca97,core/src/test/java/com/orientechnologies/orient/core/iterator/ClassIteratorTest.java,10,0,1,5,109,160,Bag
13c84a352a84fa9a8e4b68c8913322c99e1dca97,core/src/main/java/com/orientechnologies/orient/core/db/document/ODatabaseDocumentTx.java,386,0,77,85,1998,2981,Bag
13c84a352a84fa9a8e4b68c8913322c99e1dca97,object/src/main/java/com/orientechnologies/orient/object/iterator/OObjectIteratorClass.java,1,0,0,9,42,74,Bag
13c84a352a84fa9a8e4b68c8913322c99e1dca97,core/src/main/java/com/orientechnologies/orient/core/sql/OCommandExecutorSQLResultsetAbstract.java,109,0,2,11,479,700,Bag
13c84a352a84fa9a8e4b68c8913322c99e1dca97,object/src/main/java/com/orientechnologies/orient/object/iterator/OObjectIteratorCluster.java,1,0,0,9,41,72,Bag
13c84a352a84fa9a8e4b68c8913322c99e1dca97,server/src/main/java/com/orientechnologies/orient/server/distributed/task/OSQLCommandTask.java,10,0,1,12,119,176,Bag
13c84a352a84fa9a8e4b68c8913322c99e1dca97,core/src/main/java/com/orientechnologies/orient/core/sql/OCommandExecutorSQLSelect.java,564,0,4,19,2052,2680,Bag
13c84a352a84fa9a8e4b68c8913322c99e1dca97,core/src/main/java/com/orientechnologies/orient/core/iterator/ORecordIteratorClass.java,11,0,2,10,103,161,Bag
13c84a352a84fa9a8e4b68c8913322c99e1dca97,core/src/test/java/com/orientechnologies/orient/core/sql/OCommandExecutorSQLSelectTest.java,20,0,1,51,631,812,Bag
140e82bfde96cb77317208169d89f8c6bba7d83f,core/src/main/java/com/orientechnologies/orient/core/sql/parser/OrientSql.java,3924,0,12,114,11715,12594,Bag
140e82bfde96cb77317208169d89f8c6bba7d83f,core/src/main/java/com/orientechnologies/orient/core/sql/parser/OrientSqlTokenManager.java,1666,0,8,0,3690,3721,Bag
140e82bfde96cb77317208169d89f8c6bba7d83f,core/src/test/java/com/orientechnologies/orient/core/sql/parser/OSelectStatementTest.java,7,0,0,36,286,381,Bag
140e82bfde96cb77317208169d89f8c6bba7d83f,core/src/main/java/com/orientechnologies/orient/core/sql/parser/OEqualsCompareOperator.java,1,0,1,5,20,30,Bag
140e82bfde96cb77317208169d89f8c6bba7d83f,core/src/main/java/com/orientechnologies/orient/core/sql/parser/OrientSqlConstants.java,1,0,1,0,319,487,Bag
14525789a539adda2b27ea09354da307166612f9,client/src/test/java/com/orientechnologies/orient/client/remote/message/ORemoteTransactionMessagesTest.java,1,0,0,5,141,167,NoBug
14525789a539adda2b27ea09354da307166612f9,server/src/test/java/com/orientechnologies/orient/server/tx/RemoteTransactionSupportTest.java,1,0,1,9,136,179,NoBug
14525789a539adda2b27ea09354da307166612f9,client/src/main/java/com/orientechnologies/orient/client/remote/message/OFetchTransactionResponse.java,13,0,1,7,126,156,NoBug
151d90900c37509903967e354cdf2de51e77c9b8,jdbc/src/test/java/com/orientechnologies/orient/jdbc/OrientJdbcResultSetTest.java,1,0,0,6,65,129,Bag
1588c28b4906c47b12518029d176da10704b37e9,server/src/test/java/com/orientechnologies/orient/server/OConnetionExecutorTransactionTest.java,1,0,1,9,180,244,Bag
1588c28b4906c47b12518029d176da10704b37e9,core/src/main/java/com/orientechnologies/orient/enterprise/channel/binary/OChannelBinaryProtocol.java,3,0,1,1,102,167,Bag
1588c28b4906c47b12518029d176da10704b37e9,client/src/main/java/com/orientechnologies/orient/core/db/document/OTransactionOptimisticClient.java,6,0,1,2,40,53,Bag
1588c28b4906c47b12518029d176da10704b37e9,server/src/test/java/com/orientechnologies/orient/server/tx/RemoteTransactionSupportTest.java,1,0,1,4,69,85,Bag
1588c28b4906c47b12518029d176da10704b37e9,client/src/test/java/com/orientechnologies/orient/client/remote/message/ORemoteTransactionMessagesTest.java,1,0,0,5,138,165,Bag
1588c28b4906c47b12518029d176da10704b37e9,server/src/main/java/com/orientechnologies/orient/server/OConnectionBinaryExecutor.java,113,0,0,0,906,1117,Bag
1588c28b4906c47b12518029d176da10704b37e9,server/src/main/java/com/orientechnologies/orient/server/network/protocol/binary/ONetworkProtocolBinary.java,207,0,2,16,782,1039,Bag
1588c28b4906c47b12518029d176da10704b37e9,client/src/main/java/com/orientechnologies/orient/client/binary/OBinaryRequestExecutor.java,1,0,0,51,55,108,Bag
1588c28b4906c47b12518029d176da10704b37e9,core/src/main/java/com/orientechnologies/orient/core/tx/OTransactionOptimistic.java,103,0,1,25,439,584,Bag
1588c28b4906c47b12518029d176da10704b37e9,client/src/main/java/com/orientechnologies/orient/client/remote/OStorageRemote.java,188,0,5,90,1344,1712,Bag
15a67a87787792ff04be2e3a29ebb1ec0a0cad29,jdbc/src/test/java/com/orientechnologies/orient/jdbc/OrientJdbcResultSetTest.java,1,0,0,7,76,145,NoBug
15be73e05f08ea6e8fbbfb50e934cd5081197a42,graphdb/src/main/java/com/tinkerpop/blueprints/impls/orient/OrientBaseGraph.java,165,0,69,12,1017,1876,Bag
15be73e05f08ea6e8fbbfb50e934cd5081197a42,core/src/main/java/com/orientechnologies/orient/core/storage/impl/local/paginated/OPaginatedCluster.java,124,0,2,44,1458,1784,NoBug
15dc8473b9b17f73e80f8ccef061559cff344379,server/src/main/java/com/orientechnologies/orient/server/handler/OAutomaticBackup.java,67,0,2,10,322,426,NoBug
15dc8473b9b17f73e80f8ccef061559cff344379,server/src/test/java/com/orientechnologies/orient/server/handler/AutomaticBackupTest.java,15,0,2,8,204,323,NoBug
15e5c1d0832065467237ea36acf1668edfc84126,graphdb/src/main/java/com/orientechnologies/orient/graph/sql/functions/OSQLFunctionShortestPath.java,32,0,1,3,167,229,NoBug
15fa43fe08450f6eb1d6c8d4c4d8ae2517df1ebe,core/src/main/java/com/orientechnologies/orient/core/sql/OCommandExecutorSQLLiveSelect.java,29,0,1,6,184,234,Bag
15fa43fe08450f6eb1d6c8d4c4d8ae2517df1ebe,core/src/test/java/com/orientechnologies/orient/core/sql/OCommandExecutorSQLSelectTest.java,32,0,1,82,1046,1331,NoBug
15fa43fe08450f6eb1d6c8d4c4d8ae2517df1ebe,core/src/main/java/com/orientechnologies/orient/core/sql/functions/OSQLFunctionRuntime.java,34,0,2,12,143,220,NoBug
16079d38520f313144dee6a6a97982d94402b763,core/src/main/java/com/orientechnologies/orient/core/metadata/sequence/OSequenceLibraryProxy.java,1,0,1,10,46,64,Bag
16079d38520f313144dee6a6a97982d94402b763,core/src/main/java/com/orientechnologies/orient/core/metadata/sequence/OSequenceCached.java,4,0,1,10,81,105,Bag
16079d38520f313144dee6a6a97982d94402b763,core/src/main/java/com/orientechnologies/orient/core/metadata/sequence/OSequenceTrigger.java,4,0,1,6,43,59,Bag
16079d38520f313144dee6a6a97982d94402b763,distributed/src/main/java/com/orientechnologies/orient/server/distributed/impl/ODistributedStorage.java,213,0,1,91,1326,1839,Bag
16079d38520f313144dee6a6a97982d94402b763,core/src/main/java/com/orientechnologies/orient/core/metadata/sequence/OSequenceLibrary.java,1,0,1,8,14,29,Bag
16079d38520f313144dee6a6a97982d94402b763,core/src/main/java/com/orientechnologies/orient/core/sql/OCommandExecutorSQLAlterSequence.java,7,0,1,4,67,88,Bag
16079d38520f313144dee6a6a97982d94402b763,core/src/main/java/com/orientechnologies/orient/core/metadata/sequence/OSequenceLibraryImpl.java,10,0,1,16,125,170,Bag
16079d38520f313144dee6a6a97982d94402b763,core/src/test/java/com/orientechnologies/orient/core/metadata/sequence/OSequenceTest.java,1,0,1,8,97,137,Bag
16079d38520f313144dee6a6a97982d94402b763,core/src/main/java/com/orientechnologies/orient/core/metadata/sequence/OSequence.java,22,0,5,16,203,271,Bag
16079d38520f313144dee6a6a97982d94402b763,distributed/src/test/java/com/orientechnologies/orient/server/distributed/sequence/AbstractServerClusterSequenceTest.java,7,0,1,2,114,161,Bag
16079d38520f313144dee6a6a97982d94402b763,core/src/main/java/com/orientechnologies/orient/core/sql/parser/OAlterSequenceStatement.java,31,0,0,8,112,136,Bag
16079d38520f313144dee6a6a97982d94402b763,core/src/main/java/com/orientechnologies/orient/core/metadata/sequence/OSequenceOrdered.java,1,0,1,7,46,66,Bag
16079d38520f313144dee6a6a97982d94402b763,core/src/test/java/com/orientechnologies/orient/core/sql/executor/OAlterSequenceStatementExecutionTest.java,1,0,1,3,36,48,Bag
16079d38520f313144dee6a6a97982d94402b763,core/src/main/java/com/orientechnologies/orient/core/metadata/sequence/OSequenceHelper.java,3,0,1,3,23,32,Bag
16749f800c390d701c2d41057f197ec262717cf2,graphdb/src/main/java/com/orientechnologies/orient/graph/sql/functions/OGraphFunctionFactory.java,4,0,1,4,52,85,Bag
16749f800c390d701c2d41057f197ec262717cf2,graphdb/src/test/java/com/orientechnologies/orient/graph/sql/functions/OSQLFunctionAstarTest.java,1,0,1,14,342,402,Bag
16749f800c390d701c2d41057f197ec262717cf2,core/src/main/java/com/orientechnologies/orient/core/serialization/serializer/record/string/ORecordSerializerSchemaAware2CSV.java,172,0,0,8,438,582,NoBug
16749f800c390d701c2d41057f197ec262717cf2,core/src/main/java/com/orientechnologies/orient/core/serialization/serializer/record/string/ORecordSerializerCSVAbstract.java,192,0,0,7,663,875,NoBug
16749f800c390d701c2d41057f197ec262717cf2,core/src/main/java/com/orientechnologies/orient/core/serialization/serializer/record/string/ORecordSerializerJSON.java,179,0,0,11,603,768,NoBug
16ca3308e7a9b4e7a40fe0721494faac38132ad2,core/src/main/java/com/orientechnologies/orient/core/sql/OCommandExecutorSQLCreateSequence.java,9,0,1,4,75,96,NoBug
16ca3308e7a9b4e7a40fe0721494faac38132ad2,core/src/main/java/com/orientechnologies/orient/core/metadata/sequence/OSequenceHelper.java,3,0,1,3,22,30,NoBug
17496091986496c493f8485a1885d6810c1b4377,core/src/main/java/com/orientechnologies/orient/core/metadata/schema/OType.java,232,0,10,10,551,752,NoBug
17496091986496c493f8485a1885d6810c1b4377,etl/src/test/java/com/orientechnologies/orient/etl/extractor/OCSVExtractorTest.java,4,0,1,35,370,448,NoBug
17496091986496c493f8485a1885d6810c1b4377,core/src/test/java/com/orientechnologies/orient/core/sql/functions/OSQLFunctionConvertTest.java,1,0,1,1,70,96,NoBug
1766c82f5872316216f138067b26e2e60fc21e5f,core/src/main/java/com/orientechnologies/orient/core/storage/impl/local/paginated/OPaginatedCluster.java,168,0,4,46,1834,2242,Bag
184bcd2b24baccb022539cc483bc8062e2642832,core/src/test/java/com/orientechnologies/orient/core/tx/TransactionQueryIndexTests.java,1,0,1,4,61,82,NoBug
184bcd2b24baccb022539cc483bc8062e2642832,core/src/main/java/com/orientechnologies/orient/core/index/OIndexTxAwareOneValue.java,64,0,1,8,325,442,NoBug
184bcd2b24baccb022539cc483bc8062e2642832,core/src/main/java/com/orientechnologies/orient/core/index/OIndexTxAwareMultiValue.java,83,0,1,7,403,538,NoBug
186e27dfaa222737c1d1c5498ead971f949401a3,core/src/main/java/com/orientechnologies/common/console/OConsoleApplication.java,137,0,0,12,550,727,Bag
18b412e04fac848856967b1b93133c511e3dfbf5,core/src/main/java/com/orientechnologies/orient/core/metadata/schema/OType.java,232,0,10,10,551,752,Bag
18b412e04fac848856967b1b93133c511e3dfbf5,core/src/test/java/com/orientechnologies/orient/core/sql/OCommandExecutorSQLSelectTest.java,38,0,2,88,1156,1504,Bag
18cd65a01da887f62ad650e02aa8a19049df9994,core/src/test/java/com/orientechnologies/orient/core/sql/OCommandExecutorSQLSelectTest.java,30,0,1,71,919,1162,Bag
18cd65a01da887f62ad650e02aa8a19049df9994,core/src/main/java/com/orientechnologies/orient/core/record/impl/ODocumentHelper.java,365,0,4,17,1115,1408,Bag
19569b59d67b1a75ab5057970d26191c68b73d64,core/src/main/java/com/orientechnologies/orient/core/sql/parser/OWithinOperator.java,1,0,1,5,20,31,NoBug
19569b59d67b1a75ab5057970d26191c68b73d64,core/src/main/java/com/orientechnologies/orient/core/index/hashindex/local/cache/OWOWCache.java,185,0,1,38,1238,1618,NoBug
19569b59d67b1a75ab5057970d26191c68b73d64,core/src/main/java/com/orientechnologies/orient/core/sql/parser/OLuceneOperator.java,1,0,1,5,20,31,NoBug
19569b59d67b1a75ab5057970d26191c68b73d64,distributed/src/main/java/com/orientechnologies/orient/server/hazelcast/OHazelcastPlugin.java,180,0,6,49,1064,1480,Bag
1990b3dd93949b04039373bf0cb914fb7adeb007,core/src/main/java/com/orientechnologies/orient/core/db/OPartitionedDatabasePool.java,44,0,1,14,309,453,NoBug
1a1fe55db47d03aa65fd180fe2c52de1268c6b53,core/src/main/java/com/orientechnologies/orient/core/index/hashindex/local/OLocalHashTable.java,188,0,1,24,1575,1998,NoBug
1a1fe55db47d03aa65fd180fe2c52de1268c6b53,core/src/main/java/com/orientechnologies/orient/core/index/sbtree/local/OSBTree.java,214,0,2,26,1727,2158,NoBug
1a1fe55db47d03aa65fd180fe2c52de1268c6b53,core/src/main/java/com/orientechnologies/orient/core/index/OIndexAbstract.java,99,0,6,51,836,1098,NoBug
1a8d4d6d1b489ef24d1343a420d687ef4934f214,core/src/main/java/com/orientechnologies/orient/core/storage/impl/local/OAbstractPaginatedStorage.java,418,0,8,97,2979,3924,Bag
1a8d4d6d1b489ef24d1343a420d687ef4934f214,core/src/main/java/com/orientechnologies/orient/core/db/ODatabaseWrapperAbstract.java,3,0,2,57,241,357,Bag
1a8d4d6d1b489ef24d1343a420d687ef4934f214,core/src/main/java/com/orientechnologies/orient/core/sql/OCommandExecutorSQLTruncateCluster.java,11,0,2,4,79,129,Bag
1a8d4d6d1b489ef24d1343a420d687ef4934f214,core/src/main/java/com/orientechnologies/orient/core/metadata/schema/OClassImpl.java,306,0,5,106,2127,2667,Bag
1a8d4d6d1b489ef24d1343a420d687ef4934f214,core/src/main/java/com/orientechnologies/orient/core/metadata/schema/OClassAbstractDelegate.java,2,0,1,87,382,496,Bag
1a8d4d6d1b489ef24d1343a420d687ef4934f214,core/src/main/java/com/orientechnologies/orient/core/db/document/ODatabaseDocumentTx.java,391,0,82,82,2069,3085,Bag
1a8d4d6d1b489ef24d1343a420d687ef4934f214,core/src/main/java/com/orientechnologies/orient/core/metadata/schema/OClass.java,1,0,30,55,111,405,Bag
1a8d4d6d1b489ef24d1343a420d687ef4934f214,core/src/main/java/com/orientechnologies/orient/core/db/ODatabase.java,1,0,86,14,147,913,Bag
1a8d4d6d1b489ef24d1343a420d687ef4934f214,core/src/main/java/com/orientechnologies/orient/core/metadata/schema/OImmutableClass.java,60,0,1,98,639,807,Bag
1a8d4d6d1b489ef24d1343a420d687ef4934f214,core/src/main/java/com/orientechnologies/orient/core/storage/fs/OFileClassic.java,82,0,11,26,793,1002,NoBug
1a8d4d6d1b489ef24d1343a420d687ef4934f214,core/src/main/java/com/orientechnologies/orient/core/config/OGlobalConfiguration.java,46,0,3,14,667,1001,Bag
1a8d4d6d1b489ef24d1343a420d687ef4934f214,core/src/main/java/com/orientechnologies/orient/core/storage/cache/local/OWOWCache.java,211,0,2,51,1455,1884,NoBug
1a904474ba67d29206a2b8cdca91f1038b123e61,core/src/main/java/com/orientechnologies/orient/core/sql/OCommandExecutorSQLAlterClass.java,24,0,2,5,107,166,Bag
1a904474ba67d29206a2b8cdca91f1038b123e61,core/src/test/java/com/orientechnologies/orient/core/sql/OCommandExecutorSQLUpdateTest.java,1,0,0,4,68,87,Bag
1a904474ba67d29206a2b8cdca91f1038b123e61,core/src/main/java/com/orientechnologies/orient/core/metadata/schema/OClassImpl.java,274,0,6,103,1961,2504,Bag
1ad1c477bea132d9286947f7d34875b5266e26a1,lucene/src/main/java/com/orientechnologies/lucene/engine/OLuceneFullTextIndexEngine.java,23,0,0,33,297,381,Bag
1ad1c477bea132d9286947f7d34875b5266e26a1,lucene/src/test/java/com/orientechnologies/lucene/test/LuceneManualIndex.java,1,0,1,3,34,68,Bag
1ad371443ae2c4951beed3f7a7745a86e000e976,server/src/main/java/com/orientechnologies/orient/server/network/protocol/binary/ONetworkProtocolBinary.java,371,0,2,15,2155,2799,NoBug
1ade7c4588d0bc6d481fc25292b2491af2ee6dce,core/src/main/java/com/orientechnologies/orient/core/command/script/OCommandExecutorScript.java,57,0,1,7,286,409,Bag
1b0f490c28a9778a74703a4adde48f7066667140,core/src/main/java/com/orientechnologies/orient/core/sql/parser/OAlterPropertyStatement.java,2,0,0,5,39,53,NoBug
1b0f490c28a9778a74703a4adde48f7066667140,core/src/main/java/com/orientechnologies/orient/core/sql/parser/OSuffixIdentifier.java,18,0,1,7,81,99,NoBug
1b0f490c28a9778a74703a4adde48f7066667140,core/src/main/java/com/orientechnologies/orient/core/db/tool/ODatabaseExport.java,108,0,1,7,442,588,NoBug
1b0f490c28a9778a74703a4adde48f7066667140,core/src/main/java/com/orientechnologies/orient/core/metadata/schema/OPropertyImpl.java,152,0,9,53,1133,1461,Bag
1b0f490c28a9778a74703a4adde48f7066667140,core/src/main/java/com/orientechnologies/orient/core/sql/parser/OBaseExpression.java,19,0,1,11,91,119,NoBug
1b0f490c28a9778a74703a4adde48f7066667140,core/src/main/java/com/orientechnologies/orient/core/db/tool/ODatabaseImport.java,244,0,1,19,1237,1618,NoBug
1b0f490c28a9778a74703a4adde48f7066667140,core/src/main/java/com/orientechnologies/orient/core/sql/OCommandExecutorSQLAlterProperty.java,27,0,2,4,127,186,Bag
1b0f490c28a9778a74703a4adde48f7066667140,tests/src/test/java/com/orientechnologies/orient/test/database/auto/SchemaTest.java,39,0,0,31,471,665,NoBug
1b0f490c28a9778a74703a4adde48f7066667140,core/src/main/java/com/orientechnologies/orient/core/serialization/serializer/OJSONReader.java,56,0,1,22,236,330,NoBug
1b5b0057d670d01b6707fbd05dec214bd5f3f5f3,core/src/main/java/com/orientechnologies/orient/core/sql/functions/misc/OSQLFunctionUUID.java,1,0,2,4,25,62,NoBug
1b5b0057d670d01b6707fbd05dec214bd5f3f5f3,core/src/test/java/com/orientechnologies/orient/core/sql/functions/stat/OSQLFunctionUUIDTest.java,1,0,0,5,38,69,NoBug
1b7171c450903f543d2cf0d3f0c805b58b4f701c,graphdb/src/test/java/com/orientechnologies/orient/graph/sql/OCommandExecutorSQLDeleteVertexTest.java,6,0,1,7,70,127,Bag
1b7171c450903f543d2cf0d3f0c805b58b4f701c,graphdb/src/main/java/com/tinkerpop/blueprints/impls/orient/OrientBaseGraph.java,161,0,69,12,1000,1853,Bag
1b7171c450903f543d2cf0d3f0c805b58b4f701c,graphdb/src/test/java/com/orientechnologies/orient/graph/sql/OCommandExecutorSQLDeleteEdgeTest.java,3,0,1,7,89,116,Bag
1b7171c450903f543d2cf0d3f0c805b58b4f701c,graphdb/src/test/java/com/orientechnologies/orient/graph/blueprints/GraphValidationTest.java,3,0,0,5,105,151,Bag
1c0141a5ecebfbefde34996e82ece0116c681d31,core/src/test/java/com/orientechnologies/orient/core/metadata/schema/OClassImplTest.java,7,0,2,24,404,495,Bag
1c0141a5ecebfbefde34996e82ece0116c681d31,core/src/main/java/com/orientechnologies/orient/core/metadata/schema/OSchemaShared.java,163,0,9,46,962,1287,Bag
1c3d74ebdae32d3aeed0d787c9e78ee3b9a3b116,client/src/main/java/com/orientechnologies/orient/client/remote/OStorageRemoteAsynchEventListener.java,16,0,0,8,116,162,NoBug
1c3d74ebdae32d3aeed0d787c9e78ee3b9a3b116,core/src/main/java/com/orientechnologies/orient/enterprise/channel/binary/ORemoteServerEventListener.java,1,0,1,1,4,31,NoBug
1c3d74ebdae32d3aeed0d787c9e78ee3b9a3b116,client/src/main/java/com/orientechnologies/orient/client/remote/ORemoteConnectionPushListener.java,6,0,1,3,48,59,NoBug
1c51439255e290d19e7dcf437c78bc133b786f97,lucene/src/main/java/com/orientechnologies/lucene/operator/OLuceneTextOperator.java,19,0,0,10,158,207,NoBug
1c51439255e290d19e7dcf437c78bc133b786f97,lucene/src/test/java/com/orientechnologies/lucene/test/BaseLuceneTest.java,21,0,2,7,178,264,NoBug
1c51439255e290d19e7dcf437c78bc133b786f97,lucene/src/test/java/com/orientechnologies/lucene/test/LuceneMultiFieldTest.java,1,0,1,9,78,136,NoBug
1c51439255e290d19e7dcf437c78bc133b786f97,lucene/src/main/java/com/orientechnologies/orient/spatial/strategy/SpatialQueryBuilderDWithin.java,2,0,1,3,36,69,NoBug
1c51439255e290d19e7dcf437c78bc133b786f97,lucene/src/main/java/com/orientechnologies/lucene/engine/OLuceneIndexEngineAbstract.java,50,0,2,37,451,571,NoBug
1c51439255e290d19e7dcf437c78bc133b786f97,lucene/src/main/java/com/orientechnologies/lucene/builder/ODocBuilder.java,9,0,1,1,56,89,NoBug
1c51439255e290d19e7dcf437c78bc133b786f97,lucene/src/test/java/com/orientechnologies/lucene/test/experimental/OLuceneFulltextExpIndexTest.java,1,0,1,4,71,119,NoBug
1c7b2a2d27182c354b402b3f61663d8fa73c91eb,core/src/main/java/com/orientechnologies/orient/core/sql/parser/OrientSql.java,3938,0,12,114,11768,12651,Bag
1c7b2a2d27182c354b402b3f61663d8fa73c91eb,core/src/main/java/com/orientechnologies/orient/core/sql/parser/OBaseExpression.java,11,0,1,5,54,74,Bag
1c7b2a2d27182c354b402b3f61663d8fa73c91eb,core/src/test/java/com/orientechnologies/orient/core/sql/OCommandExecutorSQLSelectTest.java,13,0,0,34,411,530,Bag
1c7b2a2d27182c354b402b3f61663d8fa73c91eb,core/src/test/java/com/orientechnologies/orient/core/sql/parser/OSelectStatementTest.java,7,0,0,42,319,434,Bag
1c8491508147150a28b6a3837830928990aba4f8,core/src/main/java/com/orientechnologies/orient/core/sql/parser/OInputParameter.java,12,0,1,4,88,107,NoBug
1c8491508147150a28b6a3837830928990aba4f8,core/src/test/java/com/orientechnologies/orient/core/sql/OCommandExecutorSQLUpdateTest.java,1,0,1,8,199,266,NoBug
1d7e53c1b70634efcd930f2dbb2715aea95bc34e,distributed/src/main/java/com/orientechnologies/orient/server/distributed/impl/ODistributedAbstractPlugin.java,259,0,8,72,1516,2072,NoBug
1dbdb5dc38d034aa55ab72ad0d1c0a9c3174b800,graphdb/src/test/java/com/orientechnologies/orient/graph/blueprints/GraphTests.java,9,0,0,7,175,252,Bag
1dbdb5dc38d034aa55ab72ad0d1c0a9c3174b800,graphdb/src/main/java/com/tinkerpop/blueprints/impls/orient/OrientBaseGraph.java,168,0,69,12,1000,1862,Bag
1e118bb70cd79f6c0a9146563e487a477ec555e0,core/src/main/java/com/orientechnologies/orient/core/index/OIndexTxAwareDictionary.java,1,0,1,2,13,43,Bag
1e118bb70cd79f6c0a9146563e487a477ec555e0,core/src/main/java/com/orientechnologies/orient/core/index/OIndexTxAwareMultiValue.java,78,0,1,7,395,527,Bag
1e118bb70cd79f6c0a9146563e487a477ec555e0,core/src/main/java/com/orientechnologies/orient/core/index/OIndexTxAwareOneValue.java,59,0,1,8,308,422,Bag
1e118bb70cd79f6c0a9146563e487a477ec555e0,core/src/main/java/com/orientechnologies/orient/core/index/OIndexTxAware.java,44,0,2,10,210,308,Bag
1e118bb70cd79f6c0a9146563e487a477ec555e0,graphdb/src/test/java/com/tinkerpop/blueprints/impls/orient/TestSelectProjectionVertexRemote.java,3,0,0,4,65,81,NoBug
1e118bb70cd79f6c0a9146563e487a477ec555e0,core/src/main/java/com/orientechnologies/orient/core/db/document/ODatabaseDocumentTx.java,459,0,82,91,2310,3394,NoBug
1e118bb70cd79f6c0a9146563e487a477ec555e0,graphdb/src/main/java/com/tinkerpop/blueprints/impls/orient/OrientElementIterator.java,10,0,0,0,47,89,NoBug
1e118bb70cd79f6c0a9146563e487a477ec555e0,graphdb/src/main/java/com/tinkerpop/blueprints/impls/orient/OrientElement.java,92,0,25,10,405,742,NoBug
1e118bb70cd79f6c0a9146563e487a477ec555e0,graphdb/src/test/java/com/tinkerpop/blueprints/impls/orient/TestSelectProjectionVertex.java,3,0,0,2,36,48,NoBug
1e118bb70cd79f6c0a9146563e487a477ec555e0,client/src/main/java/com/orientechnologies/orient/client/binary/OChannelBinaryAsynchClient.java,73,0,2,13,346,471,NoBug
1e118bb70cd79f6c0a9146563e487a477ec555e0,core/src/main/java/com/orientechnologies/orient/core/sql/OCommandExecutorSQLDelegate.java,6,0,1,12,77,122,NoBug
1e3f5b4ab9e1ddfeb362d83852db78ad95585fbb,tests/src/test/java/com/orientechnologies/orient/test/database/auto/SQLSelectTest.java,125,0,1,91,1330,1809,Bag
1e3f5b4ab9e1ddfeb362d83852db78ad95585fbb,core/src/main/java/com/orientechnologies/orient/core/sql/method/misc/OSQLMethodField.java,15,0,1,3,63,96,Bag
1ebbf2a01f5f648e1f9954a44bf41a64b36b222a,tests/src/test/java/com/orientechnologies/orient/test/domain/schemageneration/JavaTestSchemaGeneration.java,1,0,1,58,226,312,Bag
1ebbf2a01f5f648e1f9954a44bf41a64b36b222a,tests/src/test/java/com/orientechnologies/orient/test/database/auto/CRUDObjectInheritanceTestSchemaFull.java,24,0,0,14,333,418,Bag
1ebbf2a01f5f648e1f9954a44bf41a64b36b222a,object/src/main/java/com/orientechnologies/orient/object/enhancement/OObjectEntitySerializer.java,349,0,10,34,990,1287,Bag
1ed05e3ee64e495eb37f4ae472bea3d431b83f50,core/src/main/java/com/orientechnologies/orient/core/sql/parser/OrientSql.java,3557,0,12,110,10870,11700,Bag
1ed5199abe379526f2a6aee6a18f6b7983440eab,graphdb/src/test/java/com/orientechnologies/orient/graph/sql/TestOutInChain.java,2,0,0,4,59,92,NoBug
1ed5199abe379526f2a6aee6a18f6b7983440eab,core/src/main/java/com/orientechnologies/orient/core/sql/functions/OSQLFunctionRuntime.java,35,0,2,12,143,220,Bag
1efcf654acfd746add2b202f50df617b8ce14939,core/src/main/java/com/orientechnologies/orient/core/sql/operator/OQueryOperatorContains.java,34,0,1,5,137,200,Bag
1efcf654acfd746add2b202f50df617b8ce14939,core/src/test/java/com/orientechnologies/orient/core/sql/OCommandExecutorSQLSelectTest.java,24,0,1,54,677,866,Bag
1efcf654acfd746add2b202f50df617b8ce14939,core/src/main/java/com/orientechnologies/orient/core/sql/operator/OQueryOperatorContainsValue.java,29,0,1,5,132,189,Bag
1efcf654acfd746add2b202f50df617b8ce14939,core/src/main/java/com/orientechnologies/orient/core/sql/operator/OQueryOperatorEquals.java,43,0,1,8,157,224,Bag
1f749ce2afd5f38399035921327598cb6dfef622,core/src/main/java/com/orientechnologies/orient/core/storage/impl/local/paginated/wal/ODiskWriteAheadLog.java,104,0,1,37,723,946,NoBug
1f749ce2afd5f38399035921327598cb6dfef622,core/src/main/java/com/orientechnologies/orient/core/storage/cache/local/OWOWCache.java,227,0,5,39,1489,1944,NoBug
1fa60385a47c5c8fac6de67b95663c780e9b91fa,server/src/main/java/com/orientechnologies/orient/server/tx/OTransactionOptimisticProxy.java,45,0,0,6,239,325,NoBug
1ffb4a74231b07389afced95123a7ef989a442cc,core/src/main/java/com/orientechnologies/orient/core/sql/OCommandExecutorSQLResultsetAbstract.java,105,0,2,6,439,652,NoBug
1ffb4a74231b07389afced95123a7ef989a442cc,core/src/main/java/com/orientechnologies/orient/core/sql/OCommandExecutorSQLExplain.java,4,0,1,5,46,84,NoBug
1ffb4a74231b07389afced95123a7ef989a442cc,server/src/main/java/com/orientechnologies/orient/server/distributed/ODistributedConfiguration.java,82,0,20,7,375,626,NoBug
1ffb4a74231b07389afced95123a7ef989a442cc,core/src/main/java/com/orientechnologies/orient/core/sql/OCommandExecutorSQLUpdate.java,175,0,2,8,595,768,Bag
1ffb4a74231b07389afced95123a7ef989a442cc,distributed/src/test/java/com/orientechnologies/orient/server/distributed/TestSharding.java,24,0,0,2,278,380,NoBug
1ffb4a74231b07389afced95123a7ef989a442cc,graphdb/src/main/java/com/orientechnologies/orient/graph/sql/OCommandExecutorSQLDeleteEdge.java,77,0,3,7,271,369,NoBug
1ffb4a74231b07389afced95123a7ef989a442cc,graphdb/src/main/java/com/tinkerpop/blueprints/impls/orient/OrientGraphCommand.java,5,0,1,13,77,121,NoBug
1ffb4a74231b07389afced95123a7ef989a442cc,distributed/src/test/java/com/orientechnologies/orient/server/distributed/AbstractServerClusterTxTest.java,6,0,1,0,83,124,NoBug
1ffb4a74231b07389afced95123a7ef989a442cc,core/src/main/java/com/orientechnologies/orient/core/command/OCommandExecutorAbstract.java,4,0,2,15,90,141,NoBug
1ffb4a74231b07389afced95123a7ef989a442cc,server/src/main/java/com/orientechnologies/orient/server/distributed/ODistributedStorage.java,169,0,1,82,1056,1440,NoBug
1ffb4a74231b07389afced95123a7ef989a442cc,server/src/main/java/com/orientechnologies/orient/server/distributed/task/OTxTaskResult.java,6,0,1,6,48,83,NoBug
1ffb4a74231b07389afced95123a7ef989a442cc,core/src/main/java/com/orientechnologies/orient/core/sql/OCommandExecutorSQLSelect.java,510,0,4,18,1851,2404,NoBug
1ffb4a74231b07389afced95123a7ef989a442cc,core/src/main/java/com/orientechnologies/orient/core/sql/OCommandExecutorSQLDelete.java,53,0,2,10,258,370,NoBug
1ffb4a74231b07389afced95123a7ef989a442cc,graphdb/src/main/java/com/orientechnologies/orient/graph/sql/OCommandExecutorSQLDeleteVertex.java,36,0,3,9,209,295,NoBug
1ffb4a74231b07389afced95123a7ef989a442cc,core/src/main/java/com/orientechnologies/orient/core/command/OCommandDistributedReplicateRequest.java,1,0,5,3,16,79,NoBug
1ffb4a74231b07389afced95123a7ef989a442cc,distributed/src/main/java/com/orientechnologies/orient/server/hazelcast/OHazelcastPlugin.java,177,0,6,49,1044,1446,Bag
1ffb4a74231b07389afced95123a7ef989a442cc,core/src/main/java/com/orientechnologies/orient/core/sql/OCommandExecutorSQLDelegate.java,8,0,1,11,88,132,NoBug
202ca5e408bdf2c426b446e8369a915997e6b503,core/src/test/java/com/orientechnologies/orient/core/storage/impl/local/paginated/wal/WriteAheadLogConcurrencyTest.java,16,0,1,3,111,145,Bag
202ca5e408bdf2c426b446e8369a915997e6b503,core/src/test/java/com/orientechnologies/orient/core/index/sbtreebonsai/local/OSBTreeBonsaiWALTestIT.java,29,0,1,18,275,369,Bag
202ca5e408bdf2c426b446e8369a915997e6b503,core/src/main/java/com/orientechnologies/orient/core/storage/impl/local/paginated/wal/OWALPage.java,4,0,1,11,68,112,Bag
202ca5e408bdf2c426b446e8369a915997e6b503,core/src/main/java/com/orientechnologies/orient/core/storage/impl/local/paginated/wal/OLogSegment.java,58,0,0,0,424,566,Bag
202ca5e408bdf2c426b446e8369a915997e6b503,core/src/test/java/com/orientechnologies/orient/core/storage/impl/local/paginated/wal/WriteAheadLogTest.java,42,0,1,53,1267,1766,Bag
202ca5e408bdf2c426b446e8369a915997e6b503,core/src/test/java/com/orientechnologies/orient/core/storage/impl/local/paginated/LocalPaginatedClusterWithWALTestIT.java,24,0,1,31,347,468,Bag
202ca5e408bdf2c426b446e8369a915997e6b503,core/src/main/java/com/orientechnologies/orient/core/storage/impl/local/OAbstractPaginatedStorage.java,740,0,9,102,3889,5008,Bag
202ca5e408bdf2c426b446e8369a915997e6b503,core/src/test/java/com/orientechnologies/orient/core/storage/cache/local/twoq/ReadWriteDiskCacheTest.java,115,0,0,23,1008,1360,Bag
202ca5e408bdf2c426b446e8369a915997e6b503,core/src/test/java/com/orientechnologies/orient/core/storage/impl/local/paginated/wal/OLogSegmentTest.java,1,0,1,1,42,75,Bag
202ca5e408bdf2c426b446e8369a915997e6b503,core/src/test/java/com/orientechnologies/orient/core/index/sbtree/local/SBTreeWALTestIT.java,28,0,1,16,280,365,Bag
202ca5e408bdf2c426b446e8369a915997e6b503,core/src/main/java/com/orientechnologies/orient/core/storage/impl/local/paginated/wal/ODiskWriteAheadLog.java,124,0,1,35,813,1087,Bag
202ca5e408bdf2c426b446e8369a915997e6b503,core/src/main/java/com/orientechnologies/orient/core/config/OGlobalConfiguration.java,39,0,3,14,704,1147,Bag
20770e263400b3d6da5aa9587a4656cefe7f962d,graphdb/src/test/java/com/orientechnologies/orient/graph/sql/OCommandExecutorSQLDeleteEdgeTest.java,2,0,1,6,78,97,NoBug
20770e263400b3d6da5aa9587a4656cefe7f962d,graphdb/src/main/java/com/orientechnologies/orient/graph/sql/OCommandExecutorSQLDeleteEdge.java,78,0,3,7,275,377,NoBug
20770e263400b3d6da5aa9587a4656cefe7f962d,core/src/main/java/com/orientechnologies/orient/core/sql/parser/ODeleteEdgeStatement.java,47,0,1,5,162,191,NoBug
20c8553a3d57b13b9dadba8041ee0ba577866a96,distributed/src/main/java/com/orientechnologies/orient/server/hazelcast/ODistributedWorker.java,54,0,1,5,302,450,Bag
20c8553a3d57b13b9dadba8041ee0ba577866a96,distributed/src/main/java/com/orientechnologies/orient/server/hazelcast/OHazelcastDistributedRequest.java,3,0,2,16,109,158,Bag
20c8553a3d57b13b9dadba8041ee0ba577866a96,distributed/src/main/java/com/orientechnologies/orient/server/hazelcast/OHazelcastPlugin.java,175,0,6,49,1034,1435,Bag
20c8553a3d57b13b9dadba8041ee0ba577866a96,server/src/main/java/com/orientechnologies/orient/server/distributed/ODistributedRequest.java,1,0,1,12,18,56,Bag
20f24346174b51ba167fe0aab157fb622d917d76,core/src/main/java/com/orientechnologies/orient/core/command/traverse/OTraverseRecordProcess.java,26,0,0,7,118,184,NoBug
20f24346174b51ba167fe0aab157fb622d917d76,tests/src/test/java/com/orientechnologies/orient/test/database/auto/TraverseTest.java,11,0,0,21,222,275,NoBug
21329bc68bbc56af154f1af0e503b921d93a6d17,core/src/main/java/com/orientechnologies/orient/core/metadata/security/OSecurityProxy.java,2,0,1,34,123,185,NoBug
21782c5e1ceb5c660085703fd6a4779105d85c60,core/src/main/java/com/orientechnologies/orient/core/record/impl/ODocument.java,666,0,55,41,2271,3108,NoBug
21782c5e1ceb5c660085703fd6a4779105d85c60,core/src/test/java/com/orientechnologies/orient/core/record/impl/ODocumentTest.java,1,0,1,17,308,381,NoBug
21b4e43a415d7198df6ca1788a0993b2a6041b18,core/src/main/java/com/orientechnologies/orient/core/index/OClassIndexManager.java,103,0,1,18,472,616,Bag
21b4e43a415d7198df6ca1788a0993b2a6041b18,server/src/main/java/com/orientechnologies/orient/server/tx/OTransactionOptimisticProxy.java,41,0,0,6,214,296,NoBug
21dce961ef7c05042005bc5e56ff656c03ef0e4a,etl/src/test/java/com/orientechnologies/orient/etl/extractor/OJsonRandomExtractorTest.java,1,0,1,3,35,79,NoBug
21dce961ef7c05042005bc5e56ff656c03ef0e4a,etl/src/test/java/com/orientechnologies/orient/etl/extractor/OCSVExtractorTest.java,4,0,1,34,347,411,Bag
21dce961ef7c05042005bc5e56ff656c03ef0e4a,etl/src/test/java/com/orientechnologies/orient/etl/loader/OOrientDBLoaderTest.java,2,0,1,5,85,124,NoBug
21dce961ef7c05042005bc5e56ff656c03ef0e4a,etl/src/test/java/com/orientechnologies/orient/etl/transformer/OVertexTransformerTest.java,2,0,2,4,53,90,NoBug
21dce961ef7c05042005bc5e56ff656c03ef0e4a,etl/src/main/java/com/orientechnologies/orient/etl/transformer/OVertexTransformer.java,10,0,0,6,62,94,NoBug
21dce961ef7c05042005bc5e56ff656c03ef0e4a,etl/src/test/java/com/orientechnologies/orient/etl/OETLBaseTest.java,1,0,1,2,39,74,NoBug
21dce961ef7c05042005bc5e56ff656c03ef0e4a,etl/src/main/java/com/orientechnologies/orient/etl/transformer/OFieldTransformer.java,15,0,0,5,85,126,NoBug
21dce961ef7c05042005bc5e56ff656c03ef0e4a,etl/src/main/java/com/orientechnologies/orient/etl/extractor/OCSVExtractor.java,41,0,1,7,222,280,NoBug
21dce961ef7c05042005bc5e56ff656c03ef0e4a,etl/src/main/java/com/orientechnologies/orient/etl/loader/OOrientDBLoader.java,104,0,1,11,470,611,NoBug
21dce961ef7c05042005bc5e56ff656c03ef0e4a,etl/src/main/java/com/orientechnologies/orient/etl/OETLPipeline.java,14,0,1,8,107,159,NoBug
21dce961ef7c05042005bc5e56ff656c03ef0e4a,etl/src/test/java/com/orientechnologies/orient/etl/transformer/OFieldTransformerTest.java,1,0,1,4,44,80,NoBug
221ffccab8be14e4da29628dcf931e973cd51d87,core/src/main/java/com/orientechnologies/orient/core/sql/OCommandExecutorSQLTraverse.java,32,0,2,6,179,278,NoBug
2228c1302483104febb0712814a9865ae5b48cb4,core/src/test/java/com/orientechnologies/common/collection/closabledictionary/OClosableLinkedContainerTest.java,14,0,0,4,167,219,Bag
2228c1302483104febb0712814a9865ae5b48cb4,core/src/main/java/com/orientechnologies/orient/core/storage/fs/OFileClassic.java,82,0,7,26,767,965,Bag
2228c1302483104febb0712814a9865ae5b48cb4,core/src/main/java/com/orientechnologies/common/collection/closabledictionary/OClosableEntry.java,8,0,1,8,127,193,Bag
2228c1302483104febb0712814a9865ae5b48cb4,core/src/main/java/com/orientechnologies/orient/core/config/OGlobalConfiguration.java,33,0,3,14,662,1087,Bag
2228c1302483104febb0712814a9865ae5b48cb4,core/src/main/java/com/orientechnologies/orient/core/storage/impl/local/paginated/OPaginatedCluster.java,155,0,3,46,1738,2135,Bag
2228c1302483104febb0712814a9865ae5b48cb4,core/src/main/java/com/orientechnologies/orient/core/compression/impl/OZIPCompressionUtil.java,19,0,2,3,149,209,Bag
2228c1302483104febb0712814a9865ae5b48cb4,distributed/src/main/java/com/orientechnologies/orient/server/distributed/impl/ODistributedStorage.java,223,0,1,89,1379,1906,Bag
2228c1302483104febb0712814a9865ae5b48cb4,tests/src/test/java/com/orientechnologies/orient/test/internal/io/OClassicFileTest.java,1,0,0,1,12,32,Bag
2228c1302483104febb0712814a9865ae5b48cb4,graphdb/src/test/java/com/tinkerpop/blueprints/impls/orient/OrientGraphRemoteTest.java,16,0,1,9,157,222,Bag
2228c1302483104febb0712814a9865ae5b48cb4,core/src/main/java/com/orientechnologies/orient/core/cache/OCommandCacheSoftRefs.java,48,0,1,23,331,435,Bag
2228c1302483104febb0712814a9865ae5b48cb4,core/src/test/java/com/orientechnologies/orient/core/index/hashindex/local/cache/WOWCacheTest.java,18,0,1,8,264,359,Bag
2228c1302483104febb0712814a9865ae5b48cb4,core/src/main/java/com/orientechnologies/orient/core/db/OrientDBEmbedded.java,33,0,1,25,283,364,Bag
2228c1302483104febb0712814a9865ae5b48cb4,core/src/main/java/com/orientechnologies/orient/core/storage/impl/local/OAbstractPaginatedStorage.java,488,0,8,101,3198,4274,Bag
2228c1302483104febb0712814a9865ae5b48cb4,core/src/test/java/com/orientechnologies/orient/core/index/hashindex/local/arc/ReadWriteCacheConcurrentTest.java,32,0,1,4,240,305,Bag
2228c1302483104febb0712814a9865ae5b48cb4,core/src/main/java/com/orientechnologies/orient/core/storage/impl/local/paginated/wal/OSegmentFile.java,41,0,0,10,269,372,Bag
2228c1302483104febb0712814a9865ae5b48cb4,core/src/main/java/com/orientechnologies/orient/core/storage/impl/local/paginated/OLocalPaginatedStorage.java,43,0,1,11,366,470,Bag
2228c1302483104febb0712814a9865ae5b48cb4,core/src/main/java/com/orientechnologies/orient/core/storage/impl/local/OSingleFileSegment.java,5,0,0,17,76,116,Bag
2228c1302483104febb0712814a9865ae5b48cb4,graphdb/src/test/java/com/tinkerpop/blueprints/impls/orient/OrientGraphSpecificTestSuite.java,1,0,1,4,129,162,Bag
2228c1302483104febb0712814a9865ae5b48cb4,core/src/main/java/com/orientechnologies/orient/core/storage/OStorageAbstract.java,9,0,1,23,149,215,Bag
2228c1302483104febb0712814a9865ae5b48cb4,core/src/main/java/com/orientechnologies/orient/core/storage/impl/local/OStorageVariableParser.java,3,0,0,5,28,58,Bag
2228c1302483104febb0712814a9865ae5b48cb4,server/src/main/java/com/orientechnologies/orient/server/network/protocol/http/command/post/OServerCommandPostInstallDatabase.java,7,0,0,4,66,93,Bag
2228c1302483104febb0712814a9865ae5b48cb4,core/src/main/java/com/orientechnologies/common/collection/closabledictionary/OClosableLinkedContainer.java,54,0,9,0,427,801,Bag
2228c1302483104febb0712814a9865ae5b48cb4,core/src/test/java/com/orientechnologies/orient/core/storage/cache/local/twoq/ReadWriteDiskCacheTest.java,86,0,0,20,793,1064,Bag
2228c1302483104febb0712814a9865ae5b48cb4,core/src/main/java/com/orientechnologies/orient/core/storage/cache/local/OWOWCache.java,243,0,5,44,1746,2585,Bag
2228c1302483104febb0712814a9865ae5b48cb4,core/src/main/java/com/orientechnologies/orient/core/storage/OStorage.java,1,0,17,51,100,266,Bag
2228c1302483104febb0712814a9865ae5b48cb4,core/src/main/java/com/orientechnologies/orient/core/storage/fs/OFile.java,1,0,6,26,37,123,Bag
22511f2c7bb87f9fc33fcee04da8d7d1a1ad738e,client/src/main/java/com/orientechnologies/orient/client/remote/message/OMessageHelper.java,54,0,0,13,395,447,Bag
23176dc34a7e7079a01b87f9c77bf1bfa356bd50,core/src/main/java/com/orientechnologies/orient/core/config/OGlobalConfiguration.java,47,0,4,14,712,1170,NoBug
23176dc34a7e7079a01b87f9c77bf1bfa356bd50,core/src/main/java/com/orientechnologies/orient/core/Orient.java,72,0,10,54,658,899,NoBug
23176dc34a7e7079a01b87f9c77bf1bfa356bd50,core/src/main/java/com/orientechnologies/orient/core/engine/OMemoryAndLocalPaginatedEnginesInitializer.java,8,0,2,0,70,125,NoBug
23476453326f83d7e5c3529f8ed73fe536764d5f,lucene/src/main/java/com/orientechnologies/lucene/engine/OLuceneIndexEngineAbstract.java,43,0,2,27,412,526,NoBug
234ba33876312fd5a1d58e01c73710254e43e70d,lucene/src/main/java/com/orientechnologies/lucene/engine/OLuceneIndexEngineDelegator.java,5,0,1,41,210,286,Bag
234ba33876312fd5a1d58e01c73710254e43e70d,lucene/src/main/java/com/orientechnologies/lucene/engine/OLuceneIndexEngineAbstract.java,43,0,2,27,412,526,NoBug
2378b402ceb8f862e5d54409f4f189c8fd72ce46,graphdb/src/test/java/com/orientechnologies/orient/graph/sql/functions/OSQLFunctionAstarTest.java,2,0,1,15,343,403,NoBug
2378b402ceb8f862e5d54409f4f189c8fd72ce46,graphdb/src/main/java/com/orientechnologies/orient/graph/sql/functions/OGraphFunctionFactory.java,4,0,1,4,53,86,NoBug
23f6a2c86c66e900c15160869fe44f4dbb081a19,core/src/main/java/com/orientechnologies/orient/core/storage/OStorageAbstract.java,19,0,1,28,185,257,Bag
23f6a2c86c66e900c15160869fe44f4dbb081a19,core/src/main/java/com/orientechnologies/orient/core/storage/cache/local/OWOWCache.java,199,0,1,49,1370,1771,NoBug
23f6a2c86c66e900c15160869fe44f4dbb081a19,core/src/main/java/com/orientechnologies/orient/core/storage/impl/local/paginated/wal/ODiskWriteAheadLog.java,148,0,1,26,955,1228,NoBug
2411f67b86fc47dc59d5074fd1f84e40ad94913e,core/src/main/java/com/orientechnologies/orient/core/sql/operator/OQueryOperatorIn.java,56,0,1,5,212,285,NoBug
242f4bd61583f776a21b68bf6e914bf486f878c9,core/src/main/java/com/orientechnologies/orient/core/metadata/schema/OClassImpl.java,277,0,6,103,1977,2523,NoBug
243c0ff59b3d3c3b029f477a0fa4330d1fe94682,graphdb/src/main/java/com/tinkerpop/blueprints/impls/orient/OrientVertex.java,247,0,29,4,796,1298,Bag
2447d8bec770b425abc6447fbf5abf288819a3de,graphdb/src/test/java/com/tinkerpop/blueprints/impls/orient/BlueprintsKeyIndexTest.java,4,0,1,4,87,122,NoBug
2447d8bec770b425abc6447fbf5abf288819a3de,graphdb/src/main/java/com/tinkerpop/blueprints/impls/orient/OrientBaseGraph.java,161,0,69,12,999,1852,NoBug
246681030e382b2914eed12f3f6f777438c5d0f3,client/src/main/java/com/orientechnologies/orient/client/remote/OStorageRemotePushThread.java,14,0,1,4,101,117,NoBug
246681030e382b2914eed12f3f6f777438c5d0f3,client/src/main/java/com/orientechnologies/orient/client/remote/OStorageRemote.java,216,0,5,101,1525,1931,NoBug
24809d2aae442de50d75bfe65409eae12021ad78,core/src/test/java/com/orientechnologies/orient/core/sql/OCommandExecutorSQLSelectTest.java,16,0,1,44,520,670,Bag
24809d2aae442de50d75bfe65409eae12021ad78,core/src/main/java/com/orientechnologies/orient/core/sql/parser/OExpression.java,16,0,1,8,66,101,NoBug
2480cad1cb056d15477c6d59e42b53039aab89fd,distributed/src/main/java/com/orientechnologies/orient/server/hazelcast/OHazelcastPlugin.java,180,0,6,49,1066,1482,Bag
24c5aec36d4d5fcb1f465d8ca1c7e7b64bb68d75,server/src/main/java/com/orientechnologies/orient/server/network/protocol/http/command/get/OServerCommandGetStaticContent.java,55,0,0,9,241,313,NoBug
252aa4c00e6048e5a77066dc5f770ef6e58dd1ea,core/src/main/java/com/orientechnologies/orient/core/sql/parser/OBooleanExpression.java,2,0,3,11,121,195,Bag
252aa4c00e6048e5a77066dc5f770ef6e58dd1ea,core/src/main/java/com/orientechnologies/orient/core/sql/parser/OIsNullCondition.java,11,0,1,15,81,112,Bag
252aa4c00e6048e5a77066dc5f770ef6e58dd1ea,core/src/main/java/com/orientechnologies/orient/core/sql/parser/OAndBlock.java,41,0,0,17,181,222,Bag
252aa4c00e6048e5a77066dc5f770ef6e58dd1ea,core/src/main/java/com/orientechnologies/orient/core/sql/parser/OIsNotNullCondition.java,11,0,1,13,75,104,Bag
252aa4c00e6048e5a77066dc5f770ef6e58dd1ea,core/src/main/java/com/orientechnologies/orient/core/sql/parser/OBaseExpression.java,69,0,4,29,249,333,Bag
252aa4c00e6048e5a77066dc5f770ef6e58dd1ea,core/src/main/java/com/orientechnologies/orient/core/sql/parser/OParenthesisExpression.java,31,0,1,18,133,167,Bag
252aa4c00e6048e5a77066dc5f770ef6e58dd1ea,core/src/main/java/com/orientechnologies/orient/core/sql/parser/OContainsTextCondition.java,17,0,1,13,94,123,Bag
252aa4c00e6048e5a77066dc5f770ef6e58dd1ea,core/src/main/java/com/orientechnologies/orient/core/sql/parser/OOrBlock.java,41,0,0,18,169,206,Bag
252aa4c00e6048e5a77066dc5f770ef6e58dd1ea,core/src/main/java/com/orientechnologies/orient/core/sql/parser/OMatchesCondition.java,23,0,1,13,94,122,Bag
252aa4c00e6048e5a77066dc5f770ef6e58dd1ea,core/src/main/java/com/orientechnologies/orient/core/sql/parser/OBinaryCondition.java,35,0,4,23,179,247,Bag
252aa4c00e6048e5a77066dc5f770ef6e58dd1ea,core/src/main/java/com/orientechnologies/orient/core/sql/parser/OIsNotDefinedCondition.java,9,0,1,13,69,98,Bag
252aa4c00e6048e5a77066dc5f770ef6e58dd1ea,core/src/main/java/com/orientechnologies/orient/core/sql/parser/ONotBlock.java,17,0,0,19,113,144,Bag
252aa4c00e6048e5a77066dc5f770ef6e58dd1ea,core/src/main/java/com/orientechnologies/orient/core/sql/parser/OExpression.java,99,0,4,33,363,467,Bag
252aa4c00e6048e5a77066dc5f770ef6e58dd1ea,core/src/main/java/com/orientechnologies/orient/core/sql/parser/OInCondition.java,78,0,1,13,219,256,Bag
252aa4c00e6048e5a77066dc5f770ef6e58dd1ea,core/src/main/java/com/orientechnologies/orient/core/sql/parser/OMatchStatement.java,209,0,4,45,944,1164,Bag
252aa4c00e6048e5a77066dc5f770ef6e58dd1ea,core/src/main/java/com/orientechnologies/orient/core/sql/parser/OIsDefinedCondition.java,9,0,1,13,69,98,Bag
252aa4c00e6048e5a77066dc5f770ef6e58dd1ea,core/src/main/java/com/orientechnologies/orient/core/sql/parser/OContainsValueCondition.java,35,0,1,13,119,150,Bag
252aa4c00e6048e5a77066dc5f770ef6e58dd1ea,graphdb/src/test/java/com/orientechnologies/orient/graph/sql/OMatchStatementExecutionTest.java,36,0,0,63,1150,1392,Bag
252aa4c00e6048e5a77066dc5f770ef6e58dd1ea,core/src/main/java/com/orientechnologies/orient/core/sql/parser/OIndexMatchCondition.java,45,0,1,13,156,188,Bag
252aa4c00e6048e5a77066dc5f770ef6e58dd1ea,core/src/main/java/com/orientechnologies/orient/core/sql/parser/OContainsAllCondition.java,47,0,1,17,149,185,Bag
252aa4c00e6048e5a77066dc5f770ef6e58dd1ea,core/src/main/java/com/orientechnologies/orient/core/sql/parser/OInstanceofCondition.java,21,0,1,13,94,123,Bag
252aa4c00e6048e5a77066dc5f770ef6e58dd1ea,core/src/main/java/com/orientechnologies/orient/core/sql/parser/ONotInCondition.java,64,0,1,13,164,201,Bag
252aa4c00e6048e5a77066dc5f770ef6e58dd1ea,core/src/main/java/com/orientechnologies/orient/core/sql/parser/OBetweenCondition.java,26,0,1,19,142,187,Bag
252aa4c00e6048e5a77066dc5f770ef6e58dd1ea,core/src/main/java/com/orientechnologies/orient/core/sql/parser/OContainsCondition.java,58,0,1,14,187,221,Bag
252aa4c00e6048e5a77066dc5f770ef6e58dd1ea,core/src/main/java/com/orientechnologies/orient/core/sql/parser/OMathExpression.java,102,0,4,33,415,526,Bag
252aa4c00e6048e5a77066dc5f770ef6e58dd1ea,core/src/main/java/com/orientechnologies/orient/core/sql/parser/OParenthesisBlock.java,7,0,1,14,69,99,Bag
25891f633ba5c485893163c00d64002b2582e442,core/src/test/java/com/orientechnologies/orient/core/sql/OCommandExecutorSQLUpdateTest.java,1,0,0,5,93,118,NoBug
25dbed0055c784445c165e1f5a6fc9959fb5ae67,graphdb/src/main/java/com/tinkerpop/blueprints/impls/orient/OrientVertex.java,211,0,28,4,698,1178,NoBug
25dbed0055c784445c165e1f5a6fc9959fb5ae67,tests/src/test/java/com/orientechnologies/orient/test/database/auto/SQLSelectTest.java,125,0,1,90,1318,1794,Bag
26197951d37d00f6af9802cf3875f23b16b876fb,core/src/main/java/com/orientechnologies/common/util/OPair.java,12,0,1,13,86,136,NoBug
261e50c6d7ca6b87c82e3589765e72b3680f8f47,core/src/main/java/com/orientechnologies/orient/core/sql/operator/OQueryOperatorBetween.java,23,0,1,10,138,215,Bag
261e50c6d7ca6b87c82e3589765e72b3680f8f47,core/src/test/java/com/orientechnologies/orient/core/sql/OCommandExecutorSQLSelectTest.java,38,0,2,86,1138,1477,Bag
2621f13ac9fcec9d191c3af57271270546d8920f,core/src/main/java/com/orientechnologies/orient/core/engine/memory/OEngineMemory.java,6,0,0,7,51,82,Bag
2621f13ac9fcec9d191c3af57271270546d8920f,core/src/main/java/com/orientechnologies/orient/core/config/OGlobalConfiguration.java,39,0,3,14,687,1070,Bag
2621f13ac9fcec9d191c3af57271270546d8920f,core/src/main/java/com/orientechnologies/orient/core/engine/local/OEngineLocalPaginated.java,6,0,2,7,70,118,Bag
2621f13ac9fcec9d191c3af57271270546d8920f,core/src/main/java/com/orientechnologies/common/util/OMemory.java,20,0,7,0,101,179,Bag
2698aa28905950c8dcb491f0fd8aee7fad3b596b,core/src/main/java/com/orientechnologies/orient/core/exception/ORecordNotFoundException.java,5,0,0,6,30,61,NoBug
2698aa28905950c8dcb491f0fd8aee7fad3b596b,core/src/test/java/com/orientechnologies/orient/core/exception/RecordNotFoundExceptionTest.java,1,0,1,1,15,24,NoBug
26f0f55812f7fc8466a998911d9a81f3ef4e0cc8,core/src/main/java/com/orientechnologies/orient/core/sql/OCommandExecutorSQLAlterClass.java,26,0,2,5,111,169,NoBug
26f0f55812f7fc8466a998911d9a81f3ef4e0cc8,core/src/test/java/com/orientechnologies/orient/core/sql/SQLAlterClassTest.java,2,0,0,2,25,35,NoBug
26f0f55812f7fc8466a998911d9a81f3ef4e0cc8,core/src/main/java/com/orientechnologies/orient/core/metadata/schema/OClassImpl.java,275,0,6,103,1975,2518,Bag
27545d6bac96e9ee001fe05121b9ece6c8da5c89,core/src/main/java/com/orientechnologies/orient/core/sql/parser/OrientSqlTreeConstants.java,1,0,0,1,348,354,NoBug
27545d6bac96e9ee001fe05121b9ece6c8da5c89,core/src/main/java/com/orientechnologies/orient/core/sql/OCommandExecutorSQLDropSequence.java,2,0,1,4,45,64,NoBug
27545d6bac96e9ee001fe05121b9ece6c8da5c89,core/src/test/java/com/orientechnologies/orient/core/sql/parser/ODropSequenceStatementTest.java,1,0,0,2,12,20,NoBug
27545d6bac96e9ee001fe05121b9ece6c8da5c89,core/src/main/java/com/orientechnologies/orient/core/sql/parser/ODropSequenceStatement.java,1,0,0,4,16,25,NoBug
27545d6bac96e9ee001fe05121b9ece6c8da5c89,core/src/main/java/com/orientechnologies/orient/core/sql/parser/OrientSql.java,11387,0,11,171,24487,25946,NoBug
2767a54ee6308493e6a69b4b2951d8d2252bfd6b,core/src/test/java/com/orientechnologies/orient/core/db/document/DeepLinkedDocumentSaveTest.java,5,0,0,3,49,64,NoBug
2767a54ee6308493e6a69b4b2951d8d2252bfd6b,core/src/test/java/com/orientechnologies/orient/core/tx/NonDurableTxTest.java,3,0,1,6,100,152,NoBug
2767a54ee6308493e6a69b4b2951d8d2252bfd6b,core/src/main/java/com/orientechnologies/orient/core/index/OIndexAbstract.java,99,0,6,50,831,1092,NoBug
2767a54ee6308493e6a69b4b2951d8d2252bfd6b,core/src/main/java/com/orientechnologies/orient/core/index/OIndexUnique.java,9,0,1,4,60,100,NoBug
2767a54ee6308493e6a69b4b2951d8d2252bfd6b,tests/src/test/java/com/orientechnologies/orient/test/database/auto/ObjectDetachingTest.java,12,0,0,25,614,782,NoBug
2767a54ee6308493e6a69b4b2951d8d2252bfd6b,tests/src/test/java/com/orientechnologies/orient/test/database/auto/ORidBagTest.java,113,0,0,30,1264,1737,NoBug
2767a54ee6308493e6a69b4b2951d8d2252bfd6b,core/src/main/java/com/orientechnologies/orient/core/metadata/schema/OSchemaShared.java,178,0,9,44,1049,1415,Bag
2767a54ee6308493e6a69b4b2951d8d2252bfd6b,core/src/main/java/com/orientechnologies/orient/core/storage/OStorageAbstract.java,12,0,1,24,161,227,NoBug
2767a54ee6308493e6a69b4b2951d8d2252bfd6b,core/src/main/java/com/orientechnologies/orient/core/index/engine/OHashTableIndexEngine.java,27,0,1,26,311,418,NoBug
2767a54ee6308493e6a69b4b2951d8d2252bfd6b,tests/src/test/java/com/orientechnologies/orient/test/internal/index/IndexUniqueTest.java,18,0,0,5,113,167,NoBug
2767a54ee6308493e6a69b4b2951d8d2252bfd6b,core/src/main/java/com/orientechnologies/orient/core/storage/OCluster.java,1,0,8,35,52,170,NoBug
2767a54ee6308493e6a69b4b2951d8d2252bfd6b,tools/src/main/java/com/orientechnologies/orient/stresstest/OConsoleProgressWriter.java,5,0,1,3,34,67,NoBug
2767a54ee6308493e6a69b4b2951d8d2252bfd6b,core/src/main/java/com/orientechnologies/orient/core/index/engine/OSBTreeIndexEngine.java,12,0,1,26,215,294,NoBug
2767a54ee6308493e6a69b4b2951d8d2252bfd6b,core/src/main/java/com/orientechnologies/orient/core/storage/impl/local/paginated/OPaginatedCluster.java,170,0,3,46,1830,2231,NoBug
2767a54ee6308493e6a69b4b2951d8d2252bfd6b,core/src/test/java/com/orientechnologies/orient/core/db/document/VersionedDeleteTest.java,2,0,1,6,55,97,NoBug
2767a54ee6308493e6a69b4b2951d8d2252bfd6b,tests/src/test/java/com/orientechnologies/orient/test/internal/index/IndexConcurrencyTest.java,26,0,0,10,228,297,NoBug
2767a54ee6308493e6a69b4b2951d8d2252bfd6b,core/src/main/java/com/orientechnologies/orient/core/tx/OTransactionOptimistic.java,127,0,1,23,521,695,NoBug
2767a54ee6308493e6a69b4b2951d8d2252bfd6b,tests/src/test/java/com/orientechnologies/orient/test/database/auto/LinkBagIndexTest.java,44,0,1,19,453,598,NoBug
2767a54ee6308493e6a69b4b2951d8d2252bfd6b,core/src/main/java/com/orientechnologies/orient/core/hook/ORecordHookAbstract.java,20,0,10,21,127,259,NoBug
2767a54ee6308493e6a69b4b2951d8d2252bfd6b,core/src/main/java/com/orientechnologies/orient/core/index/OIndexOneValue.java,17,0,1,14,202,263,NoBug
2767a54ee6308493e6a69b4b2951d8d2252bfd6b,tests/src/test/java/com/orientechnologies/orient/test/database/auto/HookTxTest.java,29,0,0,18,183,237,NoBug
2767a54ee6308493e6a69b4b2951d8d2252bfd6b,client/src/main/java/com/orientechnologies/orient/client/remote/OClusterRemote.java,1,0,5,37,152,244,NoBug
2767a54ee6308493e6a69b4b2951d8d2252bfd6b,tests/src/test/java/com/orientechnologies/orient/test/database/auto/RestrictedTest.java,9,0,2,25,235,307,NoBug
2767a54ee6308493e6a69b4b2951d8d2252bfd6b,tests/src/test/java/com/orientechnologies/orient/test/database/auto/ObjectDetachingTestSchemaFull.java,12,0,0,22,552,716,NoBug
2767a54ee6308493e6a69b4b2951d8d2252bfd6b,core/src/main/java/com/orientechnologies/orient/core/storage/impl/local/OAbstractPaginatedStorage.java,507,0,7,102,3267,4322,NoBug
2767a54ee6308493e6a69b4b2951d8d2252bfd6b,tests/src/test/java/com/orientechnologies/orient/test/database/auto/DbListenerTest.java,12,0,1,26,251,347,NoBug
2767a54ee6308493e6a69b4b2951d8d2252bfd6b,tests/src/test/java/com/orientechnologies/orient/test/database/auto/SecurityTest.java,21,0,0,21,337,431,NoBug
2767a54ee6308493e6a69b4b2951d8d2252bfd6b,core/src/main/java/com/orientechnologies/orient/core/index/hashindex/local/OLocalHashTable.java,188,0,1,24,1575,1998,NoBug
2767a54ee6308493e6a69b4b2951d8d2252bfd6b,core/src/main/java/com/orientechnologies/orient/core/storage/impl/local/paginated/atomicoperations/OAtomicOperationsManager.java,75,0,6,13,467,674,NoBug
2767a54ee6308493e6a69b4b2951d8d2252bfd6b,tests/src/test/java/com/orientechnologies/orient/test/database/auto/LinkSetIndexTest.java,43,0,1,19,457,600,NoBug
2767a54ee6308493e6a69b4b2951d8d2252bfd6b,core/src/test/java/com/orientechnologies/orient/core/tx/ExternalCollectionsTest.java,1,0,1,6,89,130,NoBug
2767a54ee6308493e6a69b4b2951d8d2252bfd6b,core/src/main/java/com/orientechnologies/orient/core/index/OIndexMultiValues.java,27,0,1,14,301,405,NoBug
2767a54ee6308493e6a69b4b2951d8d2252bfd6b,core/src/main/java/com/orientechnologies/orient/core/index/sbtree/local/OSBTree.java,214,0,2,26,1727,2158,NoBug
2767a54ee6308493e6a69b4b2951d8d2252bfd6b,core/src/main/java/com/orientechnologies/orient/core/config/OGlobalConfiguration.java,33,0,3,14,632,1013,Bag
2767a54ee6308493e6a69b4b2951d8d2252bfd6b,core/src/main/java/com/orientechnologies/orient/core/index/OIndexInternal.java,1,0,11,10,38,206,NoBug
2767a54ee6308493e6a69b4b2951d8d2252bfd6b,core/src/main/java/com/orientechnologies/orient/core/index/OIndexEngine.java,1,0,2,26,43,107,NoBug
2767a54ee6308493e6a69b4b2951d8d2252bfd6b,core/src/main/java/com/orientechnologies/orient/core/tx/OTransactionNoTx.java,40,0,3,38,293,391,NoBug
2767a54ee6308493e6a69b4b2951d8d2252bfd6b,core/src/main/java/com/orientechnologies/orient/core/storage/impl/local/paginated/OOfflineCluster.java,5,0,1,42,195,270,NoBug
2767a54ee6308493e6a69b4b2951d8d2252bfd6b,lucene/src/main/java/com/orientechnologies/lucene/engine/OLuceneIndexEngineDelegate.java,5,0,1,40,206,282,NoBug
2767a54ee6308493e6a69b4b2951d8d2252bfd6b,core/src/main/java/com/orientechnologies/orient/core/sharding/auto/OAutoShardingIndexEngine.java,31,0,1,27,257,338,NoBug
2767a54ee6308493e6a69b4b2951d8d2252bfd6b,core/src/main/java/com/orientechnologies/orient/core/storage/cache/local/OWOWCache.java,227,0,5,39,1491,1943,NoBug
2767a54ee6308493e6a69b4b2951d8d2252bfd6b,core/src/main/java/com/orientechnologies/orient/core/storage/impl/local/paginated/atomicoperations/OAtomicOperation.java,82,0,4,19,467,644,NoBug
2767a54ee6308493e6a69b4b2951d8d2252bfd6b,core/src/main/java/com/orientechnologies/orient/core/db/document/ODatabaseDocumentTx.java,429,0,82,84,2321,3373,NoBug
2767a54ee6308493e6a69b4b2951d8d2252bfd6b,core/src/main/java/com/orientechnologies/orient/core/index/hashindex/local/OHashTable.java,3,0,2,31,95,160,NoBug
2767a54ee6308493e6a69b4b2951d8d2252bfd6b,core/src/main/java/com/orientechnologies/orient/core/tx/OTransactionIndexChanges.java,5,0,1,11,61,110,NoBug
2767a54ee6308493e6a69b4b2951d8d2252bfd6b,client/src/main/java/com/orientechnologies/orient/client/remote/OStorageRemote.java,253,0,5,76,1875,2349,NoBug
2767a54ee6308493e6a69b4b2951d8d2252bfd6b,core/src/test/java/com/orientechnologies/orient/core/sql/lock/TestQueryRecordLockUnlock.java,19,0,0,4,174,201,NoBug
2767a54ee6308493e6a69b4b2951d8d2252bfd6b,core/src/main/java/com/orientechnologies/orient/core/index/OIndexFullText.java,33,0,3,6,243,352,NoBug
2767a54ee6308493e6a69b4b2951d8d2252bfd6b,core/src/main/java/com/orientechnologies/orient/core/index/OClassIndexManager.java,109,0,1,20,497,653,NoBug
2767a54ee6308493e6a69b4b2951d8d2252bfd6b,tests/src/test/java/com/orientechnologies/orient/test/database/auto/LinkListIndexTest.java,42,0,1,19,389,509,NoBug
2767a54ee6308493e6a69b4b2951d8d2252bfd6b,core/src/main/java/com/orientechnologies/orient/core/hook/ORecordHook.java,19,0,4,7,59,150,NoBug
2767a54ee6308493e6a69b4b2951d8d2252bfd6b,tests/src/test/java/com/orientechnologies/orient/test/database/auto/SchemaTest.java,27,0,0,31,427,637,NoBug
2767a54ee6308493e6a69b4b2951d8d2252bfd6b,core/src/main/java/com/orientechnologies/orient/core/sql/OCommandExecutorSQLUpdate.java,202,0,2,9,709,913,NoBug
2767a54ee6308493e6a69b4b2951d8d2252bfd6b,server/src/main/java/com/orientechnologies/orient/server/network/protocol/binary/ONetworkProtocolBinary.java,373,0,2,15,2152,2797,NoBug
2767a54ee6308493e6a69b4b2951d8d2252bfd6b,core/src/main/java/com/orientechnologies/orient/core/hook/ODocumentHookAbstract.java,34,0,17,11,169,344,NoBug
2767a54ee6308493e6a69b4b2951d8d2252bfd6b,lucene/src/main/java/com/orientechnologies/lucene/engine/OLuceneIndexEngineAbstract.java,44,0,2,29,402,511,NoBug
2767a54ee6308493e6a69b4b2951d8d2252bfd6b,core/src/main/java/com/orientechnologies/orient/core/index/OIndexDictionary.java,3,0,2,4,47,89,NoBug
2767a54ee6308493e6a69b4b2951d8d2252bfd6b,core/src/main/java/com/orientechnologies/orient/core/index/hashindex/local/OLocalHashTable20.java,208,0,1,24,1659,2156,NoBug
2767a54ee6308493e6a69b4b2951d8d2252bfd6b,core/src/main/java/com/orientechnologies/orient/core/index/OIndexRecorder.java,9,0,0,64,302,404,NoBug
2767a54ee6308493e6a69b4b2951d8d2252bfd6b,core/src/main/java/com/orientechnologies/orient/core/index/engine/ORemoteIndexEngine.java,1,0,1,26,129,185,NoBug
276cc6b67f03f8c68a0e52a9ef6be0c5128f1ce3,core/src/main/java/com/orientechnologies/orient/core/metadata/schema/OClassAbstractDelegate.java,2,0,1,87,382,496,NoBug
278810a05546861b359529b257890e90628369b2,server/src/main/java/com/orientechnologies/orient/server/distributed/task/OAbstractRecordReplicatedTask.java,3,0,1,13,62,104,Bag
278810a05546861b359529b257890e90628369b2,server/src/main/java/com/orientechnologies/orient/server/distributed/ODistributedStorage.java,177,0,1,80,1109,1534,Bag
278810a05546861b359529b257890e90628369b2,server/src/main/java/com/orientechnologies/orient/server/distributed/task/OCreateRecordTask.java,12,0,2,10,125,182,Bag
278810a05546861b359529b257890e90628369b2,server/src/main/java/com/orientechnologies/orient/server/distributed/task/ODeleteRecordTask.java,7,0,1,12,93,140,Bag
278810a05546861b359529b257890e90628369b2,server/src/main/java/com/orientechnologies/orient/server/distributed/task/OFixTxTask.java,8,0,1,9,77,129,Bag
278810a05546861b359529b257890e90628369b2,server/src/main/java/com/orientechnologies/orient/server/distributed/task/OTxTask.java,34,0,2,11,193,292,Bag
278810a05546861b359529b257890e90628369b2,server/src/main/java/com/orientechnologies/orient/server/distributed/task/OUpdateRecordTask.java,9,0,1,14,130,188,Bag
278985a53ab2e77f1e655a930568e0aa6e7f7f65,core/src/main/java/com/orientechnologies/common/concur/resource/OPartitionedObjectPool.java,26,0,1,15,173,235,Bag
278985a53ab2e77f1e655a930568e0aa6e7f7f65,core/src/main/java/com/orientechnologies/common/concur/resource/OPartitionedObjectPoolFactory.java,9,0,1,10,88,123,Bag
278985a53ab2e77f1e655a930568e0aa6e7f7f65,core/src/main/java/com/orientechnologies/orient/core/command/script/ODatabaseScriptManager.java,6,0,1,4,60,100,Bag
283e1d202ea10c89bae57752ba16cab25e96d05f,graphdb/src/test/java/com/orientechnologies/orient/graph/sql/SQLMoveVertexCommandTest.java,10,0,0,9,194,296,Bag
283e1d202ea10c89bae57752ba16cab25e96d05f,graphdb/src/main/java/com/tinkerpop/blueprints/impls/orient/OrientBaseGraph.java,229,0,76,13,1195,2203,Bag
2840027a80a6b78075eb44a05e26cab836ee9e03,object/src/main/java/com/orientechnologies/orient/object/enhancement/OObjectProxyMethodHandler.java,220,0,4,9,757,878,Bag
2909570c5529efb87be48f9273d73054ff7b11b1,lucene/src/main/java/com/orientechnologies/lucene/engine/OLuceneIndexEngineAbstract.java,44,0,2,30,407,517,NoBug
2933b9503bb8304e2b2fa3d291080bbdae0cb2a4,distributed/src/test/java/com/orientechnologies/orient/server/distributed/DistributedDatabaseCRUDTest.java,68,0,7,8,455,581,Bag
2933b9503bb8304e2b2fa3d291080bbdae0cb2a4,distributed/src/main/java/com/orientechnologies/orient/server/distributed/impl/ODistributedAbstractPlugin.java,245,0,8,63,1385,1917,Bag
2933b9503bb8304e2b2fa3d291080bbdae0cb2a4,core/src/main/java/com/orientechnologies/orient/core/metadata/schema/OClassImpl.java,334,0,6,111,2214,2772,Bag
2933b9503bb8304e2b2fa3d291080bbdae0cb2a4,distributed/src/test/java/com/orientechnologies/orient/server/distributed/AbstractServerClusterTest.java,57,0,1,3,376,513,Bag
2933b9503bb8304e2b2fa3d291080bbdae0cb2a4,distributed/src/test/java/com/orientechnologies/orient/server/distributed/AbstractServerClusterInsertTest.java,37,0,1,1,366,489,Bag
2933d9f71ad2825fbeb80efad37a0f895f6bd6dd,core/src/main/java/com/orientechnologies/orient/core/command/script/OCommandExecutorScript.java,103,0,1,7,431,581,Bag
29739f035814f99ee6daa898d17a63891e6089dd,core/src/main/java/com/orientechnologies/orient/core/sql/parser/OOrderByItem.java,5,0,1,9,48,62,Bag
29739f035814f99ee6daa898d17a63891e6089dd,core/src/main/java/com/orientechnologies/orient/core/sql/parser/OrientSql.java,3688,0,12,110,11165,12011,Bag
29739f035814f99ee6daa898d17a63891e6089dd,core/src/main/java/com/orientechnologies/orient/core/sql/parser/OrientSql.java,3688,0,12,110,11165,12011,Bag
29739f035814f99ee6daa898d17a63891e6089dd,core/src/main/java/com/orientechnologies/orient/core/sql/parser/OUpdateItem.java,7,0,1,5,52,66,NoBug
29964e18d3f20ef8409d58a0ad25afd89452e2d8,core/src/main/java/com/orientechnologies/orient/core/sql/method/misc/OSQLMethodAsBoolean.java,6,0,1,2,27,55,Bag
29d37a5ee2ae1a5f254235d5b01b8925618ebdb8,distributed/src/main/java/com/orientechnologies/orient/server/distributed/impl/task/OSyncDatabaseTask.java,18,0,1,12,170,250,NoBug
29d9c9c149f32a2a93865952498f2baf9b3e1f57,distributed/src/main/java/com/orientechnologies/orient/server/distributed/ODistributedWorker.java,47,0,1,6,224,325,NoBug
29d9c9c149f32a2a93865952498f2baf9b3e1f57,distributed/src/main/java/com/orientechnologies/orient/server/distributed/ODistributedDatabaseImpl.java,69,0,2,13,404,564,NoBug
29d9c9c149f32a2a93865952498f2baf9b3e1f57,distributed/src/main/java/com/orientechnologies/orient/server/distributed/ODistributedStorage.java,202,0,1,84,1261,1723,NoBug
29d9c9c149f32a2a93865952498f2baf9b3e1f57,distributed/src/main/java/com/orientechnologies/orient/server/hazelcast/OHazelcastPlugin.java,286,0,7,61,1584,2238,Bag
29d9c9c149f32a2a93865952498f2baf9b3e1f57,server/src/main/java/com/orientechnologies/orient/server/network/protocol/binary/ONetworkProtocolBinary.java,359,0,2,14,2104,2740,Bag
29d9c9c149f32a2a93865952498f2baf9b3e1f57,core/src/main/java/com/orientechnologies/orient/core/OOrientListener.java,1,0,1,3,7,37,NoBug
29d9c9c149f32a2a93865952498f2baf9b3e1f57,distributed/src/test/java/com/orientechnologies/orient/server/distributed/DistributedDbDropAndReCreateAnotherTest.java,3,0,1,2,42,76,NoBug
29d9c9c149f32a2a93865952498f2baf9b3e1f57,core/src/main/java/com/orientechnologies/orient/core/Orient.java,92,0,8,52,732,991,Bag
29da058c3bc239cf1911da86b63d76a2071dcd28,core/src/main/java/com/orientechnologies/orient/core/sql/filter/OSQLPredicate.java,73,0,2,10,306,439,Bag
29da058c3bc239cf1911da86b63d76a2071dcd28,core/src/main/java/com/orientechnologies/orient/core/sql/filter/OSQLFilterCondition.java,132,0,1,13,370,491,Bag
29da058c3bc239cf1911da86b63d76a2071dcd28,core/src/test/java/com/orientechnologies/orient/core/sql/parser/OSelectStatementTest.java,7,0,0,49,493,626,Bag
29da058c3bc239cf1911da86b63d76a2071dcd28,core/src/test/java/com/orientechnologies/orient/core/sql/OCommandExecutorSQLSelectTest.java,24,0,1,55,689,882,Bag
29da058c3bc239cf1911da86b63d76a2071dcd28,core/src/main/java/com/orientechnologies/orient/core/sql/parser/OMatchesCondition.java,5,0,1,6,45,63,Bag
29da058c3bc239cf1911da86b63d76a2071dcd28,core/src/main/java/com/orientechnologies/orient/core/sql/parser/OExpression.java,21,0,1,13,106,147,Bag
29da058c3bc239cf1911da86b63d76a2071dcd28,core/src/main/java/com/orientechnologies/orient/core/sql/parser/OrientSql.java,4615,0,11,129,13612,14625,Bag
29da058c3bc239cf1911da86b63d76a2071dcd28,graphdb/src/test/java/com/orientechnologies/orient/graph/sql/TestDeleteEdge.java,2,0,0,5,67,92,NoBug
29ed663ec9cc6a3349c64fe1410363a1e480ceb1,etl/src/main/java/com/orientechnologies/orient/etl/OETLProcessor.java,59,0,3,17,461,633,NoBug
29ed663ec9cc6a3349c64fe1410363a1e480ceb1,etl/src/test/java/com/orientechnologies/orient/etl/loader/OOrientDBLoaderTest.java,2,0,1,3,73,97,NoBug
29ed663ec9cc6a3349c64fe1410363a1e480ceb1,etl/src/main/java/com/orientechnologies/orient/etl/loader/OOrientDBLoader.java,102,0,1,11,460,601,NoBug
29ed663ec9cc6a3349c64fe1410363a1e480ceb1,etl/src/test/java/com/orientechnologies/orient/etl/extractor/OCSVExtractorTest.java,4,0,1,33,340,395,NoBug
29ed663ec9cc6a3349c64fe1410363a1e480ceb1,etl/src/main/java/com/orientechnologies/orient/etl/transformer/OVertexTransformer.java,10,0,0,6,59,91,NoBug
29ed663ec9cc6a3349c64fe1410363a1e480ceb1,etl/src/test/java/com/orientechnologies/orient/etl/transformer/OVertexTransformerTest.java,2,0,2,4,52,89,NoBug
29ef0622a3d91def2a4a244705c8296116a784d1,core/src/test/java/com/orientechnologies/orient/core/storage/cache/local/twoq/CacheStateRestorationTest.java,3,0,1,3,54,108,NoBug
29ef0622a3d91def2a4a244705c8296116a784d1,core/src/main/java/com/orientechnologies/orient/core/storage/cache/local/twoq/O2QCache.java,161,0,6,14,1146,1647,NoBug
29ef0622a3d91def2a4a244705c8296116a784d1,core/src/main/java/com/orientechnologies/orient/core/storage/impl/local/paginated/OLocalPaginatedStorage.java,61,0,1,11,420,526,NoBug
2a004c4b73a8609cf941b54707f6e23ff7cbea22,core/src/main/java/com/orientechnologies/orient/core/storage/cache/OAbstractWriteCache.java,2,0,1,4,18,28,NoBug
2a004c4b73a8609cf941b54707f6e23ff7cbea22,graphdb/src/main/java/com/tinkerpop/blueprints/impls/orient/OrientVertexIterator.java,17,0,0,5,72,114,NoBug
2a004c4b73a8609cf941b54707f6e23ff7cbea22,core/src/main/java/com/orientechnologies/orient/core/storage/impl/local/OAbstractPaginatedStorage.java,291,0,3,74,1848,2420,Bag
2a004c4b73a8609cf941b54707f6e23ff7cbea22,core/src/main/java/com/orientechnologies/orient/core/storage/impl/memory/ODirectMemoryStorage.java,6,0,1,7,72,112,NoBug
2a004c4b73a8609cf941b54707f6e23ff7cbea22,core/src/main/java/com/orientechnologies/orient/core/storage/impl/local/paginated/OLocalPaginatedStorage.java,28,0,1,10,239,316,NoBug
2a004c4b73a8609cf941b54707f6e23ff7cbea22,core/src/main/java/com/orientechnologies/orient/core/index/hashindex/local/cache/OWOWCache.java,185,0,1,38,1238,1618,NoBug
2a004c4b73a8609cf941b54707f6e23ff7cbea22,core/src/main/java/com/orientechnologies/orient/core/engine/local/OEngineLocalPaginated.java,2,0,1,4,40,75,NoBug
2a004c4b73a8609cf941b54707f6e23ff7cbea22,core/src/main/java/com/orientechnologies/orient/core/index/hashindex/local/cache/O2QCache.java,92,0,1,17,731,938,NoBug
2a004c4b73a8609cf941b54707f6e23ff7cbea22,core/src/main/java/com/orientechnologies/orient/core/storage/impl/memory/ODirectMemoryOnlyDiskCache.java,22,0,1,52,447,585,NoBug
2a004c4b73a8609cf941b54707f6e23ff7cbea22,core/src/main/java/com/orientechnologies/orient/core/engine/memory/OEngineMemory.java,2,0,0,5,26,53,NoBug
2a004c4b73a8609cf941b54707f6e23ff7cbea22,core/src/main/java/com/orientechnologies/orient/core/engine/OEngineAbstract.java,3,0,0,3,23,51,NoBug
2a004c4b73a8609cf941b54707f6e23ff7cbea22,core/src/main/java/com/orientechnologies/orient/core/index/sbtreebonsai/local/OSBTreeBonsaiLocal.java,117,0,4,27,1198,1497,NoBug
2a06ddfcd18a9c9797bc721e91faab337f7b6b6b,jdbc/src/test/java/com/orientechnologies/orient/jdbc/OrientDbCreationHelper.java,9,0,0,6,156,206,Bag
2a06ddfcd18a9c9797bc721e91faab337f7b6b6b,jdbc/src/test/java/com/orientechnologies/orient/jdbc/OrientJdbcResultSetMetaDataTest.java,1,0,0,6,96,152,Bag
2a06ddfcd18a9c9797bc721e91faab337f7b6b6b,jdbc/src/main/java/com/orientechnologies/orient/jdbc/OrientJdbcResultSetMetaData.java,44,0,1,25,231,313,Bag
2a06ddfcd18a9c9797bc721e91faab337f7b6b6b,jdbc/src/test/java/com/orientechnologies/orient/jdbc/OrientJdbcResultSetTest.java,3,0,0,5,44,60,Bag
2a0eedc5bf30620715d7a2f516a4abc7ffdd421c,core/src/test/java/com/orientechnologies/orient/core/sql/OCommandExecutorSQLSelectTest.java,32,0,1,73,980,1238,Bag
2a0eedc5bf30620715d7a2f516a4abc7ffdd421c,core/src/main/java/com/orientechnologies/orient/core/collate/OCaseInsensitiveCollate.java,8,0,1,5,46,84,NoBug
2a1d6bae7567daf09e92e387980f4e8ce41f6c13,core/src/main/java/com/orientechnologies/orient/core/Orient.java,71,0,9,48,633,859,Bag
2a1d6bae7567daf09e92e387980f4e8ce41f6c13,core/src/main/java/com/orientechnologies/orient/core/OrientShutdownHook.java,2,0,1,2,21,48,Bag
2a52733277d84242f992cb2eb3b7962217d8e600,core/src/main/java/com/orientechnologies/orient/core/sql/parser/OGroupBy.java,3,0,1,4,26,38,Bag
2a52733277d84242f992cb2eb3b7962217d8e600,core/src/test/java/com/orientechnologies/orient/core/sql/parser/OSelectStatementTest.java,7,0,0,38,296,399,Bag
2a52733277d84242f992cb2eb3b7962217d8e600,core/src/main/java/com/orientechnologies/orient/core/sql/parser/OSelectStatement.java,28,0,0,26,207,282,Bag
2a52733277d84242f992cb2eb3b7962217d8e600,core/src/main/java/com/orientechnologies/orient/core/sql/parser/OrientSql.java,3938,0,12,114,11768,12651,Bag
2a52733277d84242f992cb2eb3b7962217d8e600,core/src/main/java/com/orientechnologies/orient/core/sql/filter/OSQLFilterCondition.java,104,0,1,13,317,426,Bag
2a52733277d84242f992cb2eb3b7962217d8e600,core/src/test/java/com/orientechnologies/orient/core/sql/parser/OSelectStatementTest.java,7,0,0,38,296,399,Bag
2a52733277d84242f992cb2eb3b7962217d8e600,core/src/main/java/com/orientechnologies/orient/core/sql/parser/OrientSql.java,3938,0,12,114,11768,12651,Bag
2a6ac8ff07e7e61f693f39fade49158f94c97e0c,server/src/main/java/com/orientechnologies/orient/server/network/protocol/binary/ONetworkProtocolBinary.java,382,0,2,16,2212,2851,Bag
2a6ac8ff07e7e61f693f39fade49158f94c97e0c,client/src/main/java/com/orientechnologies/orient/client/remote/OStorageRemote.java,254,0,5,79,1918,2404,Bag
2a6ac8ff07e7e61f693f39fade49158f94c97e0c,client/src/main/java/com/orientechnologies/orient/client/binary/OChannelBinaryAsynchClient.java,73,0,2,15,360,488,NoBug
2a6ac8ff07e7e61f693f39fade49158f94c97e0c,client/src/test/java/com/orientechnologies/orient/client/remote/OStorageRemoteAsyncOperationTest.java,6,0,1,4,116,138,NoBug
2abe14e644bb5c821e29076a7879b51917cf9ac1,core/src/test/java/com/orientechnologies/orient/core/sql/OCommandExecutorSQLUpdateTest.java,1,0,1,18,393,506,Bag
2abe14e644bb5c821e29076a7879b51917cf9ac1,core/src/main/java/com/orientechnologies/orient/core/sql/OCommandExecutorSQLSetAware.java,47,0,1,1,169,234,NoBug
2abe14e644bb5c821e29076a7879b51917cf9ac1,core/src/main/java/com/orientechnologies/orient/core/sql/OCommandExecutorSQLInsert.java,70,0,2,8,324,445,NoBug
2ad391a42cfcf22c4cbb4739f65e88524a67c891,tests/src/test/java/com/orientechnologies/orient/test/database/auto/SchemaTest.java,39,0,0,31,471,665,Bag
2ad391a42cfcf22c4cbb4739f65e88524a67c891,core/src/main/java/com/orientechnologies/orient/core/sql/parser/OBaseExpression.java,19,0,1,11,90,118,Bag
2ad391a42cfcf22c4cbb4739f65e88524a67c891,core/src/main/java/com/orientechnologies/orient/core/sql/parser/OSuffixIdentifier.java,17,0,1,7,78,96,Bag
2ad391a42cfcf22c4cbb4739f65e88524a67c891,core/src/main/java/com/orientechnologies/orient/core/metadata/schema/OPropertyImpl.java,150,0,9,53,1128,1457,Bag
2ad391a42cfcf22c4cbb4739f65e88524a67c891,core/src/main/java/com/orientechnologies/orient/core/sql/parser/OAlterPropertyStatement.java,2,0,0,5,39,53,Bag
2ad391a42cfcf22c4cbb4739f65e88524a67c891,core/src/main/java/com/orientechnologies/orient/core/serialization/serializer/OJSONReader.java,51,0,1,20,222,312,Bag
2ad391a42cfcf22c4cbb4739f65e88524a67c891,core/src/main/java/com/orientechnologies/orient/core/sql/OCommandExecutorSQLAlterProperty.java,23,0,2,4,114,173,Bag
2ad391a42cfcf22c4cbb4739f65e88524a67c891,core/src/main/java/com/orientechnologies/orient/core/db/tool/ODatabaseImport.java,241,0,1,19,1228,1609,Bag
2ad391a42cfcf22c4cbb4739f65e88524a67c891,core/src/main/java/com/orientechnologies/orient/core/db/tool/ODatabaseExport.java,107,0,1,7,437,584,Bag
2b3921001bb678f6a552275f3232e7c5db1f72c4,core/src/main/java/com/orientechnologies/orient/core/fetch/OFetchHelper.java,155,0,1,6,479,592,NoBug
2be5212bdb27f0c211da918620ee66e176ce3b76,core/src/main/java/com/orientechnologies/orient/core/sql/OCommandExecutorSQLSelect.java,629,0,4,19,2231,2897,NoBug
2be5212bdb27f0c211da918620ee66e176ce3b76,core/src/test/java/com/orientechnologies/orient/core/sql/OCommandExecutorSQLSelectTest.java,30,0,1,69,853,1083,Bag
2c4a08deea11d34596f9ccd42d53e0db19cd6f67,tools/src/main/java/com/orientechnologies/orient/console/OConsoleDatabaseApp.java,328,0,11,111,2212,2766,Bag
2cecf185cd655dab83fe4d7e938b509503df5e7d,core/src/main/java/com/orientechnologies/orient/core/storage/cache/local/OWOWCache.java,227,0,5,39,1487,1943,Bag
2cecf185cd655dab83fe4d7e938b509503df5e7d,graphdb/src/main/java/com/tinkerpop/blueprints/impls/orient/OrientTransactionalGraph.java,28,0,4,4,152,244,NoBug
2d18ef0e677a476989c9ade847e8f330e44eb8f5,core/src/main/java/com/orientechnologies/orient/core/storage/impl/local/paginated/wal/ODiskWriteAheadLog.java,99,0,1,38,692,905,NoBug
2d1ae0228d8a0dcc1aa1b3239980ab80684f78cc,core/src/main/java/com/orientechnologies/orient/core/sql/functions/coll/OSQLFunctionList.java,11,0,1,6,64,105,NoBug
2d1ae0228d8a0dcc1aa1b3239980ab80684f78cc,core/src/main/java/com/orientechnologies/orient/core/sql/functions/coll/OSQLFunctionDocument.java,15,0,1,6,80,127,NoBug
2d1ae0228d8a0dcc1aa1b3239980ab80684f78cc,core/src/main/java/com/orientechnologies/orient/core/sql/functions/stat/OSQLFunctionMode.java,13,0,1,6,83,125,NoBug
2d1ae0228d8a0dcc1aa1b3239980ab80684f78cc,core/src/main/java/com/orientechnologies/orient/core/sql/functions/coll/OSQLFunctionMap.java,15,0,1,6,78,127,NoBug
2d1ae0228d8a0dcc1aa1b3239980ab80684f78cc,core/src/main/java/com/orientechnologies/orient/core/sql/functions/stat/OSQLFunctionVariance.java,11,0,1,7,94,159,NoBug
2d1ae0228d8a0dcc1aa1b3239980ab80684f78cc,core/src/main/java/com/orientechnologies/orient/core/sql/functions/stat/OSQLFunctionStandardDeviation.java,2,0,1,4,27,61,NoBug
2d1ae0228d8a0dcc1aa1b3239980ab80684f78cc,core/src/main/java/com/orientechnologies/orient/core/sql/functions/coll/OSQLFunctionSet.java,11,0,1,6,71,115,NoBug
2d1ae0228d8a0dcc1aa1b3239980ab80684f78cc,core/src/main/java/com/orientechnologies/orient/core/sql/functions/coll/OSQLFunctionSymmetricDifference.java,15,0,1,5,98,146,NoBug
2d1ae0228d8a0dcc1aa1b3239980ab80684f78cc,core/src/main/java/com/orientechnologies/orient/core/sql/functions/stat/OSQLFunctionPercentile.java,16,0,1,7,110,159,NoBug
2d2d037119772cf6a978c9961a7ab8fb99fa22f8,core/src/main/java/com/orientechnologies/orient/core/index/OIndexAbstract.java,99,0,6,49,827,1087,Bag
2d2e55f4580b49459d4d6a707e453e087d965570,core/src/main/java/com/orientechnologies/orient/core/sql/method/misc/OSQLMethodAsBoolean.java,4,0,1,2,20,47,NoBug
2d5bcdf2c8dadd899b39e7a9f4ef3de7bdfc1a09,graphdb/src/test/java/com/orientechnologies/orient/graph/blueprints/GraphValidationTest.java,5,0,0,6,136,186,Bag
2d5bcdf2c8dadd899b39e7a9f4ef3de7bdfc1a09,tests/src/test/java/com/orientechnologies/orient/test/database/auto/CRUDDocumentValidationTest.java,3,0,0,17,183,229,Bag
2d5bcdf2c8dadd899b39e7a9f4ef3de7bdfc1a09,core/src/main/java/com/orientechnologies/orient/core/db/document/ODatabaseDocumentAbstract.java,407,0,74,97,2136,3085,Bag
2dfe0b0c51d0e5321a392597c005438a4fb0d7fb,core/src/main/java/com/orientechnologies/orient/core/index/hashindex/local/cache/OWOWCache.java,187,0,1,38,1259,1643,NoBug
2e824744c53939c3773f8f35376c6abbf2dc221c,core/src/main/java/com/orientechnologies/orient/core/metadata/sequence/OSequence.java,23,0,5,19,216,309,Bag
2e92adbb7c6035107fb50acc65d42371ebae4e42,core/src/main/java/com/orientechnologies/orient/core/sql/method/misc/OSQLMethodFormat.java,6,0,1,2,34,67,Bag
2e9a3b26964469982ca5e0d9e0a57ba887d08db4,server/src/test/java/com/orientechnologies/orient/server/handler/AutomaticBackupTest.java,14,0,2,7,185,288,NoBug
2e9a3b26964469982ca5e0d9e0a57ba887d08db4,server/src/main/java/com/orientechnologies/orient/server/handler/OAutomaticBackup.java,66,0,2,10,317,420,NoBug
2e9a3b26964469982ca5e0d9e0a57ba887d08db4,client/src/test/java/com/orientechnologies/orient/client/remote/OMessageHelperTest.java,1,0,1,1,44,66,NoBug
2e9a3b26964469982ca5e0d9e0a57ba887d08db4,client/src/main/java/com/orientechnologies/orient/client/remote/message/OMessageHelper.java,54,0,0,13,394,446,NoBug
2ea1f31ec1c5c4741e7bc0fb819bedc8366cf37f,tools/src/main/java/com/orientechnologies/orient/console/OConsoleDatabaseApp.java,337,0,11,114,2320,2985,Bag
2ee3b61558840a5368bca7909740f1b6b1cce1b3,core/src/test/java/com/orientechnologies/orient/core/ridbag/ConcurrencySBTreeBonsaiLocalTest.java,9,0,0,2,76,93,Bag
2ee3b61558840a5368bca7909740f1b6b1cce1b3,tests/src/test/java/com/orientechnologies/orient/test/internal/io/OFileAbstractTest.java,4,0,0,3,36,65,Bag
2ee3b61558840a5368bca7909740f1b6b1cce1b3,core/src/main/java/com/orientechnologies/orient/core/storage/impl/local/OAbstractPaginatedStorage.java,305,0,3,76,2002,2625,Bag
2ee3b61558840a5368bca7909740f1b6b1cce1b3,core/src/main/java/com/orientechnologies/orient/core/storage/impl/local/paginated/atomicoperations/OAtomicOperation.java,56,0,1,20,335,472,Bag
2ee3b61558840a5368bca7909740f1b6b1cce1b3,core/src/test/java/com/orientechnologies/orient/core/index/sbtree/local/SBTreeWAL.java,19,0,1,18,309,415,Bag
2ee3b61558840a5368bca7909740f1b6b1cce1b3,core/src/test/java/com/orientechnologies/orient/core/storage/fs/FileClassicTest.java,3,0,1,3,51,74,Bag
2ee3b61558840a5368bca7909740f1b6b1cce1b3,core/src/main/java/com/orientechnologies/orient/core/db/record/ridbag/sbtree/OIndexRIDContainer.java,13,0,3,19,184,256,Bag
2ee3b61558840a5368bca7909740f1b6b1cce1b3,core/src/main/java/com/orientechnologies/orient/core/index/sbtreebonsai/local/OSBTreeBonsaiLocal.java,114,0,4,25,1153,1439,Bag
2ee3b61558840a5368bca7909740f1b6b1cce1b3,core/src/main/java/com/orientechnologies/orient/core/storage/fs/OAbstractFile.java,67,0,24,23,572,858,Bag
2ee3b61558840a5368bca7909740f1b6b1cce1b3,core/src/test/java/com/orientechnologies/orient/core/index/sbtreebonsai/local/OSBTreeBonsaiWAL.java,15,0,1,17,281,376,Bag
2ee3b61558840a5368bca7909740f1b6b1cce1b3,core/src/main/java/com/orientechnologies/orient/core/config/OGlobalConfiguration.java,38,0,3,11,526,794,Bag
2ee3b61558840a5368bca7909740f1b6b1cce1b3,core/src/main/java/com/orientechnologies/orient/core/index/hashindex/local/OLocalHashTable20.java,211,0,1,23,1681,2182,Bag
2ee3b61558840a5368bca7909740f1b6b1cce1b3,core/src/main/java/com/orientechnologies/orient/core/index/sbtree/local/OSBTree.java,190,0,1,26,1543,1969,Bag
2ee3b61558840a5368bca7909740f1b6b1cce1b3,core/src/main/java/com/orientechnologies/orient/core/storage/cache/local/OWOWCache.java,199,0,1,49,1359,1760,Bag
2ee3b61558840a5368bca7909740f1b6b1cce1b3,core/src/main/java/com/orientechnologies/orient/core/index/hashindex/local/OLocalHashTable.java,183,0,1,23,1441,1864,Bag
2ee3b61558840a5368bca7909740f1b6b1cce1b3,core/src/main/java/com/orientechnologies/orient/core/storage/impl/local/paginated/atomicoperations/OAtomicOperationsManager.java,19,0,1,7,116,179,Bag
2ee3b61558840a5368bca7909740f1b6b1cce1b3,core/src/main/java/com/orientechnologies/orient/core/storage/fs/OFile.java,1,0,8,41,54,176,Bag
2ee3b61558840a5368bca7909740f1b6b1cce1b3,core/src/test/java/com/orientechnologies/orient/core/storage/impl/local/paginated/LocalPaginatedClusterWithWAL.java,20,0,2,28,370,499,Bag
2ee3b61558840a5368bca7909740f1b6b1cce1b3,core/src/main/java/com/orientechnologies/orient/core/index/hashindex/local/OHashTableDirectory.java,49,0,1,20,506,622,Bag
2ee3b61558840a5368bca7909740f1b6b1cce1b3,core/src/main/java/com/orientechnologies/orient/core/storage/impl/local/OSingleFileSegment.java,6,0,0,18,87,130,Bag
2ee3b61558840a5368bca7909740f1b6b1cce1b3,core/src/main/java/com/orientechnologies/orient/core/storage/impl/local/paginated/base/ODurableComponent.java,15,0,1,5,129,213,Bag
2ee3b61558840a5368bca7909740f1b6b1cce1b3,core/src/main/java/com/orientechnologies/orient/core/storage/impl/local/paginated/OPaginatedCluster.java,122,0,2,44,1459,1778,Bag
2ee3b61558840a5368bca7909740f1b6b1cce1b3,core/src/test/java/com/orientechnologies/orient/core/index/hashindex/local/OLocalHashTableWAL.java,31,0,1,12,269,364,Bag
2ee3b61558840a5368bca7909740f1b6b1cce1b3,core/src/test/java/com/orientechnologies/orient/core/index/sbtree/local/SBTreeTestBigValuesWAL.java,20,0,1,14,341,444,Bag
2ee3b61558840a5368bca7909740f1b6b1cce1b3,core/src/main/java/com/orientechnologies/orient/core/storage/impl/local/paginated/OClusterPositionMap.java,44,0,1,19,431,532,Bag
2ee3b61558840a5368bca7909740f1b6b1cce1b3,core/src/main/java/com/orientechnologies/orient/core/storage/fs/OFileClassic.java,14,0,1,23,335,416,Bag
2f4390c5567d781e5b6f143cba405d8005dedf0c,core/src/test/java/com/orientechnologies/orient/core/sql/OCommandExecutorSQLSelectTest.java,32,0,1,78,1015,1290,Bag
2f4390c5567d781e5b6f143cba405d8005dedf0c,core/src/main/java/com/orientechnologies/orient/core/sql/method/misc/OAbstractSQLMethod.java,9,0,1,10,79,118,Bag
2f8fa1dba1ba84a023315d39ee47de1fe9030107,server/src/main/java/com/orientechnologies/orient/server/tx/OTransactionOptimisticProxy.java,39,0,0,6,213,291,Bag
2fa63b98e520ece77af42c14404c4e299fabf8f0,core/src/main/java/com/orientechnologies/orient/core/storage/impl/local/paginated/wal/ODiskWriteAheadLog.java,98,0,1,38,686,898,NoBug
30020c171c46dce3e0768aaff89db4df0dd2ae72,core/src/main/java/com/orientechnologies/orient/core/metadata/sequence/OSequence.java,22,0,5,18,210,302,Bag
30020c171c46dce3e0768aaff89db4df0dd2ae72,core/src/test/java/com/orientechnologies/orient/core/metadata/sequence/OSequenceTest.java,11,0,1,10,197,248,Bag
3002f759868d044fc810cedbb60855cb441383fb,core/src/main/java/com/orientechnologies/common/concur/lock/ODistributedCounter.java,20,0,1,9,119,158,Bag
30195404c3c4403c6dececb04d86222fa3a92cbd,etl/src/main/java/com/orientechnologies/orient/etl/extractor/OCSVExtractor.java,38,0,1,7,217,271,NoBug
30195404c3c4403c6dececb04d86222fa3a92cbd,etl/src/test/java/com/orientechnologies/orient/etl/extractor/OCSVExtractorTest.java,4,0,1,33,306,358,NoBug
302fb478d11b9e745ce9e5910c4f4257bb55d020,core/src/main/java/com/orientechnologies/orient/core/index/OIndexTxAwareMultiValue.java,79,0,1,7,395,530,Bag
3080c6df0ffb3a3d5b9127ae2a66741b9a53b54d,core/src/main/java/com/orientechnologies/orient/core/index/hashindex/local/OHashIndexFactory.java,12,0,2,3,81,131,Bag
30fdb1af8292d0c3de1d0d1123f1e554fd44906b,tests/src/test/java/com/orientechnologies/orient/test/domain/schemageneration/JavaTestSchemaGeneration.java,1,0,1,70,275,374,NoBug
30fdb1af8292d0c3de1d0d1123f1e554fd44906b,object/src/main/java/com/orientechnologies/orient/object/enhancement/OObjectEntitySerializer.java,350,0,10,34,996,1293,NoBug
30fdb1af8292d0c3de1d0d1123f1e554fd44906b,tests/src/test/java/com/orientechnologies/orient/test/database/auto/CRUDObjectInheritanceTestSchemaFull.java,24,0,0,14,339,427,NoBug
30ff9985cfca4f3e9a7af445fe2d2c525bdac532,core/src/main/java/com/orientechnologies/orient/core/metadata/sequence/OSequence.java,23,0,5,18,212,304,NoBug
30ff9985cfca4f3e9a7af445fe2d2c525bdac532,core/src/test/java/com/orientechnologies/orient/core/metadata/sequence/OSequenceTest.java,13,0,1,12,226,288,NoBug
30ff9985cfca4f3e9a7af445fe2d2c525bdac532,server/src/test/java/com/orientechnologies/orient/core/db/OSequenceRemoteTest.java,3,0,1,3,45,67,NoBug
30ff9985cfca4f3e9a7af445fe2d2c525bdac532,server/src/test/java/com/orientechnologies/orient/server/AbstractRemoteTest.java,1,0,1,2,27,44,NoBug
31025b47a1a2fd4a94b08cd2a82af0ab1187e0c9,core/src/main/java/com/orientechnologies/orient/core/storage/impl/local/statistic/OStoragePerformanceStatistic.java,39,0,31,0,325,665,Bag
31025b47a1a2fd4a94b08cd2a82af0ab1187e0c9,core/src/main/java/com/orientechnologies/orient/core/storage/cache/local/twoq/O2QCache.java,158,0,6,22,1198,1682,Bag
31025b47a1a2fd4a94b08cd2a82af0ab1187e0c9,core/src/main/java/com/orientechnologies/orient/core/storage/impl/local/paginated/atomicoperations/OAtomicOperationsManager.java,64,0,5,12,384,550,Bag
31025b47a1a2fd4a94b08cd2a82af0ab1187e0c9,core/src/main/java/com/orientechnologies/orient/core/storage/cache/local/OWOWCache.java,211,0,2,51,1455,1889,Bag
31197a10321f30a56c2f6b7ebccdda76159686dc,graphdb/src/main/java/com/tinkerpop/blueprints/impls/orient/OrientBaseGraph.java,216,0,70,13,1188,2128,Bag
3202b149fe7742caf8ca7e248e6117e0b0ed1dab,core/src/test/java/com/orientechnologies/orient/core/metadata/schema/AlterSuperclassTest.java,3,0,2,6,83,109,Bag
3202b149fe7742caf8ca7e248e6117e0b0ed1dab,core/src/main/java/com/orientechnologies/orient/core/metadata/schema/OClassImpl.java,306,0,5,106,2127,2667,Bag
3234bb99b3d0e3c6b4c76b52d2d4b4c87560d7c5,core/src/main/java/com/orientechnologies/orient/core/command/script/OCommandExecutorScript.java,103,0,1,7,432,581,Bag
3234bb99b3d0e3c6b4c76b52d2d4b4c87560d7c5,core/src/main/java/com/orientechnologies/orient/core/sql/functions/math/OSQLFunctionMin.java,22,0,1,6,72,125,NoBug
3234bb99b3d0e3c6b4c76b52d2d4b4c87560d7c5,core/src/test/java/com/orientechnologies/orient/core/sql/OCommandExecutorSQLSelectTest.java,30,0,1,70,871,1104,Bag
3234bb99b3d0e3c6b4c76b52d2d4b4c87560d7c5,core/src/main/java/com/orientechnologies/orient/core/sql/functions/math/OSQLFunctionMax.java,22,0,1,6,72,123,NoBug
325aa148a9081e5d2997170b4b5e16d815a5fbad,core/src/main/java/com/orientechnologies/orient/core/fetch/OFetchHelper.java,152,0,1,6,471,580,NoBug
3295eb48bfd07ff939497a0b6cde8a001dfb4ad2,core/src/test/java/com/orientechnologies/orient/core/sql/OCommandExecutorSQLUpdateTest.java,1,0,1,12,267,366,NoBug
3295eb48bfd07ff939497a0b6cde8a001dfb4ad2,core/src/main/java/com/orientechnologies/orient/core/sql/OSQLHelper.java,87,0,2,10,273,394,NoBug
3295eb48bfd07ff939497a0b6cde8a001dfb4ad2,core/src/test/java/com/orientechnologies/orient/core/sql/parser/OUpdateStatementTest.java,5,0,0,9,86,114,NoBug
32bcab3904ae06f31e694dacebdb04af0e807381,core/src/test/java/com/orientechnologies/orient/core/sql/OCommandExecutorSQLSelectTest.java,13,0,0,32,392,500,Bag
32bcab3904ae06f31e694dacebdb04af0e807381,core/src/main/java/com/orientechnologies/orient/core/sql/parser/OProjection.java,6,0,1,7,44,60,Bag
32bcab3904ae06f31e694dacebdb04af0e807381,core/src/main/java/com/orientechnologies/orient/core/sql/parser/OProjectionItem.java,6,0,1,13,61,85,Bag
32bcab3904ae06f31e694dacebdb04af0e807381,core/src/test/java/com/orientechnologies/orient/core/sql/parser/OSelectStatementTest.java,7,0,0,40,311,421,Bag
32bcab3904ae06f31e694dacebdb04af0e807381,core/src/main/java/com/orientechnologies/orient/core/sql/filter/OSQLFilterCondition.java,102,0,1,13,311,426,NoBug
32bcab3904ae06f31e694dacebdb04af0e807381,core/src/main/java/com/orientechnologies/orient/core/sql/parser/OrientSql.java,3938,0,12,114,11768,12651,Bag
32bcab3904ae06f31e694dacebdb04af0e807381,core/src/main/java/com/orientechnologies/orient/core/sql/parser/OGroupBy.java,4,0,1,5,33,46,NoBug
32bcab3904ae06f31e694dacebdb04af0e807381,core/src/main/java/com/orientechnologies/orient/core/sql/parser/OSelectStatement.java,29,0,0,26,210,286,NoBug
32c11ba7d5bbded657d28bc2cef1ff6df4ad8b22,core/src/test/java/com/orientechnologies/orient/core/sql/OCommandExecutorSQLSelectTest.java,19,0,1,47,567,739,Bag
32c11ba7d5bbded657d28bc2cef1ff6df4ad8b22,core/src/main/java/com/orientechnologies/orient/core/sql/OCommandExecutorSQLSelect.java,562,0,4,19,2043,2669,Bag
32c11ba7d5bbded657d28bc2cef1ff6df4ad8b22,core/src/test/java/com/orientechnologies/orient/core/sql/parser/OInsertStatementTest.java,5,0,0,5,76,99,NoBug
32c11ba7d5bbded657d28bc2cef1ff6df4ad8b22,tests/src/test/java/com/orientechnologies/orient/test/database/auto/SQLInsertTest.java,18,0,1,23,443,589,Bag
32c11ba7d5bbded657d28bc2cef1ff6df4ad8b22,core/src/main/java/com/orientechnologies/orient/core/sql/parser/OrientSql.java,4237,0,11,122,12595,13538,NoBug
32d163bb67d400175f64d57d2e728fb2b0298c5f,core/src/test/java/com/orientechnologies/orient/core/sql/parser/OSelectStatementTest.java,7,0,0,54,519,665,Bag
32d163bb67d400175f64d57d2e728fb2b0298c5f,core/src/main/java/com/orientechnologies/orient/core/sql/parser/OFetchPlanItem.java,5,0,1,4,40,57,Bag
32d163bb67d400175f64d57d2e728fb2b0298c5f,core/src/main/java/com/orientechnologies/orient/core/sql/parser/OrientSql.java,10219,0,11,158,22731,24144,Bag
32d163bb67d400175f64d57d2e728fb2b0298c5f,lucene/src/main/java/com/orientechnologies/lucene/engine/OLuceneFullTextIndexEngine.java,23,0,0,33,299,383,NoBug
32d163bb67d400175f64d57d2e728fb2b0298c5f,lucene/src/test/java/com/orientechnologies/lucene/test/LuceneManualIndex.java,1,0,1,4,44,83,NoBug
32ed7a93a862e2a303d612918db8a340c88dbcc1,core/src/main/java/com/orientechnologies/orient/core/index/OIndexFullText.java,33,0,3,6,243,352,NoBug
32ed7a93a862e2a303d612918db8a340c88dbcc1,core/src/main/java/com/orientechnologies/orient/core/storage/impl/local/OAbstractPaginatedStorage.java,482,0,7,102,3160,4183,NoBug
32ed7a93a862e2a303d612918db8a340c88dbcc1,core/src/test/java/com/orientechnologies/orient/core/storage/impl/local/paginated/wal/OWALPageChangesPortionTest.java,1,0,1,16,169,252,NoBug
32ed7a93a862e2a303d612918db8a340c88dbcc1,core/src/main/java/com/orientechnologies/orient/core/storage/impl/local/paginated/wal/OWALPageChangesPortion.java,45,0,1,19,254,315,NoBug
330416b3db551d1aa8106e36d9aa133804a0be52,core/src/test/java/com/orientechnologies/orient/core/sql/OCommandExecutorSQLSelectTest.java,13,0,0,31,385,492,Bag
330416b3db551d1aa8106e36d9aa133804a0be52,core/src/test/java/com/orientechnologies/orient/core/sql/parser/OSelectStatementTest.java,7,0,0,37,291,389,Bag
330416b3db551d1aa8106e36d9aa133804a0be52,core/src/main/java/com/orientechnologies/orient/core/sql/parser/OMatchesCondition.java,1,0,1,5,23,37,Bag
330416b3db551d1aa8106e36d9aa133804a0be52,core/src/main/java/com/orientechnologies/orient/core/sql/parser/OrientSqlTokenManager.java,1667,0,8,0,3693,3724,NoBug
330416b3db551d1aa8106e36d9aa133804a0be52,core/src/test/java/com/orientechnologies/orient/core/sql/parser/OSelectStatementTest.java,7,0,0,37,291,389,Bag
330416b3db551d1aa8106e36d9aa133804a0be52,core/src/main/java/com/orientechnologies/orient/core/sql/parser/OEqualsCompareOperator.java,2,0,1,5,21,32,NoBug
330416b3db551d1aa8106e36d9aa133804a0be52,core/src/main/java/com/orientechnologies/orient/core/sql/parser/OrientSql.java,3932,0,12,114,11743,12624,Bag
330416b3db551d1aa8106e36d9aa133804a0be52,core/src/main/java/com/orientechnologies/orient/core/sql/parser/OrientSqlConstants.java,1,0,1,0,321,490,NoBug
331294aa28524aabb5128bbffbbdb5afc498cbfe,src/test/java/com/orientechnologies/orient/etl/ETLBaseTest.java,1,0,1,1,36,69,NoBug
331294aa28524aabb5128bbffbbdb5afc498cbfe,src/test/java/com/orientechnologies/orient/etl/transformer/OVertexTransformerTest.java,2,0,1,5,50,84,NoBug
331294aa28524aabb5128bbffbbdb5afc498cbfe,src/test/java/com/orientechnologies/orient/etl/extractor/OJsonExtractorTest.java,4,0,1,4,46,79,NoBug
331294aa28524aabb5128bbffbbdb5afc498cbfe,src/test/java/com/orientechnologies/orient/etl/transformer/OFieldTransformerTest.java,1,0,1,4,39,72,NoBug
331294aa28524aabb5128bbffbbdb5afc498cbfe,src/test/java/com/orientechnologies/orient/etl/extractor/OJsonRandomExtractorTest.java,3,0,1,2,37,73,NoBug
331294aa28524aabb5128bbffbbdb5afc498cbfe,src/test/java/com/orientechnologies/orient/etl/transformer/OFlowTransformerTest.java,1,0,1,2,36,72,NoBug
331294aa28524aabb5128bbffbbdb5afc498cbfe,src/test/java/com/orientechnologies/orient/etl/transformer/OEdgeTransformerTest.java,2,0,1,6,104,156,NoBug
331294aa28524aabb5128bbffbbdb5afc498cbfe,src/test/java/com/orientechnologies/orient/etl/transformer/OCSVTransformerTest.java,3,0,1,32,289,354,NoBug
3333ad2b199bcde13a0ff77eac293007db9547a0,graphdb/src/test/java/com/orientechnologies/orient/graph/blueprints/GraphTests.java,9,0,0,8,196,279,NoBug
3333ad2b199bcde13a0ff77eac293007db9547a0,graphdb/src/main/java/com/tinkerpop/blueprints/impls/orient/OrientBaseGraph.java,165,0,69,12,1017,1876,NoBug
33a29ad7f0318e206a1cfbb4c3960d98b429e9db,core/src/main/java/com/orientechnologies/orient/core/sql/OSQLHelper.java,86,0,2,10,268,387,NoBug
33a29ad7f0318e206a1cfbb4c3960d98b429e9db,core/src/main/java/com/orientechnologies/common/util/OPair.java,12,0,1,13,85,135,NoBug
33a29ad7f0318e206a1cfbb4c3960d98b429e9db,graphdb/src/main/java/com/orientechnologies/orient/graph/sql/OCommandExecutorSQLCreateVertex.java,18,0,2,5,111,173,NoBug
33a29ad7f0318e206a1cfbb4c3960d98b429e9db,core/src/main/java/com/orientechnologies/orient/core/sql/OCommandExecutorSQLSetAware.java,39,0,1,1,142,210,Bag
33a29ad7f0318e206a1cfbb4c3960d98b429e9db,core/src/main/java/com/orientechnologies/common/util/OTriple.java,8,0,1,11,59,98,NoBug
33a29ad7f0318e206a1cfbb4c3960d98b429e9db,core/src/main/java/com/orientechnologies/orient/core/sql/OCommandExecutorSQLUpdate.java,174,0,2,8,601,778,Bag
33a29ad7f0318e206a1cfbb4c3960d98b429e9db,core/src/main/java/com/orientechnologies/orient/core/sql/OCommandExecutorSQLInsert.java,65,0,2,7,310,429,NoBug
33a29ad7f0318e206a1cfbb4c3960d98b429e9db,graphdb/src/main/java/com/orientechnologies/orient/graph/sql/OCommandExecutorSQLCreateEdge.java,36,0,2,5,171,255,NoBug
33a29ad7f0318e206a1cfbb4c3960d98b429e9db,graphdb/src/main/java/com/orientechnologies/orient/graph/sql/OCommandExecutorSQLMoveVertex.java,25,0,2,3,125,195,NoBug
33a29ad7f0318e206a1cfbb4c3960d98b429e9db,tests/src/test/java/com/orientechnologies/orient/test/database/auto/SQLUpdateTest.java,14,0,1,22,393,563,Bag
33a29ad7f0318e206a1cfbb4c3960d98b429e9db,core/src/main/java/com/orientechnologies/common/parser/OBaseParser.java,108,0,9,4,350,640,NoBug
33a29ad7f0318e206a1cfbb4c3960d98b429e9db,graphdb/src/main/java/com/tinkerpop/blueprints/impls/orient/OrientElement.java,86,0,26,10,406,742,Bag
3433386bdebedb3bb11532397f9475d990132692,core/src/main/java/com/orientechnologies/orient/core/sql/OCommandExecutorSQLCreateUser.java,13,0,1,4,114,153,Bag
34381efb703cf53e336dfd3605533e5ce33e452c,core/src/main/java/com/orientechnologies/orient/core/tx/OTransactionAbstract.java,20,0,1,12,114,167,Bag
34381efb703cf53e336dfd3605533e5ce33e452c,core/src/main/java/com/orientechnologies/orient/core/sql/OCommandExecutorSQLAlterClass.java,16,0,2,3,79,135,Bag
34381efb703cf53e336dfd3605533e5ce33e452c,core/src/main/java/com/orientechnologies/common/concur/lock/OLockManager.java,32,0,1,11,189,245,Bag
34381efb703cf53e336dfd3605533e5ce33e452c,core/src/main/java/com/orientechnologies/orient/core/metadata/schema/OClass.java,1,0,27,55,110,440,Bag
34381efb703cf53e336dfd3605533e5ce33e452c,core/src/main/java/com/orientechnologies/orient/core/storage/impl/local/OAbstractPaginatedStorage.java,304,0,3,72,1843,2417,Bag
34588f3fa6ddf5e6d8f76f1ddfee1f76452a5a4e,core/src/test/java/com/orientechnologies/orient/core/record/impl/ODocumentValidationTest.java,13,0,0,13,644,754,Bag
34588f3fa6ddf5e6d8f76f1ddfee1f76452a5a4e,core/src/main/java/com/orientechnologies/orient/core/record/impl/ODocument.java,638,0,55,36,2185,3010,Bag
3530187c1a9bbd01783720cdfde27dbf8a2e4d3d,core/src/main/java/com/orientechnologies/orient/core/sql/operator/OQueryOperatorIn.java,56,0,1,5,212,285,NoBug
3593fe73e43eac7695924493cd733c16858d9218,core/src/main/java/com/orientechnologies/common/console/OConsoleApplication.java,135,0,0,12,544,721,Bag
36003489773128ad8d4b145842c5e30ba5ac5154,core/src/main/java/com/orientechnologies/orient/core/metadata/schema/OClassImpl.java,334,0,6,111,2259,2817,NoBug
36003489773128ad8d4b145842c5e30ba5ac5154,distributed/src/test/java/com/orientechnologies/orient/server/distributed/DistributedConfigReloadTest.java,27,0,2,8,229,263,NoBug
36003489773128ad8d4b145842c5e30ba5ac5154,server/src/main/java/com/orientechnologies/orient/server/distributed/ODistributedResponseManager.java,125,0,5,14,559,800,NoBug
3630d8c33e4a5494e5d085504dd957898c427d13,server/src/test/java/com/orientechnologies/orient/server/OConnetionExecutorTransactionTest.java,1,0,1,10,193,262,NoBug
3630d8c33e4a5494e5d085504dd957898c427d13,client/src/test/java/com/orientechnologies/orient/client/remote/message/ORemoteTransactionMessagesTest.java,1,0,0,5,138,167,NoBug
3630d8c33e4a5494e5d085504dd957898c427d13,core/src/main/java/com/orientechnologies/orient/core/tx/OTransactionOptimistic.java,103,0,1,25,439,584,NoBug
3630d8c33e4a5494e5d085504dd957898c427d13,server/src/main/java/com/orientechnologies/orient/server/OConnectionBinaryExecutor.java,114,0,0,0,913,1125,NoBug
3630d8c33e4a5494e5d085504dd957898c427d13,client/src/main/java/com/orientechnologies/orient/client/binary/OBinaryRequestExecutor.java,1,0,0,52,56,110,NoBug
3630d8c33e4a5494e5d085504dd957898c427d13,client/src/main/java/com/orientechnologies/orient/client/remote/message/ORollbackTransactionResponse.java,1,0,1,2,15,25,NoBug
3630d8c33e4a5494e5d085504dd957898c427d13,client/src/main/java/com/orientechnologies/orient/client/remote/OStorageRemote.java,191,0,5,90,1363,1734,NoBug
3630d8c33e4a5494e5d085504dd957898c427d13,server/src/test/java/com/orientechnologies/orient/server/tx/RemoteTransactionSupportTest.java,1,0,1,8,124,159,NoBug
3630d8c33e4a5494e5d085504dd957898c427d13,client/src/main/java/com/orientechnologies/orient/core/db/document/OTransactionOptimisticClient.java,6,0,1,2,40,53,NoBug
3630d8c33e4a5494e5d085504dd957898c427d13,core/src/main/java/com/orientechnologies/orient/enterprise/channel/binary/OChannelBinaryProtocol.java,3,0,1,1,103,168,NoBug
3630d8c33e4a5494e5d085504dd957898c427d13,client/src/main/java/com/orientechnologies/orient/client/remote/message/ORollbackTransactionRequest.java,1,0,1,8,43,59,NoBug
3630d8c33e4a5494e5d085504dd957898c427d13,server/src/main/java/com/orientechnologies/orient/server/network/protocol/binary/ONetworkProtocolBinary.java,210,0,2,16,791,1051,NoBug
3632488e5224ea9b2965d6ddf76210b1a3986604,core/src/main/java/com/orientechnologies/orient/core/sql/OCommandExecutorSQLSelect.java,562,0,4,19,2043,2669,Bag
3632488e5224ea9b2965d6ddf76210b1a3986604,core/src/test/java/com/orientechnologies/orient/core/sql/OCommandExecutorSQLSelectTestIndex.java,1,0,0,2,26,53,NoBug
3645e7be59bfc55e160de868a1b4fc3a2c93bef0,lucene/src/main/java/com/orientechnologies/lucene/analyzer/OLuceneAnalyzerFactory.java,15,0,1,3,84,118,NoBug
3645e7be59bfc55e160de868a1b4fc3a2c93bef0,lucene/src/test/java/com/orientechnologies/lucene/analyzer/OLuceneAnalyzerFactoryTest.java,1,0,1,6,81,128,NoBug
3645e7be59bfc55e160de868a1b4fc3a2c93bef0,lucene/src/main/java/com/orientechnologies/lucene/builder/OLuceneQueryBuilder.java,10,0,1,3,74,119,NoBug
3645e7be59bfc55e160de868a1b4fc3a2c93bef0,tools/src/main/java/com/orientechnologies/orient/console/OConsoleDatabaseApp.java,337,0,11,114,2328,2998,NoBug
36e46b391e03a42b64c4befdc670b246522123d9,object/src/main/java/com/orientechnologies/orient/object/db/OObjectDatabaseTx.java,63,0,12,72,618,891,Bag
36fe694c8f3e92babf28edcd4aeda4d4ec08e667,etl/src/test/java/com/orientechnologies/orient/etl/transformer/OMergeTransformerTest.java,1,0,1,3,56,86,Bag
36fe694c8f3e92babf28edcd4aeda4d4ec08e667,etl/src/main/java/com/orientechnologies/orient/etl/OETLPipeline.java,14,0,1,9,106,158,Bag
36fe694c8f3e92babf28edcd4aeda4d4ec08e667,etl/src/test/java/com/orientechnologies/orient/etl/transformer/OFlowTransformerTest.java,1,0,1,2,36,73,Bag
36fe694c8f3e92babf28edcd4aeda4d4ec08e667,etl/src/main/java/com/orientechnologies/orient/etl/transformer/OLogTransformer.java,8,0,1,4,40,74,Bag
36fe694c8f3e92babf28edcd4aeda4d4ec08e667,etl/src/test/java/com/orientechnologies/orient/etl/loader/OOrientDBLoaderTest.java,1,0,1,1,29,43,Bag
36fe694c8f3e92babf28edcd4aeda4d4ec08e667,etl/src/main/java/com/orientechnologies/orient/etl/loader/OOrientDBLoader.java,98,0,1,9,433,548,Bag
36fe694c8f3e92babf28edcd4aeda4d4ec08e667,etl/src/test/java/com/orientechnologies/orient/etl/transformer/OCSVTransformerTest.java,3,0,1,32,292,359,Bag
36fe694c8f3e92babf28edcd4aeda4d4ec08e667,etl/src/test/java/com/orientechnologies/orient/etl/OETLStubLoader.java,1,0,1,6,32,67,Bag
36fe694c8f3e92babf28edcd4aeda4d4ec08e667,etl/src/test/java/com/orientechnologies/orient/etl/transformer/OLogTransformerTest.java,1,0,0,3,37,44,Bag
36fe694c8f3e92babf28edcd4aeda4d4ec08e667,etl/src/test/java/com/orientechnologies/orient/etl/extractor/OCSVExtractorTest.java,4,0,1,34,316,369,Bag
36fe694c8f3e92babf28edcd4aeda4d4ec08e667,etl/src/test/java/com/orientechnologies/orient/etl/transformer/OVertexTransformerTest.java,1,0,1,5,46,79,Bag
36fe694c8f3e92babf28edcd4aeda4d4ec08e667,etl/src/main/java/com/orientechnologies/orient/etl/transformer/OVertexTransformer.java,10,0,0,5,58,88,Bag
36fe694c8f3e92babf28edcd4aeda4d4ec08e667,etl/src/main/java/com/orientechnologies/orient/etl/OAbstractETLComponent.java,19,0,1,5,117,164,Bag
36fe694c8f3e92babf28edcd4aeda4d4ec08e667,etl/src/test/java/com/orientechnologies/orient/etl/extractor/OJsonExtractorTest.java,4,0,1,4,47,82,Bag
36fe694c8f3e92babf28edcd4aeda4d4ec08e667,etl/src/main/java/com/orientechnologies/orient/etl/extractor/OCSVExtractor.java,38,0,1,7,221,277,Bag
36fe694c8f3e92babf28edcd4aeda4d4ec08e667,etl/src/test/java/com/orientechnologies/orient/etl/transformer/OEdgeTransformerTest.java,1,0,1,7,116,175,Bag
36fe694c8f3e92babf28edcd4aeda4d4ec08e667,etl/src/test/java/com/orientechnologies/orient/etl/extractor/OXmlExtractorTest.java,2,0,1,2,52,94,Bag
36fe694c8f3e92babf28edcd4aeda4d4ec08e667,etl/src/main/java/com/orientechnologies/orient/etl/OETLProcessor.java,67,0,3,19,478,652,Bag
36fe694c8f3e92babf28edcd4aeda4d4ec08e667,etl/src/test/java/com/orientechnologies/orient/etl/transformer/OFieldTransformerTest.java,1,0,1,4,40,74,Bag
36fe694c8f3e92babf28edcd4aeda4d4ec08e667,etl/src/test/java/com/orientechnologies/orient/etl/OETLStubRandomExtractor.java,7,0,1,6,50,90,Bag
36fe694c8f3e92babf28edcd4aeda4d4ec08e667,etl/src/test/java/com/orientechnologies/orient/etl/extractor/OJsonRandomExtractorTest.java,3,0,1,2,38,75,Bag
375c51054059489374d739f25fc830f6025c5326,core/src/main/java/com/orientechnologies/orient/core/db/document/ODatabaseDocumentTx.java,404,0,77,88,2096,3091,Bag
375c51054059489374d739f25fc830f6025c5326,tests/src/test/java/com/orientechnologies/orient/test/database/auto/DatabaseConflictStrategyAutoMergeTest.java,22,0,0,2,173,202,NoBug
375c51054059489374d739f25fc830f6025c5326,distributed/src/test/java/com/orientechnologies/orient/server/distributed/asynch/BareBoneBase2ClientTest.java,3,0,0,2,53,69,NoBug
375c51054059489374d739f25fc830f6025c5326,core/src/main/java/com/orientechnologies/orient/core/serialization/serializer/record/OSerializationSetThreadLocal.java,3,0,1,6,53,96,Bag
375c51054059489374d739f25fc830f6025c5326,distributed/src/test/java/com/orientechnologies/orient/server/distributed/asynch/TestReplicationVersionIncrementedByOne.java,3,0,0,1,34,42,NoBug
375c51054059489374d739f25fc830f6025c5326,core/src/main/java/com/orientechnologies/orient/core/storage/impl/local/paginated/atomicoperations/OAtomicOperationsManager.java,18,0,1,6,109,169,NoBug
375c51054059489374d739f25fc830f6025c5326,distributed/src/test/java/com/orientechnologies/orient/server/distributed/asynch/BareBoneBase1ClientTest.java,4,0,0,2,55,75,NoBug
375c51054059489374d739f25fc830f6025c5326,core/src/main/java/com/orientechnologies/orient/core/storage/impl/local/paginated/atomicoperations/OAtomicOperation.java,56,0,1,20,335,472,NoBug
375c51054059489374d739f25fc830f6025c5326,distributed/src/test/java/com/orientechnologies/orient/server/distributed/asynch/TestAsyncReplMode.java,29,0,0,1,166,187,NoBug
37efff65c1886e91813da274a2c7bfbf0df055a1,core/src/main/java/com/orientechnologies/orient/core/storage/impl/local/OAbstractPaginatedStorage.java,471,0,3,99,3301,4268,NoBug
382b22a30059690ce8457fc66d1a8aefa971d9c1,core/src/main/java/com/orientechnologies/orient/core/storage/impl/local/paginated/wal/ODiskWriteAheadLog.java,148,0,1,26,953,1226,Bag
382b22a30059690ce8457fc66d1a8aefa971d9c1,core/src/main/java/com/orientechnologies/orient/core/storage/cache/local/OWOWCache.java,199,0,1,49,1369,1770,Bag
382b22a30059690ce8457fc66d1a8aefa971d9c1,core/src/main/java/com/orientechnologies/orient/core/storage/OStorageAbstract.java,19,0,1,28,167,232,Bag
389b0f60f932d52a09655a14588919bdc2b7d494,core/src/main/java/com/orientechnologies/orient/core/sql/OCommandExecutorSQLDropProperty.java,19,0,2,4,119,177,Bag
398505d20fc07bdf1d64ea522bceeba545f53c61,src/main/java/com/orientechnologies/orient/etl/transformer/OEdgeTransformer.java,37,0,0,6,172,226,Bag
399dad0757d5b59c38c55ba5fbb71d45c408e1fc,core/src/main/java/com/orientechnologies/orient/core/sql/parser/OrientSql.java,3923,0,12,114,11774,12662,Bag
399dad0757d5b59c38c55ba5fbb71d45c408e1fc,core/src/main/java/com/orientechnologies/orient/core/sql/OCommandExecutorSQLAbstract.java,29,0,2,1,163,244,Bag
399dad0757d5b59c38c55ba5fbb71d45c408e1fc,tests/src/test/java/com/orientechnologies/orient/test/database/auto/SQLCreateVertexTest.java,5,0,1,3,69,95,Bag
399dad0757d5b59c38c55ba5fbb71d45c408e1fc,core/src/main/java/com/orientechnologies/orient/core/metadata/schema/OClassImpl.java,276,0,6,103,1971,2517,NoBug
399dad0757d5b59c38c55ba5fbb71d45c408e1fc,core/src/test/java/com/orientechnologies/orient/core/metadata/schema/OClassImplTest.java,7,0,2,24,404,495,Bag
39a8884d03c0bc49b8ecf655a22fe80646afa1e6,spatial/src/main/java/com/orientechnologies/spatial/OLuceneSpatialManager.java,2,0,1,2,15,43,NoBug
39a8884d03c0bc49b8ecf655a22fe80646afa1e6,spatial/src/main/java/com/orientechnologies/spatial/shape/OMultiPointShapeBuilder.java,2,0,0,6,56,84,NoBug
39a8884d03c0bc49b8ecf655a22fe80646afa1e6,spatial/src/main/java/com/orientechnologies/spatial/shape/OGeometryCollectionShapeBuilder.java,4,0,1,7,65,105,NoBug
39a8884d03c0bc49b8ecf655a22fe80646afa1e6,spatial/src/test/java/com/orientechnologies/lucene/test/geo/LuceneSpatialIOTest.java,1,0,0,0,186,274,NoBug
39a8884d03c0bc49b8ecf655a22fe80646afa1e6,spatial/src/main/java/com/orientechnologies/spatial/shape/OComplexShapeBuilder.java,16,0,1,0,113,174,NoBug
39a8884d03c0bc49b8ecf655a22fe80646afa1e6,spatial/src/test/java/com/orientechnologies/lucene/test/geo/functions/LuceneSpatialWithinTest.java,1,0,0,0,58,98,NoBug
39a8884d03c0bc49b8ecf655a22fe80646afa1e6,spatial/src/main/java/com/orientechnologies/spatial/strategy/SpatialQueryBuilderIntersects.java,2,0,1,3,32,62,NoBug
39a8884d03c0bc49b8ecf655a22fe80646afa1e6,spatial/src/main/java/com/orientechnologies/spatial/functions/OSpatialFunctionsFactory.java,4,0,0,6,57,89,NoBug
39a8884d03c0bc49b8ecf655a22fe80646afa1e6,spatial/src/test/java/com/orientechnologies/lucene/test/geo/LuceneSpatialQueryRemoteTest.java,1,0,0,0,8,31,NoBug
39a8884d03c0bc49b8ecf655a22fe80646afa1e6,spatial/src/main/java/com/orientechnologies/spatial/shape/OShapeFactory.java,25,0,0,15,161,211,NoBug
39a8884d03c0bc49b8ecf655a22fe80646afa1e6,spatial/src/main/java/com/orientechnologies/spatial/engine/OLuceneGeoSpatialIndexEngine.java,6,0,0,7,78,119,NoBug
39a8884d03c0bc49b8ecf655a22fe80646afa1e6,spatial/src/main/java/com/orientechnologies/spatial/shape/OPointShapeBuilder.java,1,0,1,5,49,98,NoBug
39a8884d03c0bc49b8ecf655a22fe80646afa1e6,spatial/src/test/java/com/orientechnologies/lucene/test/geo/LuceneSpatialFunctionAsTextTest.java,2,0,0,0,96,147,NoBug
39a8884d03c0bc49b8ecf655a22fe80646afa1e6,spatial/src/test/java/com/orientechnologies/lucene/test/geo/LuceneSpatialClassCreateTest.java,1,0,0,0,29,66,NoBug
39a8884d03c0bc49b8ecf655a22fe80646afa1e6,spatial/src/main/java/com/orientechnologies/spatial/functions/OSTAsTextFunction.java,1,0,1,3,21,50,NoBug
39a8884d03c0bc49b8ecf655a22fe80646afa1e6,spatial/src/main/java/com/orientechnologies/spatial/shape/OPolygonShapeBuilder.java,6,0,1,5,87,123,NoBug
39a8884d03c0bc49b8ecf655a22fe80646afa1e6,spatial/src/main/java/com/orientechnologies/spatial/shape/OLineStringShapeBuilder.java,2,0,0,6,47,76,NoBug
39a8884d03c0bc49b8ecf655a22fe80646afa1e6,spatial/src/main/java/com/orientechnologies/spatial/engine/OLuceneSpatialIndexContainer.java,1,0,1,2,8,35,NoBug
39a8884d03c0bc49b8ecf655a22fe80646afa1e6,spatial/src/main/java/com/orientechnologies/spatial/OLuceneMockSpatialSerializer.java,1,0,1,16,71,118,NoBug
39a8884d03c0bc49b8ecf655a22fe80646afa1e6,spatial/src/main/java/com/orientechnologies/spatial/engine/OLuceneSpatialIndexEngineAbstract.java,2,0,1,18,127,181,NoBug
39a8884d03c0bc49b8ecf655a22fe80646afa1e6,spatial/src/test/java/com/orientechnologies/lucene/test/geo/LuceneGeoUpdateTest.java,1,0,0,0,27,62,NoBug
39a8884d03c0bc49b8ecf655a22fe80646afa1e6,spatial/src/test/java/com/orientechnologies/lucene/sandbox/geo/LuceneGeoTest.java,5,0,0,0,107,169,NoBug
39a8884d03c0bc49b8ecf655a22fe80646afa1e6,spatial/src/main/java/com/orientechnologies/spatial/shape/OShapeType.java,1,0,1,1,20,49,NoBug
39a8884d03c0bc49b8ecf655a22fe80646afa1e6,spatial/src/test/java/com/orientechnologies/lucene/test/geo/functions/LuceneSpatialMiscFunctionsTest.java,1,0,0,0,134,196,NoBug
39a8884d03c0bc49b8ecf655a22fe80646afa1e6,spatial/src/main/java/com/orientechnologies/spatial/operator/OLuceneOverlapOperator.java,5,0,0,5,62,95,NoBug
39a8884d03c0bc49b8ecf655a22fe80646afa1e6,spatial/src/main/java/com/orientechnologies/spatial/factory/OSpatialStrategyFactory.java,2,0,1,2,34,68,NoBug
39a8884d03c0bc49b8ecf655a22fe80646afa1e6,spatial/src/test/java/com/orientechnologies/lucene/test/geo/LuceneSpatialMultiLineStringTest.java,1,0,0,0,43,81,NoBug
39a8884d03c0bc49b8ecf655a22fe80646afa1e6,spatial/src/test/java/com/orientechnologies/lucene/test/geo/LuceneTransactionGeoQueryTest.java,1,0,0,0,98,154,NoBug
39a8884d03c0bc49b8ecf655a22fe80646afa1e6,spatial/src/test/java/com/orientechnologies/lucene/test/geo/LuceneSpatialQueryTest.java,7,0,0,0,115,167,NoBug
39a8884d03c0bc49b8ecf655a22fe80646afa1e6,spatial/src/main/java/com/orientechnologies/spatial/functions/OSTContainsFunction.java,2,0,1,5,44,80,NoBug
39a8884d03c0bc49b8ecf655a22fe80646afa1e6,spatial/src/main/java/com/orientechnologies/spatial/shape/OMultiLineStringShapeBuilder.java,3,0,0,6,53,81,NoBug
39a8884d03c0bc49b8ecf655a22fe80646afa1e6,spatial/src/test/java/com/orientechnologies/lucene/test/geo/LuceneSpatialPointTest.java,1,0,0,0,105,166,NoBug
39a8884d03c0bc49b8ecf655a22fe80646afa1e6,spatial/src/main/java/com/orientechnologies/spatial/strategy/SpatialQueryBuilderAbstract.java,2,0,1,3,34,67,NoBug
39a8884d03c0bc49b8ecf655a22fe80646afa1e6,spatial/src/main/java/com/orientechnologies/spatial/shape/ORectangleShapeBuilder.java,1,0,0,6,54,84,NoBug
39a8884d03c0bc49b8ecf655a22fe80646afa1e6,spatial/src/main/java/com/orientechnologies/spatial/functions/OSTDistanceFunction.java,1,0,1,3,24,52,NoBug
39a8884d03c0bc49b8ecf655a22fe80646afa1e6,spatial/src/main/java/com/orientechnologies/spatial/shape/legacy/OPointLegecyBuilder.java,3,0,1,2,24,34,NoBug
39a8884d03c0bc49b8ecf655a22fe80646afa1e6,spatial/src/main/java/com/orientechnologies/spatial/index/OLuceneSpatialIndex.java,1,0,0,2,24,49,NoBug
39a8884d03c0bc49b8ecf655a22fe80646afa1e6,spatial/src/main/java/com/orientechnologies/spatial/functions/OSTDisjointFunction.java,1,0,1,3,25,55,NoBug
39a8884d03c0bc49b8ecf655a22fe80646afa1e6,spatial/src/main/java/com/orientechnologies/spatial/shape/legacy/OShapeBuilderLegacy.java,1,0,1,2,8,16,NoBug
39a8884d03c0bc49b8ecf655a22fe80646afa1e6,spatial/src/test/java/com/orientechnologies/lucene/test/geo/functions/LuceneSpatialDWithinTest.java,1,0,0,0,45,89,NoBug
39a8884d03c0bc49b8ecf655a22fe80646afa1e6,spatial/src/main/java/com/orientechnologies/spatial/engine/OLuceneLegacySpatialIndexEngine.java,11,0,1,7,118,168,NoBug
39a8884d03c0bc49b8ecf655a22fe80646afa1e6,spatial/src/main/java/com/orientechnologies/spatial/strategy/SpatialQueryBuilderWithin.java,2,0,1,3,32,62,NoBug
39a8884d03c0bc49b8ecf655a22fe80646afa1e6,spatial/src/test/java/com/orientechnologies/lucene/test/geo/functions/LuceneSpatialContainsTest.java,1,0,0,0,52,92,NoBug
39a8884d03c0bc49b8ecf655a22fe80646afa1e6,spatial/src/main/java/com/orientechnologies/spatial/functions/OSTGeomFromTextFunction.java,2,0,1,3,27,57,NoBug
39a8884d03c0bc49b8ecf655a22fe80646afa1e6,spatial/src/main/java/com/orientechnologies/spatial/strategy/SpatialQueryBuilderDWithin.java,2,0,1,3,36,72,NoBug
39a8884d03c0bc49b8ecf655a22fe80646afa1e6,spatial/src/test/java/com/orientechnologies/lucene/test/LuceneSpatialMemoryTest.java,2,0,1,2,51,99,NoBug
39a8884d03c0bc49b8ecf655a22fe80646afa1e6,spatial/src/main/java/com/orientechnologies/spatial/operator/OLuceneSpatialOperator.java,1,0,2,4,46,81,NoBug
39a8884d03c0bc49b8ecf655a22fe80646afa1e6,spatial/src/main/java/com/orientechnologies/spatial/functions/OSTSrid.java,1,0,1,3,23,53,NoBug
39a8884d03c0bc49b8ecf655a22fe80646afa1e6,spatial/src/test/java/com/orientechnologies/lucene/test/geo/LuceneSpatialPolygonTest.java,1,0,0,0,66,113,NoBug
39a8884d03c0bc49b8ecf655a22fe80646afa1e6,spatial/src/main/java/com/orientechnologies/spatial/operator/OLuceneWithinOperator.java,3,0,0,9,74,108,NoBug
39a8884d03c0bc49b8ecf655a22fe80646afa1e6,spatial/src/main/java/com/orientechnologies/spatial/shape/OShapeBuilder.java,10,0,0,22,153,218,NoBug
39a8884d03c0bc49b8ecf655a22fe80646afa1e6,spatial/src/main/java/com/orientechnologies/spatial/shape/OMultiPolygonShapeBuilder.java,3,0,1,5,55,90,NoBug
39a8884d03c0bc49b8ecf655a22fe80646afa1e6,spatial/src/main/java/com/orientechnologies/spatial/strategy/SpatialQueryBuilder.java,2,0,1,3,38,72,NoBug
39a8884d03c0bc49b8ecf655a22fe80646afa1e6,spatial/src/main/java/com/orientechnologies/spatial/shape/OShapeOperationImpl.java,1,0,1,4,27,56,NoBug
39a8884d03c0bc49b8ecf655a22fe80646afa1e6,spatial/src/test/java/com/orientechnologies/lucene/test/geo/functions/LuceneSpatialIntersectsTest.java,1,0,0,0,43,82,NoBug
39a8884d03c0bc49b8ecf655a22fe80646afa1e6,spatial/src/main/java/com/orientechnologies/spatial/strategy/SpatialQueryBuilderContains.java,2,0,1,3,32,62,NoBug
39a8884d03c0bc49b8ecf655a22fe80646afa1e6,spatial/src/main/java/com/orientechnologies/spatial/functions/OSTBufferFunction.java,2,0,1,3,30,60,NoBug
39a8884d03c0bc49b8ecf655a22fe80646afa1e6,spatial/src/main/java/com/orientechnologies/spatial/functions/OSTEnvelopFunction.java,1,0,1,3,23,52,NoBug
39a8884d03c0bc49b8ecf655a22fe80646afa1e6,spatial/src/main/java/com/orientechnologies/spatial/shape/legacy/OShapeBuilderLegacyImpl.java,3,0,1,2,27,39,NoBug
39a8884d03c0bc49b8ecf655a22fe80646afa1e6,spatial/src/test/java/com/orientechnologies/lucene/test/BaseSpatialLuceneTest.java,2,0,0,0,208,271,NoBug
39a8884d03c0bc49b8ecf655a22fe80646afa1e6,spatial/src/main/java/com/orientechnologies/spatial/shape/OShapeOperation.java,1,0,1,3,7,34,NoBug
39a8884d03c0bc49b8ecf655a22fe80646afa1e6,spatial/src/main/java/com/orientechnologies/spatial/functions/OSTIntersectsFunction.java,2,0,1,5,41,77,NoBug
39a8884d03c0bc49b8ecf655a22fe80646afa1e6,spatial/src/main/java/com/orientechnologies/spatial/strategy/SpatialQueryBuilderNear.java,2,0,1,3,42,75,NoBug
39a8884d03c0bc49b8ecf655a22fe80646afa1e6,spatial/src/test/java/com/orientechnologies/lucene/test/geo/LuceneSpatialMultiPolygonTest.java,1,0,0,0,87,143,NoBug
39a8884d03c0bc49b8ecf655a22fe80646afa1e6,spatial/src/main/java/com/orientechnologies/spatial/shape/legacy/ORectangleLegacyBuilder.java,6,0,1,2,44,56,NoBug
39a8884d03c0bc49b8ecf655a22fe80646afa1e6,spatial/src/main/java/com/orientechnologies/spatial/functions/OToGeoJsonFunction.java,1,0,1,3,22,51,NoBug
39a8884d03c0bc49b8ecf655a22fe80646afa1e6,spatial/src/test/java/com/orientechnologies/lucene/test/geo/LuceneSpatialFunctionFromTextTest.java,2,0,0,0,90,150,NoBug
39a8884d03c0bc49b8ecf655a22fe80646afa1e6,spatial/src/main/java/com/orientechnologies/spatial/functions/OSTWithinFunction.java,2,0,1,5,42,78,NoBug
39a8884d03c0bc49b8ecf655a22fe80646afa1e6,spatial/src/main/java/com/orientechnologies/spatial/operator/OLuceneNearOperator.java,13,0,0,10,132,174,NoBug
39a8884d03c0bc49b8ecf655a22fe80646afa1e6,spatial/src/main/java/com/orientechnologies/spatial/functions/OSTAsBinaryFunction.java,1,0,1,3,21,50,NoBug
39a8884d03c0bc49b8ecf655a22fe80646afa1e6,spatial/src/main/java/com/orientechnologies/spatial/functions/OSTEqualsFunction.java,2,0,1,3,25,55,NoBug
39a8884d03c0bc49b8ecf655a22fe80646afa1e6,spatial/src/test/java/com/orientechnologies/lucene/test/geo/LuceneSpatialLineStringTest.java,1,0,0,0,90,141,NoBug
39a8884d03c0bc49b8ecf655a22fe80646afa1e6,spatial/src/main/java/com/orientechnologies/spatial/functions/OSpatialFunctionAbstract.java,5,0,1,1,56,91,NoBug
39a8884d03c0bc49b8ecf655a22fe80646afa1e6,spatial/src/main/java/com/orientechnologies/spatial/strategy/SpatialQueryBuilderOverlap.java,1,0,2,2,29,59,NoBug
39a8884d03c0bc49b8ecf655a22fe80646afa1e6,spatial/src/main/java/com/orientechnologies/spatial/functions/OSTDWithinFunction.java,2,0,1,5,42,79,NoBug
39bed7e39a1854041e9d91fc0f56f07139b916f3,core/src/main/java/com/orientechnologies/common/directmemory/OByteBufferPool.java,41,0,11,10,386,685,NoBug
39e36a186d26ef3ef5340a4b2aaa756d48206bd7,core/src/main/java/com/orientechnologies/orient/core/sql/filter/OSQLTarget.java,39,0,1,11,189,271,NoBug
39e36a186d26ef3ef5340a4b2aaa756d48206bd7,core/src/main/java/com/orientechnologies/orient/core/index/OIndexTxAwareOneValue.java,58,0,1,8,298,409,NoBug
39e36a186d26ef3ef5340a4b2aaa756d48206bd7,core/src/test/java/com/orientechnologies/orient/core/sql/OCommandExecutorSQLSelectTest.java,13,0,0,25,343,435,Bag
39e36a186d26ef3ef5340a4b2aaa756d48206bd7,core/src/main/java/com/orientechnologies/orient/core/db/record/ridbag/sbtree/OIndexRIDContainer.java,12,0,3,19,175,245,NoBug
39e8da7e0b94b5ff1c0e74cdb087f75dfa070ea7,core/src/main/java/com/orientechnologies/orient/core/index/hashindex/local/OHashIndexFactory.java,12,0,2,3,79,129,Bag
39f34a17e917d1058416be2ec9a2729c7bdf4af5,distributed/src/test/java/com/orientechnologies/orient/server/distributed/TestSharding.java,30,0,0,2,340,466,Bag
3ab49af15d2e787f5dcb7d8ba002c90b04ebe302,core/src/main/java/com/orientechnologies/orient/core/sql/functions/coll/OSQLFunctionSymmetricDifference.java,14,0,1,5,96,143,NoBug
3af3276e4ee24b153aa6f9d452401cf083e8e42e,object/src/main/java/com/orientechnologies/orient/object/db/OObjectDatabaseTxPooled.java,10,0,2,8,92,147,Bag
3af3276e4ee24b153aa6f9d452401cf083e8e42e,object/src/main/java/com/orientechnologies/orient/object/enhancement/OObjectEntitySerializer.java,368,0,12,40,1124,1452,Bag
3b090889e7ce5a731faccd180b56fd3c047ecd32,object/src/main/java/com/orientechnologies/orient/object/db/OObjectDatabaseTx.java,63,0,12,72,620,895,Bag
3b090889e7ce5a731faccd180b56fd3c047ecd32,tests/src/test/java/com/orientechnologies/orient/test/database/auto/ObjectTreeTest.java,23,0,1,74,1117,1360,Bag
3b414feb4ea5748d789dad66c6f647ecc8960054,server/src/main/java/com/orientechnologies/orient/server/distributed/ODistributedServerManager.java,1,0,3,25,42,111,Bag
3b414feb4ea5748d789dad66c6f647ecc8960054,distributed/src/main/java/com/orientechnologies/orient/server/hazelcast/OHazelcastPlugin.java,211,0,6,51,1197,1682,Bag
3b414feb4ea5748d789dad66c6f647ecc8960054,distributed/src/main/java/com/orientechnologies/orient/server/hazelcast/OHazelcastDistributedDatabase.java,74,0,1,10,426,597,Bag
3b414feb4ea5748d789dad66c6f647ecc8960054,server/src/main/java/com/orientechnologies/orient/server/distributed/ODistributedResponseManager.java,93,0,5,13,482,674,Bag
3b63af13f43ae6d3e501080e9f95ff2808ff07b3,core/src/main/java/com/orientechnologies/orient/core/metadata/schema/OClassImpl.java,318,0,6,109,2165,2724,NoBug
3b63af13f43ae6d3e501080e9f95ff2808ff07b3,core/src/main/java/com/orientechnologies/orient/core/sql/OCommandExecutorSQLDropCluster.java,14,0,2,4,81,135,NoBug
3b63af13f43ae6d3e501080e9f95ff2808ff07b3,core/src/main/java/com/orientechnologies/orient/core/sql/OCommandExecutorSQLAlterCluster.java,25,0,2,4,137,206,NoBug
3b63af13f43ae6d3e501080e9f95ff2808ff07b3,core/src/main/java/com/orientechnologies/orient/core/sql/OCommandExecutorSQLCreateCluster.java,13,0,2,4,87,137,NoBug
3b77afaffe373a7f145ae7509e3d323b120f979b,server/src/main/java/com/orientechnologies/orient/server/plugin/OServerPluginManager.java,40,0,1,11,260,367,NoBug
3b9707f32f04686e5bcd706b2b0217f95d22804c,core/src/main/java/com/orientechnologies/orient/core/record/impl/ODocument.java,664,0,55,41,2269,3105,Bag
3b9707f32f04686e5bcd706b2b0217f95d22804c,core/src/test/java/com/orientechnologies/orient/core/record/impl/ODocumentTest.java,1,0,1,16,294,365,Bag
3c5aac8b86473c29de93b443daac7972fcb41118,distributed/src/main/java/com/orientechnologies/orient/server/hazelcast/OHazelcastPlugin.java,253,0,6,55,1462,2057,NoBug
3d43411c15b05f07af35bfddd8641011bdd4766e,core/src/main/java/com/orientechnologies/orient/core/command/traverse/OTraverseContext.java,12,0,0,13,143,234,Bag
3d720c30754dee873a0ea4e0fa6d430c96fa33b7,core/src/main/java/com/orientechnologies/orient/core/storage/cache/local/twoq/O2QCache.java,159,0,6,22,1205,1691,Bag
3d720c30754dee873a0ea4e0fa6d430c96fa33b7,core/src/test/java/com/orientechnologies/orient/core/db/document/ODatabaseDocumentPoolOpenCloseTest.java,1,0,0,4,69,85,NoBug
3d720c30754dee873a0ea4e0fa6d430c96fa33b7,core/src/main/java/com/orientechnologies/orient/core/db/OPartitionedDatabasePool.java,37,0,1,13,277,432,Bag
3db765e2fcf80654ee1c76f999c8866d7c062af5,core/src/main/java/com/orientechnologies/orient/core/sql/parser/OrientSql.java,4267,0,11,122,12688,13643,NoBug
3db765e2fcf80654ee1c76f999c8866d7c062af5,core/src/test/java/com/orientechnologies/orient/core/sql/parser/OInsertStatementTest.java,5,0,0,6,79,103,NoBug
3dc14e6a0028c128508068ce388255b2bc105741,server/src/main/java/com/orientechnologies/orient/server/network/protocol/http/command/put/OServerCommandPutDocument.java,15,0,0,3,69,114,NoBug
3e0c4380a047e216eb5b8bb8c451673bf8c5778f,lucene/src/test/java/com/orientechnologies/lucene/test/experimental/OLuceneFulltextExpIndexTest.java,1,0,1,4,71,119,NoBug
3e0c4380a047e216eb5b8bb8c451673bf8c5778f,lucene/src/test/java/com/orientechnologies/lucene/test/LuceneMultiFieldTest.java,1,0,1,5,57,101,NoBug
3e0c4380a047e216eb5b8bb8c451673bf8c5778f,lucene/src/test/java/com/orientechnologies/lucene/test/BaseLuceneTest.java,23,0,2,7,188,275,NoBug
3e0c4380a047e216eb5b8bb8c451673bf8c5778f,lucene/src/main/java/com/orientechnologies/lucene/builder/ODocBuilder.java,8,0,1,1,54,88,NoBug
3e0c4380a047e216eb5b8bb8c451673bf8c5778f,lucene/src/main/java/com/orientechnologies/orient/spatial/strategy/SpatialQueryBuilderDWithin.java,2,0,1,3,32,62,NoBug
3e0c4380a047e216eb5b8bb8c451673bf8c5778f,lucene/src/main/java/com/orientechnologies/lucene/operator/OLuceneTextOperator.java,18,0,0,10,153,200,NoBug
3e0c4380a047e216eb5b8bb8c451673bf8c5778f,lucene/src/main/java/com/orientechnologies/lucene/engine/OLuceneIndexEngineAbstract.java,49,0,2,37,449,569,NoBug
3e239a1613b7f85e4b86e46d29bac097fcf2c616,core/src/main/java/com/orientechnologies/orient/core/Orient.java,90,0,8,50,720,974,Bag
3e3e31f5afbc0081d11cb610a5d20ad2f6b362be,core/src/main/java/com/orientechnologies/orient/core/metadata/schema/OClassAbstractDelegate.java,2,0,1,84,370,481,Bag
3e8de448de3e38bf97017f99a20fd7d911a0d4a4,core/src/main/java/com/orientechnologies/orient/core/sql/executor/FetchFromIndexStep.java,86,0,1,6,411,476,NoBug
3e8de448de3e38bf97017f99a20fd7d911a0d4a4,distribution/src/test/java/com/orientechnologies/distribution/integration/OGitHubIssuesIT.java,2,0,1,3,77,104,NoBug
3e8de448de3e38bf97017f99a20fd7d911a0d4a4,core/src/main/java/com/orientechnologies/orient/core/sql/executor/OSelectExecutionPlanner.java,367,0,1,2,1354,1617,NoBug
3e8de448de3e38bf97017f99a20fd7d911a0d4a4,core/src/main/java/com/orientechnologies/orient/core/sql/parser/OExpression.java,124,0,4,37,442,564,NoBug
3e8e3faf1f7104dcdb6204fbe9ebbbe77ed54288,core/src/main/java/com/orientechnologies/orient/core/db/OPartitionedDatabasePool.java,43,0,1,14,307,450,Bag
3e920fd2b6c20b8d17f4119cff1edde42a2802bf,core/src/main/java/com/orientechnologies/orient/core/sql/OCommandExecutorSQLResultsetAbstract.java,109,0,2,11,479,700,Bag
3e920fd2b6c20b8d17f4119cff1edde42a2802bf,object/src/main/java/com/orientechnologies/orient/object/iterator/OObjectIteratorClass.java,1,0,0,9,42,74,NoBug
3e920fd2b6c20b8d17f4119cff1edde42a2802bf,core/src/main/java/com/orientechnologies/orient/core/iterator/ORecordIteratorClassDescendentOrder.java,1,0,1,5,29,61,NoBug
3e920fd2b6c20b8d17f4119cff1edde42a2802bf,core/src/main/java/com/orientechnologies/orient/core/iterator/ORecordIteratorClusters.java,74,0,6,9,278,453,NoBug
3e920fd2b6c20b8d17f4119cff1edde42a2802bf,core/src/main/java/com/orientechnologies/orient/core/sql/OCommandExecutorSQLSelect.java,564,0,4,19,2051,2679,NoBug
3e920fd2b6c20b8d17f4119cff1edde42a2802bf,object/src/main/java/com/orientechnologies/orient/object/iterator/OObjectIteratorCluster.java,1,0,0,9,41,72,NoBug
3e920fd2b6c20b8d17f4119cff1edde42a2802bf,core/src/test/java/com/orientechnologies/orient/core/db/hook/CheckHookCallCountTest.java,3,0,0,6,112,132,NoBug
3e920fd2b6c20b8d17f4119cff1edde42a2802bf,core/src/test/java/com/orientechnologies/orient/core/iterator/ClassIteratorTest.java,10,0,1,5,110,161,NoBug
3e920fd2b6c20b8d17f4119cff1edde42a2802bf,core/src/main/java/com/orientechnologies/orient/core/iterator/ORecordIteratorCluster.java,31,0,6,5,171,289,NoBug
3e920fd2b6c20b8d17f4119cff1edde42a2802bf,core/src/main/java/com/orientechnologies/orient/core/iterator/OIdentifiableIterator.java,57,0,8,12,267,426,NoBug
3e920fd2b6c20b8d17f4119cff1edde42a2802bf,core/src/main/java/com/orientechnologies/orient/core/db/document/ODatabaseDocumentTx.java,386,0,77,85,1995,2978,Bag
3e920fd2b6c20b8d17f4119cff1edde42a2802bf,core/src/main/java/com/orientechnologies/orient/core/iterator/ORecordIteratorClass.java,11,0,2,8,90,146,NoBug
3e920fd2b6c20b8d17f4119cff1edde42a2802bf,server/src/main/java/com/orientechnologies/orient/server/distributed/task/OSQLCommandTask.java,10,0,1,12,118,175,NoBug
3eae45d55df4c4b08ca6650dc9853c848b82d4b1,core/src/main/java/com/orientechnologies/orient/core/sql/OCommandExecutorSQLFindReferences.java,11,0,2,3,76,125,NoBug
3eae45d55df4c4b08ca6650dc9853c848b82d4b1,core/src/main/java/com/orientechnologies/orient/core/sql/OSQLEngine.java,68,0,8,17,372,500,NoBug
3f28ff06185bd235ca8826f55424bde1c90730f5,server/src/test/java/com/orientechnologies/orient/core/storage/impl/local/paginated/IndexCrashRestoreMultiValueTest.java,24,0,1,9,210,282,NoBug
3f28ff06185bd235ca8826f55424bde1c90730f5,core/src/main/java/com/orientechnologies/orient/core/index/OIndexManagerShared.java,72,0,4,7,433,612,NoBug
3f28ff06185bd235ca8826f55424bde1c90730f5,server/src/main/java/com/orientechnologies/orient/server/network/OServerNetworkListener.java,41,0,0,18,257,355,NoBug
3f28ff06185bd235ca8826f55424bde1c90730f5,core/src/main/java/com/orientechnologies/orient/core/sql/OCommandExecutorSQLCreateSequence.java,10,0,1,4,78,100,NoBug
3f28ff06185bd235ca8826f55424bde1c90730f5,core/src/main/java/com/orientechnologies/orient/core/metadata/sequence/OSequenceHelper.java,3,0,1,3,23,32,NoBug
3f3dfb87d84f71c88d78a06c46fe587dd79a0c33,tests/src/test/java/com/orientechnologies/orient/test/database/auto/SQLSelectTest.java,125,0,1,92,1355,1836,Bag
3f3dfb87d84f71c88d78a06c46fe587dd79a0c33,core/src/main/java/com/orientechnologies/orient/core/sql/method/misc/OSQLMethodField.java,17,0,1,3,66,99,NoBug
3f5f8171330294de0bd931ed949538ec5aa87c2f,core/src/test/java/com/orientechnologies/orient/core/sql/parser/OSelectStatementTest.java,7,0,0,38,295,396,Bag
3f5f8171330294de0bd931ed949538ec5aa87c2f,core/src/main/java/com/orientechnologies/orient/core/sql/parser/OrientSql.java,3932,0,12,114,11743,12624,Bag
3f5f8171330294de0bd931ed949538ec5aa87c2f,core/src/test/java/com/orientechnologies/orient/core/sql/OCommandExecutorSQLSelectTest.java,13,0,0,32,392,500,Bag
3f5f8171330294de0bd931ed949538ec5aa87c2f,core/src/main/java/com/orientechnologies/orient/core/sql/parser/OMatchesCondition.java,1,0,1,6,32,46,NoBug
3f5f8171330294de0bd931ed949538ec5aa87c2f,core/src/test/java/com/orientechnologies/orient/core/sql/parser/OSelectStatementTest.java,7,0,0,38,295,396,Bag
3f66dc4f09a4d2287ff51a01c99f8a6a7f43515c,graphdb/src/test/java/com/orientechnologies/orient/graph/sql/SQLUpdateEdgeTest.java,2,0,0,4,64,104,NoBug
3f66dc4f09a4d2287ff51a01c99f8a6a7f43515c,core/src/main/java/com/orientechnologies/orient/core/sql/OCommandExecutorSQLUpdate.java,201,0,2,9,712,925,Bag
3f8a27bc804b4ea21ecc77eac06a343ea3f931d2,core/src/test/java/com/orientechnologies/orient/core/metadata/sequence/OSequenceTest.java,1,0,1,7,89,126,NoBug
3f8a27bc804b4ea21ecc77eac06a343ea3f931d2,core/src/main/java/com/orientechnologies/orient/core/metadata/sequence/OSequenceCached.java,4,0,1,10,81,105,NoBug
3f8a27bc804b4ea21ecc77eac06a343ea3f931d2,core/src/main/java/com/orientechnologies/orient/core/metadata/sequence/OSequenceLibraryImpl.java,10,0,1,11,116,153,NoBug
3fd79f333e2a5c17bcac9d2ddfe74044e2dfecdd,core/src/main/java/com/orientechnologies/common/concur/lock/OLockManager.java,1,0,1,8,13,48,NoBug
3fd79f333e2a5c17bcac9d2ddfe74044e2dfecdd,core/src/test/java/com/orientechnologies/orient/core/sql/parser/OSelectStatementTest.java,8,0,0,61,559,719,NoBug
3fd79f333e2a5c17bcac9d2ddfe74044e2dfecdd,core/src/main/java/com/orientechnologies/orient/core/sql/OCommandExecutorSQLUpdate.java,201,0,2,9,712,925,NoBug
3fd79f333e2a5c17bcac9d2ddfe74044e2dfecdd,server/src/test/java/com/orientechnologies/orient/core/storage/impl/local/paginated/LocalPaginatedStorageUpdateCrashRestoreIT.java,19,0,1,9,254,337,NoBug
3fd79f333e2a5c17bcac9d2ddfe74044e2dfecdd,core/src/main/java/com/orientechnologies/orient/core/storage/impl/local/paginated/atomicoperations/OAtomicOperationsManager.java,75,0,5,13,459,661,NoBug
3fd79f333e2a5c17bcac9d2ddfe74044e2dfecdd,core/src/test/java/com/orientechnologies/orient/core/sql/parser/OUpdateStatementTest.java,6,0,0,12,110,140,NoBug
3fd79f333e2a5c17bcac9d2ddfe74044e2dfecdd,server/src/test/java/com/orientechnologies/orient/core/storage/impl/local/paginated/LocalPaginatedStorageLinkBagCrashRestoreIT.java,35,0,0,12,331,426,NoBug
3fd79f333e2a5c17bcac9d2ddfe74044e2dfecdd,core/src/main/java/com/orientechnologies/orient/core/sql/parser/OSelectStatement.java,36,0,0,26,238,314,NoBug
3fd79f333e2a5c17bcac9d2ddfe74044e2dfecdd,server/src/test/java/com/orientechnologies/orient/core/storage/impl/local/paginated/LocalPaginatedStorageMixCrashRestoreIT.java,43,0,1,9,379,499,NoBug
3fd79f333e2a5c17bcac9d2ddfe74044e2dfecdd,core/src/main/java/com/orientechnologies/orient/core/storage/impl/local/OAbstractPaginatedStorage.java,482,0,7,102,3160,4183,Bag
3fd79f333e2a5c17bcac9d2ddfe74044e2dfecdd,core/src/main/java/com/orientechnologies/orient/core/sql/parser/OrientSql.java,11079,0,11,168,23973,25411,NoBug
3fd79f333e2a5c17bcac9d2ddfe74044e2dfecdd,tests/src/test/java/com/orientechnologies/orient/test/database/auto/LockManagerTest.java,25,0,1,11,212,301,NoBug
3fd79f333e2a5c17bcac9d2ddfe74044e2dfecdd,core/src/main/java/com/orientechnologies/orient/core/sql/parser/OrientSqlTokenManager.java,2694,0,8,0,5831,5864,NoBug
3fd79f333e2a5c17bcac9d2ddfe74044e2dfecdd,core/src/main/java/com/orientechnologies/orient/core/sql/OCommandExecutorSQLSelect.java,645,0,4,19,2261,2928,NoBug
3fd79f333e2a5c17bcac9d2ddfe74044e2dfecdd,core/src/main/java/com/orientechnologies/orient/core/sql/parser/OrientSqlConstants.java,1,0,1,0,467,707,NoBug
3fd79f333e2a5c17bcac9d2ddfe74044e2dfecdd,core/src/main/java/com/orientechnologies/orient/core/config/OGlobalConfiguration.java,33,0,3,14,638,1007,Bag
3fd79f333e2a5c17bcac9d2ddfe74044e2dfecdd,core/src/main/java/com/orientechnologies/orient/core/sql/parser/OUpdateStatement.java,16,0,0,4,78,100,NoBug
40455dd43666f7fed43a38af8997209893e8c9eb,core/src/main/java/com/orientechnologies/orient/core/storage/cache/local/twoq/O2QCache.java,146,0,6,14,1111,1587,Bag
409139b4dc5bf7bf797704716a27c45bc2e7883b,server/src/main/java/com/orientechnologies/orient/server/tx/OTransactionOptimisticProxy.java,39,0,0,6,213,291,NoBug
409139b4dc5bf7bf797704716a27c45bc2e7883b,core/src/main/java/com/orientechnologies/orient/core/db/record/ORecordOperation.java,17,0,1,11,110,161,NoBug
40d16818b6e87d3ba2c18c7baf054bc0104cb672,core/src/test/java/com/orientechnologies/orient/core/sql/OCommandExecutorSQLSelectTest.java,32,0,1,72,968,1225,Bag
40d16818b6e87d3ba2c18c7baf054bc0104cb672,core/src/main/java/com/orientechnologies/orient/core/record/impl/ODocumentHelper.java,389,0,4,18,1188,1501,NoBug
40eeb1f2dd529f467d5854913f0df623963a7038,core/src/main/java/com/orientechnologies/orient/core/record/impl/ODocument.java,652,0,55,36,2248,3078,NoBug
40eeb1f2dd529f467d5854913f0df623963a7038,server/src/main/java/com/orientechnologies/orient/server/network/protocol/binary/ONetworkProtocolBinary.java,366,0,2,16,2159,2770,NoBug
40eeb1f2dd529f467d5854913f0df623963a7038,core/src/main/java/com/orientechnologies/orient/core/iterator/ORecordIteratorCluster.java,31,0,6,5,170,288,NoBug
40eeb1f2dd529f467d5854913f0df623963a7038,distributed/src/test/java/com/orientechnologies/orient/server/distributed/TestShardingManualSync.java,2,0,1,1,86,122,NoBug
40eeb1f2dd529f467d5854913f0df623963a7038,core/src/main/java/com/orientechnologies/orient/core/iterator/OIdentifiableIterator.java,57,0,8,12,268,428,NoBug
40eeb1f2dd529f467d5854913f0df623963a7038,tests/src/test/java/com/orientechnologies/orient/test/database/auto/RemoteProtocolCommandsTest.java,2,0,1,4,61,79,NoBug
40eeb1f2dd529f467d5854913f0df623963a7038,core/src/main/java/com/orientechnologies/orient/core/tx/OTransactionRealAbstract.java,93,0,5,21,407,572,NoBug
40eeb1f2dd529f467d5854913f0df623963a7038,core/src/test/java/com/orientechnologies/orient/core/storage/impl/local/paginated/LocalPaginatedStorageIncrementalSync.java,30,0,0,3,257,339,NoBug
40eeb1f2dd529f467d5854913f0df623963a7038,core/src/main/java/com/orientechnologies/orient/core/iterator/ORecordIteratorClusters.java,76,0,6,9,282,457,NoBug
40eeb1f2dd529f467d5854913f0df623963a7038,tools/src/main/java/com/orientechnologies/orient/console/OConsoleDatabaseApp.java,337,0,11,114,2320,2985,NoBug
40eeb1f2dd529f467d5854913f0df623963a7038,distributed/src/main/java/com/orientechnologies/orient/server/distributed/impl/task/OReadRecordTask.java,3,0,1,7,44,81,NoBug
40eeb1f2dd529f467d5854913f0df623963a7038,core/src/main/java/com/orientechnologies/orient/core/storage/impl/local/OAbstractPaginatedStorage.java,507,0,8,106,3322,4424,Bag
40eeb1f2dd529f467d5854913f0df623963a7038,object/src/main/java/com/orientechnologies/orient/object/serialization/OObjectSerializerHelper.java,177,0,2,24,725,969,NoBug
40eeb1f2dd529f467d5854913f0df623963a7038,core/src/main/java/com/orientechnologies/orient/core/sql/OCommandExecutorSQLSetAware.java,48,0,1,1,169,233,NoBug
40eeb1f2dd529f467d5854913f0df623963a7038,distributed/src/main/java/com/orientechnologies/orient/server/distributed/impl/ODistributedTransactionManager.java,92,0,1,3,485,703,NoBug
40eeb1f2dd529f467d5854913f0df623963a7038,server/src/test/java/com/orientechnologies/orient/core/storage/impl/local/paginated/LocalPaginatedStorageMixCrashRestoreIT.java,43,0,1,9,379,499,NoBug
40eeb1f2dd529f467d5854913f0df623963a7038,server/src/test/java/com/orientechnologies/orient/core/storage/impl/local/paginated/LocalPaginatedStorageSmallCacheBigRecordsCrashRestoreIT.java,16,0,1,9,230,301,NoBug
40eeb1f2dd529f467d5854913f0df623963a7038,server/src/test/java/com/orientechnologies/orient/core/storage/impl/local/paginated/LocalPaginatedStorageUpdateCrashRestoreIT.java,19,0,1,9,254,337,NoBug
40eeb1f2dd529f467d5854913f0df623963a7038,server/src/test/java/com/orientechnologies/orient/core/storage/impl/local/paginated/LocalPaginatedStorageLinkBagCrashRestoreIT.java,35,0,0,12,331,426,NoBug
40eeb1f2dd529f467d5854913f0df623963a7038,client/src/main/java/com/orientechnologies/orient/client/remote/OStorageRemote.java,254,0,5,79,1960,2449,Bag
40eeb1f2dd529f467d5854913f0df623963a7038,distributed/src/main/java/com/orientechnologies/orient/server/distributed/impl/task/OCreateRecordTask.java,27,0,1,14,210,325,NoBug
40eeb1f2dd529f467d5854913f0df623963a7038,core/src/main/java/com/orientechnologies/orient/core/record/ORecordAbstract.java,59,0,1,48,403,541,NoBug
40eeb1f2dd529f467d5854913f0df623963a7038,distributed/src/main/java/com/orientechnologies/orient/server/distributed/impl/ODistributedStorage.java,213,0,1,91,1326,1839,Bag
40eeb1f2dd529f467d5854913f0df623963a7038,object/src/main/java/com/orientechnologies/orient/object/enhancement/OObjectEntitySerializer.java,369,0,12,41,1128,1458,NoBug
40eeb1f2dd529f467d5854913f0df623963a7038,core/src/main/java/com/orientechnologies/orient/core/db/document/ODatabaseDocumentAbstract.java,385,0,74,90,2068,2992,NoBug
40eeb1f2dd529f467d5854913f0df623963a7038,core/src/main/java/com/orientechnologies/orient/core/tx/OTransactionOptimistic.java,127,0,1,23,521,695,NoBug
40eeb1f2dd529f467d5854913f0df623963a7038,distributed/src/main/java/com/orientechnologies/orient/server/distributed/impl/OConflictResolverDatabaseRepairer.java,67,0,4,4,395,599,NoBug
40eeb1f2dd529f467d5854913f0df623963a7038,core/src/main/java/com/orientechnologies/orient/core/db/tool/ODatabaseCompare.java,128,0,0,8,801,954,NoBug
40eeb1f2dd529f467d5854913f0df623963a7038,server/src/main/java/com/orientechnologies/orient/server/network/protocol/http/command/post/OServerCommandPostDocument.java,2,0,0,3,37,71,NoBug
40eeb1f2dd529f467d5854913f0df623963a7038,distributed/src/main/java/com/orientechnologies/orient/server/distributed/impl/OIncrementalServerSync.java,23,0,2,0,188,291,NoBug
40eeb1f2dd529f467d5854913f0df623963a7038,core/src/main/java/com/orientechnologies/orient/core/id/ORecordId.java,31,0,1,45,261,358,NoBug
40eeb1f2dd529f467d5854913f0df623963a7038,server/src/main/java/com/orientechnologies/orient/server/distributed/task/OAbstractRecordReplicatedTask.java,17,0,1,16,132,194,NoBug
40eeb1f2dd529f467d5854913f0df623963a7038,server/src/test/java/com/orientechnologies/orient/core/storage/impl/local/paginated/LocalPaginatedStorageCreateCrashRestoreIT.java,14,0,1,9,219,285,NoBug
40eeb1f2dd529f467d5854913f0df623963a7038,core/src/main/java/com/orientechnologies/orient/core/sql/ORuntimeResult.java,63,0,2,8,188,266,NoBug
40effb34ff79740b202345f236079950284d36da,core/src/main/java/com/orientechnologies/orient/core/sql/parser/OFunctionCall.java,50,0,6,22,285,381,NoBug
40effb34ff79740b202345f236079950284d36da,core/src/main/java/com/orientechnologies/orient/core/sql/parser/OMatchStatement.java,246,0,4,45,1036,1278,Bag
40effb34ff79740b202345f236079950284d36da,core/src/main/java/com/orientechnologies/orient/core/sql/parser/OInstanceofCondition.java,22,0,1,14,97,127,NoBug
40fbfa297bfe7d4368949a2c9eef81d20aa5fe68,core/src/main/java/com/orientechnologies/orient/core/sql/OCommandExecutorSQLDropProperty.java,19,0,2,4,119,177,NoBug
40fbfa297bfe7d4368949a2c9eef81d20aa5fe68,core/src/test/java/com/orientechnologies/orient/core/sql/OCommandExecutorSQLDropPropertyTest.java,1,0,0,3,43,74,NoBug
410bed7c732fcdc0730fc783f6270b2928f30112,core/src/main/java/com/orientechnologies/orient/core/Orient.java,71,0,9,48,641,867,NoBug
410bed7c732fcdc0730fc783f6270b2928f30112,core/src/main/java/com/orientechnologies/orient/core/OrientShutdownHook.java,3,0,1,2,25,53,NoBug
421563ce0a29745a168071c54982b2b05977c399,core/src/main/java/com/orientechnologies/orient/core/index/OIndexRemote.java,26,0,1,49,392,512,Bag
421563ce0a29745a168071c54982b2b05977c399,core/src/main/java/com/orientechnologies/orient/core/sql/OChainedIndexProxy.java,46,0,8,40,440,665,Bag
421563ce0a29745a168071c54982b2b05977c399,core/src/main/java/com/orientechnologies/orient/core/index/OIndexRecorder.java,9,0,0,65,305,408,Bag
421563ce0a29745a168071c54982b2b05977c399,core/src/main/java/com/orientechnologies/orient/core/index/OIndexAbstract.java,96,0,6,50,821,1078,Bag
421563ce0a29745a168071c54982b2b05977c399,core/src/main/java/com/orientechnologies/orient/core/index/OIndexAbstractDelegate.java,9,0,1,45,192,274,Bag
421563ce0a29745a168071c54982b2b05977c399,core/src/main/java/com/orientechnologies/orient/core/index/OIndex.java,1,0,30,11,53,320,Bag
42187c979c0e6eb1d6562845b24fd92913d7d3f1,core/src/main/java/com/orientechnologies/orient/core/sql/parser/OrientSql.java,4239,0,11,122,12603,13546,NoBug
42187c979c0e6eb1d6562845b24fd92913d7d3f1,server/src/main/java/com/orientechnologies/orient/server/network/protocol/http/command/get/OServerCommandGetConnections.java,11,0,0,5,92,137,Bag
42187c979c0e6eb1d6562845b24fd92913d7d3f1,core/src/test/java/com/orientechnologies/orient/core/sql/parser/OInsertStatementTest.java,5,0,0,5,76,99,NoBug
4281249babfca1366f21ad51aef1eec56effbab4,client/src/main/java/com/orientechnologies/orient/client/remote/OStorageRemotePushThread.java,14,0,1,4,101,117,Bag
4281249babfca1366f21ad51aef1eec56effbab4,client/src/main/java/com/orientechnologies/orient/client/remote/OStorageRemote.java,215,0,5,101,1522,1927,Bag
4281249babfca1366f21ad51aef1eec56effbab4,object/src/test/java/com/orientechnologies/orient/object/db/OObjectLazyListTest.java,1,0,1,4,97,136,NoBug
4281249babfca1366f21ad51aef1eec56effbab4,object/src/main/java/com/orientechnologies/orient/object/db/OObjectLazyList.java,103,0,0,39,401,484,NoBug
43302f5c9af3bc3bdbbdd64d2007f8a2d71e2686,core/src/main/java/com/orientechnologies/orient/core/sql/OFilterAnalyzer.java,41,0,2,2,172,260,NoBug
43302f5c9af3bc3bdbbdd64d2007f8a2d71e2686,core/src/test/java/com/orientechnologies/orient/core/sql/OCommandExecutorSQLSelectTestIndex.java,1,0,0,4,65,104,NoBug
4337d1b4965d08ded05aa923e3c46d66d70a1721,graphdb/src/test/java/com/orientechnologies/orient/graph/console/OConsoleDatabaseAppTest.java,11,0,1,5,238,312,NoBug
4337d1b4965d08ded05aa923e3c46d66d70a1721,tools/src/main/java/com/orientechnologies/orient/console/OConsoleDatabaseApp.java,310,0,11,113,2173,2737,Bag
4337d1b4965d08ded05aa923e3c46d66d70a1721,distributed/src/main/java/com/orientechnologies/orient/server/hazelcast/OHazelcastPlugin.java,253,0,6,55,1462,2056,NoBug
4337d1b4965d08ded05aa923e3c46d66d70a1721,core/src/main/java/com/orientechnologies/orient/core/sql/parser/OLuceneOperator.java,1,0,1,6,23,36,NoBug
4337d1b4965d08ded05aa923e3c46d66d70a1721,core/src/main/java/com/orientechnologies/orient/core/sql/parser/OWithinOperator.java,1,0,1,6,23,36,NoBug
436345198000b8dbc42d3c0cf74188e86f194b7b,core/src/main/java/com/orientechnologies/orient/core/serialization/serializer/OStringSerializerHelper.java,290,0,5,33,805,1048,Bag
436345198000b8dbc42d3c0cf74188e86f194b7b,core/src/main/java/com/orientechnologies/orient/core/command/script/OCommandExecutorScript.java,58,0,1,7,297,427,Bag
436345198000b8dbc42d3c0cf74188e86f194b7b,tests/src/test/java/com/orientechnologies/orient/test/database/auto/SQLCreateVertexTest.java,5,0,1,4,76,103,NoBug
436345198000b8dbc42d3c0cf74188e86f194b7b,core/src/main/java/com/orientechnologies/orient/core/sql/OCommandExecutorSQLAbstract.java,29,0,2,1,165,246,NoBug
436345198000b8dbc42d3c0cf74188e86f194b7b,core/src/main/java/com/orientechnologies/orient/core/sql/parser/OrientSql.java,4011,0,12,114,12038,12926,NoBug
43680c5a3dc4b14db5e7039876bd30c6c2b07bb5,core/src/main/java/com/orientechnologies/common/directmemory/OByteBufferPool.java,41,0,11,10,386,685,Bag
43680c5a3dc4b14db5e7039876bd30c6c2b07bb5,core/src/main/java/com/orientechnologies/common/util/OMemory.java,34,0,10,0,170,280,Bag
43680c5a3dc4b14db5e7039876bd30c6c2b07bb5,core/src/main/java/com/orientechnologies/orient/core/engine/OMemoryAndLocalPaginatedEnginesInitializer.java,8,0,2,0,69,123,Bag
43893b99e64b60623c4ebfb7e9bf358d5d875262,core/src/main/java/com/orientechnologies/orient/core/sql/query/OSQLNonBlockingQuery.java,8,0,2,38,212,293,Bag
43ae00fc1f3c6b2bec995f0379a6ef7253de1e5b,server/src/main/java/com/orientechnologies/orient/server/network/protocol/http/command/put/OServerCommandPutDocument.java,15,0,0,3,69,114,Bag
43b1077b53b890550d0f9378eeaa5483f0ec9a73,core/src/main/java/com/orientechnologies/orient/core/serialization/serializer/record/binary/OBinaryComparatorV0.java,416,0,3,2,1097,1228,Bag
4412e3667cfb04b079945523373ee4ab3f34b524,core/src/main/java/com/orientechnologies/orient/core/sql/filter/OSQLTarget.java,44,0,1,11,202,283,Bag
4412e3667cfb04b079945523373ee4ab3f34b524,core/src/main/java/com/orientechnologies/orient/core/metadata/schema/OPropertyImpl.java,153,0,9,53,1138,1466,NoBug
446d7452d7d3d2d7c436d46ccaa987292dc58ff4,graphdb/src/test/java/com/orientechnologies/orient/graph/blueprints/GraphTests.java,13,0,0,10,247,340,NoBug
446d7452d7d3d2d7c436d46ccaa987292dc58ff4,graphdb/src/main/java/com/tinkerpop/blueprints/impls/orient/OrientGraphQuery.java,59,0,9,2,261,403,NoBug
44c2648739758518f2791d67b0a38fa49a5f3805,src/test/java/com/orientechnologies/test/LuceneBooleanIndex.java,2,0,1,3,46,81,NoBug
44c2648739758518f2791d67b0a38fa49a5f3805,src/test/java/com/orientechnologies/test/JavaTest.java,7,0,0,2,95,126,NoBug
44c2648739758518f2791d67b0a38fa49a5f3805,src/main/java/com/orientechnologies/lucene/OLuceneIndexType.java,19,0,1,5,107,148,NoBug
44c2648739758518f2791d67b0a38fa49a5f3805,src/test/java/com/orientechnologies/test/LuceneFacetTest.java,1,0,1,3,87,149,NoBug
44c7eba3ff0572ab82bf827257dd137d93819af0,graphdb/src/test/java/com/tinkerpop/blueprints/impls/orient/BlueprintsKeyIndexTest.java,4,0,1,3,63,88,Bag
44c7eba3ff0572ab82bf827257dd137d93819af0,graphdb/src/main/java/com/tinkerpop/blueprints/impls/orient/OrientBaseGraph.java,160,0,69,12,994,1847,Bag
454dcd22c55c730a5d34699f9a88c9d175b80b75,core/src/main/java/com/orientechnologies/orient/core/command/script/OCommandExecutorScript.java,58,0,1,7,297,427,Bag
4571bc8972ceba3d457fb811c8e95f7708918201,core/src/test/java/com/orientechnologies/orient/core/sql/OCommandExecutorSQLSelectTest.java,38,0,2,89,1169,1522,Bag
4571bc8972ceba3d457fb811c8e95f7708918201,core/src/main/java/com/orientechnologies/orient/core/metadata/schema/OType.java,232,0,10,10,551,752,NoBug
4588cdc03c1d09fc9097e0e32560578fe9b54f85,core/src/main/java/com/orientechnologies/orient/core/db/document/ODatabaseDocumentTx.java,396,0,79,84,2070,3085,Bag
4599eb81e76d5f219c74e02da5d947a5af739b20,lucene/src/test/java/com/orientechnologies/lucene/test/LuceneIssuesTest.java,1,0,1,5,67,119,NoBug
4599eb81e76d5f219c74e02da5d947a5af739b20,lucene/src/main/java/com/orientechnologies/lucene/operator/OLuceneTextOperator.java,33,0,0,11,219,286,NoBug
4599eb81e76d5f219c74e02da5d947a5af739b20,lucene/src/main/java/com/orientechnologies/lucene/index/OLuceneFullTextIndex.java,11,0,0,7,74,109,NoBug
4599eb81e76d5f219c74e02da5d947a5af739b20,lucene/src/main/java/com/orientechnologies/lucene/engine/OLuceneIndexEngine.java,1,0,1,14,30,71,NoBug
4599eb81e76d5f219c74e02da5d947a5af739b20,lucene/src/main/java/com/orientechnologies/lucene/engine/OLuceneIndexEngineAbstract.java,42,0,0,32,419,548,NoBug
45bc5a97e1c5adad084799ca723decae53aacb3f,core/src/test/java/com/orientechnologies/orient/core/storage/impl/local/paginated/wal/WALChangesTreeTest.java,10,0,0,13,204,288,NoBug
45bc5a97e1c5adad084799ca723decae53aacb3f,core/src/main/java/com/orientechnologies/orient/core/index/hashindex/local/cache/OWOWCache.java,182,0,1,36,1165,1498,Bag
45d39cb3be9b3251defd9900cc5786671a9142d3,core/src/test/java/com/orientechnologies/orient/core/sql/OCommandExecutorSQLScriptTest.java,2,0,0,22,241,305,NoBug
45d39cb3be9b3251defd9900cc5786671a9142d3,core/src/main/java/com/orientechnologies/common/parser/OBaseParser.java,115,0,9,4,365,658,NoBug
45d39cb3be9b3251defd9900cc5786671a9142d3,core/src/main/java/com/orientechnologies/orient/core/command/script/OCommandExecutorScript.java,115,0,1,7,489,638,Bag
45d39cb3be9b3251defd9900cc5786671a9142d3,core/src/main/java/com/orientechnologies/orient/core/sql/OCommandExecutorSQLResultsetAbstract.java,112,0,2,12,496,729,NoBug
45d39cb3be9b3251defd9900cc5786671a9142d3,tests/src/test/java/com/orientechnologies/orient/test/database/auto/SQLSelectTest.java,125,0,1,93,1365,1849,NoBug
461a500334a7f2be248cd0b34dc27ae176c1098a,core/src/main/java/com/orientechnologies/orient/core/sql/functions/ODefaultSQLFunctionFactory.java,4,0,1,4,102,137,NoBug
461a500334a7f2be248cd0b34dc27ae176c1098a,core/src/main/java/com/orientechnologies/orient/core/sql/filter/OSQLFilterItemField.java,19,0,5,11,106,185,NoBug
461a500334a7f2be248cd0b34dc27ae176c1098a,core/src/main/java/com/orientechnologies/orient/core/sql/filter/OSQLFilterItemAbstract.java,31,0,1,6,133,196,NoBug
461a500334a7f2be248cd0b34dc27ae176c1098a,core/src/main/java/com/orientechnologies/orient/core/sql/method/ODefaultSQLMethodFactory.java,4,0,1,5,103,139,NoBug
461a500334a7f2be248cd0b34dc27ae176c1098a,tests/src/test/java/com/orientechnologies/orient/test/database/auto/SQLFunctionsTest.java,32,0,0,31,403,534,NoBug
461a500334a7f2be248cd0b34dc27ae176c1098a,core/src/main/java/com/orientechnologies/orient/core/sql/method/misc/OSQLMethodSplit.java,3,0,1,2,15,43,NoBug
461a500334a7f2be248cd0b34dc27ae176c1098a,core/src/main/java/com/orientechnologies/orient/core/sql/ORuntimeResult.java,54,0,2,8,179,257,NoBug
461a500334a7f2be248cd0b34dc27ae176c1098a,core/src/main/java/com/orientechnologies/orient/core/sql/method/OSQLMethodRuntime.java,42,0,2,9,149,223,NoBug
46800adf089a519495c9f3a0aab791a7928f3986,core/src/main/java/com/orientechnologies/orient/core/db/document/ODatabaseDocumentTx.java,404,0,77,88,2099,3096,Bag
46914472c6c9b62606dd9ee43e13a164c82e5842,core/src/test/java/com/orientechnologies/orient/core/storage/impl/local/paginated/wal/WALChangesTreeTest.java,10,0,0,13,204,288,Bag
46914472c6c9b62606dd9ee43e13a164c82e5842,core/src/main/java/com/orientechnologies/orient/core/index/hashindex/local/cache/OWOWCache.java,182,0,1,36,1164,1496,Bag
46bbcabde62c2b9e61ebaf45dc23f16d9dee7f02,core/src/main/java/com/orientechnologies/orient/core/db/record/ORecordOperation.java,12,0,1,11,77,121,Bag
46bbcabde62c2b9e61ebaf45dc23f16d9dee7f02,graphdb/src/main/java/com/orientechnologies/orient/graph/sql/OCommandExecutorSQLCreateEdge.java,38,0,2,5,165,243,Bag
46bbcabde62c2b9e61ebaf45dc23f16d9dee7f02,core/src/main/java/com/orientechnologies/orient/core/command/OCommandManager.java,9,0,0,10,96,138,Bag
46bbcabde62c2b9e61ebaf45dc23f16d9dee7f02,tests/src/test/java/com/orientechnologies/orient/test/database/auto/SchemaTest.java,28,0,0,31,467,676,Bag
46bbcabde62c2b9e61ebaf45dc23f16d9dee7f02,core/src/main/java/com/orientechnologies/orient/core/sql/OCommandExecutorSQLLiveUnsubscribe.java,5,0,1,5,69,105,Bag
46bbcabde62c2b9e61ebaf45dc23f16d9dee7f02,core/src/main/java/com/orientechnologies/common/console/OConsoleApplication.java,142,0,0,12,563,740,Bag
46bbcabde62c2b9e61ebaf45dc23f16d9dee7f02,server/src/main/java/com/orientechnologies/orient/server/distributed/ODistributedConfiguration.java,116,0,32,7,462,812,Bag
46bbcabde62c2b9e61ebaf45dc23f16d9dee7f02,lucene/src/test/java/com/orientechnologies/lucene/test/LuceneBackupRestoreTest.java,4,0,1,3,69,126,Bag
46bbcabde62c2b9e61ebaf45dc23f16d9dee7f02,graphdb/src/test/java/com/orientechnologies/orient/graph/sql/OMatchStatementExecutionTest.java,41,0,0,73,1399,1720,Bag
46bbcabde62c2b9e61ebaf45dc23f16d9dee7f02,graphdb/src/main/java/com/orientechnologies/orient/graph/sql/functions/OSQLFunctionShortestPath.java,53,0,1,3,242,325,Bag
46bbcabde62c2b9e61ebaf45dc23f16d9dee7f02,core/src/main/java/com/orientechnologies/orient/core/command/script/OCommandExecutorScript.java,117,0,1,8,488,638,Bag
46bbcabde62c2b9e61ebaf45dc23f16d9dee7f02,client/src/main/java/com/orientechnologies/orient/client/remote/OStorageRemote.java,209,0,5,100,1495,1892,Bag
46bbcabde62c2b9e61ebaf45dc23f16d9dee7f02,core/src/main/java/com/orientechnologies/orient/core/db/document/ODatabaseDocumentAbstract.java,409,0,74,101,2164,3116,Bag
46bbcabde62c2b9e61ebaf45dc23f16d9dee7f02,core/src/main/java/com/orientechnologies/orient/core/metadata/schema/OSchemaShared.java,181,0,10,42,1024,1386,Bag
46bbcabde62c2b9e61ebaf45dc23f16d9dee7f02,core/src/main/java/com/orientechnologies/orient/core/sql/OCommandExecutorSQLCreateProperty.java,54,0,2,5,268,363,Bag
46bbcabde62c2b9e61ebaf45dc23f16d9dee7f02,core/src/main/java/com/orientechnologies/orient/core/sql/OCommandExecutorSQLAlterCluster.java,25,0,2,4,137,206,Bag
46bbcabde62c2b9e61ebaf45dc23f16d9dee7f02,core/src/main/java/com/orientechnologies/common/log/OAnsiCode.java,6,0,1,4,65,116,Bag
46bbcabde62c2b9e61ebaf45dc23f16d9dee7f02,core/src/main/java/com/orientechnologies/orient/core/sql/OCommandExecutorSQLAbstract.java,31,0,2,1,174,256,Bag
46bbcabde62c2b9e61ebaf45dc23f16d9dee7f02,distributed/src/main/java/com/orientechnologies/orient/server/distributed/impl/ODefaultClusterOwnershipAssignmentStrategy.java,32,0,1,2,132,205,Bag
46bbcabde62c2b9e61ebaf45dc23f16d9dee7f02,core/src/main/java/com/orientechnologies/orient/core/sql/filter/OSQLPredicate.java,75,0,2,10,309,445,Bag
46bbcabde62c2b9e61ebaf45dc23f16d9dee7f02,server/src/main/java/com/orientechnologies/orient/server/network/protocol/http/ONetworkProtocolHttpAbstract.java,129,0,0,15,627,792,Bag
46bbcabde62c2b9e61ebaf45dc23f16d9dee7f02,graphdb/src/test/java/com/orientechnologies/orient/graph/sql/RequireTransactionTest.java,8,0,0,7,71,111,Bag
46bbcabde62c2b9e61ebaf45dc23f16d9dee7f02,tests/src/test/java/com/orientechnologies/orient/test/database/auto/CollateTest.java,26,0,0,9,242,329,Bag
46bbcabde62c2b9e61ebaf45dc23f16d9dee7f02,lucene/src/main/java/com/orientechnologies/lucene/builder/OLuceneIndexType.java,25,0,1,6,135,188,Bag
46bbcabde62c2b9e61ebaf45dc23f16d9dee7f02,core/src/main/java/com/orientechnologies/orient/core/db/tool/ODatabaseImpExpAbstract.java,26,0,1,31,184,262,Bag
46bbcabde62c2b9e61ebaf45dc23f16d9dee7f02,object/src/main/java/com/orientechnologies/orient/object/jpa/parsing/PersistenceXml.java,2,0,2,2,26,68,Bag
46bbcabde62c2b9e61ebaf45dc23f16d9dee7f02,core/src/main/java/com/orientechnologies/orient/core/collate/OCaseInsensitiveCollate.java,8,0,1,5,46,84,Bag
46bbcabde62c2b9e61ebaf45dc23f16d9dee7f02,client/src/main/java/com/orientechnologies/orient/client/remote/message/OBinaryProtocolHelper.java,22,0,0,10,153,178,Bag
46bbcabde62c2b9e61ebaf45dc23f16d9dee7f02,graphdb/src/main/java/com/orientechnologies/orient/graph/stresstest/OGraphShortestPathWorkload.java,18,0,1,9,129,187,Bag
46bbcabde62c2b9e61ebaf45dc23f16d9dee7f02,core/src/main/java/com/orientechnologies/orient/core/sql/OCommandExecutorSQLSetAware.java,48,0,1,1,169,233,Bag
46bbcabde62c2b9e61ebaf45dc23f16d9dee7f02,core/src/test/java/com/orientechnologies/DatabaseAbstractTest.java,5,0,1,5,42,59,Bag
46bbcabde62c2b9e61ebaf45dc23f16d9dee7f02,tests/src/test/java/com/orientechnologies/orient/test/database/auto/SQLSequenceTest.java,7,0,1,3,92,119,Bag
46bbcabde62c2b9e61ebaf45dc23f16d9dee7f02,tools/src/main/java/com/orientechnologies/orient/console/OConsoleDatabaseApp.java,353,0,11,115,2360,3035,Bag
46bbcabde62c2b9e61ebaf45dc23f16d9dee7f02,client/src/main/java/com/orientechnologies/orient/client/remote/message/OMessageHelper.java,54,0,0,13,395,447,Bag
46bbcabde62c2b9e61ebaf45dc23f16d9dee7f02,core/src/main/java/com/orientechnologies/orient/core/sql/parser/OMatchStatement.java,254,0,4,49,1135,1456,Bag
46bbcabde62c2b9e61ebaf45dc23f16d9dee7f02,core/src/main/java/com/orientechnologies/orient/core/sql/OCommandExecutorSQLSelect.java,633,0,5,19,2231,2890,Bag
46bbcabde62c2b9e61ebaf45dc23f16d9dee7f02,etl/src/main/java/com/orientechnologies/orient/etl/source/OETLFileSource.java,21,0,0,10,119,168,Bag
46bbcabde62c2b9e61ebaf45dc23f16d9dee7f02,core/src/main/java/com/orientechnologies/orient/core/sql/parser/OMethodCall.java,39,0,1,15,180,221,Bag
46bbcabde62c2b9e61ebaf45dc23f16d9dee7f02,object/src/main/java/com/orientechnologies/orient/object/jpa/OJPAPersistenceUnitInfo.java,16,0,13,23,194,370,Bag
46bbcabde62c2b9e61ebaf45dc23f16d9dee7f02,graphdb/src/test/java/com/tinkerpop/blueprints/impls/orient/OrientGraphNoTxRemoteTest.java,13,0,2,12,172,218,Bag
46bbcabde62c2b9e61ebaf45dc23f16d9dee7f02,server/src/main/java/com/orientechnologies/orient/server/network/protocol/http/command/post/OServerCommandPostDatabase.java,32,0,0,4,217,268,Bag
46bbcabde62c2b9e61ebaf45dc23f16d9dee7f02,graphdb/src/main/java/com/tinkerpop/blueprints/impls/orient/OrientBaseGraph.java,251,0,76,16,1328,2274,Bag
46bbcabde62c2b9e61ebaf45dc23f16d9dee7f02,core/src/main/java/com/orientechnologies/orient/core/sql/filter/OSQLFilter.java,16,0,1,4,75,118,Bag
46bbcabde62c2b9e61ebaf45dc23f16d9dee7f02,lucene/src/test/java/com/orientechnologies/lucene/tests/OLuceneAutomaticBackupRestoreTest.java,3,0,1,4,179,287,Bag
46bbcabde62c2b9e61ebaf45dc23f16d9dee7f02,etl/src/main/java/com/orientechnologies/orient/etl/transformer/OETLAbstractLookupTransformer.java,19,0,1,1,82,122,Bag
46bbcabde62c2b9e61ebaf45dc23f16d9dee7f02,jdbc/src/main/java/com/orientechnologies/orient/jdbc/OrientJdbcDriver.java,3,0,0,9,53,86,Bag
46bbcabde62c2b9e61ebaf45dc23f16d9dee7f02,tests/src/test/java/com/orientechnologies/orient/test/database/auto/SQLSelectProjectionsTest.java,25,0,1,20,314,429,Bag
46bbcabde62c2b9e61ebaf45dc23f16d9dee7f02,core/src/main/java/com/orientechnologies/orient/core/Orient.java,71,0,9,48,641,867,Bag
46bbcabde62c2b9e61ebaf45dc23f16d9dee7f02,core/src/main/java/com/orientechnologies/orient/core/sql/OCommandExecutorSQLCreateIndex.java,51,0,2,4,250,342,Bag
46bbcabde62c2b9e61ebaf45dc23f16d9dee7f02,core/src/main/java/com/orientechnologies/orient/core/db/OPartitionedDatabasePool.java,46,0,3,14,332,496,Bag
46bbcabde62c2b9e61ebaf45dc23f16d9dee7f02,graphdb/src/main/java/com/orientechnologies/orient/graph/sql/functions/OSQLFunctionAstar.java,65,0,1,5,298,384,Bag
46bbcabde62c2b9e61ebaf45dc23f16d9dee7f02,tools/src/main/java/com/orientechnologies/orient/stresstest/workload/OCRUDWorkload.java,28,0,1,18,223,319,Bag
46bbcabde62c2b9e61ebaf45dc23f16d9dee7f02,graphdb/src/main/java/com/orientechnologies/orient/graph/stresstest/OGraphInsertWorkload.java,29,0,1,9,162,226,Bag
46bbcabde62c2b9e61ebaf45dc23f16d9dee7f02,core/src/main/java/com/orientechnologies/orient/core/sql/method/misc/OSQLMethodToUpperCase.java,2,0,1,2,14,41,Bag
46bbcabde62c2b9e61ebaf45dc23f16d9dee7f02,core/src/main/java/com/orientechnologies/orient/core/record/impl/ODocumentHelper.java,402,0,4,18,1219,1528,Bag
46bbcabde62c2b9e61ebaf45dc23f16d9dee7f02,core/src/main/java/com/orientechnologies/orient/core/sql/functions/OCustomSQLFunctionFactory.java,9,0,1,4,63,83,Bag
46bbcabde62c2b9e61ebaf45dc23f16d9dee7f02,jdbc/src/main/java/com/orientechnologies/orient/jdbc/OrientJdbcDatabaseMetaData.java,37,0,1,177,967,1417,Bag
46bbcabde62c2b9e61ebaf45dc23f16d9dee7f02,jdbc/src/test/java/com/orientechnologies/orient/jdbc/OrientJdbcDatabaseMetaDataTest.java,9,0,0,17,187,273,Bag
46bbcabde62c2b9e61ebaf45dc23f16d9dee7f02,core/src/main/java/com/orientechnologies/orient/core/sql/OCommandExecutorSQLTruncateClass.java,30,0,2,4,134,187,Bag
46bbcabde62c2b9e61ebaf45dc23f16d9dee7f02,core/src/main/java/com/orientechnologies/orient/core/record/impl/ODocument.java,667,0,55,41,2311,3169,Bag
46bbcabde62c2b9e61ebaf45dc23f16d9dee7f02,core/src/main/java/com/orientechnologies/orient/core/sql/OCommandExecutorSQLInsert.java,70,0,2,8,325,446,Bag
46bbcabde62c2b9e61ebaf45dc23f16d9dee7f02,tests/src/test/java/com/orientechnologies/orient/test/database/auto/SQLSelectTestNew.java,112,0,1,91,1263,1732,Bag
46bbcabde62c2b9e61ebaf45dc23f16d9dee7f02,server/src/main/java/com/orientechnologies/orient/server/OConnectionBinaryExecutor.java,124,0,0,60,1005,1239,Bag
46bbcabde62c2b9e61ebaf45dc23f16d9dee7f02,core/src/main/java/com/orientechnologies/orient/core/sql/functions/graph/OSQLFunctionShortestPath.java,61,0,1,3,253,315,Bag
46bbcabde62c2b9e61ebaf45dc23f16d9dee7f02,core/src/main/java/com/orientechnologies/orient/core/sql/functions/conversion/OSQLMethodConvert.java,6,0,1,3,34,65,Bag
46bbcabde62c2b9e61ebaf45dc23f16d9dee7f02,core/src/test/java/com/orientechnologies/orient/core/index/OPropertyMapIndexDefinitionTest.java,1,0,1,35,345,465,Bag
46bbcabde62c2b9e61ebaf45dc23f16d9dee7f02,core/src/main/java/com/orientechnologies/common/io/OIOUtils.java,82,0,1,28,326,442,Bag
46bbcabde62c2b9e61ebaf45dc23f16d9dee7f02,tests/src/test/java/com/orientechnologies/orient/test/database/auto/SQLCommandsTest.java,4,0,0,8,83,125,Bag
46bbcabde62c2b9e61ebaf45dc23f16d9dee7f02,tests/src/test/java/com/orientechnologies/orient/test/database/auto/SequenceTest.java,7,0,1,3,79,101,Bag
46bbcabde62c2b9e61ebaf45dc23f16d9dee7f02,core/src/main/java/com/orientechnologies/orient/core/sql/OCommandExecutorSQLTraverse.java,32,0,2,6,172,271,Bag
46bbcabde62c2b9e61ebaf45dc23f16d9dee7f02,core/src/main/java/com/orientechnologies/orient/core/metadata/schema/OClassImpl.java,332,0,6,111,2246,2806,Bag
46bbcabde62c2b9e61ebaf45dc23f16d9dee7f02,server/src/main/java/com/orientechnologies/orient/server/handler/OServerSideScriptInterpreter.java,8,0,1,4,58,99,Bag
46bbcabde62c2b9e61ebaf45dc23f16d9dee7f02,core/src/main/java/com/orientechnologies/orient/core/db/tool/ODatabaseExport.java,108,0,1,7,439,585,Bag
46bbcabde62c2b9e61ebaf45dc23f16d9dee7f02,server/src/main/java/com/orientechnologies/orient/server/network/protocol/http/command/post/OServerCommandPostAuthToken.java,18,0,1,2,120,160,Bag
46bbcabde62c2b9e61ebaf45dc23f16d9dee7f02,graphdb/src/test/java/com/tinkerpop/blueprints/impls/orient/OrientGraphTest.java,12,0,2,21,176,225,Bag
46bbcabde62c2b9e61ebaf45dc23f16d9dee7f02,core/src/main/java/com/orientechnologies/orient/core/metadata/schema/OSchemaProxy.java,6,0,1,38,156,254,Bag
46bbcabde62c2b9e61ebaf45dc23f16d9dee7f02,lucene/src/main/java/com/orientechnologies/lucene/analyzer/OLuceneAnalyzerFactory.java,15,0,1,3,85,119,Bag
46bbcabde62c2b9e61ebaf45dc23f16d9dee7f02,core/src/main/java/com/orientechnologies/orient/core/command/traverse/OTraverseContext.java,13,0,0,13,138,231,Bag
46bbcabde62c2b9e61ebaf45dc23f16d9dee7f02,graphdb/src/main/java/com/tinkerpop/blueprints/impls/orient/OrientGraphFactory.java,21,0,18,12,220,425,Bag
46bbcabde62c2b9e61ebaf45dc23f16d9dee7f02,core/src/main/java/com/orientechnologies/orient/core/config/OGlobalConfiguration.java,33,0,3,14,669,1103,Bag
46bbcabde62c2b9e61ebaf45dc23f16d9dee7f02,core/src/main/java/com/orientechnologies/orient/core/metadata/sequence/OSequenceLibraryImpl.java,14,0,1,11,115,180,Bag
46bbcabde62c2b9e61ebaf45dc23f16d9dee7f02,core/src/main/java/com/orientechnologies/orient/core/metadata/OMetadataInternal.java,1,0,1,3,21,49,Bag
46bbcabde62c2b9e61ebaf45dc23f16d9dee7f02,core/src/main/java/com/orientechnologies/orient/core/metadata/function/OFunctionLibraryImpl.java,9,0,1,11,101,155,Bag
46bbcabde62c2b9e61ebaf45dc23f16d9dee7f02,distributed/src/test/java/com/orientechnologies/orient/server/distributed/TestDistributedDatabaseRepair.java,6,0,1,1,332,429,Bag
46bbcabde62c2b9e61ebaf45dc23f16d9dee7f02,graphdb/src/test/java/com/orientechnologies/orient/graph/GraphTxAbstractTest.java,9,0,1,5,51,94,Bag
46bbcabde62c2b9e61ebaf45dc23f16d9dee7f02,server/src/main/java/com/orientechnologies/orient/server/network/protocol/http/OHttpRequest.java,11,0,1,11,99,142,Bag
46bbcabde62c2b9e61ebaf45dc23f16d9dee7f02,tests/src/test/java/com/orientechnologies/orient/test/database/auto/SQLSelectTest.java,125,0,1,94,1385,1876,Bag
46bbcabde62c2b9e61ebaf45dc23f16d9dee7f02,core/src/main/java/com/orientechnologies/orient/core/sql/OCommandExecutorSQLResultsetAbstract.java,112,0,2,12,496,729,Bag
46bbcabde62c2b9e61ebaf45dc23f16d9dee7f02,etl/src/main/java/com/orientechnologies/orient/etl/transformer/OETLCommandTransformer.java,4,0,1,4,48,86,Bag
46bbcabde62c2b9e61ebaf45dc23f16d9dee7f02,tools/src/main/java/com/orientechnologies/orient/stresstest/workload/OWorkloadFactory.java,2,0,1,4,27,61,Bag
46bbcabde62c2b9e61ebaf45dc23f16d9dee7f02,graphdb/src/test/java/com/orientechnologies/orient/graph/GraphNoTxAbstractTest.java,6,0,1,5,41,80,Bag
46bbcabde62c2b9e61ebaf45dc23f16d9dee7f02,server/src/main/java/com/orientechnologies/orient/server/handler/OAutomaticBackup.java,66,0,2,10,317,420,Bag
46bbcabde62c2b9e61ebaf45dc23f16d9dee7f02,core/src/main/java/com/orientechnologies/orient/core/sql/OCommandExecutorSQLCreateEdge.java,42,0,2,5,193,274,Bag
46bbcabde62c2b9e61ebaf45dc23f16d9dee7f02,tools/src/main/java/com/orientechnologies/orient/stresstest/OStressTesterCommandLineParser.java,40,0,2,0,220,309,Bag
46bbcabde62c2b9e61ebaf45dc23f16d9dee7f02,lucene/src/test/java/com/orientechnologies/lucene/tests/OLuceneBackupRestoreTest.java,1,0,1,2,53,102,Bag
46bbcabde62c2b9e61ebaf45dc23f16d9dee7f02,etl/src/main/java/com/orientechnologies/orient/etl/loader/OETLOrientDBLoader.java,98,0,1,12,447,584,Bag
46bbcabde62c2b9e61ebaf45dc23f16d9dee7f02,lucene/src/test/java/com/orientechnologies/lucene/test/LuceneAutomaticBackupRestoreTest.java,3,0,1,4,178,286,Bag
46bbcabde62c2b9e61ebaf45dc23f16d9dee7f02,tests/src/test/java/com/orientechnologies/orient/test/database/auto/SQLIndexWithoutSchemaTest.java,9,0,1,13,167,235,Bag
46bbcabde62c2b9e61ebaf45dc23f16d9dee7f02,core/src/main/java/com/orientechnologies/orient/core/command/script/OScriptManager.java,43,0,7,17,280,434,Bag
46bbcabde62c2b9e61ebaf45dc23f16d9dee7f02,core/src/main/java/com/orientechnologies/orient/core/sql/parser/OJson.java,29,0,1,15,145,179,Bag
46bbcabde62c2b9e61ebaf45dc23f16d9dee7f02,core/src/main/java/com/orientechnologies/orient/core/sql/functions/OSQLFunctionFactoryTemplate.java,4,0,1,5,46,68,Bag
46bbcabde62c2b9e61ebaf45dc23f16d9dee7f02,core/src/main/java/com/orientechnologies/orient/core/sql/functions/graph/OSQLFunctionAstar.java,75,0,1,5,322,410,Bag
46bbcabde62c2b9e61ebaf45dc23f16d9dee7f02,core/src/main/java/com/orientechnologies/orient/core/sql/method/ODefaultSQLMethodFactory.java,4,0,1,5,103,139,Bag
46bbcabde62c2b9e61ebaf45dc23f16d9dee7f02,etl/src/main/java/com/orientechnologies/orient/etl/OETLProcessor.java,34,0,2,16,303,423,Bag
46bbcabde62c2b9e61ebaf45dc23f16d9dee7f02,core/src/main/java/com/orientechnologies/orient/core/sql/filter/OSQLTarget.java,45,0,1,11,204,285,Bag
46bbcabde62c2b9e61ebaf45dc23f16d9dee7f02,core/src/main/java/com/orientechnologies/orient/core/exception/OConcurrentModificationException.java,6,0,1,6,68,113,Bag
46bbcabde62c2b9e61ebaf45dc23f16d9dee7f02,lucene/src/test/java/com/orientechnologies/lucene/test/LuceneVsLuceneTest.java,5,0,1,2,94,149,Bag
46bbcabde62c2b9e61ebaf45dc23f16d9dee7f02,etl/src/main/java/com/orientechnologies/orient/etl/extractor/OETLCSVExtractor.java,50,0,1,7,251,330,Bag
46bbcabde62c2b9e61ebaf45dc23f16d9dee7f02,core/src/test/java/com/orientechnologies/orient/core/metadata/ClassTest.java,4,0,0,8,147,188,Bag
46bbcabde62c2b9e61ebaf45dc23f16d9dee7f02,server/src/main/java/com/orientechnologies/orient/server/security/authenticator/ODefaultPasswordAuthenticator.java,21,0,7,0,94,164,Bag
46bbcabde62c2b9e61ebaf45dc23f16d9dee7f02,distributed/src/main/java/com/orientechnologies/orient/server/distributed/impl/OLocalClusterWrapperStrategy.java,15,0,1,3,120,183,Bag
46bbcabde62c2b9e61ebaf45dc23f16d9dee7f02,graphdb/src/test/java/com/orientechnologies/orient/graph/sql/OMatchStatementExecutionNewTest.java,39,0,0,74,1398,1702,Bag
46bbcabde62c2b9e61ebaf45dc23f16d9dee7f02,core/src/main/java/com/orientechnologies/orient/core/metadata/security/ORule.java,24,0,1,17,220,283,Bag
46fefeca972ff267f16b66f333dc35356989315d,core/src/main/java/com/orientechnologies/common/concur/lock/OOneEntryPerKeyLockManager.java,48,0,2,15,274,369,NoBug
46fefeca972ff267f16b66f333dc35356989315d,core/src/main/java/com/orientechnologies/orient/core/index/OIndexRecorder.java,9,0,0,65,305,408,Bag
46fefeca972ff267f16b66f333dc35356989315d,core/src/main/java/com/orientechnologies/orient/core/Orient.java,71,0,9,48,634,860,NoBug
46fefeca972ff267f16b66f333dc35356989315d,core/src/main/java/com/orientechnologies/common/concur/lock/OLockManager.java,1,0,1,9,14,50,NoBug
46fefeca972ff267f16b66f333dc35356989315d,core/src/main/java/com/orientechnologies/orient/core/storage/impl/local/OAbstractPaginatedStorage.java,472,0,8,101,3109,4163,Bag
46fefeca972ff267f16b66f333dc35356989315d,core/src/main/java/com/orientechnologies/orient/core/index/OIndexAbstract.java,96,0,6,50,821,1078,Bag
46fefeca972ff267f16b66f333dc35356989315d,core/src/main/java/com/orientechnologies/common/concur/lock/OPartitionedLockManager.java,44,0,1,23,358,499,NoBug
46fefeca972ff267f16b66f333dc35356989315d,core/src/main/java/com/orientechnologies/orient/core/index/OIndexInternal.java,1,0,11,10,38,196,NoBug
471131963f44913fbf3d6fd1d6d58f4a2d6be709,server/src/main/java/com/orientechnologies/orient/server/distributed/task/OTxTask.java,34,0,2,11,193,292,Bag
471dfc0ea5d64b95a3c4d3494a48dce1ea193dfb,core/src/main/java/com/orientechnologies/orient/core/OOrientListener.java,1,0,1,3,7,37,Bag
471dfc0ea5d64b95a3c4d3494a48dce1ea193dfb,distributed/src/main/java/com/orientechnologies/orient/server/distributed/ODistributedDatabaseImpl.java,69,0,2,13,400,557,Bag
471dfc0ea5d64b95a3c4d3494a48dce1ea193dfb,distributed/src/main/java/com/orientechnologies/orient/server/distributed/ODistributedWorker.java,47,0,1,6,224,325,Bag
471dfc0ea5d64b95a3c4d3494a48dce1ea193dfb,distributed/src/main/java/com/orientechnologies/orient/server/distributed/ODistributedStorage.java,196,0,1,84,1243,1699,Bag
471dfc0ea5d64b95a3c4d3494a48dce1ea193dfb,distributed/src/main/java/com/orientechnologies/orient/server/hazelcast/OHazelcastPlugin.java,279,0,7,61,1556,2202,Bag
471dfc0ea5d64b95a3c4d3494a48dce1ea193dfb,server/src/main/java/com/orientechnologies/orient/server/network/protocol/binary/ONetworkProtocolBinary.java,359,0,2,14,2104,2738,Bag
471dfc0ea5d64b95a3c4d3494a48dce1ea193dfb,core/src/main/java/com/orientechnologies/orient/core/Orient.java,92,0,8,52,732,991,Bag
477208cb8dec3cc6c45b296221742f8fa64023e9,core/src/main/java/com/orientechnologies/orient/core/db/OPartitionedDatabasePool.java,37,0,1,14,280,436,NoBug
477208cb8dec3cc6c45b296221742f8fa64023e9,core/src/main/java/com/orientechnologies/orient/core/db/OPartitionedDatabasePoolFactory.java,19,0,1,9,125,194,NoBug
47740ef4c636fea59ed6e37cfb7d6208eaa1eb5d,core/src/main/java/com/orientechnologies/orient/core/index/OIndexTxAwareOneValue.java,60,0,1,8,317,434,Bag
47740ef4c636fea59ed6e37cfb7d6208eaa1eb5d,core/src/main/java/com/orientechnologies/orient/core/index/OIndexTxAwareMultiValue.java,79,0,1,7,395,530,Bag
478cce509623a094936c4fbcb181c697e152b548,graphdb/src/main/java/com/tinkerpop/blueprints/impls/orient/OrientBaseGraph.java,166,0,69,12,1024,1884,Bag
478cce509623a094936c4fbcb181c697e152b548,graphdb/src/test/java/com/tinkerpop/blueprints/impls/orient/OrientDeleteEdgeTest.java,2,0,0,2,41,54,NoBug
478cce509623a094936c4fbcb181c697e152b548,graphdb/src/test/java/com/tinkerpop/blueprints/impls/orient/OrientEdgeClassTest.java,1,0,0,2,48,64,NoBug
478cce509623a094936c4fbcb181c697e152b548,graphdb/src/main/java/com/tinkerpop/blueprints/impls/orient/OrientVertex.java,247,0,29,4,789,1291,NoBug
47e5478ecd2c3ecf5cb10e5c3d75215ce76a08e4,distributed/src/test/java/com/orientechnologies/orient/server/distributed/DistributedIndexes.java,4,0,1,2,80,122,Bag
480f55c8681a5dd4622a69f8499b9a072efb6379,core/src/main/java/com/orientechnologies/orient/core/sql/OCommandExecutorSQLTraverse.java,32,0,2,6,180,279,Bag
480f55c8681a5dd4622a69f8499b9a072efb6379,core/src/main/java/com/orientechnologies/orient/core/storage/cache/local/O2QCache.java,101,0,1,26,809,1027,NoBug
480f55c8681a5dd4622a69f8499b9a072efb6379,core/src/main/java/com/orientechnologies/orient/core/storage/cache/OAbstractWriteCache.java,2,0,0,5,18,44,NoBug
48207bfd1617a6401ee6a01070ee15715e3efc9e,lucene/src/test/java/com/orientechnologies/lucene/test/GraphEmbeddedTest.java,3,0,1,4,56,100,NoBug
48207bfd1617a6401ee6a01070ee15715e3efc9e,graphdb/src/main/java/com/tinkerpop/blueprints/impls/orient/OrientClassVertexIterator.java,6,0,0,4,33,42,NoBug
48207bfd1617a6401ee6a01070ee15715e3efc9e,graphdb/src/main/java/com/tinkerpop/blueprints/impls/orient/OrientClassVertexIterable.java,1,0,0,3,14,22,NoBug
48207bfd1617a6401ee6a01070ee15715e3efc9e,graphdb/src/main/java/com/tinkerpop/blueprints/impls/orient/OrientBaseGraph.java,236,0,76,13,1281,2221,NoBug
482b16b4ca5e168a88d9f9736936f2a9ae3586e0,etl/src/main/java/com/orientechnologies/orient/etl/transformer/OMergeTransformer.java,12,0,1,3,60,92,NoBug
482b16b4ca5e168a88d9f9736936f2a9ae3586e0,etl/src/main/java/com/orientechnologies/orient/etl/loader/OOrientDBLoader.java,100,0,1,9,436,550,NoBug
482b16b4ca5e168a88d9f9736936f2a9ae3586e0,etl/src/main/java/com/orientechnologies/orient/etl/extractor/OCSVExtractor.java,38,0,1,7,217,272,NoBug
482b16b4ca5e168a88d9f9736936f2a9ae3586e0,etl/src/test/java/com/orientechnologies/orient/etl/transformer/OMergeTransformerTest.java,1,0,1,3,56,86,NoBug
48ca226357d61faed269f49eacf8d9aaee5f2a97,core/src/main/java/com/orientechnologies/orient/core/storage/cache/local/twoq/O2QCache.java,161,0,6,14,1146,1647,Bag
48ca226357d61faed269f49eacf8d9aaee5f2a97,tests/src/test/java/com/orientechnologies/orient/test/database/auto/SQLCreateVertexTest.java,5,0,1,4,76,104,Bag
48db6e588a63277fd5021b2dd729d853bdc77bbe,tests/src/test/java/com/orientechnologies/orient/test/database/auto/CRUDDocumentValidationTest.java,3,0,0,17,185,231,NoBug
48db6e588a63277fd5021b2dd729d853bdc77bbe,graphdb/src/test/java/com/orientechnologies/orient/graph/blueprints/GraphValidationTest.java,5,0,0,7,156,212,Bag
48db6e588a63277fd5021b2dd729d853bdc77bbe,core/src/main/java/com/orientechnologies/orient/core/db/document/ODatabaseDocumentAbstract.java,405,0,74,97,2135,3084,Bag
48e68c6b7f5c8749521ab78b7769900da7da8a20,core/src/main/java/com/orientechnologies/orient/core/db/OrientDBEmbedded.java,38,0,1,28,356,443,Bag
48f7c7e77c959cfa3b6ae35a757b37b7c444c232,graphdb/src/main/java/com/tinkerpop/blueprints/impls/orient/OrientElement.java,86,0,26,10,406,742,Bag
48f7c7e77c959cfa3b6ae35a757b37b7c444c232,core/src/main/java/com/orientechnologies/orient/core/db/record/ORecordLazyList.java,81,0,2,41,395,543,Bag
49646436cee4497bc6b13ed638598cac2c4ae6e6,core/src/test/java/com/orientechnologies/orient/core/storage/impl/local/paginated/LocalPaginatedClusterWithWAL.java,20,0,1,30,376,500,NoBug
49646436cee4497bc6b13ed638598cac2c4ae6e6,core/src/main/java/com/orientechnologies/orient/core/storage/cache/local/OWOWCache.java,214,0,1,50,1446,1892,Bag
49646436cee4497bc6b13ed638598cac2c4ae6e6,core/src/main/java/com/orientechnologies/orient/core/index/OIndexes.java,25,0,8,3,116,240,NoBug
49646436cee4497bc6b13ed638598cac2c4ae6e6,core/src/test/java/com/orientechnologies/orient/core/index/hashindex/local/cache/LRUListTest.java,30,0,1,15,293,406,NoBug
49646436cee4497bc6b13ed638598cac2c4ae6e6,core/src/main/java/com/orientechnologies/common/directmemory/ODirectMemoryPointerFactory.java,17,0,1,14,129,163,NoBug
49646436cee4497bc6b13ed638598cac2c4ae6e6,core/src/main/java/com/orientechnologies/common/directmemory/ODirectMemoryMXBean.java,1,0,1,4,7,16,NoBug
49646436cee4497bc6b13ed638598cac2c4ae6e6,core/src/test/java/com/orientechnologies/orient/core/index/hashindex/local/cache/WOWCacheTest.java,18,0,1,6,205,285,NoBug
49646436cee4497bc6b13ed638598cac2c4ae6e6,tests/src/test/java/com/orientechnologies/orient/test/database/auto/DbClosedTest.java,4,0,0,8,56,89,NoBug
49646436cee4497bc6b13ed638598cac2c4ae6e6,core/src/main/java/com/orientechnologies/orient/core/engine/local/OEngineLocalPaginated.java,4,0,1,5,50,90,NoBug
49646436cee4497bc6b13ed638598cac2c4ae6e6,core/src/main/java/com/orientechnologies/orient/core/storage/impl/local/paginated/base/ODurableComponent.java,15,0,1,5,133,218,NoBug
49646436cee4497bc6b13ed638598cac2c4ae6e6,core/src/test/java/com/orientechnologies/orient/core/index/hashindex/local/arc/ReadWriteCacheConcurrentTest.java,32,0,1,4,249,317,NoBug
49646436cee4497bc6b13ed638598cac2c4ae6e6,core/src/main/java/com/orientechnologies/orient/core/storage/impl/local/paginated/OPaginatedCluster.java,136,0,2,42,1454,1793,NoBug
49646436cee4497bc6b13ed638598cac2c4ae6e6,core/src/main/java/com/orientechnologies/orient/core/Orient.java,78,0,5,45,590,790,NoBug
49646436cee4497bc6b13ed638598cac2c4ae6e6,core/src/main/java/com/orientechnologies/orient/core/storage/impl/local/paginated/OClusterPositionMap.java,45,0,1,18,435,538,NoBug
49646436cee4497bc6b13ed638598cac2c4ae6e6,core/src/test/java/com/orientechnologies/orient/core/index/sbtree/local/SBTreeTestBigValuesWAL.java,20,0,1,14,353,456,NoBug
49646436cee4497bc6b13ed638598cac2c4ae6e6,core/src/test/java/com/orientechnologies/orient/core/index/hashindex/local/cache/ConcurrentLRUListConcurrentTest.java,14,0,1,5,179,218,NoBug
49646436cee4497bc6b13ed638598cac2c4ae6e6,core/src/test/java/com/orientechnologies/orient/core/storage/impl/local/paginated/LocalPaginatedClusterTest.java,75,0,1,29,918,1236,NoBug
49646436cee4497bc6b13ed638598cac2c4ae6e6,core/src/main/java/com/orientechnologies/orient/core/config/OGlobalConfiguration.java,41,0,3,14,607,919,Bag
49646436cee4497bc6b13ed638598cac2c4ae6e6,core/src/main/java/com/orientechnologies/orient/core/storage/cache/OReadCache.java,1,0,1,16,20,95,NoBug
49646436cee4497bc6b13ed638598cac2c4ae6e6,core/src/test/java/com/orientechnologies/orient/core/index/sbtree/local/SBTreeWAL.java,19,0,1,18,321,426,NoBug
49646436cee4497bc6b13ed638598cac2c4ae6e6,core/src/test/java/com/orientechnologies/orient/core/index/hashindex/local/cache/ConcurrentLRUListTest.java,1,0,0,2,9,12,NoBug
49646436cee4497bc6b13ed638598cac2c4ae6e6,core/src/main/java/com/orientechnologies/orient/core/storage/impl/local/OAbstractPaginatedStorage.java,490,0,4,100,3410,4414,NoBug
49646436cee4497bc6b13ed638598cac2c4ae6e6,core/src/main/java/com/orientechnologies/orient/core/storage/cache/OWriteCache.java,1,0,0,37,44,103,NoBug
49646436cee4497bc6b13ed638598cac2c4ae6e6,core/src/test/java/com/orientechnologies/orient/core/index/sbtreebonsai/local/OSBTreeBonsaiWAL.java,15,0,1,17,286,381,NoBug
49646436cee4497bc6b13ed638598cac2c4ae6e6,core/src/main/java/com/orientechnologies/orient/core/storage/impl/memory/ODirectMemoryOnlyDiskCache.java,24,0,1,53,474,619,NoBug
49646436cee4497bc6b13ed638598cac2c4ae6e6,core/src/main/java/com/orientechnologies/orient/core/config/OStorageConfiguration.java,89,0,3,71,729,998,NoBug
49646436cee4497bc6b13ed638598cac2c4ae6e6,core/src/main/java/com/orientechnologies/orient/core/storage/impl/local/paginated/atomicoperations/OAtomicOperation.java,56,0,1,20,347,486,NoBug
49646436cee4497bc6b13ed638598cac2c4ae6e6,core/src/main/java/com/orientechnologies/common/concur/lock/ONewLockManager.java,45,0,1,22,353,479,NoBug
4988da871bf9d1c1f8f68717fca9761b629ccae3,tools/src/main/java/com/orientechnologies/orient/console/OConsoleDatabaseApp.java,339,0,11,115,2337,3009,Bag
49a91931a74e848e49cfd09f1895a76917b25392,core/src/main/java/com/orientechnologies/orient/core/record/impl/ODocument.java,663,0,55,41,2269,3105,Bag
49a91931a74e848e49cfd09f1895a76917b25392,core/src/test/java/com/orientechnologies/orient/core/record/impl/ODocumentTest.java,1,0,1,15,289,359,Bag
49a91931a74e848e49cfd09f1895a76917b25392,jdbc/src/main/java/com/orientechnologies/orient/jdbc/OrientJdbcUtils.java,5,0,1,2,28,38,NoBug
49a91931a74e848e49cfd09f1895a76917b25392,jdbc/src/main/java/com/orientechnologies/orient/jdbc/OrientJdbcResultSet.java,72,0,1,191,769,1148,NoBug
49a91931a74e848e49cfd09f1895a76917b25392,jdbc/src/test/java/com/orientechnologies/orient/jdbc/OrientJdbcPreparedStatementTest.java,1,0,0,13,124,197,NoBug
49a91931a74e848e49cfd09f1895a76917b25392,jdbc/src/test/java/com/orientechnologies/orient/jdbc/OrientJdbcDatabaseMetaDataTest.java,9,0,0,17,195,275,NoBug
49a91931a74e848e49cfd09f1895a76917b25392,jdbc/src/main/java/com/orientechnologies/orient/jdbc/OrientJdbcDatabaseMetaData.java,37,0,1,177,933,1366,NoBug
49f66150add1aa247033406a9adcc0d69ef34dcc,etl/src/main/java/com/orientechnologies/orient/etl/extractor/OJDBCExtractor.java,40,0,0,10,206,251,NoBug
4a4380c5ee79f91ed3b0a170f07fecc740decd52,client/src/main/java/com/orientechnologies/orient/client/binary/OAsynchChannelServiceThread.java,8,0,1,1,50,83,NoBug
4a4380c5ee79f91ed3b0a170f07fecc740decd52,client/src/main/java/com/orientechnologies/orient/client/remote/OStorageRemote.java,254,0,5,79,1960,2449,Bag
4acb4341df3d114ea1b924d7b6333991c25cbff2,core/src/main/java/com/orientechnologies/orient/core/sql/parser/OrientSqlTokenManager.java,2648,0,8,0,5747,5780,Bag
4acb4341df3d114ea1b924d7b6333991c25cbff2,core/src/test/java/com/orientechnologies/orient/core/sql/parser/OSelectStatementTest.java,7,0,0,56,529,679,Bag
4acb4341df3d114ea1b924d7b6333991c25cbff2,core/src/test/java/com/orientechnologies/orient/core/sql/parser/OInsertStatementTest.java,5,0,0,7,85,109,NoBug
4b8c1b4bee963afd4c65f5c9f83e35b79a842609,core/src/main/java/com/orientechnologies/orient/core/serialization/serializer/record/string/ORecordSerializerCSVAbstract.java,186,0,0,7,624,832,NoBug
4bea24361a104b8caaf3ed850ce901e5576118b1,core/src/main/java/com/orientechnologies/orient/core/record/impl/ODocumentHelper.java,401,0,4,18,1214,1523,Bag
4c2fbc07f83b8b4972d1a0ea3bfe14ae9f685f42,core/src/test/java/com/orientechnologies/orient/core/sql/parser/OSelectStatementTest.java,7,0,0,55,524,671,Bag
4c2fbc07f83b8b4972d1a0ea3bfe14ae9f685f42,core/src/main/java/com/orientechnologies/orient/core/sql/parser/OrientSqlTokenManager.java,2648,0,8,0,5747,5780,Bag
4c2fbc07f83b8b4972d1a0ea3bfe14ae9f685f42,core/src/test/java/com/orientechnologies/orient/core/sql/parser/OInsertStatementTest.java,5,0,0,6,79,102,Bag
4c2fbc07f83b8b4972d1a0ea3bfe14ae9f685f42,core/src/main/java/com/orientechnologies/orient/core/db/record/ridbag/embedded/OEmbeddedRidBag.java,67,0,0,30,422,552,NoBug
4c2fbc07f83b8b4972d1a0ea3bfe14ae9f685f42,tests/src/test/java/com/orientechnologies/orient/test/database/auto/ORidBagTest.java,106,0,0,29,1194,1636,NoBug
4c4f5ad5a3981ad961effa664534a813e0b1fc3d,core/src/test/java/com/orientechnologies/orient/core/record/impl/ODocumentSchemafullSerializationTest.java,1,0,0,10,297,348,Bag
4c4f5ad5a3981ad961effa664534a813e0b1fc3d,core/src/main/java/com/orientechnologies/orient/core/serialization/serializer/record/binary/ORecordSerializerBinaryV0.java,142,0,0,5,695,809,Bag
4c53f0667f84eb6d3babd7f88c1f982fbd5c32e4,core/src/main/java/com/orientechnologies/orient/core/metadata/schema/OSchemaShared.java,155,0,9,46,964,1289,NoBug
4c53f0667f84eb6d3babd7f88c1f982fbd5c32e4,core/src/test/java/com/orientechnologies/orient/core/metadata/schema/OClassImplTest.java,9,0,2,25,425,520,NoBug
4c7c56b3667b0bc6889f647c07e0ec821f179308,core/src/main/java/com/orientechnologies/orient/core/sql/method/misc/OAbstractSQLMethod.java,10,0,1,10,82,121,NoBug
4c7c56b3667b0bc6889f647c07e0ec821f179308,core/src/test/java/com/orientechnologies/orient/core/sql/OCommandExecutorSQLSelectTest.java,32,0,1,79,1024,1300,Bag
4c96e93bec24a804b3b3be303097d2d6753d28cc,server/src/main/java/com/orientechnologies/orient/server/tx/OTransactionOptimisticProxy.java,45,0,0,6,237,324,Bag
4d24f33df3c71ab18a47b6d6e762c4eed1c95bda,tools/src/main/java/com/orientechnologies/orient/console/OConsoleDatabaseApp.java,267,0,12,100,1823,2311,Bag
4d5311a1bb5038750af272eabfcfc399a6809c0c,core/src/test/java/com/orientechnologies/orient/core/sql/OCommandExecutorSQLSelectTest.java,20,0,1,48,590,763,Bag
4d5e94e81781d6ca098a4dd008a82532697b9b94,core/src/main/java/com/orientechnologies/orient/core/serialization/serializer/record/string/ORecordSerializerCSVAbstract.java,185,0,0,7,629,837,Bag
4dbc47ec6bcc1ae8ae8fb52cbd6d7a39b04ae337,distributed/src/main/java/com/orientechnologies/orient/server/hazelcast/OHazelcastDistributedDatabase.java,74,0,1,10,426,597,Bag
4dbfbebd45921bf1f0708f6e6665a34d81031b55,core/src/main/java/com/orientechnologies/orient/core/db/tool/ODatabaseImport.java,232,0,1,17,1209,1581,NoBug
4e09ef581ad852b71de8a1f355aea68fc41080ab,tools/src/main/java/com/orientechnologies/orient/console/OConsoleDatabaseApp.java,267,0,12,100,1824,2312,Bag
4e1de17697f2030cee8bb58b16556727f48827ed,core/src/main/java/com/orientechnologies/orient/core/index/OIndexMultiValues.java,30,0,1,14,313,417,NoBug
4e1de17697f2030cee8bb58b16556727f48827ed,core/src/main/java/com/orientechnologies/common/concur/lock/ONewLockManager.java,43,0,1,21,338,463,NoBug
4e1de17697f2030cee8bb58b16556727f48827ed,core/src/main/java/com/orientechnologies/orient/core/index/OIndexInternal.java,13,0,14,19,104,294,Bag
4e1de17697f2030cee8bb58b16556727f48827ed,core/src/main/java/com/orientechnologies/orient/core/index/OIndexFullText.java,34,0,3,5,224,326,NoBug
4e1de17697f2030cee8bb58b16556727f48827ed,tests/src/test/java/com/orientechnologies/orient/test/database/auto/ConcurrentUpdatesTest.java,26,0,0,7,212,288,NoBug
4e1de17697f2030cee8bb58b16556727f48827ed,core/src/main/java/com/orientechnologies/orient/core/index/OIndexDictionary.java,3,0,2,4,47,90,NoBug
4e1de17697f2030cee8bb58b16556727f48827ed,core/src/main/java/com/orientechnologies/orient/core/index/OClassIndexManager.java,119,0,1,16,499,644,Bag
4e1de17697f2030cee8bb58b16556727f48827ed,tests/src/test/java/com/orientechnologies/orient/test/internal/index/IndexUniqueTest.java,16,0,0,5,109,140,Bag
4e1de17697f2030cee8bb58b16556727f48827ed,core/src/main/java/com/orientechnologies/orient/core/index/OIndexOneValue.java,17,0,1,13,213,284,NoBug
4e1de17697f2030cee8bb58b16556727f48827ed,core/src/main/java/com/orientechnologies/orient/core/index/OIndexAbstract.java,101,0,3,51,910,1155,NoBug
4e1de17697f2030cee8bb58b16556727f48827ed,core/src/main/java/com/orientechnologies/orient/core/index/OIndexUnique.java,9,0,1,4,67,111,NoBug
4efad7d79eff8fefd7e2a361c364c193238871c5,client/src/main/java/com/orientechnologies/orient/client/remote/OStorageRemote.java,289,0,4,70,1775,2335,Bag
4efad7d79eff8fefd7e2a361c364c193238871c5,core/src/main/java/com/orientechnologies/orient/core/storage/OStorageAbstract.java,19,0,1,28,185,257,Bag
4efad7d79eff8fefd7e2a361c364c193238871c5,core/src/main/java/com/orientechnologies/orient/core/storage/OStorage.java,1,0,14,55,105,260,Bag
4efad7d79eff8fefd7e2a361c364c193238871c5,server/src/main/java/com/orientechnologies/orient/server/distributed/ODistributedStorage.java,176,0,1,82,1091,1496,Bag
4efad7d79eff8fefd7e2a361c364c193238871c5,core/src/main/java/com/orientechnologies/orient/core/storage/OStorageProxy.java,1,0,1,4,8,40,Bag
4efad7d79eff8fefd7e2a361c364c193238871c5,core/src/main/java/com/orientechnologies/orient/core/storage/impl/local/OAbstractPaginatedStorage.java,308,0,3,76,2025,2649,Bag
4efad7d79eff8fefd7e2a361c364c193238871c5,client/src/main/java/com/orientechnologies/orient/client/remote/OStorageRemoteThread.java,5,0,1,87,629,750,Bag
4efad7d79eff8fefd7e2a361c364c193238871c5,core/src/main/java/com/orientechnologies/orient/core/db/document/ODatabaseDocumentTx.java,404,0,77,91,2125,3131,Bag
4efad7d79eff8fefd7e2a361c364c193238871c5,core/src/main/java/com/orientechnologies/orient/core/storage/impl/local/paginated/OLocalPaginatedStorage.java,30,0,1,10,249,327,Bag
4f67b06624a6808a12595d93ba217e18695b3af6,src/main/java/com/orientechnologies/orient/etl/transformer/OEdgeTransformer.java,37,0,0,6,173,228,NoBug
4f84711edfdc19fc08e73e48a61236f0afc502b8,core/src/main/java/com/orientechnologies/orient/core/index/OIndexRebuildOutputListener.java,7,0,1,4,49,84,Bag
4f84711edfdc19fc08e73e48a61236f0afc502b8,core/src/main/java/com/orientechnologies/orient/core/index/OIndexAbstract.java,103,0,3,54,929,1178,Bag
4fcb97b1a94b4d89891c326a12b1a7ebcb7e307c,core/src/main/java/com/orientechnologies/orient/core/command/script/OCommandExecutorScript.java,117,0,1,8,489,639,NoBug
4fcb97b1a94b4d89891c326a12b1a7ebcb7e307c,server/src/main/java/com/orientechnologies/orient/server/OConnectionBinaryExecutor.java,98,0,0,0,900,1092,NoBug
4ff84b859e3d13248b65486721dda2a5fd268722,core/src/main/java/com/orientechnologies/orient/core/db/ODatabaseDocumentInternal.java,1,0,4,22,51,114,NoBug
4ff84b859e3d13248b65486721dda2a5fd268722,core/src/main/java/com/orientechnologies/orient/core/sql/OCommandExecutorSQLTruncateCluster.java,14,0,2,4,102,153,NoBug
4ff84b859e3d13248b65486721dda2a5fd268722,core/src/main/java/com/orientechnologies/orient/core/storage/OStorage.java,1,0,17,56,117,288,NoBug
4ff84b859e3d13248b65486721dda2a5fd268722,core/src/main/java/com/orientechnologies/orient/core/storage/impl/local/paginated/OPaginatedCluster.java,153,0,3,46,1778,2172,NoBug
4ff84b859e3d13248b65486721dda2a5fd268722,core/src/main/java/com/orientechnologies/orient/core/metadata/schema/OClassImpl.java,334,0,6,111,2214,2770,NoBug
4ff84b859e3d13248b65486721dda2a5fd268722,distributed/src/main/java/com/orientechnologies/orient/server/distributed/impl/ODistributedStorage.java,214,0,1,90,1339,1854,NoBug
4ff84b859e3d13248b65486721dda2a5fd268722,core/src/main/java/com/orientechnologies/orient/core/db/document/ODatabaseDocumentTx.java,78,0,1,167,1186,1397,NoBug
4ff84b859e3d13248b65486721dda2a5fd268722,core/src/test/java/com/orientechnologies/orient/core/PostponedEngineStartTest.java,3,0,8,2,425,597,NoBug
4ff84b859e3d13248b65486721dda2a5fd268722,core/src/main/java/com/orientechnologies/orient/core/db/document/ODatabaseDocumentAbstract.java,389,0,74,92,2091,3018,NoBug
4ff84b859e3d13248b65486721dda2a5fd268722,core/src/main/java/com/orientechnologies/orient/core/storage/OStorageAbstract.java,9,0,1,23,149,213,NoBug
4ff84b859e3d13248b65486721dda2a5fd268722,core/src/test/java/com/orientechnologies/orient/core/metadata/schema/AlterClassClusterTest.java,1,0,0,8,57,74,NoBug
5072f2bc33b7def50317686678c7fcc7403f97a8,core/src/main/java/com/orientechnologies/orient/core/record/impl/ODocument.java,494,0,50,34,1749,2510,Bag
50bb0365603295268745639338630da96d9c93fc,server/src/main/java/com/orientechnologies/orient/server/distributed/task/OAbstractRecordReplicatedTask.java,3,0,1,11,53,93,NoBug
50bb0365603295268745639338630da96d9c93fc,server/src/main/java/com/orientechnologies/orient/server/distributed/task/OFixTxTask.java,5,0,1,8,60,106,NoBug
50bb0365603295268745639338630da96d9c93fc,core/src/main/java/com/orientechnologies/orient/core/storage/impl/local/paginated/OPaginatedCluster.java,114,0,1,41,1340,1632,Bag
50bb0365603295268745639338630da96d9c93fc,core/src/main/java/com/orientechnologies/orient/core/index/sbtree/local/OSBTree.java,191,0,1,27,1554,1981,NoBug
50bb0365603295268745639338630da96d9c93fc,distributed/src/main/java/com/orientechnologies/orient/server/hazelcast/OHazelcastDistributedDatabase.java,67,0,1,7,373,528,NoBug
50bb0365603295268745639338630da96d9c93fc,distributed/src/main/java/com/orientechnologies/orient/server/hazelcast/OHazelcastPlugin.java,174,0,6,49,1032,1431,Bag
50bb0365603295268745639338630da96d9c93fc,core/src/main/java/com/orientechnologies/orient/core/storage/impl/local/paginated/OClusterPositionMap.java,44,0,1,19,432,533,NoBug
50bb0365603295268745639338630da96d9c93fc,server/src/main/java/com/orientechnologies/orient/server/distributed/ODistributedStorage.java,154,0,1,81,1006,1365,Bag
50bb0365603295268745639338630da96d9c93fc,server/src/main/java/com/orientechnologies/orient/server/distributed/task/OTxTask.java,31,0,2,11,171,263,NoBug
50bb0365603295268745639338630da96d9c93fc,core/src/main/java/com/orientechnologies/orient/core/index/hashindex/local/OLocalHashTable20.java,211,0,1,23,1685,2188,NoBug
50bb0365603295268745639338630da96d9c93fc,server/src/main/java/com/orientechnologies/orient/server/distributed/task/OUpdateRecordTask.java,6,0,1,14,119,174,NoBug
50bb0365603295268745639338630da96d9c93fc,server/src/main/java/com/orientechnologies/orient/server/distributed/ODistributedDatabase.java,1,0,1,2,7,36,NoBug
50bb0365603295268745639338630da96d9c93fc,server/src/main/java/com/orientechnologies/orient/server/distributed/task/ODeleteRecordTask.java,4,0,1,12,82,127,NoBug
50bb0365603295268745639338630da96d9c93fc,distributed/src/test/java/com/orientechnologies/orient/server/distributed/AbstractServerClusterInsertTest.java,23,0,1,2,317,423,NoBug
50bb0365603295268745639338630da96d9c93fc,distributed/src/test/java/com/orientechnologies/orient/server/distributed/ServerRun.java,3,0,1,7,72,117,NoBug
50bb0365603295268745639338630da96d9c93fc,core/src/main/java/com/orientechnologies/orient/core/index/hashindex/local/OLocalHashTable.java,183,0,1,23,1445,1870,NoBug
5113bd12218f94df3532e814a9a3e0f3675ea692,server/src/main/java/com/orientechnologies/orient/server/distributed/ODistributedResponseManager.java,93,0,5,13,482,674,NoBug
5113bd12218f94df3532e814a9a3e0f3675ea692,server/src/main/java/com/orientechnologies/orient/server/distributed/ODistributedServerManager.java,1,0,5,24,43,119,NoBug
5113bd12218f94df3532e814a9a3e0f3675ea692,distributed/src/main/java/com/orientechnologies/orient/server/hazelcast/OHazelcastPlugin.java,211,0,6,52,1201,1683,Bag
5113bd12218f94df3532e814a9a3e0f3675ea692,distributed/src/main/java/com/orientechnologies/orient/server/hazelcast/OHazelcastDistributedDatabase.java,74,0,1,10,426,597,Bag
5139eb666eb437621ec5919310345e80d841fe9f,core/src/main/java/com/orientechnologies/common/directmemory/OByteBufferPool.java,46,0,12,10,398,704,NoBug
51cd09b34b1aa2e5eaf2cc29ef4b01ffb2cec131,core/src/test/java/com/orientechnologies/orient/core/sql/OCommandExecutorSQLSelectTest.java,13,0,0,26,348,441,Bag
51cd09b34b1aa2e5eaf2cc29ef4b01ffb2cec131,core/src/main/java/com/orientechnologies/orient/core/sql/filter/OSQLTarget.java,40,0,1,11,189,271,NoBug
524730c27f3ffe74c80b433e579cb466f160c658,core/src/main/java/com/orientechnologies/orient/core/sql/OCommandExecutorSQLResultsetAbstract.java,112,0,2,12,496,729,Bag
524730c27f3ffe74c80b433e579cb466f160c658,core/src/main/java/com/orientechnologies/orient/core/command/script/OCommandExecutorScript.java,103,0,1,7,431,581,Bag
524730c27f3ffe74c80b433e579cb466f160c658,core/src/main/java/com/orientechnologies/common/parser/OBaseParser.java,114,0,9,4,356,648,Bag
524730c27f3ffe74c80b433e579cb466f160c658,core/src/test/java/com/orientechnologies/orient/core/sql/OCommandExecutorSQLScriptTest.java,2,0,0,20,222,281,Bag
524730c27f3ffe74c80b433e579cb466f160c658,tests/src/test/java/com/orientechnologies/orient/test/database/auto/SQLSelectTest.java,124,0,1,86,1237,1686,Bag
525f0ff4f1f328e4237ee637ff13763052e4cd06,tests/src/test/java/com/orientechnologies/orient/test/database/auto/DefaultValuesTrivialTest.java,5,0,1,4,119,155,Bag
527d45bb551f10351ecbd295abd46f84c7349784,core/src/main/java/com/orientechnologies/orient/core/record/ORecordAbstract.java,48,0,1,47,374,507,NoBug
527d45bb551f10351ecbd295abd46f84c7349784,core/src/main/java/com/orientechnologies/orient/core/tx/OTransactionAbstract.java,34,0,1,12,156,221,NoBug
527d45bb551f10351ecbd295abd46f84c7349784,graphdb/src/main/java/com/tinkerpop/blueprints/impls/orient/OrientElement.java,87,0,26,10,406,742,NoBug
527d45bb551f10351ecbd295abd46f84c7349784,core/src/main/java/com/orientechnologies/orient/core/id/ORecordId.java,29,0,1,41,244,335,NoBug
527d45bb551f10351ecbd295abd46f84c7349784,core/src/main/java/com/orientechnologies/orient/core/db/record/OIdentifiable.java,1,0,3,4,13,57,NoBug
527d45bb551f10351ecbd295abd46f84c7349784,core/src/main/java/com/orientechnologies/orient/core/metadata/schema/OImmutableSchema.java,13,0,1,37,209,268,NoBug
527d45bb551f10351ecbd295abd46f84c7349784,graphdb/src/main/java/com/tinkerpop/blueprints/impls/orient/asynch/OrientElementFuture.java,18,0,0,20,154,197,NoBug
527d45bb551f10351ecbd295abd46f84c7349784,core/src/main/java/com/orientechnologies/orient/core/db/record/OPlaceholder.java,4,0,2,16,86,137,NoBug
527d45bb551f10351ecbd295abd46f84c7349784,core/src/main/java/com/orientechnologies/orient/core/sql/OCommandExecutorSQLSelect.java,518,0,4,18,1861,2417,Bag
527d45bb551f10351ecbd295abd46f84c7349784,core/src/main/java/com/orientechnologies/orient/core/tx/OTransaction.java,1,0,5,42,77,179,NoBug
5288a9610397501ad79ba7ae6fc7051986b73f67,core/src/main/java/com/orientechnologies/orient/core/storage/cache/local/O2QCache.java,123,0,3,25,932,1237,NoBug
53027208dfee3f3f5fe08fec9a9885b47ddc54b5,core/src/main/java/com/orientechnologies/orient/core/sql/OCommandExecutorSQLDelete.java,53,0,2,10,258,370,NoBug
5312522681f367a22f3c3343e73a46e0280e8978,server/src/main/java/com/orientechnologies/orient/server/network/protocol/http/OHttpResponse.java,89,0,3,32,445,578,Bag
54528416f3ecb760b7b75d2d826cd3c5088c60e6,object/src/test/java/com/orientechnologies/orient/object/db/OPersistentEmbeddedMapTest.java,1,0,1,3,56,75,NoBug
54528416f3ecb760b7b75d2d826cd3c5088c60e6,object/src/main/java/com/orientechnologies/orient/object/enhancement/OObjectEntitySerializer.java,368,0,12,40,1124,1452,Bag
54808ceeeeca15f05af66c6b38e9d5da9b38b2d8,graphdb/src/main/java/com/tinkerpop/blueprints/impls/orient/OrientBaseGraph.java,218,0,76,13,1204,2213,Bag
548b78052e5a3b8fb3bb26dc8addbb6f2a8f80f1,lucene/src/test/java/com/orientechnologies/lucene/test/LuceneFreezeReleaseTest.java,1,0,2,1,61,101,NoBug
548b78052e5a3b8fb3bb26dc8addbb6f2a8f80f1,lucene/src/main/java/com/orientechnologies/lucene/engine/OLuceneIndexEngineAbstract.java,41,0,3,29,409,524,NoBug
5499f443102cace2dfa66d6bb93b5715bc0a6393,tests/src/test/java/com/orientechnologies/orient/test/database/auto/IndexTest.java,151,0,0,69,1682,2224,Bag
5499f443102cace2dfa66d6bb93b5715bc0a6393,graphdb/src/main/java/com/tinkerpop/blueprints/impls/orient/OrientBaseGraph.java,243,0,76,16,1301,2282,Bag
5499f443102cace2dfa66d6bb93b5715bc0a6393,lucene/src/test/java/com/orientechnologies/lucene/test/LuceneMultiFieldTest.java,1,0,1,8,78,139,NoBug
5499f443102cace2dfa66d6bb93b5715bc0a6393,lucene/src/main/java/com/orientechnologies/lucene/engine/OLuceneIndexEngineAbstract.java,45,0,2,30,415,536,NoBug
5499f443102cace2dfa66d6bb93b5715bc0a6393,lucene/src/main/java/com/orientechnologies/lucene/engine/OLuceneFullTextIndexEngine.java,18,0,0,32,263,349,NoBug
5499f443102cace2dfa66d6bb93b5715bc0a6393,lucene/src/main/java/com/orientechnologies/lucene/parser/OLuceneMultiFieldQueryParser.java,10,0,1,2,70,94,NoBug
5499f443102cace2dfa66d6bb93b5715bc0a6393,lucene/src/test/java/com/orientechnologies/lucene/test/LuceneMassiveInsertDeleteTest.java,2,0,1,3,52,89,NoBug
5499f443102cace2dfa66d6bb93b5715bc0a6393,lucene/src/test/java/com/orientechnologies/lucene/tests/OLuceneMassiveInsertDeleteTest.java,2,0,1,2,47,83,NoBug
5499f443102cace2dfa66d6bb93b5715bc0a6393,lucene/src/main/java/com/orientechnologies/lucene/tx/OLuceneTxChangesAbstract.java,3,0,1,3,39,74,NoBug
5499f443102cace2dfa66d6bb93b5715bc0a6393,lucene/src/test/java/com/orientechnologies/lucene/tests/OLuceneBaseTest.java,6,0,1,2,55,97,NoBug
5499f443102cace2dfa66d6bb93b5715bc0a6393,lucene/src/main/java/com/orientechnologies/lucene/builder/OLuceneIndexType.java,25,0,1,6,134,187,NoBug
5499f443102cace2dfa66d6bb93b5715bc0a6393,lucene/src/test/java/com/orientechnologies/lucene/tests/OLuceneRangeTest.java,2,0,1,6,97,165,NoBug
5499f443102cace2dfa66d6bb93b5715bc0a6393,lucene/src/test/java/com/orientechnologies/lucene/tests/OLuceneListIndexingTest.java,1,0,1,3,99,178,NoBug
5499f443102cace2dfa66d6bb93b5715bc0a6393,lucene/src/main/java/com/orientechnologies/lucene/builder/OLuceneDocumentBuilder.java,9,0,1,2,64,109,NoBug
5499f443102cace2dfa66d6bb93b5715bc0a6393,lucene/src/test/java/com/orientechnologies/lucene/test/LuceneRangeTest.java,2,0,1,6,108,175,NoBug
5499f443102cace2dfa66d6bb93b5715bc0a6393,lucene/src/test/java/com/orientechnologies/lucene/tests/OLuceneMultiFieldTest.java,1,0,1,6,74,139,NoBug
5499f443102cace2dfa66d6bb93b5715bc0a6393,lucene/src/main/java/com/orientechnologies/lucene/builder/OLuceneDateTools.java,2,0,5,1,50,132,NoBug
54d28c197320c1e5cedef31bf28b35e174b07306,core/src/main/java/com/orientechnologies/orient/core/record/impl/ODocument.java,493,0,50,34,1750,2509,Bag
54d28c197320c1e5cedef31bf28b35e174b07306,core/src/test/java/com/orientechnologies/orient/core/record/impl/ODocumentValidationTest.java,5,0,0,8,438,507,Bag
553047b9abc78433096575759e92f29e6ac4208f,core/src/main/java/com/orientechnologies/orient/core/sql/OChainedIndexProxy.java,44,0,7,38,428,645,Bag
5537a207baaaddadcc70fbe8a9678e23e7d0b7f7,core/src/main/java/com/orientechnologies/orient/core/sql/functions/ODefaultSQLFunctionFactory.java,4,0,1,4,82,117,Bag
5537a207baaaddadcc70fbe8a9678e23e7d0b7f7,core/src/main/java/com/orientechnologies/orient/core/sql/functions/coll/OSQLFunctionLast.java,3,0,1,6,37,75,Bag
5537a207baaaddadcc70fbe8a9678e23e7d0b7f7,core/src/main/java/com/orientechnologies/orient/core/sql/functions/coll/OSQLFunctionFirst.java,4,0,1,6,38,78,Bag
5537a207baaaddadcc70fbe8a9678e23e7d0b7f7,tests/src/test/java/com/orientechnologies/orient/test/database/auto/SQLFunctionsTest.java,31,0,0,30,376,501,Bag
5637137d4e3704a0d1d7d00ed63b831974e7a9c1,server/src/main/java/com/orientechnologies/orient/server/tx/OTransactionOptimisticProxy.java,39,0,0,6,205,281,Bag
567dc93cca1056c9b2aa72636e7e671ced994a8e,core/src/main/java/com/orientechnologies/orient/core/index/sbtree/local/OSBTree.java,190,0,1,26,1543,1969,Bag
567dc93cca1056c9b2aa72636e7e671ced994a8e,core/src/main/java/com/orientechnologies/orient/core/index/hashindex/local/OLocalHashTable20.java,211,0,1,23,1681,2181,Bag
567dc93cca1056c9b2aa72636e7e671ced994a8e,core/src/main/java/com/orientechnologies/orient/core/storage/impl/local/OSingleFileSegment.java,6,0,0,18,87,130,NoBug
567dc93cca1056c9b2aa72636e7e671ced994a8e,core/src/test/java/com/orientechnologies/orient/core/storage/fs/FileClassicTest.java,3,0,1,3,51,74,NoBug
567dc93cca1056c9b2aa72636e7e671ced994a8e,core/src/main/java/com/orientechnologies/orient/core/storage/impl/local/OAbstractPaginatedStorage.java,305,0,3,76,2002,2625,Bag
567dc93cca1056c9b2aa72636e7e671ced994a8e,core/src/test/java/com/orientechnologies/orient/core/index/sbtree/local/SBTreeTestBigValuesWAL.java,20,0,1,14,341,444,NoBug
567dc93cca1056c9b2aa72636e7e671ced994a8e,core/src/main/java/com/orientechnologies/orient/core/storage/fs/OFileClassic.java,66,0,21,29,794,1060,NoBug
567dc93cca1056c9b2aa72636e7e671ced994a8e,tests/src/test/java/com/orientechnologies/orient/test/internal/io/OFileAbstractTest.java,4,0,0,3,36,65,NoBug
567dc93cca1056c9b2aa72636e7e671ced994a8e,core/src/main/java/com/orientechnologies/orient/core/storage/impl/local/paginated/base/ODurableComponent.java,15,0,1,5,129,213,Bag
567dc93cca1056c9b2aa72636e7e671ced994a8e,core/src/main/java/com/orientechnologies/orient/core/storage/impl/local/paginated/atomicoperations/OAtomicOperation.java,56,0,1,20,340,478,Bag
567dc93cca1056c9b2aa72636e7e671ced994a8e,core/src/test/java/com/orientechnologies/orient/core/index/hashindex/local/OLocalHashTableWAL.java,31,0,1,12,269,364,NoBug
567dc93cca1056c9b2aa72636e7e671ced994a8e,core/src/main/java/com/orientechnologies/orient/core/db/record/ridbag/sbtree/OIndexRIDContainer.java,13,0,3,19,184,256,Bag
567dc93cca1056c9b2aa72636e7e671ced994a8e,core/src/test/java/com/orientechnologies/orient/core/ridbag/ConcurrencySBTreeBonsaiLocalTest.java,9,0,0,2,76,93,Bag
567dc93cca1056c9b2aa72636e7e671ced994a8e,core/src/main/java/com/orientechnologies/orient/core/index/sbtreebonsai/local/OSBTreeBonsaiLocal.java,114,0,4,25,1153,1439,Bag
567dc93cca1056c9b2aa72636e7e671ced994a8e,core/src/main/java/com/orientechnologies/orient/core/index/hashindex/local/OHashTableDirectory.java,49,0,1,20,506,622,Bag
567dc93cca1056c9b2aa72636e7e671ced994a8e,core/src/test/java/com/orientechnologies/orient/core/index/sbtreebonsai/local/OSBTreeBonsaiWAL.java,15,0,1,17,281,376,NoBug
567dc93cca1056c9b2aa72636e7e671ced994a8e,core/src/main/java/com/orientechnologies/orient/core/index/hashindex/local/OLocalHashTable.java,183,0,1,23,1441,1863,Bag
567dc93cca1056c9b2aa72636e7e671ced994a8e,core/src/test/java/com/orientechnologies/orient/core/storage/impl/local/paginated/LocalPaginatedClusterWithWAL.java,20,0,2,28,370,499,NoBug
567dc93cca1056c9b2aa72636e7e671ced994a8e,core/src/main/java/com/orientechnologies/orient/core/storage/impl/local/paginated/OPaginatedCluster.java,122,0,2,44,1459,1778,Bag
567dc93cca1056c9b2aa72636e7e671ced994a8e,core/src/test/java/com/orientechnologies/orient/core/index/sbtree/local/SBTreeWAL.java,19,0,1,18,309,415,NoBug
567dc93cca1056c9b2aa72636e7e671ced994a8e,core/src/main/java/com/orientechnologies/orient/core/config/OGlobalConfiguration.java,38,0,3,11,528,797,Bag
567dc93cca1056c9b2aa72636e7e671ced994a8e,core/src/main/java/com/orientechnologies/orient/core/storage/impl/local/paginated/atomicoperations/OAtomicOperationsManager.java,20,0,1,7,126,190,Bag
567dc93cca1056c9b2aa72636e7e671ced994a8e,core/src/main/java/com/orientechnologies/orient/core/storage/fs/OFile.java,1,0,8,41,54,175,NoBug
567dc93cca1056c9b2aa72636e7e671ced994a8e,core/src/main/java/com/orientechnologies/orient/core/storage/cache/local/OWOWCache.java,199,0,1,49,1359,1760,NoBug
567dc93cca1056c9b2aa72636e7e671ced994a8e,core/src/main/java/com/orientechnologies/orient/core/storage/impl/local/paginated/OClusterPositionMap.java,44,0,1,19,431,532,Bag
56d4eafb05d912966992d9acbf8ce978736409ea,jdbc/src/test/java/com/orientechnologies/orient/jdbc/OrientJdbcResultSetTest.java,2,0,0,10,119,217,Bag
56f9bf3a10535e331c512f9852b1779bbc1d38b0,core/src/main/java/com/orientechnologies/orient/core/storage/cache/local/O2QCache.java,101,0,1,26,809,1027,Bag
56f9bf3a10535e331c512f9852b1779bbc1d38b0,core/src/main/java/com/orientechnologies/orient/core/storage/cache/OAbstractWriteCache.java,2,0,1,4,18,47,Bag
56f9bf3a10535e331c512f9852b1779bbc1d38b0,core/src/main/java/com/orientechnologies/orient/core/index/OPropertyListIndexDefinition.java,8,0,1,8,69,109,NoBug
56f9bf3a10535e331c512f9852b1779bbc1d38b0,core/src/main/java/com/orientechnologies/orient/core/index/OIndexDefinition.java,1,0,13,6,25,137,NoBug
56f9bf3a10535e331c512f9852b1779bbc1d38b0,core/src/main/java/com/orientechnologies/orient/core/index/OIndexInternal.java,13,0,14,19,101,291,NoBug
56f9bf3a10535e331c512f9852b1779bbc1d38b0,core/src/main/java/com/orientechnologies/orient/core/db/tool/ODatabaseImport.java,223,0,1,17,1141,1498,NoBug
56f9bf3a10535e331c512f9852b1779bbc1d38b0,core/src/main/java/com/orientechnologies/orient/core/index/OSimpleKeyIndexDefinition.java,26,0,1,17,160,228,NoBug
56f9bf3a10535e331c512f9852b1779bbc1d38b0,core/src/test/java/com/orientechnologies/orient/core/index/OPropertyMapIndexDefinitionTest.java,1,0,1,35,316,437,NoBug
56f9bf3a10535e331c512f9852b1779bbc1d38b0,core/src/main/java/com/orientechnologies/orient/core/index/OPropertyMapIndexDefinition.java,22,0,2,13,148,216,NoBug
56f9bf3a10535e331c512f9852b1779bbc1d38b0,core/src/main/java/com/orientechnologies/orient/core/index/OCompositeIndexDefinition.java,57,0,14,12,386,574,NoBug
56f9bf3a10535e331c512f9852b1779bbc1d38b0,core/src/main/java/com/orientechnologies/orient/core/index/OIndexRemoteMultiValue.java,5,0,1,7,67,110,NoBug
56f9bf3a10535e331c512f9852b1779bbc1d38b0,core/src/main/java/com/orientechnologies/orient/core/index/OIndex.java,1,0,28,11,53,288,NoBug
56f9bf3a10535e331c512f9852b1779bbc1d38b0,core/src/main/java/com/orientechnologies/orient/core/index/OIndexAbstractDelegate.java,7,0,1,43,172,248,NoBug
56f9bf3a10535e331c512f9852b1779bbc1d38b0,core/src/main/java/com/orientechnologies/orient/core/index/OIndexRemote.java,22,0,1,47,358,470,NoBug
56f9bf3a10535e331c512f9852b1779bbc1d38b0,core/src/main/java/com/orientechnologies/orient/core/index/OIndexRemoteOneValue.java,5,0,1,5,52,93,NoBug
56f9bf3a10535e331c512f9852b1779bbc1d38b0,core/src/main/java/com/orientechnologies/orient/core/index/OIndexManagerRemote.java,9,0,0,10,110,159,NoBug
56f9bf3a10535e331c512f9852b1779bbc1d38b0,core/src/main/java/com/orientechnologies/orient/core/db/tool/ODatabaseExport.java,106,0,1,6,441,588,NoBug
56f9bf3a10535e331c512f9852b1779bbc1d38b0,core/src/main/java/com/orientechnologies/orient/core/index/ORuntimeKeyIndexDefinition.java,7,0,2,16,115,176,NoBug
56f9bf3a10535e331c512f9852b1779bbc1d38b0,core/src/main/java/com/orientechnologies/orient/core/index/OPropertyRidBagIndexDefinition.java,7,0,1,8,65,106,NoBug
56f9bf3a10535e331c512f9852b1779bbc1d38b0,core/src/main/java/com/orientechnologies/orient/core/sql/OChainedIndexProxy.java,44,0,7,38,428,645,NoBug
56f9bf3a10535e331c512f9852b1779bbc1d38b0,core/src/main/java/com/orientechnologies/orient/core/index/OPropertyIndexDefinition.java,15,0,4,13,145,220,NoBug
5780bb8c950c397bd3b8563536ac3e6043bcce64,core/src/test/java/com/orientechnologies/common/directmemory/OByteBufferPoolTest.java,9,0,0,4,112,155,NoBug
5780bb8c950c397bd3b8563536ac3e6043bcce64,core/src/main/java/com/orientechnologies/common/directmemory/OByteBufferPool.java,42,0,11,7,353,627,NoBug
5780bb8c950c397bd3b8563536ac3e6043bcce64,core/src/main/java/com/orientechnologies/common/util/OMemory.java,33,0,10,0,166,274,NoBug
57a9242cddd76dcfce0bd80832c9e8506ad62cc5,core/src/main/java/com/orientechnologies/orient/core/db/tool/ODatabaseImport.java,220,0,1,17,1147,1503,Bag
57a9242cddd76dcfce0bd80832c9e8506ad62cc5,core/src/main/java/com/orientechnologies/orient/core/db/document/ODocumentFieldWalker.java,31,0,1,1,91,150,Bag
57b037dd937ddda037578d367e5c4e1298571981,core/src/main/java/com/orientechnologies/orient/core/storage/impl/local/OAbstractPaginatedStorage.java,350,0,3,77,2374,3045,Bag
5812204936494a54889d51af4bca0f69a52372f1,core/src/main/java/com/orientechnologies/common/util/OMemory.java,28,0,10,0,141,246,NoBug
5812204936494a54889d51af4bca0f69a52372f1,core/src/main/java/com/orientechnologies/orient/core/config/OGlobalConfiguration.java,39,0,3,14,691,1075,Bag
58a69086d40df6f8f824b069d343eda7852df1be,tests/src/test/java/com/orientechnologies/orient/test/database/auto/TruncateClassTest.java,6,0,0,6,130,183,NoBug
58a69086d40df6f8f824b069d343eda7852df1be,core/src/main/java/com/orientechnologies/orient/core/db/ODatabaseWrapperAbstract.java,3,0,3,57,246,356,NoBug
58a69086d40df6f8f824b069d343eda7852df1be,core/src/main/java/com/orientechnologies/orient/core/sql/OCommandExecutorSQLTruncateCluster.java,14,0,2,4,98,148,NoBug
58a69086d40df6f8f824b069d343eda7852df1be,core/src/main/java/com/orientechnologies/orient/core/db/document/ODatabaseDocumentTx.java,391,0,83,82,2072,3061,NoBug
58a69086d40df6f8f824b069d343eda7852df1be,core/src/main/java/com/orientechnologies/orient/core/metadata/schema/OImmutableClass.java,60,0,1,99,643,812,NoBug
58a69086d40df6f8f824b069d343eda7852df1be,core/src/main/java/com/orientechnologies/orient/core/storage/impl/local/OAbstractPaginatedStorage.java,418,0,8,97,2979,3924,NoBug
58a69086d40df6f8f824b069d343eda7852df1be,core/src/main/java/com/orientechnologies/orient/core/db/ODatabase.java,1,0,87,14,148,830,NoBug
58a69086d40df6f8f824b069d343eda7852df1be,core/src/main/java/com/orientechnologies/orient/core/metadata/schema/OClass.java,1,0,31,55,114,416,NoBug
58a69086d40df6f8f824b069d343eda7852df1be,tests/src/test/java/com/orientechnologies/orient/test/database/auto/TruncateClusterTest.java,3,0,0,6,88,124,NoBug
58a69086d40df6f8f824b069d343eda7852df1be,core/src/main/java/com/orientechnologies/orient/core/metadata/schema/OClassImpl.java,312,0,6,106,2171,2721,NoBug
58a69086d40df6f8f824b069d343eda7852df1be,core/src/main/java/com/orientechnologies/orient/core/metadata/schema/OClassAbstractDelegate.java,2,0,2,87,387,506,NoBug
58ba8dc7ed6339f608ea7fb4fe4b24ad15ef1900,core/src/main/java/com/orientechnologies/orient/core/db/tool/ODatabaseImport.java,233,0,1,17,1212,1589,NoBug
58ec800828f7181ec8c7739492c003d95b3644c6,core/src/test/java/com/orientechnologies/orient/core/record/impl/DefaultValueTest.java,1,0,0,10,138,174,NoBug
58ec800828f7181ec8c7739492c003d95b3644c6,core/src/main/java/com/orientechnologies/orient/core/serialization/serializer/record/string/ORecordSerializerJSON.java,181,0,0,11,600,768,NoBug
592268db4870c82c2071d135e56f43ee29d12efb,server/src/main/java/com/orientechnologies/orient/server/network/protocol/http/command/get/OServerCommandGetIndex.java,7,0,0,3,54,89,NoBug
594afc5cdd16fe8ac70e5bf02d1a29912fd147cc,core/src/main/java/com/orientechnologies/common/concur/lock/ODistributedCounter.java,19,0,1,7,106,141,NoBug
5977ae591f2a31b464d8f1cb1d63bdfe49741c2c,jdbc/src/main/java/com/orientechnologies/orient/jdbc/OrientJdbcPreparedStatement.java,8,0,1,58,244,341,NoBug
5977ae591f2a31b464d8f1cb1d63bdfe49741c2c,jdbc/src/main/java/com/orientechnologies/orient/jdbc/OrientJdbcStatement.java,17,0,3,45,226,354,NoBug
5977ae591f2a31b464d8f1cb1d63bdfe49741c2c,core/src/test/java/com/orientechnologies/orient/core/sql/OCommandExecutorSQLSelectTest.java,32,0,1,76,989,1258,Bag
5977ae591f2a31b464d8f1cb1d63bdfe49741c2c,jdbc/src/main/java/com/orientechnologies/orient/jdbc/OrientJdbcResultSet.java,56,0,1,191,706,1071,NoBug
5977ae591f2a31b464d8f1cb1d63bdfe49741c2c,core/src/main/java/com/orientechnologies/orient/core/sql/filter/OSQLFilterCondition.java,133,0,1,14,368,488,NoBug
5977ae591f2a31b464d8f1cb1d63bdfe49741c2c,jdbc/src/main/java/com/orientechnologies/orient/jdbc/OrientBlob.java,16,0,12,0,136,273,NoBug
5977ae591f2a31b464d8f1cb1d63bdfe49741c2c,core/src/main/java/com/orientechnologies/orient/core/sql/filter/OSQLFilterItemField.java,35,0,6,11,152,238,Bag
59ff9e59e206fdb92afde6cab8713e98a723877a,jdbc/src/main/java/com/orientechnologies/orient/jdbc/OrientJdbcPreparedStatement.java,6,0,1,59,237,332,NoBug
59ff9e59e206fdb92afde6cab8713e98a723877a,etl/src/main/java/com/orientechnologies/orient/etl/loader/OOrientDBLoader.java,93,0,1,11,413,530,NoBug
59ff9e59e206fdb92afde6cab8713e98a723877a,jdbc/src/main/java/com/orientechnologies/orient/jdbc/OrientJdbcConnection.java,3,0,2,56,219,329,NoBug
59ff9e59e206fdb92afde6cab8713e98a723877a,jdbc/src/main/java/com/orientechnologies/orient/jdbc/OrientJdbcParameterMetadata.java,3,0,0,0,81,122,NoBug
59ff9e59e206fdb92afde6cab8713e98a723877a,etl/src/test/java/com/orientechnologies/orient/etl/transformer/OEdgeTransformerTest.java,1,0,1,7,116,175,NoBug
59ff9e59e206fdb92afde6cab8713e98a723877a,etl/src/test/java/com/orientechnologies/orient/etl/transformer/OVertexTransformerTest.java,1,0,2,4,48,83,NoBug
59ff9e59e206fdb92afde6cab8713e98a723877a,jdbc/src/test/java/com/orientechnologies/orient/jdbc/OrientJdbcPreparedStatementTest.java,1,0,0,10,97,139,NoBug
59ff9e59e206fdb92afde6cab8713e98a723877a,jdbc/src/main/java/com/orientechnologies/orient/jdbc/OrientJdbcStatement.java,14,0,4,44,216,361,NoBug
59ff9e59e206fdb92afde6cab8713e98a723877a,etl/src/test/java/com/orientechnologies/orient/etl/extractor/OCSVExtractorTest.java,4,0,1,33,340,394,NoBug
5a252db3fc98fde3fb09313b4e1ac856e15c6388,tests/src/test/java/com/orientechnologies/orient/test/database/auto/DbImportExportTest.java,8,0,0,6,75,113,NoBug
5a252db3fc98fde3fb09313b4e1ac856e15c6388,core/src/main/java/com/orientechnologies/orient/core/index/OIndexManagerShared.java,85,0,4,7,476,666,NoBug
5a252db3fc98fde3fb09313b4e1ac856e15c6388,core/src/main/java/com/orientechnologies/orient/core/config/OGlobalConfiguration.java,39,0,3,14,683,1063,Bag
5a252db3fc98fde3fb09313b4e1ac856e15c6388,tests/src/test/java/com/orientechnologies/orient/test/database/auto/DbClosedTest.java,4,0,0,8,55,88,NoBug
5aea3f18f19ff12517bbc8172ff9c3a0f3447ad6,server/src/main/java/com/orientechnologies/orient/server/network/protocol/http/OHttpResponse.java,90,0,3,32,447,582,Bag
5bccaaad164806833d433f2b302d6c62f1c1c8d9,server/src/main/java/com/orientechnologies/orient/server/OConnectionBinaryExecutor.java,98,0,0,0,797,989,Bag
5bccaaad164806833d433f2b302d6c62f1c1c8d9,core/src/main/java/com/orientechnologies/orient/core/command/script/OCommandExecutorScript.java,117,0,1,8,486,636,Bag
5bcf5fa98fe870a76dd7f2eee90a46d20b97812a,object/src/test/java/com/orientechnologies/orient/object/db/ObjectExportImportTest.java,1,0,1,1,40,54,NoBug
5bcf5fa98fe870a76dd7f2eee90a46d20b97812a,core/src/main/java/com/orientechnologies/orient/core/db/tool/ODatabaseImport.java,235,0,1,18,1222,1600,NoBug
5cb7ddceeec3056741233faa775e7c978b9e38f9,core/src/test/java/com/orientechnologies/orient/core/metadata/schema/OTypeConvertTest.java,1,0,15,40,325,465,NoBug
5cb7ddceeec3056741233faa775e7c978b9e38f9,core/src/main/java/com/orientechnologies/orient/core/metadata/schema/OType.java,223,0,10,10,544,754,Bag
5ceab963887a6267ea2b8a5cea59c00e9eb926a8,graphdb/src/main/java/com/tinkerpop/blueprints/impls/orient/OrientVertex.java,249,0,29,4,800,1304,NoBug
5cec9f425f08e9094575a870208daac4cf2bd327,server/src/main/java/com/orientechnologies/orient/server/distributed/task/OSyncDatabaseTask.java,18,0,1,14,186,267,Bag
5cec9f425f08e9094575a870208daac4cf2bd327,distributed/src/main/java/com/orientechnologies/orient/server/hazelcast/OHazelcastPlugin.java,191,0,6,49,1124,1562,Bag
5d8f6ab0984ab81a6b27e7610ecd1f92f7a21abf,core/src/main/java/com/orientechnologies/orient/core/Orient.java,75,0,5,44,577,770,Bag
5dba6939d0f7f705d8bb1265a2108879bab80d75,core/src/main/java/com/orientechnologies/orient/core/type/tree/OMVRBTreeRID.java,72,0,5,41,445,603,NoBug
5e0a1ea20833b5b3ef193bc772dbd6d5e577e936,core/src/main/java/com/orientechnologies/orient/core/sql/parser/OrientSqlTokenManager.java,1600,0,8,0,3566,3597,Bag
5e1effffad30185034ceb6336be4b4c38de4e266,core/src/main/java/com/orientechnologies/orient/core/db/document/ODatabaseDocumentTx.java,405,0,77,88,2102,3099,Bag
5e1effffad30185034ceb6336be4b4c38de4e266,core/src/test/java/com/orientechnologies/orient/core/metadata/security/TestReaderDropClass.java,2,0,0,2,28,35,NoBug
5e69391c85a263fc00edae7b1a3e221b609a1886,graphdb/src/main/java/com/orientechnologies/orient/server/network/protocol/http/OHttpGraphResponse.java,28,0,1,2,114,176,Bag
5e8c80eae2a7b6e9cb063d0e591d573e7f40a0a2,core/src/main/java/com/orientechnologies/orient/core/metadata/schema/OClassImpl.java,276,0,6,103,1971,2517,NoBug
5eaac7fb81a11ea5eba9d0a5e4ea1f4a7bee3f03,core/src/main/java/com/orientechnologies/orient/core/sql/operator/OQueryOperatorIn.java,57,0,1,5,210,284,NoBug
5eab90c1c26419b9f23b1ed9795e935ef4f82b7b,core/src/test/java/com/orientechnologies/orient/core/sql/ONonBlockingQueryTest.java,3,0,1,1,49,70,NoBug
5eab90c1c26419b9f23b1ed9795e935ef4f82b7b,core/src/main/java/com/orientechnologies/orient/core/sql/query/OSQLNonBlockingQuery.java,10,0,2,38,217,298,NoBug
5efc3c9900df6c43804a41d2a6bb9b56de661286,graphdb/src/main/java/com/tinkerpop/blueprints/impls/orient/OrientBaseGraph.java,162,0,68,12,999,1854,Bag
5efc3c9900df6c43804a41d2a6bb9b56de661286,graphdb/src/test/java/com/tinkerpop/blueprints/impls/orient/OrientDeleteEdgeTest.java,2,0,0,2,41,55,NoBug
5efc3c9900df6c43804a41d2a6bb9b56de661286,graphdb/src/main/java/com/tinkerpop/blueprints/impls/orient/OrientVertex.java,245,0,29,4,806,1344,NoBug
5efc3c9900df6c43804a41d2a6bb9b56de661286,core/src/main/java/com/orientechnologies/common/concur/resource/OPartitionedObjectPoolFactory.java,9,0,1,12,95,133,NoBug
5efc3c9900df6c43804a41d2a6bb9b56de661286,core/src/main/java/com/orientechnologies/common/concur/resource/OPartitionedObjectPool.java,27,0,1,15,174,237,NoBug
5efc3c9900df6c43804a41d2a6bb9b56de661286,core/src/main/java/com/orientechnologies/orient/core/command/script/ODatabaseScriptManager.java,6,0,1,4,62,102,NoBug
5f08f6883359d1b65d97b1a75224898dceac8b67,distributed/src/main/java/com/orientechnologies/orient/server/hazelcast/OHazelcastPlugin.java,181,0,4,31,919,1272,NoBug
5f30f708e8f3f6676d5911895c4042496d0dc1fd,core/src/main/java/com/orientechnologies/orient/core/db/OPartitionedDatabasePool.java,35,0,1,13,264,413,Bag
5f30f708e8f3f6676d5911895c4042496d0dc1fd,core/src/test/java/com/orientechnologies/orient/core/db/document/ODatabaseDocumentPoolOpenCloseTest.java,1,0,0,4,69,86,Bag
5f30f708e8f3f6676d5911895c4042496d0dc1fd,core/src/main/java/com/orientechnologies/orient/core/storage/cache/local/twoq/O2QCache.java,159,0,6,22,1205,1691,Bag
5f30f708e8f3f6676d5911895c4042496d0dc1fd,core/src/main/java/com/orientechnologies/orient/core/storage/cache/local/OWOWCache.java,212,0,2,51,1462,1897,Bag
5f30f708e8f3f6676d5911895c4042496d0dc1fd,core/src/main/java/com/orientechnologies/orient/core/storage/impl/local/paginated/atomicoperations/OAtomicOperationsManager.java,64,0,5,12,390,557,NoBug
5f30f708e8f3f6676d5911895c4042496d0dc1fd,core/src/main/java/com/orientechnologies/orient/core/storage/impl/local/statistic/OStoragePerformanceStatistic.java,39,0,31,0,332,672,NoBug
5f8fd1e0187f2f21ae96b343b27a2650f0b76fef,core/src/main/java/com/orientechnologies/orient/core/sql/OCommandExecutorSQLSelect.java,628,0,4,19,2222,2886,Bag
5f8fd1e0187f2f21ae96b343b27a2650f0b76fef,core/src/test/java/com/orientechnologies/orient/core/sql/OCommandExecutorSQLSelectTest.java,28,0,1,67,829,1054,Bag
5f9f40c66e80f07a68d7e9f034db32f18aa1f841,distributed/src/main/java/com/orientechnologies/orient/server/hazelcast/OHazelcastPlugin.java,210,0,6,51,1186,1665,Bag
5f9f40c66e80f07a68d7e9f034db32f18aa1f841,distributed/src/main/java/com/orientechnologies/orient/server/hazelcast/OHazelcastDistributedMessageService.java,43,0,3,12,333,465,Bag
5f9f40c66e80f07a68d7e9f034db32f18aa1f841,core/src/main/java/com/orientechnologies/orient/core/metadata/schema/OClassImpl.java,285,0,5,107,2051,2576,Bag
5f9f40c66e80f07a68d7e9f034db32f18aa1f841,server/src/main/java/com/orientechnologies/orient/server/distributed/OLocalClusterStrategy.java,6,0,1,4,57,100,Bag
5f9f40c66e80f07a68d7e9f034db32f18aa1f841,distributed/src/main/java/com/orientechnologies/orient/server/hazelcast/OHazelcastDistributedDatabase.java,74,0,1,10,428,600,Bag
5faebee4df823f6b5639fb934ae31252e8893687,core/src/main/java/com/orientechnologies/orient/core/record/impl/OEdgeToVertexIterable.java,5,0,1,3,37,47,NoBug
5faebee4df823f6b5639fb934ae31252e8893687,distribution/src/test/java/com/orientechnologies/distribution/integration/OGitHubIssuesIT.java,1,0,1,2,73,97,NoBug
5faebee4df823f6b5639fb934ae31252e8893687,core/src/main/java/com/orientechnologies/orient/core/sql/executor/GetValueFromIndexEntryStep.java,3,0,1,5,56,74,NoBug
5faebee4df823f6b5639fb934ae31252e8893687,core/src/main/java/com/orientechnologies/orient/core/sql/executor/MatchEdgeTraverser.java,39,0,1,4,169,208,NoBug
5fde58f98f75319ca7dce4e524146ff04fe765e6,core/src/main/java/com/orientechnologies/common/concur/lock/OPartitionedLockManager.java,44,0,1,23,358,499,Bag
5fde58f98f75319ca7dce4e524146ff04fe765e6,core/src/main/java/com/orientechnologies/orient/core/storage/impl/local/OAbstractPaginatedStorage.java,472,0,8,101,3109,4163,Bag
5fde58f98f75319ca7dce4e524146ff04fe765e6,core/src/main/java/com/orientechnologies/orient/core/index/OIndexAbstract.java,96,0,6,50,821,1078,Bag
5fde58f98f75319ca7dce4e524146ff04fe765e6,core/src/main/java/com/orientechnologies/orient/core/index/OIndexRecorder.java,9,0,0,65,305,408,Bag
5fde58f98f75319ca7dce4e524146ff04fe765e6,core/src/main/java/com/orientechnologies/common/concur/lock/OOneEntryPerKeyLockManager.java,48,0,2,15,274,369,Bag
5fde58f98f75319ca7dce4e524146ff04fe765e6,core/src/main/java/com/orientechnologies/orient/core/Orient.java,71,0,9,48,634,860,Bag
5fde58f98f75319ca7dce4e524146ff04fe765e6,core/src/main/java/com/orientechnologies/orient/core/index/OIndexInternal.java,1,0,11,10,38,196,Bag
5fde58f98f75319ca7dce4e524146ff04fe765e6,core/src/main/java/com/orientechnologies/common/concur/lock/OLockManager.java,1,0,1,9,14,50,Bag
6061b2a2b5d37ba6f30f9dfa91225ef3b3d718cc,core/src/main/java/com/orientechnologies/orient/core/fetch/OFetchHelper.java,151,0,1,6,459,570,Bag
6061b2a2b5d37ba6f30f9dfa91225ef3b3d718cc,core/src/main/java/com/orientechnologies/orient/core/fetch/remote/ORemoteFetchListener.java,3,0,1,9,49,85,Bag
6061b2a2b5d37ba6f30f9dfa91225ef3b3d718cc,core/src/main/java/com/orientechnologies/orient/core/fetch/OFetchListener.java,1,0,3,6,21,68,Bag
6061b2a2b5d37ba6f30f9dfa91225ef3b3d718cc,core/src/main/java/com/orientechnologies/orient/core/serialization/serializer/OJSONWriter.java,83,0,0,36,391,494,Bag
6061b2a2b5d37ba6f30f9dfa91225ef3b3d718cc,core/src/main/java/com/orientechnologies/orient/core/fetch/json/OJSONFetchListener.java,6,0,1,9,73,106,Bag
6061b2a2b5d37ba6f30f9dfa91225ef3b3d718cc,core/src/main/java/com/orientechnologies/orient/core/fetch/remote/ORemoteFetchContext.java,1,0,1,13,39,76,Bag
6061b2a2b5d37ba6f30f9dfa91225ef3b3d718cc,core/src/main/java/com/orientechnologies/orient/core/fetch/OFetchContext.java,1,0,1,13,27,63,Bag
6061b2a2b5d37ba6f30f9dfa91225ef3b3d718cc,core/src/main/java/com/orientechnologies/orient/core/fetch/json/OJSONFetchContext.java,51,0,1,20,213,262,Bag
6061b2a2b5d37ba6f30f9dfa91225ef3b3d718cc,core/src/main/java/com/orientechnologies/orient/core/config/OGlobalConfiguration.java,39,0,3,14,691,1075,Bag
6061b2a2b5d37ba6f30f9dfa91225ef3b3d718cc,core/src/main/java/com/orientechnologies/orient/core/engine/memory/OEngineMemory.java,6,0,0,7,52,83,NoBug
6061b2a2b5d37ba6f30f9dfa91225ef3b3d718cc,core/src/main/java/com/orientechnologies/common/util/OMemory.java,27,0,9,0,137,236,NoBug
6061b2a2b5d37ba6f30f9dfa91225ef3b3d718cc,core/src/main/java/com/orientechnologies/orient/core/engine/local/OEngineLocalPaginated.java,6,0,2,7,71,119,NoBug
6061b2a2b5d37ba6f30f9dfa91225ef3b3d718cc,core/src/test/java/com/orientechnologies/orient/core/config/FixConfigurationErrorsTest.java,2,0,1,4,42,74,NoBug
624f1a5141edc778044c79a56d1ddaf8d4ff8fbb,graphdb/src/main/java/com/orientechnologies/orient/graph/sql/functions/OSQLFunctionShortestPath.java,30,0,1,3,156,218,NoBug
6291aad36ffcf5634db0e0f102f12d545dc4aa94,core/src/main/java/com/orientechnologies/orient/core/config/OContextConfiguration.java,23,0,4,14,100,169,NoBug
6291aad36ffcf5634db0e0f102f12d545dc4aa94,core/src/main/java/com/orientechnologies/orient/core/db/OrientDBConfigBuilder.java,3,0,0,9,47,81,NoBug
6291aad36ffcf5634db0e0f102f12d545dc4aa94,client/src/main/java/com/orientechnologies/orient/core/db/OrientDBRemote.java,14,0,1,32,237,327,NoBug
6291aad36ffcf5634db0e0f102f12d545dc4aa94,core/src/main/java/com/orientechnologies/orient/core/db/OrientDBConfig.java,11,0,1,6,82,123,NoBug
6291aad36ffcf5634db0e0f102f12d545dc4aa94,core/src/main/java/com/orientechnologies/orient/core/db/OrientDBEmbedded.java,39,0,1,31,362,448,NoBug
6291aad36ffcf5634db0e0f102f12d545dc4aa94,core/src/test/java/com/orientechnologies/orient/core/db/OrientDBConfigTest.java,1,0,0,5,43,79,NoBug
62b47795cd8eab70076e508b269dfbe576e12188,core/src/main/java/com/orientechnologies/orient/core/sql/OCommandExecutorSQLLiveSelect.java,32,0,1,6,195,246,NoBug
62b47795cd8eab70076e508b269dfbe576e12188,core/src/main/java/com/orientechnologies/orient/core/metadata/security/ORestrictedAccessHook.java,21,0,1,8,97,146,NoBug
62b47795cd8eab70076e508b269dfbe576e12188,core/src/test/java/com/orientechnologies/orient/core/sql/OLiveQueryTest.java,4,0,1,3,143,210,NoBug
62eb95b6bfd366e8a94d2f89fcc245f3acafd0c0,core/src/main/java/com/orientechnologies/orient/core/sql/parser/OrientSql.java,11811,0,11,173,25191,26671,NoBug
62eb95b6bfd366e8a94d2f89fcc245f3acafd0c0,core/src/main/java/com/orientechnologies/orient/core/sql/parser/OrientSqlTokenManager.java,2788,0,8,0,6016,6049,NoBug
62eb95b6bfd366e8a94d2f89fcc245f3acafd0c0,core/src/main/java/com/orientechnologies/orient/core/sql/parser/OrientSqlConstants.java,1,0,1,0,481,728,NoBug
62eb95b6bfd366e8a94d2f89fcc245f3acafd0c0,core/src/test/java/com/orientechnologies/orient/core/sql/parser/ORollbackStatementTest.java,1,0,0,2,10,15,NoBug
62eb95b6bfd366e8a94d2f89fcc245f3acafd0c0,core/src/main/java/com/orientechnologies/orient/core/sql/parser/OrientSqlTreeConstants.java,1,0,0,1,352,358,NoBug
62eb95b6bfd366e8a94d2f89fcc245f3acafd0c0,core/src/main/java/com/orientechnologies/orient/core/sql/parser/ORollbackStatement.java,4,0,0,7,27,39,NoBug
63031a7bca10be3fecd487a71c360d1ab0a57888,core/src/main/java/com/orientechnologies/orient/core/sql/OCommandExecutorSQLSelect.java,519,0,4,18,1879,2435,Bag
63031a7bca10be3fecd487a71c360d1ab0a57888,core/src/main/java/com/orientechnologies/orient/core/index/OIndexAbstract.java,103,0,3,54,932,1184,Bag
63031a7bca10be3fecd487a71c360d1ab0a57888,tests/src/test/java/com/orientechnologies/orient/test/database/auto/IndexTest.java,156,0,0,60,1409,1844,Bag
632d3bf6f60abcb95c16be642f4392eb620a0caf,core/src/main/java/com/orientechnologies/orient/core/db/record/ridbag/sbtree/OSBTreeRidBag.java,131,0,2,46,862,1109,NoBug
63880961d43ac37127117a056f76241da4ba329a,core/src/test/java/com/orientechnologies/orient/core/sql/parser/OSelectStatementTest.java,7,0,0,36,286,381,Bag
63880961d43ac37127117a056f76241da4ba329a,core/src/main/java/com/orientechnologies/orient/core/sql/parser/OrientSqlConstants.java,1,0,1,0,319,487,Bag
63880961d43ac37127117a056f76241da4ba329a,core/src/main/java/com/orientechnologies/orient/core/sql/parser/OrientSql.java,3924,0,12,114,11715,12594,Bag
63880961d43ac37127117a056f76241da4ba329a,core/src/main/java/com/orientechnologies/orient/core/sql/parser/OrientSqlTokenManager.java,1666,0,8,0,3690,3721,Bag
638a4566b7ab47102ba8c7edcde1c56e535163e8,core/src/main/java/com/orientechnologies/orient/core/sql/OCommandExecutorSQLAbstract.java,30,0,2,1,165,247,NoBug
638a4566b7ab47102ba8c7edcde1c56e535163e8,distributed/src/test/java/com/orientechnologies/orient/server/distributed/TestShardingDocsAndEdges.java,6,0,0,2,116,158,NoBug
63cfd813d7a3a48371b727451e91f38fbfa838e9,core/src/main/java/com/orientechnologies/orient/core/engine/local/OEngineLocalPaginated.java,7,0,2,7,79,129,NoBug
63f665ab8e02daf3d6d755b33e3f2654e4377670,core/src/main/java/com/orientechnologies/orient/core/record/impl/ODocument.java,534,0,52,34,1893,2696,NoBug
63f665ab8e02daf3d6d755b33e3f2654e4377670,server/src/test/java/com/orientechnologies/orient/server/network/http/HttpBatchTest.java,1,0,1,2,48,69,NoBug
64d1ee676696e33c489e1352c0d143945e292640,core/src/test/java/com/orientechnologies/orient/core/index/OCompositeIndexDefinitionTest.java,9,0,0,49,688,965,NoBug
64d1ee676696e33c489e1352c0d143945e292640,tests/src/test/java/com/orientechnologies/orient/test/database/auto/ClassIndexTest.java,14,0,0,79,1062,1320,NoBug
64d1ee676696e33c489e1352c0d143945e292640,core/src/main/java/com/orientechnologies/orient/core/index/OCompositeIndexDefinition.java,65,0,14,12,393,591,NoBug
64d1ee676696e33c489e1352c0d143945e292640,core/src/main/java/com/orientechnologies/orient/core/index/OClassIndexManager.java,105,0,1,18,465,612,NoBug
64d1ee676696e33c489e1352c0d143945e292640,tests/src/test/java/com/orientechnologies/orient/test/database/auto/IndexManagerTest.java,8,0,0,48,473,652,NoBug
64d1ee676696e33c489e1352c0d143945e292640,tests/src/test/java/com/orientechnologies/orient/test/database/auto/IndexTest.java,160,0,0,63,1587,2099,NoBug
64d1ee676696e33c489e1352c0d143945e292640,core/src/main/java/com/orientechnologies/orient/core/index/OIndexDefinitionFactory.java,33,0,3,0,135,217,NoBug
651d3e7bf092a289b0825affc1709b260f296cf7,core/src/main/java/com/orientechnologies/orient/core/index/OSimpleKeyIndexDefinition.java,26,0,1,17,163,232,Bag
651d3e7bf092a289b0825affc1709b260f296cf7,core/src/test/java/com/orientechnologies/orient/core/metadata/schema/OClassImplTest.java,7,0,2,24,402,492,NoBug
651d3e7bf092a289b0825affc1709b260f296cf7,core/src/main/java/com/orientechnologies/orient/core/metadata/schema/OClassImpl.java,285,0,5,107,2051,2576,Bag
65f086eb452cac1fc83cfac710303c5b020d0697,distributed/src/test/java/com/orientechnologies/orient/server/distributed/scenariotest/AbstractScenarioTest.java,62,0,1,1,452,622,NoBug
65f086eb452cac1fc83cfac710303c5b020d0697,distributed/src/test/java/com/orientechnologies/orient/server/distributed/TestShardingDocsAndEdges.java,6,0,0,2,121,166,NoBug
65f086eb452cac1fc83cfac710303c5b020d0697,core/src/main/java/com/orientechnologies/common/concur/lock/OOneEntryPerKeyLockManager.java,39,0,2,14,202,277,NoBug
65f086eb452cac1fc83cfac710303c5b020d0697,core/src/main/java/com/orientechnologies/common/concur/lock/OComparableLockManager.java,31,0,1,15,163,226,NoBug
65f086eb452cac1fc83cfac710303c5b020d0697,core/src/main/java/com/orientechnologies/orient/core/index/OIndexAbstract.java,109,0,6,50,875,1136,NoBug
65f086eb452cac1fc83cfac710303c5b020d0697,core/src/main/java/com/orientechnologies/orient/core/storage/impl/local/paginated/atomicoperations/OAtomicOperationsManager.java,75,0,5,13,457,657,NoBug
65f086eb452cac1fc83cfac710303c5b020d0697,server/src/test/java/com/orientechnologies/orient/core/storage/impl/local/paginated/LocalPaginatedStorageMixCrashRestoreIT.java,42,0,1,9,359,475,NoBug
65f086eb452cac1fc83cfac710303c5b020d0697,core/src/main/java/com/orientechnologies/orient/core/Orient.java,92,0,8,54,737,998,NoBug
65f086eb452cac1fc83cfac710303c5b020d0697,tests/src/test/java/com/orientechnologies/orient/test/database/auto/LockManagerTest.java,25,0,1,11,212,301,NoBug
65f086eb452cac1fc83cfac710303c5b020d0697,server/src/test/java/com/orientechnologies/orient/core/storage/impl/local/paginated/LocalPaginatedStorageLinkBagCrashRestoreIT.java,34,0,0,12,313,405,NoBug
65f086eb452cac1fc83cfac710303c5b020d0697,tests/src/test/java/com/orientechnologies/orient/test/database/auto/ComparableLockManagerTest.java,25,0,1,11,219,309,NoBug
65f086eb452cac1fc83cfac710303c5b020d0697,distributed/src/main/java/com/orientechnologies/orient/server/hazelcast/OHazelcastPlugin.java,286,0,7,61,1585,2240,NoBug
65f086eb452cac1fc83cfac710303c5b020d0697,server/src/test/java/com/orientechnologies/orient/core/storage/impl/local/paginated/LocalPaginatedStorageUpdateCrashRestoreIT.java,18,0,1,9,235,314,NoBug
65f086eb452cac1fc83cfac710303c5b020d0697,core/src/main/java/com/orientechnologies/orient/core/storage/cache/local/twoq/O2QCache.java,156,0,6,15,1147,1657,Bag
65f086eb452cac1fc83cfac710303c5b020d0697,core/src/main/java/com/orientechnologies/orient/core/storage/impl/local/OAbstractPaginatedStorage.java,465,0,7,102,3088,4093,Bag
65f086eb452cac1fc83cfac710303c5b020d0697,core/src/main/java/com/orientechnologies/common/concur/lock/OLockManager.java,1,0,1,8,13,48,NoBug
65f086eb452cac1fc83cfac710303c5b020d0697,core/src/main/java/com/orientechnologies/orient/core/storage/cache/local/OWOWCache.java,212,0,2,44,1388,1812,NoBug
65f086eb452cac1fc83cfac710303c5b020d0697,core/src/main/java/com/orientechnologies/common/concur/lock/OPartitionedLockManager.java,44,0,1,25,353,493,NoBug
65f086eb452cac1fc83cfac710303c5b020d0697,core/src/main/java/com/orientechnologies/orient/core/db/document/ODatabaseDocumentTx.java,396,0,83,87,2192,3220,NoBug
65f086eb452cac1fc83cfac710303c5b020d0697,core/src/main/java/com/orientechnologies/orient/core/index/sbtreebonsai/local/OSBTreeBonsaiLocal.java,131,0,4,25,1312,1598,NoBug
66799e5c8371d8fdc41db882bb71a782db34d706,core/src/test/java/com/orientechnologies/orient/core/sql/OCommandExecutorSQLSelectTest.java,38,0,2,87,1145,1489,NoBug
66799e5c8371d8fdc41db882bb71a782db34d706,core/src/main/java/com/orientechnologies/orient/core/sql/operator/OQueryOperatorBetween.java,27,0,1,10,148,227,NoBug
667feacbdd9cea2ac8af1d9f081a96a43d9b62b0,client/src/main/java/com/orientechnologies/orient/client/remote/OStorageRemote.java,188,0,5,90,1344,1712,NoBug
66e193c7333c8024349fa44ed510d29b8ff4a92b,server/src/main/java/com/orientechnologies/orient/server/OServerShutdownMain.java,21,0,1,3,102,151,NoBug
66e193c7333c8024349fa44ed510d29b8ff4a92b,server/src/main/java/com/orientechnologies/orient/server/network/protocol/binary/ONetworkProtocolBinary.java,335,0,0,8,1916,2486,Bag
66f9ab32c765539d71c8116d7eb17eafceb1a20e,core/src/main/java/com/orientechnologies/orient/core/sql/method/misc/OSQLMethodSize.java,3,0,1,2,24,53,NoBug
66f9ab32c765539d71c8116d7eb17eafceb1a20e,tests/src/test/java/com/orientechnologies/orient/test/database/auto/SQLSelectTest.java,125,0,1,91,1330,1809,Bag
670bd1416c7195b57e5da071f1370786b11c892f,tools/src/main/java/com/orientechnologies/orient/console/OConsoleDatabaseApp.java,274,0,12,100,1875,2363,Bag
670bd1416c7195b57e5da071f1370786b11c892f,graphdb/src/test/java/com/orientechnologies/orient/graph/sql/SQLGraphBatchTest.java,1,0,0,2,22,51,NoBug
670bd1416c7195b57e5da071f1370786b11c892f,core/src/main/java/com/orientechnologies/orient/core/sql/OCommandExecutorSQLTraverse.java,32,0,2,6,179,278,NoBug
67a525ee2667907cb7ad9b16a4421e07dc8600b2,jdbc/src/main/java/com/orientechnologies/orient/jdbc/OrientJdbcConnection.java,3,0,2,56,218,329,Bag
67a525ee2667907cb7ad9b16a4421e07dc8600b2,jdbc/src/test/java/com/orientechnologies/orient/jdbc/OrientJdbcPreparedStatementTest.java,1,0,0,9,85,120,Bag
67a525ee2667907cb7ad9b16a4421e07dc8600b2,etl/src/test/java/com/orientechnologies/orient/etl/transformer/OVertexTransformerTest.java,1,0,2,4,45,79,Bag
67a525ee2667907cb7ad9b16a4421e07dc8600b2,jdbc/src/main/java/com/orientechnologies/orient/jdbc/OrientJdbcParameterMetadata.java,3,0,0,0,77,118,Bag
67a525ee2667907cb7ad9b16a4421e07dc8600b2,jdbc/src/main/java/com/orientechnologies/orient/jdbc/OrientJdbcStatement.java,14,0,4,45,213,358,Bag
67a525ee2667907cb7ad9b16a4421e07dc8600b2,etl/src/main/java/com/orientechnologies/orient/etl/loader/OOrientDBLoader.java,93,0,1,11,413,530,Bag
67a525ee2667907cb7ad9b16a4421e07dc8600b2,jdbc/src/main/java/com/orientechnologies/orient/jdbc/OrientJdbcPreparedStatement.java,6,0,1,57,225,317,Bag
67a525ee2667907cb7ad9b16a4421e07dc8600b2,etl/src/test/java/com/orientechnologies/orient/etl/extractor/OCSVExtractorTest.java,4,0,1,34,341,394,Bag
67a525ee2667907cb7ad9b16a4421e07dc8600b2,etl/src/test/java/com/orientechnologies/orient/etl/transformer/OEdgeTransformerTest.java,1,0,2,6,116,177,Bag
67b44e38d6982f4b915b71290548d72dbd5aaa00,core/src/main/java/com/orientechnologies/orient/core/storage/impl/local/paginated/wal/OWALChangesTree.java,138,0,0,23,588,797,Bag
67b44e38d6982f4b915b71290548d72dbd5aaa00,core/src/main/java/com/orientechnologies/common/directmemory/ODirectMemoryPointer.java,26,0,1,20,136,223,Bag
67b44e38d6982f4b915b71290548d72dbd5aaa00,core/src/test/java/com/orientechnologies/common/serialization/types/ShortSerializerTest.java,1,0,1,5,36,66,Bag
67b44e38d6982f4b915b71290548d72dbd5aaa00,core/src/main/java/com/orientechnologies/orient/core/config/OGlobalConfiguration.java,40,0,3,14,600,897,Bag
67b44e38d6982f4b915b71290548d72dbd5aaa00,server/src/main/java/com/orientechnologies/orient/server/network/protocol/binary/ONetworkProtocolBinary.java,328,0,0,7,1918,2499,Bag
67b44e38d6982f4b915b71290548d72dbd5aaa00,core/src/test/java/com/orientechnologies/orient/core/storage/impl/local/paginated/ClusterPageTest.java,27,0,1,19,825,1104,Bag
67b44e38d6982f4b915b71290548d72dbd5aaa00,core/src/test/java/com/orientechnologies/common/serialization/types/LongSerializerTest.java,1,0,1,5,36,67,Bag
67b44e38d6982f4b915b71290548d72dbd5aaa00,core/src/test/java/com/orientechnologies/common/serialization/types/BooleanSerializerTest.java,1,0,1,5,48,79,Bag
67b44e38d6982f4b915b71290548d72dbd5aaa00,core/src/test/java/com/orientechnologies/orient/core/index/sbtree/local/ONullBucketTest.java,1,0,1,4,55,82,Bag
67b44e38d6982f4b915b71290548d72dbd5aaa00,core/src/main/java/com/orientechnologies/orient/core/storage/cache/local/OWOWCache.java,201,0,1,51,1381,1788,Bag
67b44e38d6982f4b915b71290548d72dbd5aaa00,core/src/test/java/com/orientechnologies/orient/core/index/sbtree/local/SBTreeValuePageTest.java,1,0,1,2,51,75,Bag
67b44e38d6982f4b915b71290548d72dbd5aaa00,core/src/test/java/com/orientechnologies/orient/core/index/hashindex/local/cache/LRUListTest.java,30,0,1,15,292,405,Bag
67b44e38d6982f4b915b71290548d72dbd5aaa00,core/src/test/java/com/orientechnologies/orient/core/index/sbtreebonsai/local/OSBTreeBonsaiLeafBucketTest.java,31,0,1,7,241,326,Bag
67b44e38d6982f4b915b71290548d72dbd5aaa00,core/src/test/java/com/orientechnologies/common/serialization/types/ByteSerializerTest.java,1,0,1,5,36,67,Bag
67b44e38d6982f4b915b71290548d72dbd5aaa00,core/src/main/java/com/orientechnologies/orient/core/storage/impl/local/paginated/OLocalPaginatedStorage.java,34,0,1,10,270,353,Bag
67b44e38d6982f4b915b71290548d72dbd5aaa00,core/src/main/java/com/orientechnologies/orient/core/storage/impl/memory/ODirectMemoryOnlyDiskCache.java,23,0,1,54,462,604,Bag
67b44e38d6982f4b915b71290548d72dbd5aaa00,core/src/test/java/com/orientechnologies/orient/core/storage/impl/local/paginated/wal/WALChangesTreeTest.java,10,0,0,13,204,288,Bag
67b44e38d6982f4b915b71290548d72dbd5aaa00,tests/src/test/java/com/orientechnologies/orient/test/internal/StringSerializerSpeedTest.java,1,0,1,4,34,48,Bag
67b44e38d6982f4b915b71290548d72dbd5aaa00,core/src/test/java/com/orientechnologies/common/serialization/types/DateSerializerTest.java,1,0,1,5,56,87,Bag
67b44e38d6982f4b915b71290548d72dbd5aaa00,core/src/test/java/com/orientechnologies/orient/core/index/OCompositeKeyTest.java,1,0,0,20,191,257,Bag
67b44e38d6982f4b915b71290548d72dbd5aaa00,core/src/test/java/com/orientechnologies/orient/core/index/sbtreebonsai/local/OSBTreeBonsaiNonLeafBucketTest.java,20,0,1,3,138,188,Bag
67b44e38d6982f4b915b71290548d72dbd5aaa00,core/src/test/java/com/orientechnologies/common/serialization/types/FloatSerializerTest.java,1,0,1,5,36,66,Bag
67b44e38d6982f4b915b71290548d72dbd5aaa00,core/src/test/java/com/orientechnologies/common/serialization/types/DoubleSerializerTest.java,1,0,1,5,36,67,Bag
67b44e38d6982f4b915b71290548d72dbd5aaa00,core/src/test/java/com/orientechnologies/common/serialization/types/DateTimeSerializerTest.java,1,0,1,5,37,68,Bag
67b44e38d6982f4b915b71290548d72dbd5aaa00,core/src/test/java/com/orientechnologies/common/serialization/types/IntegerSerializerTest.java,1,0,1,5,36,66,Bag
67b44e38d6982f4b915b71290548d72dbd5aaa00,core/src/main/java/com/orientechnologies/orient/core/storage/cache/OCachePointer.java,22,0,1,26,186,270,Bag
67b44e38d6982f4b915b71290548d72dbd5aaa00,core/src/test/java/com/orientechnologies/common/serialization/types/CharSerializerTest.java,1,0,1,5,37,67,Bag
67b44e38d6982f4b915b71290548d72dbd5aaa00,core/src/test/java/com/orientechnologies/common/serialization/types/StringSerializerTest.java,2,0,1,5,45,75,Bag
67b44e38d6982f4b915b71290548d72dbd5aaa00,tests/src/test/java/com/orientechnologies/orient/test/database/auto/LiveQueryTest.java,4,0,1,3,74,114,Bag
67b44e38d6982f4b915b71290548d72dbd5aaa00,core/src/test/java/com/orientechnologies/orient/core/index/sbtree/local/SBTreeLeafBucketTest.java,31,0,1,7,237,322,Bag
67b44e38d6982f4b915b71290548d72dbd5aaa00,core/src/main/java/com/orientechnologies/orient/core/storage/impl/local/paginated/wal/ODiskWriteAheadLog.java,155,0,1,27,1010,1302,Bag
67b44e38d6982f4b915b71290548d72dbd5aaa00,core/src/test/java/com/orientechnologies/common/serialization/types/DecimalSerializerTest.java,1,0,1,5,38,68,Bag
67b44e38d6982f4b915b71290548d72dbd5aaa00,core/src/test/java/com/orientechnologies/orient/core/index/sbtree/local/SBTreeNonLeafBucketTest.java,20,0,1,3,139,190,Bag
67b44e38d6982f4b915b71290548d72dbd5aaa00,core/src/test/java/com/orientechnologies/common/serialization/types/BinarySerializerTest.java,1,0,1,5,39,71,Bag
67e16bbf7ceecaef0f5cc8d695f4f06e2ab91b1e,core/src/main/java/com/orientechnologies/orient/core/cache/OSoftRefsHashMap.java,10,0,1,6,89,107,NoBug
683f2a0bba9b64868a8bd1e9a522f4c1924dcb30,core/src/main/java/com/orientechnologies/common/serialization/types/ODateSerializer.java,1,0,6,11,94,157,Bag
683f2a0bba9b64868a8bd1e9a522f4c1924dcb30,server/src/main/java/com/orientechnologies/orient/server/network/protocol/http/command/put/OServerCommandPutDocument.java,15,0,0,3,69,114,NoBug
683f2a0bba9b64868a8bd1e9a522f4c1924dcb30,graphdb/src/test/java/com/orientechnologies/orient/test/server/network/http/HttpGraphTest.java,1,0,1,2,48,72,NoBug
685eae8b02a50116ab0a52606703d99caeba48ee,core/src/main/java/com/orientechnologies/common/console/TTYConsoleReader.java,103,0,1,5,464,566,NoBug
685eae8b02a50116ab0a52606703d99caeba48ee,core/src/main/java/com/orientechnologies/common/console/OConsoleReader.java,1,0,0,5,9,36,NoBug
685eae8b02a50116ab0a52606703d99caeba48ee,core/src/main/java/com/orientechnologies/common/console/OConsoleApplication.java,138,0,0,12,554,731,NoBug
685eae8b02a50116ab0a52606703d99caeba48ee,tools/src/main/java/com/orientechnologies/orient/console/OConsoleDatabaseApp.java,329,0,11,114,2282,2941,NoBug
685eae8b02a50116ab0a52606703d99caeba48ee,core/src/main/java/com/orientechnologies/common/console/ODefaultConsoleReader.java,5,0,1,4,48,85,NoBug
68a2254c66465bf55c3d5ccc6be02996dd216a5f,core/src/main/java/com/orientechnologies/orient/core/storage/impl/local/OAbstractPaginatedStorage.java,470,0,7,102,3121,4142,Bag
68dbbac8437deb25674328483109a2287ff6ba07,graphdb/src/main/java/com/tinkerpop/blueprints/impls/orient/OrientDynaElementIterator.java,8,0,0,0,42,83,Bag
693119e3f1dab4ea8b67a35575ba1f7d1c0a970b,core/src/main/java/com/orientechnologies/common/util/OPair.java,12,0,1,13,85,135,Bag
693119e3f1dab4ea8b67a35575ba1f7d1c0a970b,core/src/main/java/com/orientechnologies/orient/core/index/OIndexAbstract.java,103,0,3,54,929,1178,Bag
693119e3f1dab4ea8b67a35575ba1f7d1c0a970b,core/src/main/java/com/orientechnologies/orient/core/db/ODatabaseRecordThreadLocal.java,4,0,0,6,54,85,NoBug
693119e3f1dab4ea8b67a35575ba1f7d1c0a970b,core/src/main/java/com/orientechnologies/orient/core/index/OIndexMultiValues.java,30,0,1,14,313,417,NoBug
693119e3f1dab4ea8b67a35575ba1f7d1c0a970b,core/src/main/java/com/orientechnologies/common/concur/resource/OPartitionedObjectPool.java,28,0,1,16,182,248,NoBug
693119e3f1dab4ea8b67a35575ba1f7d1c0a970b,core/src/main/java/com/orientechnologies/orient/core/index/ODefaultIndexFactory.java,14,0,2,4,92,149,NoBug
693119e3f1dab4ea8b67a35575ba1f7d1c0a970b,core/src/main/java/com/orientechnologies/orient/core/storage/impl/local/paginated/ORecordSerializationContext.java,4,0,1,6,60,101,NoBug
693119e3f1dab4ea8b67a35575ba1f7d1c0a970b,core/src/main/java/com/orientechnologies/common/concur/lock/ODistributedCounter.java,20,0,1,9,114,151,NoBug
693119e3f1dab4ea8b67a35575ba1f7d1c0a970b,core/src/main/java/com/orientechnologies/orient/core/db/record/ridbag/sbtree/OSBTreeCollectionManagerShared.java,5,0,2,9,101,158,NoBug
693119e3f1dab4ea8b67a35575ba1f7d1c0a970b,core/src/main/java/com/orientechnologies/common/util/HeapDumper.java,7,0,0,2,39,53,NoBug
693119e3f1dab4ea8b67a35575ba1f7d1c0a970b,core/src/main/java/com/orientechnologies/common/concur/resource/OReentrantResourcePool.java,15,0,1,7,97,151,NoBug
693119e3f1dab4ea8b67a35575ba1f7d1c0a970b,core/src/main/java/com/orientechnologies/orient/core/db/OPartitionedDatabasePool.java,33,0,1,13,245,387,NoBug
693119e3f1dab4ea8b67a35575ba1f7d1c0a970b,core/src/main/java/com/orientechnologies/orient/core/index/OClassIndexManager.java,105,0,1,18,481,627,NoBug
693119e3f1dab4ea8b67a35575ba1f7d1c0a970b,graphdb/src/main/java/com/tinkerpop/blueprints/impls/orient/OrientBaseGraph.java,168,0,69,12,1000,1862,Bag
693119e3f1dab4ea8b67a35575ba1f7d1c0a970b,core/src/main/java/com/orientechnologies/orient/core/index/OIndexManagerAbstract.java,46,0,1,27,385,492,NoBug
693119e3f1dab4ea8b67a35575ba1f7d1c0a970b,core/src/main/java/com/orientechnologies/orient/core/storage/impl/local/OAbstractPaginatedStorage.java,305,0,3,76,2011,2634,Bag
693119e3f1dab4ea8b67a35575ba1f7d1c0a970b,server/src/main/java/com/orientechnologies/orient/server/token/OrientTokenHandler.java,41,0,1,12,351,417,NoBug
693119e3f1dab4ea8b67a35575ba1f7d1c0a970b,core/src/main/java/com/orientechnologies/orient/core/index/OIndexDictionary.java,3,0,2,4,46,88,NoBug
693119e3f1dab4ea8b67a35575ba1f7d1c0a970b,core/src/main/java/com/orientechnologies/orient/core/index/OIndexOneValue.java,17,0,1,13,213,284,NoBug
693119e3f1dab4ea8b67a35575ba1f7d1c0a970b,core/src/main/java/com/orientechnologies/orient/core/index/OIndexNotUnique.java,1,0,1,3,17,49,NoBug
693119e3f1dab4ea8b67a35575ba1f7d1c0a970b,core/src/main/java/com/orientechnologies/common/concur/resource/OCloseable.java,1,0,1,1,4,30,NoBug
693119e3f1dab4ea8b67a35575ba1f7d1c0a970b,core/src/main/java/com/orientechnologies/common/concur/resource/OSharedContainerImpl.java,7,0,1,4,46,87,NoBug
693119e3f1dab4ea8b67a35575ba1f7d1c0a970b,core/src/main/java/com/orientechnologies/orient/core/index/hashindex/local/OHashIndexFactory.java,13,0,2,3,80,132,NoBug
693119e3f1dab4ea8b67a35575ba1f7d1c0a970b,core/src/main/java/com/orientechnologies/orient/core/index/OIndexUnique.java,9,0,1,4,63,106,NoBug
693119e3f1dab4ea8b67a35575ba1f7d1c0a970b,core/src/main/java/com/orientechnologies/orient/core/index/OIndexFullText.java,34,0,3,5,222,324,NoBug
693119e3f1dab4ea8b67a35575ba1f7d1c0a970b,core/src/main/java/com/orientechnologies/orient/core/sql/parser/OrientSqlTreeConstants.java,1,0,0,1,234,240,Bag
693119e3f1dab4ea8b67a35575ba1f7d1c0a970b,object/src/main/java/com/orientechnologies/orient/object/db/OObjectDatabasePool.java,1,0,1,4,25,55,NoBug
693119e3f1dab4ea8b67a35575ba1f7d1c0a970b,client/src/main/java/com/orientechnologies/orient/client/remote/OSBTreeCollectionManagerRemote.java,8,0,1,9,121,171,NoBug
693119e3f1dab4ea8b67a35575ba1f7d1c0a970b,core/src/main/java/com/orientechnologies/orient/core/metadata/schema/OSchemaShared.java,163,0,9,46,960,1281,Bag
693119e3f1dab4ea8b67a35575ba1f7d1c0a970b,core/src/main/java/com/orientechnologies/orient/core/Orient.java,79,0,5,46,599,802,NoBug
694179bbd708b0a0ab131849e7132dbf55ba1a0b,core/src/main/java/com/orientechnologies/orient/core/index/OIndexDictionary.java,3,0,2,4,41,83,Bag
694179bbd708b0a0ab131849e7132dbf55ba1a0b,core/src/main/java/com/orientechnologies/orient/core/index/OIndexAbstract.java,100,0,6,50,838,1090,Bag
694179bbd708b0a0ab131849e7132dbf55ba1a0b,core/src/main/java/com/orientechnologies/orient/core/index/OIndexNotUnique.java,1,0,1,3,18,50,Bag
694179bbd708b0a0ab131849e7132dbf55ba1a0b,core/src/main/java/com/orientechnologies/orient/core/tx/OTransactionIndexChanges.java,3,0,1,9,47,92,Bag
694179bbd708b0a0ab131849e7132dbf55ba1a0b,core/src/main/java/com/orientechnologies/orient/core/index/OIndexUnique.java,9,0,1,4,57,98,Bag
694179bbd708b0a0ab131849e7132dbf55ba1a0b,core/src/main/java/com/orientechnologies/orient/core/tx/OTransactionIndexChangesPerKey.java,4,0,1,5,40,75,Bag
694179bbd708b0a0ab131849e7132dbf55ba1a0b,core/src/main/java/com/orientechnologies/orient/core/tx/OTransactionRealAbstract.java,70,0,5,21,336,474,Bag
694179bbd708b0a0ab131849e7132dbf55ba1a0b,client/src/test/java/com/orientechnologies/orient/client/remote/OStorageRemoteAsyncOperationTest.java,6,0,1,4,116,138,NoBug
694179bbd708b0a0ab131849e7132dbf55ba1a0b,client/src/main/java/com/orientechnologies/orient/client/remote/OServerAdmin.java,22,0,22,9,441,706,NoBug
694179bbd708b0a0ab131849e7132dbf55ba1a0b,client/src/main/java/com/orientechnologies/orient/client/binary/OChannelBinaryAsynchClient.java,73,0,2,13,347,466,NoBug
694179bbd708b0a0ab131849e7132dbf55ba1a0b,client/src/main/java/com/orientechnologies/orient/client/remote/ORemoteConnectionPool.java,11,0,1,5,78,105,NoBug
694179bbd708b0a0ab131849e7132dbf55ba1a0b,client/src/main/java/com/orientechnologies/orient/client/remote/OStorageRemote.java,248,0,5,76,1851,2323,NoBug
694179bbd708b0a0ab131849e7132dbf55ba1a0b,client/src/main/java/com/orientechnologies/orient/client/remote/ORemoteConnectionManager.java,27,0,1,12,140,209,NoBug
6957528517766acf842f8c4f43bfbad420fbf1fd,core/src/main/java/com/orientechnologies/orient/core/db/document/ODatabaseDocumentTx.java,398,0,79,84,2083,3099,Bag
6957528517766acf842f8c4f43bfbad420fbf1fd,server/src/main/java/com/orientechnologies/orient/server/distributed/ODistributedStorage.java,189,0,1,83,1124,1571,Bag
6957528517766acf842f8c4f43bfbad420fbf1fd,distributed/src/main/java/com/orientechnologies/orient/server/hazelcast/OHazelcastPlugin.java,214,0,6,53,1229,1720,Bag
6957528517766acf842f8c4f43bfbad420fbf1fd,distributed/src/main/java/com/orientechnologies/orient/server/hazelcast/OHazelcastDistributedDatabase.java,74,0,1,10,426,597,Bag
6957528517766acf842f8c4f43bfbad420fbf1fd,distributed/src/test/java/com/orientechnologies/orient/server/distributed/TestSharding.java,30,0,0,2,341,468,NoBug
69ad5ecc3824911ac8d1bfbeab0d379043546afb,client/src/main/java/com/orientechnologies/orient/client/remote/OStorageRemoteThread.java,5,0,1,86,621,741,NoBug
69ad5ecc3824911ac8d1bfbeab0d379043546afb,core/src/main/java/com/orientechnologies/orient/core/storage/impl/local/OAbstractPaginatedStorage.java,308,0,3,76,2198,2828,Bag
69ad5ecc3824911ac8d1bfbeab0d379043546afb,core/src/main/java/com/orientechnologies/orient/core/storage/OStorage.java,1,0,14,51,101,253,NoBug
69ad5ecc3824911ac8d1bfbeab0d379043546afb,core/src/main/java/com/orientechnologies/orient/core/storage/OStorageProxy.java,1,0,1,7,11,45,NoBug
69ad5ecc3824911ac8d1bfbeab0d379043546afb,core/src/main/java/com/orientechnologies/orient/core/storage/impl/local/paginated/OLocalPaginatedStorage.java,30,0,1,10,250,328,NoBug
69ad5ecc3824911ac8d1bfbeab0d379043546afb,core/src/main/java/com/orientechnologies/orient/core/db/document/ODatabaseDocumentTx.java,405,0,77,91,2126,3134,Bag
69ad5ecc3824911ac8d1bfbeab0d379043546afb,core/src/main/java/com/orientechnologies/orient/core/storage/OStorageAbstract.java,14,0,1,24,168,235,NoBug
69ad5ecc3824911ac8d1bfbeab0d379043546afb,client/src/main/java/com/orientechnologies/orient/client/remote/OStorageRemote.java,293,0,4,73,1796,2360,NoBug
69ad5ecc3824911ac8d1bfbeab0d379043546afb,server/src/main/java/com/orientechnologies/orient/server/distributed/ODistributedStorage.java,176,0,1,78,1075,1477,Bag
69b62c92baccdfdd79a06d402611864248139a72,object/src/main/java/com/orientechnologies/orient/object/enhancement/OObjectProxyMethodHandler.java,221,0,4,9,759,880,NoBug
69b62c92baccdfdd79a06d402611864248139a72,object/src/test/java/com/orientechnologies/orient/object/enhancement/TestObjectWithDeletedLink.java,1,0,0,4,35,47,NoBug
69b62c92baccdfdd79a06d402611864248139a72,object/src/test/java/com/orientechnologies/orient/object/enhancement/SimpleSelfRef.java,1,0,0,5,17,25,NoBug
69c715d77d9441ce9f5fda01e935162c2a3d8e3f,tests/src/test/java/com/orientechnologies/orient/test/database/auto/SQLInsertTest.java,19,0,1,25,463,614,Bag
69c715d77d9441ce9f5fda01e935162c2a3d8e3f,client/src/main/java/com/orientechnologies/orient/client/remote/OStorageRemote.java,254,0,5,79,1960,2449,Bag
69c715d77d9441ce9f5fda01e935162c2a3d8e3f,core/src/main/java/com/orientechnologies/orient/core/sql/query/OBasicResultSet.java,6,0,1,35,171,243,Bag
69dde5c3af532dfc8b7ec16104aef29d93001eca,core/src/main/java/com/orientechnologies/orient/core/sql/functions/coll/OSQLFunctionMultiValueAbstract.java,1,0,1,4,20,53,NoBug
69dde5c3af532dfc8b7ec16104aef29d93001eca,core/src/main/java/com/orientechnologies/common/collection/OMultiCollectionIterator.java,48,0,1,18,205,275,NoBug
69dde5c3af532dfc8b7ec16104aef29d93001eca,core/src/main/java/com/orientechnologies/orient/core/sql/OCommandExecutorSQLSelect.java,564,0,4,19,2068,2697,NoBug
69dde5c3af532dfc8b7ec16104aef29d93001eca,graphdb/src/test/java/com/orientechnologies/orient/graph/sql/GraphIntersectLightweightEdges.java,5,0,0,3,57,107,NoBug
69dde5c3af532dfc8b7ec16104aef29d93001eca,core/src/test/java/com/orientechnologies/common/io/OIOUtilsTest.java,1,0,0,5,51,79,NoBug
69dde5c3af532dfc8b7ec16104aef29d93001eca,core/src/main/java/com/orientechnologies/common/io/OIOUtils.java,69,0,1,23,247,339,NoBug
69dde5c3af532dfc8b7ec16104aef29d93001eca,core/src/main/java/com/orientechnologies/orient/core/sql/functions/coll/OSQLFunctionIntersect.java,24,0,1,5,97,146,NoBug
69dde5c3af532dfc8b7ec16104aef29d93001eca,core/src/main/java/com/orientechnologies/orient/core/sql/functions/coll/OSQLFunctionDifference.java,6,0,1,5,47,89,NoBug
69e34107e527950f8a3df9af2d692904d7de478f,distribution/src/test/java/com/orientechnologies/distribution/integration/demodb/ODemoDbFromDocumentationTraversesIT.java,1,0,1,2,30,45,NoBug
6a3b53733871af25028c4c5f4fb0baa8412b8139,core/src/main/java/com/orientechnologies/orient/core/storage/impl/local/paginated/OPaginatedCluster.java,159,0,3,46,1751,2150,NoBug
6a3b53733871af25028c4c5f4fb0baa8412b8139,core/src/test/java/com/orientechnologies/orient/core/storage/impl/local/paginated/LocalPaginatedClusterTest.java,82,0,1,30,910,1251,NoBug
6a4e7ce0c36e622d46c72650339c49bde3874568,core/src/main/java/com/orientechnologies/orient/core/record/impl/ODirtyManager.java,44,0,1,14,170,219,Bag
6a5ae937eab72280a6cea923f1226759f8669848,object/src/main/java/com/orientechnologies/orient/object/db/OObjectDatabaseTx.java,63,0,12,72,618,892,Bag
6a5ae937eab72280a6cea923f1226759f8669848,graphdb/src/main/java/com/orientechnologies/orient/graph/server/command/OServerCommandGetGephi.java,19,0,0,5,126,181,NoBug
6a6182db0e6520aae293a0f021bd7843a25b8208,core/src/main/java/com/orientechnologies/common/directmemory/OByteBufferPool.java,42,0,11,10,391,690,NoBug
6a6182db0e6520aae293a0f021bd7843a25b8208,core/src/main/java/com/orientechnologies/common/util/OMemory.java,34,0,10,0,170,276,NoBug
6a6182db0e6520aae293a0f021bd7843a25b8208,core/src/main/java/com/orientechnologies/orient/core/engine/OMemoryAndLocalPaginatedEnginesInitializer.java,8,0,2,0,70,125,NoBug
6a94e69f80e35d29251d7c442beaa55c6ade09d7,core/src/test/java/com/orientechnologies/orient/core/sql/OCommandExecutorSQLSelectTest.java,32,0,1,72,968,1225,Bag
6a94e69f80e35d29251d7c442beaa55c6ade09d7,core/src/main/java/com/orientechnologies/orient/core/collate/OCaseInsensitiveCollate.java,4,0,1,5,29,65,Bag
6a9fd739e121b8e74c6e607bde667b674a12a4f0,core/src/main/java/com/orientechnologies/orient/core/storage/impl/local/paginated/OLocalPaginatedStorage.java,44,0,1,12,366,471,NoBug
6a9fd739e121b8e74c6e607bde667b674a12a4f0,core/src/main/java/com/orientechnologies/orient/core/storage/impl/local/paginated/wal/OLogSegment.java,65,0,0,0,471,592,NoBug
6a9fd739e121b8e74c6e607bde667b674a12a4f0,core/src/main/java/com/orientechnologies/orient/core/storage/impl/local/paginated/wal/ODiskWriteAheadLog.java,98,0,1,37,681,892,NoBug
6a9fd739e121b8e74c6e607bde667b674a12a4f0,core/src/main/java/com/orientechnologies/orient/core/storage/impl/local/OAbstractPaginatedStorage.java,470,0,7,102,3121,4142,Bag
6a9fd739e121b8e74c6e607bde667b674a12a4f0,core/src/main/java/com/orientechnologies/orient/core/config/OGlobalConfiguration.java,39,0,3,14,687,1070,Bag
6b5a30b1f20a1f08c110d8f353b9cc8c2dd02733,core/src/main/java/com/orientechnologies/orient/core/storage/impl/local/paginated/atomicoperations/OAtomicOperation.java,76,0,4,21,454,639,NoBug
6bf2e153ed9162b0a9ca1b4611282047d8e62a60,core/src/test/java/com/orientechnologies/orient/core/record/impl/ODocumentSchemafullSerializationTest.java,1,0,0,11,310,365,NoBug
6bf2e153ed9162b0a9ca1b4611282047d8e62a60,core/src/test/java/com/orientechnologies/orient/core/record/impl/ODocumentSchemafullBinarySerializationTest.java,1,0,0,2,9,15,NoBug
6bf2e153ed9162b0a9ca1b4611282047d8e62a60,core/src/main/java/com/orientechnologies/orient/core/serialization/serializer/record/binary/ORecordSerializerBinaryV0.java,142,0,0,5,695,809,NoBug
6c332f89b82cb8a446f742cafa793559b2eaade9,distributed/src/main/java/com/orientechnologies/orient/server/hazelcast/OHazelcastPlugin.java,122,0,2,22,630,897,NoBug
6c332f89b82cb8a446f742cafa793559b2eaade9,distributed/src/main/java/com/orientechnologies/orient/server/distributed/impl/ODistributedAbstractPlugin.java,210,0,8,51,1222,1690,NoBug
6c332f89b82cb8a446f742cafa793559b2eaade9,distributed/src/main/java/com/orientechnologies/orient/server/distributed/impl/ODefaultClusterOwnershipAssignmentStrategy.java,27,0,1,2,133,208,NoBug
6c332f89b82cb8a446f742cafa793559b2eaade9,distributed/src/main/java/com/orientechnologies/orient/server/distributed/impl/task/OTxTaskResult.java,11,0,2,5,61,101,NoBug
6c332f89b82cb8a446f742cafa793559b2eaade9,core/src/main/java/com/orientechnologies/orient/core/storage/impl/local/paginated/OPaginatedCluster.java,169,0,3,45,1823,2223,NoBug
6c7efb10a4fc071038db5cc0d510e814946db01a,graphdb/src/main/java/com/tinkerpop/blueprints/impls/orient/OrientGraphFactory.java,21,0,18,12,220,425,NoBug
6c7efb10a4fc071038db5cc0d510e814946db01a,graphdb/src/main/java/com/tinkerpop/blueprints/impls/orient/OrientConfigurableGraph.java,49,0,70,11,468,989,NoBug
6c7efb10a4fc071038db5cc0d510e814946db01a,graphdb/src/main/java/com/tinkerpop/blueprints/impls/orient/OrientBaseGraph.java,243,0,76,16,1299,2280,NoBug
6cc86130d98bb0c7e2873a83598bc16922ddd998,core/src/test/java/com/orientechnologies/orient/core/sql/OCommandExecutorSQLUpdateTest.java,1,0,1,19,412,530,NoBug
6cc86130d98bb0c7e2873a83598bc16922ddd998,core/src/main/java/com/orientechnologies/orient/core/sql/OCommandExecutorSQLUpdate.java,197,0,2,9,698,911,Bag
6d7d767b14093a663d21d8d028e35157da176582,graphdb/src/main/java/com/tinkerpop/blueprints/impls/orient/OrientVertex.java,245,0,29,4,806,1344,NoBug
6d7d767b14093a663d21d8d028e35157da176582,graphdb/src/test/java/com/orientechnologies/orient/graph/sql/SQLMoveVertexCommandInTxTest.java,8,0,0,9,184,279,NoBug
6d8d349e2271a156b13b4ad5fb39bcacceda0310,core/src/main/java/com/orientechnologies/orient/core/index/hashindex/local/OLocalHashTable.java,190,0,1,24,1586,2011,Bag
6d8d349e2271a156b13b4ad5fb39bcacceda0310,core/src/main/java/com/orientechnologies/orient/core/index/engine/OSBTreeIndexEngine.java,12,0,1,27,218,298,Bag
6d8d349e2271a156b13b4ad5fb39bcacceda0310,core/src/main/java/com/orientechnologies/orient/core/index/hashindex/local/OHashTable.java,3,0,2,32,94,161,Bag
6d8d349e2271a156b13b4ad5fb39bcacceda0310,tests/src/test/java/com/orientechnologies/orient/test/database/auto/IndexTest.java,151,0,0,63,1592,2104,Bag
6d8d349e2271a156b13b4ad5fb39bcacceda0310,core/src/main/java/com/orientechnologies/orient/core/index/engine/OHashTableIndexEngine.java,27,0,1,27,311,419,Bag
6d8d349e2271a156b13b4ad5fb39bcacceda0310,core/src/main/java/com/orientechnologies/orient/core/index/hashindex/local/OLocalHashTable20.java,208,0,1,24,1659,2156,Bag
6d8d349e2271a156b13b4ad5fb39bcacceda0310,core/src/main/java/com/orientechnologies/orient/core/index/sbtree/local/OSBTree.java,214,0,2,26,1730,2161,Bag
6d8d349e2271a156b13b4ad5fb39bcacceda0310,tests/src/test/java/com/orientechnologies/orient/test/database/auto/SQLTruncateRecordTest.java,3,0,0,4,37,67,Bag
6d9e180ced37dc784a1063495dbd80ec98c12810,core/src/main/java/com/orientechnologies/orient/core/sql/query/OSQLNonBlockingQuery.java,11,0,2,38,225,306,Bag
6dd2711779e345afb7b30094accbf8d48a6d707f,core/src/main/java/com/orientechnologies/common/log/OLogManager.java,51,0,3,28,234,331,NoBug
6ddd90b14dc2e77074aa9a39b37afe32e6c38234,core/src/main/java/com/orientechnologies/orient/core/sql/functions/sequence/OSQLFunctionSequence.java,2,0,1,5,34,49,Bag
6e9ac1772922fcc419aa624404e42d68d264edd1,core/src/main/java/com/orientechnologies/orient/core/sql/query/OSQLAsynchQuery.java,2,0,3,6,42,90,Bag
6ea235c061630188643de6b73cebf0cf4e0c45a7,core/src/main/java/com/orientechnologies/orient/core/type/tree/OMVRBTreeRID.java,70,0,5,41,444,602,Bag
6ea7a314d355c6a751a849d1a8f14772fd70d920,core/src/main/java/com/orientechnologies/orient/core/sql/filter/OSQLFilterCondition.java,133,0,1,13,366,490,NoBug
6ea7a314d355c6a751a849d1a8f14772fd70d920,core/src/main/java/com/orientechnologies/orient/core/sql/parser/OrientSql.java,4622,0,11,129,13634,14649,NoBug
6ea7a314d355c6a751a849d1a8f14772fd70d920,core/src/test/java/com/orientechnologies/orient/core/sql/parser/OSelectStatementTest.java,7,0,0,51,502,641,NoBug
6ea7a314d355c6a751a849d1a8f14772fd70d920,core/src/main/java/com/orientechnologies/orient/core/sql/filter/OSQLPredicate.java,73,0,2,10,309,446,NoBug
6ea7a314d355c6a751a849d1a8f14772fd70d920,core/src/main/java/com/orientechnologies/orient/core/sql/parser/OExpression.java,31,0,1,14,139,182,NoBug
6ea7a314d355c6a751a849d1a8f14772fd70d920,core/src/main/java/com/orientechnologies/orient/core/sql/parser/OMatchesCondition.java,6,0,1,6,50,68,NoBug
6ea7a314d355c6a751a849d1a8f14772fd70d920,core/src/test/java/com/orientechnologies/orient/core/sql/OCommandExecutorSQLSelectTest.java,24,0,1,61,747,956,Bag
6ec5d17f637a159b38ca4bc817110cb16da27ce6,core/src/test/java/com/orientechnologies/orient/core/sql/parser/ODeleteStatementTest.java,6,0,0,3,110,141,NoBug
6ec5d17f637a159b38ca4bc817110cb16da27ce6,core/src/main/java/com/orientechnologies/orient/core/sql/OCommandExecutorSQLDelete.java,64,0,2,11,291,407,NoBug
6f6000d0aa4f91fbb97a9717e314fdce350c25e8,core/src/main/java/com/orientechnologies/orient/core/index/sbtreebonsai/local/OSBTreeBonsaiLocal.java,131,0,4,25,1329,1619,NoBug
6f9beccd36f977feb31557a9293a316c4f7fb24b,core/src/main/java/com/orientechnologies/orient/core/sql/parser/ODeleteEdgeStatement.java,47,0,1,5,162,191,Bag
6f9beccd36f977feb31557a9293a316c4f7fb24b,graphdb/src/main/java/com/orientechnologies/orient/graph/sql/OCommandExecutorSQLDeleteEdge.java,78,0,3,7,275,377,Bag
6f9beccd36f977feb31557a9293a316c4f7fb24b,graphdb/src/test/java/com/orientechnologies/orient/graph/sql/OCommandExecutorSQLDeleteEdgeTest.java,2,0,1,5,65,83,Bag
6f9f40419cadc4a96f8760031921135499d4332d,core/src/main/java/com/orientechnologies/orient/core/storage/impl/local/OAbstractPaginatedStorage.java,507,0,8,106,3322,4424,Bag
6f9f40419cadc4a96f8760031921135499d4332d,server/src/main/java/com/orientechnologies/orient/server/network/protocol/http/ONetworkProtocolHttpAbstract.java,127,0,0,15,618,781,NoBug
6f9f40419cadc4a96f8760031921135499d4332d,core/src/main/java/com/orientechnologies/common/console/OConsoleApplication.java,142,0,0,12,562,739,NoBug
6f9fabbf0137d4d4f91cf98a6d31dcb63cd51710,core/src/main/java/com/orientechnologies/orient/core/sql/ORuntimeResult.java,54,0,2,8,179,257,NoBug
6f9fabbf0137d4d4f91cf98a6d31dcb63cd51710,tests/src/test/java/com/orientechnologies/orient/test/database/auto/SQLFunctionsTest.java,31,0,0,30,387,512,NoBug
6f9fabbf0137d4d4f91cf98a6d31dcb63cd51710,core/src/main/java/com/orientechnologies/orient/core/sql/method/ODefaultSQLMethodFactory.java,4,0,1,5,102,138,NoBug
6f9fabbf0137d4d4f91cf98a6d31dcb63cd51710,core/src/main/java/com/orientechnologies/orient/core/sql/filter/OSQLFilterItemAbstract.java,31,0,1,6,133,196,NoBug
6f9fabbf0137d4d4f91cf98a6d31dcb63cd51710,core/src/main/java/com/orientechnologies/orient/core/sql/filter/OSQLFilterItemField.java,19,0,5,11,106,185,NoBug
6f9fabbf0137d4d4f91cf98a6d31dcb63cd51710,core/src/main/java/com/orientechnologies/orient/core/sql/functions/ODefaultSQLFunctionFactory.java,4,0,1,4,105,141,NoBug
6fdc17421dd682b30aef282fdda3d7f0db88d754,core/src/main/java/com/orientechnologies/orient/core/metadata/schema/OType.java,223,0,10,10,528,728,Bag
6fdc17421dd682b30aef282fdda3d7f0db88d754,core/src/main/java/com/orientechnologies/orient/core/fetch/OFetchHelper.java,151,0,1,6,461,572,NoBug
6fdc17421dd682b30aef282fdda3d7f0db88d754,core/src/test/java/com/orientechnologies/orient/core/serialization/serializer/record/string/ORecordSerializerJSONTest.java,1,0,1,2,33,45,NoBug
6fdc17421dd682b30aef282fdda3d7f0db88d754,core/src/main/java/com/orientechnologies/orient/core/fetch/OFetchListener.java,1,0,3,6,22,69,NoBug
6fdc17421dd682b30aef282fdda3d7f0db88d754,core/src/main/java/com/orientechnologies/orient/core/fetch/remote/ORemoteFetchContext.java,1,0,1,13,40,77,NoBug
6fdc17421dd682b30aef282fdda3d7f0db88d754,core/src/main/java/com/orientechnologies/orient/core/fetch/OFetchContext.java,1,0,1,13,28,64,NoBug
6fdc17421dd682b30aef282fdda3d7f0db88d754,core/src/main/java/com/orientechnologies/orient/core/fetch/remote/ORemoteFetchListener.java,3,0,1,9,50,86,NoBug
6fdc17421dd682b30aef282fdda3d7f0db88d754,core/src/main/java/com/orientechnologies/orient/core/serialization/serializer/OJSONWriter.java,84,0,0,37,398,503,NoBug
6fdc17421dd682b30aef282fdda3d7f0db88d754,core/src/main/java/com/orientechnologies/orient/core/fetch/json/OJSONFetchListener.java,6,0,1,9,73,106,NoBug
6fdc17421dd682b30aef282fdda3d7f0db88d754,core/src/main/java/com/orientechnologies/orient/core/fetch/json/OJSONFetchContext.java,52,0,1,20,215,264,NoBug
6fe30995241aa77ff3510af15423b738036b52f1,core/src/main/java/com/orientechnologies/orient/core/sql/functions/misc/OSQLFunctionCount.java,4,0,1,7,41,79,NoBug
6fe30995241aa77ff3510af15423b738036b52f1,core/src/main/java/com/orientechnologies/orient/core/sql/parser/OMathExpression.java,191,0,4,41,841,1036,NoBug
6fe392e930815a53ad37d887149b79cd5aaa9d10,server/src/main/java/com/orientechnologies/orient/server/network/protocol/http/OHttpResponse.java,92,0,3,35,480,620,Bag
6fe392e930815a53ad37d887149b79cd5aaa9d10,graphdb/src/main/java/com/tinkerpop/blueprints/impls/orient/OrientBaseGraph.java,245,0,76,16,1309,2290,NoBug
6fe392e930815a53ad37d887149b79cd5aaa9d10,tests/src/test/java/com/orientechnologies/orient/test/database/auto/IndexTest.java,151,0,0,70,1696,2242,NoBug
70114304cd5cdd3cda321a1cd562d69781ba1397,core/src/main/java/com/orientechnologies/orient/core/record/impl/OEdgeToVertexIterable.java,1,0,1,2,16,25,Bag
709ff7150457c484fe2d9120971077ebd5439fa3,core/src/main/java/com/orientechnologies/orient/core/sql/parser/OrientSql.java,3708,0,12,110,11234,12084,Bag
709ff7150457c484fe2d9120971077ebd5439fa3,core/src/main/java/com/orientechnologies/orient/core/sql/parser/OOrderByItem.java,6,0,1,9,52,66,NoBug
710ff32d6d94e252080c12cbc8a92c4447cf0d13,server/src/main/java/com/orientechnologies/orient/server/network/protocol/http/command/get/OServerCommandGetIndex.java,8,0,0,3,58,93,NoBug
7177f9ee131b9ba26b5a3b5a853ba2b0ee239010,jdbc/src/main/java/com/orientechnologies/orient/jdbc/OrientJdbcResultSetMetaData.java,45,0,1,25,248,330,NoBug
7177f9ee131b9ba26b5a3b5a853ba2b0ee239010,jdbc/src/test/java/com/orientechnologies/orient/jdbc/OrientJdbcResultSetTest.java,1,0,0,6,65,112,NoBug
7177f9ee131b9ba26b5a3b5a853ba2b0ee239010,jdbc/src/main/java/com/orientechnologies/orient/jdbc/OrientJdbcResultSet.java,71,0,1,191,779,1151,NoBug
7177f9ee131b9ba26b5a3b5a853ba2b0ee239010,jdbc/src/test/java/com/orientechnologies/orient/jdbc/OrientJdbcBaseTest.java,5,0,0,3,42,60,NoBug
7177f9ee131b9ba26b5a3b5a853ba2b0ee239010,jdbc/src/test/java/com/orientechnologies/orient/jdbc/OrientJdbcResultSetMetaDataTest.java,5,0,0,8,117,172,NoBug
7177f9ee131b9ba26b5a3b5a853ba2b0ee239010,jdbc/src/test/java/com/orientechnologies/orient/jdbc/OrientDataSourceTest.java,1,0,0,4,70,122,NoBug
7177f9ee131b9ba26b5a3b5a853ba2b0ee239010,jdbc/src/test/java/com/orientechnologies/orient/jdbc/OrientJdbcStatementDMLtest.java,1,0,0,6,83,117,NoBug
7177f9ee131b9ba26b5a3b5a853ba2b0ee239010,jdbc/src/test/java/com/orientechnologies/orient/jdbc/OrientJdbcStatementTest.java,1,0,0,5,39,56,NoBug
71c1ac0b4ae14446a07814dd2ea75d1256785b10,distributed/src/main/java/com/orientechnologies/orient/server/distributed/impl/ODistributedAbstractPlugin.java,245,0,8,63,1381,1910,NoBug
71c1ac0b4ae14446a07814dd2ea75d1256785b10,core/src/main/java/com/orientechnologies/orient/core/metadata/schema/OClassImpl.java,334,0,6,111,2209,2768,NoBug
71c1ac0b4ae14446a07814dd2ea75d1256785b10,distributed/src/test/java/com/orientechnologies/orient/server/distributed/AbstractServerClusterInsertTest.java,38,0,1,1,381,513,NoBug
71c1ac0b4ae14446a07814dd2ea75d1256785b10,distributed/src/test/java/com/orientechnologies/orient/server/distributed/AbstractServerClusterTest.java,57,0,1,3,382,520,NoBug
71c1ac0b4ae14446a07814dd2ea75d1256785b10,distributed/src/test/java/com/orientechnologies/orient/server/distributed/DistributedDatabaseCRUDTest.java,72,0,7,8,466,597,NoBug
71c1ac0b4ae14446a07814dd2ea75d1256785b10,distributed/src/test/java/com/orientechnologies/orient/server/distributed/HAClusterStrategyTest.java,2,0,0,4,47,81,NoBug
7210341c36510325b736215b11fb7857beb3e7c5,core/src/main/java/com/orientechnologies/orient/core/storage/impl/local/paginated/atomicoperations/OAtomicOperationsManager.java,75,0,6,13,467,673,NoBug
722d347f70aa2019828d062390b3021dfbcc758b,core/src/main/java/com/orientechnologies/orient/core/metadata/schema/OClassImpl.java,291,0,5,106,2080,2615,Bag
726cbc864d89764133a3f2434724f146e55fd4d5,server/src/main/java/com/orientechnologies/orient/server/distributed/ODistributedAbstractPlugin.java,41,0,3,14,239,334,NoBug
72bdda1aab582a1ced5d47cf03801b83d2c4dc80,graphdb/src/main/java/com/orientechnologies/orient/graph/batch/OGraphBatchInsert.java,57,0,21,1,350,566,NoBug
72c204c42ceceec36249e807aeea804a0e8f775c,core/src/main/java/com/orientechnologies/orient/core/sql/OCommandExecutorSQLSelect.java,518,0,4,18,1861,2417,Bag
72d3505889b078041ff30316da7b71ef50373077,core/src/main/java/com/orientechnologies/orient/core/record/impl/ODocumentHelper.java,390,0,4,18,1182,1488,Bag
72d3505889b078041ff30316da7b71ef50373077,tests/src/test/java/com/orientechnologies/orient/test/database/auto/SQLSelectTest.java,125,0,1,93,1365,1849,Bag
731545a32e96d61ede50300ab6b8dd1166de7431,core/src/test/java/com/orientechnologies/orient/core/storage/impl/local/paginated/LocalPaginatedClusterTest.java,75,0,1,29,918,1236,NoBug
731545a32e96d61ede50300ab6b8dd1166de7431,core/src/test/java/com/orientechnologies/orient/core/index/hashindex/local/cache/ConcurrentLRUListConcurrentTest.java,14,0,1,5,179,218,NoBug
731545a32e96d61ede50300ab6b8dd1166de7431,core/src/main/java/com/orientechnologies/orient/core/config/OGlobalConfiguration.java,42,0,3,14,643,962,Bag
731545a32e96d61ede50300ab6b8dd1166de7431,core/src/test/java/com/orientechnologies/orient/core/index/hashindex/local/cache/ConcurrentLRUListTest.java,1,0,0,2,9,12,NoBug
731545a32e96d61ede50300ab6b8dd1166de7431,core/src/test/java/com/orientechnologies/orient/core/index/hashindex/local/cache/LRUListTest.java,30,0,1,15,293,406,NoBug
731545a32e96d61ede50300ab6b8dd1166de7431,core/src/main/java/com/orientechnologies/orient/core/index/OIndexes.java,25,0,8,4,111,226,NoBug
731545a32e96d61ede50300ab6b8dd1166de7431,core/src/test/java/com/orientechnologies/orient/core/index/sbtree/local/SBTreeWAL.java,19,0,1,18,322,427,NoBug
731545a32e96d61ede50300ab6b8dd1166de7431,core/src/main/java/com/orientechnologies/common/directmemory/ODirectMemoryPointerFactory.java,20,0,1,15,154,195,NoBug
731545a32e96d61ede50300ab6b8dd1166de7431,core/src/test/java/com/orientechnologies/com/orientechnologies/common/directmemory/DetectMemoryLeaksTest.java,1,0,0,2,14,17,NoBug
731545a32e96d61ede50300ab6b8dd1166de7431,core/src/main/java/com/orientechnologies/common/directmemory/ODirectMemoryMXBean.java,1,0,1,5,8,18,NoBug
731545a32e96d61ede50300ab6b8dd1166de7431,core/src/main/java/com/orientechnologies/orient/core/storage/cache/local/twoq/O2QCache.java,124,0,3,25,967,1285,Bag
731545a32e96d61ede50300ab6b8dd1166de7431,core/src/test/java/com/orientechnologies/orient/core/index/sbtree/local/SBTreeTestBigValuesWAL.java,20,0,1,14,353,456,NoBug
731545a32e96d61ede50300ab6b8dd1166de7431,core/src/main/java/com/orientechnologies/orient/core/storage/cache/local/twoq/ConcurrentLRUList.java,46,0,1,10,285,406,NoBug
731545a32e96d61ede50300ab6b8dd1166de7431,core/src/main/java/com/orientechnologies/orient/core/storage/impl/local/paginated/OClusterPositionMap.java,45,0,1,18,435,538,NoBug
731545a32e96d61ede50300ab6b8dd1166de7431,core/src/test/java/com/orientechnologies/orient/core/index/hashindex/local/cache/WOWCacheTest.java,18,0,1,6,205,285,NoBug
731545a32e96d61ede50300ab6b8dd1166de7431,core/src/main/java/com/orientechnologies/orient/core/storage/impl/local/paginated/atomicoperations/OAtomicOperation.java,56,0,4,20,348,505,NoBug
731545a32e96d61ede50300ab6b8dd1166de7431,core/src/test/java/com/orientechnologies/orient/core/index/sbtreebonsai/local/OSBTreeBonsaiWAL.java,15,0,1,17,286,381,NoBug
731545a32e96d61ede50300ab6b8dd1166de7431,core/src/main/java/com/orientechnologies/orient/core/engine/local/OEngineLocalPaginated.java,4,0,2,5,56,101,NoBug
731545a32e96d61ede50300ab6b8dd1166de7431,core/src/test/java/com/orientechnologies/orient/core/storage/cache/local/twoq/ReadWriteDiskCacheTest.java,84,0,0,22,803,1082,NoBug
731545a32e96d61ede50300ab6b8dd1166de7431,core/src/test/java/com/orientechnologies/orient/core/index/hashindex/local/arc/ReadWriteCacheConcurrentTest.java,32,0,1,4,249,317,NoBug
731545a32e96d61ede50300ab6b8dd1166de7431,core/src/main/java/com/orientechnologies/orient/core/storage/impl/local/paginated/base/ODurableComponent.java,15,0,1,5,133,218,NoBug
731545a32e96d61ede50300ab6b8dd1166de7431,core/src/main/java/com/orientechnologies/orient/core/storage/cache/local/twoq/O2QCacheMXBean.java,1,0,0,9,11,40,NoBug
731545a32e96d61ede50300ab6b8dd1166de7431,core/src/main/java/com/orientechnologies/common/concur/lock/ONewLockManager.java,45,0,1,22,359,489,NoBug
731545a32e96d61ede50300ab6b8dd1166de7431,core/src/main/java/com/orientechnologies/orient/core/storage/cache/local/OWOWCache.java,207,0,1,49,1401,1814,Bag
731545a32e96d61ede50300ab6b8dd1166de7431,core/src/main/java/com/orientechnologies/orient/core/storage/impl/memory/ODirectMemoryOnlyDiskCache.java,24,0,1,52,471,615,NoBug
731545a32e96d61ede50300ab6b8dd1166de7431,core/src/main/java/com/orientechnologies/orient/core/storage/cache/OReadCache.java,1,0,1,16,20,95,NoBug
731545a32e96d61ede50300ab6b8dd1166de7431,tests/src/test/java/com/orientechnologies/orient/test/database/auto/DbClosedTest.java,4,0,0,9,65,100,NoBug
731545a32e96d61ede50300ab6b8dd1166de7431,core/src/main/java/com/orientechnologies/orient/core/config/OStorageConfiguration.java,93,0,3,73,753,1029,NoBug
731545a32e96d61ede50300ab6b8dd1166de7431,core/src/main/java/com/orientechnologies/orient/core/storage/impl/local/OAbstractPaginatedStorage.java,506,0,5,104,3539,4612,Bag
731545a32e96d61ede50300ab6b8dd1166de7431,core/src/test/java/com/orientechnologies/orient/core/storage/impl/local/paginated/LocalPaginatedClusterWithWAL.java,20,0,1,30,376,500,NoBug
731545a32e96d61ede50300ab6b8dd1166de7431,core/src/main/java/com/orientechnologies/orient/core/storage/cache/OWriteCache.java,1,0,0,36,43,101,NoBug
731545a32e96d61ede50300ab6b8dd1166de7431,core/src/main/java/com/orientechnologies/orient/core/storage/impl/local/paginated/OPaginatedCluster.java,138,0,2,42,1476,1824,NoBug
731545a32e96d61ede50300ab6b8dd1166de7431,core/src/main/java/com/orientechnologies/orient/core/storage/cache/local/twoq/LRUList.java,1,0,1,9,15,50,NoBug
731545a32e96d61ede50300ab6b8dd1166de7431,core/src/main/java/com/orientechnologies/orient/core/Orient.java,80,0,5,45,611,814,NoBug
731d32730bc09da0c16cb4c5221d0829bc605b63,core/src/main/java/com/orientechnologies/orient/core/sql/ORuntimeResult.java,72,0,2,8,207,289,NoBug
73dfcfa4800388af9b4ab3e802a9bc444ede63d0,etl/src/main/java/com/orientechnologies/orient/etl/extractor/OETLJDBCExtractor.java,40,0,0,10,202,247,Bag
73eede11d148a3d311c59132dc6a63f406a78d14,graphdb/src/main/java/com/orientechnologies/orient/graph/sql/OCommandExecutorSQLCreateEdge.java,33,0,2,5,163,246,Bag
73eede11d148a3d311c59132dc6a63f406a78d14,graphdb/src/test/java/com/orientechnologies/orient/graph/TestGraphTransactionOnBatch.java,11,0,1,12,209,247,Bag
74039254b1ebb8a5d96f93f3a56cf4a38f0c0e20,lucene/src/main/java/com/orientechnologies/lucene/engine/OLuceneIndexEngineDelegate.java,5,0,1,39,202,278,NoBug
74039254b1ebb8a5d96f93f3a56cf4a38f0c0e20,lucene/src/main/java/com/orientechnologies/lucene/engine/OLuceneIndexEngine.java,1,0,1,12,27,65,NoBug
74039254b1ebb8a5d96f93f3a56cf4a38f0c0e20,lucene/src/test/java/com/orientechnologies/lucene/test/LuceneBackupRestoreTest.java,3,0,1,3,62,118,NoBug
74039254b1ebb8a5d96f93f3a56cf4a38f0c0e20,lucene/src/main/java/com/orientechnologies/lucene/index/OLuceneIndexNotUnique.java,14,0,1,20,269,409,NoBug
74039254b1ebb8a5d96f93f3a56cf4a38f0c0e20,lucene/src/main/java/com/orientechnologies/lucene/engine/OLuceneIndexEngineAbstract.java,44,0,2,28,399,507,NoBug
74039254b1ebb8a5d96f93f3a56cf4a38f0c0e20,core/src/main/java/com/orientechnologies/orient/core/storage/impl/local/OAbstractPaginatedStorage.java,478,0,7,102,3136,4161,NoBug
740ee804311ef5389af971e3993e602451c69751,core/src/main/java/com/orientechnologies/orient/core/config/OGlobalConfiguration.java,47,0,3,14,666,998,Bag
740ee804311ef5389af971e3993e602451c69751,core/src/main/java/com/orientechnologies/orient/core/storage/cache/local/OWOWCache.java,212,0,2,51,1462,1897,Bag
740ee804311ef5389af971e3993e602451c69751,core/src/main/java/com/orientechnologies/orient/core/storage/fs/OFileClassic.java,82,0,11,26,789,996,Bag
7442819d56ad5922f025e9a82418c2286bbd4c08,etl/src/test/java/com/orientechnologies/orient/etl/transformer/OVertexTransformerTest.java,1,0,2,4,48,83,NoBug
7442819d56ad5922f025e9a82418c2286bbd4c08,etl/src/test/java/com/orientechnologies/orient/etl/loader/OOrientDBLoaderTest.java,1,0,1,1,29,43,NoBug
7442819d56ad5922f025e9a82418c2286bbd4c08,etl/src/main/java/com/orientechnologies/orient/etl/loader/OOrientDBLoader.java,93,0,1,11,413,530,NoBug
7442819d56ad5922f025e9a82418c2286bbd4c08,etl/src/main/java/com/orientechnologies/orient/etl/OETLProcessor.java,57,0,3,17,456,640,NoBug
7442819d56ad5922f025e9a82418c2286bbd4c08,etl/src/test/java/com/orientechnologies/orient/etl/extractor/OCSVExtractorTest.java,4,0,1,33,340,394,NoBug
7442819d56ad5922f025e9a82418c2286bbd4c08,etl/src/main/java/com/orientechnologies/orient/etl/transformer/OVertexTransformer.java,10,0,0,6,59,88,NoBug
745daf592bd3e0576ff1e0c64c8039a5099a453b,object/src/test/java/com/orientechnologies/orient/object/CustomDatatypeTest.java,1,0,0,12,70,96,NoBug
745daf592bd3e0576ff1e0c64c8039a5099a453b,object/src/main/java/com/orientechnologies/orient/object/serialization/OObjectSerializerContext.java,20,0,1,6,74,108,NoBug
745daf592bd3e0576ff1e0c64c8039a5099a453b,object/src/main/java/com/orientechnologies/orient/object/db/OObjectDatabaseTx.java,64,0,12,72,621,896,NoBug
745daf592bd3e0576ff1e0c64c8039a5099a453b,object/src/main/java/com/orientechnologies/orient/object/entity/OObjectEntityClassHandler.java,9,0,1,4,37,68,NoBug
745daf592bd3e0576ff1e0c64c8039a5099a453b,tests/src/test/java/com/orientechnologies/orient/test/database/auto/ObjectTreeTest.java,23,0,1,74,1123,1366,NoBug
745daf592bd3e0576ff1e0c64c8039a5099a453b,tests/src/test/java/com/orientechnologies/orient/test/database/auto/ObjectTreeTestSchemaFull.java,23,0,0,56,999,1203,NoBug
74bcaf6fe1fccf43f3a64c71773f9740f109943c,tests/src/test/java/com/orientechnologies/orient/test/database/auto/TraverseTest.java,9,0,0,20,206,257,Bag
74bcaf6fe1fccf43f3a64c71773f9740f109943c,core/src/main/java/com/orientechnologies/orient/core/command/traverse/OTraverseRecordProcess.java,26,0,0,7,116,182,Bag
74ee6984c73c6f78524267e4d9ecfbd32ca19ff4,core/src/main/java/com/orientechnologies/orient/core/sql/executor/MatchEdgeTraverser.java,31,0,1,4,143,181,Bag
74ee6984c73c6f78524267e4d9ecfbd32ca19ff4,core/src/main/java/com/orientechnologies/orient/core/sql/executor/GetValueFromIndexEntryStep.java,3,0,1,4,51,68,Bag
74f368e827a58cf76ddd3d9fd4ed67e5d2be1cab,core/src/main/java/com/orientechnologies/common/serialization/types/ODateSerializer.java,2,0,6,11,97,160,NoBug
75851ad880131807215f4dda7f6c16e465b4a618,core/src/main/java/com/orientechnologies/orient/core/serialization/serializer/record/string/ORecordSerializerJSON.java,178,0,0,11,602,767,Bag
75851ad880131807215f4dda7f6c16e465b4a618,object/src/main/java/com/orientechnologies/orient/object/enhancement/OObjectEntityEnhancer.java,51,0,1,9,253,302,Bag
75851ad880131807215f4dda7f6c16e465b4a618,tests/src/test/java/com/orientechnologies/orient/test/database/auto/CRUDDocumentPhysicalTest.java,58,0,0,36,718,969,Bag
75851ad880131807215f4dda7f6c16e465b4a618,server/src/main/java/com/orientechnologies/orient/server/network/protocol/binary/ONetworkProtocolBinary.java,366,0,1,15,2137,2772,Bag
75851ad880131807215f4dda7f6c16e465b4a618,core/src/main/java/com/orientechnologies/orient/core/serialization/serializer/OStringSerializerHelper.java,293,0,6,36,830,1086,Bag
765a542a345734bb2c203bed4a97ca0936ffceee,tests/src/test/java/com/orientechnologies/orient/test/database/auto/SQLSelectTest.java,125,0,1,94,1385,1876,NoBug
765a542a345734bb2c203bed4a97ca0936ffceee,core/src/main/java/com/orientechnologies/orient/core/sql/parser/OInputParameter.java,17,0,1,6,128,151,NoBug
7675b089a17ce9c7f6249f0ba32361e1e44de965,graphdb/src/main/java/com/orientechnologies/orient/graph/sql/OGraphCommandExecutorSQLFactory.java,33,0,6,10,196,297,Bag
7675b089a17ce9c7f6249f0ba32361e1e44de965,graphdb/src/main/java/com/tinkerpop/blueprints/impls/orient/OrientTransactionalGraph.java,20,0,4,3,122,206,Bag
7693b300e66eae50190fc100cf3ffc489f85d2cf,tests/src/test/java/com/orientechnologies/orient/test/database/auto/TraverseTest.java,13,0,0,22,243,298,NoBug
7698a176855081601f757ec4fd251f02dd50406f,core/src/main/java/com/orientechnologies/orient/core/storage/cache/local/O2QCache.java,123,0,3,25,932,1237,Bag
76eb89664869753ee518b741fd2009d2255877c8,core/src/main/java/com/orientechnologies/orient/core/sql/functions/sequence/OSQLFunctionSequence.java,3,0,1,5,40,55,NoBug
76ffdc9fe1e541460329297a955e8494c36be8f5,core/src/main/java/com/orientechnologies/orient/core/iterator/ORecordIteratorClass.java,11,0,2,7,86,140,Bag
76ffdc9fe1e541460329297a955e8494c36be8f5,core/src/main/java/com/orientechnologies/orient/core/db/ODatabaseRecordWrapperAbstract.java,14,0,1,84,397,529,Bag
76ffdc9fe1e541460329297a955e8494c36be8f5,client/src/main/java/com/orientechnologies/orient/client/remote/OClusterRemote.java,1,0,5,36,150,242,Bag
76ffdc9fe1e541460329297a955e8494c36be8f5,core/src/main/java/com/orientechnologies/orient/core/tx/OTransactionAbstract.java,32,0,1,12,152,217,Bag
76ffdc9fe1e541460329297a955e8494c36be8f5,core/src/main/java/com/orientechnologies/orient/core/iterator/OIdentifiableIterator.java,51,0,8,11,248,401,Bag
76ffdc9fe1e541460329297a955e8494c36be8f5,core/src/main/java/com/orientechnologies/orient/core/db/document/ODatabaseDocumentTx.java,405,0,72,81,1972,2920,Bag
76ffdc9fe1e541460329297a955e8494c36be8f5,core/src/main/java/com/orientechnologies/orient/core/sql/OCommandExecutorSQLDelete.java,52,0,2,8,247,354,Bag
76ffdc9fe1e541460329297a955e8494c36be8f5,core/src/main/java/com/orientechnologies/orient/core/storage/OCluster.java,1,0,4,38,51,142,Bag
76ffdc9fe1e541460329297a955e8494c36be8f5,client/src/main/java/com/orientechnologies/orient/client/remote/OStorageRemoteThread.java,5,0,1,83,605,722,Bag
76ffdc9fe1e541460329297a955e8494c36be8f5,core/src/main/java/com/orientechnologies/orient/core/config/OStorageConfiguration.java,51,0,3,41,435,621,Bag
76ffdc9fe1e541460329297a955e8494c36be8f5,core/src/main/java/com/orientechnologies/orient/core/conflict/OAutoMergeRecordConflictStrategy.java,2,0,1,2,29,66,Bag
76ffdc9fe1e541460329297a955e8494c36be8f5,enterprise/src/main/java/com/orientechnologies/orient/enterprise/channel/binary/OChannelBinaryProtocol.java,3,0,1,1,90,146,Bag
76ffdc9fe1e541460329297a955e8494c36be8f5,core/src/main/java/com/orientechnologies/orient/core/conflict/OContentRecordConflictStrategy.java,3,0,1,2,40,80,Bag
76ffdc9fe1e541460329297a955e8494c36be8f5,client/src/main/java/com/orientechnologies/orient/client/remote/OStorageRemote.java,260,0,4,66,1621,2142,Bag
76ffdc9fe1e541460329297a955e8494c36be8f5,server/src/main/java/com/orientechnologies/orient/server/network/protocol/binary/ONetworkProtocolBinary.java,278,0,0,6,1646,2136,Bag
76ffdc9fe1e541460329297a955e8494c36be8f5,core/src/main/java/com/orientechnologies/orient/core/storage/impl/local/OAbstractPaginatedStorage.java,298,0,3,72,1824,2391,Bag
76ffdc9fe1e541460329297a955e8494c36be8f5,object/src/main/java/com/orientechnologies/orient/object/db/OObjectDatabaseTx.java,63,0,12,67,589,857,Bag
76ffdc9fe1e541460329297a955e8494c36be8f5,graphdb/src/main/java/com/tinkerpop/blueprints/impls/orient/OrientElement.java,80,0,25,10,386,714,Bag
76ffdc9fe1e541460329297a955e8494c36be8f5,core/src/main/java/com/orientechnologies/orient/core/tx/OTransaction.java,1,0,5,37,67,164,Bag
76ffdc9fe1e541460329297a955e8494c36be8f5,core/src/main/java/com/orientechnologies/orient/core/tx/OTransactionOptimistic.java,98,0,1,15,410,545,Bag
76ffdc9fe1e541460329297a955e8494c36be8f5,core/src/main/java/com/orientechnologies/orient/core/db/ODatabase.java,1,0,84,13,137,873,Bag
76ffdc9fe1e541460329297a955e8494c36be8f5,core/src/main/java/com/orientechnologies/orient/core/record/ORecord.java,1,0,20,2,33,210,Bag
76ffdc9fe1e541460329297a955e8494c36be8f5,core/src/main/java/com/orientechnologies/orient/core/db/document/ODatabaseDocument.java,1,0,20,2,38,272,Bag
76ffdc9fe1e541460329297a955e8494c36be8f5,core/src/main/java/com/orientechnologies/orient/core/iterator/ORecordIteratorClusters.java,70,0,6,5,254,418,Bag
76ffdc9fe1e541460329297a955e8494c36be8f5,core/src/main/java/com/orientechnologies/orient/core/type/tree/provider/OMVRBTreeProviderAbstract.java,23,0,1,19,185,249,Bag
76ffdc9fe1e541460329297a955e8494c36be8f5,core/src/main/java/com/orientechnologies/orient/core/iterator/ORecordIteratorClassDescendentOrder.java,1,0,1,4,24,55,Bag
76ffdc9fe1e541460329297a955e8494c36be8f5,core/src/main/java/com/orientechnologies/orient/core/record/ORecordAbstract.java,48,0,1,46,370,502,Bag
76ffdc9fe1e541460329297a955e8494c36be8f5,core/src/main/java/com/orientechnologies/orient/core/type/tree/provider/OMVRBTreeEntryDataProviderAbstract.java,26,0,0,22,218,282,Bag
76ffdc9fe1e541460329297a955e8494c36be8f5,core/src/main/java/com/orientechnologies/orient/core/storage/impl/local/paginated/OOfflineCluster.java,4,0,1,41,190,266,Bag
76ffdc9fe1e541460329297a955e8494c36be8f5,core/src/main/java/com/orientechnologies/orient/core/storage/impl/local/OStorageConfigurationSegment.java,11,0,1,9,89,137,Bag
76ffdc9fe1e541460329297a955e8494c36be8f5,core/src/main/java/com/orientechnologies/orient/core/iterator/ORecordIteratorCluster.java,30,0,6,4,159,273,Bag
76ffdc9fe1e541460329297a955e8494c36be8f5,core/src/main/java/com/orientechnologies/orient/core/command/OCommandRequestAbstract.java,9,0,1,22,118,177,Bag
76ffdc9fe1e541460329297a955e8494c36be8f5,server/src/main/java/com/orientechnologies/orient/server/distributed/ODistributedStorage.java,152,0,1,81,1005,1362,Bag
76ffdc9fe1e541460329297a955e8494c36be8f5,core/src/main/java/com/orientechnologies/orient/core/storage/OStorage.java,1,0,14,54,97,249,Bag
76ffdc9fe1e541460329297a955e8494c36be8f5,tools/src/main/java/com/orientechnologies/orient/console/OConsoleDatabaseApp.java,267,0,12,99,1820,2306,Bag
76ffdc9fe1e541460329297a955e8494c36be8f5,core/src/main/java/com/orientechnologies/orient/core/storage/impl/local/paginated/OPaginatedCluster.java,114,0,1,41,1340,1632,Bag
76ffdc9fe1e541460329297a955e8494c36be8f5,core/src/main/java/com/orientechnologies/orient/core/sql/OCommandExecutorSQLResultsetAbstract.java,109,0,2,5,441,657,Bag
76ffdc9fe1e541460329297a955e8494c36be8f5,core/src/main/java/com/orientechnologies/orient/core/metadata/schema/OClassImpl.java,269,0,6,100,1924,2456,Bag
76ffdc9fe1e541460329297a955e8494c36be8f5,core/src/main/java/com/orientechnologies/orient/core/tx/OTransactionNoTx.java,13,0,3,29,149,227,Bag
76ffdc9fe1e541460329297a955e8494c36be8f5,core/src/main/java/com/orientechnologies/orient/core/db/tool/ODatabaseCompare.java,139,0,0,8,699,846,Bag
76ffdc9fe1e541460329297a955e8494c36be8f5,core/src/main/java/com/orientechnologies/orient/core/sql/OCommandExecutorSQLSelect.java,512,0,4,18,1850,2409,Bag
76ffdc9fe1e541460329297a955e8494c36be8f5,core/src/main/java/com/orientechnologies/orient/core/id/ORecordId.java,29,0,1,41,244,335,Bag
76ffdc9fe1e541460329297a955e8494c36be8f5,core/src/main/java/com/orientechnologies/orient/core/record/impl/ODocument.java,481,0,50,34,1725,2474,Bag
76ffdc9fe1e541460329297a955e8494c36be8f5,core/src/main/java/com/orientechnologies/orient/core/sql/OCommandExecutorSQLUpdate.java,173,0,2,7,586,758,Bag
76ffdc9fe1e541460329297a955e8494c36be8f5,core/src/main/java/com/orientechnologies/orient/core/db/record/OPlaceholder.java,4,0,2,16,86,137,Bag
7714495a75dd494934a6cfa3c422763d92a19239,core/src/main/java/com/orientechnologies/orient/core/command/traverse/OTraverseMultiValueProcess.java,4,0,0,5,36,68,Bag
7714495a75dd494934a6cfa3c422763d92a19239,tests/src/test/java/com/orientechnologies/orient/test/database/auto/TraverseTest.java,14,0,0,23,255,312,Bag
7714495a75dd494934a6cfa3c422763d92a19239,distributed/src/main/java/com/orientechnologies/orient/server/distributed/sql/OCommandExecutorSQLHASyncDatabase.java,10,0,2,5,67,115,NoBug
7714495a75dd494934a6cfa3c422763d92a19239,distributed/src/main/java/com/orientechnologies/orient/server/distributed/impl/task/ODefaultRemoteTaskFactory.java,24,0,1,1,56,106,NoBug
7714495a75dd494934a6cfa3c422763d92a19239,distributed/src/main/java/com/orientechnologies/orient/server/distributed/impl/task/OStartReplicationTask.java,2,0,1,10,71,118,NoBug
7714495a75dd494934a6cfa3c422763d92a19239,distributed/src/main/java/com/orientechnologies/orient/server/distributed/impl/ODistributedAbstractPlugin.java,245,0,8,63,1385,1917,Bag
7714495a75dd494934a6cfa3c422763d92a19239,distributed/src/main/java/com/orientechnologies/orient/server/distributed/sql/ODistributedCommandExecutorSQLFactory.java,3,0,3,0,35,75,NoBug
7714495a75dd494934a6cfa3c422763d92a19239,distributed/src/main/java/com/orientechnologies/orient/server/distributed/impl/task/OSQLCommandTask.java,15,0,1,14,147,210,NoBug
7714495a75dd494934a6cfa3c422763d92a19239,server/src/main/java/com/orientechnologies/orient/server/distributed/ODistributedConfiguration.java,138,0,33,4,601,1016,NoBug
7714495a75dd494934a6cfa3c422763d92a19239,distributed/src/main/java/com/orientechnologies/orient/server/distributed/sql/OCommandExecutorSQLHAStatus.java,22,0,2,4,101,155,NoBug
7714495a75dd494934a6cfa3c422763d92a19239,distributed/src/main/java/com/orientechnologies/orient/server/hazelcast/OHazelcastPlugin.java,176,0,4,31,889,1231,NoBug
7714495a75dd494934a6cfa3c422763d92a19239,distributed/src/test/java/com/orientechnologies/orient/server/distributed/HARemoveNodeFromCfgTest.java,5,0,1,2,80,128,NoBug
7714495a75dd494934a6cfa3c422763d92a19239,distributed/src/main/java/com/orientechnologies/orient/server/distributed/sql/OCommandExecutorSQLHARemoveServer.java,11,0,2,4,66,116,NoBug
7714495a75dd494934a6cfa3c422763d92a19239,server/src/main/java/com/orientechnologies/orient/server/distributed/ODistributedServerManager.java,1,0,7,47,87,242,NoBug
7714495a75dd494934a6cfa3c422763d92a19239,distributed/src/main/java/com/orientechnologies/orient/server/distributed/impl/ODistributedMessageServiceImpl.java,24,0,2,15,206,297,NoBug
7714495a75dd494934a6cfa3c422763d92a19239,distributed/src/main/java/com/orientechnologies/orient/server/distributed/impl/task/OSyncDatabaseTask.java,18,0,1,11,162,241,NoBug
7714495a75dd494934a6cfa3c422763d92a19239,core/src/main/java/com/orientechnologies/orient/core/storage/impl/local/paginated/OLocalPaginatedStorage.java,45,0,1,11,374,479,NoBug
7714495a75dd494934a6cfa3c422763d92a19239,server/src/main/java/com/orientechnologies/orient/server/distributed/ODistributedResponseManager.java,121,0,5,14,554,794,NoBug
7714495a75dd494934a6cfa3c422763d92a19239,distributed/src/main/java/com/orientechnologies/orient/server/distributed/impl/ODistributedDatabaseImpl.java,114,0,2,21,678,930,NoBug
7714495a75dd494934a6cfa3c422763d92a19239,distributed/src/test/java/com/orientechnologies/orient/server/distributed/ExternalServerClusterRunTest.java,1,0,1,2,19,48,NoBug
7714495a75dd494934a6cfa3c422763d92a19239,server/src/main/java/com/orientechnologies/orient/server/network/protocol/binary/ONetworkProtocolBinary.java,388,0,2,16,2249,2907,Bag
7714495a75dd494934a6cfa3c422763d92a19239,server/src/main/java/com/orientechnologies/orient/server/network/protocol/http/command/post/OServerCommandPostCommand.java,20,0,0,3,98,151,NoBug
7714495a75dd494934a6cfa3c422763d92a19239,distributed/src/main/java/com/orientechnologies/orient/server/distributed/impl/OClusterHealthChecker.java,25,0,1,2,134,202,NoBug
7714495a75dd494934a6cfa3c422763d92a19239,distributed/src/main/java/com/orientechnologies/orient/server/distributed/impl/ODistributedStorage.java,213,0,1,91,1329,1843,Bag
77484d22afdc5993b28c4ef8836091a09d62f4c5,core/src/main/java/com/orientechnologies/orient/core/sql/parser/OInputParameter.java,18,0,1,9,150,176,Bag
77484d22afdc5993b28c4ef8836091a09d62f4c5,core/src/test/java/com/orientechnologies/orient/core/sql/OCommandExecutorSQLSelectTest.java,38,0,2,89,1169,1522,Bag
77e9324530f7089267e9d1224bea91c78f5b05c1,core/src/main/java/com/orientechnologies/orient/core/db/OrientDBEmbedded.java,37,0,1,27,325,412,Bag
77e9324530f7089267e9d1224bea91c78f5b05c1,tests/src/test/java/com/orientechnologies/orient/test/database/auto/DbCreationTest.java,21,0,0,22,245,325,NoBug
77f98dd29a7fdd4cf14aecfdb1b89f918b0e611d,server/src/main/java/com/orientechnologies/orient/server/network/protocol/http/command/get/OServerCommandGetStaticContent.java,54,0,0,9,237,308,Bag
784864c5fc64721ed9c5a1fc30ac7be3ee97b023,graphdb/src/test/java/com/orientechnologies/orient/graph/sql/TestGraphUnwindOut.java,2,0,0,2,54,65,NoBug
784864c5fc64721ed9c5a1fc30ac7be3ee97b023,core/src/main/java/com/orientechnologies/orient/core/sql/OCommandExecutorSQLSelect.java,519,0,4,18,1856,2412,Bag
78a5ce254a3f2a44a152ab07d3d93602a5ffe1f4,core/src/main/java/com/orientechnologies/orient/core/metadata/schema/OClassImpl.java,277,0,5,104,1995,2508,NoBug
78a5ce254a3f2a44a152ab07d3d93602a5ffe1f4,core/src/main/java/com/orientechnologies/orient/core/metadata/schema/OPropertyImpl.java,136,0,9,48,1044,1355,NoBug
78b053c158e66fa7a5cbb21677df133b223e635f,core/src/main/java/com/orientechnologies/common/util/OMemory.java,27,0,9,0,137,236,Bag
78b053c158e66fa7a5cbb21677df133b223e635f,core/src/main/java/com/orientechnologies/orient/core/config/OGlobalConfiguration.java,39,0,3,14,691,1075,Bag
78c9b7de30b4271fde95052f918bf42231d416e6,core/src/main/java/com/orientechnologies/orient/core/sql/parser/OrientSql.java,4990,0,11,131,14379,15452,Bag
78c9b7de30b4271fde95052f918bf42231d416e6,core/src/test/java/com/orientechnologies/orient/core/sql/parser/OSelectStatementTest.java,7,0,0,52,506,646,Bag
78c9b7de30b4271fde95052f918bf42231d416e6,core/src/test/java/com/orientechnologies/orient/core/sql/OCommandExecutorSQLSelectTest.java,28,0,1,66,822,1045,Bag
78c9b7de30b4271fde95052f918bf42231d416e6,core/src/main/java/com/orientechnologies/orient/core/sql/parser/ONamedParameter.java,6,0,1,6,43,58,Bag
7938fb54b49a890ecda7774754e6f6564453a271,lucene/src/main/java/com/orientechnologies/lucene/engine/OLuceneIndexEngineAbstract.java,44,0,2,30,406,516,NoBug
7a678522a2d83448543bc75d7360ac0857529727,core/src/main/java/com/orientechnologies/orient/core/command/script/OCommandExecutorScript.java,57,0,1,6,282,405,Bag
7a678522a2d83448543bc75d7360ac0857529727,core/src/main/java/com/orientechnologies/orient/core/sql/OCommandExecutorSQLDelete.java,51,0,2,7,243,349,Bag
7a678522a2d83448543bc75d7360ac0857529727,core/src/main/java/com/orientechnologies/orient/core/sql/OCommandExecutorSQLDropIndex.java,9,0,2,2,49,95,NoBug
7a678522a2d83448543bc75d7360ac0857529727,server/src/main/java/com/orientechnologies/orient/server/distributed/task/OTxTask.java,31,0,2,11,170,262,NoBug
7a678522a2d83448543bc75d7360ac0857529727,core/src/main/java/com/orientechnologies/orient/core/sql/OCommandExecutorSQLRebuildIndex.java,12,0,2,2,57,104,NoBug
7a678522a2d83448543bc75d7360ac0857529727,server/src/main/java/com/orientechnologies/orient/server/distributed/task/OReadRecordTask.java,2,0,1,8,46,85,NoBug
7a678522a2d83448543bc75d7360ac0857529727,server/src/main/java/com/orientechnologies/orient/server/distributed/task/OScriptTask.java,2,0,1,12,75,121,NoBug
7a678522a2d83448543bc75d7360ac0857529727,core/src/main/java/com/orientechnologies/orient/core/sql/OCommandExecutorSQLTruncateClass.java,24,0,2,2,97,146,NoBug
7a678522a2d83448543bc75d7360ac0857529727,core/src/main/java/com/orientechnologies/orient/core/sql/OCommandExecutorSQLDropProperty.java,19,0,2,2,101,156,NoBug
7a678522a2d83448543bc75d7360ac0857529727,server/src/main/java/com/orientechnologies/orient/server/distributed/task/ODeployClusterTask.java,9,0,1,13,127,197,NoBug
7a678522a2d83448543bc75d7360ac0857529727,server/src/main/java/com/orientechnologies/orient/server/distributed/ODistributedResponseManager.java,92,0,5,13,475,665,NoBug
7a678522a2d83448543bc75d7360ac0857529727,graphdb/src/main/java/com/orientechnologies/orient/graph/sql/OCommandExecutorSQLMoveVertex.java,25,0,2,2,119,188,Bag
7a678522a2d83448543bc75d7360ac0857529727,core/src/main/java/com/orientechnologies/orient/core/command/OCommandDistributedReplicateRequest.java,1,0,1,2,7,35,NoBug
7a678522a2d83448543bc75d7360ac0857529727,server/src/main/java/com/orientechnologies/orient/server/distributed/task/OFixTxTask.java,5,0,1,8,59,105,NoBug
7a678522a2d83448543bc75d7360ac0857529727,core/src/main/java/com/orientechnologies/orient/core/sql/OCommandExecutorSQLCreateIndex.java,48,0,2,2,223,310,NoBug
7a678522a2d83448543bc75d7360ac0857529727,core/src/main/java/com/orientechnologies/orient/core/sql/OCommandExecutorSQLTruncateCluster.java,9,0,2,2,52,97,NoBug
7a678522a2d83448543bc75d7360ac0857529727,distributed/src/main/java/com/orientechnologies/orient/server/hazelcast/OHazelcastDistributedDatabase.java,67,0,1,7,372,527,NoBug
7a678522a2d83448543bc75d7360ac0857529727,core/src/main/java/com/orientechnologies/orient/core/sql/OCommandExecutorSQLDropClass.java,19,0,2,3,85,141,NoBug
7a678522a2d83448543bc75d7360ac0857529727,core/src/main/java/com/orientechnologies/orient/core/sql/OCommandExecutorSQLDelegate.java,7,0,1,8,72,113,NoBug
7a678522a2d83448543bc75d7360ac0857529727,server/src/main/java/com/orientechnologies/orient/server/distributed/task/ODeployDatabaseTask.java,12,0,1,13,163,236,NoBug
7a678522a2d83448543bc75d7360ac0857529727,core/src/main/java/com/orientechnologies/orient/core/sql/OCommandExecutorSQLDropCluster.java,14,0,2,2,61,109,NoBug
7a678522a2d83448543bc75d7360ac0857529727,core/src/main/java/com/orientechnologies/orient/core/sql/OCommandExecutorSQLInsert.java,65,0,2,6,299,415,Bag
7a678522a2d83448543bc75d7360ac0857529727,core/src/main/java/com/orientechnologies/orient/core/sql/OCommandExecutorSQLTraverse.java,32,0,2,5,176,274,NoBug
7a678522a2d83448543bc75d7360ac0857529727,server/src/main/java/com/orientechnologies/orient/server/distributed/task/OResurrectRecordTask.java,4,0,1,9,66,106,NoBug
7a678522a2d83448543bc75d7360ac0857529727,core/src/main/java/com/orientechnologies/orient/core/sql/OCommandExecutorSQLCreateClass.java,26,0,2,3,118,172,NoBug
7a678522a2d83448543bc75d7360ac0857529727,graphdb/src/main/java/com/orientechnologies/orient/graph/sql/OCommandExecutorSQLCreateVertex.java,18,0,2,4,104,167,Bag
7a678522a2d83448543bc75d7360ac0857529727,core/src/main/java/com/orientechnologies/orient/core/sql/OCommandExecutorSQLLiveUnsubscribe.java,5,0,1,3,58,93,NoBug
7a678522a2d83448543bc75d7360ac0857529727,core/src/main/java/com/orientechnologies/orient/core/sql/OCommandExecutorSQLAlterClass.java,24,0,2,3,98,155,Bag
7a678522a2d83448543bc75d7360ac0857529727,core/src/main/java/com/orientechnologies/orient/core/sql/OCommandExecutorSQLSelect.java,512,0,4,17,1846,2404,Bag
7a678522a2d83448543bc75d7360ac0857529727,graphdb/src/main/java/com/orientechnologies/orient/graph/sql/OCommandExecutorSQLDeleteEdge.java,75,0,3,4,250,345,NoBug
7a678522a2d83448543bc75d7360ac0857529727,server/src/main/java/com/orientechnologies/orient/server/distributed/task/OUpdateRecordTask.java,6,0,1,14,118,173,NoBug
7a678522a2d83448543bc75d7360ac0857529727,server/src/main/java/com/orientechnologies/orient/server/distributed/task/OAbstractRemoteTask.java,1,0,2,16,56,105,NoBug
7a678522a2d83448543bc75d7360ac0857529727,core/src/main/java/com/orientechnologies/orient/core/sql/OCommandExecutorSQLAlterDatabase.java,10,0,2,2,61,109,NoBug
7a678522a2d83448543bc75d7360ac0857529727,server/src/main/java/com/orientechnologies/orient/server/distributed/task/OCreateRecordTask.java,12,0,2,10,124,181,NoBug
7a678522a2d83448543bc75d7360ac0857529727,core/src/main/java/com/orientechnologies/orient/core/sql/OCommandExecutorSQLFindReferences.java,11,0,2,2,63,108,NoBug
7a678522a2d83448543bc75d7360ac0857529727,server/src/main/java/com/orientechnologies/orient/server/distributed/task/ODeleteRecordTask.java,4,0,1,12,81,126,NoBug
7a678522a2d83448543bc75d7360ac0857529727,core/src/main/java/com/orientechnologies/orient/core/sql/OCommandExecutorSQLLiveSelect.java,28,0,1,5,156,206,NoBug
7a678522a2d83448543bc75d7360ac0857529727,core/src/main/java/com/orientechnologies/orient/core/sql/OCommandExecutorSQLTruncateRecord.java,11,0,2,2,61,106,NoBug
7a678522a2d83448543bc75d7360ac0857529727,core/src/main/java/com/orientechnologies/orient/core/sql/OCommandExecutorSQLCreateProperty.java,18,0,2,2,91,149,NoBug
7a678522a2d83448543bc75d7360ac0857529727,core/src/main/java/com/orientechnologies/orient/core/sql/OCommandExecutorSQLAlterProperty.java,15,0,2,2,77,130,NoBug
7a678522a2d83448543bc75d7360ac0857529727,core/src/main/java/com/orientechnologies/orient/core/sql/OCommandExecutorSQLUpdate.java,172,0,2,6,583,753,Bag
7a678522a2d83448543bc75d7360ac0857529727,server/src/main/java/com/orientechnologies/orient/server/distributed/task/OCopyDatabaseChunkTask.java,3,0,1,12,78,125,NoBug
7a678522a2d83448543bc75d7360ac0857529727,graphdb/src/main/java/com/orientechnologies/orient/graph/sql/OCommandExecutorSQLDeleteVertex.java,29,0,3,4,159,241,NoBug
7a678522a2d83448543bc75d7360ac0857529727,core/src/main/java/com/orientechnologies/orient/core/sql/OCommandExecutorSQLAlterCluster.java,18,0,2,2,99,155,NoBug
7a678522a2d83448543bc75d7360ac0857529727,core/src/main/java/com/orientechnologies/orient/core/sql/OCommandExecutorSQLCreateCluster.java,9,0,2,2,52,98,NoBug
7a678522a2d83448543bc75d7360ac0857529727,graphdb/src/main/java/com/orientechnologies/orient/graph/sql/OCommandExecutorSQLCreateEdge.java,33,0,2,4,150,232,Bag
7a678522a2d83448543bc75d7360ac0857529727,server/src/main/java/com/orientechnologies/orient/server/distributed/task/OSQLCommandTask.java,2,0,1,12,74,120,NoBug
7aaf38df75dfa0f1d2611214f977c3479cbcfcd6,core/src/main/java/com/orientechnologies/orient/core/storage/impl/local/OAbstractPaginatedStorage.java,485,0,7,102,3182,4208,Bag
7ac1602bfd79337736223a8264d95442e444a1f4,core/src/main/java/com/orientechnologies/orient/core/metadata/schema/OClassImpl.java,285,0,5,107,2051,2576,NoBug
7ac1602bfd79337736223a8264d95442e444a1f4,distributed/src/main/java/com/orientechnologies/orient/server/hazelcast/OHazelcastDistributedMessageService.java,43,0,3,12,318,448,NoBug
7ac1602bfd79337736223a8264d95442e444a1f4,distributed/src/main/java/com/orientechnologies/orient/server/hazelcast/OHazelcastPlugin.java,211,0,6,51,1197,1682,Bag
7ac1602bfd79337736223a8264d95442e444a1f4,server/src/main/java/com/orientechnologies/orient/server/distributed/OLocalClusterStrategy.java,8,0,1,4,66,113,NoBug
7ac1602bfd79337736223a8264d95442e444a1f4,distributed/src/main/java/com/orientechnologies/orient/server/hazelcast/OHazelcastDistributedDatabase.java,74,0,1,10,426,597,Bag
7ac9dadbe1b8512a204a416b23a1d6acb6dc21b0,server/src/main/java/com/orientechnologies/orient/server/network/protocol/http/command/OServerCommandAuthenticatedServerAbstract.java,10,0,1,1,60,107,NoBug
7ac9dadbe1b8512a204a416b23a1d6acb6dc21b0,server/src/main/java/com/orientechnologies/orient/server/network/protocol/binary/ONetworkProtocolBinary.java,288,0,0,6,1730,2242,NoBug
7ac9dadbe1b8512a204a416b23a1d6acb6dc21b0,server/src/main/java/com/orientechnologies/orient/server/OServer.java,135,0,2,42,690,921,NoBug
7b2a7c273ef42ce96b87ad3d9a24dc128c1d6140,core/src/main/java/com/orientechnologies/orient/core/db/record/ridbag/sbtree/OSBTreeRidBag.java,116,0,2,42,805,1039,Bag
7b2a7c273ef42ce96b87ad3d9a24dc128c1d6140,core/src/main/java/com/orientechnologies/orient/core/db/record/ridbag/embedded/OEmbeddedRidBag.java,52,0,0,27,377,493,Bag
7b3011e29f87e5c3c85e9c1c8fc6a753920c22a2,core/src/test/java/com/orientechnologies/orient/core/sql/OCommandExecutorSQLScriptTest.java,3,0,0,11,110,139,Bag
7b3011e29f87e5c3c85e9c1c8fc6a753920c22a2,core/src/main/java/com/orientechnologies/orient/core/command/script/OCommandExecutorScript.java,77,0,1,7,335,471,Bag
7b536d818c7567b3b119ddf9a52942ef1bfb4619,distributed/src/test/java/com/orientechnologies/orient/server/distributed/asynch/TestReplicationVersionIncrementedByOne.java,5,0,0,2,68,85,NoBug
7b536d818c7567b3b119ddf9a52942ef1bfb4619,distributed/src/test/java/com/orientechnologies/orient/server/distributed/asynch/BareBonesServer.java,7,0,0,5,57,68,NoBug
7b536d818c7567b3b119ddf9a52942ef1bfb4619,core/src/main/java/com/orientechnologies/orient/core/db/document/ODatabaseDocumentTx.java,404,0,75,87,2036,3005,Bag
7c7d60e2c2cf146d7edd289cc983d4fc7d4d8a69,graphdb/src/test/java/com/orientechnologies/orient/graph/GraphNonBlockingQueryRemote.java,4,0,1,3,87,108,NoBug
7c7d60e2c2cf146d7edd289cc983d4fc7d4d8a69,core/src/main/java/com/orientechnologies/orient/core/sql/query/OSQLNonBlockingQuery.java,11,0,2,38,241,325,NoBug
7c7d60e2c2cf146d7edd289cc983d4fc7d4d8a69,graphdb/src/test/java/com/orientechnologies/orient/graph/GraphNonBlockingQuery.java,4,0,1,1,52,68,NoBug
7ca7e12870002777c87129551a679bf455b62b68,graphdb/src/main/java/com/orientechnologies/orient/graph/server/command/OServerCommandGetGephi.java,18,0,0,5,122,177,Bag
7cbb4aa3c5efac602618da782794be0fbc64e7f9,core/src/main/java/com/orientechnologies/orient/core/db/document/ODatabaseDocumentAbstract.java,422,0,73,102,2190,3142,Bag
7cbb4aa3c5efac602618da782794be0fbc64e7f9,core/src/test/java/com/orientechnologies/orient/core/index/UniqueIndexTest.java,2,0,1,3,43,56,Bag
7d2aee9fd2e8e99c9eeefc670530ad0be147192d,core/src/main/java/com/orientechnologies/orient/core/storage/cache/local/OWOWCache.java,228,0,5,39,1492,1949,Bag
7d5b35cf88b1863543d756393b5e313fe3070d1b,etl/src/test/java/com/orientechnologies/orient/etl/extractor/OCSVExtractorTest.java,4,0,1,36,376,455,Bag
7d5b35cf88b1863543d756393b5e313fe3070d1b,etl/src/main/java/com/orientechnologies/orient/etl/extractor/OCSVExtractor.java,45,0,1,7,250,311,NoBug
7d6926491a6802ab4f15473e73d3b1c7a176d958,core/src/main/java/com/orientechnologies/orient/core/sql/parser/OProjectionItem.java,9,0,1,13,68,92,NoBug
7d6926491a6802ab4f15473e73d3b1c7a176d958,core/src/test/java/com/orientechnologies/orient/core/sql/OCommandExecutorSQLSelectTest.java,13,0,0,33,404,519,Bag
7d6926491a6802ab4f15473e73d3b1c7a176d958,core/src/main/java/com/orientechnologies/orient/core/sql/parser/OProjection.java,10,0,1,7,55,77,NoBug
7d92a6b03b707e81490ef22a1fa23a1017918c3d,core/src/test/java/com/orientechnologies/orient/core/storage/fs/FileClassicTest.java,3,0,1,3,47,70,NoBug
7d92a6b03b707e81490ef22a1fa23a1017918c3d,core/src/main/java/com/orientechnologies/orient/core/command/script/OCommandExecutorScript.java,59,0,1,7,300,431,Bag
7d92a6b03b707e81490ef22a1fa23a1017918c3d,server/src/main/java/com/orientechnologies/orient/server/network/protocol/binary/OBinaryNetworkProtocolAbstract.java,47,0,2,9,337,472,NoBug
7d92a6b03b707e81490ef22a1fa23a1017918c3d,core/src/main/java/com/orientechnologies/orient/core/storage/impl/local/OStorageConfigurationSegment.java,11,0,1,9,87,135,NoBug
7d92a6b03b707e81490ef22a1fa23a1017918c3d,enterprise/src/main/java/com/orientechnologies/orient/enterprise/channel/OChannel.java,21,0,0,14,185,237,NoBug
7d92a6b03b707e81490ef22a1fa23a1017918c3d,core/src/main/java/com/orientechnologies/orient/core/storage/impl/local/OSingleFileSegment.java,6,0,0,17,82,124,NoBug
7d92a6b03b707e81490ef22a1fa23a1017918c3d,graphdb/src/test/java/com/orientechnologies/orient/graph/sql/OCommandExecutorSQLDeleteEdgeTest.java,3,0,1,7,91,117,NoBug
7d92a6b03b707e81490ef22a1fa23a1017918c3d,client/src/main/java/com/orientechnologies/orient/client/remote/ORemoteConnectionManager.java,25,0,1,11,171,248,NoBug
7d92a6b03b707e81490ef22a1fa23a1017918c3d,distributed/src/test/java/com/orientechnologies/orient/server/distributed/AbstractServerClusterTest.java,17,0,1,3,140,212,NoBug
7d92a6b03b707e81490ef22a1fa23a1017918c3d,core/src/main/java/com/orientechnologies/orient/core/storage/cache/local/O2QCache.java,101,0,1,26,810,1028,NoBug
7d92a6b03b707e81490ef22a1fa23a1017918c3d,core/src/main/java/com/orientechnologies/common/concur/lock/OAdaptiveLock.java,22,0,1,12,134,193,NoBug
7d92a6b03b707e81490ef22a1fa23a1017918c3d,core/src/test/java/com/orientechnologies/orient/core/index/hashindex/local/arc/ReadWriteCacheConcurrentTest.java,32,0,1,4,236,305,NoBug
7d92a6b03b707e81490ef22a1fa23a1017918c3d,graphdb/src/main/java/com/orientechnologies/orient/graph/sql/OCommandExecutorSQLCreateEdge.java,36,0,2,5,173,257,NoBug
7d92a6b03b707e81490ef22a1fa23a1017918c3d,core/src/main/java/com/orientechnologies/orient/core/storage/fs/OFile.java,1,0,6,29,40,130,NoBug
7d92a6b03b707e81490ef22a1fa23a1017918c3d,core/src/main/java/com/orientechnologies/orient/core/storage/fs/OFileClassic.java,82,0,11,25,756,959,NoBug
7d92a6b03b707e81490ef22a1fa23a1017918c3d,graphdb/src/test/java/com/tinkerpop/blueprints/impls/orient/OrientGraphMultithreadRemoteTest.java,18,0,0,6,145,183,NoBug
7d92a6b03b707e81490ef22a1fa23a1017918c3d,client/src/main/java/com/orientechnologies/orient/client/remote/OStorageRemote.java,289,0,4,70,1775,2335,NoBug
7d92a6b03b707e81490ef22a1fa23a1017918c3d,tests/src/test/java/com/orientechnologies/orient/test/internal/io/OClassicFileTest.java,1,0,0,1,12,32,NoBug
7d92a6b03b707e81490ef22a1fa23a1017918c3d,server/src/main/java/com/orientechnologies/orient/server/OClientConnectionManager.java,48,0,8,9,249,385,NoBug
7d92a6b03b707e81490ef22a1fa23a1017918c3d,core/src/main/java/com/orientechnologies/orient/core/db/OPartitionedDatabasePool.java,34,0,1,13,249,392,NoBug
7d92a6b03b707e81490ef22a1fa23a1017918c3d,core/src/main/java/com/orientechnologies/orient/core/storage/cache/local/OWOWCache.java,199,0,1,49,1369,1770,Bag
7d92a6b03b707e81490ef22a1fa23a1017918c3d,core/src/test/java/com/orientechnologies/orient/core/storage/cache/local/ReadWriteDiskCacheTest.java,70,0,0,19,616,823,NoBug
7d92a6b03b707e81490ef22a1fa23a1017918c3d,core/src/test/java/com/orientechnologies/orient/core/index/hashindex/local/cache/WOWCacheTest.java,18,0,1,6,205,285,NoBug
7d92a6b03b707e81490ef22a1fa23a1017918c3d,enterprise/src/main/java/com/orientechnologies/orient/enterprise/channel/binary/OChannelBinary.java,54,0,0,29,312,424,NoBug
7e0e7afd4ee5e981005b0fa72c3d05c201db61be,core/src/main/java/com/orientechnologies/orient/core/sql/OFindReferenceHelper.java,28,0,1,1,136,181,NoBug
7e540fbdd56b0a82928d8550d791e1c46b5e1646,server/src/main/java/com/orientechnologies/orient/server/network/protocol/http/command/post/OServerCommandPostProperty.java,26,0,0,3,145,191,Bag
7e6d055e47b83730ea6afea09b9001e7a784ac0f,distributed/src/main/java/com/orientechnologies/orient/server/distributed/impl/task/OSyncDatabaseTask.java,18,0,1,12,169,248,Bag
7e6d055e47b83730ea6afea09b9001e7a784ac0f,server/src/main/java/com/orientechnologies/orient/server/network/protocol/http/command/post/OServerCommandPostImportDatabase.java,16,0,1,3,101,134,NoBug
7e6d055e47b83730ea6afea09b9001e7a784ac0f,core/src/main/java/com/orientechnologies/orient/core/record/impl/ODocument.java,616,0,55,34,2111,2927,NoBug
7e6d055e47b83730ea6afea09b9001e7a784ac0f,server/src/main/java/com/orientechnologies/orient/server/network/protocol/http/command/get/OServerCommandGetFileDownload.java,11,0,1,2,91,132,NoBug
7e6d055e47b83730ea6afea09b9001e7a784ac0f,core/src/main/java/com/orientechnologies/orient/core/sql/filter/OSQLFilterCondition.java,135,0,1,14,369,489,NoBug
7e6d055e47b83730ea6afea09b9001e7a784ac0f,graphdb/src/test/java/com/orientechnologies/orient/graph/TestGraphIntentMassiveInsert.java,3,0,1,1,42,54,NoBug
7f3cd377a0fea79e5cfd2e7222fa2de062ab5cc5,core/src/main/java/com/orientechnologies/orient/core/engine/local/OEngineLocalPaginated.java,6,0,2,7,78,126,Bag
7ff23bbcec27f8835065ff7f3cd3d8841f36b5a4,core/src/main/java/com/orientechnologies/orient/core/storage/impl/local/OAbstractPaginatedStorage.java,504,0,7,106,3294,4372,Bag
7ff23bbcec27f8835065ff7f3cd3d8841f36b5a4,core/src/main/java/com/orientechnologies/common/console/OConsoleApplication.java,138,0,0,12,554,731,Bag
7ff23bbcec27f8835065ff7f3cd3d8841f36b5a4,server/src/main/java/com/orientechnologies/orient/server/network/protocol/http/ONetworkProtocolHttpAbstract.java,126,0,0,15,613,776,Bag
807221944f10678433892c192193cb40989fc482,core/src/main/java/com/orientechnologies/orient/core/db/tool/ODatabaseImport.java,261,0,1,19,1294,1695,NoBug
807221944f10678433892c192193cb40989fc482,core/src/main/java/com/orientechnologies/orient/core/db/tool/ODatabaseExport.java,111,0,1,7,459,615,NoBug
807221944f10678433892c192193cb40989fc482,core/src/test/java/com/orientechnologies/orient/core/db/tool/TestImportRewriteLinks.java,1,0,0,2,66,93,NoBug
807221944f10678433892c192193cb40989fc482,core/src/main/java/com/orientechnologies/orient/core/iterator/OIdentifiableIterator.java,57,0,9,12,273,442,NoBug
807221944f10678433892c192193cb40989fc482,core/src/main/java/com/orientechnologies/orient/core/iterator/ORecordIteratorCluster.java,32,0,6,5,173,293,NoBug
80bcaebf6afbb4e77d68a6eb4844de540f62458b,core/src/main/java/com/orientechnologies/orient/core/sql/OCommandExecutorSQLLiveSelect.java,30,0,1,6,184,233,NoBug
80bcaebf6afbb4e77d68a6eb4844de540f62458b,core/src/test/java/com/orientechnologies/orient/core/sql/OLiveQueryTest.java,4,0,1,2,90,141,NoBug
80c07242863c9d32bf2c292482df6a260dbb3e66,core/src/main/java/com/orientechnologies/orient/core/metadata/schema/OPropertyImpl.java,135,0,9,48,1042,1353,Bag
80e2550436da767ebf8944339a885037569a8271,core/src/main/java/com/orientechnologies/orient/core/storage/impl/local/OAbstractPaginatedStorage.java,291,0,3,73,1842,2411,Bag
80e2550436da767ebf8944339a885037569a8271,core/src/main/java/com/orientechnologies/orient/core/storage/impl/memory/ODirectMemoryStorage.java,6,0,1,7,72,112,NoBug
80e2550436da767ebf8944339a885037569a8271,core/src/main/java/com/orientechnologies/orient/core/engine/OEngineAbstract.java,3,0,0,3,17,44,NoBug
80e2550436da767ebf8944339a885037569a8271,core/src/main/java/com/orientechnologies/orient/core/index/sbtreebonsai/local/OSBTreeBonsaiLocal.java,110,0,4,25,1134,1427,NoBug
80e2550436da767ebf8944339a885037569a8271,core/src/main/java/com/orientechnologies/orient/core/index/hashindex/local/cache/OWOWCache.java,185,0,1,40,1246,1630,NoBug
80e2550436da767ebf8944339a885037569a8271,core/src/main/java/com/orientechnologies/orient/core/storage/impl/local/paginated/OLocalPaginatedStorage.java,28,0,1,11,246,324,NoBug
80e2550436da767ebf8944339a885037569a8271,graphdb/src/main/java/com/tinkerpop/blueprints/impls/orient/OrientVertexIterator.java,16,0,0,5,69,110,NoBug
80e2550436da767ebf8944339a885037569a8271,core/src/main/java/com/orientechnologies/orient/core/engine/local/OEngineLocalPaginated.java,2,0,1,4,41,76,NoBug
80e2550436da767ebf8944339a885037569a8271,core/src/main/java/com/orientechnologies/orient/core/index/hashindex/local/cache/O2QCache.java,93,0,1,17,742,953,NoBug
80e2550436da767ebf8944339a885037569a8271,core/src/main/java/com/orientechnologies/orient/core/storage/impl/memory/ODirectMemoryOnlyDiskCache.java,22,0,1,52,434,564,NoBug
80e2550436da767ebf8944339a885037569a8271,core/src/main/java/com/orientechnologies/orient/core/engine/memory/OEngineMemory.java,2,0,0,5,26,53,NoBug
80e2b291f186dd1e98b1ee4352c37db1a0d86f02,core/src/test/java/com/orientechnologies/orient/core/metadata/schema/AlterSuperclassTest.java,3,0,2,6,83,109,Bag
80e2b291f186dd1e98b1ee4352c37db1a0d86f02,core/src/main/java/com/orientechnologies/orient/core/metadata/schema/OClassImpl.java,293,0,5,106,2086,2624,Bag
80e2b291f186dd1e98b1ee4352c37db1a0d86f02,core/src/main/java/com/orientechnologies/orient/core/metadata/schema/OSchemaShared.java,177,0,9,42,1012,1362,Bag
8130d9184ee1136cc87c2a9c6a0b9acc994828ff,tests/src/test/java/com/orientechnologies/orient/test/database/auto/SQLSelectGroupByTest.java,6,0,0,6,60,90,Bag
8130d9184ee1136cc87c2a9c6a0b9acc994828ff,core/src/main/java/com/orientechnologies/orient/core/sql/OCommandExecutorSQLSelect.java,510,0,4,18,1843,2395,Bag
8147237f365e32010735c9cafd3882a2ebc72fb9,server/src/main/java/com/orientechnologies/orient/server/tx/OTransactionOptimisticProxy.java,39,0,0,6,206,283,NoBug
81ad3dd1a42d9e64cf6d403daddbfe3b8d5e0d70,tools/src/main/java/com/orientechnologies/orient/console/OConsoleDatabaseApp.java,279,0,14,100,1911,2410,Bag
8277a0559c357df96a19b7792393d884a090e86c,core/src/main/java/com/orientechnologies/orient/core/metadata/security/OSecurityShared.java,78,0,3,29,378,516,Bag
8277a0559c357df96a19b7792393d884a090e86c,core/src/test/java/com/orientechnologies/orient/core/storage/impl/local/paginated/LocalPaginatedClusterTest.java,75,0,1,29,919,1237,Bag
8277a0559c357df96a19b7792393d884a090e86c,core/src/main/java/com/orientechnologies/common/console/OScannerCommandStream.java,1,0,1,5,30,62,Bag
8277a0559c357df96a19b7792393d884a090e86c,core/src/main/java/com/orientechnologies/common/concur/resource/OCloseable.java,1,0,0,2,4,25,Bag
8277a0559c357df96a19b7792393d884a090e86c,core/src/main/java/com/orientechnologies/common/console/ODFACommandStream.java,57,0,1,6,202,258,Bag
8277a0559c357df96a19b7792393d884a090e86c,core/src/main/java/com/orientechnologies/orient/core/db/record/ridbag/sbtree/OSBTreeCollectionManagerAbstract.java,9,0,1,8,126,186,Bag
8277a0559c357df96a19b7792393d884a090e86c,core/src/main/java/com/orientechnologies/orient/core/index/OIndexManagerAbstract.java,51,0,1,27,404,512,Bag
8277a0559c357df96a19b7792393d884a090e86c,core/src/main/java/com/orientechnologies/orient/core/storage/OStorageAbstract.java,22,0,1,25,168,230,Bag
8277a0559c357df96a19b7792393d884a090e86c,core/src/main/java/com/orientechnologies/common/concur/resource/OSharedContainerImpl.java,5,0,1,3,32,71,Bag
8277a0559c357df96a19b7792393d884a090e86c,core/src/main/java/com/orientechnologies/orient/core/storage/impl/local/OAbstractPaginatedStorage.java,291,0,3,74,1866,2438,Bag
8277a0559c357df96a19b7792393d884a090e86c,core/src/main/java/com/orientechnologies/common/console/OConsoleApplication.java,99,0,0,10,419,552,Bag
8277a0559c357df96a19b7792393d884a090e86c,core/src/main/java/com/orientechnologies/orient/core/metadata/schema/OSchemaShared.java,166,0,9,44,961,1281,Bag
8277a0559c357df96a19b7792393d884a090e86c,core/src/test/java/com/orientechnologies/orient/core/db/record/ridbag/sbtree/OSBTreeCollectionManagerSharedTest.java,16,0,0,6,143,186,Bag
82d10e87817c67f61236b5bc22992ab60883861e,graphdb/src/main/java/com/orientechnologies/orient/graph/sql/OCommandExecutorSQLCreateVertex.java,18,0,2,5,109,172,Bag
82d10e87817c67f61236b5bc22992ab60883861e,core/src/main/java/com/orientechnologies/orient/core/command/traverse/OTraverseContext.java,13,0,0,13,133,225,NoBug
83de6ccf07238d3aab581a24d235a6afb4e0b0d6,object/src/main/java/com/orientechnologies/orient/object/db/OObjectDatabaseTx.java,64,0,12,72,621,896,Bag
83de6ccf07238d3aab581a24d235a6afb4e0b0d6,object/src/main/java/com/orientechnologies/orient/object/entity/OObjectEntityClassHandler.java,7,0,1,4,28,57,Bag
83de6ccf07238d3aab581a24d235a6afb4e0b0d6,tests/src/test/java/com/orientechnologies/orient/test/database/auto/ObjectTreeTestSchemaFull.java,23,0,0,56,999,1203,Bag
83de6ccf07238d3aab581a24d235a6afb4e0b0d6,object/src/test/java/com/orientechnologies/orient/object/CustomDatatypeTest.java,1,0,0,12,70,96,Bag
83de6ccf07238d3aab581a24d235a6afb4e0b0d6,tests/src/test/java/com/orientechnologies/orient/test/database/auto/ObjectTreeTest.java,23,0,1,74,1123,1366,Bag
83de6ccf07238d3aab581a24d235a6afb4e0b0d6,object/src/main/java/com/orientechnologies/orient/object/serialization/OObjectSerializerContext.java,20,0,1,6,71,105,Bag
840037a8a38f0e2ab6a36fd56169dda235bdb3b3,tests/src/test/java/com/orientechnologies/orient/test/database/auto/SQLSelectTest.java,124,0,1,86,1240,1689,Bag
840037a8a38f0e2ab6a36fd56169dda235bdb3b3,core/src/main/java/com/orientechnologies/orient/core/sql/functions/misc/OSQLMethodInclude.java,11,0,1,3,58,118,Bag
8411a0868c5feba85488f8de5d6818b3368a8adb,tests/src/test/java/com/orientechnologies/orient/test/database/auto/SQLSelectGroupByTest.java,11,0,0,9,114,157,NoBug
8411a0868c5feba85488f8de5d6818b3368a8adb,core/src/main/java/com/orientechnologies/orient/core/sql/OCommandExecutorSQLSelect.java,633,0,5,19,2231,2890,NoBug
84db4e3c6b62d7eebdbddabf8af86aa3e7026c37,client/src/main/java/com/orientechnologies/orient/client/remote/OStorageRemote.java,320,0,4,71,1874,2445,Bag
84e45164d687eee7e2564953cc0b84a6cdad50b7,distributed/src/test/java/com/orientechnologies/orient/server/distributed/DistributedDbDropAndReCreateTest.java,2,0,1,2,31,60,NoBug
84e45164d687eee7e2564953cc0b84a6cdad50b7,core/src/main/java/com/orientechnologies/orient/core/db/document/ODatabaseDocumentTx.java,398,0,79,84,2092,3109,NoBug
84e45164d687eee7e2564953cc0b84a6cdad50b7,distributed/src/main/java/com/orientechnologies/orient/server/hazelcast/OHazelcastDistributedDatabase.java,74,0,1,10,431,602,NoBug
84e45164d687eee7e2564953cc0b84a6cdad50b7,distributed/src/main/java/com/orientechnologies/orient/server/hazelcast/OHazelcastPlugin.java,215,0,6,53,1236,1730,NoBug
84e45164d687eee7e2564953cc0b84a6cdad50b7,server/src/main/java/com/orientechnologies/orient/server/distributed/ODistributedStorage.java,189,0,1,83,1124,1571,NoBug
85252d6cf1dc1113daa69fc432e2facc065c6149,core/src/main/java/com/orientechnologies/orient/core/sql/parser/OMathExpression.java,189,0,4,41,835,1030,Bag
85252d6cf1dc1113daa69fc432e2facc065c6149,core/src/main/java/com/orientechnologies/orient/core/sql/functions/misc/OSQLFunctionCount.java,3,0,1,7,41,80,Bag
85252d6cf1dc1113daa69fc432e2facc065c6149,core/src/main/java/com/orientechnologies/orient/core/sql/executor/OSelectExecutionPlanner.java,451,0,1,2,1685,2039,NoBug
85252d6cf1dc1113daa69fc432e2facc065c6149,distribution/src/test/java/com/orientechnologies/distribution/integration/demodb/ODemoDbGroupByTestIT.java,1,0,1,4,42,58,NoBug
855d25d343ea4cefe3548a0200cc9a9dc386f684,core/src/main/java/com/orientechnologies/orient/core/db/tool/ODatabaseRepair.java,23,0,1,1,92,147,NoBug
861ddbbd4bc7e4500ec50658f6f7e21b680581d1,lucene/src/main/java/com/orientechnologies/lucene/engine/OLuceneIndexEngineAbstract.java,45,0,2,27,414,533,NoBug
861ddbbd4bc7e4500ec50658f6f7e21b680581d1,lucene/src/test/java/com/orientechnologies/lucene/test/LuceneExportImportTest.java,2,0,1,2,62,108,NoBug
86de351093103a7e8feb6d7c0aed89cf4abf9535,core/src/test/java/com/orientechnologies/orient/core/sql/functions/math/OSQLFunctionAbsoluteValueTest.java,1,0,1,19,141,174,Bag
86de351093103a7e8feb6d7c0aed89cf4abf9535,core/src/main/java/com/orientechnologies/orient/core/serialization/serializer/record/string/ORecordSerializerStringAbstract.java,200,0,3,13,546,709,Bag
87087a560ebaa556a7b7af67123da73c0b94d82b,core/src/main/java/com/orientechnologies/orient/core/sql/method/misc/OSQLMethodAsSet.java,8,0,1,2,42,78,Bag
87087a560ebaa556a7b7af67123da73c0b94d82b,core/src/main/java/com/orientechnologies/orient/core/sql/method/misc/OSQLMethodAsList.java,8,0,1,2,42,78,Bag
87154d21d3773b56833010727fdc7e1c88c9aee3,core/src/main/java/com/orientechnologies/orient/core/index/OIndexAbstract.java,96,0,6,51,826,1084,Bag
87154d21d3773b56833010727fdc7e1c88c9aee3,core/src/main/java/com/orientechnologies/orient/core/sharding/auto/OAutoShardingClusterSelectionStrategy.java,5,0,1,3,43,76,Bag
87154d21d3773b56833010727fdc7e1c88c9aee3,core/src/main/java/com/orientechnologies/orient/core/exception/OIndexIsRebuildingException.java,1,0,1,2,9,18,Bag
87154d21d3773b56833010727fdc7e1c88c9aee3,core/src/main/java/com/orientechnologies/orient/core/storage/impl/local/OAbstractPaginatedStorage.java,484,0,8,101,3178,4253,Bag
87154d21d3773b56833010727fdc7e1c88c9aee3,core/src/main/java/com/orientechnologies/orient/core/index/OIndexFullText.java,33,0,3,6,243,352,Bag
87154d21d3773b56833010727fdc7e1c88c9aee3,core/src/main/java/com/orientechnologies/orient/core/index/OIndexDictionary.java,3,0,2,4,47,89,Bag
87154d21d3773b56833010727fdc7e1c88c9aee3,lucene/src/main/java/com/orientechnologies/lucene/index/OLuceneIndexNotUnique.java,14,0,0,21,229,324,Bag
87154d21d3773b56833010727fdc7e1c88c9aee3,lucene/src/main/java/com/orientechnologies/lucene/index/OLuceneFullTextIndex.java,1,0,0,6,26,54,Bag
87154d21d3773b56833010727fdc7e1c88c9aee3,core/src/main/java/com/orientechnologies/orient/core/index/OIndexNotUnique.java,1,0,1,3,22,53,Bag
87154d21d3773b56833010727fdc7e1c88c9aee3,core/src/main/java/com/orientechnologies/orient/core/index/OIndexOneValue.java,17,0,1,14,202,263,Bag
87154d21d3773b56833010727fdc7e1c88c9aee3,core/src/main/java/com/orientechnologies/orient/core/index/OIndexMultiValues.java,27,0,1,14,301,405,Bag
87154d21d3773b56833010727fdc7e1c88c9aee3,core/src/main/java/com/orientechnologies/orient/core/index/OIndexUnique.java,9,0,1,4,65,104,Bag
87154d21d3773b56833010727fdc7e1c88c9aee3,core/src/main/java/com/orientechnologies/orient/core/index/OIndex.java,1,0,31,11,54,342,NoBug
87154d21d3773b56833010727fdc7e1c88c9aee3,core/src/main/java/com/orientechnologies/orient/core/index/OIndexRemote.java,28,0,1,50,401,524,NoBug
87154d21d3773b56833010727fdc7e1c88c9aee3,core/src/main/java/com/orientechnologies/orient/core/index/OIndexAbstractDelegate.java,9,0,1,46,196,279,NoBug
87154d21d3773b56833010727fdc7e1c88c9aee3,core/src/main/java/com/orientechnologies/orient/core/index/OIndexAbstract.java,96,0,6,51,826,1084,Bag
87154d21d3773b56833010727fdc7e1c88c9aee3,core/src/main/java/com/orientechnologies/orient/core/index/OIndexRecorder.java,9,0,0,66,309,413,NoBug
87154d21d3773b56833010727fdc7e1c88c9aee3,core/src/main/java/com/orientechnologies/orient/core/sql/OChainedIndexProxy.java,46,0,8,41,444,670,NoBug
871f43871e5b9b7f2c73e14e78249e9a3c279c6d,core/src/main/java/com/orientechnologies/orient/core/sql/parser/OrientSql.java,11387,0,11,171,24487,25946,Bag
876254d91ee0d3b1909aa1a3c281f73bfccd2c5e,core/src/main/java/com/orientechnologies/orient/core/db/OPartitionedDatabasePool.java,34,0,1,13,253,398,NoBug
876254d91ee0d3b1909aa1a3c281f73bfccd2c5e,core/src/main/java/com/orientechnologies/orient/core/storage/impl/local/paginated/OLocalPaginatedStorage.java,31,0,1,10,249,328,NoBug
87b48cd3ce88fba7ca0ad843421460e00b2c4405,core/src/test/java/com/orientechnologies/orient/core/record/impl/ODocumentTest.java,1,0,1,10,227,271,Bag
87b48cd3ce88fba7ca0ad843421460e00b2c4405,core/src/main/java/com/orientechnologies/orient/core/record/impl/ODocument.java,522,0,50,34,1864,2633,Bag
87b48cd3ce88fba7ca0ad843421460e00b2c4405,core/src/main/java/com/orientechnologies/common/collection/OMultiValue.java,155,0,12,8,482,713,Bag
87c13be343ca37d9c3b4443911330226ad1f4289,server/src/main/java/com/orientechnologies/orient/server/network/protocol/http/command/put/OServerCommandPutDocument.java,15,0,0,3,70,115,Bag
87c75945622b759cfdc73be2861a1aa9eb7ee049,core/src/main/java/com/orientechnologies/orient/core/storage/cache/local/twoq/O2QCache.java,151,0,6,14,1118,1606,NoBug
885271d4aa9a0b8750cbcca14a8dc1ee2bb5bc0a,graphdb/src/main/java/com/tinkerpop/blueprints/impls/orient/OrientBaseGraph.java,170,0,69,12,1029,1893,NoBug
885271d4aa9a0b8750cbcca14a8dc1ee2bb5bc0a,graphdb/src/test/java/com/orientechnologies/orient/graph/blueprints/GraphPolymorphicTest.java,6,0,0,6,55,67,NoBug
88ad8ea3fe4afb50ee5e1043e1a252809ca09f9b,server/src/main/java/com/orientechnologies/orient/server/distributed/ODistributedStorage.java,185,0,1,83,1150,1584,Bag
88ad8ea3fe4afb50ee5e1043e1a252809ca09f9b,distributed/src/test/java/com/orientechnologies/orient/server/distributed/asynch/TestAsyncReplMode2ServersOverflow.java,5,0,0,1,39,54,Bag
88bb842dc792d4b17b7cd3f4d89559752af79f0a,core/src/test/java/com/orientechnologies/orient/core/sql/parser/OSelectStatementTest.java,7,0,0,55,524,671,NoBug
88bb842dc792d4b17b7cd3f4d89559752af79f0a,core/src/main/java/com/orientechnologies/orient/core/sql/parser/OrientSql.java,10226,0,11,158,22757,24172,NoBug
88bb842dc792d4b17b7cd3f4d89559752af79f0a,core/src/main/java/com/orientechnologies/orient/core/sql/parser/OFetchPlanItem.java,6,0,1,4,43,60,NoBug
893925f0291a74f875e3427d80a3e388af89200c,core/src/main/java/com/orientechnologies/orient/core/db/tool/ODatabaseImport.java,234,0,1,18,1218,1596,Bag
8988606686b473edd0a1761f89d32af324e912f2,core/src/test/java/com/orientechnologies/orient/core/db/document/ODatabaseDocumentTxTest.java,4,0,0,7,88,127,Bag
8988606686b473edd0a1761f89d32af324e912f2,core/src/main/java/com/orientechnologies/orient/core/record/impl/ODocument.java,640,0,55,36,2207,3035,Bag
89a7e436f088017a938f314241ba550e79c738d3,core/src/test/java/com/orientechnologies/orient/core/sql/parser/OSelectStatementTest.java,7,0,0,58,539,693,Bag
89a7e436f088017a938f314241ba550e79c738d3,core/src/main/java/com/orientechnologies/orient/core/sql/parser/OExpression.java,29,0,1,14,139,178,NoBug
89a7e436f088017a938f314241ba550e79c738d3,core/src/test/java/com/orientechnologies/orient/core/sql/OCommandExecutorSQLSelectTest.java,32,0,1,77,993,1264,Bag
89a7e436f088017a938f314241ba550e79c738d3,core/src/main/java/com/orientechnologies/orient/core/sql/parser/OrientSql.java,11088,0,11,168,24136,25602,Bag
89d70a097de5451890fffcb0eb671aa647a516a6,core/src/main/java/com/orientechnologies/orient/core/index/OIndexAbstract.java,103,0,3,54,929,1178,Bag
89d70a097de5451890fffcb0eb671aa647a516a6,core/src/main/java/com/orientechnologies/orient/core/index/OIndexRebuildOutputListener.java,7,0,1,4,49,84,NoBug
89f1d5e9c5e85589a91537ca470851dd156b7dbf,object/src/main/java/com/orientechnologies/orient/object/db/OObjectDatabaseTxPooled.java,10,0,2,8,92,146,NoBug
89f1d5e9c5e85589a91537ca470851dd156b7dbf,object/src/main/java/com/orientechnologies/orient/object/enhancement/OObjectEntitySerializer.java,367,0,12,40,1122,1449,NoBug
8a091afe1a10ffcbe1e53d09a765ea5bc2d72709,server/src/main/java/com/orientechnologies/orient/server/distributed/ODistributedAbstractPlugin.java,40,0,3,14,237,332,Bag
8ab2e4fbde60331c3be29df6c33244fb13ce3b0d,core/src/main/java/com/orientechnologies/orient/core/metadata/schema/OPropertyImpl.java,136,0,9,48,1044,1355,NoBug
8ab2e4fbde60331c3be29df6c33244fb13ce3b0d,core/src/main/java/com/orientechnologies/orient/core/metadata/schema/OClassImpl.java,277,0,5,104,1995,2508,NoBug
8ad0088d4c396d2e95bb246e475bff2c4111532f,core/src/main/java/com/orientechnologies/orient/core/record/impl/ODocument.java,640,0,55,36,2207,3035,Bag
8ad0088d4c396d2e95bb246e475bff2c4111532f,tests/src/test/java/com/orientechnologies/orient/test/database/auto/SQLInsertTest.java,19,0,1,25,448,599,NoBug
8baec26b49efeffdba1d1c5d07b841612e6253c2,core/src/main/java/com/orientechnologies/orient/core/index/sbtreebonsai/local/OSBTreeBonsaiLocal.java,127,0,6,25,1249,1556,NoBug
8baec26b49efeffdba1d1c5d07b841612e6253c2,core/src/main/java/com/orientechnologies/orient/core/storage/impl/local/paginated/base/ODurableComponent.java,15,0,1,2,114,193,NoBug
8baec26b49efeffdba1d1c5d07b841612e6253c2,server/src/test/java/com/orientechnologies/orient/server/token/OrientTokenHandlerTest.java,3,0,0,10,186,231,NoBug
8baec26b49efeffdba1d1c5d07b841612e6253c2,core/src/main/java/com/orientechnologies/orient/core/index/sbtree/local/OSBTree.java,191,0,1,26,1548,1974,NoBug
8baec26b49efeffdba1d1c5d07b841612e6253c2,core/src/main/java/com/orientechnologies/orient/core/index/hashindex/local/OHashTableDirectory.java,49,0,1,20,509,625,NoBug
8baec26b49efeffdba1d1c5d07b841612e6253c2,core/src/main/java/com/orientechnologies/orient/core/index/hashindex/local/OLocalHashTable20.java,211,0,1,23,1684,2185,NoBug
8baec26b49efeffdba1d1c5d07b841612e6253c2,core/src/main/java/com/orientechnologies/orient/core/storage/impl/local/paginated/atomicoperations/OAtomicOperationsManager.java,18,0,1,6,109,169,NoBug
8baec26b49efeffdba1d1c5d07b841612e6253c2,core/src/main/java/com/orientechnologies/orient/core/storage/impl/local/paginated/OPaginatedCluster.java,122,0,1,42,1422,1730,NoBug
8baec26b49efeffdba1d1c5d07b841612e6253c2,core/src/main/java/com/orientechnologies/orient/core/storage/impl/local/paginated/OClusterPositionMap.java,44,0,1,19,432,533,NoBug
8baec26b49efeffdba1d1c5d07b841612e6253c2,core/src/main/java/com/orientechnologies/orient/core/index/hashindex/local/OLocalHashTable.java,183,0,1,23,1445,1869,NoBug
8c01cab5ac79b59b9f3500f6c524b0ddcdac4804,core/src/test/java/com/orientechnologies/orient/core/sql/OCommandExecutorSQLTruncateTest.java,1,0,0,5,43,60,NoBug
8c01cab5ac79b59b9f3500f6c524b0ddcdac4804,core/src/main/java/com/orientechnologies/orient/core/sql/OCommandExecutorSQLTruncateClass.java,30,0,2,4,134,187,NoBug
8c11feaaa8038bcbd58fddd594b8a88e99d62380,core/src/main/java/com/orientechnologies/orient/core/sql/parser/OSelectStatement.java,26,0,0,26,203,274,NoBug
8c11feaaa8038bcbd58fddd594b8a88e99d62380,core/src/main/java/com/orientechnologies/orient/core/sql/parser/OUpdateStatement.java,18,0,0,5,85,107,NoBug
8c11feaaa8038bcbd58fddd594b8a88e99d62380,core/src/main/java/com/orientechnologies/orient/core/sql/parser/OInteger.java,1,0,0,6,20,31,NoBug
8c11feaaa8038bcbd58fddd594b8a88e99d62380,core/src/main/java/com/orientechnologies/orient/core/sql/parser/ODeleteEdgeStatement.java,46,0,1,5,160,188,NoBug
8c11feaaa8038bcbd58fddd594b8a88e99d62380,core/src/main/java/com/orientechnologies/orient/core/sql/parser/OrientSql.java,3528,0,12,110,10778,11601,Bag
8c11feaaa8038bcbd58fddd594b8a88e99d62380,core/src/main/java/com/orientechnologies/orient/core/sql/parser/OCreateEdgeStatement.java,32,0,0,5,137,154,NoBug
8c11feaaa8038bcbd58fddd594b8a88e99d62380,core/src/main/java/com/orientechnologies/orient/core/sql/parser/OTraverseStatement.java,13,0,0,6,71,94,NoBug
8c558dc6bdcdfe3db248f19ef506877d3ba05914,core/src/main/java/com/orientechnologies/orient/core/storage/impl/local/OAbstractPaginatedStorage.java,492,0,8,102,3217,4293,Bag
8ce5456de7d0df59426a846c3c950dc946c62ebc,core/src/main/java/com/orientechnologies/orient/core/sql/parser/OrientSql.java,11727,0,11,172,25076,26552,NoBug
8ce5456de7d0df59426a846c3c950dc946c62ebc,core/src/main/java/com/orientechnologies/orient/core/sql/parser/OrientSqlTokenManager.java,2765,0,8,0,5964,5997,NoBug
8ce5456de7d0df59426a846c3c950dc946c62ebc,core/src/main/java/com/orientechnologies/orient/core/sql/parser/OrientSqlConstants.java,1,0,1,0,479,725,NoBug
8ce5456de7d0df59426a846c3c950dc946c62ebc,core/src/main/java/com/orientechnologies/orient/core/sql/parser/OrientSqlTreeConstants.java,1,0,0,1,350,356,NoBug
8d068c2f4dce33d5108778c8249ce9d6a5500322,core/src/main/java/com/orientechnologies/orient/core/serialization/serializer/record/string/ORecordSerializerJSON.java,178,0,0,10,590,749,Bag
8d068c2f4dce33d5108778c8249ce9d6a5500322,tests/src/test/java/com/orientechnologies/orient/test/database/auto/JSONTest.java,36,0,0,52,899,1150,Bag
8d1490da06218b69ed90e86a67879dc7eaf04d0d,core/src/main/java/com/orientechnologies/orient/core/sql/OCommandExecutorSQLUpdate.java,196,0,2,9,698,911,Bag
8d1490da06218b69ed90e86a67879dc7eaf04d0d,core/src/test/java/com/orientechnologies/orient/core/sql/OCommandExecutorSQLUpdateTest.java,1,0,1,18,393,506,Bag
8e3d77d4afedc209910378eb2172eb7a3af90fc7,server/src/main/java/com/orientechnologies/orient/server/network/protocol/http/command/OServerCommandAuthenticatedDbAbstract.java,43,0,1,2,182,270,Bag
8e4d4ddf508641343d9a80e01f52c9e2f6df072c,server/src/main/java/com/orientechnologies/orient/server/network/protocol/http/command/get/OServerCommandGetServer.java,7,0,0,4,81,118,NoBug
8e7c166f120cff8c3576519324b6939895080c26,core/src/main/java/com/orientechnologies/orient/core/query/live/OLiveQueryQueueThread.java,7,0,1,9,68,107,NoBug
8e7c166f120cff8c3576519324b6939895080c26,server/src/main/java/com/orientechnologies/orient/server/network/protocol/binary/OLiveCommandResultListener.java,17,0,1,7,182,232,NoBug
8ea8c35cd1f90229e8428d80f9d92035123b2dc3,core/src/main/java/com/orientechnologies/orient/core/db/record/ridbag/embedded/OEmbeddedRidBag.java,70,0,0,30,430,563,NoBug
8eb993b603e4850d756d7a5f665afa01f0778231,core/src/main/java/com/orientechnologies/orient/core/db/OrientDBConfigBuilder.java,3,0,0,9,47,81,Bag
8eb993b603e4850d756d7a5f665afa01f0778231,core/src/main/java/com/orientechnologies/orient/core/db/OrientDBConfig.java,3,0,1,6,53,90,Bag
8eb993b603e4850d756d7a5f665afa01f0778231,core/src/test/java/com/orientechnologies/orient/core/db/OrientDBConfigTest.java,1,0,0,3,25,55,Bag
8eb993b603e4850d756d7a5f665afa01f0778231,core/src/main/java/com/orientechnologies/orient/core/db/OrientDBEmbedded.java,39,0,1,31,362,449,Bag
8eb993b603e4850d756d7a5f665afa01f0778231,core/src/main/java/com/orientechnologies/orient/core/config/OContextConfiguration.java,23,0,4,13,97,165,Bag
8eb993b603e4850d756d7a5f665afa01f0778231,client/src/main/java/com/orientechnologies/orient/core/db/OrientDBRemote.java,14,0,1,33,237,328,Bag
8ecbf46b189f42cdb9d47f62e146d004000c6397,core/src/main/java/com/orientechnologies/orient/core/db/record/ridbag/embedded/OEmbeddedRidBag.java,69,0,0,30,430,562,Bag
8ef80aad48427dc14125f486b8e25c083f6afed5,core/src/main/java/com/orientechnologies/orient/core/index/OIndexManagerShared.java,87,0,4,9,483,665,Bag
8ef80aad48427dc14125f486b8e25c083f6afed5,core/src/main/java/com/orientechnologies/orient/core/index/OIndexManagerAbstract.java,54,0,1,31,411,543,Bag
8ef80aad48427dc14125f486b8e25c083f6afed5,core/src/main/java/com/orientechnologies/orient/core/index/OIndexAbstract.java,121,0,6,51,901,1162,Bag
8ef80aad48427dc14125f486b8e25c083f6afed5,core/src/test/java/com/orientechnologies/orient/core/record/impl/ODocumentTest.java,1,0,1,16,294,365,Bag
8ef80aad48427dc14125f486b8e25c083f6afed5,core/src/main/java/com/orientechnologies/orient/core/record/impl/ODocument.java,664,0,55,41,2269,3105,Bag
8f342aa477f136d71128e669c97d22e7e917ee18,core/src/main/java/com/orientechnologies/orient/core/metadata/schema/OSchemaShared.java,149,0,9,40,910,1212,NoBug
8f9869e9aa008fe88b0e42acd1b9033a777768bd,core/src/main/java/com/orientechnologies/orient/core/db/tool/ODatabaseExport.java,106,0,1,6,451,598,NoBug
8f9869e9aa008fe88b0e42acd1b9033a777768bd,graphdb/src/main/java/com/orientechnologies/orient/graph/console/OGremlinConsole.java,19,0,1,6,117,168,NoBug
8f9869e9aa008fe88b0e42acd1b9033a777768bd,distributed/src/test/java/com/orientechnologies/orient/server/distributed/asynch/BareBoneBase2ServerTest.java,1,0,0,2,48,62,NoBug
8f9869e9aa008fe88b0e42acd1b9033a777768bd,core/src/main/java/com/orientechnologies/orient/core/db/tool/ODatabaseImport.java,226,0,1,17,1180,1543,NoBug
8f9869e9aa008fe88b0e42acd1b9033a777768bd,distributed/src/test/java/com/orientechnologies/orient/server/distributed/asynch/TestAsyncReplMode2Servers.java,13,0,0,1,100,120,NoBug
8f9869e9aa008fe88b0e42acd1b9033a777768bd,core/src/test/java/com/orientechnologies/orient/core/db/tool/TestSchemaImportExport.java,1,0,0,3,73,83,NoBug
8fa39d7d5c95005f32cdce639549ea94ab583a44,core/src/test/java/com/orientechnologies/orient/core/metadata/schema/AlterSuperclassTest.java,3,0,2,6,83,109,Bag
8fa39d7d5c95005f32cdce639549ea94ab583a44,core/src/main/java/com/orientechnologies/orient/core/metadata/schema/OSchemaShared.java,177,0,9,42,1012,1362,Bag
8fa39d7d5c95005f32cdce639549ea94ab583a44,core/src/main/java/com/orientechnologies/orient/core/metadata/schema/OClassImpl.java,292,0,5,106,2083,2619,Bag
8fa74c47519bf1b46ce0b700114389e44f89732d,core/src/main/java/com/orientechnologies/orient/core/sql/OCommandExecutorSQLAbstract.java,29,0,2,1,164,245,Bag
8fb63ddaef6dae34deacb49f4131b08b5a088e31,server/src/test/java/com/orientechnologies/orient/core/storage/impl/local/paginated/IndexCrashRestoreMultiValue.java,22,0,1,9,195,262,Bag
8fb63ddaef6dae34deacb49f4131b08b5a088e31,core/src/main/java/com/orientechnologies/orient/core/storage/impl/local/paginated/atomicoperations/OAtomicOperationsManager.java,20,0,1,7,126,190,Bag
8fb63ddaef6dae34deacb49f4131b08b5a088e31,core/src/main/java/com/orientechnologies/orient/core/storage/impl/local/OAbstractPaginatedStorage.java,305,0,3,76,2002,2625,Bag
8fb63ddaef6dae34deacb49f4131b08b5a088e31,core/src/main/java/com/orientechnologies/orient/core/engine/local/OEngineLocalPaginated.java,2,0,1,5,41,78,Bag
8fb63ddaef6dae34deacb49f4131b08b5a088e31,core/src/main/java/com/orientechnologies/orient/core/db/record/ridbag/sbtree/OIndexRIDContainer.java,13,0,3,19,184,256,Bag
8fb63ddaef6dae34deacb49f4131b08b5a088e31,core/src/main/java/com/orientechnologies/orient/core/index/hashindex/local/OLocalHashTable20.java,211,0,1,23,1681,2181,Bag
8fb63ddaef6dae34deacb49f4131b08b5a088e31,core/src/main/java/com/orientechnologies/orient/core/index/hashindex/local/OLocalHashTable.java,183,0,1,23,1441,1863,Bag
8fb63ddaef6dae34deacb49f4131b08b5a088e31,core/src/main/java/com/orientechnologies/orient/core/sql/parser/OrientSqlTreeConstants.java,1,0,0,1,234,240,Bag
8fb63ddaef6dae34deacb49f4131b08b5a088e31,core/src/main/java/com/orientechnologies/orient/core/storage/impl/local/paginated/OLocalPaginatedStorage.java,28,0,1,10,241,317,Bag
8fb63ddaef6dae34deacb49f4131b08b5a088e31,core/src/main/java/com/orientechnologies/orient/core/index/sbtreebonsai/local/OSBTreeBonsaiLocal.java,114,0,4,25,1153,1439,Bag
8fb63ddaef6dae34deacb49f4131b08b5a088e31,core/src/main/java/com/orientechnologies/orient/core/config/OGlobalConfiguration.java,38,0,3,11,528,797,Bag
8fb63ddaef6dae34deacb49f4131b08b5a088e31,core/src/main/java/com/orientechnologies/orient/core/index/sbtree/local/OSBTree.java,190,0,1,26,1543,1969,Bag
8fb63ddaef6dae34deacb49f4131b08b5a088e31,core/src/main/java/com/orientechnologies/orient/core/storage/impl/local/paginated/atomicoperations/OAtomicOperation.java,56,0,1,20,340,478,Bag
8fb63ddaef6dae34deacb49f4131b08b5a088e31,core/src/main/java/com/orientechnologies/orient/core/index/OIndexAbstract.java,103,0,3,54,929,1178,Bag
8fb63ddaef6dae34deacb49f4131b08b5a088e31,core/src/main/java/com/orientechnologies/orient/core/storage/impl/local/paginated/OClusterPositionMap.java,44,0,1,19,431,532,Bag
8fb63ddaef6dae34deacb49f4131b08b5a088e31,core/src/main/java/com/orientechnologies/orient/core/index/hashindex/local/OHashTableDirectory.java,49,0,1,20,506,622,Bag
8fb63ddaef6dae34deacb49f4131b08b5a088e31,core/src/test/java/com/orientechnologies/orient/core/ridbag/ConcurrencySBTreeBonsaiLocalTest.java,9,0,0,2,76,93,Bag
8fb63ddaef6dae34deacb49f4131b08b5a088e31,core/src/main/java/com/orientechnologies/orient/core/storage/impl/local/paginated/base/ODurableComponent.java,15,0,1,5,129,213,Bag
8fb63ddaef6dae34deacb49f4131b08b5a088e31,core/src/main/java/com/orientechnologies/orient/core/storage/impl/local/paginated/OPaginatedCluster.java,122,0,2,44,1459,1778,Bag
8fc1654397b10772c6d3c88fde3bced6da0fa5e5,core/src/main/java/com/orientechnologies/orient/core/metadata/schema/OClass.java,1,0,27,55,110,439,NoBug
8fc1654397b10772c6d3c88fde3bced6da0fa5e5,core/src/main/java/com/orientechnologies/orient/core/sql/OCommandExecutorSQLAlterClass.java,24,0,2,3,98,155,Bag
9044dd0caf9bcc3f63a7ba028c7d8ddef92ddb2f,core/src/main/java/com/orientechnologies/orient/core/index/OIndexManagerShared.java,88,0,4,9,485,664,NoBug
9044dd0caf9bcc3f63a7ba028c7d8ddef92ddb2f,core/src/main/java/com/orientechnologies/orient/core/index/OIndexManagerAbstract.java,55,0,1,31,417,550,NoBug
9044dd0caf9bcc3f63a7ba028c7d8ddef92ddb2f,core/src/main/java/com/orientechnologies/orient/core/index/OIndexAbstract.java,122,0,6,51,903,1164,NoBug
9076e4945a5441e4b88d7bb3f42eefc05bf4a5ed,src/test/java/com/orientechnologies/orient/etl/transformer/OCSVTransformerTest.java,3,0,1,32,293,359,NoBug
9076e4945a5441e4b88d7bb3f42eefc05bf4a5ed,src/test/java/com/orientechnologies/orient/etl/ETLBaseTest.java,1,0,1,2,37,70,NoBug
9076e4945a5441e4b88d7bb3f42eefc05bf4a5ed,src/test/java/com/orientechnologies/orient/etl/transformer/OFieldTransformerTest.java,1,0,1,4,40,74,NoBug
9076e4945a5441e4b88d7bb3f42eefc05bf4a5ed,src/test/java/com/orientechnologies/orient/etl/transformer/OEdgeTransformerTest.java,1,0,1,6,99,151,NoBug
9076e4945a5441e4b88d7bb3f42eefc05bf4a5ed,src/test/java/com/orientechnologies/orient/etl/extractor/OJsonExtractorTest.java,4,0,1,4,47,82,NoBug
9076e4945a5441e4b88d7bb3f42eefc05bf4a5ed,src/test/java/com/orientechnologies/orient/etl/transformer/OFlowTransformerTest.java,1,0,1,2,36,73,NoBug
9076e4945a5441e4b88d7bb3f42eefc05bf4a5ed,src/test/java/com/orientechnologies/orient/etl/extractor/OJsonRandomExtractorTest.java,3,0,1,2,38,75,NoBug
9076e4945a5441e4b88d7bb3f42eefc05bf4a5ed,src/test/java/com/orientechnologies/orient/etl/loader/OOrientDBLoaderTest.java,1,0,1,1,31,44,NoBug
9076e4945a5441e4b88d7bb3f42eefc05bf4a5ed,src/test/java/com/orientechnologies/orient/etl/transformer/OVertexTransformerTest.java,2,0,1,5,52,86,NoBug
91675adf3edc69606e1c7c570694b25b53e6d7bc,core/src/main/java/com/orientechnologies/orient/core/storage/cache/local/twoq/O2QCache.java,159,0,6,14,1143,1641,NoBug
91675adf3edc69606e1c7c570694b25b53e6d7bc,core/src/main/java/com/orientechnologies/orient/core/storage/impl/local/paginated/OLocalPaginatedStorage.java,57,0,1,11,404,508,NoBug
917d4ea64009dbf848afe60623ce40c224fbc383,core/src/main/java/com/orientechnologies/orient/core/metadata/schema/OClassImpl.java,332,0,6,111,2240,2802,Bag
919a36b316857011fc0a9b0b70180743e222dc0d,server/src/main/java/com/orientechnologies/orient/server/distributed/ODistributedStorage.java,176,0,1,80,1107,1532,Bag
919a36b316857011fc0a9b0b70180743e222dc0d,distributed/src/test/java/com/orientechnologies/orient/server/distributed/asynch/TestAsyncReplMode2ServersAddEdge.java,6,0,0,1,67,83,NoBug
92d7f5625289b8313d96351f6186393ee409b82f,core/src/main/java/com/orientechnologies/orient/core/metadata/schema/OClassImpl.java,291,0,5,106,2080,2615,NoBug
92d7f5625289b8313d96351f6186393ee409b82f,core/src/test/java/com/orientechnologies/orient/core/metadata/schema/AlterSuperclassTest.java,1,0,1,4,47,63,NoBug
934043fd762eb74dcecdbac5c11480573daecf50,core/src/test/java/com/orientechnologies/orient/core/sql/OCommandExecutorSQLSelectTest.java,32,0,1,75,970,1235,Bag
934043fd762eb74dcecdbac5c11480573daecf50,jdbc/src/main/java/com/orientechnologies/orient/jdbc/OrientJdbcPreparedStatement.java,8,0,1,58,244,341,Bag
934043fd762eb74dcecdbac5c11480573daecf50,core/src/main/java/com/orientechnologies/orient/core/sql/filter/OSQLFilterCondition.java,131,0,1,13,359,479,Bag
934043fd762eb74dcecdbac5c11480573daecf50,jdbc/src/main/java/com/orientechnologies/orient/jdbc/OrientJdbcResultSet.java,56,0,1,191,706,1071,Bag
934043fd762eb74dcecdbac5c11480573daecf50,core/src/main/java/com/orientechnologies/orient/core/sql/filter/OSQLFilterItemField.java,24,0,5,11,119,199,Bag
934043fd762eb74dcecdbac5c11480573daecf50,jdbc/src/main/java/com/orientechnologies/orient/jdbc/OrientBlob.java,16,0,12,0,136,273,Bag
934043fd762eb74dcecdbac5c11480573daecf50,jdbc/src/main/java/com/orientechnologies/orient/jdbc/OrientJdbcStatement.java,17,0,3,45,226,354,Bag
934043fd762eb74dcecdbac5c11480573daecf50,jdbc/src/main/java/com/orientechnologies/orient/jdbc/OrientJdbcPreparedStatement.java,8,0,1,58,244,341,Bag
934043fd762eb74dcecdbac5c11480573daecf50,jdbc/src/main/java/com/orientechnologies/orient/jdbc/OrientJdbcResultSet.java,56,0,1,191,706,1071,Bag
934043fd762eb74dcecdbac5c11480573daecf50,jdbc/src/test/java/com/orientechnologies/orient/jdbc/OrientJdbcStatementTest.java,1,0,0,5,40,55,NoBug
934043fd762eb74dcecdbac5c11480573daecf50,jdbc/src/main/java/com/orientechnologies/orient/jdbc/OrientBlob.java,16,0,12,0,136,273,Bag
934043fd762eb74dcecdbac5c11480573daecf50,jdbc/src/test/java/com/orientechnologies/orient/jdbc/OrientJdbcPreparedStatementTest.java,1,0,0,11,105,150,NoBug
934043fd762eb74dcecdbac5c11480573daecf50,jdbc/src/main/java/com/orientechnologies/orient/jdbc/OrientJdbcStatement.java,17,0,3,45,226,354,Bag
93ffa8ef31f575e656701e8a8074cbc19653f2f8,client/src/main/java/com/orientechnologies/orient/client/remote/ORemoteConnectionManager.java,26,0,1,12,178,259,NoBug
93ffa8ef31f575e656701e8a8074cbc19653f2f8,client/src/main/java/com/orientechnologies/orient/client/remote/OStorageRemote.java,280,0,4,70,1743,2295,NoBug
93ffa8ef31f575e656701e8a8074cbc19653f2f8,core/src/main/java/com/orientechnologies/common/concur/resource/OResourcePool.java,16,0,1,11,110,165,NoBug
93ffa8ef31f575e656701e8a8074cbc19653f2f8,client/src/test/java/com/orientechnologies/orient/client/remote/RemoteConnetWrongUrlTest.java,1,0,0,2,12,18,NoBug
94304f5a84227b916023cd2b4f1b96ffc29dfbca,core/src/main/java/com/orientechnologies/orient/core/sql/OCommandExecutorSQLTraverse.java,32,0,2,6,174,274,NoBug
94cd949471b8f8eb8043fdada6a22851c2446fd5,core/src/main/java/com/orientechnologies/orient/core/sql/ORuntimeResult.java,60,0,2,8,178,254,Bag
94cd949471b8f8eb8043fdada6a22851c2446fd5,core/src/main/java/com/orientechnologies/orient/core/sql/filter/OSQLFilterCondition.java,133,0,1,14,368,488,Bag
94cd949471b8f8eb8043fdada6a22851c2446fd5,core/src/main/java/com/orientechnologies/orient/core/sql/filter/OSQLFilterItemField.java,35,0,6,11,152,238,Bag
94cd949471b8f8eb8043fdada6a22851c2446fd5,core/src/main/java/com/orientechnologies/orient/core/sql/OCommandExecutorSQLSelect.java,638,0,4,19,2241,2904,Bag
94cf82ce243e8a1427fd0c63f30825a87a88acf1,server/src/main/java/com/orientechnologies/orient/server/network/protocol/http/OHttpResponse.java,92,0,3,35,480,620,NoBug
94ee907e12dfcf42cf1c0f5f45748de3e003ba6e,distributed/src/test/java/com/orientechnologies/orient/server/distributed/TestDistributeConfigSerialization.java,2,0,0,2,33,41,NoBug
94ee907e12dfcf42cf1c0f5f45748de3e003ba6e,server/src/main/java/com/orientechnologies/orient/server/network/protocol/binary/ONetworkProtocolBinary.java,278,0,0,6,1646,2136,Bag
9525503d8719a7a948c9cd4acfc562c0fa6f963f,core/src/main/java/com/orientechnologies/orient/core/serialization/serializer/record/string/ORecordSerializerStringAbstract.java,192,0,3,13,551,714,Bag
95389584580b74dc868665fad27389fcf5cf851b,graphdb/src/main/java/com/orientechnologies/orient/graph/console/OGremlinConsole.java,19,0,1,6,119,170,NoBug
95389584580b74dc868665fad27389fcf5cf851b,core/src/test/java/com/orientechnologies/orient/core/db/tool/TestSchemaImportExport.java,1,0,0,2,43,51,NoBug
95389584580b74dc868665fad27389fcf5cf851b,core/src/main/java/com/orientechnologies/orient/core/db/tool/ODatabaseExport.java,105,0,1,6,449,596,Bag
95389584580b74dc868665fad27389fcf5cf851b,core/src/main/java/com/orientechnologies/orient/core/db/tool/ODatabaseImport.java,222,0,1,17,1162,1519,Bag
964519e1fc2629cca6846ef4aeca5b3a1611d571,server/src/main/java/com/orientechnologies/orient/server/distributed/ODistributedStorage.java,176,0,1,82,1091,1493,Bag
966e83bbf9df2de9db7c44e239c1263a00afd7d7,server/src/test/java/com/orientechnologies/orient/server/tx/RemoteTransactionSupportTest.java,1,0,1,8,124,159,Bag
966e83bbf9df2de9db7c44e239c1263a00afd7d7,client/src/main/java/com/orientechnologies/orient/client/remote/message/OFetchTransactionResponse.java,9,0,1,7,83,107,Bag
966e83bbf9df2de9db7c44e239c1263a00afd7d7,client/src/test/java/com/orientechnologies/orient/client/remote/message/ORemoteTransactionMessagesTest.java,1,0,0,5,133,161,Bag
9695569a5ef48b6d32b1b820409da550fcd166b3,core/src/test/java/com/orientechnologies/orient/core/sql/OCommandExecutorSQLScriptTest.java,3,0,0,10,99,124,Bag
9695569a5ef48b6d32b1b820409da550fcd166b3,core/src/main/java/com/orientechnologies/orient/core/command/script/OCommandExecutorScript.java,80,0,1,7,342,480,Bag
96e6d02a4377124728ba4d38315d383ef0afeeb2,core/src/main/java/com/orientechnologies/orient/core/db/document/ODatabaseDocumentTx.java,405,0,75,87,2037,3008,Bag
96e6d02a4377124728ba4d38315d383ef0afeeb2,distributed/src/main/java/com/orientechnologies/orient/server/hazelcast/OHazelcastPlugin.java,177,0,6,49,1044,1446,NoBug
96e6d02a4377124728ba4d38315d383ef0afeeb2,core/src/main/java/com/orientechnologies/orient/core/metadata/security/OSecurityShared.java,78,0,3,29,378,516,NoBug
96e6d02a4377124728ba4d38315d383ef0afeeb2,distributed/src/main/java/com/orientechnologies/orient/server/hazelcast/ODistributedWorker.java,54,0,1,5,303,442,NoBug
97980df69ea5d9246525696fcce853bd0593dc2e,core/src/main/java/com/orientechnologies/orient/core/metadata/schema/OClassImpl.java,334,0,6,111,2208,2766,NoBug
979eb20c8c3e0419f862cfec9129b61aa1fd8786,core/src/main/java/com/orientechnologies/common/console/OConsoleApplication.java,135,0,0,12,552,729,Bag
979f0817ae00ac89b79001a27737a4428376c95c,tests/src/test/java/com/orientechnologies/orient/test/database/auto/SQLCreateVertexTest.java,5,0,1,4,76,104,NoBug
979f0817ae00ac89b79001a27737a4428376c95c,core/src/main/java/com/orientechnologies/orient/core/storage/cache/local/twoq/O2QCache.java,162,0,6,14,1151,1654,NoBug
980d8e97a4d3582f5fbf8b0aafd50c3078a70fef,core/src/test/java/com/orientechnologies/orient/core/sql/parser/OUpdateStatementTest.java,5,0,0,8,82,109,Bag
980d8e97a4d3582f5fbf8b0aafd50c3078a70fef,core/src/main/java/com/orientechnologies/orient/core/sql/OSQLHelper.java,86,0,2,10,268,389,Bag
980d8e97a4d3582f5fbf8b0aafd50c3078a70fef,core/src/test/java/com/orientechnologies/orient/core/sql/OCommandExecutorSQLUpdateTest.java,1,0,1,11,257,349,Bag
984c71715a77135a3a3b46473e9b6f816f78fb60,etl/src/main/java/com/orientechnologies/orient/etl/OETLPipeline.java,14,0,1,7,108,157,NoBug
984c71715a77135a3a3b46473e9b6f816f78fb60,etl/src/test/java/com/orientechnologies/orient/etl/OETLBaseTest.java,1,0,1,2,38,71,NoBug
984c71715a77135a3a3b46473e9b6f816f78fb60,etl/src/test/java/com/orientechnologies/orient/etl/extractor/OXmlExtractorTest.java,2,0,1,2,52,94,NoBug
984c71715a77135a3a3b46473e9b6f816f78fb60,etl/src/test/java/com/orientechnologies/orient/etl/extractor/OJsonExtractorTest.java,4,0,1,4,47,82,NoBug
984c71715a77135a3a3b46473e9b6f816f78fb60,etl/src/test/java/com/orientechnologies/orient/etl/OETLStubRandomExtractor.java,7,0,1,6,49,89,NoBug
984c71715a77135a3a3b46473e9b6f816f78fb60,etl/src/test/java/com/orientechnologies/orient/etl/loader/OOrientDBLoaderTest.java,1,0,1,1,29,43,NoBug
984c71715a77135a3a3b46473e9b6f816f78fb60,etl/src/main/java/com/orientechnologies/orient/etl/transformer/OLogTransformer.java,8,0,1,4,38,71,NoBug
984c71715a77135a3a3b46473e9b6f816f78fb60,etl/src/test/java/com/orientechnologies/orient/etl/extractor/OCSVExtractorTest.java,4,0,1,34,316,369,NoBug
984c71715a77135a3a3b46473e9b6f816f78fb60,etl/src/main/java/com/orientechnologies/orient/etl/OETLProcessor.java,60,0,3,17,473,651,NoBug
984c71715a77135a3a3b46473e9b6f816f78fb60,etl/src/test/java/com/orientechnologies/orient/etl/transformer/OVertexTransformerTest.java,1,0,2,4,45,79,NoBug
984c71715a77135a3a3b46473e9b6f816f78fb60,etl/src/test/java/com/orientechnologies/orient/etl/transformer/OLogTransformerTest.java,1,0,0,5,50,68,NoBug
984c71715a77135a3a3b46473e9b6f816f78fb60,etl/src/test/java/com/orientechnologies/orient/etl/transformer/OFieldTransformerTest.java,1,0,1,4,40,74,NoBug
984c71715a77135a3a3b46473e9b6f816f78fb60,etl/src/main/java/com/orientechnologies/orient/etl/extractor/OCSVExtractor.java,38,0,1,7,223,280,NoBug
984c71715a77135a3a3b46473e9b6f816f78fb60,etl/src/test/java/com/orientechnologies/orient/etl/transformer/OEdgeTransformerTest.java,1,0,2,6,116,177,NoBug
984c71715a77135a3a3b46473e9b6f816f78fb60,etl/src/test/java/com/orientechnologies/orient/etl/transformer/OCSVTransformerTest.java,3,0,1,32,292,359,NoBug
984c71715a77135a3a3b46473e9b6f816f78fb60,etl/src/test/java/com/orientechnologies/orient/etl/transformer/OMergeTransformerTest.java,1,0,1,3,56,86,NoBug
984c71715a77135a3a3b46473e9b6f816f78fb60,etl/src/main/java/com/orientechnologies/orient/etl/loader/OOrientDBLoader.java,93,0,1,9,409,522,NoBug
984c71715a77135a3a3b46473e9b6f816f78fb60,etl/src/test/java/com/orientechnologies/orient/etl/extractor/OJsonRandomExtractorTest.java,3,0,1,2,38,75,NoBug
984c71715a77135a3a3b46473e9b6f816f78fb60,etl/src/test/java/com/orientechnologies/orient/etl/OETLStubLoader.java,1,0,1,5,29,64,NoBug
984c71715a77135a3a3b46473e9b6f816f78fb60,etl/src/main/java/com/orientechnologies/orient/etl/transformer/OVertexTransformer.java,10,0,0,6,59,88,NoBug
984c71715a77135a3a3b46473e9b6f816f78fb60,etl/src/main/java/com/orientechnologies/orient/etl/OAbstractETLComponent.java,19,0,1,5,118,166,NoBug
984c71715a77135a3a3b46473e9b6f816f78fb60,etl/src/test/java/com/orientechnologies/orient/etl/transformer/OFlowTransformerTest.java,1,0,1,2,36,73,NoBug
989226d11c470794d7474aef0bf82d3587760f71,core/src/main/java/com/orientechnologies/common/console/OConsoleApplication.java,135,0,0,12,543,720,Bag
992ee7d319bbf34697321323e0b85486ae052a63,core/src/main/java/com/orientechnologies/orient/core/storage/cache/local/OWOWCache.java,225,0,5,39,1484,1936,NoBug
9948eaed9540477b740a215c986f92928fab2bf2,core/src/main/java/com/orientechnologies/orient/core/sql/executor/LetExpressionStep.java,2,0,1,5,52,72,Bag
9948eaed9540477b740a215c986f92928fab2bf2,graphdb/src/main/java/com/orientechnologies/orient/graph/sql/functions/OSQLFunctionShortestPath.java,53,0,1,3,241,322,Bag
9948eaed9540477b740a215c986f92928fab2bf2,core/src/main/java/com/orientechnologies/orient/core/sql/executor/EmptyStep.java,1,0,1,4,16,27,Bag
9948eaed9540477b740a215c986f92928fab2bf2,core/src/main/java/com/orientechnologies/orient/core/sql/functions/ODefaultSQLFunctionFactory.java,4,0,1,4,97,134,Bag
9948eaed9540477b740a215c986f92928fab2bf2,core/src/main/java/com/orientechnologies/orient/core/sql/executor/EmptyDataGeneratorStep.java,3,0,1,5,47,68,Bag
9948eaed9540477b740a215c986f92928fab2bf2,graphdb/src/main/java/com/orientechnologies/orient/graph/sql/functions/OGraphFunctionFactory.java,4,0,1,4,44,86,Bag
9979cb5d4ab1576959bb7eaba154dfaf328a12c7,core/src/main/java/com/orientechnologies/orient/core/iterator/OIdentifiableIterator.java,57,0,8,12,268,428,NoBug
9979cb5d4ab1576959bb7eaba154dfaf328a12c7,core/src/test/java/com/orientechnologies/orient/core/db/tool/TestImportRewriteLinks.java,1,0,0,2,25,36,NoBug
9979cb5d4ab1576959bb7eaba154dfaf328a12c7,core/src/main/java/com/orientechnologies/orient/core/db/tool/ODatabaseImport.java,254,0,1,19,1266,1652,NoBug
9979cb5d4ab1576959bb7eaba154dfaf328a12c7,core/src/main/java/com/orientechnologies/orient/core/db/tool/ODatabaseExport.java,108,0,1,7,439,585,NoBug
9979cb5d4ab1576959bb7eaba154dfaf328a12c7,core/src/main/java/com/orientechnologies/orient/core/iterator/ORecordIteratorCluster.java,31,0,6,5,170,288,NoBug
99a07688bdc3979e788f469cae7c5d9bd2fa9709,lucene/src/main/java/com/orientechnologies/lucene/builder/OLuceneIndexType.java,25,0,1,6,132,185,NoBug
99a07688bdc3979e788f469cae7c5d9bd2fa9709,lucene/src/test/java/com/orientechnologies/lucene/tests/OLuceneListIndexingTest.java,1,0,1,3,121,198,NoBug
99a07688bdc3979e788f469cae7c5d9bd2fa9709,lucene/src/test/java/com/orientechnologies/lucene/tests/OLuceneMassiveInsertDeleteTest.java,2,0,1,2,54,92,NoBug
99a07688bdc3979e788f469cae7c5d9bd2fa9709,lucene/src/test/java/com/orientechnologies/lucene/tests/OLuceneRangeTest.java,2,0,1,4,70,116,NoBug
99a07688bdc3979e788f469cae7c5d9bd2fa9709,lucene/src/test/java/com/orientechnologies/lucene/test/LuceneRangeTest.java,2,0,1,4,73,119,NoBug
99a07688bdc3979e788f469cae7c5d9bd2fa9709,lucene/src/test/java/com/orientechnologies/lucene/test/LuceneMassiveInsertDeleteTest.java,2,0,1,3,54,91,NoBug
99a07688bdc3979e788f469cae7c5d9bd2fa9709,lucene/src/main/java/com/orientechnologies/lucene/builder/OLuceneDocumentBuilder.java,8,0,1,2,58,99,NoBug
99a07688bdc3979e788f469cae7c5d9bd2fa9709,lucene/src/main/java/com/orientechnologies/lucene/parser/OLuceneMultiFieldQueryParser.java,10,0,1,2,70,93,NoBug
99a07688bdc3979e788f469cae7c5d9bd2fa9709,lucene/src/test/java/com/orientechnologies/lucene/test/LuceneMultiFieldTest.java,1,0,1,8,72,134,NoBug
99a07688bdc3979e788f469cae7c5d9bd2fa9709,lucene/src/main/java/com/orientechnologies/lucene/engine/OLuceneIndexEngineAbstract.java,45,0,2,30,418,539,NoBug
99a07688bdc3979e788f469cae7c5d9bd2fa9709,lucene/src/main/java/com/orientechnologies/lucene/engine/OLuceneFullTextIndexEngine.java,19,0,0,32,268,356,NoBug
99a07688bdc3979e788f469cae7c5d9bd2fa9709,lucene/src/test/java/com/orientechnologies/lucene/tests/OLuceneBaseTest.java,8,0,1,2,72,120,NoBug
99a07688bdc3979e788f469cae7c5d9bd2fa9709,lucene/src/test/java/com/orientechnologies/lucene/tests/OLuceneMultiFieldTest.java,1,0,1,6,65,125,NoBug
99a07688bdc3979e788f469cae7c5d9bd2fa9709,lucene/src/main/java/com/orientechnologies/lucene/tx/OLuceneTxChangesAbstract.java,3,0,1,3,39,79,NoBug
99be7200509211d42be9e3bf6b9e003d6d2216dd,graphdb/src/main/java/com/tinkerpop/blueprints/impls/orient/OrientVertex.java,226,0,28,5,712,1198,NoBug
99be7200509211d42be9e3bf6b9e003d6d2216dd,graphdb/src/test/java/com/orientechnologies/orient/graph/sql/SQLMoveVertexCommandTest.java,13,0,0,10,213,322,NoBug
99e561ee8b2645ca42fb8f21c4fa8fdfaa88316f,core/src/main/java/com/orientechnologies/orient/core/metadata/schema/OPropertyImpl.java,152,0,9,53,1133,1461,Bag
99e561ee8b2645ca42fb8f21c4fa8fdfaa88316f,core/src/main/java/com/orientechnologies/orient/core/sql/OCommandExecutorSQLAlterProperty.java,31,0,2,4,133,192,Bag
99e561ee8b2645ca42fb8f21c4fa8fdfaa88316f,core/src/main/java/com/orientechnologies/orient/core/metadata/schema/OType.java,223,0,10,10,544,754,Bag
99e561ee8b2645ca42fb8f21c4fa8fdfaa88316f,core/src/main/java/com/orientechnologies/orient/core/serialization/serializer/record/binary/ORecordSerializerBinaryV0.java,170,0,0,10,844,1016,Bag
9a3b8bba6a3a354ea9ceac8be37b8eaa35d8ccfd,graphdb/src/main/java/com/orientechnologies/orient/graph/sql/OCommandExecutorSQLMoveVertex.java,25,0,2,3,123,192,Bag
9a3b8bba6a3a354ea9ceac8be37b8eaa35d8ccfd,core/src/main/java/com/orientechnologies/common/console/OConsoleApplication.java,95,0,0,10,410,540,Bag
9a3b8bba6a3a354ea9ceac8be37b8eaa35d8ccfd,tools/src/main/java/com/orientechnologies/orient/console/OConsoleDatabaseApp.java,267,0,12,99,1820,2306,Bag
9a3b8bba6a3a354ea9ceac8be37b8eaa35d8ccfd,core/src/main/java/com/orientechnologies/common/console/annotation/ConsoleCommand.java,1,0,0,1,12,37,NoBug
9a437f2177c4a6ea5ec1c8f1cf32b5ddfa794fc8,core/src/main/java/com/orientechnologies/orient/core/serialization/serializer/OStringSerializerHelper.java,295,0,6,36,828,1085,NoBug
9a437f2177c4a6ea5ec1c8f1cf32b5ddfa794fc8,server/src/main/java/com/orientechnologies/orient/server/network/protocol/binary/ONetworkProtocolBinary.java,366,0,1,15,2137,2772,NoBug
9a437f2177c4a6ea5ec1c8f1cf32b5ddfa794fc8,tests/src/test/java/com/orientechnologies/orient/test/database/auto/CRUDDocumentPhysicalTest.java,58,0,0,37,736,992,NoBug
9a437f2177c4a6ea5ec1c8f1cf32b5ddfa794fc8,core/src/main/java/com/orientechnologies/orient/core/serialization/serializer/record/string/ORecordSerializerJSON.java,179,0,0,11,602,767,NoBug
9a437f2177c4a6ea5ec1c8f1cf32b5ddfa794fc8,object/src/main/java/com/orientechnologies/orient/object/enhancement/OObjectEntityEnhancer.java,51,0,1,9,253,302,NoBug
9aa3229a7ed9d093a608b47837f9549c4da72e3f,server/src/main/java/com/orientechnologies/orient/server/plugin/OServerPluginManager.java,40,0,1,11,260,367,NoBug
9ab86b72557b5ce18e75dda7cc31a353157f2948,graphdb/src/main/java/com/orientechnologies/orient/graph/sql/OGraphCommandExecutorSQLFactory.java,35,0,6,10,196,297,Bag
9ab86b72557b5ce18e75dda7cc31a353157f2948,graphdb/src/main/java/com/orientechnologies/orient/graph/sql/OCommandExecutorSQLMoveVertex.java,26,0,2,3,128,198,Bag
9ab86b72557b5ce18e75dda7cc31a353157f2948,graphdb/src/main/java/com/tinkerpop/blueprints/impls/orient/OrientTransactionalGraph.java,20,0,4,3,128,214,Bag
9ab86b72557b5ce18e75dda7cc31a353157f2948,graphdb/src/main/java/com/tinkerpop/blueprints/impls/orient/OrientBaseGraph.java,216,0,70,13,1188,2128,Bag
9af850dcd05f357868e604f4eb3376909382fa1b,core/src/main/java/com/orientechnologies/orient/core/index/OPropertyListIndexDefinition.java,9,0,1,8,74,115,NoBug
9af850dcd05f357868e604f4eb3376909382fa1b,core/src/test/java/com/orientechnologies/orient/core/index/OPropertyListIndexDefinitionTest.java,2,0,1,25,297,406,NoBug
9b0a6b5a0d74bce339faedfdf33a3918902c1a9e,server/src/main/java/com/orientechnologies/orient/server/distributed/ODistributedStorage.java,168,0,1,82,1057,1446,NoBug
9b0a6b5a0d74bce339faedfdf33a3918902c1a9e,core/src/main/java/com/orientechnologies/orient/core/sql/OCommandExecutorSQLUpdate.java,173,0,2,7,587,759,Bag
9b0a6b5a0d74bce339faedfdf33a3918902c1a9e,graphdb/src/main/java/com/tinkerpop/blueprints/impls/orient/OrientGraphCommand.java,4,0,1,13,76,120,NoBug
9b0a6b5a0d74bce339faedfdf33a3918902c1a9e,core/src/main/java/com/orientechnologies/orient/core/sql/OCommandExecutorSQLResultsetAbstract.java,105,0,2,5,436,648,NoBug
9b0a6b5a0d74bce339faedfdf33a3918902c1a9e,graphdb/src/main/java/com/orientechnologies/orient/graph/sql/OCommandExecutorSQLDeleteVertex.java,32,0,3,6,184,266,NoBug
9b0a6b5a0d74bce339faedfdf33a3918902c1a9e,core/src/main/java/com/orientechnologies/orient/core/sql/OCommandExecutorSQLDelegate.java,8,0,1,10,83,126,NoBug
9b0a6b5a0d74bce339faedfdf33a3918902c1a9e,core/src/main/java/com/orientechnologies/orient/core/command/OCommandExecutorAbstract.java,4,0,2,14,87,137,NoBug
9b0a6b5a0d74bce339faedfdf33a3918902c1a9e,core/src/main/java/com/orientechnologies/orient/core/sql/OCommandExecutorSQLExplain.java,4,0,1,4,42,79,NoBug
9b0a6b5a0d74bce339faedfdf33a3918902c1a9e,core/src/main/java/com/orientechnologies/orient/core/sql/OCommandExecutorSQLSelect.java,510,0,4,18,1850,2403,NoBug
9b0a6b5a0d74bce339faedfdf33a3918902c1a9e,distributed/src/test/java/com/orientechnologies/orient/server/distributed/AbstractServerClusterTxTest.java,6,0,1,0,73,112,NoBug
9b0a6b5a0d74bce339faedfdf33a3918902c1a9e,distributed/src/main/java/com/orientechnologies/orient/server/hazelcast/OHazelcastPlugin.java,177,0,6,49,1044,1446,Bag
9b0a6b5a0d74bce339faedfdf33a3918902c1a9e,server/src/main/java/com/orientechnologies/orient/server/distributed/task/OTxTaskResult.java,6,0,1,5,44,78,NoBug
9b0a6b5a0d74bce339faedfdf33a3918902c1a9e,distributed/src/test/java/com/orientechnologies/orient/server/distributed/TestSharding.java,23,0,0,2,247,344,NoBug
9b0a6b5a0d74bce339faedfdf33a3918902c1a9e,core/src/main/java/com/orientechnologies/orient/core/sql/OCommandExecutorSQLDelete.java,52,0,2,9,251,363,NoBug
9b0a6b5a0d74bce339faedfdf33a3918902c1a9e,graphdb/src/main/java/com/orientechnologies/orient/graph/sql/OCommandExecutorSQLDeleteEdge.java,75,0,3,5,260,356,NoBug
9b0a6b5a0d74bce339faedfdf33a3918902c1a9e,core/src/main/java/com/orientechnologies/orient/core/command/OCommandDistributedReplicateRequest.java,1,0,4,2,12,65,NoBug
9b0a6b5a0d74bce339faedfdf33a3918902c1a9e,server/src/main/java/com/orientechnologies/orient/server/distributed/ODistributedConfiguration.java,79,0,20,7,369,615,NoBug
9b12a3a13dd510af87cd280313523c509bb60cca,core/src/main/java/com/orientechnologies/orient/core/query/live/OLiveQueryQueueThread.java,6,0,1,8,61,98,Bag
9b12a3a13dd510af87cd280313523c509bb60cca,server/src/main/java/com/orientechnologies/orient/server/network/protocol/binary/OLiveCommandResultListener.java,14,0,1,7,164,216,Bag
9b12a3a13dd510af87cd280313523c509bb60cca,core/src/main/java/com/orientechnologies/orient/core/sql/OCommandExecutorSQLCreateUser.java,16,0,1,4,120,158,NoBug
9b23a8d860257704349b7852bb525137a4e573e4,core/src/main/java/com/orientechnologies/orient/core/db/document/ODatabaseDocumentTx.java,400,0,72,82,1995,2946,Bag
9b23a8d860257704349b7852bb525137a4e573e4,core/src/test/java/com/orientechnologies/orient/core/db/hook/CheckHookCallCountTest.java,1,0,0,5,56,69,Bag
9b31bfdca8172b0ad9c595e53c27a7eba14b9771,core/src/main/java/com/orientechnologies/orient/core/sql/OCommandExecutorSQLSelect.java,622,0,4,19,2191,2850,NoBug
9b31bfdca8172b0ad9c595e53c27a7eba14b9771,core/src/test/java/com/orientechnologies/orient/core/sql/OCommandExecutorSQLSelectTest.java,24,0,1,54,677,866,Bag
9bdd162585b56e86b180227805d33351ec66fcfa,core/src/test/java/com/orientechnologies/orient/core/storage/cache/local/twoq/ReadWriteDiskCacheTest.java,113,0,0,22,970,1303,Bag
9bdd162585b56e86b180227805d33351ec66fcfa,core/src/main/java/com/orientechnologies/orient/core/storage/impl/memory/ODirectMemoryOnlyDiskCache.java,32,0,5,55,537,715,Bag
9bdd162585b56e86b180227805d33351ec66fcfa,distributed/src/main/java/com/orientechnologies/orient/server/distributed/sql/OCommandExecutorSQLHASyncCluster.java,23,0,2,7,191,277,Bag
9bdd162585b56e86b180227805d33351ec66fcfa,core/src/main/java/com/orientechnologies/orient/core/storage/fs/OFileClassic.java,67,0,7,25,696,876,Bag
9bdd162585b56e86b180227805d33351ec66fcfa,core/src/main/java/com/orientechnologies/orient/core/storage/impl/local/paginated/OClusterPositionMap.java,52,0,2,21,643,763,Bag
9bdd162585b56e86b180227805d33351ec66fcfa,core/src/main/java/com/orientechnologies/orient/core/storage/fs/OFile.java,1,0,6,25,36,121,Bag
9bdd162585b56e86b180227805d33351ec66fcfa,core/src/main/java/com/orientechnologies/orient/core/storage/cache/local/OWOWCache.java,300,0,5,47,2023,3005,Bag
9bdd162585b56e86b180227805d33351ec66fcfa,distributed/src/main/java/com/orientechnologies/orient/server/distributed/impl/task/OSyncClusterTask.java,16,0,1,11,172,245,Bag
9bdd162585b56e86b180227805d33351ec66fcfa,core/src/main/java/com/orientechnologies/orient/core/compression/impl/OZIPCompressionUtil.java,19,0,2,3,154,215,Bag
9bdd162585b56e86b180227805d33351ec66fcfa,core/src/main/java/com/orientechnologies/orient/core/storage/cache/OWriteCache.java,1,0,8,32,53,179,Bag
9bdd162585b56e86b180227805d33351ec66fcfa,core/src/main/java/com/orientechnologies/orient/core/storage/impl/local/paginated/OPaginatedCluster.java,159,0,3,46,1755,2154,Bag
9c64f22fb9d464a1c38fdd152ffcb2fb1e192c16,core/src/main/java/com/orientechnologies/orient/core/serialization/serializer/record/string/ORecordSerializerJSON.java,178,0,0,10,590,749,Bag
9c64f22fb9d464a1c38fdd152ffcb2fb1e192c16,tests/src/test/java/com/orientechnologies/orient/test/database/auto/JSONTest.java,36,0,0,52,899,1150,Bag
9c6d3367e8791f056c3b2deb588dac164516b846,core/src/main/java/com/orientechnologies/orient/core/sql/OCommandExecutorSQLInsert.java,66,0,2,8,318,438,Bag
9c6d3367e8791f056c3b2deb588dac164516b846,core/src/test/java/com/orientechnologies/orient/core/sql/OCommandExecutorSQLUpdateTest.java,1,0,1,15,318,423,Bag
9c6d3367e8791f056c3b2deb588dac164516b846,core/src/main/java/com/orientechnologies/orient/core/sql/OCommandExecutorSQLSetAware.java,37,0,1,1,143,206,Bag
9c9465b244a894bc674702f79e2c54c67d03dc7f,graphdb/src/main/java/com/orientechnologies/orient/graph/sql/OCommandExecutorSQLDeleteVertex.java,44,0,4,10,244,349,NoBug
9c9465b244a894bc674702f79e2c54c67d03dc7f,graphdb/src/main/java/com/orientechnologies/orient/graph/sql/OCommandExecutorSQLDeleteEdge.java,82,0,4,8,294,406,NoBug
9cf416121d18f72a85f2135ddbd9a4fa47522967,graphdb/src/main/java/com/orientechnologies/orient/graph/sql/OCommandExecutorSQLDeleteVertex.java,45,0,3,10,242,338,NoBug
9cf416121d18f72a85f2135ddbd9a4fa47522967,distributed/src/test/java/com/orientechnologies/orient/server/distributed/AbstractServerClusterTxTest.java,10,0,1,0,96,141,NoBug
9cf416121d18f72a85f2135ddbd9a4fa47522967,graphdb/src/main/java/com/orientechnologies/orient/graph/sql/OCommandExecutorSQLDeleteEdge.java,86,0,3,8,299,408,NoBug
9cf416121d18f72a85f2135ddbd9a4fa47522967,core/src/main/java/com/orientechnologies/orient/core/sql/OCommandExecutorSQLUpdate.java,175,0,2,9,607,785,Bag
9cf416121d18f72a85f2135ddbd9a4fa47522967,core/src/main/java/com/orientechnologies/orient/core/sql/OCommandExecutorSQLDelete.java,54,0,2,11,264,377,NoBug
9d036f4cca044fbcec3bafe762ad3cc7fc34ba25,core/src/main/java/com/orientechnologies/orient/core/exception/ORecordNotFoundException.java,5,0,0,6,29,60,Bag
9d2b1a6a09b07fcc8eee0bf1307fea30f73f6c6f,lucene/src/main/java/com/orientechnologies/lucene/engine/OLuceneIndexEngineAbstract.java,44,0,2,30,427,545,NoBug
9d2b1a6a09b07fcc8eee0bf1307fea30f73f6c6f,graphdb/src/main/java/com/tinkerpop/blueprints/impls/orient/OrientBaseGraph.java,236,0,76,13,1244,2262,NoBug
9d33377d066531efea7120d2fda7a8daa5376fd1,core/src/main/java/com/orientechnologies/orient/core/serialization/serializer/stream/OStreamSerializerSBTreeIndexRIDContainer.java,16,0,0,20,227,293,NoBug
9d33377d066531efea7120d2fda7a8daa5376fd1,core/src/main/java/com/orientechnologies/orient/core/serialization/serializer/stream/OStreamSerializerOldRIDContainer.java,7,0,1,19,151,220,NoBug
9d33377d066531efea7120d2fda7a8daa5376fd1,distributed/src/test/java/com/orientechnologies/orient/server/distributed/DistributedIndexes.java,4,0,1,2,80,122,Bag
9dda20f3252b4cac01159eed522a2e1ec642b331,distributed/src/main/java/com/orientechnologies/orient/server/distributed/impl/ODistributedAbstractPlugin.java,247,0,8,63,1391,1928,Bag
9df1e17bf9f8ea115fe2f31b9a501a38380867a5,core/src/main/java/com/orientechnologies/orient/core/sql/parser/OrientSql.java,11091,0,11,168,24144,25612,Bag
9df1e17bf9f8ea115fe2f31b9a501a38380867a5,core/src/main/java/com/orientechnologies/orient/core/storage/impl/local/paginated/atomicoperations/OAtomicOperationsManager.java,64,0,5,12,390,557,Bag
9df1e17bf9f8ea115fe2f31b9a501a38380867a5,core/src/main/java/com/orientechnologies/orient/core/sql/parser/OrientSqlConstants.java,1,0,1,0,461,698,Bag
9df1e17bf9f8ea115fe2f31b9a501a38380867a5,server/src/test/java/com/orientechnologies/orient/core/storage/impl/local/paginated/LocalPaginatedStorageUpdateCrashRestoreIT.java,18,0,1,9,230,305,Bag
9df1e17bf9f8ea115fe2f31b9a501a38380867a5,server/src/test/java/com/orientechnologies/orient/core/storage/impl/local/paginated/LocalPaginatedStorageMixCrashRestoreIT.java,40,0,1,9,344,451,Bag
9df1e17bf9f8ea115fe2f31b9a501a38380867a5,core/src/main/java/com/orientechnologies/common/concur/lock/ONewLockManager.java,45,0,1,22,359,489,Bag
9df1e17bf9f8ea115fe2f31b9a501a38380867a5,core/src/test/java/com/orientechnologies/orient/core/sql/parser/OUpdateStatementTest.java,5,0,0,11,92,123,Bag
9df1e17bf9f8ea115fe2f31b9a501a38380867a5,core/src/main/java/com/orientechnologies/orient/core/sql/parser/OSelectStatement.java,32,0,0,26,223,299,Bag
9df1e17bf9f8ea115fe2f31b9a501a38380867a5,core/src/main/java/com/orientechnologies/orient/core/sql/parser/OUpdateStatement.java,12,0,0,4,63,84,Bag
9df1e17bf9f8ea115fe2f31b9a501a38380867a5,core/src/test/java/com/orientechnologies/orient/core/sql/parser/OSelectStatementTest.java,7,0,0,55,524,671,Bag
9df1e17bf9f8ea115fe2f31b9a501a38380867a5,core/src/main/java/com/orientechnologies/orient/core/sql/OCommandExecutorSQLSelect.java,639,0,4,19,2260,2923,Bag
9df1e17bf9f8ea115fe2f31b9a501a38380867a5,core/src/main/java/com/orientechnologies/orient/core/sql/parser/OrientSqlTokenManager.java,2648,0,8,0,5747,5780,Bag
9df1e17bf9f8ea115fe2f31b9a501a38380867a5,core/src/main/java/com/orientechnologies/orient/core/sql/OCommandExecutorSQLUpdate.java,196,0,2,9,698,903,Bag
9df1e17bf9f8ea115fe2f31b9a501a38380867a5,tests/src/test/java/com/orientechnologies/orient/test/database/auto/LockManagerTest.java,25,0,1,11,212,301,Bag
9df1e17bf9f8ea115fe2f31b9a501a38380867a5,core/src/main/java/com/orientechnologies/common/concur/lock/OLockManager.java,23,0,1,7,129,185,Bag
9df1e17bf9f8ea115fe2f31b9a501a38380867a5,core/src/main/java/com/orientechnologies/orient/core/config/OGlobalConfiguration.java,46,0,3,14,667,1001,Bag
9df1e17bf9f8ea115fe2f31b9a501a38380867a5,core/src/main/java/com/orientechnologies/orient/core/storage/impl/local/OAbstractPaginatedStorage.java,421,0,8,97,3003,3946,Bag
9df1e17bf9f8ea115fe2f31b9a501a38380867a5,server/src/test/java/com/orientechnologies/orient/core/storage/impl/local/paginated/LocalPaginatedStorageLinkBagCrashRestoreIT.java,34,0,0,12,311,401,Bag
9e3be4117a7bdab3fb8e622795ab1d363fc009c8,object/src/test/java/com/orientechnologies/orient/object/db/OObjectLazyListTest.java,1,0,1,3,75,105,Bag
9e3be4117a7bdab3fb8e622795ab1d363fc009c8,object/src/main/java/com/orientechnologies/orient/object/db/OObjectLazyList.java,103,0,0,38,398,480,Bag
9e4eeb21fbc2bd2d6862cec30e0bf000a318fbc3,core/src/main/java/com/orientechnologies/orient/core/record/impl/ODocument.java,667,0,55,41,2311,3169,NoBug
9e4eeb21fbc2bd2d6862cec30e0bf000a318fbc3,core/src/main/java/com/orientechnologies/orient/core/sql/executor/OResultInternal.java,43,0,1,20,209,239,NoBug
9e6d78ba86b09a08b9f7a3859feae7095689d299,core/src/main/java/com/orientechnologies/orient/core/sql/operator/OQueryOperatorIn.java,56,0,1,5,212,285,Bag
9ea2187c75135a55a1ed79cdec9cf4a6919663b0,core/src/main/java/com/orientechnologies/orient/core/sql/functions/text/OSQLMethodToJSON.java,12,0,1,3,44,81,Bag
9ea2187c75135a55a1ed79cdec9cf4a6919663b0,core/src/test/java/com/orientechnologies/orient/core/sql/OCommandExecutorSQLScriptTest.java,3,0,0,12,120,152,Bag
9efe2cd66c4553dc020f53673075962644a035b1,graphdb/src/main/java/com/tinkerpop/blueprints/impls/orient/OrientElementIterator.java,10,0,0,0,47,89,NoBug
9efe2cd66c4553dc020f53673075962644a035b1,core/src/main/java/com/orientechnologies/orient/core/sql/OCommandExecutorSQLDelegate.java,5,0,1,12,75,120,NoBug
9efe2cd66c4553dc020f53673075962644a035b1,client/src/main/java/com/orientechnologies/orient/client/binary/OChannelBinaryAsynchClient.java,73,0,2,13,346,471,NoBug
9efe2cd66c4553dc020f53673075962644a035b1,core/src/main/java/com/orientechnologies/orient/core/db/document/ODatabaseDocumentTx.java,459,0,82,91,2310,3394,NoBug
9efe2cd66c4553dc020f53673075962644a035b1,graphdb/src/test/java/com/tinkerpop/blueprints/impls/orient/TestSelectProjectionVertex.java,3,0,0,2,36,48,NoBug
9efe2cd66c4553dc020f53673075962644a035b1,graphdb/src/main/java/com/tinkerpop/blueprints/impls/orient/OrientElement.java,92,0,25,10,405,742,NoBug
9fa8bca3ace62c8a141db035ee55c9d0c3ef61c4,core/src/main/java/com/orientechnologies/orient/core/sql/parser/OAlterClassStatement.java,26,0,0,4,100,121,NoBug
9fa8bca3ace62c8a141db035ee55c9d0c3ef61c4,core/src/test/java/com/orientechnologies/orient/core/sql/parser/OAlterClassStatementTest.java,1,0,0,2,54,82,NoBug
9fa8bca3ace62c8a141db035ee55c9d0c3ef61c4,core/src/main/java/com/orientechnologies/orient/core/sql/OCommandExecutorSQLAlterClass.java,37,0,2,5,134,196,NoBug
9fad56cbd4119e7540c98e92fa5fab700025cb72,object/src/main/java/com/orientechnologies/orient/object/enhancement/OObjectEntitySerializer.java,369,0,12,41,1130,1464,Bag
9fafc831eb34b52e74e1d8e1caf9678667f4ec26,distributed/src/main/java/com/orientechnologies/orient/server/hazelcast/OHazelcastDistributedDatabase.java,71,0,1,10,401,562,Bag
9fafc831eb34b52e74e1d8e1caf9678667f4ec26,server/src/main/java/com/orientechnologies/orient/server/distributed/OAsynchDistributedOperation.java,1,0,1,5,29,62,Bag
9fafc831eb34b52e74e1d8e1caf9678667f4ec26,distributed/src/test/java/com/orientechnologies/orient/server/distributed/asynch/TestAsyncReplMode2Servers.java,13,0,0,1,96,115,Bag
9fafc831eb34b52e74e1d8e1caf9678667f4ec26,server/src/main/java/com/orientechnologies/orient/server/distributed/ODistributedStorage.java,173,0,1,82,1073,1471,Bag
9fafc831eb34b52e74e1d8e1caf9678667f4ec26,core/src/main/java/com/orientechnologies/orient/core/storage/impl/local/OAbstractPaginatedStorage.java,291,0,3,74,1919,2517,Bag
9fd55492fddde82575ed2dd6134ba954a0e4deb3,tests/src/test/java/com/orientechnologies/orient/test/database/auto/ORidBagTest.java,99,0,0,28,1114,1529,NoBug
9fd55492fddde82575ed2dd6134ba954a0e4deb3,tests/src/test/java/com/orientechnologies/orient/test/database/auto/LiveQueryTest.java,2,0,1,3,72,111,NoBug
9fd55492fddde82575ed2dd6134ba954a0e4deb3,server/src/main/java/com/orientechnologies/orient/server/tx/OTransactionOptimisticProxy.java,45,0,0,6,252,340,NoBug
9fd55492fddde82575ed2dd6134ba954a0e4deb3,core/src/test/java/com/orientechnologies/orient/core/sql/OLiveQueryTest.java,2,0,1,1,64,107,NoBug
9fff3857c4940e5cb945f9b031f3aa7609533e6a,tools/src/main/java/com/orientechnologies/orient/console/OConsoleDatabaseApp.java,325,0,11,111,2200,2752,Bag
a02aa717dda74ce1fd4b6b86aa45ff12173a593c,graphdb/src/main/java/com/tinkerpop/blueprints/impls/orient/OrientGraphQuery.java,63,0,9,2,272,422,Bag
a02aa717dda74ce1fd4b6b86aa45ff12173a593c,core/src/test/java/com/orientechnologies/orient/core/sql/functions/math/OSQLFunctionAbsoluteValueTest.java,1,0,1,19,141,171,NoBug
a02aa717dda74ce1fd4b6b86aa45ff12173a593c,core/src/test/java/com/orientechnologies/orient/core/sql/select/TestSelectDetectType.java,1,0,0,4,28,40,NoBug
a02aa717dda74ce1fd4b6b86aa45ff12173a593c,core/src/main/java/com/orientechnologies/orient/core/serialization/serializer/record/string/ORecordSerializerStringAbstract.java,201,0,3,13,547,710,NoBug
a07a540cbf0795364e5fdd680cde9eba1b2b6ffd,core/src/main/java/com/orientechnologies/orient/core/sql/functions/coll/OSQLFunctionList.java,10,0,1,6,68,109,Bag
a07a540cbf0795364e5fdd680cde9eba1b2b6ffd,core/src/main/java/com/orientechnologies/orient/core/sql/functions/stat/OSQLFunctionVariance.java,10,0,1,7,92,157,Bag
a07a540cbf0795364e5fdd680cde9eba1b2b6ffd,core/src/main/java/com/orientechnologies/orient/core/sql/functions/stat/OSQLFunctionMode.java,12,0,1,6,81,122,Bag
a07a540cbf0795364e5fdd680cde9eba1b2b6ffd,core/src/main/java/com/orientechnologies/orient/core/sql/functions/stat/OSQLFunctionStandardDeviation.java,2,0,1,4,27,62,Bag
a07a540cbf0795364e5fdd680cde9eba1b2b6ffd,core/src/main/java/com/orientechnologies/orient/core/sql/functions/coll/OSQLFunctionDocument.java,14,0,1,6,78,124,Bag
a07a540cbf0795364e5fdd680cde9eba1b2b6ffd,core/src/main/java/com/orientechnologies/orient/core/sql/functions/coll/OSQLFunctionSet.java,10,0,1,6,69,112,Bag
a07a540cbf0795364e5fdd680cde9eba1b2b6ffd,core/src/main/java/com/orientechnologies/orient/core/sql/functions/coll/OSQLFunctionMap.java,14,0,1,6,76,124,Bag
a07a540cbf0795364e5fdd680cde9eba1b2b6ffd,core/src/main/java/com/orientechnologies/orient/core/sql/functions/stat/OSQLFunctionPercentile.java,15,0,1,7,108,157,Bag
a07a540cbf0795364e5fdd680cde9eba1b2b6ffd,core/src/main/java/com/orientechnologies/orient/core/sql/functions/coll/OSQLFunctionSymmetricDifference.java,14,0,1,5,96,143,Bag
a0b6d96da22d382a5606fd0af1102fbe8aaa777d,core/src/main/java/com/orientechnologies/orient/core/db/tool/ODatabaseImport.java,231,0,1,17,1208,1580,Bag
a1005e7c609eeb98dcc098ec414f77d0b5c83be4,graphdb/src/test/java/com/orientechnologies/orient/graph/sql/SQLMoveVertexCommandTest.java,10,0,0,9,194,296,NoBug
a1005e7c609eeb98dcc098ec414f77d0b5c83be4,graphdb/src/main/java/com/tinkerpop/blueprints/impls/orient/OrientBaseGraph.java,231,0,76,13,1205,2215,Bag
a129123b5ea8581099d3c8f7e5a4bebaabc8de55,core/src/test/java/com/orientechnologies/orient/core/metadata/schema/AlterSuperclassTest.java,3,0,3,6,92,126,NoBug
a129123b5ea8581099d3c8f7e5a4bebaabc8de55,core/src/main/java/com/orientechnologies/orient/core/metadata/schema/OClassImpl.java,306,0,5,106,2127,2667,Bag
a1eed89dcfdc303c846b0d6159189f720c1bade8,core/src/test/java/com/orientechnologies/orient/core/storage/impl/local/paginated/LocalPaginatedClusterWithWALTest.java,24,0,1,29,328,442,NoBug
a1eed89dcfdc303c846b0d6159189f720c1bade8,core/src/test/java/com/orientechnologies/common/collection/closabledictionary/OClosableLRUListTest.java,2,0,0,8,189,256,NoBug
a1eed89dcfdc303c846b0d6159189f720c1bade8,core/src/test/java/com/orientechnologies/orient/core/index/hashindex/local/OLocalHashTableWALTest.java,30,0,1,10,262,354,NoBug
a1eed89dcfdc303c846b0d6159189f720c1bade8,core/src/main/java/com/orientechnologies/common/collection/closabledictionary/OClosableLRUList.java,37,0,0,0,158,222,NoBug
a1eed89dcfdc303c846b0d6159189f720c1bade8,core/src/test/java/com/orientechnologies/orient/core/index/hashindex/local/arc/ReadWriteCacheConcurrentTest.java,32,0,1,4,242,306,NoBug
a1eed89dcfdc303c846b0d6159189f720c1bade8,core/src/main/java/com/orientechnologies/orient/core/storage/cache/local/OBackgroundExceptionListener.java,1,0,1,1,4,10,NoBug
a1eed89dcfdc303c846b0d6159189f720c1bade8,core/src/test/java/com/orientechnologies/orient/core/index/sbtree/local/SBTreeWALTest.java,26,0,1,16,264,348,NoBug
a1eed89dcfdc303c846b0d6159189f720c1bade8,core/src/test/java/com/orientechnologies/orient/core/storage/cache/local/twoq/ReadWriteDiskCacheTest.java,92,0,0,23,928,1245,NoBug
a1eed89dcfdc303c846b0d6159189f720c1bade8,core/src/main/java/com/orientechnologies/orient/core/storage/impl/local/OAbstractPaginatedStorage.java,488,0,7,103,3196,4223,Bag
a1eed89dcfdc303c846b0d6159189f720c1bade8,core/src/main/java/com/orientechnologies/orient/core/engine/local/OEngineLocalPaginated.java,6,0,2,7,78,126,NoBug
a1eed89dcfdc303c846b0d6159189f720c1bade8,core/src/test/java/com/orientechnologies/common/collection/closabledictionary/OClosableLinkedContainerTest.java,14,0,0,4,167,219,NoBug
a1eed89dcfdc303c846b0d6159189f720c1bade8,core/src/main/java/com/orientechnologies/orient/core/index/engine/OSBTreeIndexEngine.java,12,0,1,25,208,286,Bag
a1eed89dcfdc303c846b0d6159189f720c1bade8,core/src/main/java/com/orientechnologies/common/collection/closabledictionary/OClosableLinkedContainer.java,53,0,9,0,413,781,NoBug
a1eed89dcfdc303c846b0d6159189f720c1bade8,core/src/main/java/com/orientechnologies/common/collection/closabledictionary/OClosableItem.java,1,0,1,3,6,13,NoBug
a1eed89dcfdc303c846b0d6159189f720c1bade8,core/src/main/java/com/orientechnologies/orient/core/storage/impl/memory/ODirectMemoryOnlyDiskCache.java,29,0,5,50,498,660,NoBug
a1eed89dcfdc303c846b0d6159189f720c1bade8,core/src/main/java/com/orientechnologies/orient/core/storage/cache/local/OWOWCache.java,225,0,5,39,1483,1932,Bag
a1eed89dcfdc303c846b0d6159189f720c1bade8,core/src/test/java/com/orientechnologies/orient/core/index/sbtreebonsai/local/OSBTreeBonsaiWALTest.java,27,0,1,18,271,362,NoBug
a1eed89dcfdc303c846b0d6159189f720c1bade8,core/src/main/java/com/orientechnologies/orient/core/storage/fs/OFile.java,1,0,6,29,41,128,NoBug
a1eed89dcfdc303c846b0d6159189f720c1bade8,core/src/main/java/com/orientechnologies/orient/core/index/engine/OHashTableIndexEngine.java,27,0,1,25,312,418,Bag
a1eed89dcfdc303c846b0d6159189f720c1bade8,core/src/main/java/com/orientechnologies/common/collection/closabledictionary/OClosableEntry.java,8,0,1,8,127,193,NoBug
a1eed89dcfdc303c846b0d6159189f720c1bade8,core/src/main/java/com/orientechnologies/orient/core/config/OGlobalConfiguration.java,33,0,3,14,630,1010,Bag
a1eed89dcfdc303c846b0d6159189f720c1bade8,core/src/main/java/com/orientechnologies/orient/core/storage/cache/OWriteCache.java,1,0,7,30,49,159,NoBug
a1eed89dcfdc303c846b0d6159189f720c1bade8,core/src/main/java/com/orientechnologies/orient/core/storage/fs/OFileClassic.java,82,0,11,25,785,991,NoBug
a1eed89dcfdc303c846b0d6159189f720c1bade8,core/src/main/java/com/orientechnologies/orient/core/storage/impl/local/OSingleFileSegment.java,5,0,0,17,76,116,NoBug
a1eed89dcfdc303c846b0d6159189f720c1bade8,core/src/main/java/com/orientechnologies/orient/core/storage/impl/local/paginated/OLocalPaginatedStorage.java,46,0,1,12,378,484,NoBug
a1eed89dcfdc303c846b0d6159189f720c1bade8,core/src/test/java/com/orientechnologies/orient/core/index/hashindex/local/cache/WOWCacheTest.java,18,0,1,6,229,309,NoBug
a1f41c6021d22762e02f27810946f1db84d74d5e,core/src/main/java/com/orientechnologies/common/console/OConsoleApplication.java,135,0,0,12,542,719,Bag
a242cd8fb39fd371e5dfd3ba2f972abc05ebfecb,core/src/main/java/com/orientechnologies/orient/core/sql/operator/OQueryOperator.java,11,0,5,11,129,250,NoBug
a242cd8fb39fd371e5dfd3ba2f972abc05ebfecb,lucene/src/main/java/com/orientechnologies/lucene/operator/OLuceneTextOperator.java,18,0,0,11,162,213,NoBug
a242cd8fb39fd371e5dfd3ba2f972abc05ebfecb,core/src/main/java/com/orientechnologies/orient/core/sql/OIndexSearchResult.java,28,0,2,5,108,175,NoBug
a242cd8fb39fd371e5dfd3ba2f972abc05ebfecb,lucene/src/test/java/com/orientechnologies/lucene/LuceneReuseTest.java,3,0,1,2,70,102,NoBug
a29bbd0a01ce3d06bedea9898c24363b5d4087ed,core/src/main/java/com/orientechnologies/orient/core/record/impl/ODocument.java,531,0,52,34,1883,2684,Bag
a2eaf6636bb600c7e6d311b0bb7d112bbaafb4a0,core/src/main/java/com/orientechnologies/orient/core/storage/impl/memory/ODirectMemoryOnlyDiskCache.java,29,0,5,50,498,660,Bag
a2eaf6636bb600c7e6d311b0bb7d112bbaafb4a0,core/src/test/java/com/orientechnologies/orient/core/storage/cache/pages/PageCacheTest.java,8,0,1,5,517,719,Bag
a2eaf6636bb600c7e6d311b0bb7d112bbaafb4a0,core/src/test/java/com/orientechnologies/orient/core/index/hashindex/local/cache/WOWCacheTest.java,18,0,1,6,230,311,Bag
a2eaf6636bb600c7e6d311b0bb7d112bbaafb4a0,core/src/main/java/com/orientechnologies/orient/core/storage/impl/local/OAbstractPaginatedStorage.java,470,0,8,101,3099,4146,Bag
a2eaf6636bb600c7e6d311b0bb7d112bbaafb4a0,core/src/main/java/com/orientechnologies/orient/core/storage/cache/local/OWOWCache.java,228,0,5,39,1492,1949,Bag
a2eaf6636bb600c7e6d311b0bb7d112bbaafb4a0,core/src/main/java/com/orientechnologies/orient/core/storage/cache/OWriteCache.java,1,0,7,30,49,159,Bag
a2eaf6636bb600c7e6d311b0bb7d112bbaafb4a0,etl/src/main/java/com/orientechnologies/orient/etl/transformer/OETLCommandTransformer.java,5,0,1,4,50,88,NoBug
a2eaf6636bb600c7e6d311b0bb7d112bbaafb4a0,etl/src/test/java/com/orientechnologies/orient/etl/transformer/OETLFieldTransformerTest.java,1,0,1,4,51,88,NoBug
a2eaf6636bb600c7e6d311b0bb7d112bbaafb4a0,etl/src/main/java/com/orientechnologies/orient/etl/transformer/OETLFlowTransformer.java,5,0,0,5,34,60,NoBug
a2eaf6636bb600c7e6d311b0bb7d112bbaafb4a0,etl/src/main/java/com/orientechnologies/orient/etl/OETLAbstractComponent.java,18,0,1,6,122,170,NoBug
a2eaf6636bb600c7e6d311b0bb7d112bbaafb4a0,etl/src/test/java/com/orientechnologies/orient/etl/transformer/OETLLogTransformerTest.java,1,0,0,5,45,83,NoBug
a2eaf6636bb600c7e6d311b0bb7d112bbaafb4a0,etl/src/main/java/com/orientechnologies/orient/etl/block/OETLAbstractBlock.java,2,0,1,2,16,42,NoBug
a2eaf6636bb600c7e6d311b0bb7d112bbaafb4a0,etl/src/main/java/com/orientechnologies/orient/etl/listener/OETLImporterListener.java,1,0,0,8,14,41,NoBug
a2eaf6636bb600c7e6d311b0bb7d112bbaafb4a0,etl/src/main/java/com/orientechnologies/orient/etl/transformer/OETLFieldTransformer.java,15,0,0,5,86,126,NoBug
a2eaf6636bb600c7e6d311b0bb7d112bbaafb4a0,etl/src/main/java/com/orientechnologies/orient/etl/extractor/OETLExtractor.java,1,0,1,4,11,39,NoBug
a2eaf6636bb600c7e6d311b0bb7d112bbaafb4a0,etl/src/main/java/com/orientechnologies/orient/etl/transformer/OETLLinkTransformer.java,23,0,1,4,117,161,NoBug
a2eaf6636bb600c7e6d311b0bb7d112bbaafb4a0,etl/src/main/java/com/orientechnologies/orient/etl/transformer/OETLJSONTransformer.java,3,0,0,3,17,39,NoBug
a2eaf6636bb600c7e6d311b0bb7d112bbaafb4a0,etl/src/main/java/com/orientechnologies/orient/etl/transformer/OETLTransformer.java,1,0,1,1,5,31,NoBug
a2eaf6636bb600c7e6d311b0bb7d112bbaafb4a0,etl/src/main/java/com/orientechnologies/orient/etl/OETLProcessor.java,34,0,2,12,285,417,NoBug
a2eaf6636bb600c7e6d311b0bb7d112bbaafb4a0,etl/src/test/java/com/orientechnologies/orient/etl/OETLStubLoader.java,1,0,1,6,37,73,NoBug
a2eaf6636bb600c7e6d311b0bb7d112bbaafb4a0,etl/src/main/java/com/orientechnologies/orient/etl/transformer/OETLCodeTransformer.java,6,0,1,4,52,90,NoBug
a2eaf6636bb600c7e6d311b0bb7d112bbaafb4a0,etl/src/main/java/com/orientechnologies/orient/etl/extractor/OETLXmlExtractor.java,20,0,0,8,125,178,NoBug
a2eaf6636bb600c7e6d311b0bb7d112bbaafb4a0,etl/src/main/java/com/orientechnologies/orient/etl/listener/OETLDefaultImporterListener.java,1,0,0,8,35,63,NoBug
a2eaf6636bb600c7e6d311b0bb7d112bbaafb4a0,etl/src/test/java/com/orientechnologies/orient/etl/OETLStubRandomExtractor.java,7,0,1,6,49,89,NoBug
a2eaf6636bb600c7e6d311b0bb7d112bbaafb4a0,etl/src/main/java/com/orientechnologies/orient/etl/OETLPipeline.java,10,0,1,5,85,133,NoBug
a2eaf6636bb600c7e6d311b0bb7d112bbaafb4a0,etl/src/main/java/com/orientechnologies/orient/etl/OETLExtractedItem.java,1,0,1,2,16,43,NoBug
a2eaf6636bb600c7e6d311b0bb7d112bbaafb4a0,etl/src/test/java/com/orientechnologies/orient/etl/loader/OETLOrientDBLoaderTest.java,2,0,1,5,86,143,NoBug
a2eaf6636bb600c7e6d311b0bb7d112bbaafb4a0,etl/src/test/java/com/orientechnologies/orient/etl/transformer/OETLVertexTransformerTest.java,1,0,2,4,51,89,NoBug
a2eaf6636bb600c7e6d311b0bb7d112bbaafb4a0,etl/src/main/java/com/orientechnologies/orient/etl/extractor/OETLAbstractSourceExtractor.java,5,0,1,3,29,58,NoBug
a2eaf6636bb600c7e6d311b0bb7d112bbaafb4a0,etl/src/main/java/com/orientechnologies/orient/etl/listener/OETLScriptImporterListener.java,7,0,0,10,67,105,NoBug
a2eaf6636bb600c7e6d311b0bb7d112bbaafb4a0,etl/src/main/java/com/orientechnologies/orient/etl/OETLComponentFactory.java,11,0,1,11,118,160,NoBug
a2eaf6636bb600c7e6d311b0bb7d112bbaafb4a0,etl/src/main/java/com/orientechnologies/orient/etl/OETLAbstractPipelineComponent.java,1,0,1,2,13,39,NoBug
a2eaf6636bb600c7e6d311b0bb7d112bbaafb4a0,etl/src/main/java/com/orientechnologies/orient/etl/extractor/OETLExtractorException.java,1,0,0,4,12,35,NoBug
a2eaf6636bb600c7e6d311b0bb7d112bbaafb4a0,etl/src/main/java/com/orientechnologies/orient/etl/extractor/OETLJDBCExtractor.java,40,0,0,10,201,246,NoBug
a2eaf6636bb600c7e6d311b0bb7d112bbaafb4a0,etl/src/test/java/com/orientechnologies/orient/etl/OETLBaseTest.java,1,0,1,3,49,90,NoBug
a2eaf6636bb600c7e6d311b0bb7d112bbaafb4a0,etl/src/test/java/com/orientechnologies/orient/etl/extractor/OETLJsonRandomExtractorTest.java,1,0,1,3,37,78,NoBug
a2eaf6636bb600c7e6d311b0bb7d112bbaafb4a0,etl/src/test/java/com/orientechnologies/orient/etl/extractor/OETLJsonExtractorTest.java,4,0,1,4,48,83,NoBug
a2eaf6636bb600c7e6d311b0bb7d112bbaafb4a0,etl/src/main/java/com/orientechnologies/orient/etl/transformer/OETLAbstractTransformer.java,4,0,1,1,25,55,NoBug
a2eaf6636bb600c7e6d311b0bb7d112bbaafb4a0,etl/src/main/java/com/orientechnologies/orient/etl/transformer/OETLVertexTransformer.java,8,0,0,6,50,79,NoBug
a2eaf6636bb600c7e6d311b0bb7d112bbaafb4a0,etl/src/main/java/com/orientechnologies/orient/etl/extractor/OETLAbstractExtractor.java,1,0,1,4,23,52,NoBug
a2eaf6636bb600c7e6d311b0bb7d112bbaafb4a0,etl/src/main/java/com/orientechnologies/orient/etl/loader/OETLLoader.java,1,0,1,6,13,43,NoBug
a2eaf6636bb600c7e6d311b0bb7d112bbaafb4a0,etl/src/test/java/com/orientechnologies/orient/etl/extractor/OETLCSVExtractorTest.java,4,0,1,37,389,471,NoBug
a2eaf6636bb600c7e6d311b0bb7d112bbaafb4a0,etl/src/main/java/com/orientechnologies/orient/etl/loader/OETLOutputLoader.java,1,0,1,5,26,54,NoBug
a2eaf6636bb600c7e6d311b0bb7d112bbaafb4a0,etl/src/main/java/com/orientechnologies/orient/etl/OETLExtractorWorker.java,3,0,0,0,27,59,NoBug
a2eaf6636bb600c7e6d311b0bb7d112bbaafb4a0,etl/src/main/java/com/orientechnologies/orient/etl/source/OETLSource.java,1,0,1,2,7,33,NoBug
a2eaf6636bb600c7e6d311b0bb7d112bbaafb4a0,etl/src/test/java/com/orientechnologies/orient/etl/transformer/OETLMergeTransformerTest.java,1,0,1,3,55,103,NoBug
a2eaf6636bb600c7e6d311b0bb7d112bbaafb4a0,etl/src/main/java/com/orientechnologies/orient/etl/extractor/OETLCSVExtractor.java,48,0,1,7,251,330,NoBug
a2eaf6636bb600c7e6d311b0bb7d112bbaafb4a0,etl/src/main/java/com/orientechnologies/orient/etl/loader/OETLLoaderException.java,1,0,0,3,9,31,NoBug
a2eaf6636bb600c7e6d311b0bb7d112bbaafb4a0,etl/src/main/java/com/orientechnologies/orient/etl/source/OETLInputSource.java,1,0,1,4,24,53,NoBug
a2eaf6636bb600c7e6d311b0bb7d112bbaafb4a0,etl/src/main/java/com/orientechnologies/orient/etl/block/OETLLetBlock.java,5,0,0,5,36,63,NoBug
a2eaf6636bb600c7e6d311b0bb7d112bbaafb4a0,etl/src/test/java/com/orientechnologies/orient/etl/extractor/OETLXmlExtractorTest.java,1,0,1,2,50,95,NoBug
a2eaf6636bb600c7e6d311b0bb7d112bbaafb4a0,etl/src/main/java/com/orientechnologies/orient/etl/source/OETLAbstractSource.java,1,0,1,0,4,28,NoBug
a2eaf6636bb600c7e6d311b0bb7d112bbaafb4a0,etl/src/main/java/com/orientechnologies/orient/etl/OETLPipelineWorker.java,3,0,0,0,23,51,NoBug
a2eaf6636bb600c7e6d311b0bb7d112bbaafb4a0,etl/src/main/java/com/orientechnologies/orient/etl/extractor/OETLJsonExtractor.java,20,0,0,7,96,139,NoBug
a2eaf6636bb600c7e6d311b0bb7d112bbaafb4a0,etl/src/main/java/com/orientechnologies/orient/etl/source/OETLSourceException.java,1,0,0,4,12,35,NoBug
a2eaf6636bb600c7e6d311b0bb7d112bbaafb4a0,etl/src/test/java/com/orientechnologies/orient/etl/transformer/OETLFlowTransformerTest.java,1,0,1,2,34,72,NoBug
a2eaf6636bb600c7e6d311b0bb7d112bbaafb4a0,etl/src/main/java/com/orientechnologies/orient/etl/transformer/OETLAbstractLookupTransformer.java,19,0,1,1,81,121,NoBug
a2eaf6636bb600c7e6d311b0bb7d112bbaafb4a0,etl/src/main/java/com/orientechnologies/orient/etl/loader/OETLAbstractLoader.java,1,0,1,3,18,46,NoBug
a2eaf6636bb600c7e6d311b0bb7d112bbaafb4a0,etl/src/main/java/com/orientechnologies/orient/etl/block/OETLConsoleBlock.java,6,0,1,4,39,71,NoBug
a2eaf6636bb600c7e6d311b0bb7d112bbaafb4a0,etl/src/main/java/com/orientechnologies/orient/etl/extractor/OETLRowExtractor.java,20,0,0,8,100,149,NoBug
a2eaf6636bb600c7e6d311b0bb7d112bbaafb4a0,etl/src/main/java/com/orientechnologies/orient/etl/source/OETLHttpSource.java,12,0,1,7,79,118,NoBug
a2eaf6636bb600c7e6d311b0bb7d112bbaafb4a0,etl/src/main/java/com/orientechnologies/orient/etl/block/OETLBlock.java,1,0,1,2,7,32,NoBug
a2eaf6636bb600c7e6d311b0bb7d112bbaafb4a0,etl/src/test/java/com/orientechnologies/orient/etl/transformer/OETLEdgeTransformerTest.java,1,0,1,7,119,178,NoBug
a2eaf6636bb600c7e6d311b0bb7d112bbaafb4a0,etl/src/main/java/com/orientechnologies/orient/etl/loader/OETLOrientDBLoader.java,112,0,1,11,495,635,NoBug
a2eaf6636bb600c7e6d311b0bb7d112bbaafb4a0,etl/src/main/java/com/orientechnologies/orient/etl/transformer/OETLBlockTransformer.java,2,0,1,5,45,78,NoBug
a2eaf6636bb600c7e6d311b0bb7d112bbaafb4a0,etl/src/main/java/com/orientechnologies/orient/etl/block/OETLCodeBlock.java,3,0,1,4,37,68,NoBug
a2eaf6636bb600c7e6d311b0bb7d112bbaafb4a0,etl/src/main/java/com/orientechnologies/orient/etl/transformer/OETLTransformException.java,1,0,0,3,9,31,NoBug
a2eaf6636bb600c7e6d311b0bb7d112bbaafb4a0,etl/src/test/java/com/orientechnologies/orient/etl/transformer/OETLCommandTransformerTest.java,1,0,1,2,44,84,NoBug
a2eaf6636bb600c7e6d311b0bb7d112bbaafb4a0,etl/src/main/java/com/orientechnologies/orient/etl/source/OETLFileSource.java,21,0,0,10,118,167,NoBug
a2eaf6636bb600c7e6d311b0bb7d112bbaafb4a0,etl/src/main/java/com/orientechnologies/orient/etl/source/OETLContentSource.java,8,0,1,5,55,88,NoBug
a2eaf6636bb600c7e6d311b0bb7d112bbaafb4a0,etl/src/test/java/com/orientechnologies/orient/etl/OETLProcessorTest.java,1,0,1,3,27,64,NoBug
a2eaf6636bb600c7e6d311b0bb7d112bbaafb4a0,etl/src/main/java/com/orientechnologies/orient/etl/transformer/OETLMergeTransformer.java,12,0,1,3,60,93,NoBug
a2eaf6636bb600c7e6d311b0bb7d112bbaafb4a0,etl/src/main/java/com/orientechnologies/orient/etl/transformer/OETLLogTransformer.java,8,0,1,4,39,73,NoBug
a2eaf6636bb600c7e6d311b0bb7d112bbaafb4a0,etl/src/main/java/com/orientechnologies/orient/etl/transformer/OETLEdgeTransformer.java,38,0,0,6,173,227,NoBug
a2eaf6636bb600c7e6d311b0bb7d112bbaafb4a0,etl/src/main/java/com/orientechnologies/orient/etl/OETLProcessorConfigurator.java,18,0,1,4,165,220,NoBug
a2f1c9220aaa0be07af6ef9d27ba4a1df70aae15,distributed/src/main/java/com/orientechnologies/orient/server/hazelcast/OHazelcastDistributedDatabase.java,72,0,1,10,409,571,Bag
a2f1c9220aaa0be07af6ef9d27ba4a1df70aae15,distributed/src/main/java/com/orientechnologies/orient/server/hazelcast/OHazelcastPlugin.java,192,0,6,49,1129,1569,Bag
a2f1c9220aaa0be07af6ef9d27ba4a1df70aae15,core/src/main/java/com/orientechnologies/orient/core/config/OGlobalConfiguration.java,40,0,3,14,606,908,Bag
a2f1c9220aaa0be07af6ef9d27ba4a1df70aae15,server/src/main/java/com/orientechnologies/orient/server/distributed/ODistributedConfiguration.java,86,0,21,7,405,678,Bag
a2f1c9220aaa0be07af6ef9d27ba4a1df70aae15,server/src/main/java/com/orientechnologies/orient/server/OServer.java,151,0,4,51,822,1111,Bag
a2f1c9220aaa0be07af6ef9d27ba4a1df70aae15,distributed/src/main/java/com/orientechnologies/orient/server/hazelcast/OHazelcastDistributedMessageService.java,42,0,3,12,318,445,Bag
a2f1c9220aaa0be07af6ef9d27ba4a1df70aae15,server/src/main/java/com/orientechnologies/orient/server/distributed/ODistributedAbstractPlugin.java,44,0,3,17,264,364,Bag
a2f1c9220aaa0be07af6ef9d27ba4a1df70aae15,server/src/main/java/com/orientechnologies/orient/server/distributed/ODistributedResponseManager.java,93,0,5,13,484,677,Bag
a30d7d9f31aa06a5495440aefe76bea980444302,core/src/main/java/com/orientechnologies/orient/core/metadata/security/ORestrictedAccessHook.java,21,0,1,7,93,141,Bag
a30d7d9f31aa06a5495440aefe76bea980444302,core/src/test/java/com/orientechnologies/orient/core/sql/OLiveQueryTest.java,4,0,1,2,90,142,Bag
a30d7d9f31aa06a5495440aefe76bea980444302,core/src/main/java/com/orientechnologies/orient/core/sql/OCommandExecutorSQLLiveSelect.java,32,0,1,6,193,244,Bag
a317b8f99c288a4c3e697667983f14194a6b892a,etl/src/test/java/com/orientechnologies/orient/etl/OETLBaseTest.java,1,0,1,2,39,75,Bag
a317b8f99c288a4c3e697667983f14194a6b892a,etl/src/main/java/com/orientechnologies/orient/etl/OETLComponentFactory.java,11,0,1,11,118,160,Bag
a317b8f99c288a4c3e697667983f14194a6b892a,etl/src/test/java/com/orientechnologies/orient/etl/OETLStubRandomExtractor.java,7,0,1,6,49,89,Bag
a317b8f99c288a4c3e697667983f14194a6b892a,etl/src/main/java/com/orientechnologies/orient/etl/OETLProcessor.java,35,0,2,14,287,402,Bag
a317b8f99c288a4c3e697667983f14194a6b892a,etl/src/main/java/com/orientechnologies/orient/etl/OETLPipeline.java,11,0,1,5,89,136,Bag
a317b8f99c288a4c3e697667983f14194a6b892a,etl/src/test/java/com/orientechnologies/orient/etl/OETLProcessorTest.java,1,0,1,3,27,64,Bag
a317b8f99c288a4c3e697667983f14194a6b892a,etl/src/main/java/com/orientechnologies/orient/etl/OETLExtractorWorker.java,3,0,0,0,26,56,Bag
a317b8f99c288a4c3e697667983f14194a6b892a,etl/src/main/java/com/orientechnologies/orient/etl/OETLPipelineWorker.java,3,0,0,0,23,51,Bag
a317b8f99c288a4c3e697667983f14194a6b892a,etl/src/main/java/com/orientechnologies/orient/etl/OETLProcessorConfigurator.java,18,0,1,4,165,220,Bag
a317b8f99c288a4c3e697667983f14194a6b892a,etl/src/test/java/com/orientechnologies/orient/etl/OETLStubLoader.java,1,0,1,6,37,73,Bag
a317b8f99c288a4c3e697667983f14194a6b892a,core/src/main/java/com/orientechnologies/orient/core/serialization/serializer/record/string/ORecordSerializerStringAbstract.java,203,0,3,13,555,718,NoBug
a317b8f99c288a4c3e697667983f14194a6b892a,core/src/test/java/com/orientechnologies/orient/core/sql/OCommandExecutorSQLSelectTest.java,38,0,2,86,1138,1477,NoBug
a358c1888d178e6582b96f8743a0b7b34f1f5ca9,graphdb/src/main/java/com/tinkerpop/blueprints/impls/orient/OrientBaseGraph.java,232,0,76,13,1234,2246,NoBug
a358c1888d178e6582b96f8743a0b7b34f1f5ca9,core/src/main/java/com/orientechnologies/orient/core/metadata/schema/OSchemaShared.java,177,0,9,46,1052,1421,NoBug
a358c1888d178e6582b96f8743a0b7b34f1f5ca9,graphdb/src/main/java/com/tinkerpop/blueprints/impls/orient/OrientEdge.java,84,0,20,7,336,592,NoBug
a3ca34afb8afb8ef21c6153fd87bd1c91b4154c6,tests/src/test/java/com/orientechnologies/orient/test/database/auto/SQLSelectTest.java,125,0,1,88,1272,1733,Bag
a3ca34afb8afb8ef21c6153fd87bd1c91b4154c6,core/src/main/java/com/orientechnologies/orient/core/db/record/ridbag/sbtree/OSBTreeRidBag.java,130,0,2,46,875,1122,Bag
a3ca34afb8afb8ef21c6153fd87bd1c91b4154c6,core/src/main/java/com/orientechnologies/common/collection/OMultiCollectionIterator.java,49,0,1,18,207,277,Bag
a3ca34afb8afb8ef21c6153fd87bd1c91b4154c6,core/src/main/java/com/orientechnologies/orient/core/sql/OCommandExecutorSQLSelect.java,639,0,4,19,2260,2923,Bag
a3ca34afb8afb8ef21c6153fd87bd1c91b4154c6,core/src/main/java/com/orientechnologies/orient/core/Orient.java,90,0,8,50,720,976,Bag
a4061b9e2de1e57c3e6592b07360885e3b7107d7,core/src/test/java/com/orientechnologies/orient/core/sql/OCommandExecutorSQLSelectTest.java,13,0,0,27,353,447,Bag
a4061b9e2de1e57c3e6592b07360885e3b7107d7,core/src/main/java/com/orientechnologies/orient/core/sql/OCommandExecutorSQLSelect.java,510,0,4,18,1843,2395,Bag
a44e6e3670d89aed1a6363e627f0395f2737ab33,core/src/test/java/com/orientechnologies/orient/core/sql/DateBinaryComparatorTest.java,4,0,0,4,61,74,NoBug
a44e6e3670d89aed1a6363e627f0395f2737ab33,core/src/main/java/com/orientechnologies/orient/core/serialization/serializer/record/binary/OBinaryComparatorV0.java,416,0,3,2,1098,1229,NoBug
a5056da587504ed30cc24efee387c0772d289346,core/src/test/java/com/orientechnologies/orient/core/sql/parser/OUpdateStatementTest.java,5,0,0,5,66,83,NoBug
a5056da587504ed30cc24efee387c0772d289346,core/src/main/java/com/orientechnologies/orient/core/sql/parser/OrientSql.java,3911,0,12,113,11668,12545,Bag
a5056da587504ed30cc24efee387c0772d289346,core/src/main/java/com/orientechnologies/orient/core/sql/parser/OUpdateStatement.java,19,0,0,5,87,111,NoBug
a5056da587504ed30cc24efee387c0772d289346,core/src/main/java/com/orientechnologies/orient/core/sql/parser/OrientSqlTreeConstants.java,1,0,0,1,232,238,NoBug
a56ae91e7d9f772da4288542cee900793c24e5e1,core/src/main/java/com/orientechnologies/orient/core/sql/OCommandExecutorSQLLiveSelect.java,28,0,1,6,160,212,NoBug
a56ae91e7d9f772da4288542cee900793c24e5e1,server/src/main/java/com/orientechnologies/orient/server/distributed/task/OTxTask.java,31,0,2,11,171,263,NoBug
a56ae91e7d9f772da4288542cee900793c24e5e1,server/src/main/java/com/orientechnologies/orient/server/distributed/task/OResurrectRecordTask.java,4,0,1,9,67,107,NoBug
a56ae91e7d9f772da4288542cee900793c24e5e1,core/src/main/java/com/orientechnologies/orient/core/sql/OCommandExecutorSQLDelete.java,52,0,2,8,247,354,Bag
a56ae91e7d9f772da4288542cee900793c24e5e1,core/src/main/java/com/orientechnologies/orient/core/sql/OCommandExecutorSQLDropClass.java,19,0,2,4,89,146,NoBug
a56ae91e7d9f772da4288542cee900793c24e5e1,core/src/main/java/com/orientechnologies/orient/core/sql/OCommandExecutorSQLAlterCluster.java,18,0,2,3,103,160,NoBug
a56ae91e7d9f772da4288542cee900793c24e5e1,core/src/main/java/com/orientechnologies/orient/core/command/OCommandDistributedReplicateRequest.java,1,0,3,2,11,58,NoBug
a56ae91e7d9f772da4288542cee900793c24e5e1,core/src/main/java/com/orientechnologies/orient/core/sql/OCommandExecutorSQLDelegate.java,8,0,1,9,79,121,NoBug
a56ae91e7d9f772da4288542cee900793c24e5e1,core/src/main/java/com/orientechnologies/orient/core/sql/OCommandExecutorSQLCreateClass.java,26,0,2,4,122,177,NoBug
a56ae91e7d9f772da4288542cee900793c24e5e1,core/src/main/java/com/orientechnologies/orient/core/sql/OCommandExecutorSQLInsert.java,65,0,2,7,309,426,Bag
a56ae91e7d9f772da4288542cee900793c24e5e1,core/src/main/java/com/orientechnologies/orient/core/sql/OCommandExecutorSQLUpdate.java,173,0,2,7,586,758,Bag
a56ae91e7d9f772da4288542cee900793c24e5e1,core/src/main/java/com/orientechnologies/orient/core/sql/OCommandExecutorSQLFindReferences.java,11,0,2,3,67,113,NoBug
a56ae91e7d9f772da4288542cee900793c24e5e1,server/src/main/java/com/orientechnologies/orient/server/distributed/task/OCreateRecordTask.java,12,0,2,10,125,182,NoBug
a56ae91e7d9f772da4288542cee900793c24e5e1,core/src/main/java/com/orientechnologies/orient/core/sql/OCommandExecutorSQLDropCluster.java,14,0,2,3,65,114,NoBug
a56ae91e7d9f772da4288542cee900793c24e5e1,server/src/main/java/com/orientechnologies/orient/server/distributed/task/ODeleteRecordTask.java,4,0,1,12,82,127,NoBug
a56ae91e7d9f772da4288542cee900793c24e5e1,server/src/main/java/com/orientechnologies/orient/server/distributed/task/OScriptTask.java,2,0,1,12,76,122,NoBug
a56ae91e7d9f772da4288542cee900793c24e5e1,graphdb/src/main/java/com/orientechnologies/orient/graph/sql/OCommandExecutorSQLDeleteEdge.java,75,0,3,5,263,359,NoBug
a56ae91e7d9f772da4288542cee900793c24e5e1,core/src/main/java/com/orientechnologies/orient/core/sql/OCommandExecutorSQLCreateProperty.java,18,0,2,3,95,154,NoBug
a56ae91e7d9f772da4288542cee900793c24e5e1,server/src/main/java/com/orientechnologies/orient/server/distributed/task/OSQLCommandTask.java,3,0,1,12,82,130,NoBug
a56ae91e7d9f772da4288542cee900793c24e5e1,server/src/main/java/com/orientechnologies/orient/server/distributed/task/OUpdateRecordTask.java,6,0,1,14,119,174,NoBug
a56ae91e7d9f772da4288542cee900793c24e5e1,core/src/main/java/com/orientechnologies/orient/core/sql/OCommandExecutorSQLCreateCluster.java,9,0,2,3,56,103,NoBug
a56ae91e7d9f772da4288542cee900793c24e5e1,core/src/main/java/com/orientechnologies/orient/core/sql/OCommandExecutorSQLTruncateRecord.java,11,0,2,3,65,111,NoBug
a56ae91e7d9f772da4288542cee900793c24e5e1,core/src/main/java/com/orientechnologies/orient/core/sql/OCommandExecutorSQLLiveUnsubscribe.java,5,0,1,4,62,97,NoBug
a56ae91e7d9f772da4288542cee900793c24e5e1,server/src/main/java/com/orientechnologies/orient/server/distributed/task/OReadRecordTask.java,2,0,1,8,47,86,NoBug
a56ae91e7d9f772da4288542cee900793c24e5e1,server/src/main/java/com/orientechnologies/orient/server/distributed/task/OCopyDatabaseChunkTask.java,3,0,1,12,79,126,NoBug
a56ae91e7d9f772da4288542cee900793c24e5e1,core/src/main/java/com/orientechnologies/orient/core/sql/OCommandExecutorSQLTruncateCluster.java,9,0,2,3,56,102,NoBug
a56ae91e7d9f772da4288542cee900793c24e5e1,server/src/main/java/com/orientechnologies/orient/server/distributed/task/ODeployDatabaseTask.java,12,0,1,13,168,241,NoBug
a56ae91e7d9f772da4288542cee900793c24e5e1,core/src/main/java/com/orientechnologies/orient/core/sql/OCommandExecutorSQLCreateIndex.java,48,0,2,3,234,322,NoBug
a56ae91e7d9f772da4288542cee900793c24e5e1,core/src/main/java/com/orientechnologies/orient/core/sql/OCommandExecutorSQLDropIndex.java,9,0,2,3,53,100,NoBug
a56ae91e7d9f772da4288542cee900793c24e5e1,core/src/main/java/com/orientechnologies/orient/core/sql/OCommandExecutorSQLTruncateClass.java,24,0,2,3,101,151,NoBug
a56ae91e7d9f772da4288542cee900793c24e5e1,server/src/main/java/com/orientechnologies/orient/server/distributed/ODistributedResponseManager.java,92,0,5,13,476,666,NoBug
a56ae91e7d9f772da4288542cee900793c24e5e1,distributed/src/main/java/com/orientechnologies/orient/server/hazelcast/OHazelcastDistributedDatabase.java,67,0,1,7,373,528,NoBug
a56ae91e7d9f772da4288542cee900793c24e5e1,graphdb/src/main/java/com/orientechnologies/orient/graph/sql/OCommandExecutorSQLCreateEdge.java,33,0,2,5,163,246,Bag
a56ae91e7d9f772da4288542cee900793c24e5e1,core/src/main/java/com/orientechnologies/orient/core/sql/OCommandExecutorSQLAlterClass.java,24,0,2,4,102,160,Bag
a56ae91e7d9f772da4288542cee900793c24e5e1,core/src/main/java/com/orientechnologies/orient/core/sql/OCommandExecutorSQLSelect.java,512,0,4,18,1850,2409,Bag
a56ae91e7d9f772da4288542cee900793c24e5e1,core/src/main/java/com/orientechnologies/orient/core/sql/OCommandExecutorSQLAlterProperty.java,15,0,2,3,81,135,NoBug
a56ae91e7d9f772da4288542cee900793c24e5e1,core/src/main/java/com/orientechnologies/orient/core/command/script/OCommandExecutorScript.java,57,0,1,7,286,409,Bag
a56ae91e7d9f772da4288542cee900793c24e5e1,core/src/main/java/com/orientechnologies/orient/core/sql/OCommandExecutorSQLRebuildIndex.java,12,0,2,3,61,109,NoBug
a56ae91e7d9f772da4288542cee900793c24e5e1,graphdb/src/main/java/com/orientechnologies/orient/graph/sql/OCommandExecutorSQLMoveVertex.java,25,0,2,3,123,192,Bag
a56ae91e7d9f772da4288542cee900793c24e5e1,server/src/main/java/com/orientechnologies/orient/server/distributed/task/OFixTxTask.java,5,0,1,8,60,106,NoBug
a56ae91e7d9f772da4288542cee900793c24e5e1,graphdb/src/main/java/com/orientechnologies/orient/graph/sql/OCommandExecutorSQLDeleteVertex.java,29,0,3,5,163,246,NoBug
a56ae91e7d9f772da4288542cee900793c24e5e1,server/src/main/java/com/orientechnologies/orient/server/distributed/task/ODeployClusterTask.java,9,0,1,13,128,198,NoBug
a56ae91e7d9f772da4288542cee900793c24e5e1,core/src/main/java/com/orientechnologies/orient/core/sql/OCommandExecutorSQLDropProperty.java,19,0,2,3,105,161,NoBug
a56ae91e7d9f772da4288542cee900793c24e5e1,server/src/main/java/com/orientechnologies/orient/server/distributed/task/OAbstractRemoteTask.java,1,0,2,15,54,102,NoBug
a56ae91e7d9f772da4288542cee900793c24e5e1,graphdb/src/main/java/com/orientechnologies/orient/graph/sql/OCommandExecutorSQLCreateVertex.java,18,0,2,5,108,170,Bag
a56ae91e7d9f772da4288542cee900793c24e5e1,core/src/main/java/com/orientechnologies/orient/core/sql/OCommandExecutorSQLTraverse.java,32,0,2,6,180,279,NoBug
a56ae91e7d9f772da4288542cee900793c24e5e1,core/src/main/java/com/orientechnologies/orient/core/sql/OCommandExecutorSQLAlterDatabase.java,10,0,2,3,64,113,NoBug
a56b45883e4aa1b38ae917d992d10b5678d24e8b,core/src/main/java/com/orientechnologies/orient/core/index/OIndexTxAwareMultiValue.java,79,0,1,7,395,530,NoBug
a58144083db00a618535a63781dd881e85bdebe2,graphdb/src/main/java/com/orientechnologies/orient/graph/gremlin/OGremlinHelper.java,41,0,3,17,252,358,NoBug
a6366e3af3a3ac8bcc2c055cc837d28536384916,core/src/test/java/com/orientechnologies/orient/core/index/sbtree/local/SBTreeTestBigValuesWAL.java,20,0,1,14,357,460,Bag
a6366e3af3a3ac8bcc2c055cc837d28536384916,core/src/test/java/com/orientechnologies/orient/core/index/hashindex/local/OLocalHashTableWAL.java,31,0,1,12,278,374,Bag
a6366e3af3a3ac8bcc2c055cc837d28536384916,core/src/test/java/com/orientechnologies/orient/core/storage/impl/local/paginated/LocalPaginatedClusterTest.java,81,0,1,32,975,1312,Bag
a6366e3af3a3ac8bcc2c055cc837d28536384916,core/src/test/java/com/orientechnologies/orient/core/storage/impl/local/paginated/LocalPaginatedClusterWithWAL.java,20,0,1,31,373,499,Bag
a6366e3af3a3ac8bcc2c055cc837d28536384916,core/src/test/java/com/orientechnologies/orient/core/index/sbtree/local/SBTreeWAL.java,19,0,1,18,326,431,Bag
a6366e3af3a3ac8bcc2c055cc837d28536384916,core/src/test/java/com/orientechnologies/orient/core/index/sbtreebonsai/local/OSBTreeBonsaiWAL.java,15,0,1,17,290,385,Bag
a6366e3af3a3ac8bcc2c055cc837d28536384916,core/src/test/java/com/orientechnologies/orient/core/index/sbtreebonsai/local/OSBTreeBonsaiLocalTest.java,81,0,1,17,405,541,Bag
a6366e3af3a3ac8bcc2c055cc837d28536384916,core/src/test/java/com/orientechnologies/orient/core/index/sbtree/local/SBTreeTestBigValues.java,45,0,1,13,272,368,Bag
a6366e3af3a3ac8bcc2c055cc837d28536384916,core/src/test/java/com/orientechnologies/orient/core/index/sbtree/local/SBTreeTest.java,87,0,1,17,551,720,Bag
a63bb2c83d222d0c30ab591fe0af90806c1df888,lucene/src/main/java/com/orientechnologies/lucene/engine/OLuceneIndexEngineDelegator.java,6,0,1,41,212,287,NoBug
a63fb7283ec4f01d392c8f03143939def5f3ea54,jdbc/src/main/java/com/orientechnologies/orient/jdbc/OrientJdbcResultSet.java,72,0,1,191,770,1150,Bag
a63fb7283ec4f01d392c8f03143939def5f3ea54,jdbc/src/main/java/com/orientechnologies/orient/jdbc/OrientJdbcDatabaseMetaData.java,33,0,1,177,890,1292,Bag
a63fb7283ec4f01d392c8f03143939def5f3ea54,jdbc/src/test/java/com/orientechnologies/orient/jdbc/OrientJdbcDatabaseMetaDataTest.java,10,0,0,16,185,262,Bag
a63fb7283ec4f01d392c8f03143939def5f3ea54,jdbc/src/test/java/com/orientechnologies/orient/jdbc/OrientJdbcPreparedStatementTest.java,1,0,0,13,120,191,Bag
a6558ca8350bdccb1a216596c1414424abd776e8,core/src/main/java/com/orientechnologies/orient/core/sql/OSQLHelper.java,82,0,2,9,254,369,Bag
a6558ca8350bdccb1a216596c1414424abd776e8,tests/src/test/java/com/orientechnologies/orient/test/database/auto/SQLInsertTest.java,14,0,1,20,376,506,Bag
a6f3fea2095ee1908b51181dbaca446025d9be00,core/src/test/java/com/orientechnologies/orient/core/metadata/schema/OClassImplTest.java,9,0,2,25,425,520,Bag
a6f3fea2095ee1908b51181dbaca446025d9be00,core/src/main/java/com/orientechnologies/orient/core/metadata/schema/OClassImpl.java,287,0,5,107,2066,2593,Bag
a717eb014a6d3a491ebbdb50ba7dcb77c1333102,core/src/main/java/com/orientechnologies/orient/core/index/OIndexDictionary.java,3,0,2,4,47,89,NoBug
a717eb014a6d3a491ebbdb50ba7dcb77c1333102,core/src/main/java/com/orientechnologies/orient/core/index/OIndexUnique.java,9,0,1,4,60,100,NoBug
a717eb014a6d3a491ebbdb50ba7dcb77c1333102,core/src/main/java/com/orientechnologies/orient/core/index/OIndexNotUnique.java,1,0,1,3,22,53,NoBug
a717eb014a6d3a491ebbdb50ba7dcb77c1333102,core/src/test/java/com/orientechnologies/orient/core/tx/DuplicateDictionaryIndexChangesTxTest.java,2,0,1,9,143,235,NoBug
a717eb014a6d3a491ebbdb50ba7dcb77c1333102,core/src/main/java/com/orientechnologies/orient/core/tx/OTransactionRealAbstract.java,64,0,5,21,328,463,NoBug
a717eb014a6d3a491ebbdb50ba7dcb77c1333102,core/src/test/java/com/orientechnologies/orient/core/tx/DuplicateUniqueIndexChangesTxTest.java,2,0,1,11,191,290,NoBug
a717eb014a6d3a491ebbdb50ba7dcb77c1333102,core/src/test/java/com/orientechnologies/orient/core/tx/DuplicateNonUniqueIndexChangesTxTest.java,5,0,1,10,183,276,NoBug
a717eb014a6d3a491ebbdb50ba7dcb77c1333102,core/src/test/java/com/orientechnologies/orient/core/tx/IndexChangesInterpretationTest.java,39,0,1,1,264,355,NoBug
a717eb014a6d3a491ebbdb50ba7dcb77c1333102,core/src/main/java/com/orientechnologies/orient/core/tx/OTransactionIndexChangesPerKey.java,82,0,3,7,277,426,NoBug
a717eb014a6d3a491ebbdb50ba7dcb77c1333102,core/src/main/java/com/orientechnologies/orient/core/tx/OTransactionIndexChanges.java,3,0,1,9,46,91,NoBug
a717eb014a6d3a491ebbdb50ba7dcb77c1333102,core/src/main/java/com/orientechnologies/orient/core/index/OIndexAbstract.java,100,0,6,50,842,1104,NoBug
a789bccf7422a4af18df2b402856b72b5a27749c,etl/src/main/java/com/orientechnologies/orient/etl/extractor/OJDBCExtractor.java,39,0,0,10,205,250,NoBug
a793120ad31e4ede126b08d8c6b7abb3b806c639,distributed/src/main/java/com/orientechnologies/orient/server/hazelcast/OHazelcastDistributedDatabase.java,74,0,1,10,426,597,Bag
a821b78f20a232afd503c25734de218aff1f8aa4,graphdb/src/main/java/com/orientechnologies/orient/graph/sql/OCommandExecutorSQLDeleteVertex.java,44,0,3,10,241,340,Bag
a821b78f20a232afd503c25734de218aff1f8aa4,graphdb/src/main/java/com/orientechnologies/orient/graph/sql/OCommandExecutorSQLDeleteEdge.java,82,0,3,8,294,399,Bag
a85808925fe2a86daf98eb3241f9abc019f26f25,core/src/main/java/com/orientechnologies/orient/core/db/document/ODatabaseDocumentTx.java,400,0,72,82,1995,2946,Bag
a85808925fe2a86daf98eb3241f9abc019f26f25,core/src/main/java/com/orientechnologies/orient/core/serialization/serializer/record/OSerializationSetThreadLocal.java,3,0,1,5,52,94,NoBug
a85808925fe2a86daf98eb3241f9abc019f26f25,core/src/main/java/com/orientechnologies/orient/core/storage/impl/local/paginated/atomicoperations/OAtomicOperationsManager.java,17,0,1,6,101,159,NoBug
a85808925fe2a86daf98eb3241f9abc019f26f25,core/src/main/java/com/orientechnologies/orient/core/storage/impl/local/paginated/atomicoperations/OAtomicOperation.java,54,0,1,20,310,432,Bag
a85d865d9660a9b26ae5681675cfb9e6806d5bcf,lucene/src/main/java/com/orientechnologies/lucene/engine/OLuceneIndexEngine.java,1,0,1,13,29,68,Bag
a85d865d9660a9b26ae5681675cfb9e6806d5bcf,lucene/src/main/java/com/orientechnologies/lucene/engine/OLuceneIndexEngineAbstract.java,42,0,0,31,416,543,Bag
a85d865d9660a9b26ae5681675cfb9e6806d5bcf,lucene/src/main/java/com/orientechnologies/lucene/index/OLuceneFullTextIndex.java,9,0,0,6,57,91,Bag
a85d865d9660a9b26ae5681675cfb9e6806d5bcf,lucene/src/main/java/com/orientechnologies/lucene/operator/OLuceneTextOperator.java,20,0,0,11,159,214,Bag
a85d865d9660a9b26ae5681675cfb9e6806d5bcf,core/src/main/java/com/orientechnologies/orient/core/exception/OLoadCacheStateException.java,1,0,1,2,11,20,NoBug
a85d865d9660a9b26ae5681675cfb9e6806d5bcf,core/src/main/java/com/orientechnologies/orient/core/storage/cache/local/twoq/O2QCache.java,159,0,6,14,1143,1641,NoBug
a85db553566ed76fbf5485967ecba91c11825df1,core/src/test/java/com/orientechnologies/orient/core/sql/parser/OSelectStatementTest.java,7,0,0,33,272,361,Bag
a85db553566ed76fbf5485967ecba91c11825df1,core/src/test/java/com/orientechnologies/orient/core/sql/OCommandExecutorSQLSelectTest.java,13,0,0,28,359,456,Bag
a85db553566ed76fbf5485967ecba91c11825df1,core/src/main/java/com/orientechnologies/orient/core/sql/parser/OrientSql.java,3764,0,12,110,11385,12248,Bag
a92b5145e7e20707fd04df3a752691a934d0d3c9,core/src/main/java/com/orientechnologies/orient/core/serialization/OMemoryStream.java,30,0,11,38,306,478,Bag
a92b5145e7e20707fd04df3a752691a934d0d3c9,core/src/main/java/com/orientechnologies/orient/core/command/script/OCommandScript.java,4,0,1,13,69,114,Bag
a92b5145e7e20707fd04df3a752691a934d0d3c9,core/src/main/java/com/orientechnologies/orient/core/command/OCommandRequestTextAbstract.java,25,0,2,5,137,197,Bag
a92b5145e7e20707fd04df3a752691a934d0d3c9,core/src/main/java/com/orientechnologies/orient/core/serialization/OSerializableStream.java,1,0,3,0,7,55,Bag
a92b5145e7e20707fd04df3a752691a934d0d3c9,core/src/main/java/com/orientechnologies/orient/core/index/OSimpleKeyIndexDefinition.java,27,0,1,17,165,234,NoBug
a9673f851e0b69ef042f9dd73ad7eede41f6aa62,core/src/test/java/com/orientechnologies/orient/core/index/UniqueIndexTest.java,3,0,1,4,76,102,NoBug
a9673f851e0b69ef042f9dd73ad7eede41f6aa62,core/src/main/java/com/orientechnologies/orient/core/db/document/ODatabaseDocumentAbstract.java,423,0,73,102,2190,3142,NoBug
a99914423648f34c819d713695001945ea85c673,graphdb/src/main/java/com/tinkerpop/blueprints/impls/orient/OrientEdge.java,85,0,20,6,345,595,NoBug
a9f68f19429897a7cead4d4fab256830d56567b0,core/src/main/java/com/orientechnologies/orient/core/fetch/OFetchPlan.java,57,0,0,4,147,220,Bag
a9f68f19429897a7cead4d4fab256830d56567b0,core/src/test/java/com/orientechnologies/orient/core/sql/fetch/DepthFetchPlanTest.java,1,0,0,2,42,51,Bag
aa1dc8cd7bc9b5679d409be91e0a5f86e8e0fa38,graphdb/src/main/java/com/orientechnologies/orient/graph/sql/OCommandExecutorSQLCreateEdge.java,37,0,2,5,169,247,Bag
aa420275d10b70a2e2d334f0182a8f300a229554,core/src/test/java/com/orientechnologies/common/directmemory/OByteBufferPoolTest.java,9,0,0,4,112,155,Bag
aa420275d10b70a2e2d334f0182a8f300a229554,core/src/main/java/com/orientechnologies/common/directmemory/OByteBufferPool.java,41,0,11,7,344,608,Bag
aa420275d10b70a2e2d334f0182a8f300a229554,core/src/main/java/com/orientechnologies/common/util/OMemory.java,30,0,10,0,149,251,Bag
aa635ac759e34e56fcaeac2fd1e14791009699ae,core/src/main/java/com/orientechnologies/orient/core/sql/functions/misc/OSQLMethodExclude.java,12,0,1,3,63,123,NoBug
aa635ac759e34e56fcaeac2fd1e14791009699ae,core/src/main/java/com/orientechnologies/orient/core/record/impl/ODocument.java,499,0,50,34,1737,2499,Bag
aa635ac759e34e56fcaeac2fd1e14791009699ae,tests/src/test/java/com/orientechnologies/orient/test/database/auto/SQLSelectTest.java,117,0,1,84,1201,1634,NoBug
aa7289a9eb7e4c84d2b0700d6e894fe14a46c8b4,graphdb/src/main/java/com/tinkerpop/blueprints/impls/orient/OrientBaseGraph.java,237,0,76,13,1283,2223,NoBug
aaa663966eba301666fc590160d168bbec1b7aeb,core/src/test/java/com/orientechnologies/orient/core/record/impl/ODocumentTest.java,1,0,1,11,248,303,NoBug
aaa663966eba301666fc590160d168bbec1b7aeb,core/src/main/java/com/orientechnologies/common/collection/OMultiValue.java,157,0,13,8,491,733,Bag
aaa663966eba301666fc590160d168bbec1b7aeb,core/src/main/java/com/orientechnologies/orient/core/db/tool/ODatabaseExport.java,106,0,1,6,451,598,NoBug
aaa663966eba301666fc590160d168bbec1b7aeb,core/src/main/java/com/orientechnologies/orient/core/db/tool/ODatabaseImport.java,226,0,1,17,1180,1543,NoBug
aaa663966eba301666fc590160d168bbec1b7aeb,core/src/test/java/com/orientechnologies/orient/core/metadata/security/ORestricetedUserCleanUpTest.java,1,0,0,2,56,68,NoBug
aaa663966eba301666fc590160d168bbec1b7aeb,core/src/test/java/com/orientechnologies/orient/core/db/tool/TestSchemaImportExport.java,1,0,0,3,73,83,NoBug
aaa663966eba301666fc590160d168bbec1b7aeb,core/src/main/java/com/orientechnologies/orient/core/record/impl/ODocument.java,529,0,50,34,1882,2657,NoBug
abe08e61d391805614389dfac78dcfcfdb519925,graphdb/src/main/java/com/tinkerpop/blueprints/impls/orient/OrientGraphQuery.java,64,0,9,2,274,424,NoBug
abf6ba2fb52da0ed0fbf5148ca6eaef77f2e0b53,etl/src/main/java/com/orientechnologies/orient/etl/OETLPipeline.java,14,0,1,8,106,156,Bag
abf6ba2fb52da0ed0fbf5148ca6eaef77f2e0b53,etl/src/test/java/com/orientechnologies/orient/etl/extractor/OJsonRandomExtractorTest.java,1,0,1,3,34,75,Bag
abf6ba2fb52da0ed0fbf5148ca6eaef77f2e0b53,etl/src/test/java/com/orientechnologies/orient/etl/extractor/OCSVExtractorTest.java,4,0,1,33,339,399,Bag
abf6ba2fb52da0ed0fbf5148ca6eaef77f2e0b53,etl/src/main/java/com/orientechnologies/orient/etl/extractor/OCSVExtractor.java,38,0,1,7,216,273,Bag
abf6ba2fb52da0ed0fbf5148ca6eaef77f2e0b53,etl/src/test/java/com/orientechnologies/orient/etl/OETLBaseTest.java,1,0,1,2,39,78,Bag
abf6ba2fb52da0ed0fbf5148ca6eaef77f2e0b53,etl/src/test/java/com/orientechnologies/orient/etl/loader/OOrientDBLoaderTest.java,2,0,1,3,73,97,Bag
abf6ba2fb52da0ed0fbf5148ca6eaef77f2e0b53,etl/src/main/java/com/orientechnologies/orient/etl/loader/OOrientDBLoader.java,102,0,1,11,457,598,Bag
abf6ba2fb52da0ed0fbf5148ca6eaef77f2e0b53,etl/src/main/java/com/orientechnologies/orient/etl/transformer/OFieldTransformer.java,15,0,0,5,85,125,Bag
abf6ba2fb52da0ed0fbf5148ca6eaef77f2e0b53,etl/src/test/java/com/orientechnologies/orient/etl/transformer/OVertexTransformerTest.java,2,0,2,4,52,89,Bag
abf6ba2fb52da0ed0fbf5148ca6eaef77f2e0b53,etl/src/test/java/com/orientechnologies/orient/etl/transformer/OFieldTransformerTest.java,1,0,1,4,44,78,Bag
abf6ba2fb52da0ed0fbf5148ca6eaef77f2e0b53,etl/src/main/java/com/orientechnologies/orient/etl/transformer/OVertexTransformer.java,10,0,0,6,58,90,Bag
ac6ba2add76a1f3d3aaa40429729ec87cfad1e1b,core/src/main/java/com/orientechnologies/orient/core/config/OGlobalConfiguration.java,38,0,3,11,524,792,Bag
ac6ba2add76a1f3d3aaa40429729ec87cfad1e1b,core/src/test/java/com/orientechnologies/orient/core/index/hashindex/local/cache/LRUListTest.java,30,0,1,15,289,402,Bag
ac6ba2add76a1f3d3aaa40429729ec87cfad1e1b,core/src/test/java/com/orientechnologies/orient/core/index/sbtreebonsai/local/OSBTreeBonsaiWAL.java,15,0,1,17,281,376,Bag
ac6ba2add76a1f3d3aaa40429729ec87cfad1e1b,core/src/main/java/com/orientechnologies/orient/core/storage/impl/local/paginated/OLocalPaginatedStorage.java,28,0,1,11,245,323,Bag
ac6ba2add76a1f3d3aaa40429729ec87cfad1e1b,core/src/test/java/com/orientechnologies/orient/core/index/sbtree/local/SBTreeLeafBucketTest.java,31,0,1,7,237,322,Bag
ac6ba2add76a1f3d3aaa40429729ec87cfad1e1b,core/src/test/java/com/orientechnologies/orient/core/storage/impl/local/paginated/LocalPaginatedClusterWithWAL.java,20,0,1,30,359,483,Bag
ac6ba2add76a1f3d3aaa40429729ec87cfad1e1b,core/src/test/java/com/orientechnologies/orient/core/index/sbtree/local/ONullBucketTest.java,1,0,1,4,56,83,Bag
ac6ba2add76a1f3d3aaa40429729ec87cfad1e1b,core/src/test/java/com/orientechnologies/orient/core/storage/impl/local/paginated/LocalPaginatedClusterTest.java,75,0,1,29,919,1237,Bag
ac6ba2add76a1f3d3aaa40429729ec87cfad1e1b,core/src/test/java/com/orientechnologies/orient/core/index/sbtree/local/SBTreeNonLeafBucketTest.java,20,0,1,3,140,191,Bag
ac6ba2add76a1f3d3aaa40429729ec87cfad1e1b,core/src/test/java/com/orientechnologies/orient/core/index/sbtreebonsai/local/OSBTreeBonsaiNonLeafBucketTest.java,20,0,1,3,139,189,Bag
ac6ba2add76a1f3d3aaa40429729ec87cfad1e1b,core/src/test/java/com/orientechnologies/orient/core/index/hashindex/local/arc/ReadWriteCacheConcurrentTest.java,32,0,1,4,236,305,Bag
ac6ba2add76a1f3d3aaa40429729ec87cfad1e1b,core/src/main/java/com/orientechnologies/orient/core/storage/impl/local/paginated/atomicoperations/OAtomicOperation.java,56,0,1,20,335,472,Bag
ac6ba2add76a1f3d3aaa40429729ec87cfad1e1b,core/src/main/java/com/orientechnologies/orient/core/index/hashindex/local/cache/WriteGroup.java,1,0,0,0,10,38,Bag
ac6ba2add76a1f3d3aaa40429729ec87cfad1e1b,core/src/test/java/com/orientechnologies/orient/core/index/sbtreebonsai/local/OSBTreeBonsaiLeafBucketTest.java,31,0,1,7,241,326,Bag
ac6ba2add76a1f3d3aaa40429729ec87cfad1e1b,core/src/main/java/com/orientechnologies/orient/core/storage/impl/memory/ODirectMemoryOnlyDiskCache.java,22,0,1,52,434,564,Bag
ac6ba2add76a1f3d3aaa40429729ec87cfad1e1b,core/src/test/java/com/orientechnologies/orient/core/index/sbtree/local/SBTreeTestBigValuesWAL.java,20,0,1,14,341,444,Bag
ac6ba2add76a1f3d3aaa40429729ec87cfad1e1b,core/src/test/java/com/orientechnologies/orient/core/index/sbtree/local/SBTreeValuePageTest.java,1,0,1,2,51,75,Bag
ac6ba2add76a1f3d3aaa40429729ec87cfad1e1b,core/src/main/java/com/orientechnologies/orient/core/index/hashindex/local/cache/OWOWCache.java,182,0,1,36,1165,1498,Bag
ac6ba2add76a1f3d3aaa40429729ec87cfad1e1b,core/src/main/java/com/orientechnologies/common/concur/lock/ODistributedCounter.java,17,0,1,4,89,118,Bag
ac6ba2add76a1f3d3aaa40429729ec87cfad1e1b,core/src/test/java/com/orientechnologies/orient/core/index/sbtree/local/SBTreeWAL.java,19,0,1,18,309,415,Bag
ac6ba2add76a1f3d3aaa40429729ec87cfad1e1b,core/src/test/java/com/orientechnologies/orient/core/index/hashindex/local/cache/ReadWriteDiskCacheTest.java,80,0,0,21,681,907,Bag
ac6ba2add76a1f3d3aaa40429729ec87cfad1e1b,core/src/main/java/com/orientechnologies/orient/core/index/hashindex/local/cache/OCachePointer.java,9,0,1,14,82,134,Bag
ac6ba2add76a1f3d3aaa40429729ec87cfad1e1b,core/src/test/java/com/orientechnologies/orient/core/storage/impl/local/paginated/ClusterPageTest.java,27,0,1,20,865,1159,Bag
ac6ba2add76a1f3d3aaa40429729ec87cfad1e1b,core/src/test/java/com/orientechnologies/orient/core/index/hashindex/local/cache/WOWCacheTest.java,18,0,1,6,204,284,Bag
ac6ba2add76a1f3d3aaa40429729ec87cfad1e1b,core/src/main/java/com/orientechnologies/orient/core/index/hashindex/local/cache/O2QCache.java,94,0,1,17,759,969,Bag
acbf2b4862985a154884df8442819e48c3eed517,core/src/main/java/com/orientechnologies/orient/core/storage/impl/local/OAbstractPaginatedStorage.java,470,0,7,102,3121,4142,Bag
acbf2b4862985a154884df8442819e48c3eed517,lucene/src/main/java/com/orientechnologies/lucene/engine/OLuceneIndexEngineAbstract.java,42,0,2,26,385,489,Bag
acbf2b4862985a154884df8442819e48c3eed517,lucene/src/main/java/com/orientechnologies/lucene/engine/OLuceneIndexEngine.java,1,0,1,12,28,66,Bag
acbf2b4862985a154884df8442819e48c3eed517,lucene/src/test/java/com/orientechnologies/lucene/test/LuceneBackupRestoreTest.java,4,0,1,1,62,109,Bag
acbf2b4862985a154884df8442819e48c3eed517,lucene/src/main/java/com/orientechnologies/lucene/index/OLuceneIndexNotUnique.java,14,0,1,20,268,429,Bag
acbf2b4862985a154884df8442819e48c3eed517,lucene/src/main/java/com/orientechnologies/lucene/engine/OLuceneIndexEngineDelegate.java,5,0,1,37,193,266,Bag
acd8d11e683f36a33cd0d0ad9c79b315e5816ca5,core/src/main/java/com/orientechnologies/orient/core/sql/OCommandExecutorSQLAlterClass.java,12,0,2,3,73,127,Bag
acd8d11e683f36a33cd0d0ad9c79b315e5816ca5,graphdb/src/test/java/com/orientechnologies/orient/graph/sql/SQLCreateVertexAndEdgeTest.java,3,0,1,5,119,179,NoBug
ad2d33fb4fdbc5387934dc847c8536cd2135d820,tests/src/test/java/com/orientechnologies/orient/test/database/auto/LiveQueryTest.java,2,0,1,3,72,111,Bag
ad2d33fb4fdbc5387934dc847c8536cd2135d820,tests/src/test/java/com/orientechnologies/orient/test/database/auto/ORidBagTest.java,97,0,0,27,1078,1484,Bag
ad2d33fb4fdbc5387934dc847c8536cd2135d820,core/src/test/java/com/orientechnologies/orient/core/sql/OLiveQueryTest.java,2,0,1,1,64,107,Bag
ad2d33fb4fdbc5387934dc847c8536cd2135d820,server/src/main/java/com/orientechnologies/orient/server/tx/OTransactionOptimisticProxy.java,45,0,0,6,247,332,Bag
ad33b6f0fc39707d237a4e22823b1a0cd63f34c4,core/src/main/java/com/orientechnologies/orient/core/storage/impl/local/paginated/OPaginatedCluster.java,168,0,4,46,1834,2244,NoBug
ad6c4c90396993238b02939c20e60b5282347d8c,core/src/main/java/com/orientechnologies/orient/core/storage/fs/OFileClassic.java,82,0,11,26,792,1001,Bag
adddd500f5b684336e6d81b081c449dabe52977d,server/src/main/java/com/orientechnologies/orient/server/distributed/task/OSyncClusterTask.java,11,0,1,14,154,233,Bag
adddd500f5b684336e6d81b081c449dabe52977d,server/src/main/java/com/orientechnologies/orient/server/distributed/task/OSyncDatabaseTask.java,13,0,1,14,162,237,Bag
adddd500f5b684336e6d81b081c449dabe52977d,distributed/src/main/java/com/orientechnologies/orient/server/hazelcast/OHazelcastPlugin.java,186,0,6,49,1099,1526,Bag
adddd500f5b684336e6d81b081c449dabe52977d,server/src/main/java/com/orientechnologies/orient/server/distributed/ODistributedDatabaseChunk.java,3,0,0,7,66,100,Bag
adddd500f5b684336e6d81b081c449dabe52977d,server/src/main/java/com/orientechnologies/orient/server/distributed/task/OCopyDatabaseChunkTask.java,3,0,1,12,79,126,Bag
adddd500f5b684336e6d81b081c449dabe52977d,server/src/main/java/com/orientechnologies/orient/server/distributed/task/OSQLCommandTask.java,10,0,1,12,119,176,Bag
adddd500f5b684336e6d81b081c449dabe52977d,server/src/main/java/com/orientechnologies/orient/server/distributed/task/OTxTask.java,34,0,2,11,193,292,Bag
adddd500f5b684336e6d81b081c449dabe52977d,server/src/main/java/com/orientechnologies/orient/server/distributed/task/OCompletedTxTask.java,4,0,2,10,77,128,Bag
adddd500f5b684336e6d81b081c449dabe52977d,server/src/main/java/com/orientechnologies/orient/server/distributed/task/OAbstractRemoteTask.java,1,0,2,15,54,102,Bag
adddd500f5b684336e6d81b081c449dabe52977d,server/src/main/java/com/orientechnologies/orient/server/distributed/task/OScriptTask.java,2,0,1,12,76,122,Bag
ae7c04d181a8ba0a89222cc681b0534a4f4c190d,core/src/main/java/com/orientechnologies/orient/core/sql/OCommandExecutorSQLLiveSelect.java,28,0,1,6,177,227,Bag
ae7c04d181a8ba0a89222cc681b0534a4f4c190d,core/src/test/java/com/orientechnologies/orient/core/sql/OLiveQueryTest.java,2,0,1,1,62,107,Bag
aea1363fe7b25d401a015eb9b41f525138f9e103,core/src/main/java/com/orientechnologies/orient/core/storage/cache/local/twoq/O2QCache.java,146,0,6,14,1113,1589,Bag
af34f0faa216634de95a6461d1cc61a7ce82f2bc,core/src/main/java/com/orientechnologies/orient/core/db/record/ridbag/embedded/OEmbeddedRidBag.java,53,0,0,27,379,495,NoBug
af34f0faa216634de95a6461d1cc61a7ce82f2bc,core/src/main/java/com/orientechnologies/orient/core/db/record/ridbag/sbtree/OSBTreeRidBag.java,117,0,2,42,807,1041,NoBug
af4d2778d4c32d7a669fe89249a4aa08cc9107fd,core/src/main/java/com/orientechnologies/orient/core/metadata/schema/OType.java,224,0,10,10,546,757,Bag
af4d2778d4c32d7a669fe89249a4aa08cc9107fd,core/src/test/java/com/orientechnologies/orient/core/sql/functions/OSQLFunctionConvertTest.java,1,0,1,1,64,86,Bag
af4d2778d4c32d7a669fe89249a4aa08cc9107fd,etl/src/test/java/com/orientechnologies/orient/etl/extractor/OCSVExtractorTest.java,4,0,1,35,368,446,Bag
af4d2778d4c32d7a669fe89249a4aa08cc9107fd,tools/src/main/java/com/orientechnologies/orient/console/OConsoleDatabaseApp.java,339,0,11,115,2338,3009,Bag
af71491e4e5daf2acf51c287e07ea3a8aa740ada,core/src/main/java/com/orientechnologies/orient/core/sql/functions/misc/OSQLFunctionUUID.java,1,0,2,4,25,63,Bag
af71491e4e5daf2acf51c287e07ea3a8aa740ada,core/src/test/java/com/orientechnologies/orient/core/sql/functions/stat/OSQLFunctionUUIDTest.java,1,0,0,5,39,71,Bag
af83d394d604c2287c703c4a01b53479bede595a,core/src/main/java/com/orientechnologies/orient/core/sql/parser/OFindReferencesStatement.java,5,0,0,4,36,49,NoBug
af83d394d604c2287c703c4a01b53479bede595a,core/src/main/java/com/orientechnologies/orient/core/sql/parser/OrientSqlTokenManager.java,1854,0,8,0,4021,4054,NoBug
af83d394d604c2287c703c4a01b53479bede595a,core/src/main/java/com/orientechnologies/orient/core/sql/parser/OrientSql.java,5495,0,11,134,15454,16615,NoBug
af83d394d604c2287c703c4a01b53479bede595a,core/src/main/java/com/orientechnologies/orient/core/sql/parser/OrientSqlConstants.java,1,0,1,0,363,552,NoBug
af83d394d604c2287c703c4a01b53479bede595a,core/src/test/java/com/orientechnologies/orient/core/sql/parser/OFindReferencesTest.java,1,0,0,2,19,23,NoBug
af83d394d604c2287c703c4a01b53479bede595a,core/src/main/java/com/orientechnologies/orient/core/sql/parser/OrientSqlTreeConstants.java,1,0,0,1,274,280,NoBug
afc113ad60f06458f592b8b41be431324104087a,graphdb/src/main/java/com/orientechnologies/orient/graph/batch/OGraphBatchInsert.java,57,0,21,1,350,566,Bag
affea7f302c8ef512345314b516ddbd9771d3412,core/src/main/java/com/orientechnologies/orient/core/record/impl/ODocument.java,493,0,50,34,1747,2506,Bag
b0847f2be78a910ae8b375c231a19a2cbc0c6694,core/src/main/java/com/orientechnologies/orient/core/storage/impl/local/OAbstractPaginatedStorage.java,483,0,7,102,3167,4191,Bag
b09f90b88b86a3fc394c518d4035746dee3e7e23,core/src/main/java/com/orientechnologies/orient/core/db/document/ODatabaseDocumentTx.java,397,0,79,84,2072,3087,Bag
b102933a6accaaf7fc4687fc79541cffd4c9b577,server/src/main/java/com/orientechnologies/orient/server/distributed/task/OTxTask.java,34,0,2,11,193,292,NoBug
b10e928ecf2350b88c9661ab8c40f3e54a901a7b,server/src/main/java/com/orientechnologies/orient/server/OServer.java,136,0,4,62,851,1171,NoBug
b10e928ecf2350b88c9661ab8c40f3e54a901a7b,server/src/main/java/com/orientechnologies/orient/server/OClientConnectionManager.java,72,0,9,13,375,538,NoBug
b10e928ecf2350b88c9661ab8c40f3e54a901a7b,core/src/main/java/com/orientechnologies/orient/core/db/OExecutionThreadLocal.java,4,0,1,4,46,80,NoBug
b10e928ecf2350b88c9661ab8c40f3e54a901a7b,core/src/main/java/com/orientechnologies/common/thread/OSoftThread.java,7,0,1,13,73,123,NoBug
b10e928ecf2350b88c9661ab8c40f3e54a901a7b,server/src/main/java/com/orientechnologies/orient/server/network/protocol/binary/ONetworkProtocolBinary.java,140,0,2,17,698,860,NoBug
b10e928ecf2350b88c9661ab8c40f3e54a901a7b,tools/src/main/java/com/orientechnologies/orient/stresstest/OConsoleProgressWriter.java,5,0,1,3,34,67,NoBug
b1158cc4f34bbcc7ddea2a8457304b2d0d7a7ea5,distributed/src/main/java/com/orientechnologies/orient/server/hazelcast/OHazelcastPlugin.java,175,0,4,31,886,1226,Bag
b18251fe922483b2b6591472b9f435a9214c8c51,core/src/main/java/com/orientechnologies/orient/core/sql/functions/graph/OSQLFunctionShortestPath.java,61,0,1,3,253,315,NoBug
b18251fe922483b2b6591472b9f435a9214c8c51,core/src/main/java/com/orientechnologies/orient/core/sql/executor/EmptyStep.java,1,0,1,4,18,29,NoBug
b18251fe922483b2b6591472b9f435a9214c8c51,core/src/main/java/com/orientechnologies/orient/core/sql/functions/ODefaultSQLFunctionFactory.java,4,0,1,4,98,135,NoBug
b18251fe922483b2b6591472b9f435a9214c8c51,graphdb/src/main/java/com/orientechnologies/orient/graph/sql/functions/OSQLFunctionShortestPath.java,53,0,1,3,242,325,NoBug
b18251fe922483b2b6591472b9f435a9214c8c51,core/src/main/java/com/orientechnologies/orient/core/sql/executor/EmptyDataGeneratorStep.java,3,0,1,5,49,70,NoBug
b18251fe922483b2b6591472b9f435a9214c8c51,graphdb/src/main/java/com/orientechnologies/orient/graph/sql/functions/OGraphFunctionFactory.java,4,0,1,4,43,86,NoBug
b18251fe922483b2b6591472b9f435a9214c8c51,core/src/test/java/com/orientechnologies/orient/core/sql/functions/graph/OSQLFunctionShortestPathTest.java,4,0,0,11,135,167,NoBug
b18251fe922483b2b6591472b9f435a9214c8c51,core/src/main/java/com/orientechnologies/orient/core/sql/executor/LetExpressionStep.java,2,0,1,5,52,72,NoBug
b1c41b41d63492702fac9da0bbc12b750c4db9a2,server/src/main/java/com/orientechnologies/orient/server/distributed/ODistributedStorage.java,173,0,1,82,1073,1471,Bag
b1c41b41d63492702fac9da0bbc12b750c4db9a2,distributed/src/main/java/com/orientechnologies/orient/server/hazelcast/OHazelcastDistributedDatabase.java,71,0,1,10,401,562,Bag
b1c41b41d63492702fac9da0bbc12b750c4db9a2,server/src/main/java/com/orientechnologies/orient/server/distributed/OAsynchDistributedOperation.java,1,0,1,5,29,62,Bag
b1c41b41d63492702fac9da0bbc12b750c4db9a2,core/src/main/java/com/orientechnologies/orient/core/storage/impl/local/OAbstractPaginatedStorage.java,298,0,3,74,1982,2596,Bag
b2591aeb503daa734eb311180aad6dba1faa2bd1,graphdb/src/test/java/com/tinkerpop/blueprints/impls/orient/OrientGraphRemoteTest.java,16,0,1,9,153,204,NoBug
b2591aeb503daa734eb311180aad6dba1faa2bd1,client/src/main/java/com/orientechnologies/orient/client/remote/OStorageRemote.java,187,0,5,87,1287,1646,NoBug
b25b02412b362d51cc3b2773ef4ea31552e0c48b,core/src/main/java/com/orientechnologies/orient/core/sql/executor/OSelectExecutionPlanner.java,447,0,1,2,1677,2030,NoBug
b26d4eb042ae1e965368b6ca96b4e6a6b3a43796,core/src/main/java/com/orientechnologies/orient/core/storage/impl/local/OAbstractPaginatedStorage.java,350,0,3,77,2375,3045,Bag
b27bb99f64f5a211acd2f1639a5895ce09a1b883,distributed/src/test/java/com/orientechnologies/orient/server/distributed/LocalConcurrentTxTest.java,1,0,1,2,17,44,NoBug
b27bb99f64f5a211acd2f1639a5895ce09a1b883,core/src/main/java/com/orientechnologies/orient/core/index/hashindex/local/OLocalHashTable.java,183,0,1,23,1447,1872,NoBug
b27bb99f64f5a211acd2f1639a5895ce09a1b883,server/src/main/java/com/orientechnologies/orient/server/distributed/task/ODistributedRecordLockedException.java,2,0,1,4,20,53,NoBug
b27bb99f64f5a211acd2f1639a5895ce09a1b883,distributed/src/test/java/com/orientechnologies/orient/server/distributed/ServerRun.java,3,0,1,7,71,116,NoBug
b27bb99f64f5a211acd2f1639a5895ce09a1b883,core/src/main/java/com/orientechnologies/orient/core/storage/impl/local/paginated/OClusterPositionMap.java,44,0,1,19,434,535,NoBug
b27bb99f64f5a211acd2f1639a5895ce09a1b883,server/src/main/java/com/orientechnologies/orient/server/distributed/ODistributedDatabase.java,1,0,4,2,11,69,NoBug
b27bb99f64f5a211acd2f1639a5895ce09a1b883,server/src/main/java/com/orientechnologies/orient/server/distributed/ODistributedStorage.java,164,0,1,82,1044,1424,NoBug
b27bb99f64f5a211acd2f1639a5895ce09a1b883,distributed/src/test/java/com/orientechnologies/orient/server/distributed/AbstractDistributedWriteTest.java,10,0,1,2,132,184,NoBug
b27bb99f64f5a211acd2f1639a5895ce09a1b883,distributed/src/main/java/com/orientechnologies/orient/server/hazelcast/OHazelcastPlugin.java,175,0,6,49,1034,1435,Bag
b27bb99f64f5a211acd2f1639a5895ce09a1b883,distributed/src/test/java/com/orientechnologies/orient/server/distributed/AbstractDistributedConcurrentTxTest.java,9,0,1,0,111,166,NoBug
b27bb99f64f5a211acd2f1639a5895ce09a1b883,server/src/main/java/com/orientechnologies/orient/server/distributed/task/OUpdateRecordTask.java,9,0,1,14,130,188,NoBug
b27bb99f64f5a211acd2f1639a5895ce09a1b883,distributed/src/main/java/com/orientechnologies/orient/server/hazelcast/OHazelcastDistributedDatabase.java,71,0,1,10,401,562,NoBug
b27bb99f64f5a211acd2f1639a5895ce09a1b883,distributed/src/test/java/com/orientechnologies/orient/server/distributed/AbstractServerClusterInsertTest.java,23,0,1,1,311,414,NoBug
b27bb99f64f5a211acd2f1639a5895ce09a1b883,core/src/main/java/com/orientechnologies/orient/core/storage/impl/local/paginated/OPaginatedCluster.java,115,0,1,42,1374,1674,Bag
b27bb99f64f5a211acd2f1639a5895ce09a1b883,server/src/main/java/com/orientechnologies/orient/server/distributed/task/OAbstractRecordReplicatedTask.java,3,0,1,13,62,104,NoBug
b27bb99f64f5a211acd2f1639a5895ce09a1b883,core/src/main/java/com/orientechnologies/orient/core/index/sbtree/local/OSBTree.java,191,0,1,27,1556,1983,NoBug
b27bb99f64f5a211acd2f1639a5895ce09a1b883,server/src/main/java/com/orientechnologies/orient/server/distributed/task/OTxTaskResult.java,6,0,1,5,44,78,NoBug
b27bb99f64f5a211acd2f1639a5895ce09a1b883,core/src/main/java/com/orientechnologies/orient/core/index/hashindex/local/OLocalHashTable20.java,211,0,1,23,1687,2190,NoBug
b27bb99f64f5a211acd2f1639a5895ce09a1b883,server/src/main/java/com/orientechnologies/orient/server/distributed/task/ODeleteRecordTask.java,7,0,1,12,93,140,NoBug
b27bb99f64f5a211acd2f1639a5895ce09a1b883,server/src/main/java/com/orientechnologies/orient/server/distributed/task/OTxTask.java,33,0,2,11,191,288,NoBug
b27bb99f64f5a211acd2f1639a5895ce09a1b883,server/src/main/java/com/orientechnologies/orient/server/distributed/task/OCompletedTxTask.java,4,0,2,10,77,128,NoBug
b27bb99f64f5a211acd2f1639a5895ce09a1b883,server/src/main/java/com/orientechnologies/orient/server/distributed/task/OFixTxTask.java,8,0,1,9,77,129,NoBug
b2d2a8092faec38eb3a9f2a2d60f1ffeb2b9b6a9,core/src/main/java/com/orientechnologies/orient/core/db/OPartitionedDatabasePool.java,37,0,1,14,280,436,NoBug
b2d2a8092faec38eb3a9f2a2d60f1ffeb2b9b6a9,core/src/main/java/com/orientechnologies/orient/core/db/OPartitionedDatabasePoolFactory.java,19,0,1,9,125,194,NoBug
b2d2a8092faec38eb3a9f2a2d60f1ffeb2b9b6a9,core/src/test/java/com/orientechnologies/orient/core/db/document/ODatabaseDocumentTxTest.java,4,0,0,2,38,52,Bag
b2d2a8092faec38eb3a9f2a2d60f1ffeb2b9b6a9,tests/src/test/java/com/orientechnologies/orient/test/database/auto/CRUDDocumentPhysicalTest.java,58,0,0,36,718,969,NoBug
b2d2a8092faec38eb3a9f2a2d60f1ffeb2b9b6a9,graphdb/src/main/java/com/tinkerpop/blueprints/impls/orient/OrientGraphFactory.java,15,0,12,2,107,218,Bag
b2d2a8092faec38eb3a9f2a2d60f1ffeb2b9b6a9,core/src/main/java/com/orientechnologies/orient/core/db/document/ODatabaseDocumentTx.java,372,0,83,85,2097,3085,Bag
b2d2a8092faec38eb3a9f2a2d60f1ffeb2b9b6a9,graphdb/src/test/java/com/orientechnologies/orient/graph/blueprints/AutoTxTest.java,1,0,1,4,33,47,NoBug
b2d2a8092faec38eb3a9f2a2d60f1ffeb2b9b6a9,graphdb/src/main/java/com/tinkerpop/blueprints/impls/orient/OrientBaseGraph.java,216,0,70,13,1188,2128,Bag
b2d2a8092faec38eb3a9f2a2d60f1ffeb2b9b6a9,graphdb/src/main/java/com/tinkerpop/blueprints/impls/orient/OrientTransactionalGraph.java,26,0,4,4,143,235,NoBug
b2d2a8092faec38eb3a9f2a2d60f1ffeb2b9b6a9,graphdb/src/main/java/com/orientechnologies/orient/graph/sql/OCommandExecutorSQLMoveVertex.java,27,0,2,3,129,199,NoBug
b2d2a8092faec38eb3a9f2a2d60f1ffeb2b9b6a9,graphdb/src/main/java/com/orientechnologies/orient/graph/sql/OGraphCommandExecutorSQLFactory.java,35,0,6,10,199,302,NoBug
b2da48e3afbf13d261e339a76b8f2ad78837ff2e,core/src/main/java/com/orientechnologies/orient/core/metadata/schema/OImmutableClass.java,59,0,1,88,584,723,NoBug
b2da48e3afbf13d261e339a76b8f2ad78837ff2e,core/src/test/java/com/orientechnologies/orient/core/metadata/schema/TestMultiSuperClasses.java,2,0,0,10,151,174,NoBug
b2da48e3afbf13d261e339a76b8f2ad78837ff2e,core/src/main/java/com/orientechnologies/orient/core/metadata/schema/OClassImpl.java,268,0,6,100,1926,2455,Bag
b2da48e3afbf13d261e339a76b8f2ad78837ff2e,core/src/main/java/com/orientechnologies/orient/core/metadata/schema/OClass.java,1,0,28,55,111,444,NoBug
b2da48e3afbf13d261e339a76b8f2ad78837ff2e,core/src/main/java/com/orientechnologies/orient/core/metadata/schema/OClassAbstractDelegate.java,1,0,1,81,355,463,NoBug
b2e32ca05ae2a95c40f4d94e60c708584e8bbba7,server/src/test/java/com/orientechnologies/orient/server/HookInstallServerTest.java,2,0,0,8,75,92,NoBug
b2e32ca05ae2a95c40f4d94e60c708584e8bbba7,server/src/main/java/com/orientechnologies/orient/server/handler/OConfigurableHooksManager.java,9,0,1,10,76,122,NoBug
b31b75faa4beaa383d3781795ae1b04a84536f64,graphdb/src/test/java/com/orientechnologies/orient/graph/sql/OCommandExecutorSQLDeleteEdgeTest.java,4,0,1,8,94,122,NoBug
b31b75faa4beaa383d3781795ae1b04a84536f64,graphdb/src/main/java/com/tinkerpop/blueprints/impls/orient/OrientBaseGraph.java,223,0,76,13,1221,2233,Bag
b31b75faa4beaa383d3781795ae1b04a84536f64,graphdb/src/test/java/com/orientechnologies/orient/graph/sql/OCommandExecutorSQLDeleteVertexTest.java,7,0,1,8,80,139,NoBug
b31b75faa4beaa383d3781795ae1b04a84536f64,graphdb/src/test/java/com/orientechnologies/orient/graph/blueprints/GraphValidationTest.java,5,0,0,6,136,186,NoBug
b32a3c05a5a22aac25cd5a18fca260ff2addce82,core/src/test/java/com/orientechnologies/orient/core/metadata/schema/AlterPropertyTest.java,1,0,0,3,38,44,Bag
b32a3c05a5a22aac25cd5a18fca260ff2addce82,core/src/main/java/com/orientechnologies/orient/core/metadata/schema/OClassImpl.java,293,0,5,106,2086,2624,Bag
b32a3c05a5a22aac25cd5a18fca260ff2addce82,core/src/main/java/com/orientechnologies/orient/core/metadata/schema/OPropertyImpl.java,141,0,9,50,1097,1418,Bag
b3f9b66d8baf26afa8a2c306dbb24375f3d290c5,core/src/test/java/com/orientechnologies/orient/core/sql/OCommandExecutorSQLCreateSequenceTest.java,14,0,0,7,98,135,NoBug
b3f9b66d8baf26afa8a2c306dbb24375f3d290c5,core/src/main/java/com/orientechnologies/orient/core/sql/parser/OrientSql.java,11387,0,11,171,24487,25946,NoBug
b424f8dc6bfcd7fe527e2f9e7f6e0865986acfaa,core/src/main/java/com/orientechnologies/orient/core/metadata/schema/OPropertyImpl.java,136,0,9,48,1044,1355,NoBug
b42d488780f2bfdd6ce58bec2d3ab76676ca4f9f,core/src/main/java/com/orientechnologies/orient/core/index/OIndexManagerAbstract.java,46,0,1,27,389,496,NoBug
b42d488780f2bfdd6ce58bec2d3ab76676ca4f9f,core/src/main/java/com/orientechnologies/common/console/ODFACommandStream.java,57,0,1,6,202,258,NoBug
b42d488780f2bfdd6ce58bec2d3ab76676ca4f9f,core/src/main/java/com/orientechnologies/orient/core/storage/OStorageAbstract.java,19,0,1,28,167,232,NoBug
b42d488780f2bfdd6ce58bec2d3ab76676ca4f9f,core/src/main/java/com/orientechnologies/common/console/OConsoleApplication.java,99,0,0,10,419,552,Bag
b42d488780f2bfdd6ce58bec2d3ab76676ca4f9f,core/src/main/java/com/orientechnologies/orient/core/db/record/ridbag/sbtree/OSBTreeCollectionManagerAbstract.java,9,0,1,8,126,186,NoBug
b42d488780f2bfdd6ce58bec2d3ab76676ca4f9f,core/src/main/java/com/orientechnologies/orient/core/metadata/security/OSecurityShared.java,78,0,3,30,381,520,NoBug
b42d488780f2bfdd6ce58bec2d3ab76676ca4f9f,core/src/main/java/com/orientechnologies/orient/core/metadata/schema/OSchemaShared.java,162,0,9,44,950,1267,Bag
b42d488780f2bfdd6ce58bec2d3ab76676ca4f9f,core/src/main/java/com/orientechnologies/common/concur/resource/OCloseable.java,1,0,0,2,4,25,NoBug
b42d488780f2bfdd6ce58bec2d3ab76676ca4f9f,core/src/test/java/com/orientechnologies/orient/core/storage/impl/local/paginated/LocalPaginatedClusterTest.java,75,0,1,29,918,1236,NoBug
b42d488780f2bfdd6ce58bec2d3ab76676ca4f9f,core/src/main/java/com/orientechnologies/common/concur/resource/OSharedContainerImpl.java,9,0,1,4,72,120,NoBug
b42d488780f2bfdd6ce58bec2d3ab76676ca4f9f,core/src/main/java/com/orientechnologies/common/console/OScannerCommandStream.java,1,0,1,5,30,62,NoBug
b42d488780f2bfdd6ce58bec2d3ab76676ca4f9f,core/src/test/java/com/orientechnologies/orient/core/db/record/ridbag/sbtree/OSBTreeCollectionManagerSharedTest.java,16,0,0,6,143,186,NoBug
b42d488780f2bfdd6ce58bec2d3ab76676ca4f9f,core/src/main/java/com/orientechnologies/orient/core/storage/impl/local/OAbstractPaginatedStorage.java,291,0,3,74,1919,2517,Bag
b43eac5ee4b92c9327f3596c5c1986a6c29e1dfb,core/src/main/java/com/orientechnologies/orient/core/storage/impl/memory/ODirectMemoryOnlyDiskCache.java,22,0,1,52,434,564,NoBug
b43eac5ee4b92c9327f3596c5c1986a6c29e1dfb,core/src/main/java/com/orientechnologies/orient/core/index/hashindex/local/cache/PageGroup.java,1,0,0,0,11,39,NoBug
b43eac5ee4b92c9327f3596c5c1986a6c29e1dfb,core/src/test/java/com/orientechnologies/orient/core/storage/impl/local/paginated/LocalPaginatedClusterTest.java,75,0,1,29,919,1237,NoBug
b43eac5ee4b92c9327f3596c5c1986a6c29e1dfb,core/src/test/java/com/orientechnologies/orient/core/index/sbtree/local/SBTreeLeafBucketTest.java,31,0,1,7,237,322,NoBug
b43eac5ee4b92c9327f3596c5c1986a6c29e1dfb,core/src/test/java/com/orientechnologies/orient/core/index/sbtree/local/ONullBucketTest.java,1,0,1,4,56,83,NoBug
b43eac5ee4b92c9327f3596c5c1986a6c29e1dfb,core/src/test/java/com/orientechnologies/orient/core/storage/impl/local/paginated/ClusterPageTest.java,27,0,1,20,865,1159,NoBug
b43eac5ee4b92c9327f3596c5c1986a6c29e1dfb,core/src/test/java/com/orientechnologies/orient/core/index/hashindex/local/cache/WOWCacheTest.java,18,0,1,6,204,284,NoBug
b43eac5ee4b92c9327f3596c5c1986a6c29e1dfb,core/src/test/java/com/orientechnologies/orient/core/index/sbtree/local/SBTreeNonLeafBucketTest.java,20,0,1,3,140,191,NoBug
b43eac5ee4b92c9327f3596c5c1986a6c29e1dfb,core/src/test/java/com/orientechnologies/orient/core/index/sbtreebonsai/local/OSBTreeBonsaiLeafBucketTest.java,31,0,1,7,241,326,NoBug
b43eac5ee4b92c9327f3596c5c1986a6c29e1dfb,core/src/main/java/com/orientechnologies/orient/core/index/hashindex/local/cache/O2QCache.java,93,0,1,17,742,953,NoBug
b43eac5ee4b92c9327f3596c5c1986a6c29e1dfb,core/src/main/java/com/orientechnologies/orient/core/storage/impl/local/paginated/OLocalPaginatedStorage.java,28,0,1,11,246,324,NoBug
b43eac5ee4b92c9327f3596c5c1986a6c29e1dfb,core/src/test/java/com/orientechnologies/orient/core/index/sbtree/local/SBTreeTestBigValuesWAL.java,20,0,1,14,341,444,NoBug
b43eac5ee4b92c9327f3596c5c1986a6c29e1dfb,core/src/main/java/com/orientechnologies/orient/core/storage/impl/local/paginated/atomicoperations/OAtomicOperation.java,56,0,1,20,335,472,NoBug
b43eac5ee4b92c9327f3596c5c1986a6c29e1dfb,core/src/test/java/com/orientechnologies/orient/core/index/sbtree/local/SBTreeValuePageTest.java,1,0,1,2,51,75,NoBug
b43eac5ee4b92c9327f3596c5c1986a6c29e1dfb,core/src/test/java/com/orientechnologies/orient/core/index/hashindex/local/arc/ReadWriteCacheConcurrentTest.java,32,0,1,4,237,306,NoBug
b43eac5ee4b92c9327f3596c5c1986a6c29e1dfb,core/src/main/java/com/orientechnologies/common/concur/lock/ODistributedCounter.java,17,0,1,6,95,126,NoBug
b43eac5ee4b92c9327f3596c5c1986a6c29e1dfb,core/src/main/java/com/orientechnologies/orient/core/index/hashindex/local/cache/OCachePointer.java,22,0,1,24,186,270,NoBug
b43eac5ee4b92c9327f3596c5c1986a6c29e1dfb,core/src/test/java/com/orientechnologies/orient/core/index/hashindex/local/cache/LRUListTest.java,30,0,1,15,289,402,NoBug
b43eac5ee4b92c9327f3596c5c1986a6c29e1dfb,core/src/main/java/com/orientechnologies/orient/core/index/hashindex/local/cache/OWOWCache.java,185,0,1,40,1246,1630,NoBug
b43eac5ee4b92c9327f3596c5c1986a6c29e1dfb,core/src/test/java/com/orientechnologies/orient/core/storage/impl/local/paginated/LocalPaginatedClusterWithWAL.java,20,0,1,30,359,484,NoBug
b43eac5ee4b92c9327f3596c5c1986a6c29e1dfb,core/src/test/java/com/orientechnologies/orient/core/index/hashindex/local/cache/ReadWriteDiskCacheTest.java,70,0,0,19,615,823,NoBug
b43eac5ee4b92c9327f3596c5c1986a6c29e1dfb,core/src/test/java/com/orientechnologies/orient/core/index/sbtree/local/SBTreeWAL.java,19,0,1,18,309,415,NoBug
b43eac5ee4b92c9327f3596c5c1986a6c29e1dfb,core/src/main/java/com/orientechnologies/orient/core/config/OGlobalConfiguration.java,38,0,3,11,524,790,Bag
b43eac5ee4b92c9327f3596c5c1986a6c29e1dfb,core/src/test/java/com/orientechnologies/orient/core/index/sbtreebonsai/local/OSBTreeBonsaiWAL.java,15,0,1,17,281,376,NoBug
b43eac5ee4b92c9327f3596c5c1986a6c29e1dfb,core/src/test/java/com/orientechnologies/orient/core/index/sbtreebonsai/local/OSBTreeBonsaiNonLeafBucketTest.java,20,0,1,3,139,189,NoBug
b4695a135c5e16eb9ebbebb1d9a3195a2c44b485,graphdb/src/main/java/com/orientechnologies/orient/graph/sql/OCommandExecutorSQLCreateEdge.java,38,0,2,5,165,243,NoBug
b46e3bda32c6a8cafe318468003d72af8ae78534,graphdb/src/main/java/com/orientechnologies/orient/graph/sql/functions/OSQLFunctionAstar.java,65,0,1,5,297,382,NoBug
b47e46d58ae070fec696fe791396cf7a149b3238,tests/src/test/java/com/orientechnologies/orient/test/database/auto/ORidBagTest.java,113,0,0,30,1265,1738,Bag
b47e46d58ae070fec696fe791396cf7a149b3238,client/src/main/java/com/orientechnologies/orient/client/remote/OStorageRemote.java,249,0,5,76,1855,2326,NoBug
b47e46d58ae070fec696fe791396cf7a149b3238,core/src/main/java/com/orientechnologies/orient/core/db/document/ODatabaseDocumentTx.java,429,0,82,84,2316,3367,Bag
b483b7c3b51b4309cac3aea1fc014ac932f889ee,core/src/main/java/com/orientechnologies/orient/core/index/hashindex/local/OLocalHashTable20.java,208,0,1,25,1668,2166,NoBug
b483b7c3b51b4309cac3aea1fc014ac932f889ee,core/src/main/java/com/orientechnologies/orient/core/index/sbtree/local/OSBTree.java,214,0,2,27,1738,2170,NoBug
b483b7c3b51b4309cac3aea1fc014ac932f889ee,core/src/main/java/com/orientechnologies/orient/core/index/hashindex/local/OHashTable.java,3,0,2,33,95,163,NoBug
b483b7c3b51b4309cac3aea1fc014ac932f889ee,core/src/main/java/com/orientechnologies/orient/core/index/engine/OSBTreeIndexEngine.java,14,0,1,27,224,305,NoBug
b483b7c3b51b4309cac3aea1fc014ac932f889ee,core/src/main/java/com/orientechnologies/orient/core/index/hashindex/local/OLocalHashTable.java,190,0,1,25,1595,2021,NoBug
b483b7c3b51b4309cac3aea1fc014ac932f889ee,core/src/main/java/com/orientechnologies/orient/core/index/engine/OHashTableIndexEngine.java,29,0,1,27,317,427,NoBug
b483b7c3b51b4309cac3aea1fc014ac932f889ee,tests/src/test/java/com/orientechnologies/orient/test/database/auto/SQLTruncateRecordTest.java,4,0,0,4,45,77,NoBug
b483b7c3b51b4309cac3aea1fc014ac932f889ee,tests/src/test/java/com/orientechnologies/orient/test/database/auto/IndexTest.java,151,0,0,69,1682,2224,NoBug
b4aa66a40679e979dedb550107aa677770eb0868,graphdb/src/test/java/com/orientechnologies/orient/graph/blueprints/GraphValidationTest.java,5,0,0,6,136,186,NoBug
b4aa66a40679e979dedb550107aa677770eb0868,tests/src/test/java/com/orientechnologies/orient/test/database/auto/ORidBagTest.java,113,0,0,30,1264,1737,NoBug
b4c5b09ca8621c77d5eceedb0107a422a0f6d601,core/src/main/java/com/orientechnologies/orient/core/metadata/sequence/OSequence.java,24,0,5,19,220,314,NoBug
b4c5b09ca8621c77d5eceedb0107a422a0f6d601,server/src/test/java/com/orientechnologies/orient/server/network/RemoteSequenceTest.java,1,0,1,3,63,79,NoBug
b56dbdca3950a521c762029daf286bf0e06d8fa1,core/src/main/java/com/orientechnologies/orient/core/sql/OCommandExecutorSQLTruncateClass.java,30,0,2,4,134,187,Bag
b57868de21a35d1618e22f4086413e54060050a8,core/src/main/java/com/orientechnologies/orient/core/metadata/schema/OSchemaShared.java,167,0,9,46,964,1292,Bag
b66f5d4d70380c005c4b915ab03af32534f19e64,core/src/main/java/com/orientechnologies/orient/core/storage/impl/local/OAbstractPaginatedStorage.java,489,0,7,100,3216,4261,Bag
b6995a2bc71bd40c58e02321d5e3f8947f201ece,core/src/main/java/com/orientechnologies/orient/core/metadata/schema/OSchemaShared.java,167,0,9,46,964,1292,NoBug
b6e335fe1edd05ba3b30353c28477608eb726cd1,jdbc/src/test/java/com/orientechnologies/orient/jdbc/OrientJdbcResultSetTest.java,2,0,0,11,146,265,NoBug
b75942fd0f12be0122ff7d4870cef55e3b761c5e,client/src/main/java/com/orientechnologies/orient/client/remote/OStorageRemote.java,258,0,5,79,1973,2464,Bag
b75942fd0f12be0122ff7d4870cef55e3b761c5e,core/src/main/java/com/orientechnologies/orient/core/sql/query/OBasicResultSet.java,6,0,1,36,176,251,NoBug
b75942fd0f12be0122ff7d4870cef55e3b761c5e,tests/src/test/java/com/orientechnologies/orient/test/database/auto/SQLInsertTest.java,19,0,1,25,463,614,NoBug
b7a9a228eac2fdc04a5f1e66efc1eea1c13889c4,client/src/main/java/com/orientechnologies/orient/client/remote/OStorageRemote.java,320,0,4,71,1874,2445,Bag
b80668d3a300628d324103b1111b004808b757d7,core/src/main/java/com/orientechnologies/common/console/ODefaultConsoleReader.java,5,0,1,4,46,82,Bag
b80668d3a300628d324103b1111b004808b757d7,core/src/main/java/com/orientechnologies/common/console/OConsoleReader.java,1,0,0,5,8,34,Bag
b80668d3a300628d324103b1111b004808b757d7,core/src/main/java/com/orientechnologies/common/console/TTYConsoleReader.java,100,0,1,5,419,470,Bag
b80668d3a300628d324103b1111b004808b757d7,tools/src/main/java/com/orientechnologies/orient/console/OConsoleDatabaseApp.java,330,0,11,114,2290,2951,Bag
b80668d3a300628d324103b1111b004808b757d7,core/src/main/java/com/orientechnologies/common/console/OConsoleApplication.java,137,0,0,12,550,727,Bag
b80668d3a300628d324103b1111b004808b757d7,core/src/test/java/com/orientechnologies/orient/core/sql/OCommandExecutorSQLSelectTest.java,32,0,1,81,1037,1320,Bag
b80668d3a300628d324103b1111b004808b757d7,core/src/main/java/com/orientechnologies/orient/core/sql/filter/OSQLFilterItemField.java,44,0,6,11,169,259,NoBug
b8a1976f0aa1c197fbbd5d189e6495c321cf3e61,server/src/main/java/com/orientechnologies/orient/server/network/protocol/http/command/post/OServerCommandPostDocument.java,2,0,0,3,35,69,Bag
b8a1976f0aa1c197fbbd5d189e6495c321cf3e61,server/src/test/java/com/orientechnologies/orient/server/network/http/HttpDocumentTest.java,1,0,1,9,130,171,Bag
b8e6c27d884e64b125b691a0b066979dad05e2b7,core/src/main/java/com/orientechnologies/orient/core/serialization/OSerializableStream.java,1,0,3,0,7,55,NoBug
b8e6c27d884e64b125b691a0b066979dad05e2b7,core/src/main/java/com/orientechnologies/orient/core/serialization/OMemoryStream.java,30,0,12,39,313,490,NoBug
b8e6c27d884e64b125b691a0b066979dad05e2b7,core/src/main/java/com/orientechnologies/orient/core/command/script/OCommandScript.java,5,0,1,13,75,124,NoBug
b8e6c27d884e64b125b691a0b066979dad05e2b7,core/src/main/java/com/orientechnologies/orient/core/command/OCommandRequestTextAbstract.java,25,0,2,5,137,197,NoBug
b90f861ba9b816a8e80de9e2360775e52ffb23fd,core/src/main/java/com/orientechnologies/orient/core/sql/OCommandExecutorSQLFindReferences.java,11,0,2,3,67,113,Bag
b90f861ba9b816a8e80de9e2360775e52ffb23fd,core/src/main/java/com/orientechnologies/orient/core/sql/OSQLEngine.java,68,0,8,17,372,500,Bag
b931cd72ebc375e2728434d6628fae26154c3289,core/src/main/java/com/orientechnologies/orient/core/db/document/ODatabaseDocumentAbstract.java,406,0,74,97,2140,3088,NoBug
b931cd72ebc375e2728434d6628fae26154c3289,tests/src/test/java/com/orientechnologies/orient/test/database/auto/ORidBagTest.java,113,0,0,30,1266,1739,NoBug
b931cd72ebc375e2728434d6628fae26154c3289,graphdb/src/test/java/com/orientechnologies/orient/graph/blueprints/GraphValidationTest.java,6,0,0,8,170,227,NoBug
b93f473a13793a24c3d77d685df5fb54d8fecca4,graphdb/src/main/java/com/tinkerpop/blueprints/impls/orient/OrientEdge.java,77,0,20,6,324,575,Bag
b93f473a13793a24c3d77d685df5fb54d8fecca4,graphdb/src/main/java/com/tinkerpop/blueprints/impls/orient/OrientBaseGraph.java,216,0,69,13,1185,2121,Bag
b9767777f24c8eb0d1dcfaa1c57d2dd7d3d1692b,distributed/src/main/java/com/orientechnologies/orient/server/hazelcast/OHazelcastPlugin.java,180,0,4,31,918,1271,Bag
b97c50204858b46f2af98c48a331a456120008b9,core/src/main/java/com/orientechnologies/orient/core/storage/impl/local/paginated/OPaginatedCluster.java,122,0,1,42,1421,1731,NoBug
b97c50204858b46f2af98c48a331a456120008b9,core/src/main/java/com/orientechnologies/orient/core/index/hashindex/local/OLocalHashTable.java,183,0,1,23,1441,1864,NoBug
b97c50204858b46f2af98c48a331a456120008b9,core/src/main/java/com/orientechnologies/orient/core/index/hashindex/local/OHashTableDirectory.java,49,0,1,20,507,623,NoBug
b97c50204858b46f2af98c48a331a456120008b9,core/src/main/java/com/orientechnologies/orient/core/storage/impl/local/paginated/OClusterPositionMap.java,44,0,1,19,432,533,NoBug
b97c50204858b46f2af98c48a331a456120008b9,core/src/main/java/com/orientechnologies/orient/core/index/hashindex/local/OLocalHashTable20.java,211,0,1,23,1681,2182,NoBug
b97c50204858b46f2af98c48a331a456120008b9,server/src/test/java/com/orientechnologies/orient/server/token/OrientTokenHandlerTest.java,3,0,0,10,186,231,NoBug
b97c50204858b46f2af98c48a331a456120008b9,core/src/main/java/com/orientechnologies/orient/core/index/sbtree/local/OSBTree.java,191,0,1,26,1545,1971,NoBug
b97c50204858b46f2af98c48a331a456120008b9,core/src/main/java/com/orientechnologies/orient/core/index/sbtreebonsai/local/OSBTreeBonsaiLocal.java,127,0,6,25,1247,1554,NoBug
b97c50204858b46f2af98c48a331a456120008b9,core/src/main/java/com/orientechnologies/orient/core/storage/impl/local/paginated/base/ODurableComponent.java,15,0,1,5,128,212,NoBug
b97c50204858b46f2af98c48a331a456120008b9,core/src/main/java/com/orientechnologies/orient/core/storage/impl/local/paginated/atomicoperations/OAtomicOperationsManager.java,18,0,1,6,112,174,NoBug
b99ef4dc718c6843428505e90b75ec47566fedae,distributed/src/main/java/com/orientechnologies/orient/server/distributed/sql/ODistributedCommandExecutorSQLFactory.java,3,0,3,0,35,75,Bag
b99ef4dc718c6843428505e90b75ec47566fedae,server/src/main/java/com/orientechnologies/orient/server/distributed/ODistributedResponseManager.java,121,0,5,14,554,794,Bag
b99ef4dc718c6843428505e90b75ec47566fedae,distributed/src/main/java/com/orientechnologies/orient/server/distributed/impl/task/OSyncDatabaseTask.java,18,0,1,11,162,242,Bag
b99ef4dc718c6843428505e90b75ec47566fedae,distributed/src/main/java/com/orientechnologies/orient/server/distributed/impl/ODistributedAbstractPlugin.java,240,0,8,62,1379,1909,Bag
b99ef4dc718c6843428505e90b75ec47566fedae,server/src/main/java/com/orientechnologies/orient/server/network/protocol/binary/ONetworkProtocolBinary.java,386,0,2,16,2246,2907,Bag
b99ef4dc718c6843428505e90b75ec47566fedae,distributed/src/main/java/com/orientechnologies/orient/server/distributed/impl/ODistributedDatabaseImpl.java,113,0,2,21,678,930,Bag
b99ef4dc718c6843428505e90b75ec47566fedae,distributed/src/test/java/com/orientechnologies/orient/server/distributed/HARemoveNodeFromCfgTest.java,5,0,1,2,80,128,Bag
b99ef4dc718c6843428505e90b75ec47566fedae,distributed/src/main/java/com/orientechnologies/orient/server/distributed/impl/task/ODefaultRemoteTaskFactory.java,23,0,1,1,54,103,Bag
b99ef4dc718c6843428505e90b75ec47566fedae,server/src/main/java/com/orientechnologies/orient/server/distributed/ODistributedConfiguration.java,137,0,33,4,600,1015,Bag
b99ef4dc718c6843428505e90b75ec47566fedae,distributed/src/main/java/com/orientechnologies/orient/server/distributed/impl/ODistributedMessageServiceImpl.java,24,0,2,15,206,297,Bag
b99ef4dc718c6843428505e90b75ec47566fedae,distributed/src/test/java/com/orientechnologies/orient/server/distributed/ExternalServerClusterRunTest.java,1,0,1,2,19,48,Bag
b99ef4dc718c6843428505e90b75ec47566fedae,distributed/src/main/java/com/orientechnologies/orient/server/distributed/impl/OClusterHealthChecker.java,29,0,1,2,153,223,Bag
b99ef4dc718c6843428505e90b75ec47566fedae,distributed/src/main/java/com/orientechnologies/orient/server/distributed/sql/OCommandExecutorSQLHAStatus.java,22,0,2,4,101,155,Bag
b99ef4dc718c6843428505e90b75ec47566fedae,distributed/src/main/java/com/orientechnologies/orient/server/distributed/sql/OCommandExecutorSQLHARemoveServer.java,11,0,2,4,66,116,Bag
b99ef4dc718c6843428505e90b75ec47566fedae,distributed/src/main/java/com/orientechnologies/orient/server/distributed/sql/OCommandExecutorSQLHASyncDatabase.java,11,0,2,5,75,126,Bag
b99ef4dc718c6843428505e90b75ec47566fedae,core/src/main/java/com/orientechnologies/orient/core/storage/impl/local/paginated/OLocalPaginatedStorage.java,45,0,1,11,373,478,Bag
b99ef4dc718c6843428505e90b75ec47566fedae,distributed/src/main/java/com/orientechnologies/orient/server/distributed/impl/ODistributedStorage.java,212,0,1,91,1327,1841,Bag
b99ef4dc718c6843428505e90b75ec47566fedae,server/src/main/java/com/orientechnologies/orient/server/distributed/ODistributedServerManager.java,1,0,7,47,85,236,Bag
b99ef4dc718c6843428505e90b75ec47566fedae,distributed/src/main/java/com/orientechnologies/orient/server/hazelcast/OHazelcastPlugin.java,175,0,4,31,886,1226,Bag
b99ef4dc718c6843428505e90b75ec47566fedae,distributed/src/main/java/com/orientechnologies/orient/server/distributed/impl/task/OSQLCommandTask.java,15,0,1,14,147,210,Bag
b99ef4dc718c6843428505e90b75ec47566fedae,server/src/main/java/com/orientechnologies/orient/server/network/protocol/http/command/post/OServerCommandPostCommand.java,20,0,0,3,97,150,Bag
ba66d80075bd87d17a6525d2c59b99cabaf4f818,core/src/main/java/com/orientechnologies/orient/core/storage/impl/local/OAbstractPaginatedStorage.java,490,0,7,100,3220,4268,Bag
bae4ca56ff063ca253a15b54ae4c670742faf11b,core/src/main/java/com/orientechnologies/orient/core/sql/executor/OInsertExecutionPlanner.java,20,0,1,3,91,111,NoBug
bae4ca56ff063ca253a15b54ae4c670742faf11b,core/src/main/java/com/orientechnologies/orient/core/sql/executor/CheckClassTypeStep.java,12,0,1,4,76,91,NoBug
bb5041e129c6547271c71859c96dcde4ca89b1a4,graphdb/src/main/java/com/tinkerpop/blueprints/impls/orient/OrientBaseGraph.java,218,0,76,13,1204,2213,Bag
bb7fbb8bb5e2274ffaf4aa07b07318f15d40237b,core/src/main/java/com/orientechnologies/orient/core/record/impl/ODocumentHelper.java,402,0,4,18,1218,1527,NoBug
bbbb777e4073e4214e47e2134379d96dcb54486a,server/src/main/java/com/orientechnologies/orient/server/token/OrientTokenHandler.java,41,0,1,12,352,418,Bag
bbbb777e4073e4214e47e2134379d96dcb54486a,core/src/main/java/com/orientechnologies/orient/core/index/OIndexNotUnique.java,1,0,1,3,16,48,Bag
bbbb777e4073e4214e47e2134379d96dcb54486a,core/src/main/java/com/orientechnologies/common/concur/resource/OPartitionedObjectPool.java,27,0,1,15,174,237,Bag
bbbb777e4073e4214e47e2134379d96dcb54486a,object/src/main/java/com/orientechnologies/orient/object/db/OObjectDatabasePool.java,1,0,0,5,24,51,Bag
bbbb777e4073e4214e47e2134379d96dcb54486a,core/src/main/java/com/orientechnologies/orient/core/index/OIndexUnique.java,9,0,1,4,67,111,Bag
bbbb777e4073e4214e47e2134379d96dcb54486a,core/src/main/java/com/orientechnologies/orient/core/index/OIndexManagerAbstract.java,46,0,1,27,389,496,Bag
bbbb777e4073e4214e47e2134379d96dcb54486a,core/src/main/java/com/orientechnologies/orient/core/db/record/ridbag/sbtree/OSBTreeCollectionManagerShared.java,4,0,2,7,83,135,Bag
bbbb777e4073e4214e47e2134379d96dcb54486a,core/src/main/java/com/orientechnologies/orient/core/storage/impl/local/OAbstractPaginatedStorage.java,304,0,3,74,2001,2622,Bag
bbbb777e4073e4214e47e2134379d96dcb54486a,core/src/main/java/com/orientechnologies/common/concur/resource/OSharedContainerImpl.java,10,0,1,4,82,130,Bag
bbbb777e4073e4214e47e2134379d96dcb54486a,core/src/main/java/com/orientechnologies/orient/core/storage/impl/local/paginated/ORecordSerializationContext.java,4,0,1,6,64,103,Bag
bbbb777e4073e4214e47e2134379d96dcb54486a,client/src/main/java/com/orientechnologies/orient/client/remote/OSBTreeCollectionManagerRemote.java,7,0,1,7,103,148,Bag
bbbb777e4073e4214e47e2134379d96dcb54486a,core/src/main/java/com/orientechnologies/orient/core/index/ODefaultIndexFactory.java,14,0,2,4,88,145,Bag
bbbb777e4073e4214e47e2134379d96dcb54486a,core/src/main/java/com/orientechnologies/common/concur/resource/OCloseable.java,1,0,0,2,4,25,Bag
bbbb777e4073e4214e47e2134379d96dcb54486a,core/src/main/java/com/orientechnologies/orient/core/db/OPartitionedDatabasePool.java,32,0,1,12,238,377,Bag
bbbb777e4073e4214e47e2134379d96dcb54486a,core/src/main/java/com/orientechnologies/orient/core/db/ODatabaseRecordThreadLocal.java,4,0,0,6,55,86,Bag
bbbb777e4073e4214e47e2134379d96dcb54486a,core/src/main/java/com/orientechnologies/orient/core/metadata/schema/OSchemaShared.java,162,0,9,44,950,1267,Bag
bbbb777e4073e4214e47e2134379d96dcb54486a,core/src/main/java/com/orientechnologies/orient/core/index/OIndexAbstract.java,102,0,3,52,919,1164,Bag
bbbb777e4073e4214e47e2134379d96dcb54486a,core/src/main/java/com/orientechnologies/orient/core/index/OClassIndexManager.java,104,0,1,16,467,610,Bag
bbbb777e4073e4214e47e2134379d96dcb54486a,core/src/main/java/com/orientechnologies/orient/core/sql/parser/OrientSqlTreeConstants.java,1,0,0,1,234,240,Bag
bbbb777e4073e4214e47e2134379d96dcb54486a,core/src/main/java/com/orientechnologies/orient/core/index/OIndexOneValue.java,17,0,1,13,213,284,Bag
bbbb777e4073e4214e47e2134379d96dcb54486a,core/src/main/java/com/orientechnologies/orient/core/index/OIndexFullText.java,34,0,3,5,224,326,Bag
bbbb777e4073e4214e47e2134379d96dcb54486a,core/src/main/java/com/orientechnologies/orient/core/Orient.java,79,0,5,46,597,799,Bag
bbbb777e4073e4214e47e2134379d96dcb54486a,core/src/main/java/com/orientechnologies/orient/core/index/OIndexMultiValues.java,30,0,1,14,313,417,Bag
bbbb777e4073e4214e47e2134379d96dcb54486a,graphdb/src/main/java/com/tinkerpop/blueprints/impls/orient/OrientBaseGraph.java,168,0,69,12,1004,1865,Bag
bbbb777e4073e4214e47e2134379d96dcb54486a,core/src/main/java/com/orientechnologies/orient/core/index/OIndexDictionary.java,3,0,2,4,47,90,Bag
bbbb777e4073e4214e47e2134379d96dcb54486a,core/src/main/java/com/orientechnologies/common/concur/resource/OReentrantResourcePool.java,14,0,1,5,83,134,Bag
bbbb777e4073e4214e47e2134379d96dcb54486a,core/src/main/java/com/orientechnologies/common/concur/lock/ODistributedCounter.java,19,0,1,7,105,140,Bag
bbbb777e4073e4214e47e2134379d96dcb54486a,core/src/main/java/com/orientechnologies/orient/core/index/hashindex/local/OHashIndexFactory.java,13,0,2,3,80,132,Bag
bdab6165e6e087a2b1560d52716033e061ee353f,distributed/src/main/java/com/orientechnologies/orient/server/distributed/impl/ODistributedAbstractPlugin.java,259,0,8,72,1512,2066,NoBug
bdab6165e6e087a2b1560d52716033e061ee353f,core/src/test/java/com/orientechnologies/orient/core/storage/impl/local/paginated/InvalidRemovedFileIdsIT.java,7,0,0,2,124,164,NoBug
bdab6165e6e087a2b1560d52716033e061ee353f,core/src/main/java/com/orientechnologies/orient/core/storage/cache/local/OWOWCache.java,300,0,5,47,2023,3005,Bag
be26632e0db6a7eef70eab9800150f2b51c5930c,core/src/main/java/com/orientechnologies/orient/core/db/OPartitionedDatabasePool.java,34,0,1,13,249,392,NoBug
be26632e0db6a7eef70eab9800150f2b51c5930c,core/src/main/java/com/orientechnologies/orient/core/storage/impl/local/paginated/OLocalPaginatedStorage.java,30,0,1,10,250,328,NoBug
be2d4e0441f2baad46d40cf3621d5be0a648cea4,lucene/src/main/java/com/orientechnologies/lucene/index/OLuceneIndexNotUnique.java,14,0,0,21,227,324,Bag
be2d4e0441f2baad46d40cf3621d5be0a648cea4,lucene/src/test/java/com/orientechnologies/lucene/test/LuceneNullTest.java,1,0,1,2,55,81,NoBug
be5417f78471f56780c773e13c432b2325aa11c8,core/src/main/java/com/orientechnologies/orient/core/sql/parser/OrientSql.java,5025,0,11,131,14443,15519,NoBug
be5417f78471f56780c773e13c432b2325aa11c8,core/src/test/java/com/orientechnologies/orient/core/sql/OCommandExecutorSQLSelectTest.java,28,0,1,67,829,1054,Bag
be5417f78471f56780c773e13c432b2325aa11c8,core/src/main/java/com/orientechnologies/orient/core/sql/parser/ONamedParameter.java,6,0,1,6,43,58,NoBug
be5417f78471f56780c773e13c432b2325aa11c8,core/src/test/java/com/orientechnologies/orient/core/sql/parser/OSelectStatementTest.java,7,0,0,53,510,653,NoBug
be59753adaf714c973109445629f563a7b0bc840,graphdb/src/test/java/com/orientechnologies/orient/graph/sql/TestDeleteEdge.java,2,0,0,2,37,50,Bag
be790233f7ce72d47b59f582fc30b7080f9bcb4a,core/src/main/java/com/orientechnologies/orient/core/storage/impl/local/paginated/atomicoperations/OAtomicOperationsManager.java,75,0,5,13,457,657,Bag
bec575ffdb307e5fd7df41344ce017ffa38cdcca,graphdb/src/main/java/com/tinkerpop/blueprints/impls/orient/OrientEdge.java,83,0,20,6,346,608,Bag
bec5cf09d0ee06e23d4430e05a6442777439e200,core/src/main/java/com/orientechnologies/orient/core/metadata/security/OSecurityProxy.java,2,0,1,34,123,185,Bag
becb10721077a8f8eb3d97f116d2778c2b3179cc,core/src/main/java/com/orientechnologies/orient/core/sql/functions/OSQLFunctionRuntime.java,35,0,2,12,143,220,Bag
becb10721077a8f8eb3d97f116d2778c2b3179cc,core/src/test/java/com/orientechnologies/orient/core/sql/OCommandExecutorSQLSelectTest.java,32,0,1,81,1037,1320,Bag
bf290e8b1058584d1c3ad3e40b51d6631d1f97cc,graphdb/src/main/java/com/tinkerpop/blueprints/impls/orient/OrientBaseGraph.java,216,0,69,13,1185,2121,Bag
bf290e8b1058584d1c3ad3e40b51d6631d1f97cc,graphdb/src/main/java/com/tinkerpop/blueprints/impls/orient/OrientEdge.java,77,0,20,6,324,575,Bag
bf290e8b1058584d1c3ad3e40b51d6631d1f97cc,core/src/main/java/com/orientechnologies/orient/core/metadata/schema/OSchemaShared.java,177,0,9,42,1010,1358,Bag
bf684724948a42700600f83324ee6c04db7adc2c,lucene/src/main/java/com/orientechnologies/lucene/index/OLuceneIndexNotUnique.java,12,0,0,21,222,320,Bag
bf684724948a42700600f83324ee6c04db7adc2c,core/src/test/java/com/orientechnologies/orient/core/db/document/ODatabaseDocumentTxTest.java,4,0,0,8,117,164,NoBug
bf684724948a42700600f83324ee6c04db7adc2c,core/src/main/java/com/orientechnologies/orient/core/record/impl/ODocument.java,652,0,55,36,2248,3078,Bag
c05d5e757abcfd480b6daf476680f5eb0ebb9a1b,core/src/test/java/com/orientechnologies/orient/core/sql/OCommandExecutorSQLSelectTest.java,16,0,1,43,513,660,Bag
c05d5e757abcfd480b6daf476680f5eb0ebb9a1b,core/src/main/java/com/orientechnologies/orient/core/sql/parser/OExpression.java,14,0,1,8,62,97,Bag
c0fe15b7013fea9d178d8304c78ddc7b113d35e3,core/src/main/java/com/orientechnologies/orient/core/sql/parser/OrientSqlConstants.java,1,0,1,0,313,478,Bag
c0fe15b7013fea9d178d8304c78ddc7b113d35e3,core/src/main/java/com/orientechnologies/orient/core/sql/parser/OrientSqlTokenManager.java,1632,0,8,0,3624,3655,Bag
c0fe15b7013fea9d178d8304c78ddc7b113d35e3,core/src/main/java/com/orientechnologies/orient/core/sql/parser/OrientSql.java,3924,0,12,114,11715,12594,Bag
c0fe15b7013fea9d178d8304c78ddc7b113d35e3,core/src/test/java/com/orientechnologies/orient/core/sql/parser/OSelectStatementTest.java,7,0,0,35,281,374,Bag
c1208acfcc3f4d5113cb86f9dfd59b41b7976c05,core/src/main/java/com/orientechnologies/orient/core/metadata/schema/OPropertyImpl.java,153,0,9,53,1136,1464,Bag
c143ec653bd43c119ce79712eb3302775b077113,graphdb/src/main/java/com/tinkerpop/blueprints/impls/orient/asynch/OrientElementFuture.java,17,0,0,19,145,187,Bag
c143ec653bd43c119ce79712eb3302775b077113,core/src/main/java/com/orientechnologies/orient/core/metadata/schema/OImmutableSchema.java,13,0,1,37,216,275,Bag
c143ec653bd43c119ce79712eb3302775b077113,core/src/main/java/com/orientechnologies/orient/core/tx/OTransactionAbstract.java,20,0,1,11,109,161,Bag
c143ec653bd43c119ce79712eb3302775b077113,core/src/main/java/com/orientechnologies/orient/core/id/ORecordId.java,29,0,1,40,240,330,Bag
c143ec653bd43c119ce79712eb3302775b077113,core/src/main/java/com/orientechnologies/orient/core/tx/OTransaction.java,1,0,5,36,66,162,Bag
c143ec653bd43c119ce79712eb3302775b077113,core/src/main/java/com/orientechnologies/orient/core/record/ORecordAbstract.java,48,0,1,45,366,497,Bag
c143ec653bd43c119ce79712eb3302775b077113,core/src/main/java/com/orientechnologies/orient/core/db/record/OIdentifiable.java,1,0,3,3,11,54,Bag
c143ec653bd43c119ce79712eb3302775b077113,graphdb/src/main/java/com/tinkerpop/blueprints/impls/orient/OrientElement.java,75,0,25,9,362,684,Bag
c143ec653bd43c119ce79712eb3302775b077113,core/src/main/java/com/orientechnologies/orient/core/sql/OCommandExecutorSQLSelect.java,491,0,4,17,1803,2357,Bag
c143ec653bd43c119ce79712eb3302775b077113,core/src/main/java/com/orientechnologies/orient/core/db/record/OPlaceholder.java,4,0,2,15,82,132,Bag
c152e9aa8d5c2e33209ba0b260783e18cf531295,distributed/src/main/java/com/orientechnologies/orient/server/hazelcast/OHazelcastPlugin.java,181,0,6,49,1071,1489,Bag
c1b9816077c1a19f7e0e28da74b1d92f6569f923,core/src/main/java/com/orientechnologies/orient/core/storage/impl/local/paginated/atomicoperations/OAtomicOperationsManager.java,75,0,6,13,467,674,NoBug
c1f0f046093d166b58193818b359c73d4a50c228,core/src/main/java/com/orientechnologies/orient/core/storage/impl/local/OStorageConfigurationSegment.java,11,0,1,9,87,135,NoBug
c1f0f046093d166b58193818b359c73d4a50c228,core/src/main/java/com/orientechnologies/orient/core/tx/OTransactionOptimistic.java,115,0,1,19,483,644,NoBug
c1f0f046093d166b58193818b359c73d4a50c228,core/src/main/java/com/orientechnologies/orient/core/db/document/ODatabaseDocument.java,1,0,20,3,44,278,NoBug
c1f0f046093d166b58193818b359c73d4a50c228,core/src/main/java/com/orientechnologies/orient/core/storage/OCluster.java,1,0,4,39,54,145,NoBug
c1f0f046093d166b58193818b359c73d4a50c228,core/src/main/java/com/orientechnologies/orient/core/tx/OTransactionAbstract.java,34,0,1,12,156,221,NoBug
c1f0f046093d166b58193818b359c73d4a50c228,core/src/main/java/com/orientechnologies/orient/core/db/record/OPlaceholder.java,4,0,2,16,86,137,NoBug
c1f0f046093d166b58193818b359c73d4a50c228,server/src/main/java/com/orientechnologies/orient/server/distributed/task/OReadRecordIfNotLatestTask.java,2,0,0,9,54,90,NoBug
c1f0f046093d166b58193818b359c73d4a50c228,core/src/main/java/com/orientechnologies/orient/core/conflict/OAutoMergeRecordConflictStrategy.java,2,0,1,2,28,65,NoBug
c1f0f046093d166b58193818b359c73d4a50c228,core/src/main/java/com/orientechnologies/orient/core/id/ORecordId.java,29,0,1,41,244,335,NoBug
c1f0f046093d166b58193818b359c73d4a50c228,core/src/main/java/com/orientechnologies/orient/core/type/tree/provider/OMVRBTreeEntryDataProviderAbstract.java,26,0,0,22,217,281,NoBug
c1f0f046093d166b58193818b359c73d4a50c228,core/src/main/java/com/orientechnologies/orient/core/record/ORecordAbstract.java,48,0,1,47,374,507,NoBug
c1f0f046093d166b58193818b359c73d4a50c228,core/src/main/java/com/orientechnologies/orient/core/record/impl/ODocument.java,483,0,50,34,1739,2488,Bag
c1f0f046093d166b58193818b359c73d4a50c228,graphdb/src/main/java/com/tinkerpop/blueprints/impls/orient/OrientElement.java,83,0,26,10,396,730,Bag
c1f0f046093d166b58193818b359c73d4a50c228,core/src/main/java/com/orientechnologies/orient/core/storage/impl/local/paginated/OOfflineCluster.java,4,0,1,42,196,273,NoBug
c1f0f046093d166b58193818b359c73d4a50c228,tests/src/test/java/com/orientechnologies/orient/test/database/auto/RecordReloadTest.java,3,0,0,6,118,163,NoBug
c1f0f046093d166b58193818b359c73d4a50c228,client/src/main/java/com/orientechnologies/orient/client/remote/OClusterRemote.java,1,0,5,37,156,248,NoBug
c1f0f046093d166b58193818b359c73d4a50c228,core/src/main/java/com/orientechnologies/orient/core/db/ODatabaseRecordWrapperAbstract.java,14,0,1,84,400,532,NoBug
c1f0f046093d166b58193818b359c73d4a50c228,core/src/main/java/com/orientechnologies/orient/core/command/OCommandRequestAbstract.java,9,0,1,20,111,168,NoBug
c1f0f046093d166b58193818b359c73d4a50c228,core/src/main/java/com/orientechnologies/orient/core/type/tree/provider/OMVRBTreeProviderAbstract.java,23,0,1,19,184,248,NoBug
c1f0f046093d166b58193818b359c73d4a50c228,core/src/main/java/com/orientechnologies/orient/core/iterator/ORecordIteratorCluster.java,30,0,6,5,165,280,NoBug
c1f0f046093d166b58193818b359c73d4a50c228,server/src/main/java/com/orientechnologies/orient/server/network/protocol/binary/ONetworkProtocolBinary.java,288,0,0,6,1716,2228,NoBug
c1f0f046093d166b58193818b359c73d4a50c228,client/src/main/java/com/orientechnologies/orient/client/remote/OStorageRemoteThread.java,5,0,1,84,616,734,NoBug
c1f0f046093d166b58193818b359c73d4a50c228,client/src/main/java/com/orientechnologies/orient/client/remote/OStorageRemote.java,267,0,4,67,1659,2193,NoBug
c1f0f046093d166b58193818b359c73d4a50c228,core/src/main/java/com/orientechnologies/orient/core/sql/OCommandExecutorSQLResultsetAbstract.java,105,0,2,5,436,648,NoBug
c1f0f046093d166b58193818b359c73d4a50c228,core/src/main/java/com/orientechnologies/orient/core/record/ORecord.java,1,0,20,3,35,213,NoBug
c1f0f046093d166b58193818b359c73d4a50c228,core/src/main/java/com/orientechnologies/orient/core/db/ODatabase.java,1,0,85,13,140,896,NoBug
c1f0f046093d166b58193818b359c73d4a50c228,core/src/main/java/com/orientechnologies/orient/core/metadata/schema/OClassImpl.java,270,0,6,100,1942,2480,Bag
c1f0f046093d166b58193818b359c73d4a50c228,core/src/main/java/com/orientechnologies/orient/core/iterator/ORecordIteratorClassDescendentOrder.java,1,0,1,5,29,61,NoBug
c1f0f046093d166b58193818b359c73d4a50c228,core/src/main/java/com/orientechnologies/orient/core/iterator/ORecordIteratorClusters.java,70,0,6,6,264,430,NoBug
c1f0f046093d166b58193818b359c73d4a50c228,core/src/main/java/com/orientechnologies/orient/core/sql/OCommandExecutorSQLSelect.java,510,0,4,18,1843,2395,Bag
c1f0f046093d166b58193818b359c73d4a50c228,core/src/main/java/com/orientechnologies/orient/core/sql/OCommandExecutorSQLUpdate.java,173,0,2,7,587,759,Bag
c1f0f046093d166b58193818b359c73d4a50c228,tools/src/main/java/com/orientechnologies/orient/console/OConsoleDatabaseApp.java,267,0,12,100,1824,2312,Bag
c1f0f046093d166b58193818b359c73d4a50c228,core/src/main/java/com/orientechnologies/orient/core/iterator/ORecordIteratorClass.java,11,0,2,8,91,146,NoBug
c1f0f046093d166b58193818b359c73d4a50c228,object/src/main/java/com/orientechnologies/orient/object/db/OObjectDatabaseTx.java,63,0,12,68,595,865,NoBug
c1f0f046093d166b58193818b359c73d4a50c228,enterprise/src/main/java/com/orientechnologies/orient/enterprise/channel/binary/OChannelBinaryProtocol.java,3,0,1,1,92,152,NoBug
c1f0f046093d166b58193818b359c73d4a50c228,core/src/main/java/com/orientechnologies/orient/core/conflict/OContentRecordConflictStrategy.java,3,0,1,2,39,79,NoBug
c1f0f046093d166b58193818b359c73d4a50c228,core/src/main/java/com/orientechnologies/orient/core/db/tool/ODatabaseCompare.java,139,0,0,8,696,843,NoBug
c1f0f046093d166b58193818b359c73d4a50c228,core/src/main/java/com/orientechnologies/orient/core/tx/OTransactionNoTx.java,20,0,3,33,194,283,NoBug
c1f0f046093d166b58193818b359c73d4a50c228,core/src/main/java/com/orientechnologies/orient/core/sql/OCommandExecutorSQLDelete.java,52,0,2,9,251,363,NoBug
c1f0f046093d166b58193818b359c73d4a50c228,server/src/main/java/com/orientechnologies/orient/server/distributed/ODistributedStorage.java,162,0,1,82,1037,1411,NoBug
c1f0f046093d166b58193818b359c73d4a50c228,core/src/main/java/com/orientechnologies/orient/core/storage/impl/local/OAbstractPaginatedStorage.java,291,0,3,73,1842,2411,Bag
c1f0f046093d166b58193818b359c73d4a50c228,core/src/main/java/com/orientechnologies/orient/core/config/OStorageConfiguration.java,60,0,3,48,483,680,NoBug
c1f0f046093d166b58193818b359c73d4a50c228,core/src/main/java/com/orientechnologies/orient/core/db/document/ODatabaseDocumentTx.java,402,0,75,87,2034,3001,Bag
c1f0f046093d166b58193818b359c73d4a50c228,core/src/main/java/com/orientechnologies/orient/core/tx/OTransaction.java,1,0,5,41,74,175,NoBug
c1f0f046093d166b58193818b359c73d4a50c228,core/src/main/java/com/orientechnologies/orient/core/storage/OStorage.java,1,0,14,55,105,260,NoBug
c1f0f046093d166b58193818b359c73d4a50c228,core/src/main/java/com/orientechnologies/orient/core/storage/impl/local/paginated/OPaginatedCluster.java,115,0,1,42,1374,1674,Bag
c1f0f046093d166b58193818b359c73d4a50c228,core/src/main/java/com/orientechnologies/orient/core/iterator/OIdentifiableIterator.java,51,0,8,12,253,410,NoBug
c2252d15261d23a23405c6f5920407c380368aad,core/src/main/java/com/orientechnologies/orient/core/db/OrientDBEmbedded.java,38,0,1,28,356,443,NoBug
c3943915a7ca022d85b4aea72942208d7cf621c4,distributed/src/main/java/com/orientechnologies/orient/server/distributed/impl/task/OCreateRecordTask.java,27,0,1,14,210,325,Bag
c3943915a7ca022d85b4aea72942208d7cf621c4,object/src/main/java/com/orientechnologies/orient/object/serialization/OObjectSerializerHelper.java,177,0,2,24,725,969,Bag
c3943915a7ca022d85b4aea72942208d7cf621c4,tests/src/test/java/com/orientechnologies/orient/test/database/auto/RemoteProtocolCommandsTest.java,2,0,1,4,61,79,Bag
c3943915a7ca022d85b4aea72942208d7cf621c4,distributed/src/main/java/com/orientechnologies/orient/server/distributed/impl/task/OReadRecordTask.java,3,0,1,7,44,81,Bag
c3943915a7ca022d85b4aea72942208d7cf621c4,server/src/test/java/com/orientechnologies/orient/core/storage/impl/local/paginated/LocalPaginatedStorageSmallCacheBigRecordsCrashRestoreIT.java,16,0,1,9,230,301,Bag
c3943915a7ca022d85b4aea72942208d7cf621c4,core/src/main/java/com/orientechnologies/orient/core/record/ORecordAbstract.java,59,0,1,48,403,541,Bag
c3943915a7ca022d85b4aea72942208d7cf621c4,core/src/main/java/com/orientechnologies/orient/core/sql/OCommandExecutorSQLSetAware.java,48,0,1,1,169,233,Bag
c3943915a7ca022d85b4aea72942208d7cf621c4,server/src/main/java/com/orientechnologies/orient/server/network/protocol/http/command/post/OServerCommandPostDocument.java,2,0,0,3,38,72,Bag
c3943915a7ca022d85b4aea72942208d7cf621c4,distributed/src/main/java/com/orientechnologies/orient/server/distributed/impl/OConflictResolverDatabaseRepairer.java,67,0,4,4,395,599,Bag
c3943915a7ca022d85b4aea72942208d7cf621c4,core/src/main/java/com/orientechnologies/orient/core/record/impl/ODocument.java,652,0,55,36,2248,3078,Bag
c3943915a7ca022d85b4aea72942208d7cf621c4,object/src/main/java/com/orientechnologies/orient/object/enhancement/OObjectEntitySerializer.java,369,0,12,41,1128,1458,Bag
c3943915a7ca022d85b4aea72942208d7cf621c4,core/src/main/java/com/orientechnologies/orient/core/tx/OTransactionRealAbstract.java,93,0,5,21,407,572,Bag
c3943915a7ca022d85b4aea72942208d7cf621c4,core/src/main/java/com/orientechnologies/orient/core/iterator/ORecordIteratorClusters.java,76,0,6,9,282,457,Bag
c3943915a7ca022d85b4aea72942208d7cf621c4,server/src/test/java/com/orientechnologies/orient/core/storage/impl/local/paginated/LocalPaginatedStorageCreateCrashRestoreIT.java,14,0,1,9,219,285,Bag
c3943915a7ca022d85b4aea72942208d7cf621c4,core/src/main/java/com/orientechnologies/orient/core/db/document/ODatabaseDocumentAbstract.java,385,0,74,90,2068,2992,Bag
c3943915a7ca022d85b4aea72942208d7cf621c4,core/src/main/java/com/orientechnologies/orient/core/storage/impl/local/OAbstractPaginatedStorage.java,507,0,8,106,3322,4424,Bag
c3943915a7ca022d85b4aea72942208d7cf621c4,distributed/src/main/java/com/orientechnologies/orient/server/distributed/impl/OIncrementalServerSync.java,23,0,2,0,187,290,Bag
c3943915a7ca022d85b4aea72942208d7cf621c4,core/src/test/java/com/orientechnologies/orient/core/storage/impl/local/paginated/LocalPaginatedStorageIncrementalSync.java,30,0,0,3,257,339,Bag
c3943915a7ca022d85b4aea72942208d7cf621c4,core/src/main/java/com/orientechnologies/orient/core/iterator/ORecordIteratorCluster.java,31,0,6,5,171,289,Bag
c3943915a7ca022d85b4aea72942208d7cf621c4,core/src/main/java/com/orientechnologies/orient/core/id/ORecordId.java,29,0,1,43,248,341,Bag
c3943915a7ca022d85b4aea72942208d7cf621c4,server/src/test/java/com/orientechnologies/orient/core/storage/impl/local/paginated/LocalPaginatedStorageUpdateCrashRestoreIT.java,19,0,1,9,254,337,Bag
c3943915a7ca022d85b4aea72942208d7cf621c4,core/src/main/java/com/orientechnologies/orient/core/db/tool/ODatabaseCompare.java,128,0,0,8,801,954,Bag
c3943915a7ca022d85b4aea72942208d7cf621c4,server/src/test/java/com/orientechnologies/orient/core/storage/impl/local/paginated/LocalPaginatedStorageLinkBagCrashRestoreIT.java,35,0,0,12,331,426,Bag
c3943915a7ca022d85b4aea72942208d7cf621c4,tools/src/main/java/com/orientechnologies/orient/console/OConsoleDatabaseApp.java,337,0,11,114,2320,2985,Bag
c3943915a7ca022d85b4aea72942208d7cf621c4,core/src/main/java/com/orientechnologies/orient/core/sql/ORuntimeResult.java,63,0,2,8,188,266,Bag
c3943915a7ca022d85b4aea72942208d7cf621c4,server/src/test/java/com/orientechnologies/orient/core/storage/impl/local/paginated/LocalPaginatedStorageMixCrashRestoreIT.java,43,0,1,9,379,499,Bag
c3943915a7ca022d85b4aea72942208d7cf621c4,server/src/main/java/com/orientechnologies/orient/server/network/protocol/binary/ONetworkProtocolBinary.java,366,0,2,16,2166,2778,Bag
c3943915a7ca022d85b4aea72942208d7cf621c4,server/src/main/java/com/orientechnologies/orient/server/distributed/task/OAbstractRecordReplicatedTask.java,17,0,1,16,132,194,Bag
c3943915a7ca022d85b4aea72942208d7cf621c4,distributed/src/main/java/com/orientechnologies/orient/server/distributed/impl/ODistributedStorage.java,213,0,1,91,1328,1841,Bag
c3943915a7ca022d85b4aea72942208d7cf621c4,core/src/main/java/com/orientechnologies/orient/core/iterator/OIdentifiableIterator.java,57,0,8,12,268,428,Bag
c3943915a7ca022d85b4aea72942208d7cf621c4,distributed/src/main/java/com/orientechnologies/orient/server/distributed/impl/ODistributedTransactionManager.java,92,0,1,3,485,703,Bag
c3943915a7ca022d85b4aea72942208d7cf621c4,client/src/main/java/com/orientechnologies/orient/client/remote/OStorageRemote.java,254,0,5,79,1960,2449,Bag
c3943915a7ca022d85b4aea72942208d7cf621c4,core/src/main/java/com/orientechnologies/orient/core/tx/OTransactionOptimistic.java,127,0,1,23,521,695,Bag
c3943915a7ca022d85b4aea72942208d7cf621c4,distributed/src/test/java/com/orientechnologies/orient/server/distributed/TestShardingManualSync.java,2,0,1,1,86,122,Bag
c3c5a98c4be21b52c2b60762744fbe208285945d,core/src/main/java/com/orientechnologies/orient/core/db/document/ODatabaseDocumentTx.java,404,0,77,88,2094,3088,Bag
c3c5a98c4be21b52c2b60762744fbe208285945d,core/src/main/java/com/orientechnologies/orient/core/record/impl/ODocument.java,493,0,50,34,1746,2505,Bag
c3c5a98c4be21b52c2b60762744fbe208285945d,core/src/main/java/com/orientechnologies/orient/core/serialization/serializer/record/OSerializationSetThreadLocal.java,3,0,1,5,52,94,Bag
c3c5a98c4be21b52c2b60762744fbe208285945d,core/src/main/java/com/orientechnologies/orient/core/conflict/OAutoMergeRecordConflictStrategy.java,2,0,1,2,28,65,Bag
c44bbca080721b05af1db86562a16b199916fd3c,core/src/main/java/com/orientechnologies/orient/core/index/hashindex/local/OHashIndexFactory.java,13,0,2,3,80,132,NoBug
c44bbca080721b05af1db86562a16b199916fd3c,core/src/main/java/com/orientechnologies/orient/core/index/OPropertyIndexDefinition.java,14,0,4,13,142,218,Bag
c44bbca080721b05af1db86562a16b199916fd3c,core/src/main/java/com/orientechnologies/orient/core/index/ORuntimeKeyIndexDefinition.java,7,0,2,16,115,176,Bag
c44bbca080721b05af1db86562a16b199916fd3c,core/src/main/java/com/orientechnologies/orient/core/index/OAbstractIndexDefinitionMultiValue.java,9,0,1,1,50,82,NoBug
c44bbca080721b05af1db86562a16b199916fd3c,core/src/main/java/com/orientechnologies/orient/core/index/OSimpleKeyIndexDefinition.java,26,0,1,17,160,228,Bag
c44bbca080721b05af1db86562a16b199916fd3c,core/src/test/java/com/orientechnologies/orient/core/index/OCompositeIndexDefinitionTest.java,9,0,0,41,618,862,NoBug
c44bbca080721b05af1db86562a16b199916fd3c,tests/src/test/java/com/orientechnologies/orient/test/database/auto/IndexManagerTest.java,8,0,0,48,471,651,NoBug
c44bbca080721b05af1db86562a16b199916fd3c,core/src/main/java/com/orientechnologies/orient/core/index/OPropertyMapIndexDefinition.java,22,0,2,13,152,220,Bag
c44bbca080721b05af1db86562a16b199916fd3c,core/src/main/java/com/orientechnologies/orient/core/index/OIndexAbstract.java,92,0,3,51,834,1069,NoBug
c44bbca080721b05af1db86562a16b199916fd3c,tests/src/test/java/com/orientechnologies/orient/test/database/auto/ClassIndexTest.java,17,0,0,79,1066,1325,NoBug
c44bbca080721b05af1db86562a16b199916fd3c,core/src/main/java/com/orientechnologies/orient/core/index/ODefaultIndexFactory.java,14,0,2,4,88,145,NoBug
c44bbca080721b05af1db86562a16b199916fd3c,core/src/test/java/com/orientechnologies/orient/core/index/OPropertyListIndexDefinitionTest.java,1,0,1,25,297,405,NoBug
c44bbca080721b05af1db86562a16b199916fd3c,core/src/main/java/com/orientechnologies/orient/core/index/OPropertyRidBagIndexDefinition.java,7,0,1,8,65,106,Bag
c44bbca080721b05af1db86562a16b199916fd3c,core/src/test/java/com/orientechnologies/orient/core/index/OPropertyMapIndexDefinitionTest.java,1,0,1,35,321,443,Bag
c44bbca080721b05af1db86562a16b199916fd3c,core/src/main/java/com/orientechnologies/orient/core/index/OAbstractIndexDefinition.java,9,0,1,7,57,100,NoBug
c44bbca080721b05af1db86562a16b199916fd3c,core/src/test/java/com/orientechnologies/orient/core/index/OPropertyRidBagAbstractIndexDefinitionTest.java,1,0,1,18,241,331,NoBug
c44bbca080721b05af1db86562a16b199916fd3c,core/src/main/java/com/orientechnologies/orient/core/index/OIndexInternal.java,13,0,14,19,104,294,Bag
c44bbca080721b05af1db86562a16b199916fd3c,tests/src/test/java/com/orientechnologies/orient/test/database/auto/IndexTest.java,146,0,0,59,1353,1777,NoBug
c44bbca080721b05af1db86562a16b199916fd3c,core/src/main/java/com/orientechnologies/orient/core/index/OIndexDefinitionFactory.java,33,0,3,0,123,203,NoBug
c44bbca080721b05af1db86562a16b199916fd3c,core/src/main/java/com/orientechnologies/orient/core/index/OIndexes.java,15,0,8,1,93,205,NoBug
c44bbca080721b05af1db86562a16b199916fd3c,core/src/test/java/com/orientechnologies/orient/core/index/OPropertyIndexDefinitionTest.java,1,0,0,15,94,122,NoBug
c44bbca080721b05af1db86562a16b199916fd3c,core/src/main/java/com/orientechnologies/orient/core/index/OIndexDefinition.java,1,0,13,6,25,137,Bag
c44bbca080721b05af1db86562a16b199916fd3c,core/src/main/java/com/orientechnologies/orient/core/index/OCompositeIndexDefinition.java,54,0,14,12,381,567,Bag
c44bbca080721b05af1db86562a16b199916fd3c,core/src/main/java/com/orientechnologies/orient/core/index/OPropertyListIndexDefinition.java,8,0,1,8,69,109,Bag
c44bbca080721b05af1db86562a16b199916fd3c,graphdb/src/main/java/com/tinkerpop/blueprints/impls/orient/OrientBaseGraph.java,162,0,68,12,999,1854,Bag
c44bbca080721b05af1db86562a16b199916fd3c,core/src/main/java/com/orientechnologies/orient/core/index/OIndexManagerShared.java,72,0,4,7,407,566,NoBug
c44bbca080721b05af1db86562a16b199916fd3c,core/src/main/java/com/orientechnologies/orient/core/index/OIndexFactory.java,1,0,3,2,12,61,NoBug
c450c0a47412a5db2d381c412d161e519233ecbd,distributed/src/main/java/com/orientechnologies/orient/server/hazelcast/OHazelcastPlugin.java,175,0,6,49,1034,1435,Bag
c450c0a47412a5db2d381c412d161e519233ecbd,distributed/src/main/java/com/orientechnologies/orient/server/hazelcast/ODistributedWorker.java,54,0,1,5,302,450,Bag
c450c0a47412a5db2d381c412d161e519233ecbd,core/src/main/java/com/orientechnologies/orient/core/db/document/ODatabaseDocumentTx.java,404,0,75,87,2036,3005,Bag
c450c0a47412a5db2d381c412d161e519233ecbd,core/src/main/java/com/orientechnologies/orient/core/metadata/security/OSecurityShared.java,77,0,3,29,376,513,Bag
c485e5166f00c407b7dd38544eeff1da178222ce,core/src/main/java/com/orientechnologies/orient/core/storage/cache/local/OWOWCache.java,227,0,5,39,1490,1942,NoBug
c4c9bf9309d8f81e631c0df065283058c717dfdb,client/src/main/java/com/orientechnologies/orient/client/remote/OStorageRemote.java,187,0,5,87,1287,1648,Bag
c4c9bf9309d8f81e631c0df065283058c717dfdb,graphdb/src/test/java/com/tinkerpop/blueprints/impls/orient/OrientGraphRemoteTest.java,14,0,1,8,130,171,Bag
c4e02aa9721b907b7f9d37c46bb79ad595d65647,tests/src/test/java/com/orientechnologies/orient/test/database/auto/SQLSelectTest.java,125,0,1,89,1299,1768,Bag
c4e02aa9721b907b7f9d37c46bb79ad595d65647,graphdb/src/main/java/com/tinkerpop/blueprints/impls/orient/OrientVertex.java,208,0,28,4,687,1165,NoBug
c4e02aa9721b907b7f9d37c46bb79ad595d65647,core/src/main/java/com/orientechnologies/orient/core/db/document/ODatabaseDocumentTx.java,373,0,83,85,2101,3091,NoBug
c4e02aa9721b907b7f9d37c46bb79ad595d65647,core/src/test/java/com/orientechnologies/orient/core/db/document/ODatabaseDocumentTxTest.java,4,0,0,3,54,71,NoBug
c55577954450e15ff2d23b3ebc02cca8ad101d00,graphdb/src/main/java/com/tinkerpop/blueprints/impls/orient/OrientDynaElementIterator.java,9,0,0,0,45,87,NoBug
c55d402215059e5ae7c9449ea062256ab8bca3b4,core/src/main/java/com/orientechnologies/orient/core/sql/filter/OSQLFilterItemField.java,38,0,6,11,156,243,Bag
c55d402215059e5ae7c9449ea062256ab8bca3b4,core/src/test/java/com/orientechnologies/orient/core/sql/OCommandExecutorSQLSelectTest.java,32,0,1,80,1031,1311,Bag
c5ab1463265f47d74ab3b7c4e4b6cad84fc91673,core/src/main/java/com/orientechnologies/orient/core/index/OIndexManagerShared.java,84,0,4,7,468,658,Bag
c5ab1463265f47d74ab3b7c4e4b6cad84fc91673,core/src/main/java/com/orientechnologies/orient/core/config/OGlobalConfiguration.java,46,0,3,14,698,1077,Bag
c5ab1463265f47d74ab3b7c4e4b6cad84fc91673,tests/src/test/java/com/orientechnologies/orient/test/database/auto/DbImportExportTest.java,8,0,0,6,73,110,Bag
c5ab1463265f47d74ab3b7c4e4b6cad84fc91673,tests/src/test/java/com/orientechnologies/orient/test/database/auto/DbClosedTest.java,4,0,0,8,55,88,Bag
c5c39286915056e088ff93d71ccae5dfe5e82289,core/src/main/java/com/orientechnologies/orient/core/storage/impl/local/OAbstractPaginatedStorage.java,490,0,8,101,3202,4278,Bag
c616d332dd2647efc125b9a2ba8eea505af2cb00,server/src/main/java/com/orientechnologies/orient/server/network/protocol/http/OHttpResponse.java,92,0,3,34,468,604,Bag
c616d332dd2647efc125b9a2ba8eea505af2cb00,server/src/main/java/com/orientechnologies/orient/server/network/protocol/http/command/post/OServerCommandPostCommand.java,19,0,0,3,95,147,Bag
c616d332dd2647efc125b9a2ba8eea505af2cb00,core/src/main/java/com/orientechnologies/orient/core/config/OGlobalConfiguration.java,33,0,3,14,662,1090,Bag
c65031e4a5cae04be6faeaeccb01fb18d3e5fb85,core/src/test/java/com/orientechnologies/orient/core/index/hashindex/local/cache/WOWCacheTest.java,18,0,1,6,206,286,Bag
c65031e4a5cae04be6faeaeccb01fb18d3e5fb85,core/src/main/java/com/orientechnologies/orient/core/storage/impl/local/OStorageConfigurationSegment.java,11,0,1,9,87,135,Bag
c65031e4a5cae04be6faeaeccb01fb18d3e5fb85,enterprise/src/main/java/com/orientechnologies/orient/enterprise/channel/binary/OChannelBinary.java,54,0,0,29,310,422,Bag
c65031e4a5cae04be6faeaeccb01fb18d3e5fb85,client/src/main/java/com/orientechnologies/orient/client/remote/OStorageRemote.java,289,0,4,70,1768,2328,Bag
c65031e4a5cae04be6faeaeccb01fb18d3e5fb85,graphdb/src/test/java/com/orientechnologies/orient/graph/sql/OCommandExecutorSQLDeleteEdgeTest.java,3,0,1,7,89,114,Bag
c65031e4a5cae04be6faeaeccb01fb18d3e5fb85,core/src/main/java/com/orientechnologies/orient/core/storage/impl/local/OSingleFileSegment.java,6,0,0,18,87,130,Bag
c65031e4a5cae04be6faeaeccb01fb18d3e5fb85,core/src/main/java/com/orientechnologies/common/concur/lock/OAdaptiveLock.java,22,0,1,12,132,191,Bag
c65031e4a5cae04be6faeaeccb01fb18d3e5fb85,core/src/main/java/com/orientechnologies/orient/core/db/OPartitionedDatabasePool.java,33,0,1,13,245,387,Bag
c65031e4a5cae04be6faeaeccb01fb18d3e5fb85,core/src/main/java/com/orientechnologies/orient/core/command/script/OCommandExecutorScript.java,59,0,1,7,296,427,Bag
c65031e4a5cae04be6faeaeccb01fb18d3e5fb85,graphdb/src/main/java/com/orientechnologies/orient/graph/sql/OCommandExecutorSQLCreateEdge.java,36,0,2,5,171,255,Bag
c65031e4a5cae04be6faeaeccb01fb18d3e5fb85,graphdb/src/test/java/com/tinkerpop/blueprints/impls/orient/OrientGraphMultithreadRemoteTest.java,13,0,0,6,128,161,Bag
c65031e4a5cae04be6faeaeccb01fb18d3e5fb85,core/src/test/java/com/orientechnologies/orient/core/storage/fs/FileClassicTest.java,3,0,1,3,51,74,Bag
c65031e4a5cae04be6faeaeccb01fb18d3e5fb85,distributed/src/test/java/com/orientechnologies/orient/server/distributed/AbstractServerClusterTest.java,17,0,1,3,139,211,Bag
c65031e4a5cae04be6faeaeccb01fb18d3e5fb85,server/src/main/java/com/orientechnologies/orient/server/network/protocol/binary/OBinaryNetworkProtocolAbstract.java,47,0,2,9,336,471,Bag
c65031e4a5cae04be6faeaeccb01fb18d3e5fb85,core/src/main/java/com/orientechnologies/orient/core/storage/fs/OFileClassic.java,66,0,21,29,794,1060,Bag
c65031e4a5cae04be6faeaeccb01fb18d3e5fb85,client/src/main/java/com/orientechnologies/orient/client/remote/ORemoteConnectionManager.java,25,0,1,11,168,245,Bag
c65031e4a5cae04be6faeaeccb01fb18d3e5fb85,enterprise/src/main/java/com/orientechnologies/orient/enterprise/channel/OChannel.java,21,0,0,14,180,233,Bag
c65031e4a5cae04be6faeaeccb01fb18d3e5fb85,core/src/main/java/com/orientechnologies/orient/core/storage/cache/local/OWOWCache.java,199,0,1,49,1370,1771,Bag
c65031e4a5cae04be6faeaeccb01fb18d3e5fb85,core/src/test/java/com/orientechnologies/orient/core/index/hashindex/local/arc/ReadWriteCacheConcurrentTest.java,32,0,1,4,237,306,Bag
c65031e4a5cae04be6faeaeccb01fb18d3e5fb85,tests/src/test/java/com/orientechnologies/orient/test/internal/io/OClassicFileTest.java,1,0,0,1,12,32,Bag
c65031e4a5cae04be6faeaeccb01fb18d3e5fb85,core/src/test/java/com/orientechnologies/orient/core/storage/cache/local/ReadWriteDiskCacheTest.java,70,0,0,19,618,825,Bag
c65031e4a5cae04be6faeaeccb01fb18d3e5fb85,core/src/main/java/com/orientechnologies/orient/core/storage/fs/OFileFactory.java,2,0,1,3,23,56,Bag
c65031e4a5cae04be6faeaeccb01fb18d3e5fb85,core/src/main/java/com/orientechnologies/orient/core/storage/cache/local/O2QCache.java,101,0,1,26,809,1027,Bag
c65031e4a5cae04be6faeaeccb01fb18d3e5fb85,server/src/main/java/com/orientechnologies/orient/server/OClientConnectionManager.java,48,0,8,9,248,384,Bag
c65031e4a5cae04be6faeaeccb01fb18d3e5fb85,core/src/main/java/com/orientechnologies/orient/core/storage/fs/OFile.java,1,0,8,41,54,175,Bag
c6eadfa4eaa12bfc1b1ff8108273c2bcc34f1b38,tests/src/test/java/com/orientechnologies/orient/test/database/auto/IndexTest.java,146,0,0,59,1353,1777,Bag
c6fd9d137a734eefb69329493e56d64d9b965fa9,core/src/main/java/com/orientechnologies/orient/core/sql/parser/OMatchStatement.java,254,0,4,49,1135,1456,NoBug
c871bcbc93f785701cc81e159699c0d2229569b3,server/src/main/java/com/orientechnologies/orient/server/distributed/task/OFixTxTask.java,9,0,1,9,85,137,NoBug
c871bcbc93f785701cc81e159699c0d2229569b3,server/src/main/java/com/orientechnologies/orient/server/distributed/ODistributedStorage.java,187,0,1,80,1156,1590,Bag
c871bcbc93f785701cc81e159699c0d2229569b3,server/src/main/java/com/orientechnologies/orient/server/distributed/task/OCreateRecordTask.java,12,0,2,10,128,186,NoBug
c871bcbc93f785701cc81e159699c0d2229569b3,server/src/main/java/com/orientechnologies/orient/server/distributed/task/ODeleteRecordTask.java,8,0,1,14,101,150,NoBug
c871bcbc93f785701cc81e159699c0d2229569b3,distributed/src/test/java/com/orientechnologies/orient/server/distributed/asynch/TestAsyncReplMode2Servers2OpsCommitConcurrent.java,7,0,0,1,64,89,NoBug
c871bcbc93f785701cc81e159699c0d2229569b3,server/src/main/java/com/orientechnologies/orient/server/distributed/task/OTxTask.java,36,0,2,14,204,306,NoBug
c871bcbc93f785701cc81e159699c0d2229569b3,server/src/main/java/com/orientechnologies/orient/server/distributed/task/OUpdateRecordTask.java,10,0,1,16,137,197,NoBug
c871bcbc93f785701cc81e159699c0d2229569b3,server/src/main/java/com/orientechnologies/orient/server/distributed/task/OAbstractRecordReplicatedTask.java,3,0,1,13,63,106,NoBug
c885e7891787330cb8537b7ebd027b6a8429328e,graphdb/src/main/java/com/tinkerpop/blueprints/impls/orient/OrientBaseGraph.java,233,0,76,13,1238,2251,Bag
c89dbacfb27d44150d7834ef1d2872cceeb0a42c,server/src/main/java/com/orientechnologies/orient/server/network/protocol/binary/OBinaryNetworkProtocolAbstract.java,49,0,2,10,344,481,NoBug
c89dbacfb27d44150d7834ef1d2872cceeb0a42c,tests/src/test/java/com/orientechnologies/orient/test/database/auto/SchemaTest.java,39,0,0,31,471,665,NoBug
c89dbacfb27d44150d7834ef1d2872cceeb0a42c,core/src/main/java/com/orientechnologies/orient/core/db/document/ODatabaseDocumentTx.java,399,0,79,84,2096,3114,NoBug
c89dbacfb27d44150d7834ef1d2872cceeb0a42c,core/src/main/java/com/orientechnologies/orient/core/tx/OTransactionNoTx.java,40,0,3,38,287,385,NoBug
c89dbacfb27d44150d7834ef1d2872cceeb0a42c,core/src/main/java/com/orientechnologies/orient/core/storage/impl/local/paginated/OOfflineCluster.java,5,0,1,39,186,257,NoBug
c89dbacfb27d44150d7834ef1d2872cceeb0a42c,core/src/main/java/com/orientechnologies/orient/core/record/ORecordAbstract.java,60,0,1,46,401,537,NoBug
c8c1b3eca7c77d6c6a3c32ce1cc51e4c4832d94a,etl/src/main/java/com/orientechnologies/orient/etl/extractor/OCSVExtractor.java,38,0,1,7,217,271,NoBug
c8c1b3eca7c77d6c6a3c32ce1cc51e4c4832d94a,etl/src/test/java/com/orientechnologies/orient/etl/extractor/OCSVExtractorTest.java,4,0,1,34,316,369,NoBug
c902353d86924562826c9114fd6a1242a65ada6d,core/src/test/java/com/orientechnologies/orient/core/storage/cache/local/twoq/ReadWriteDiskCacheTest.java,115,0,0,23,1002,1352,NoBug
c902353d86924562826c9114fd6a1242a65ada6d,core/src/test/java/com/orientechnologies/orient/core/storage/impl/local/paginated/wal/WriteAheadLogTest.java,72,0,4,51,1779,2478,NoBug
c902353d86924562826c9114fd6a1242a65ada6d,core/src/test/java/com/orientechnologies/orient/core/storage/impl/local/paginated/wal/OLogSegmentV2Test.java,1,0,1,1,43,73,NoBug
c902353d86924562826c9114fd6a1242a65ada6d,core/src/main/java/com/orientechnologies/orient/core/storage/impl/local/paginated/wal/OWALPage.java,1,0,4,0,14,60,NoBug
c902353d86924562826c9114fd6a1242a65ada6d,core/src/main/java/com/orientechnologies/orient/core/storage/impl/local/paginated/wal/OLogSegment.java,1,0,15,0,19,94,NoBug
c902353d86924562826c9114fd6a1242a65ada6d,core/src/test/java/com/orientechnologies/orient/core/storage/impl/local/paginated/wal/WriteAheadLogConcurrencyTest.java,16,0,1,3,112,146,NoBug
c902353d86924562826c9114fd6a1242a65ada6d,core/src/test/java/com/orientechnologies/orient/core/storage/impl/local/paginated/wal/OWALPageV2ChangesPortionTest.java,1,0,1,16,184,281,NoBug
c902353d86924562826c9114fd6a1242a65ada6d,core/src/main/java/com/orientechnologies/orient/core/storage/impl/local/paginated/wal/ODiskWriteAheadLog.java,124,0,1,34,836,1143,NoBug
c902353d86924562826c9114fd6a1242a65ada6d,core/src/main/java/com/orientechnologies/orient/core/storage/impl/local/paginated/wal/OLogSegmentV1.java,57,0,14,4,430,612,NoBug
c902353d86924562826c9114fd6a1242a65ada6d,core/src/test/java/com/orientechnologies/orient/core/index/sbtree/local/SBTreeWALTestIT.java,28,0,1,16,277,361,NoBug
c902353d86924562826c9114fd6a1242a65ada6d,core/src/main/java/com/orientechnologies/orient/core/storage/impl/local/paginated/wal/OWALPageV2.java,2,0,4,0,44,150,NoBug
c902353d86924562826c9114fd6a1242a65ada6d,core/src/test/java/com/orientechnologies/orient/core/storage/impl/local/paginated/LocalPaginatedClusterWithWALTestIT.java,24,0,1,31,345,464,NoBug
c902353d86924562826c9114fd6a1242a65ada6d,core/src/main/java/com/orientechnologies/orient/core/storage/impl/local/paginated/wal/OWALSegmentCache.java,36,0,6,0,251,417,NoBug
c902353d86924562826c9114fd6a1242a65ada6d,core/src/main/java/com/orientechnologies/orient/core/storage/impl/local/OAbstractPaginatedStorage.java,757,0,9,102,3952,5073,NoBug
c902353d86924562826c9114fd6a1242a65ada6d,core/src/main/java/com/orientechnologies/orient/core/storage/impl/local/paginated/wal/OLogSegmentV2.java,63,0,0,0,488,712,NoBug
c902353d86924562826c9114fd6a1242a65ada6d,core/src/test/java/com/orientechnologies/orient/core/storage/impl/local/paginated/wal/WALSegmentCreationTest.java,21,0,1,24,209,273,NoBug
c902353d86924562826c9114fd6a1242a65ada6d,core/src/main/java/com/orientechnologies/orient/core/storage/impl/local/paginated/wal/OWALPageV1.java,2,0,4,0,39,112,NoBug
c902353d86924562826c9114fd6a1242a65ada6d,core/src/test/java/com/orientechnologies/orient/core/index/sbtreebonsai/local/OSBTreeBonsaiWALTestIT.java,29,0,1,18,276,370,NoBug
c902353d86924562826c9114fd6a1242a65ada6d,core/src/main/java/com/orientechnologies/orient/core/config/OGlobalConfiguration.java,39,0,3,14,704,1152,NoBug
c94093ca8439d3a292d5866aa057870081b9e3b9,client/src/main/java/com/orientechnologies/orient/client/remote/ORemoteConnectionManager.java,25,0,1,11,171,248,Bag
c94c65abfdb28d01bbf1d2d9da8d35b455e79397,core/src/main/java/com/orientechnologies/orient/core/sql/OCommandExecutorSQLDropCluster.java,14,0,2,4,80,134,NoBug
c94c65abfdb28d01bbf1d2d9da8d35b455e79397,core/src/main/java/com/orientechnologies/orient/core/sql/OCommandExecutorSQLCreateCluster.java,13,0,2,4,86,136,NoBug
c94c65abfdb28d01bbf1d2d9da8d35b455e79397,core/src/main/java/com/orientechnologies/orient/core/sql/OCommandExecutorSQLAlterCluster.java,24,0,2,4,132,199,NoBug
c94c65abfdb28d01bbf1d2d9da8d35b455e79397,core/src/main/java/com/orientechnologies/orient/core/metadata/schema/OClassImpl.java,318,0,6,109,2165,2724,NoBug
c9527fb5ba41bfac24f39ab9463fb94480b2f391,graphdb/src/main/java/com/orientechnologies/orient/graph/sql/functions/OGraphFunctionFactory.java,4,0,1,4,44,86,NoBug
c9dec226d8d0a05ce3c58c48613f3248250ff4f9,graphdb/src/main/java/com/tinkerpop/blueprints/impls/orient/OrientGraphQuery.java,54,0,9,2,254,395,Bag
c9dec226d8d0a05ce3c58c48613f3248250ff4f9,graphdb/src/test/java/com/orientechnologies/orient/graph/blueprints/GraphTests.java,12,0,0,9,219,308,Bag
ca587e2ff4d3eb79f5d137b04091ae1ba3995c5d,core/src/main/java/com/orientechnologies/orient/core/serialization/serializer/record/binary/ORecordSerializerNetwork.java,15,0,0,10,100,149,NoBug
ca587e2ff4d3eb79f5d137b04091ae1ba3995c5d,core/src/main/java/com/orientechnologies/orient/core/record/impl/ODocument.java,652,0,55,36,2248,3078,Bag
ca587e2ff4d3eb79f5d137b04091ae1ba3995c5d,core/src/main/java/com/orientechnologies/orient/core/serialization/serializer/record/binary/ORecordSerializerBinaryV0.java,174,0,0,10,836,1009,NoBug
ca587e2ff4d3eb79f5d137b04091ae1ba3995c5d,core/src/main/java/com/orientechnologies/orient/core/serialization/serializer/record/binary/ORecordSerializerNetworkV0.java,139,0,0,10,712,840,NoBug
ca587e2ff4d3eb79f5d137b04091ae1ba3995c5d,core/src/main/java/com/orientechnologies/orient/core/serialization/serializer/record/binary/ODocumentSerializer.java,1,0,1,8,14,49,NoBug
ca587e2ff4d3eb79f5d137b04091ae1ba3995c5d,core/src/main/java/com/orientechnologies/orient/core/serialization/serializer/record/string/ORecordSerializerStringAbstract.java,201,0,3,13,547,710,NoBug
ca587e2ff4d3eb79f5d137b04091ae1ba3995c5d,core/src/main/java/com/orientechnologies/orient/core/serialization/serializer/record/ORecordSerializerRaw.java,2,0,0,10,52,84,NoBug
ca587e2ff4d3eb79f5d137b04091ae1ba3995c5d,core/src/main/java/com/orientechnologies/orient/core/serialization/serializer/record/ORecordSerializer.java,1,0,0,8,12,41,NoBug
ca587e2ff4d3eb79f5d137b04091ae1ba3995c5d,core/src/main/java/com/orientechnologies/orient/core/serialization/serializer/record/binary/ORecordSerializerBinary.java,14,0,0,12,101,150,NoBug
cb0b1a14f33d0d5dd904373261cf81529834207a,tests/src/test/java/com/orientechnologies/orient/test/database/auto/IndexTest.java,155,0,0,60,1407,1840,NoBug
cb2277a57d1cdf28dde1631fb9bec3a7eac0572c,core/src/main/java/com/orientechnologies/orient/core/sql/OCommandExecutorSQLTruncateCluster.java,14,0,2,4,101,152,Bag
cb2277a57d1cdf28dde1631fb9bec3a7eac0572c,core/src/main/java/com/orientechnologies/orient/core/storage/impl/local/paginated/OPaginatedCluster.java,153,0,3,46,1779,2173,Bag
cb2277a57d1cdf28dde1631fb9bec3a7eac0572c,core/src/main/java/com/orientechnologies/orient/core/db/document/ODatabaseDocumentTx.java,78,0,1,166,1182,1391,Bag
cb2277a57d1cdf28dde1631fb9bec3a7eac0572c,core/src/main/java/com/orientechnologies/orient/core/storage/OStorage.java,1,0,17,57,118,290,Bag
cb2277a57d1cdf28dde1631fb9bec3a7eac0572c,core/src/main/java/com/orientechnologies/orient/core/metadata/schema/OClassImpl.java,334,0,6,111,2209,2768,Bag
cb2277a57d1cdf28dde1631fb9bec3a7eac0572c,core/src/test/java/com/orientechnologies/orient/core/PostponedEngineStartTest.java,3,0,8,2,428,602,Bag
cb2277a57d1cdf28dde1631fb9bec3a7eac0572c,core/src/main/java/com/orientechnologies/orient/core/db/ODatabaseDocumentInternal.java,1,0,4,21,50,112,Bag
cb2277a57d1cdf28dde1631fb9bec3a7eac0572c,core/src/main/java/com/orientechnologies/orient/core/db/document/ODatabaseDocumentAbstract.java,387,0,74,91,2090,3015,Bag
cb2277a57d1cdf28dde1631fb9bec3a7eac0572c,core/src/main/java/com/orientechnologies/orient/core/storage/OStorageAbstract.java,12,0,1,24,161,227,Bag
cb2277a57d1cdf28dde1631fb9bec3a7eac0572c,core/src/test/java/com/orientechnologies/orient/core/metadata/schema/AlterClassClusterTest.java,1,0,0,7,46,63,Bag
cb2277a57d1cdf28dde1631fb9bec3a7eac0572c,distributed/src/main/java/com/orientechnologies/orient/server/distributed/impl/ODistributedStorage.java,214,0,1,91,1343,1859,Bag
cb91af4fd2fbb2426c9d1bb301f14738c10f6752,core/src/test/java/com/orientechnologies/orient/core/sql/OCommandExecutorSQLSelectTest.java,32,0,1,84,1079,1393,Bag
cb91af4fd2fbb2426c9d1bb301f14738c10f6752,core/src/main/java/com/orientechnologies/orient/core/serialization/serializer/record/string/ORecordSerializerStringAbstract.java,201,0,3,13,547,710,Bag
cbeda542252f709a04865fb875ddd4b785847de1,core/src/main/java/com/orientechnologies/orient/core/db/document/ODatabaseDocumentTx.java,400,0,72,82,1997,2948,Bag
cbeda542252f709a04865fb875ddd4b785847de1,core/src/test/java/com/orientechnologies/orient/core/db/hook/CheckHookCallCountTest.java,3,0,0,6,112,132,NoBug
cc0a317b054f936099eb2628cc720148b99d219a,core/src/test/java/com/orientechnologies/orient/core/storage/cache/local/twoq/ReadWriteDiskCacheTest.java,115,0,0,23,1008,1360,Bag
cc0a317b054f936099eb2628cc720148b99d219a,distributed/src/main/java/com/orientechnologies/orient/server/distributed/sql/OCommandExecutorSQLHASyncCluster.java,24,0,2,7,201,289,NoBug
cc0a317b054f936099eb2628cc720148b99d219a,core/src/main/java/com/orientechnologies/orient/core/storage/cache/OWriteCache.java,1,0,10,32,55,198,NoBug
cc0a317b054f936099eb2628cc720148b99d219a,core/src/main/java/com/orientechnologies/orient/core/storage/fs/OFile.java,1,0,7,25,37,128,NoBug
cc0a317b054f936099eb2628cc720148b99d219a,core/src/main/java/com/orientechnologies/orient/core/compression/impl/OZIPCompressionUtil.java,20,0,3,3,161,233,NoBug
cc0a317b054f936099eb2628cc720148b99d219a,core/src/main/java/com/orientechnologies/orient/core/storage/impl/local/paginated/OPaginatedCluster.java,161,0,3,47,1783,2182,NoBug
cc0a317b054f936099eb2628cc720148b99d219a,core/src/main/java/com/orientechnologies/orient/core/storage/impl/local/paginated/OClusterPositionMap.java,52,0,2,23,649,771,NoBug
cc0a317b054f936099eb2628cc720148b99d219a,core/src/main/java/com/orientechnologies/orient/core/storage/impl/memory/ODirectMemoryOnlyDiskCache.java,32,0,5,57,545,725,NoBug
cc0a317b054f936099eb2628cc720148b99d219a,core/src/main/java/com/orientechnologies/orient/core/storage/fs/OFileClassic.java,67,0,7,26,710,893,NoBug
cc0a317b054f936099eb2628cc720148b99d219a,distributed/src/test/java/com/orientechnologies/orient/server/distributed/HaSyncClusterTest.java,8,0,1,2,114,176,NoBug
cc0a317b054f936099eb2628cc720148b99d219a,core/src/main/java/com/orientechnologies/orient/core/storage/cache/local/OWOWCache.java,301,0,5,48,2043,3028,NoBug
cc0a317b054f936099eb2628cc720148b99d219a,distributed/src/main/java/com/orientechnologies/orient/server/distributed/impl/task/OSyncClusterTask.java,18,0,1,11,190,266,NoBug
cc3ae564eabbe699ee5523808e7a1e84e9f0ff49,core/src/main/java/com/orientechnologies/orient/core/serialization/serializer/stream/OStreamSerializerSBTreeIndexRIDContainer.java,16,0,0,20,224,290,Bag
cc3ae564eabbe699ee5523808e7a1e84e9f0ff49,core/src/main/java/com/orientechnologies/orient/core/serialization/serializer/stream/OStreamSerializerOldRIDContainer.java,7,0,1,19,151,220,Bag
cc3ae564eabbe699ee5523808e7a1e84e9f0ff49,distributed/src/test/java/com/orientechnologies/orient/server/distributed/DistributedHashIndexTest.java,2,0,1,2,30,62,Bag
cc6b8dc9cdb87b2927b952b213f6ddb9046f4ea3,core/src/main/java/com/orientechnologies/orient/core/sql/OCommandExecutorSQLSelect.java,616,0,4,19,2191,2850,Bag
cc6b8dc9cdb87b2927b952b213f6ddb9046f4ea3,core/src/test/java/com/orientechnologies/orient/core/sql/OCommandExecutorSQLSelectTest.java,23,0,1,53,666,853,Bag
ccba2dfa72386253046d84b3ad94e17fff54319e,graphdb/src/main/java/com/tinkerpop/blueprints/impls/orient/OrientGraphFactory.java,15,0,12,2,110,219,Bag
ccba2dfa72386253046d84b3ad94e17fff54319e,core/src/main/java/com/orientechnologies/orient/core/sql/parser/OrientSql.java,3760,0,12,110,11373,12236,Bag
ccba2dfa72386253046d84b3ad94e17fff54319e,core/src/test/java/com/orientechnologies/orient/core/sql/parser/OSelectStatementTest.java,7,0,0,32,265,353,Bag
ccba2dfa72386253046d84b3ad94e17fff54319e,core/src/test/java/com/orientechnologies/orient/core/sql/OCommandExecutorSQLSelectTest.java,13,0,0,27,353,447,Bag
cd7c3f1cadd65ebf58a87346f3cef974872dcc7f,graphdb/src/main/java/com/tinkerpop/blueprints/impls/orient/OrientBaseGraph.java,251,0,76,16,1328,2274,NoBug
cd7c3f1cadd65ebf58a87346f3cef974872dcc7f,graphdb/src/test/java/com/orientechnologies/orient/graph/blueprints/GraphTest.java,10,0,0,14,321,456,NoBug
cda93b19cf4a2e4b9f7653145d5d6d0feeeedf98,distribution/src/test/java/com/orientechnologies/distribution/integration/OGitHubIssuesIT.java,3,0,1,5,180,246,NoBug
cda93b19cf4a2e4b9f7653145d5d6d0feeeedf98,core/src/main/java/com/orientechnologies/orient/core/sql/parser/OExpression.java,125,0,4,37,446,568,NoBug
cda93b19cf4a2e4b9f7653145d5d6d0feeeedf98,core/src/main/java/com/orientechnologies/orient/core/sql/executor/FetchFromIndexStep.java,89,0,1,6,428,494,NoBug
cda93b19cf4a2e4b9f7653145d5d6d0feeeedf98,core/src/main/java/com/orientechnologies/orient/core/sql/executor/OSelectExecutionPlanner.java,367,0,1,2,1356,1620,NoBug
ce254431ae5eb7146bc8092bbbcd24b47d659d94,tests/src/test/java/com/orientechnologies/orient/test/database/auto/ORidBagTest.java,99,0,0,28,1115,1530,Bag
ce254431ae5eb7146bc8092bbbcd24b47d659d94,core/src/main/java/com/orientechnologies/orient/core/db/record/ridbag/embedded/OEmbeddedRidBag.java,63,0,0,30,406,528,Bag
ce730084aa5f7cde8321f5f9913349040d5b5425,server/src/main/java/com/orientechnologies/orient/server/distributed/task/OTxTask.java,34,0,2,11,193,292,NoBug
ce730084aa5f7cde8321f5f9913349040d5b5425,server/src/main/java/com/orientechnologies/orient/server/distributed/ODistributedDatabaseChunk.java,9,0,0,7,76,121,NoBug
ce730084aa5f7cde8321f5f9913349040d5b5425,server/src/main/java/com/orientechnologies/orient/server/distributed/task/OSyncDatabaseTask.java,18,0,1,14,184,263,NoBug
ce730084aa5f7cde8321f5f9913349040d5b5425,server/src/main/java/com/orientechnologies/orient/server/distributed/task/OCopyDatabaseChunkTask.java,3,0,1,12,79,126,NoBug
ce730084aa5f7cde8321f5f9913349040d5b5425,server/src/main/java/com/orientechnologies/orient/server/distributed/task/OScriptTask.java,2,0,1,12,76,122,NoBug
ce730084aa5f7cde8321f5f9913349040d5b5425,server/src/main/java/com/orientechnologies/orient/server/distributed/task/OSQLCommandTask.java,10,0,1,12,119,176,NoBug
ce730084aa5f7cde8321f5f9913349040d5b5425,server/src/main/java/com/orientechnologies/orient/server/distributed/task/OAbstractRemoteTask.java,1,0,2,15,54,102,NoBug
ce730084aa5f7cde8321f5f9913349040d5b5425,server/src/main/java/com/orientechnologies/orient/server/distributed/task/OSyncClusterTask.java,11,0,1,14,154,233,NoBug
ce730084aa5f7cde8321f5f9913349040d5b5425,distributed/src/main/java/com/orientechnologies/orient/server/hazelcast/OHazelcastPlugin.java,191,0,6,49,1131,1568,Bag
ce730084aa5f7cde8321f5f9913349040d5b5425,server/src/main/java/com/orientechnologies/orient/server/distributed/task/OCompletedTxTask.java,4,0,2,10,77,128,NoBug
ce940531ecad94935f2cc89047072466789396ed,tools/src/main/java/com/orientechnologies/orient/stresstest/OConsoleProgressWriter.java,5,0,1,3,34,67,Bag
ce940531ecad94935f2cc89047072466789396ed,server/src/main/java/com/orientechnologies/orient/server/OClientConnectionManager.java,61,0,9,13,323,525,Bag
ce940531ecad94935f2cc89047072466789396ed,server/src/main/java/com/orientechnologies/orient/server/network/protocol/binary/ONetworkProtocolBinary.java,136,0,2,17,688,847,Bag
ce940531ecad94935f2cc89047072466789396ed,core/src/main/java/com/orientechnologies/orient/core/db/OExecutionThreadLocal.java,4,0,1,4,46,80,Bag
ce940531ecad94935f2cc89047072466789396ed,server/src/main/java/com/orientechnologies/orient/server/OServer.java,136,0,4,61,845,1164,Bag
ce940531ecad94935f2cc89047072466789396ed,core/src/main/java/com/orientechnologies/common/thread/OSoftThread.java,7,0,1,13,73,123,Bag
ce9a4c492cff603a97bc74458b062c03e2ecd087,core/src/main/java/com/orientechnologies/orient/core/index/sbtree/local/OSBTree.java,214,0,2,26,1730,2161,NoBug
ce9a4c492cff603a97bc74458b062c03e2ecd087,core/src/main/java/com/orientechnologies/orient/core/index/OIndexAbstract.java,100,0,6,51,844,1105,NoBug
ce9a4c492cff603a97bc74458b062c03e2ecd087,core/src/main/java/com/orientechnologies/orient/core/index/hashindex/local/OLocalHashTable.java,190,0,1,24,1586,2011,NoBug
ce9a4c492cff603a97bc74458b062c03e2ecd087,core/src/main/java/com/orientechnologies/orient/core/exception/OTooBigIndexKeyException.java,1,0,1,2,10,36,NoBug
ce9c26d7c61a08adb39aa0e16bc83551bce6f199,core/src/main/java/com/orientechnologies/orient/core/storage/impl/local/OAbstractPaginatedStorage.java,490,0,8,101,3207,4283,NoBug
cf92a6918d5e9b310ad4db4cbed3adb8527cc639,core/src/main/java/com/orientechnologies/orient/core/cache/OSoftRefsHashMap.java,9,0,1,6,86,104,Bag
d02d128598ab78384d5b2ad91bf07a63247fb42b,core/src/main/java/com/orientechnologies/orient/core/storage/impl/local/OAbstractPaginatedStorage.java,470,0,7,102,3121,4142,Bag
d06835ba7bda9d2cc7febd5845c15d91f8e74520,graphdb/src/main/java/com/tinkerpop/blueprints/impls/orient/OrientBaseGraph.java,216,0,70,13,1188,2128,Bag
d08b539b6ad032f789bfec08be94fd736167c9e1,core/src/main/java/com/orientechnologies/orient/core/index/OPropertyListIndexDefinition.java,8,0,1,8,70,111,Bag
d08b539b6ad032f789bfec08be94fd736167c9e1,core/src/test/java/com/orientechnologies/orient/core/index/OPropertyListIndexDefinitionTest.java,1,0,1,25,297,405,Bag
d0d2b87a67b4820d596ac2fbe2448b1f5fe08669,graphdb/src/main/java/com/tinkerpop/blueprints/impls/orient/OrientBaseGraph.java,162,0,68,12,997,1850,Bag
d0d2b87a67b4820d596ac2fbe2448b1f5fe08669,graphdb/src/test/java/com/orientechnologies/orient/graph/blueprints/GraphGetVertices.java,4,0,1,1,74,150,Bag
d1f2516087f2e93dafed5df70537de9a56740f8b,graphdb/src/main/java/com/tinkerpop/blueprints/impls/orient/OrientEdge.java,77,0,20,6,324,575,Bag
d1f2516087f2e93dafed5df70537de9a56740f8b,graphdb/src/main/java/com/tinkerpop/blueprints/impls/orient/OrientBaseGraph.java,216,0,69,13,1188,2125,Bag
d21e2159933b891998c72594bfd41d4391ee7671,core/src/main/java/com/orientechnologies/orient/core/storage/cache/local/OWOWCache.java,290,0,5,47,1986,2950,Bag
d22bd7bfe128498715df9463f60491478140e6f6,core/src/main/java/com/orientechnologies/orient/core/sql/functions/coll/OSQLFunctionSymmetricDifference.java,14,0,1,5,96,143,Bag
d2368422055fd12c0cb57a5dc82c15cb89b2a200,core/src/main/java/com/orientechnologies/orient/core/metadata/security/OSecurityShared.java,90,0,3,35,456,626,NoBug
d2368422055fd12c0cb57a5dc82c15cb89b2a200,tests/src/test/java/com/orientechnologies/orient/test/database/auto/SecurityTest.java,21,0,0,21,337,431,NoBug
d2781cc84ef83ebc7c177d3bb6c07d3ca8b1b478,distributed/src/main/java/com/orientechnologies/orient/server/hazelcast/OHazelcastPlugin.java,175,0,4,31,886,1226,NoBug
d29612b2f916e601d35317725979f2535c8a02c4,core/src/main/java/com/orientechnologies/common/collection/OMultiValue.java,170,0,13,9,520,766,NoBug
d29612b2f916e601d35317725979f2535c8a02c4,core/src/main/java/com/orientechnologies/orient/core/sql/OCommandExecutorSQLUpdate.java,173,0,2,9,598,771,NoBug
d29612b2f916e601d35317725979f2535c8a02c4,tests/src/test/java/com/orientechnologies/orient/test/database/auto/SQLInsertTest.java,19,0,1,23,434,579,NoBug
d29612b2f916e601d35317725979f2535c8a02c4,core/src/main/java/com/orientechnologies/orient/core/sql/OCommandExecutorSQLSetAware.java,37,0,1,1,143,206,NoBug
d29612b2f916e601d35317725979f2535c8a02c4,tests/src/test/java/com/orientechnologies/orient/test/database/auto/SQLUpdateTest.java,16,0,1,23,422,601,NoBug
d31b3cdb997e14398e2e85501669d80b63550600,graphdb/src/test/java/com/orientechnologies/orient/graph/blueprints/BlueprintsTest.java,6,0,0,12,120,153,Bag
d31b3cdb997e14398e2e85501669d80b63550600,graphdb/src/main/java/com/tinkerpop/blueprints/impls/orient/OrientGraphQuery.java,59,0,9,2,261,403,Bag
d32e56c226987897e3d464c862290d1e8360c977,tools/src/main/java/com/orientechnologies/orient/console/OConsoleDatabaseApp.java,267,0,12,100,1823,2311,Bag
d32e56c226987897e3d464c862290d1e8360c977,core/src/main/java/com/orientechnologies/orient/core/storage/impl/local/paginated/OClusterPageDebug.java,1,0,0,1,7,11,NoBug
d32e56c226987897e3d464c862290d1e8360c977,core/src/main/java/com/orientechnologies/orient/core/serialization/serializer/record/binary/ORecordSerializerBinaryV0.java,143,0,0,5,695,802,NoBug
d32e56c226987897e3d464c862290d1e8360c977,core/src/test/java/com/orientechnologies/orient/core/storage/impl/local/paginated/ClusterDebugInfoTest.java,1,0,0,4,103,124,NoBug
d32e56c226987897e3d464c862290d1e8360c977,core/src/main/java/com/orientechnologies/orient/core/storage/impl/local/paginated/OPaginatedCluster.java,122,0,1,43,1427,1736,NoBug
d32e56c226987897e3d464c862290d1e8360c977,core/src/main/java/com/orientechnologies/orient/core/storage/impl/local/paginated/OPaginatedClusterDebug.java,1,0,0,1,9,14,NoBug
d33ac73135bf14707a593d188497c23c05e6dcc7,core/src/main/java/com/orientechnologies/orient/core/db/tool/ODatabaseImport.java,220,0,1,17,1150,1507,Bag
d33ac73135bf14707a593d188497c23c05e6dcc7,core/src/test/java/com/orientechnologies/orient/core/metadata/security/ORestricetedUserCleanUpTest.java,1,0,0,2,52,64,Bag
d33ac73135bf14707a593d188497c23c05e6dcc7,core/src/test/java/com/orientechnologies/orient/core/record/impl/ODocumentTest.java,1,0,1,10,227,271,Bag
d33ac73135bf14707a593d188497c23c05e6dcc7,core/src/main/java/com/orientechnologies/orient/core/db/tool/ODatabaseExport.java,103,0,1,6,443,589,Bag
d33ac73135bf14707a593d188497c23c05e6dcc7,core/src/main/java/com/orientechnologies/orient/core/record/impl/ODocument.java,493,0,50,34,1747,2506,Bag
d33ac73135bf14707a593d188497c23c05e6dcc7,core/src/main/java/com/orientechnologies/common/collection/OMultiValue.java,156,0,12,8,484,716,Bag
d3585efaa5485c48a4230a6af76baa2d6e210afa,jdbc/src/main/java/com/orientechnologies/orient/jdbc/OrientJdbcPreparedStatement.java,6,0,1,59,237,332,Bag
d3585efaa5485c48a4230a6af76baa2d6e210afa,jdbc/src/test/java/com/orientechnologies/orient/jdbc/OrientJdbcStatementTest.java,1,0,0,4,34,46,Bag
d3585efaa5485c48a4230a6af76baa2d6e210afa,jdbc/src/test/java/com/orientechnologies/orient/jdbc/OrientJdbcPreparedStatementTest.java,1,0,0,10,97,139,Bag
d3585efaa5485c48a4230a6af76baa2d6e210afa,jdbc/src/main/java/com/orientechnologies/orient/jdbc/OrientBlob.java,16,0,12,0,136,273,Bag
d3585efaa5485c48a4230a6af76baa2d6e210afa,jdbc/src/main/java/com/orientechnologies/orient/jdbc/OrientJdbcResultSet.java,56,0,1,191,704,1069,Bag
d3585efaa5485c48a4230a6af76baa2d6e210afa,jdbc/src/main/java/com/orientechnologies/orient/jdbc/OrientJdbcStatement.java,14,0,4,44,216,361,Bag
d379ae76063a5910ad7c709b45201bae3ec93289,server/src/test/java/com/orientechnologies/orient/server/OClientConnectionTest.java,1,0,1,8,92,118,Bag
d379ae76063a5910ad7c709b45201bae3ec93289,server/src/main/java/com/orientechnologies/orient/server/OClientConnectionManager.java,66,0,9,11,345,504,Bag
d379ae76063a5910ad7c709b45201bae3ec93289,server/src/main/java/com/orientechnologies/orient/server/OClientConnection.java,40,0,3,29,235,312,Bag
d3810feb09a21a216539acc1938c9d936d42de0b,core/src/main/java/com/orientechnologies/orient/core/tx/OTransactionAbstract.java,32,0,1,12,152,217,NoBug
d3810feb09a21a216539acc1938c9d936d42de0b,core/src/main/java/com/orientechnologies/orient/core/storage/impl/local/OAbstractPaginatedStorage.java,298,0,3,72,1824,2391,NoBug
d3810feb09a21a216539acc1938c9d936d42de0b,core/src/main/java/com/orientechnologies/common/concur/lock/OLockManager.java,19,0,1,9,132,178,NoBug
d4815bedf85d0502127e3f1ffa4a07588a420d18,core/src/main/java/com/orientechnologies/orient/core/sql/parser/OCreateEdgeStatement.java,32,0,0,5,137,154,NoBug
d4815bedf85d0502127e3f1ffa4a07588a420d18,core/src/main/java/com/orientechnologies/orient/core/sql/parser/OTraverseStatement.java,13,0,0,6,71,94,NoBug
d4815bedf85d0502127e3f1ffa4a07588a420d18,core/src/main/java/com/orientechnologies/orient/core/sql/parser/OUpdateStatement.java,18,0,0,5,85,107,NoBug
d4815bedf85d0502127e3f1ffa4a07588a420d18,core/src/main/java/com/orientechnologies/orient/core/sql/parser/ODeleteEdgeStatement.java,46,0,1,5,160,188,NoBug
d4815bedf85d0502127e3f1ffa4a07588a420d18,core/src/main/java/com/orientechnologies/orient/core/sql/parser/OSelectStatement.java,26,0,0,26,203,274,NoBug
d4815bedf85d0502127e3f1ffa4a07588a420d18,core/src/main/java/com/orientechnologies/orient/core/sql/parser/OrientSql.java,3528,0,12,110,10778,11601,Bag
d4815bedf85d0502127e3f1ffa4a07588a420d18,core/src/main/java/com/orientechnologies/orient/core/sql/parser/OInteger.java,1,0,0,6,20,31,NoBug
d509ecc1ee8bd9dbd2aa57e78ff27deddf01ee82,core/src/main/java/com/orientechnologies/common/console/annotation/ConsoleCommand.java,1,0,0,1,13,39,NoBug
d509ecc1ee8bd9dbd2aa57e78ff27deddf01ee82,graphdb/src/main/java/com/orientechnologies/orient/graph/sql/OCommandExecutorSQLMoveVertex.java,25,0,2,3,123,192,Bag
d509ecc1ee8bd9dbd2aa57e78ff27deddf01ee82,tools/src/main/java/com/orientechnologies/orient/console/OConsoleDatabaseApp.java,267,0,12,100,1824,2312,Bag
d509ecc1ee8bd9dbd2aa57e78ff27deddf01ee82,core/src/main/java/com/orientechnologies/common/console/OConsoleApplication.java,99,0,0,10,419,552,Bag
d512fd87199482c7e38fd0d7994ba7592b8b3086,server/src/main/java/com/orientechnologies/orient/server/distributed/ODistributedStorage.java,177,0,1,80,1107,1531,Bag
d512fd87199482c7e38fd0d7994ba7592b8b3086,distributed/src/test/java/com/orientechnologies/orient/server/distributed/asynch/TestAsyncReplMode2ServersAddEdge.java,6,0,0,1,63,77,Bag
d5401b3493a4b62814ecb8a69372803f56ff109c,server/src/main/java/com/orientechnologies/orient/server/network/protocol/http/command/get/OServerCommandGetServer.java,6,0,0,4,78,114,Bag
d59e47612a51e132c8452d80410acaa016f63457,core/src/main/java/com/orientechnologies/orient/core/sql/method/misc/OSQLMethodAsList.java,9,0,1,2,42,78,NoBug
d59e47612a51e132c8452d80410acaa016f63457,core/src/test/java/com/orientechnologies/orient/core/sql/method/misc/TestIterable.java,1,0,0,0,13,23,NoBug
d59e47612a51e132c8452d80410acaa016f63457,core/src/main/java/com/orientechnologies/orient/core/sql/method/misc/OSQLMethodAsSet.java,9,0,1,2,42,78,NoBug
d59e47612a51e132c8452d80410acaa016f63457,core/src/test/java/com/orientechnologies/orient/core/sql/method/misc/OSQLMethodAsListTest.java,1,0,1,8,70,113,NoBug
d59e47612a51e132c8452d80410acaa016f63457,core/src/test/java/com/orientechnologies/orient/core/sql/method/misc/OSQLMethodAsSetTest.java,1,0,1,8,76,121,NoBug
d5aa3ef8baeb0c7f1f2c946965c3a0c9ffd694cc,server/src/main/java/com/orientechnologies/orient/server/network/protocol/http/command/post/OServerCommandPostDatabase.java,32,0,0,4,217,268,Bag
d5bd5981844749a3d34935a3eff492e7cbabea37,core/src/main/java/com/orientechnologies/orient/core/record/impl/ODocumentHelper.java,390,0,4,18,1182,1488,NoBug
d5de1f43a68d18cac57c872237e61e2da12355c5,client/src/main/java/com/orientechnologies/orient/client/remote/ORemoteConnectionPool.java,12,0,1,6,86,118,NoBug
d5de1f43a68d18cac57c872237e61e2da12355c5,client/src/main/java/com/orientechnologies/orient/client/binary/OChannelBinaryAsynchClient.java,73,0,2,13,350,470,NoBug
d5de1f43a68d18cac57c872237e61e2da12355c5,client/src/main/java/com/orientechnologies/orient/client/remote/ORemoteConnectionManager.java,27,0,1,12,141,209,NoBug
d5de1f43a68d18cac57c872237e61e2da12355c5,client/src/main/java/com/orientechnologies/orient/client/remote/OStorageRemote.java,253,0,5,76,1855,2329,NoBug
d5de1f43a68d18cac57c872237e61e2da12355c5,client/src/main/java/com/orientechnologies/orient/client/remote/OServerAdmin.java,22,0,22,9,438,703,NoBug
d5de1f43a68d18cac57c872237e61e2da12355c5,client/src/test/java/com/orientechnologies/orient/client/remote/OStorageRemoteAsyncOperationTest.java,6,0,1,4,116,138,NoBug
d66faa857d775fc782a57090adac5a8666b86954,core/src/main/java/com/orientechnologies/orient/core/storage/impl/local/paginated/atomicoperations/OAtomicOperation.java,76,0,4,21,454,642,Bag
d686075f6ec2d26eaf10e505e69415a9a702bbb9,core/src/test/java/com/orientechnologies/orient/core/sql/executor/OSelectStatementExecutionTest.java,250,0,1,120,2854,3236,NoBug
d686075f6ec2d26eaf10e505e69415a9a702bbb9,core/src/main/java/com/orientechnologies/orient/core/sql/executor/FetchFromIndexStep.java,109,0,1,7,521,591,NoBug
d7128ea8db2683cf9c309e998965f5cb9a88f204,core/src/main/java/com/orientechnologies/orient/core/sql/filter/OSQLTarget.java,39,0,1,11,189,271,Bag
d7128ea8db2683cf9c309e998965f5cb9a88f204,core/src/test/java/com/orientechnologies/orient/core/sql/OCommandExecutorSQLSelectTest.java,13,0,0,25,343,435,Bag
d7128ea8db2683cf9c309e998965f5cb9a88f204,graphdb/src/main/java/com/tinkerpop/blueprints/impls/orient/OrientVertex.java,244,0,29,4,803,1339,Bag
d7128ea8db2683cf9c309e998965f5cb9a88f204,graphdb/src/test/java/com/orientechnologies/orient/graph/sql/SQLMoveVertexCommandInTxTest.java,7,0,0,8,166,257,Bag
d7ba6eb3cfe91751301ebdef2ce3e04fe112100f,tests/src/test/java/com/orientechnologies/orient/test/database/auto/SQLInsertTest.java,15,0,1,21,396,532,Bag
d7ba6eb3cfe91751301ebdef2ce3e04fe112100f,core/src/main/java/com/orientechnologies/orient/core/sql/OSQLHelper.java,84,0,2,9,250,365,Bag
d7d7ae95c10f5b727d96b2a86524b028a99bba0c,server/src/main/java/com/orientechnologies/orient/server/network/protocol/binary/ONetworkProtocolBinary.java,333,0,0,8,1916,2486,Bag
d7d7ae95c10f5b727d96b2a86524b028a99bba0c,server/src/main/java/com/orientechnologies/orient/server/OServerShutdownMain.java,22,0,1,3,107,156,Bag
d821d02ae8275670247a2ba5bc653a0cd50936b6,core/src/main/java/com/orientechnologies/orient/enterprise/channel/binary/OChannelBinary.java,42,0,0,24,255,350,NoBug
d8385e914585389f9a457b3869edb6aeb606e61e,core/src/test/java/com/orientechnologies/common/io/OIOUtilsTest.java,1,0,0,5,51,79,NoBug
d8385e914585389f9a457b3869edb6aeb606e61e,core/src/main/java/com/orientechnologies/common/io/OIOUtils.java,69,0,1,23,247,339,NoBug
d8a8139ed08a089797e06ea459d211eaf9747099,server/src/main/java/com/orientechnologies/orient/server/network/protocol/http/command/post/OServerCommandPostDatabase.java,32,0,0,4,217,268,NoBug
d8acc2f527fc1084fd9e6cf9e31ff073b7c44f68,core/src/main/java/com/orientechnologies/orient/core/metadata/schema/OImmutableClass.java,58,0,1,87,571,708,Bag
d8acc2f527fc1084fd9e6cf9e31ff073b7c44f68,core/src/main/java/com/orientechnologies/orient/core/metadata/schema/OClass.java,1,0,27,55,110,439,Bag
d8acc2f527fc1084fd9e6cf9e31ff073b7c44f68,core/src/test/java/com/orientechnologies/orient/core/metadata/schema/TestMultiSuperClasses.java,2,0,0,9,138,160,Bag
d8acc2f527fc1084fd9e6cf9e31ff073b7c44f68,core/src/main/java/com/orientechnologies/orient/core/metadata/schema/OClassImpl.java,270,0,6,99,1926,2454,Bag
d8acc2f527fc1084fd9e6cf9e31ff073b7c44f68,core/src/main/java/com/orientechnologies/orient/core/metadata/schema/OClassAbstractDelegate.java,1,0,1,80,351,458,Bag
d8b18203febd78e978cd50d556183ec7f523c8a7,tests/src/test/java/com/orientechnologies/orient/test/database/auto/ORidBagTest.java,113,0,0,30,1264,1737,Bag
d997cfcacd7bd80c1154ac20fcbeeaeb25e9ee72,client/src/main/java/com/orientechnologies/orient/client/remote/OStorageRemote.java,249,0,5,76,1855,2325,NoBug
d997cfcacd7bd80c1154ac20fcbeeaeb25e9ee72,core/src/main/java/com/orientechnologies/orient/core/db/document/ODatabaseDocumentTx.java,428,0,82,84,2314,3364,Bag
d9ae76cddcffb9421f8bf7dc42bae3e5d6e910f3,distributed/src/main/java/com/orientechnologies/orient/server/distributed/impl/ODistributedAbstractPlugin.java,247,0,8,63,1389,1925,Bag
d9b9a54c8954b00704c7f42aa665db4fc6b5937d,tests/src/test/java/com/orientechnologies/orient/test/database/auto/TraverseTest.java,15,0,0,24,270,331,NoBug
d9b9a54c8954b00704c7f42aa665db4fc6b5937d,core/src/main/java/com/orientechnologies/orient/core/command/traverse/OTraverseMultiValueProcess.java,5,0,0,5,40,73,NoBug
d9e15c97bfcc49c1dce5089d781c8c34fb42f115,graphdb/src/main/java/com/tinkerpop/blueprints/impls/orient/OrientConfigurableGraph.java,48,0,70,11,460,972,Bag
d9e15c97bfcc49c1dce5089d781c8c34fb42f115,graphdb/src/main/java/com/tinkerpop/blueprints/impls/orient/OrientGraphFactory.java,20,0,18,12,216,419,Bag
d9e15c97bfcc49c1dce5089d781c8c34fb42f115,graphdb/src/main/java/com/tinkerpop/blueprints/impls/orient/OrientBaseGraph.java,240,0,76,15,1279,2257,Bag
d9ed338fc29957575767db7b55d094d676a77a25,client/src/main/java/com/orientechnologies/orient/client/remote/ORemoteConnectionManager.java,25,0,1,11,172,250,NoBug
d9ed338fc29957575767db7b55d094d676a77a25,client/src/main/java/com/orientechnologies/orient/client/remote/OStorageRemote.java,280,0,4,70,1743,2295,NoBug
d9ed338fc29957575767db7b55d094d676a77a25,core/src/main/java/com/orientechnologies/common/concur/resource/OResourcePool.java,16,0,1,10,107,161,NoBug
da2c273f3ec76741350411b7b94cbea52c0102a7,core/src/main/java/com/orientechnologies/orient/core/config/OStorageConfiguration.java,72,0,5,71,705,972,Bag
da896b0990e83c577baf91886166980d0994e44b,core/src/main/java/com/orientechnologies/orient/core/storage/cache/local/OWOWCache.java,230,0,5,40,1508,1967,NoBug
da896b0990e83c577baf91886166980d0994e44b,core/src/main/java/com/orientechnologies/orient/core/storage/impl/memory/ODirectMemoryOnlyDiskCache.java,29,0,5,51,502,665,NoBug
da896b0990e83c577baf91886166980d0994e44b,core/src/main/java/com/orientechnologies/orient/core/storage/impl/local/OAbstractPaginatedStorage.java,472,0,8,101,3109,4163,Bag
da896b0990e83c577baf91886166980d0994e44b,core/src/main/java/com/orientechnologies/orient/core/storage/cache/OWriteCache.java,1,0,8,30,50,168,NoBug
da896b0990e83c577baf91886166980d0994e44b,core/src/test/java/com/orientechnologies/orient/core/index/hashindex/local/cache/WOWCacheTest.java,18,0,1,8,264,359,NoBug
da896b0990e83c577baf91886166980d0994e44b,core/src/test/java/com/orientechnologies/orient/core/storage/cache/pages/PageCacheTest.java,8,0,1,5,521,724,NoBug
daa89846a07faf0215b5d99ec4121ebd7395c41e,core/src/main/java/com/orientechnologies/common/directmemory/ODirectMemoryPointer.java,1,0,1,16,19,40,NoBug
daa89846a07faf0215b5d99ec4121ebd7395c41e,core/src/test/java/com/orientechnologies/common/serialization/types/FloatSerializerTest.java,1,0,1,5,37,66,NoBug
daa89846a07faf0215b5d99ec4121ebd7395c41e,tests/src/test/java/com/orientechnologies/orient/test/internal/StringSerializerSpeedTest.java,1,0,1,4,36,50,NoBug
daa89846a07faf0215b5d99ec4121ebd7395c41e,tests/src/test/java/com/orientechnologies/orient/test/database/auto/LiveQueryTest.java,4,0,1,3,74,114,Bag
daa89846a07faf0215b5d99ec4121ebd7395c41e,core/src/test/java/com/orientechnologies/common/serialization/types/IntegerSerializerTest.java,1,0,1,5,37,66,NoBug
daa89846a07faf0215b5d99ec4121ebd7395c41e,core/src/main/java/com/orientechnologies/orient/core/storage/cache/local/OWOWCache.java,214,0,1,50,1446,1892,Bag
daa89846a07faf0215b5d99ec4121ebd7395c41e,core/src/test/java/com/orientechnologies/common/serialization/types/BinarySerializerTest.java,1,0,1,5,40,71,NoBug
daa89846a07faf0215b5d99ec4121ebd7395c41e,core/src/test/java/com/orientechnologies/orient/core/index/sbtreebonsai/local/OSBTreeBonsaiLeafBucketTest.java,31,0,1,7,242,327,NoBug
daa89846a07faf0215b5d99ec4121ebd7395c41e,core/src/test/java/com/orientechnologies/common/serialization/types/CharSerializerTest.java,1,0,1,5,38,68,NoBug
daa89846a07faf0215b5d99ec4121ebd7395c41e,core/src/test/java/com/orientechnologies/common/serialization/types/DecimalSerializerTest.java,1,0,1,5,39,68,NoBug
daa89846a07faf0215b5d99ec4121ebd7395c41e,core/src/test/java/com/orientechnologies/orient/core/index/sbtree/local/SBTreeLeafBucketTest.java,31,0,1,7,245,330,NoBug
daa89846a07faf0215b5d99ec4121ebd7395c41e,core/src/test/java/com/orientechnologies/orient/core/index/sbtree/local/SBTreeValuePageTest.java,1,0,1,2,54,78,NoBug
daa89846a07faf0215b5d99ec4121ebd7395c41e,server/src/main/java/com/orientechnologies/orient/server/network/protocol/binary/ONetworkProtocolBinary.java,332,0,0,8,1917,2486,Bag
daa89846a07faf0215b5d99ec4121ebd7395c41e,core/src/main/java/com/orientechnologies/common/directmemory/OUntrackedDirectMemoryPointer.java,26,0,1,18,156,242,NoBug
daa89846a07faf0215b5d99ec4121ebd7395c41e,core/src/main/java/com/orientechnologies/common/directmemory/OTrackedDirectMemoryPointer.java,27,0,1,18,171,229,NoBug
daa89846a07faf0215b5d99ec4121ebd7395c41e,core/src/test/java/com/orientechnologies/orient/core/index/OCompositeKeyTest.java,1,0,0,20,193,259,NoBug
daa89846a07faf0215b5d99ec4121ebd7395c41e,core/src/test/java/com/orientechnologies/orient/core/index/sbtreebonsai/local/OSBTreeBonsaiNonLeafBucketTest.java,20,0,1,3,141,192,NoBug
daa89846a07faf0215b5d99ec4121ebd7395c41e,core/src/test/java/com/orientechnologies/common/serialization/types/ShortSerializerTest.java,1,0,1,5,37,66,NoBug
daa89846a07faf0215b5d99ec4121ebd7395c41e,core/src/test/java/com/orientechnologies/common/serialization/types/LongSerializerTest.java,1,0,1,5,37,67,NoBug
daa89846a07faf0215b5d99ec4121ebd7395c41e,core/src/test/java/com/orientechnologies/common/serialization/types/DateSerializerTest.java,1,0,1,5,57,87,NoBug
daa89846a07faf0215b5d99ec4121ebd7395c41e,core/src/test/java/com/orientechnologies/orient/core/index/sbtree/local/SBTreeNonLeafBucketTest.java,20,0,1,3,143,194,NoBug
daa89846a07faf0215b5d99ec4121ebd7395c41e,core/src/main/java/com/orientechnologies/common/directmemory/ODirectMemoryPointerFactory.java,17,0,1,14,129,163,NoBug
daa89846a07faf0215b5d99ec4121ebd7395c41e,core/src/main/java/com/orientechnologies/orient/core/storage/impl/local/paginated/wal/OWALChangesTree.java,138,0,0,23,587,796,NoBug
daa89846a07faf0215b5d99ec4121ebd7395c41e,core/src/test/java/com/orientechnologies/orient/core/storage/impl/local/paginated/wal/WALChangesTreeTest.java,10,0,0,13,205,289,NoBug
daa89846a07faf0215b5d99ec4121ebd7395c41e,core/src/main/java/com/orientechnologies/orient/core/storage/impl/local/paginated/wal/ODiskWriteAheadLog.java,161,0,1,31,1065,1371,NoBug
daa89846a07faf0215b5d99ec4121ebd7395c41e,core/src/main/java/com/orientechnologies/orient/core/storage/impl/memory/ODirectMemoryOnlyDiskCache.java,24,0,1,53,474,619,NoBug
daa89846a07faf0215b5d99ec4121ebd7395c41e,core/src/test/java/com/orientechnologies/common/serialization/types/BooleanSerializerTest.java,1,0,1,5,49,79,NoBug
daa89846a07faf0215b5d99ec4121ebd7395c41e,core/src/test/java/com/orientechnologies/orient/core/index/hashindex/local/cache/LRUListTest.java,30,0,1,15,293,406,NoBug
daa89846a07faf0215b5d99ec4121ebd7395c41e,core/src/test/java/com/orientechnologies/common/serialization/types/ByteSerializerTest.java,1,0,1,5,37,67,NoBug
daa89846a07faf0215b5d99ec4121ebd7395c41e,core/src/main/java/com/orientechnologies/orient/core/storage/impl/local/paginated/OLocalPaginatedStorage.java,44,0,1,10,360,463,NoBug
daa89846a07faf0215b5d99ec4121ebd7395c41e,core/src/test/java/com/orientechnologies/orient/core/storage/impl/local/paginated/ClusterPageTest.java,27,0,1,19,867,1144,NoBug
daa89846a07faf0215b5d99ec4121ebd7395c41e,core/src/test/java/com/orientechnologies/common/serialization/types/StringSerializerTest.java,2,0,1,5,46,76,NoBug
daa89846a07faf0215b5d99ec4121ebd7395c41e,core/src/main/java/com/orientechnologies/orient/core/config/OGlobalConfiguration.java,40,0,3,14,600,910,Bag
daa89846a07faf0215b5d99ec4121ebd7395c41e,core/src/test/java/com/orientechnologies/common/serialization/types/DoubleSerializerTest.java,1,0,1,5,37,67,NoBug
daa89846a07faf0215b5d99ec4121ebd7395c41e,core/src/test/java/com/orientechnologies/common/serialization/types/DateTimeSerializerTest.java,1,0,1,5,38,69,NoBug
daa89846a07faf0215b5d99ec4121ebd7395c41e,core/src/test/java/com/orientechnologies/orient/core/index/sbtree/local/ONullBucketTest.java,1,0,1,4,60,91,NoBug
daa89846a07faf0215b5d99ec4121ebd7395c41e,core/src/main/java/com/orientechnologies/common/directmemory/ODirectMemoryMXBean.java,1,0,1,4,7,16,NoBug
daa89846a07faf0215b5d99ec4121ebd7395c41e,core/src/main/java/com/orientechnologies/orient/core/storage/cache/OCachePointer.java,23,0,1,26,191,276,NoBug
db4419422b763a4cb8fd7b439e3aee089c2ed806,core/src/main/java/com/orientechnologies/orient/core/storage/impl/local/OAbstractPaginatedStorage.java,471,0,3,99,3301,4267,Bag
db4419422b763a4cb8fd7b439e3aee089c2ed806,core/src/test/java/com/orientechnologies/orient/core/db/document/ODatabaseDocumentPoolOpenCloseTest.java,1,0,0,3,37,48,NoBug
db4419422b763a4cb8fd7b439e3aee089c2ed806,tests/src/test/java/com/orientechnologies/orient/test/database/auto/ObjectTreeTest.java,23,0,1,56,1010,1216,Bag
dbec85be43113b76ed1f3840b995a4d14e838337,core/src/main/java/com/orientechnologies/common/console/OConsoleApplication.java,134,0,0,12,549,726,Bag
dc025634bd8133bb14ce499efe6078c88ed5ad7c,core/src/main/java/com/orientechnologies/orient/core/index/OIndexMultiValues.java,55,0,1,14,392,502,NoBug
dc025634bd8133bb14ce499efe6078c88ed5ad7c,core/src/main/java/com/orientechnologies/orient/core/exception/OInvalidIndexEngineIdException.java,1,0,1,1,6,28,NoBug
dc025634bd8133bb14ce499efe6078c88ed5ad7c,core/src/main/java/com/orientechnologies/orient/core/index/OIndexNotUnique.java,3,0,1,3,28,59,NoBug
dc025634bd8133bb14ce499efe6078c88ed5ad7c,core/src/main/java/com/orientechnologies/orient/core/index/OIndexDictionary.java,5,0,2,4,54,96,NoBug
dc025634bd8133bb14ce499efe6078c88ed5ad7c,core/src/main/java/com/orientechnologies/orient/core/index/OIndexOneValue.java,37,0,1,14,259,320,NoBug
dc025634bd8133bb14ce499efe6078c88ed5ad7c,core/src/main/java/com/orientechnologies/orient/core/index/OIndexFullText.java,41,0,3,6,275,386,NoBug
dc025634bd8133bb14ce499efe6078c88ed5ad7c,lucene/src/main/java/com/orientechnologies/lucene/index/OLuceneIndexNotUnique.java,42,0,0,19,323,432,NoBug
dc025634bd8133bb14ce499efe6078c88ed5ad7c,core/src/main/java/com/orientechnologies/orient/core/index/OIndexUnique.java,13,0,1,4,77,116,NoBug
dc025634bd8133bb14ce499efe6078c88ed5ad7c,core/src/main/java/com/orientechnologies/orient/core/sharding/auto/OAutoShardingClusterSelectionStrategy.java,6,0,1,3,48,82,NoBug
dc025634bd8133bb14ce499efe6078c88ed5ad7c,lucene/src/main/java/com/orientechnologies/lucene/index/OLuceneFullTextIndex.java,9,0,0,6,52,86,NoBug
dc025634bd8133bb14ce499efe6078c88ed5ad7c,core/src/main/java/com/orientechnologies/orient/core/exception/OIndexIsRebuildingException.java,1,0,1,2,9,34,NoBug
dc025634bd8133bb14ce499efe6078c88ed5ad7c,core/src/main/java/com/orientechnologies/orient/core/index/OIndexAbstract.java,121,0,6,51,900,1166,NoBug
dc025634bd8133bb14ce499efe6078c88ed5ad7c,core/src/main/java/com/orientechnologies/orient/core/storage/impl/local/OAbstractPaginatedStorage.java,487,0,8,101,3191,4267,Bag
dc98f1d563ba88ca4a326d1fed2c83202427b54e,core/src/main/java/com/orientechnologies/orient/core/sql/OCommandExecutorSQLDropSequence.java,2,0,1,4,40,57,NoBug
dc98f1d563ba88ca4a326d1fed2c83202427b54e,core/src/main/java/com/orientechnologies/orient/core/sql/parser/OrientSql.java,11370,0,11,170,24430,25884,NoBug
dc98f1d563ba88ca4a326d1fed2c83202427b54e,core/src/main/java/com/orientechnologies/orient/core/sql/parser/OrientSqlTreeConstants.java,1,0,0,1,346,352,NoBug
dca6885c95f754e9a03f1366b7f1ed83a9d92ed4,core/src/main/java/com/orientechnologies/common/parser/OBaseParser.java,108,0,9,4,348,637,Bag
dca6885c95f754e9a03f1366b7f1ed83a9d92ed4,tests/src/test/java/com/orientechnologies/orient/test/database/auto/SQLUpdateTest.java,14,0,1,21,383,548,Bag
dca6885c95f754e9a03f1366b7f1ed83a9d92ed4,core/src/main/java/com/orientechnologies/orient/core/sql/OCommandExecutorSQLInsert.java,65,0,2,7,309,426,Bag
dca6885c95f754e9a03f1366b7f1ed83a9d92ed4,core/src/main/java/com/orientechnologies/common/util/OPair.java,10,0,1,11,69,115,Bag
dca6885c95f754e9a03f1366b7f1ed83a9d92ed4,graphdb/src/main/java/com/tinkerpop/blueprints/impls/orient/OrientElement.java,83,0,26,10,396,730,Bag
dca6885c95f754e9a03f1366b7f1ed83a9d92ed4,core/src/main/java/com/orientechnologies/orient/core/sql/OSQLHelper.java,84,0,2,9,250,365,Bag
dca6885c95f754e9a03f1366b7f1ed83a9d92ed4,graphdb/src/main/java/com/orientechnologies/orient/graph/sql/OCommandExecutorSQLMoveVertex.java,25,0,2,3,124,194,Bag
dca6885c95f754e9a03f1366b7f1ed83a9d92ed4,core/src/main/java/com/orientechnologies/common/util/OTriple.java,8,0,1,12,65,111,Bag
dca6885c95f754e9a03f1366b7f1ed83a9d92ed4,graphdb/src/main/java/com/orientechnologies/orient/graph/sql/OCommandExecutorSQLCreateVertex.java,18,0,2,5,108,170,Bag
dca6885c95f754e9a03f1366b7f1ed83a9d92ed4,core/src/main/java/com/orientechnologies/orient/core/sql/OCommandExecutorSQLUpdate.java,174,0,2,8,595,768,Bag
dca6885c95f754e9a03f1366b7f1ed83a9d92ed4,core/src/main/java/com/orientechnologies/orient/core/sql/OCommandExecutorSQLSetAware.java,39,0,1,1,141,209,Bag
dca6885c95f754e9a03f1366b7f1ed83a9d92ed4,graphdb/src/main/java/com/orientechnologies/orient/graph/sql/OCommandExecutorSQLCreateEdge.java,36,0,2,5,170,254,Bag
dd33c6015ec94d21420141b26e0ce349b102da13,core/src/main/java/com/orientechnologies/orient/core/serialization/serializer/record/string/ORecordSerializerStringAbstract.java,200,0,3,13,546,709,NoBug
dd5e1c10d2620d1c5de58d640ede6cbbf46652d9,client/src/main/java/com/orientechnologies/orient/client/binary/OAsynchChannelServiceThread.java,7,0,1,1,45,79,NoBug
dd5e1c10d2620d1c5de58d640ede6cbbf46652d9,client/src/main/java/com/orientechnologies/orient/client/remote/OStorageRemote.java,254,0,5,79,1942,2429,Bag
dd89fdec4037503f71a2d64a5ea6eaabcf4fafa5,graphdb/src/main/java/com/tinkerpop/blueprints/impls/orient/OrientBaseGraph.java,251,0,76,16,1328,2274,Bag
dd89fdec4037503f71a2d64a5ea6eaabcf4fafa5,graphdb/src/test/java/com/orientechnologies/orient/graph/blueprints/GraphTest.java,10,0,0,13,296,424,Bag
de15360449e0dbf8fde3fd967da72aea7ae2e158,tools/src/main/java/com/orientechnologies/orient/console/OConsoleDatabaseApp.java,267,0,12,100,1824,2312,Bag
de206edd54c5f37bb337d15fb51d78d47dd38b8c,core/src/main/java/com/orientechnologies/orient/core/record/impl/ODocumentHelper.java,390,0,4,18,1200,1506,Bag
de410aa8d3455b55f3c39e49780136c0b6c5e64b,core/src/test/java/com/orientechnologies/orient/core/index/hashindex/local/cache/WOWCacheTest.java,18,0,1,8,263,357,NoBug
de410aa8d3455b55f3c39e49780136c0b6c5e64b,graphdb/src/test/java/com/tinkerpop/blueprints/impls/orient/OrientGraphRemoteTest.java,16,0,1,9,157,223,NoBug
de410aa8d3455b55f3c39e49780136c0b6c5e64b,core/src/main/java/com/orientechnologies/orient/core/storage/OStorage.java,1,0,17,51,101,267,NoBug
de410aa8d3455b55f3c39e49780136c0b6c5e64b,core/src/main/java/com/orientechnologies/orient/core/storage/fs/OFileClassic.java,70,0,7,25,715,906,NoBug
de410aa8d3455b55f3c39e49780136c0b6c5e64b,tests/src/test/java/com/orientechnologies/orient/test/internal/io/OClassicFileTest.java,1,0,0,1,13,33,NoBug
de410aa8d3455b55f3c39e49780136c0b6c5e64b,core/src/main/java/com/orientechnologies/orient/core/storage/impl/local/paginated/OPaginatedCluster.java,156,0,3,46,1741,2138,NoBug
de410aa8d3455b55f3c39e49780136c0b6c5e64b,distributed/src/main/java/com/orientechnologies/orient/server/distributed/impl/ODistributedStorage.java,223,0,1,89,1379,1906,NoBug
de410aa8d3455b55f3c39e49780136c0b6c5e64b,graphdb/src/test/java/com/tinkerpop/blueprints/impls/orient/OrientGraphSpecificTestSuite.java,1,0,1,4,129,162,NoBug
de410aa8d3455b55f3c39e49780136c0b6c5e64b,core/src/main/java/com/orientechnologies/orient/core/storage/fs/OFile.java,1,0,6,25,36,121,NoBug
de410aa8d3455b55f3c39e49780136c0b6c5e64b,core/src/main/java/com/orientechnologies/orient/core/storage/cache/local/OWOWCache.java,252,0,5,44,1763,2603,NoBug
de410aa8d3455b55f3c39e49780136c0b6c5e64b,core/src/main/java/com/orientechnologies/orient/core/cache/OCommandCacheSoftRefs.java,48,0,1,23,332,436,NoBug
de410aa8d3455b55f3c39e49780136c0b6c5e64b,core/src/main/java/com/orientechnologies/common/collection/closabledictionary/OClosableEntry.java,8,0,1,9,132,202,NoBug
de410aa8d3455b55f3c39e49780136c0b6c5e64b,core/src/main/java/com/orientechnologies/orient/core/db/OrientDBEmbedded.java,34,0,1,25,289,371,NoBug
de410aa8d3455b55f3c39e49780136c0b6c5e64b,core/src/main/java/com/orientechnologies/common/collection/closabledictionary/OClosableLinkedContainer.java,60,0,9,0,466,879,NoBug
de410aa8d3455b55f3c39e49780136c0b6c5e64b,core/src/main/java/com/orientechnologies/orient/core/storage/impl/local/OStorageVariableParser.java,3,0,0,4,26,56,NoBug
de410aa8d3455b55f3c39e49780136c0b6c5e64b,core/src/main/java/com/orientechnologies/orient/core/storage/impl/local/paginated/wal/OSegmentFile.java,40,0,0,10,261,363,NoBug
de410aa8d3455b55f3c39e49780136c0b6c5e64b,core/src/main/java/com/orientechnologies/orient/core/storage/impl/local/OAbstractPaginatedStorage.java,489,0,8,101,3200,4276,NoBug
de410aa8d3455b55f3c39e49780136c0b6c5e64b,core/src/main/java/com/orientechnologies/orient/core/config/OGlobalConfiguration.java,33,0,3,14,663,1088,NoBug
de410aa8d3455b55f3c39e49780136c0b6c5e64b,core/src/test/java/com/orientechnologies/common/collection/closabledictionary/OClosableLinkedContainerTest.java,22,0,0,4,200,261,NoBug
de410aa8d3455b55f3c39e49780136c0b6c5e64b,core/src/main/java/com/orientechnologies/orient/core/compression/impl/OZIPCompressionUtil.java,19,0,2,3,154,215,NoBug
de410aa8d3455b55f3c39e49780136c0b6c5e64b,core/src/main/java/com/orientechnologies/orient/core/storage/impl/local/paginated/OLocalPaginatedStorage.java,42,0,1,11,365,469,NoBug
de410aa8d3455b55f3c39e49780136c0b6c5e64b,core/src/main/java/com/orientechnologies/orient/core/storage/OStorageAbstract.java,12,0,1,23,153,222,NoBug
de410aa8d3455b55f3c39e49780136c0b6c5e64b,core/src/test/java/com/orientechnologies/orient/core/index/hashindex/local/arc/ReadWriteCacheConcurrentTest.java,32,0,1,4,239,303,NoBug
de410aa8d3455b55f3c39e49780136c0b6c5e64b,server/src/main/java/com/orientechnologies/orient/server/network/protocol/http/command/post/OServerCommandPostInstallDatabase.java,7,0,0,4,67,95,NoBug
de410aa8d3455b55f3c39e49780136c0b6c5e64b,core/src/test/java/com/orientechnologies/orient/core/storage/cache/local/twoq/ReadWriteDiskCacheTest.java,86,0,0,20,790,1059,NoBug
de410aa8d3455b55f3c39e49780136c0b6c5e64b,core/src/main/java/com/orientechnologies/orient/core/storage/impl/local/OSingleFileSegment.java,3,0,0,14,57,94,NoBug
deb33febd5c1e0b590bcbfaaf4de44cc86b278f8,core/src/main/java/com/orientechnologies/common/concur/lock/OLockManager.java,39,0,1,15,190,256,Bag
deb33febd5c1e0b590bcbfaaf4de44cc86b278f8,core/src/main/java/com/orientechnologies/common/concur/lock/OComparableLockManager.java,31,0,1,15,163,226,Bag
deb33febd5c1e0b590bcbfaaf4de44cc86b278f8,server/src/test/java/com/orientechnologies/orient/core/storage/impl/local/paginated/LocalPaginatedStorageMixCrashRestoreIT.java,42,0,1,9,359,475,Bag
deb33febd5c1e0b590bcbfaaf4de44cc86b278f8,server/src/test/java/com/orientechnologies/orient/core/storage/impl/local/paginated/LocalPaginatedStorageUpdateCrashRestoreIT.java,18,0,1,9,235,314,Bag
deb33febd5c1e0b590bcbfaaf4de44cc86b278f8,server/src/test/java/com/orientechnologies/orient/core/storage/impl/local/paginated/LocalPaginatedStorageLinkBagCrashRestoreIT.java,34,0,0,12,313,405,Bag
deb33febd5c1e0b590bcbfaaf4de44cc86b278f8,core/src/main/java/com/orientechnologies/orient/core/index/sbtreebonsai/local/OSBTreeBonsaiLocal.java,131,0,4,25,1312,1598,Bag
deb33febd5c1e0b590bcbfaaf4de44cc86b278f8,distributed/src/test/java/com/orientechnologies/orient/server/distributed/TestShardingDocsAndEdges.java,6,0,0,2,117,159,Bag
deb33febd5c1e0b590bcbfaaf4de44cc86b278f8,tests/src/test/java/com/orientechnologies/orient/test/database/auto/ComparableLockManagerTest.java,25,0,1,11,220,310,Bag
deb33febd5c1e0b590bcbfaaf4de44cc86b278f8,distributed/src/test/java/com/orientechnologies/orient/server/distributed/scenariotest/AbstractScenarioTest.java,64,0,1,1,463,635,Bag
deb33febd5c1e0b590bcbfaaf4de44cc86b278f8,core/src/main/java/com/orientechnologies/orient/core/index/OIndexAbstract.java,108,0,6,50,870,1129,Bag
deb33febd5c1e0b590bcbfaaf4de44cc86b278f8,distributed/src/main/java/com/orientechnologies/orient/server/hazelcast/OHazelcastPlugin.java,286,0,7,61,1584,2238,Bag
deb33febd5c1e0b590bcbfaaf4de44cc86b278f8,core/src/main/java/com/orientechnologies/orient/core/storage/cache/local/twoq/O2QCache.java,156,0,6,15,1149,1659,Bag
deb33febd5c1e0b590bcbfaaf4de44cc86b278f8,tests/src/test/java/com/orientechnologies/orient/test/database/auto/LockManagerTest.java,25,0,1,11,212,301,Bag
deb33febd5c1e0b590bcbfaaf4de44cc86b278f8,core/src/main/java/com/orientechnologies/orient/core/storage/impl/local/paginated/atomicoperations/OAtomicOperationsManager.java,75,0,5,13,457,657,Bag
deb33febd5c1e0b590bcbfaaf4de44cc86b278f8,core/src/main/java/com/orientechnologies/orient/core/Orient.java,92,0,8,52,732,991,Bag
deb33febd5c1e0b590bcbfaaf4de44cc86b278f8,core/src/main/java/com/orientechnologies/orient/core/storage/impl/local/OAbstractPaginatedStorage.java,465,0,7,102,3088,4093,Bag
deb33febd5c1e0b590bcbfaaf4de44cc86b278f8,core/src/main/java/com/orientechnologies/orient/core/storage/cache/local/OWOWCache.java,212,0,2,44,1388,1812,Bag
deb33febd5c1e0b590bcbfaaf4de44cc86b278f8,core/src/main/java/com/orientechnologies/orient/core/db/document/ODatabaseDocumentTx.java,396,0,83,87,2192,3224,Bag
dee0bf0fbdf33e3828993c7675a704c17c1387bc,core/src/test/java/com/orientechnologies/orient/core/sql/parser/ODeleteStatementTest.java,5,0,0,2,82,106,Bag
dee0bf0fbdf33e3828993c7675a704c17c1387bc,core/src/main/java/com/orientechnologies/orient/core/sql/OCommandExecutorSQLDelete.java,55,0,2,11,272,387,Bag
dee99a547331cac55a5dd4e06999bb334a4a94e7,core/src/main/java/com/orientechnologies/orient/core/db/OrientDBEmbedded.java,37,0,1,27,324,411,Bag
dee99a547331cac55a5dd4e06999bb334a4a94e7,tests/src/test/java/com/orientechnologies/orient/test/database/auto/DbCreationTest.java,20,0,0,21,224,296,Bag
df627b33960e37bfbf837d438d32748f0110c0f7,core/src/main/java/com/orientechnologies/orient/core/sql/parser/OrientSql.java,3924,0,12,114,11715,12594,Bag
df627b33960e37bfbf837d438d32748f0110c0f7,core/src/main/java/com/orientechnologies/orient/core/sql/parser/OrientSqlTreeConstants.java,1,0,0,1,234,240,NoBug
df627b33960e37bfbf837d438d32748f0110c0f7,core/src/main/java/com/orientechnologies/orient/core/sql/parser/OUpdateStatement.java,21,0,0,5,95,119,NoBug
df627b33960e37bfbf837d438d32748f0110c0f7,core/src/test/java/com/orientechnologies/orient/core/sql/parser/OUpdateStatementTest.java,5,0,0,6,69,94,NoBug
df627b33960e37bfbf837d438d32748f0110c0f7,core/src/main/java/com/orientechnologies/orient/core/sql/parser/OQueryStatement.java,1,0,1,3,13,22,NoBug
dfdd3bcfdf1fe9a6802f3ac01e68547c95dcc3f3,core/src/main/java/com/orientechnologies/orient/core/sql/OCommandExecutorSQLSelect.java,642,0,4,19,2252,2918,Bag
e015a536ea77da4b925b250566f54a7e8420ea2f,core/src/main/java/com/orientechnologies/orient/core/sql/parser/OrientSql.java,4796,0,11,130,14138,15209,NoBug
e015a536ea77da4b925b250566f54a7e8420ea2f,core/src/test/java/com/orientechnologies/orient/core/sql/parser/OUpdateStatementTest.java,5,0,0,11,92,123,NoBug
e015a536ea77da4b925b250566f54a7e8420ea2f,core/src/test/java/com/orientechnologies/orient/core/sql/OCommandExecutorSQLUpdateTest.java,1,0,1,13,286,392,NoBug
e015a536ea77da4b925b250566f54a7e8420ea2f,core/src/main/java/com/orientechnologies/orient/core/sql/parser/OUpdateStatement.java,12,0,0,4,63,84,NoBug
e0d9bd741a104fb367c673f4d1acccb7dc9dc896,core/src/main/java/com/orientechnologies/orient/core/sql/OFindReferenceHelper.java,25,0,1,1,122,166,Bag
e126ff8107f4c1f2a0bdaa2fe8eaa2ed4026b7ff,distributed/src/test/java/com/orientechnologies/orient/server/distributed/asynch/BareBonesServer.java,7,0,0,5,57,68,NoBug
e126ff8107f4c1f2a0bdaa2fe8eaa2ed4026b7ff,core/src/main/java/com/orientechnologies/orient/core/db/document/ODatabaseDocumentTx.java,402,0,75,87,2034,3001,Bag
e126ff8107f4c1f2a0bdaa2fe8eaa2ed4026b7ff,distributed/src/test/java/com/orientechnologies/orient/server/distributed/asynch/TestReplication.java,9,0,0,2,140,174,NoBug
e170ecb4ec65e48f7027f9cfe817b38891918875,graphdb/src/main/java/com/tinkerpop/blueprints/impls/orient/OrientTransactionalGraph.java,26,0,4,4,145,237,Bag
e181c55819d7edbf42135dfa199c0122729b4ccf,distributed/src/main/java/com/orientechnologies/orient/server/hazelcast/OHazelcastDistributedDatabase.java,72,0,1,10,407,569,Bag
e181c55819d7edbf42135dfa199c0122729b4ccf,distributed/src/main/java/com/orientechnologies/orient/server/hazelcast/ODistributedWorker.java,54,0,1,5,302,446,NoBug
e1a26bce426cc521e34d18e8994ec87673af8a38,core/src/main/java/com/orientechnologies/orient/core/serialization/serializer/record/binary/ODocumentSerializer.java,1,0,1,8,14,48,Bag
e1a26bce426cc521e34d18e8994ec87673af8a38,core/src/main/java/com/orientechnologies/orient/core/serialization/serializer/record/ORecordSerializerRaw.java,2,0,0,10,51,83,Bag
e1a26bce426cc521e34d18e8994ec87673af8a38,core/src/main/java/com/orientechnologies/orient/core/serialization/serializer/record/binary/ORecordSerializerBinary.java,14,0,0,12,101,150,Bag
e1a26bce426cc521e34d18e8994ec87673af8a38,core/src/main/java/com/orientechnologies/orient/core/record/impl/ODocument.java,652,0,55,36,2248,3078,Bag
e1a26bce426cc521e34d18e8994ec87673af8a38,core/src/main/java/com/orientechnologies/orient/core/serialization/serializer/record/binary/ORecordSerializerNetworkV0.java,139,0,0,10,717,846,Bag
e1a26bce426cc521e34d18e8994ec87673af8a38,core/src/main/java/com/orientechnologies/orient/core/serialization/serializer/record/binary/ORecordSerializerBinaryV0.java,173,0,0,10,835,1009,Bag
e1a26bce426cc521e34d18e8994ec87673af8a38,core/src/main/java/com/orientechnologies/orient/core/serialization/serializer/record/string/ORecordSerializerStringAbstract.java,201,0,3,13,547,710,Bag
e1a26bce426cc521e34d18e8994ec87673af8a38,core/src/main/java/com/orientechnologies/orient/core/serialization/serializer/record/binary/ORecordSerializerNetwork.java,15,0,0,10,100,149,Bag
e1a26bce426cc521e34d18e8994ec87673af8a38,core/src/main/java/com/orientechnologies/orient/core/serialization/serializer/record/ORecordSerializer.java,1,0,0,8,11,40,Bag
e1c09e042b6fcd638a383385b5d44abd63675ea7,core/src/test/java/com/orientechnologies/orient/core/storage/impl/local/paginated/LocalPaginatedClusterTest.java,82,0,1,30,911,1253,Bag
e1c09e042b6fcd638a383385b5d44abd63675ea7,core/src/main/java/com/orientechnologies/orient/core/storage/impl/local/paginated/OPaginatedCluster.java,156,0,3,46,1741,2138,Bag
e26ad695c9d8163f06765ee242fedfc5bf039f90,core/src/main/java/com/orientechnologies/orient/core/record/impl/ODocument.java,639,0,55,36,2187,3012,Bag
e26ad695c9d8163f06765ee242fedfc5bf039f90,core/src/test/java/com/orientechnologies/orient/core/record/impl/ODocumentValidationTest.java,13,0,0,13,652,762,NoBug
e2afc3dac038c69beb86949f42d0c49156980693,core/src/main/java/com/orientechnologies/orient/core/sql/parser/OInputParameter.java,11,0,1,4,85,104,Bag
e2afc3dac038c69beb86949f42d0c49156980693,core/src/test/java/com/orientechnologies/orient/core/sql/OCommandExecutorSQLUpdateTest.java,1,0,0,6,125,176,Bag
e2d06f648eff48b9fccb75a4fb62614653a4f0dc,core/src/main/java/com/orientechnologies/orient/core/index/OIndexAbstract.java,99,0,6,49,826,1086,Bag
e3100a26c9fbf598b9adf8fe0997b516ddfa848a,graphdb/src/test/java/com/orientechnologies/orient/graph/sql/SQLUpdateEdgeTest.java,2,0,0,5,79,127,NoBug
e3100a26c9fbf598b9adf8fe0997b516ddfa848a,core/src/main/java/com/orientechnologies/orient/core/sql/OCommandExecutorSQLUpdate.java,204,0,2,9,713,917,Bag
e3195a5295c92c18ba56cc54a052a11e8300e511,server/src/main/java/com/orientechnologies/orient/server/handler/OConfigurableHooksManager.java,8,0,1,10,73,119,Bag
e34938071e751f2683e3527961942fde97aa8bbf,core/src/main/java/com/orientechnologies/orient/core/Orient.java,76,0,5,45,585,784,NoBug
e3722c93acb0043484134008246d39da32bd92a0,core/src/main/java/com/orientechnologies/orient/core/storage/impl/local/paginated/OPaginatedCluster.java,122,0,2,44,1456,1782,NoBug
e375ae2a684c6635537682f4e8acc1c2231ae28c,core/src/main/java/com/orientechnologies/orient/core/sql/OCommandExecutorSQLSelect.java,642,0,4,19,2248,2914,Bag
e393a29bdd6a0dda409dcbfa2ec17c0ba40ed008,core/src/main/java/com/orientechnologies/orient/core/fetch/OFetchPlan.java,58,0,0,4,151,225,NoBug
e393a29bdd6a0dda409dcbfa2ec17c0ba40ed008,core/src/test/java/com/orientechnologies/orient/core/sql/fetch/DepthFetchPlanTest.java,1,0,0,3,74,87,NoBug
e43642ac7d51dbda02d91a16b7024d9f80c6d272,client/src/main/java/com/orientechnologies/orient/client/remote/OStorageRemote.java,277,0,6,74,1914,2460,Bag
e43642ac7d51dbda02d91a16b7024d9f80c6d272,server/src/test/java/com/orientechnologies/orient/server/network/BinaryProtocolAnyResultTest.java,1,0,1,3,44,61,NoBug
e43642ac7d51dbda02d91a16b7024d9f80c6d272,core/src/main/java/com/orientechnologies/orient/core/command/OCommandRequestInternal.java,1,0,2,9,16,61,NoBug
e43642ac7d51dbda02d91a16b7024d9f80c6d272,core/src/main/java/com/orientechnologies/orient/enterprise/channel/binary/OChannelBinaryProtocol.java,3,0,1,1,102,168,NoBug
e43642ac7d51dbda02d91a16b7024d9f80c6d272,server/src/main/java/com/orientechnologies/orient/server/network/protocol/binary/OAbstractCommandResultListener.java,6,0,1,4,37,73,NoBug
e43642ac7d51dbda02d91a16b7024d9f80c6d272,core/src/main/java/com/orientechnologies/orient/core/command/script/OCommandExecutorScript.java,115,0,1,7,489,638,Bag
e43642ac7d51dbda02d91a16b7024d9f80c6d272,server/src/main/java/com/orientechnologies/orient/server/network/protocol/binary/ONetworkProtocolBinary.java,363,0,2,14,2123,2761,NoBug
e43642ac7d51dbda02d91a16b7024d9f80c6d272,core/src/main/java/com/orientechnologies/orient/core/command/OCommandRequestAbstract.java,16,0,3,26,168,247,NoBug
e4742c7a063bb8324093282680cbb913151e1245,core/src/main/java/com/orientechnologies/orient/core/sql/functions/coll/OSQLFunctionDifference.java,6,0,1,3,40,79,NoBug
e4742c7a063bb8324093282680cbb913151e1245,core/src/main/java/com/orientechnologies/orient/core/sql/functions/coll/OSQLFunctionMultiValueAbstract.java,1,0,1,4,20,53,NoBug
e4742c7a063bb8324093282680cbb913151e1245,core/src/main/java/com/orientechnologies/common/collection/OMultiCollectionIterator.java,49,0,1,18,207,277,NoBug
e4742c7a063bb8324093282680cbb913151e1245,core/src/main/java/com/orientechnologies/orient/core/sql/OCommandExecutorSQLSelect.java,565,0,4,19,2068,2697,NoBug
e4742c7a063bb8324093282680cbb913151e1245,core/src/main/java/com/orientechnologies/orient/core/sql/functions/coll/OSQLFunctionIntersect.java,24,0,1,5,100,149,NoBug
e4742c7a063bb8324093282680cbb913151e1245,graphdb/src/test/java/com/orientechnologies/orient/graph/sql/GraphIntersectLightweightEdges.java,5,0,0,3,62,114,NoBug
e475301f46763c35a0bf0ad38f728ada376ce5f2,src/test/java/com/orientechnologies/test/LuceneFacetTest.java,1,0,1,3,65,112,Bag
e475301f46763c35a0bf0ad38f728ada376ce5f2,src/main/java/com/orientechnologies/lucene/OLuceneIndexType.java,20,0,1,5,107,148,Bag
e4b9bb016b8b00e083c072b6512032f9be254f7d,core/src/main/java/com/orientechnologies/orient/core/metadata/sequence/OSequenceLibraryImpl.java,9,0,1,11,114,151,NoBug
e4b9bb016b8b00e083c072b6512032f9be254f7d,core/src/main/java/com/orientechnologies/orient/core/metadata/sequence/OSequenceCached.java,4,0,1,10,81,105,NoBug
e4ff1f3930bed78c4c4d9e5afc15e727b6046157,graphdb/src/main/java/com/orientechnologies/orient/server/network/protocol/http/OHttpGraphResponse.java,28,0,1,2,117,179,NoBug
e524fc0234f83776efd52c68dc390663e2a82146,client/src/main/java/com/orientechnologies/orient/client/remote/OStorageRemote.java,256,0,5,78,1920,2396,Bag
e524fc0234f83776efd52c68dc390663e2a82146,client/src/test/java/com/orientechnologies/orient/client/remote/OStorageRemoteAsyncOperationTest.java,6,0,1,4,116,138,Bag
e524fc0234f83776efd52c68dc390663e2a82146,server/src/main/java/com/orientechnologies/orient/server/network/protocol/binary/ONetworkProtocolBinary.java,382,0,2,16,2208,2847,Bag
e524fc0234f83776efd52c68dc390663e2a82146,client/src/main/java/com/orientechnologies/orient/client/binary/OChannelBinaryAsynchClient.java,73,0,2,13,346,471,Bag
e5553e3a3ab0829114fbeda57d98f530cdfd0e29,core/src/main/java/com/orientechnologies/orient/core/sql/method/misc/OSQLMethodFormat.java,13,0,1,2,60,93,NoBug
e58d0336adbde3fcc3f2e04efb13f437ccac040c,graphdb/src/main/java/com/orientechnologies/orient/graph/batch/OGraphBatchInsert.java,57,0,21,1,350,566,NoBug
e59621253ba0a7dd56137306db74a7a1ef5a2fd4,core/src/main/java/com/orientechnologies/orient/core/index/OClassIndexManager.java,104,0,1,18,464,608,Bag
e59621253ba0a7dd56137306db74a7a1ef5a2fd4,core/src/main/java/com/orientechnologies/orient/core/index/OCompositeIndexDefinition.java,57,0,14,12,388,576,Bag
e59621253ba0a7dd56137306db74a7a1ef5a2fd4,tests/src/test/java/com/orientechnologies/orient/test/database/auto/IndexTest.java,150,0,0,61,1419,1861,Bag
e59621253ba0a7dd56137306db74a7a1ef5a2fd4,core/src/test/java/com/orientechnologies/orient/core/index/OCompositeIndexDefinitionTest.java,9,0,0,41,618,862,Bag
e59621253ba0a7dd56137306db74a7a1ef5a2fd4,tests/src/test/java/com/orientechnologies/orient/test/database/auto/ClassIndexTest.java,14,0,0,79,1062,1320,Bag
e59621253ba0a7dd56137306db74a7a1ef5a2fd4,core/src/main/java/com/orientechnologies/orient/core/index/OIndexDefinitionFactory.java,33,0,3,0,135,217,Bag
e59621253ba0a7dd56137306db74a7a1ef5a2fd4,tests/src/test/java/com/orientechnologies/orient/test/database/auto/IndexManagerTest.java,8,0,0,48,473,652,Bag
e5e9f684cd8c3515095d3314188961a2821a1c12,core/src/main/java/com/orientechnologies/orient/enterprise/channel/binary/OChannelBinary.java,40,0,0,24,255,350,Bag
e65dab2640459a58f6a6a19a2a4704efd18a2ce9,core/src/main/java/com/orientechnologies/orient/core/db/tool/ODatabaseImport.java,233,0,1,17,1211,1584,Bag
e6897e844505bfdfff46cfc91d9e122002f3e6a5,core/src/test/java/com/orientechnologies/orient/core/serialization/serializer/binary/impl/ORecordSerializerBinaryDebugTest.java,1,0,0,5,132,164,NoBug
e6897e844505bfdfff46cfc91d9e122002f3e6a5,core/src/main/java/com/orientechnologies/orient/core/storage/impl/local/paginated/OClusterPageDebug.java,1,0,0,1,7,11,NoBug
e6897e844505bfdfff46cfc91d9e122002f3e6a5,core/src/main/java/com/orientechnologies/orient/core/serialization/serializer/record/binary/ORecordSerializationDebugProperty.java,1,0,0,1,11,16,NoBug
e6897e844505bfdfff46cfc91d9e122002f3e6a5,core/src/main/java/com/orientechnologies/orient/core/serialization/serializer/record/binary/ORecordSerializerBinaryV0.java,143,0,0,5,695,802,NoBug
e6897e844505bfdfff46cfc91d9e122002f3e6a5,core/src/main/java/com/orientechnologies/orient/core/storage/impl/local/paginated/OPaginatedCluster.java,122,0,1,43,1427,1736,NoBug
e6897e844505bfdfff46cfc91d9e122002f3e6a5,core/src/test/java/com/orientechnologies/orient/core/storage/impl/local/paginated/ClusterDebugInfoTest.java,1,0,0,4,103,124,NoBug
e6897e844505bfdfff46cfc91d9e122002f3e6a5,core/src/main/java/com/orientechnologies/orient/core/serialization/serializer/record/binary/ORecordSerializationDebug.java,1,0,0,1,9,14,NoBug
e6897e844505bfdfff46cfc91d9e122002f3e6a5,core/src/main/java/com/orientechnologies/orient/core/serialization/serializer/record/binary/ORecordSerializerBinaryDebug.java,12,0,0,2,83,94,NoBug
e6897e844505bfdfff46cfc91d9e122002f3e6a5,tools/src/main/java/com/orientechnologies/orient/console/OConsoleDatabaseApp.java,267,0,12,100,1823,2311,Bag
e6897e844505bfdfff46cfc91d9e122002f3e6a5,core/src/main/java/com/orientechnologies/orient/core/storage/impl/local/paginated/OPaginatedClusterDebug.java,1,0,0,1,9,14,NoBug
e7a5d84cd0f5b6027c6d5399116682f604324a9c,graphdb/src/main/java/com/orientechnologies/orient/graph/sql/OCommandExecutorSQLCreateVertex.java,20,0,2,5,112,177,NoBug
e7aa2e5209ae743fbc842b87084ed007782287fb,server/src/main/java/com/orientechnologies/orient/server/network/protocol/http/command/OServerCommandAuthenticatedDbAbstract.java,43,0,1,2,183,271,NoBug
e7acd768a0bf7e1493375b81bfc0cd5e0d3d5d77,graphdb/src/main/java/com/tinkerpop/blueprints/impls/orient/OrientGraphFactory.java,16,0,13,2,117,235,NoBug
e7acd768a0bf7e1493375b81bfc0cd5e0d3d5d77,graphdb/src/test/java/com/orientechnologies/orient/graph/blueprints/ConcurrentTxTest.java,10,0,0,7,149,188,NoBug
e7acd768a0bf7e1493375b81bfc0cd5e0d3d5d77,graphdb/src/test/java/com/tinkerpop/blueprints/impls/orient/OrientGraphFactoryTest.java,1,0,1,9,117,143,NoBug
e7de7f4d41e9ce1a35bf94e2e22d82b3750b6d5c,etl/src/main/java/com/orientechnologies/orient/etl/extractor/OCSVExtractor.java,45,0,1,7,250,310,Bag
e7de7f4d41e9ce1a35bf94e2e22d82b3750b6d5c,etl/src/test/java/com/orientechnologies/orient/etl/extractor/OCSVExtractorTest.java,4,0,1,35,365,436,Bag
e8a50f5feaa01b99a4fbf4f558dd0b6c8f16d3b6,tests/src/test/java/com/orientechnologies/orient/test/database/auto/SQLInsertTest.java,18,0,1,21,409,548,Bag
e8a50f5feaa01b99a4fbf4f558dd0b6c8f16d3b6,core/src/main/java/com/orientechnologies/orient/core/sql/parser/OrientSql.java,4230,0,11,122,12572,13513,Bag
e8a50f5feaa01b99a4fbf4f558dd0b6c8f16d3b6,core/src/test/java/com/orientechnologies/orient/core/sql/parser/OInsertStatementTest.java,5,0,0,4,62,82,Bag
e8c20f166ec181b0640203259532581e0c2d354c,core/src/main/java/com/orientechnologies/orient/core/sql/OCommandExecutorSQLSelect.java,510,0,4,18,1843,2395,Bag
e8c20f166ec181b0640203259532581e0c2d354c,core/src/test/java/com/orientechnologies/orient/core/sql/OCommandExecutorSQLSelectTest.java,13,0,0,26,348,441,Bag
e8fd09a84998fa1438ebbebacf1acae5512afa57,core/src/main/java/com/orientechnologies/orient/core/sql/OCommandExecutorSQLSelect.java,561,0,4,19,2056,2682,Bag
e9506470481ca6be46db5a1c37e2c7b02fc613d7,tests/src/test/java/com/orientechnologies/orient/test/database/auto/ConcurrentUpdatesTest.java,28,0,0,7,201,299,Bag
e9506470481ca6be46db5a1c37e2c7b02fc613d7,core/src/main/java/com/orientechnologies/orient/core/index/OIndexDictionary.java,3,0,2,4,47,90,Bag
e9506470481ca6be46db5a1c37e2c7b02fc613d7,core/src/main/java/com/orientechnologies/common/concur/lock/ONewLockManager.java,37,0,1,19,316,441,Bag
e9506470481ca6be46db5a1c37e2c7b02fc613d7,core/src/main/java/com/orientechnologies/orient/core/index/OIndexMultiValues.java,26,0,1,14,296,397,Bag
e9506470481ca6be46db5a1c37e2c7b02fc613d7,core/src/main/java/com/orientechnologies/orient/core/index/OIndexUnique.java,9,0,1,4,67,111,Bag
e9506470481ca6be46db5a1c37e2c7b02fc613d7,core/src/main/java/com/orientechnologies/orient/core/index/OIndexOneValue.java,13,0,1,13,195,264,Bag
e9506470481ca6be46db5a1c37e2c7b02fc613d7,core/src/main/java/com/orientechnologies/orient/core/index/OClassIndexManager.java,119,0,1,16,499,644,Bag
e9506470481ca6be46db5a1c37e2c7b02fc613d7,core/src/main/java/com/orientechnologies/orient/core/index/OIndexFullText.java,34,0,3,6,225,328,Bag
e9506470481ca6be46db5a1c37e2c7b02fc613d7,core/src/main/java/com/orientechnologies/orient/core/index/OIndexAbstract.java,92,0,3,51,834,1069,Bag
e9506470481ca6be46db5a1c37e2c7b02fc613d7,core/src/main/java/com/orientechnologies/orient/core/index/OIndexInternal.java,13,0,14,19,104,294,Bag
e9523413a4390a7485857467f3d5cd197290e5f3,core/src/test/java/com/orientechnologies/orient/core/sql/OChainIndexFetchTest.java,1,0,0,4,44,63,NoBug
e9523413a4390a7485857467f3d5cd197290e5f3,core/src/main/java/com/orientechnologies/orient/core/sql/OChainedIndexProxy.java,45,0,7,38,429,646,NoBug
e9bb639cfb3317abce6da256fab8ca8792c9347f,core/src/main/java/com/orientechnologies/orient/core/sql/OSQLEngine.java,69,0,8,17,370,498,Bag
e9e6148e7b6fe758168c042bbada8c352cb08759,core/src/main/java/com/orientechnologies/orient/core/sql/OCommandExecutorSQLDelete.java,53,0,2,11,262,375,Bag
e9e6148e7b6fe758168c042bbada8c352cb08759,core/src/main/java/com/orientechnologies/orient/core/sql/OCommandExecutorSQLUpdate.java,174,0,2,9,607,785,Bag
e9e6148e7b6fe758168c042bbada8c352cb08759,graphdb/src/main/java/com/orientechnologies/orient/graph/sql/OCommandExecutorSQLDeleteVertex.java,44,0,3,10,241,337,Bag
e9e6148e7b6fe758168c042bbada8c352cb08759,graphdb/src/main/java/com/orientechnologies/orient/graph/sql/OCommandExecutorSQLDeleteEdge.java,85,0,3,8,298,407,Bag
e9e6148e7b6fe758168c042bbada8c352cb08759,distributed/src/test/java/com/orientechnologies/orient/server/distributed/AbstractServerClusterTxTest.java,10,0,1,0,92,135,Bag
ea1339b2d74756f4efec13f3bb59c93a0a409b47,lucene/src/main/java/com/orientechnologies/lucene/operator/OLuceneTextOperator.java,18,0,0,10,158,209,Bag
ea1339b2d74756f4efec13f3bb59c93a0a409b47,core/src/main/java/com/orientechnologies/orient/core/sql/operator/OQueryOperator.java,11,0,5,10,126,246,Bag
ea1339b2d74756f4efec13f3bb59c93a0a409b47,core/src/main/java/com/orientechnologies/orient/core/sql/OIndexSearchResult.java,26,0,2,5,105,171,Bag
ea1339b2d74756f4efec13f3bb59c93a0a409b47,core/src/main/java/com/orientechnologies/orient/core/metadata/sequence/OSequenceCached.java,4,0,1,10,81,124,NoBug
ea1339b2d74756f4efec13f3bb59c93a0a409b47,core/src/main/java/com/orientechnologies/orient/core/metadata/sequence/OSequenceLibraryImpl.java,14,0,1,16,144,214,NoBug
ea1339b2d74756f4efec13f3bb59c93a0a409b47,distributed/src/main/java/com/orientechnologies/orient/server/distributed/impl/ODistributedStorage.java,213,0,1,91,1328,1841,Bag
ea1339b2d74756f4efec13f3bb59c93a0a409b47,core/src/main/java/com/orientechnologies/orient/core/metadata/sequence/OSequenceOrdered.java,1,0,1,7,46,85,NoBug
ea1339b2d74756f4efec13f3bb59c93a0a409b47,distributed/src/test/java/com/orientechnologies/orient/server/distributed/sequence/AbstractServerClusterSequenceTest.java,7,0,1,2,116,165,NoBug
ea1339b2d74756f4efec13f3bb59c93a0a409b47,core/src/main/java/com/orientechnologies/orient/core/metadata/sequence/OSequenceLibrary.java,1,0,1,12,22,60,NoBug
ea1339b2d74756f4efec13f3bb59c93a0a409b47,core/src/main/java/com/orientechnologies/orient/core/metadata/sequence/OSequenceTrigger.java,1,0,1,6,37,72,NoBug
ea1339b2d74756f4efec13f3bb59c93a0a409b47,core/src/test/java/com/orientechnologies/orient/core/sql/executor/OAlterSequenceStatementExecutionTest.java,1,0,1,3,37,49,NoBug
ea1339b2d74756f4efec13f3bb59c93a0a409b47,core/src/main/java/com/orientechnologies/orient/core/metadata/sequence/OSequence.java,22,0,5,18,209,301,NoBug
ea1339b2d74756f4efec13f3bb59c93a0a409b47,core/src/main/java/com/orientechnologies/orient/core/sql/parser/OAlterSequenceStatement.java,31,0,0,8,113,137,NoBug
ea1339b2d74756f4efec13f3bb59c93a0a409b47,core/src/main/java/com/orientechnologies/orient/core/metadata/sequence/OSequenceHelper.java,3,0,1,3,23,51,NoBug
ea1339b2d74756f4efec13f3bb59c93a0a409b47,core/src/test/java/com/orientechnologies/orient/core/metadata/sequence/OSequenceTest.java,11,0,1,10,194,244,NoBug
ea1339b2d74756f4efec13f3bb59c93a0a409b47,core/src/main/java/com/orientechnologies/orient/core/sql/OCommandExecutorSQLAlterSequence.java,7,0,1,4,69,90,NoBug
ea1339b2d74756f4efec13f3bb59c93a0a409b47,core/src/main/java/com/orientechnologies/orient/core/metadata/sequence/OSequenceLibraryProxy.java,1,0,1,14,63,104,NoBug
ea29dd420d87d2a78ca436639a9a191eb8ddc89f,core/src/main/java/com/orientechnologies/orient/core/sql/OCommandExecutorSQLAlterClass.java,39,0,2,5,139,201,NoBug
ea29dd420d87d2a78ca436639a9a191eb8ddc89f,core/src/test/java/com/orientechnologies/orient/core/sql/parser/OAlterClassStatementTest.java,1,0,0,2,55,84,NoBug
ea29dd420d87d2a78ca436639a9a191eb8ddc89f,core/src/main/java/com/orientechnologies/orient/core/sql/parser/OAlterClassStatement.java,26,0,0,4,100,121,NoBug
ea493380552ff96d3edc98e8e1158c0fb92824b9,tools/src/main/java/com/orientechnologies/orient/console/OConsoleDatabaseApp.java,320,0,11,113,2206,2779,Bag
ea493380552ff96d3edc98e8e1158c0fb92824b9,core/src/main/java/com/orientechnologies/common/console/OConsoleApplication.java,135,0,0,12,543,720,Bag
eb24b1870a6f02c32534d42cdfdd737929ac5b73,graphdb/src/main/java/com/orientechnologies/orient/graph/gremlin/OGremlinHelper.java,38,0,3,17,237,344,Bag
eb87fd13a08a35e51b139724421fa7adb04049f3,core/src/test/java/com/orientechnologies/orient/core/storage/impl/local/paginated/LocalPaginatedClusterWithWALTest.java,24,0,1,29,330,445,Bag
eb87fd13a08a35e51b139724421fa7adb04049f3,core/src/main/java/com/orientechnologies/orient/core/storage/impl/local/paginated/OLocalPaginatedStorage.java,46,0,1,12,371,477,Bag
eb87fd13a08a35e51b139724421fa7adb04049f3,core/src/main/java/com/orientechnologies/orient/core/engine/local/OEngineLocalPaginated.java,6,0,2,7,73,120,Bag
eb87fd13a08a35e51b139724421fa7adb04049f3,core/src/test/java/com/orientechnologies/orient/core/index/hashindex/local/arc/ReadWriteCacheConcurrentTest.java,32,0,1,4,238,302,Bag
eb87fd13a08a35e51b139724421fa7adb04049f3,core/src/main/java/com/orientechnologies/orient/core/storage/cache/local/OWOWCache.java,232,0,2,45,1465,1906,Bag
eb87fd13a08a35e51b139724421fa7adb04049f3,core/src/main/java/com/orientechnologies/orient/core/storage/impl/local/OAbstractPaginatedStorage.java,483,0,7,102,3178,4205,Bag
eb87fd13a08a35e51b139724421fa7adb04049f3,core/src/test/java/com/orientechnologies/orient/core/storage/cache/local/twoq/ReadWriteDiskCacheTest.java,92,0,0,23,923,1239,Bag
eb87fd13a08a35e51b139724421fa7adb04049f3,core/src/main/java/com/orientechnologies/orient/core/storage/impl/local/OSingleFileSegment.java,6,0,0,17,81,123,Bag
eb87fd13a08a35e51b139724421fa7adb04049f3,core/src/test/java/com/orientechnologies/orient/core/index/hashindex/local/cache/WOWCacheTest.java,18,0,1,6,226,306,Bag
eb87fd13a08a35e51b139724421fa7adb04049f3,core/src/main/java/com/orientechnologies/orient/core/storage/cache/OWriteCache.java,1,0,6,33,50,169,Bag
eb87fd13a08a35e51b139724421fa7adb04049f3,core/src/main/java/com/orientechnologies/orient/core/storage/fs/OFileClassic.java,82,0,11,26,793,1002,Bag
eb87fd13a08a35e51b139724421fa7adb04049f3,core/src/main/java/com/orientechnologies/orient/core/index/engine/OHashTableIndexEngine.java,27,0,1,25,313,419,Bag
eb87fd13a08a35e51b139724421fa7adb04049f3,core/src/main/java/com/orientechnologies/orient/core/storage/impl/memory/ODirectMemoryOnlyDiskCache.java,30,0,5,53,516,683,Bag
eb87fd13a08a35e51b139724421fa7adb04049f3,core/src/main/java/com/orientechnologies/orient/core/storage/fs/OFile.java,1,0,6,29,41,128,Bag
eb87fd13a08a35e51b139724421fa7adb04049f3,core/src/main/java/com/orientechnologies/orient/core/config/OGlobalConfiguration.java,33,0,3,14,609,986,Bag
eb87fd13a08a35e51b139724421fa7adb04049f3,core/src/main/java/com/orientechnologies/orient/core/index/engine/OSBTreeIndexEngine.java,12,0,1,25,209,287,Bag
eb87fd13a08a35e51b139724421fa7adb04049f3,core/src/test/java/com/orientechnologies/orient/core/index/sbtree/local/SBTreeWALTest.java,26,0,1,16,266,351,Bag
eb87fd13a08a35e51b139724421fa7adb04049f3,core/src/test/java/com/orientechnologies/orient/core/index/hashindex/local/OLocalHashTableWALTest.java,30,0,1,10,264,356,Bag
eb87fd13a08a35e51b139724421fa7adb04049f3,core/src/test/java/com/orientechnologies/orient/core/index/sbtreebonsai/local/OSBTreeBonsaiWALTest.java,27,0,1,18,273,364,Bag
ebb1d0eda83898723133f17e7f5f33b5054dc847,core/src/main/java/com/orientechnologies/orient/core/metadata/schema/OClassImpl.java,275,0,6,103,1975,2518,Bag
ebb1d0eda83898723133f17e7f5f33b5054dc847,core/src/test/java/com/orientechnologies/orient/core/metadata/schema/OClassImplTest.java,5,0,2,23,392,479,Bag
ebd292bbe0bb62a619e61d5d977ace13e95a40ab,core/src/main/java/com/orientechnologies/orient/core/storage/impl/local/paginated/OPaginatedCluster.java,170,0,3,45,1836,2236,Bag
ebd292bbe0bb62a619e61d5d977ace13e95a40ab,core/src/main/java/com/orientechnologies/orient/core/storage/impl/local/paginated/atomicoperations/OAtomicOperationsManager.java,75,0,5,13,459,661,Bag
ec51e4422d5dcfcda37ecae60d544f5c503d07ac,core/src/main/java/com/orientechnologies/orient/core/sql/OCommandExecutorSQLAlterClass.java,16,0,2,3,79,135,Bag
ec51e4422d5dcfcda37ecae60d544f5c503d07ac,graphdb/src/test/java/com/orientechnologies/orient/graph/sql/SQLCreateVertexAndEdgeTest.java,5,0,1,6,136,198,NoBug
ed043179acd6afe524fb266433ca10d74c768c2e,graphdb/src/main/java/com/tinkerpop/blueprints/impls/orient/OrientGraphNoTx.java,56,0,3,9,289,420,Bag
ed043179acd6afe524fb266433ca10d74c768c2e,graphdb/src/main/java/com/tinkerpop/blueprints/impls/orient/OrientVertex.java,243,0,28,5,772,1244,Bag
ed043179acd6afe524fb266433ca10d74c768c2e,graphdb/src/test/java/com/tinkerpop/blueprints/impls/orient/OrientGraphNoTxTest.java,8,0,2,10,113,141,Bag
ed1b562003c7509649a9ce9058f3e9bab4b49fb3,object/src/test/java/com/orientechnologies/orient/object/db/entity/LoopEntityLink.java,1,0,1,2,10,18,NoBug
ed1b562003c7509649a9ce9058f3e9bab4b49fb3,object/src/test/java/com/orientechnologies/orient/object/db/TestLoopEntity.java,1,0,1,1,19,30,NoBug
ed1b562003c7509649a9ce9058f3e9bab4b49fb3,object/src/test/java/com/orientechnologies/orient/object/db/entity/LoopEntity.java,1,0,1,4,17,27,NoBug
ed22be16b340133c808215d3ab598f73d2c90bbb,lucene/src/main/java/com/orientechnologies/lucene/engine/OLuceneIndexEngineAbstract.java,45,0,2,27,421,536,Bag
ed22be16b340133c808215d3ab598f73d2c90bbb,lucene/src/test/java/com/orientechnologies/lucene/test/LuceneExportImportTest.java,2,0,1,2,61,101,Bag
ed997a0b33a876864cb78a87d20bb16addefa27b,graphdb/src/main/java/com/tinkerpop/blueprints/impls/orient/OrientElement.java,87,0,26,10,406,742,NoBug
ed997a0b33a876864cb78a87d20bb16addefa27b,graphdb/src/test/java/com/tinkerpop/blueprints/impls/orient/OrientVertexWithEmbeddedListTest.java,2,0,0,2,47,56,NoBug
ed997a0b33a876864cb78a87d20bb16addefa27b,core/src/main/java/com/orientechnologies/orient/core/db/record/ORecordLazyList.java,81,0,2,41,394,542,NoBug
eda36859b9b033e1c3c6c69dce74c4959ac3439e,core/src/main/java/com/orientechnologies/orient/core/index/OAbstractIndexDefinitionMultiValue.java,9,0,1,1,50,82,Bag
eda36859b9b033e1c3c6c69dce74c4959ac3439e,core/src/test/java/com/orientechnologies/orient/core/index/OPropertyIndexDefinitionTest.java,1,0,0,15,94,122,Bag
eda36859b9b033e1c3c6c69dce74c4959ac3439e,core/src/main/java/com/orientechnologies/orient/core/index/OIndexFactory.java,1,0,3,2,12,61,Bag
eda36859b9b033e1c3c6c69dce74c4959ac3439e,core/src/main/java/com/orientechnologies/orient/core/index/OCompositeIndexDefinition.java,54,0,14,12,381,567,Bag
eda36859b9b033e1c3c6c69dce74c4959ac3439e,core/src/main/java/com/orientechnologies/orient/core/index/ORuntimeKeyIndexDefinition.java,7,0,2,16,115,176,Bag
eda36859b9b033e1c3c6c69dce74c4959ac3439e,core/src/main/java/com/orientechnologies/orient/core/index/OSimpleKeyIndexDefinition.java,26,0,1,17,160,228,Bag
eda36859b9b033e1c3c6c69dce74c4959ac3439e,core/src/test/java/com/orientechnologies/orient/core/index/OPropertyRidBagAbstractIndexDefinitionTest.java,1,0,1,18,241,331,Bag
eda36859b9b033e1c3c6c69dce74c4959ac3439e,core/src/test/java/com/orientechnologies/orient/core/index/OPropertyMapIndexDefinitionTest.java,1,0,1,35,321,443,Bag
eda36859b9b033e1c3c6c69dce74c4959ac3439e,core/src/test/java/com/orientechnologies/orient/core/index/OCompositeIndexDefinitionTest.java,9,0,0,41,618,862,Bag
eda36859b9b033e1c3c6c69dce74c4959ac3439e,tests/src/test/java/com/orientechnologies/orient/test/database/auto/IndexManagerTest.java,8,0,0,48,473,653,Bag
eda36859b9b033e1c3c6c69dce74c4959ac3439e,core/src/test/java/com/orientechnologies/orient/core/index/OPropertyListIndexDefinitionTest.java,1,0,1,25,297,405,Bag
eda36859b9b033e1c3c6c69dce74c4959ac3439e,tests/src/test/java/com/orientechnologies/orient/test/database/auto/IndexTest.java,146,0,0,59,1353,1775,Bag
eda36859b9b033e1c3c6c69dce74c4959ac3439e,core/src/main/java/com/orientechnologies/orient/core/index/OIndexes.java,15,0,8,1,93,205,Bag
eda36859b9b033e1c3c6c69dce74c4959ac3439e,core/src/main/java/com/orientechnologies/orient/core/index/hashindex/local/OHashIndexFactory.java,12,0,2,3,79,129,Bag
eda36859b9b033e1c3c6c69dce74c4959ac3439e,core/src/main/java/com/orientechnologies/orient/core/index/OIndexDefinitionFactory.java,33,0,3,0,123,203,Bag
eda36859b9b033e1c3c6c69dce74c4959ac3439e,core/src/main/java/com/orientechnologies/orient/core/index/OPropertyMapIndexDefinition.java,22,0,2,13,153,221,Bag
eda36859b9b033e1c3c6c69dce74c4959ac3439e,core/src/main/java/com/orientechnologies/orient/core/index/OIndexDefinition.java,1,0,13,7,26,139,Bag
eda36859b9b033e1c3c6c69dce74c4959ac3439e,core/src/main/java/com/orientechnologies/orient/core/index/OIndexAbstract.java,92,0,3,51,835,1070,Bag
eda36859b9b033e1c3c6c69dce74c4959ac3439e,core/src/main/java/com/orientechnologies/orient/core/index/OIndexInternal.java,13,0,14,19,103,293,Bag
eda36859b9b033e1c3c6c69dce74c4959ac3439e,core/src/main/java/com/orientechnologies/orient/core/index/OIndexManagerShared.java,71,0,4,7,406,578,Bag
eda36859b9b033e1c3c6c69dce74c4959ac3439e,core/src/main/java/com/orientechnologies/orient/core/index/OPropertyListIndexDefinition.java,8,0,1,8,69,109,Bag
eda36859b9b033e1c3c6c69dce74c4959ac3439e,core/src/main/java/com/orientechnologies/orient/core/index/OPropertyRidBagIndexDefinition.java,7,0,1,8,65,106,Bag
eda36859b9b033e1c3c6c69dce74c4959ac3439e,core/src/main/java/com/orientechnologies/orient/core/index/ODefaultIndexFactory.java,13,0,2,4,88,145,Bag
eda36859b9b033e1c3c6c69dce74c4959ac3439e,core/src/main/java/com/orientechnologies/orient/core/index/OAbstractIndexDefinition.java,10,0,1,9,70,116,Bag
eda36859b9b033e1c3c6c69dce74c4959ac3439e,core/src/main/java/com/orientechnologies/orient/core/index/OPropertyIndexDefinition.java,14,0,4,13,142,218,Bag
eda36859b9b033e1c3c6c69dce74c4959ac3439e,graphdb/src/main/java/com/tinkerpop/blueprints/impls/orient/OrientBaseGraph.java,162,0,68,12,999,1854,Bag
eda36859b9b033e1c3c6c69dce74c4959ac3439e,tests/src/test/java/com/orientechnologies/orient/test/database/auto/ClassIndexTest.java,17,0,0,79,1068,1327,Bag
eda36859b9b033e1c3c6c69dce74c4959ac3439e,distributed/src/main/java/com/orientechnologies/orient/server/hazelcast/OHazelcastPlugin.java,175,0,6,49,1034,1435,Bag
eda36859b9b033e1c3c6c69dce74c4959ac3439e,distributed/src/main/java/com/orientechnologies/orient/server/hazelcast/ODistributedWorker.java,54,0,1,5,302,450,Bag
eda36859b9b033e1c3c6c69dce74c4959ac3439e,server/src/main/java/com/orientechnologies/orient/server/distributed/ODistributedRequest.java,1,0,1,12,19,57,NoBug
eda36859b9b033e1c3c6c69dce74c4959ac3439e,distributed/src/main/java/com/orientechnologies/orient/server/hazelcast/OHazelcastDistributedRequest.java,3,0,2,16,108,157,NoBug
eda978aeda4e2d46618285fcb1d73642a30164c2,core/src/main/java/com/orientechnologies/orient/core/hook/ODocumentHookAbstract.java,33,0,17,10,164,349,Bag
eda978aeda4e2d46618285fcb1d73642a30164c2,core/src/main/java/com/orientechnologies/orient/core/index/engine/OSBTreeIndexEngine.java,12,0,1,25,209,287,Bag
eda978aeda4e2d46618285fcb1d73642a30164c2,core/src/main/java/com/orientechnologies/orient/core/db/document/ODatabaseDocumentTx.java,423,0,82,84,2292,3337,Bag
eda978aeda4e2d46618285fcb1d73642a30164c2,tests/src/test/java/com/orientechnologies/orient/test/database/auto/LinkListIndexTest.java,42,0,1,19,389,509,Bag
eda978aeda4e2d46618285fcb1d73642a30164c2,tests/src/test/java/com/orientechnologies/orient/test/database/auto/LinkBagIndexTest.java,44,0,1,19,453,598,Bag
eda978aeda4e2d46618285fcb1d73642a30164c2,tests/src/test/java/com/orientechnologies/orient/test/database/auto/SecurityTest.java,21,0,0,21,337,431,Bag
eda978aeda4e2d46618285fcb1d73642a30164c2,core/src/main/java/com/orientechnologies/orient/core/storage/OCluster.java,1,0,7,35,51,166,Bag
eda978aeda4e2d46618285fcb1d73642a30164c2,tests/src/test/java/com/orientechnologies/orient/test/database/auto/ObjectDetachingTestSchemaFull.java,12,0,0,22,552,716,Bag
eda978aeda4e2d46618285fcb1d73642a30164c2,core/src/main/java/com/orientechnologies/orient/core/index/engine/OHashTableIndexEngine.java,27,0,1,25,313,419,Bag
eda978aeda4e2d46618285fcb1d73642a30164c2,core/src/main/java/com/orientechnologies/orient/core/index/OIndexInternal.java,1,0,10,10,36,192,Bag
eda978aeda4e2d46618285fcb1d73642a30164c2,core/src/main/java/com/orientechnologies/orient/core/config/OGlobalConfiguration.java,33,0,3,14,637,1009,Bag
eda978aeda4e2d46618285fcb1d73642a30164c2,tests/src/test/java/com/orientechnologies/orient/test/database/auto/RestrictedTest.java,9,0,2,25,235,307,Bag
eda978aeda4e2d46618285fcb1d73642a30164c2,client/src/main/java/com/orientechnologies/orient/client/remote/OClusterRemote.java,1,0,5,36,152,243,Bag
eda978aeda4e2d46618285fcb1d73642a30164c2,core/src/main/java/com/orientechnologies/orient/core/index/OIndexAbstract.java,100,0,6,50,842,1104,Bag
eda978aeda4e2d46618285fcb1d73642a30164c2,client/src/main/java/com/orientechnologies/orient/client/remote/OStorageRemote.java,248,0,5,76,1850,2322,Bag
eda978aeda4e2d46618285fcb1d73642a30164c2,core/src/main/java/com/orientechnologies/orient/core/sql/OCommandExecutorSQLUpdate.java,201,0,2,9,712,925,Bag
eda978aeda4e2d46618285fcb1d73642a30164c2,core/src/main/java/com/orientechnologies/orient/core/index/sbtree/local/OSBTree.java,214,0,1,26,1755,2182,Bag
eda978aeda4e2d46618285fcb1d73642a30164c2,core/src/main/java/com/orientechnologies/orient/core/storage/impl/local/paginated/OPaginatedCluster.java,169,0,3,45,1823,2223,Bag
eda978aeda4e2d46618285fcb1d73642a30164c2,tests/src/test/java/com/orientechnologies/orient/test/database/auto/ORidBagTest.java,106,0,0,29,1194,1636,Bag
eda978aeda4e2d46618285fcb1d73642a30164c2,tests/src/test/java/com/orientechnologies/orient/test/database/auto/DbListenerTest.java,12,0,1,26,248,343,Bag
eda978aeda4e2d46618285fcb1d73642a30164c2,tests/src/test/java/com/orientechnologies/orient/test/database/auto/ObjectDetachingTest.java,12,0,0,25,614,782,Bag
eda978aeda4e2d46618285fcb1d73642a30164c2,core/src/test/java/com/orientechnologies/orient/core/sql/lock/TestQueryRecordLockUnlock.java,19,0,0,4,171,193,Bag
eda978aeda4e2d46618285fcb1d73642a30164c2,core/src/main/java/com/orientechnologies/orient/core/tx/OTransactionOptimistic.java,119,0,1,22,494,660,Bag
eda978aeda4e2d46618285fcb1d73642a30164c2,tests/src/test/java/com/orientechnologies/orient/test/internal/index/IndexUniqueTest.java,16,0,0,5,107,140,Bag
eda978aeda4e2d46618285fcb1d73642a30164c2,core/src/main/java/com/orientechnologies/orient/core/storage/OStorageAbstract.java,14,0,1,24,174,240,Bag
eda978aeda4e2d46618285fcb1d73642a30164c2,core/src/main/java/com/orientechnologies/orient/core/index/engine/ORemoteIndexEngine.java,1,0,1,25,126,181,Bag
eda978aeda4e2d46618285fcb1d73642a30164c2,lucene/src/main/java/com/orientechnologies/lucene/engine/OLuceneIndexEngineAbstract.java,44,0,2,28,399,507,Bag
eda978aeda4e2d46618285fcb1d73642a30164c2,tests/src/test/java/com/orientechnologies/orient/test/database/auto/LinkSetIndexTest.java,43,0,1,19,457,600,Bag
eda978aeda4e2d46618285fcb1d73642a30164c2,core/src/main/java/com/orientechnologies/orient/core/hook/ORecordHookAbstract.java,19,0,10,20,122,252,Bag
eda978aeda4e2d46618285fcb1d73642a30164c2,core/src/main/java/com/orientechnologies/orient/core/tx/OTransactionIndexChanges.java,3,0,1,9,46,91,Bag
eda978aeda4e2d46618285fcb1d73642a30164c2,core/src/main/java/com/orientechnologies/orient/core/storage/impl/local/paginated/atomicoperations/OAtomicOperation.java,77,0,4,21,468,654,Bag
eda978aeda4e2d46618285fcb1d73642a30164c2,core/src/main/java/com/orientechnologies/orient/core/storage/impl/local/paginated/atomicoperations/OAtomicOperationsManager.java,75,0,5,13,459,661,Bag
eda978aeda4e2d46618285fcb1d73642a30164c2,core/src/main/java/com/orientechnologies/orient/core/index/OIndexUnique.java,9,0,1,4,60,100,Bag
eda978aeda4e2d46618285fcb1d73642a30164c2,core/src/main/java/com/orientechnologies/orient/core/index/hashindex/local/OLocalHashTable20.java,210,0,1,23,1690,2187,Bag
eda978aeda4e2d46618285fcb1d73642a30164c2,core/src/main/java/com/orientechnologies/orient/core/index/OIndexFullText.java,33,0,3,6,243,352,Bag
eda978aeda4e2d46618285fcb1d73642a30164c2,core/src/main/java/com/orientechnologies/orient/core/index/OIndexEngine.java,1,0,1,26,41,93,Bag
eda978aeda4e2d46618285fcb1d73642a30164c2,core/src/main/java/com/orientechnologies/orient/core/index/hashindex/local/OLocalHashTable.java,188,0,1,23,1594,2016,Bag
eda978aeda4e2d46618285fcb1d73642a30164c2,core/src/main/java/com/orientechnologies/orient/core/tx/OTransactionNoTx.java,40,0,3,38,290,388,Bag
eda978aeda4e2d46618285fcb1d73642a30164c2,core/src/main/java/com/orientechnologies/orient/core/metadata/schema/OSchemaShared.java,190,0,9,46,1070,1430,Bag
eda978aeda4e2d46618285fcb1d73642a30164c2,tests/src/test/java/com/orientechnologies/orient/test/database/auto/HookTxTest.java,29,0,0,18,183,237,Bag
eda978aeda4e2d46618285fcb1d73642a30164c2,core/src/main/java/com/orientechnologies/orient/core/index/OIndexOneValue.java,17,0,1,14,200,261,Bag
eda978aeda4e2d46618285fcb1d73642a30164c2,core/src/main/java/com/orientechnologies/orient/core/index/OClassIndexManager.java,105,0,1,19,476,627,Bag
eda978aeda4e2d46618285fcb1d73642a30164c2,core/src/main/java/com/orientechnologies/orient/core/storage/cache/local/OWOWCache.java,230,0,2,44,1458,1896,Bag
eda978aeda4e2d46618285fcb1d73642a30164c2,core/src/main/java/com/orientechnologies/orient/core/hook/ORecordHook.java,19,0,4,7,59,154,Bag
eda978aeda4e2d46618285fcb1d73642a30164c2,tests/src/test/java/com/orientechnologies/orient/test/database/auto/SchemaTest.java,39,0,0,31,471,665,Bag
eda978aeda4e2d46618285fcb1d73642a30164c2,core/src/main/java/com/orientechnologies/orient/core/index/OIndexRecorder.java,9,0,0,63,298,399,Bag
eda978aeda4e2d46618285fcb1d73642a30164c2,core/src/main/java/com/orientechnologies/orient/core/index/hashindex/local/OHashTable.java,3,0,1,31,92,153,Bag
eda978aeda4e2d46618285fcb1d73642a30164c2,lucene/src/main/java/com/orientechnologies/lucene/engine/OLuceneIndexEngineDelegate.java,5,0,1,39,202,278,Bag
eda978aeda4e2d46618285fcb1d73642a30164c2,core/src/main/java/com/orientechnologies/orient/core/storage/impl/local/OAbstractPaginatedStorage.java,485,0,7,102,3182,4208,Bag
eda978aeda4e2d46618285fcb1d73642a30164c2,core/src/main/java/com/orientechnologies/orient/core/storage/impl/local/paginated/OOfflineCluster.java,5,0,1,41,194,267,Bag
eda978aeda4e2d46618285fcb1d73642a30164c2,tests/src/test/java/com/orientechnologies/orient/test/internal/index/IndexConcurrencyTest.java,26,0,0,10,224,292,Bag
eda978aeda4e2d46618285fcb1d73642a30164c2,core/src/main/java/com/orientechnologies/orient/core/sharding/auto/OAutoShardingIndexEngine.java,31,0,1,26,252,332,Bag
eda978aeda4e2d46618285fcb1d73642a30164c2,core/src/main/java/com/orientechnologies/orient/core/index/OIndexMultiValues.java,27,0,1,14,301,405,Bag
eda978aeda4e2d46618285fcb1d73642a30164c2,core/src/main/java/com/orientechnologies/orient/core/index/OIndexDictionary.java,3,0,2,4,47,89,Bag
eda978aeda4e2d46618285fcb1d73642a30164c2,server/src/main/java/com/orientechnologies/orient/server/network/protocol/binary/ONetworkProtocolBinary.java,363,0,2,15,2142,2784,Bag
eddbf004c69999b7aa2c79a918b7858b48892778,tests/src/test/java/com/orientechnologies/orient/test/database/auto/SQLSelectGroupByTest.java,10,0,0,9,111,154,Bag
eddbf004c69999b7aa2c79a918b7858b48892778,core/src/main/java/com/orientechnologies/orient/core/sql/OCommandExecutorSQLSelect.java,634,0,5,19,2231,2890,Bag
ee62b107e51e2599e3ec8b32250a83f4849e0fbb,core/src/main/java/com/orientechnologies/orient/core/index/OClassIndexManager.java,103,0,1,18,472,616,NoBug
ee62b107e51e2599e3ec8b32250a83f4849e0fbb,graphdb/src/test/java/com/orientechnologies/orient/core/index/TestIndexFailUpdate.java,2,0,0,2,46,56,NoBug
ee99820746999a6463b39f0a233cfa0fd109ce5e,graphdb/src/main/java/com/tinkerpop/blueprints/impls/orient/OrientBaseGraph.java,236,0,76,13,1281,2221,Bag
eec003c5b2964854dafbbc9eaf7c456a92f41573,core/src/main/java/com/orientechnologies/orient/core/index/OIndexTxAwareOneValue.java,58,0,1,8,302,413,NoBug
eec003c5b2964854dafbbc9eaf7c456a92f41573,core/src/main/java/com/orientechnologies/orient/core/db/record/ridbag/sbtree/OIndexRIDContainer.java,12,0,3,19,175,245,NoBug
eefe33973dbf95af2f11a44f56ef4d94e9a82bf0,core/src/main/java/com/orientechnologies/orient/enterprise/channel/binary/OChannelBinaryProtocol.java,3,0,1,1,101,167,Bag
eefe33973dbf95af2f11a44f56ef4d94e9a82bf0,core/src/test/java/com/orientechnologies/orient/core/sql/parser/OSelectStatementTest.java,7,0,0,57,533,684,Bag
eefe33973dbf95af2f11a44f56ef4d94e9a82bf0,core/src/main/java/com/orientechnologies/orient/core/sql/parser/OExpression.java,31,0,1,14,144,186,Bag
eefe33973dbf95af2f11a44f56ef4d94e9a82bf0,server/src/main/java/com/orientechnologies/orient/server/network/protocol/binary/OAbstractCommandResultListener.java,6,0,1,4,37,73,Bag
eefe33973dbf95af2f11a44f56ef4d94e9a82bf0,core/src/main/java/com/orientechnologies/orient/core/command/OCommandRequestInternal.java,1,0,1,8,14,51,Bag
eefe33973dbf95af2f11a44f56ef4d94e9a82bf0,server/src/main/java/com/orientechnologies/orient/server/network/protocol/binary/ONetworkProtocolBinary.java,360,0,2,14,2106,2742,Bag
eefe33973dbf95af2f11a44f56ef4d94e9a82bf0,core/src/main/java/com/orientechnologies/orient/core/command/script/OCommandExecutorScript.java,111,0,1,7,476,625,Bag
eefe33973dbf95af2f11a44f56ef4d94e9a82bf0,core/src/test/java/com/orientechnologies/orient/core/sql/OCommandExecutorSQLSelectTest.java,32,0,1,76,989,1258,Bag
eefe33973dbf95af2f11a44f56ef4d94e9a82bf0,client/src/main/java/com/orientechnologies/orient/client/remote/OStorageRemote.java,277,0,6,74,1914,2459,Bag
eefe33973dbf95af2f11a44f56ef4d94e9a82bf0,core/src/main/java/com/orientechnologies/orient/core/sql/parser/OrientSql.java,11094,0,11,168,24156,25625,Bag
eefe33973dbf95af2f11a44f56ef4d94e9a82bf0,core/src/main/java/com/orientechnologies/orient/core/command/OCommandRequestAbstract.java,16,0,3,24,160,236,Bag
ef1de0eb112ab9b7f185d9c1911e3d12be943aef,core/src/main/java/com/orientechnologies/orient/core/sql/OCommandExecutorSQLLiveSelect.java,32,0,1,6,194,245,NoBug
ef2971c654903ea0b742a5353d1bf0d05e2d3f2b,core/src/main/java/com/orientechnologies/orient/core/sql/parser/OrientSql.java,3685,0,12,110,11156,12002,Bag
ef3abbd3c37ae6befb3f12dd96ed5686df33e1bc,etl/src/main/java/com/orientechnologies/orient/etl/extractor/OETLJDBCExtractor.java,40,0,0,10,202,247,NoBug
ef9d212668f6f8bdf228c80d56fd4f205603f855,core/src/main/java/com/orientechnologies/orient/core/sql/OCommandExecutorSQLAlterProperty.java,32,0,2,4,137,196,NoBug
ef9d212668f6f8bdf228c80d56fd4f205603f855,core/src/main/java/com/orientechnologies/orient/core/sql/OSQLHelper.java,93,0,2,10,282,404,NoBug
efc7d4cb6fdd46d0402376cff10f61061fb29a49,core/src/main/java/com/orientechnologies/orient/core/sql/ORuntimeResult.java,63,0,2,8,188,266,NoBug
efc7d4cb6fdd46d0402376cff10f61061fb29a49,core/src/main/java/com/orientechnologies/orient/core/sql/filter/OSQLFilterCondition.java,133,0,1,14,369,489,NoBug
efc7d4cb6fdd46d0402376cff10f61061fb29a49,core/src/main/java/com/orientechnologies/orient/core/sql/filter/OSQLFilterItemField.java,38,0,6,11,156,243,Bag
efc7d4cb6fdd46d0402376cff10f61061fb29a49,core/src/test/java/com/orientechnologies/orient/core/sql/select/TestBinaryRecordsQuery.java,1,0,1,7,81,108,NoBug
efc7d4cb6fdd46d0402376cff10f61061fb29a49,core/src/main/java/com/orientechnologies/orient/core/sql/OCommandExecutorSQLSelect.java,642,0,4,19,2252,2918,Bag
efdd13cc9525173454c07314a9d28d7b95673a20,core/src/test/java/com/orientechnologies/orient/core/sql/OCommandExecutorSQLSelectTestIndex.java,1,0,0,3,44,76,Bag
efdd13cc9525173454c07314a9d28d7b95673a20,core/src/main/java/com/orientechnologies/orient/core/sql/OFilterAnalyzer.java,38,0,2,2,167,252,Bag
f00e82a1cdbb2e2cf1995444fcb5be42ec9990e9,graphdb/src/main/java/com/orientechnologies/orient/graph/sql/OCommandExecutorSQLMoveVertex.java,26,0,2,3,128,198,NoBug
f00e82a1cdbb2e2cf1995444fcb5be42ec9990e9,graphdb/src/test/java/com/orientechnologies/orient/graph/console/OGremlinConsoleTest.java,8,0,1,7,171,232,NoBug
f00f60c2b994892aa5f4749221a9925578a1ce02,graphdb/src/test/java/com/orientechnologies/orient/graph/console/OGremlinConsoleTest.java,8,0,1,6,147,201,Bag
f00f60c2b994892aa5f4749221a9925578a1ce02,graphdb/src/main/java/com/orientechnologies/orient/graph/sql/OCommandExecutorSQLMoveVertex.java,25,0,2,3,125,195,Bag
f0530dff33ff85748e0835e4e39c87901e559faa,graphdb/src/test/java/com/orientechnologies/orient/graph/TestGraphTransactionOnBatch.java,12,0,1,12,214,252,NoBug
f0530dff33ff85748e0835e4e39c87901e559faa,graphdb/src/main/java/com/orientechnologies/orient/graph/sql/OCommandExecutorSQLCreateEdge.java,36,0,2,5,170,254,Bag
f0530dff33ff85748e0835e4e39c87901e559faa,tests/src/test/java/com/orientechnologies/orient/test/database/auto/SQLBatchTest.java,3,0,1,2,35,64,NoBug
f05390b3bc41366ae0ee7f0d09d30d4e315bd8df,core/src/main/java/com/orientechnologies/common/directmemory/ODirectMemoryFactory.java,1,0,0,0,24,56,Bag
f086af50b7056c04b2434b4f658e485649f6c8c4,core/src/test/java/com/orientechnologies/orient/core/sql/OCommandExecutorSQLUpdateTest.java,1,0,1,15,317,425,Bag
f086af50b7056c04b2434b4f658e485649f6c8c4,core/src/main/java/com/orientechnologies/orient/core/sql/parser/OUpdateStatement.java,12,0,0,4,63,84,NoBug
f086af50b7056c04b2434b4f658e485649f6c8c4,core/src/main/java/com/orientechnologies/orient/core/sql/OCommandExecutorSQLUpdate.java,196,0,2,9,698,903,Bag
f08f910ba813ab5ee0ce05bd2ad55e2497721be8,tools/src/main/java/com/orientechnologies/orient/console/OConsoleDatabaseApp.java,267,0,12,100,1824,2312,Bag
f0af5e5b2ec37ca3af558241002f038faff6c4e6,core/src/main/java/com/orientechnologies/orient/core/metadata/security/OSecurityShared.java,90,0,3,35,448,619,Bag
f0af5e5b2ec37ca3af558241002f038faff6c4e6,tests/src/test/java/com/orientechnologies/orient/test/database/auto/SecurityTest.java,16,0,0,15,223,298,Bag
f0af5e5b2ec37ca3af558241002f038faff6c4e6,core/src/main/java/com/orientechnologies/orient/core/storage/fs/OFileClassic.java,82,0,11,26,793,1002,NoBug
f0af5e5b2ec37ca3af558241002f038faff6c4e6,core/src/main/java/com/orientechnologies/orient/core/exception/OFileLockedByAnotherProcessException.java,1,0,1,2,11,19,NoBug
f0d561e42b33521aafa30d93eade5f9c28218e47,server/src/main/java/com/orientechnologies/orient/server/network/OServerNetworkListener.java,44,0,0,20,264,364,NoBug
f0d561e42b33521aafa30d93eade5f9c28218e47,core/src/main/java/com/orientechnologies/orient/core/index/OIndexManagerShared.java,85,0,4,7,476,666,NoBug
f13e93face1ed758328d0172611feb8184ed0323,core/src/main/java/com/orientechnologies/orient/core/sql/parser/OrientSqlTreeConstants.java,1,0,0,1,272,278,Bag
f13e93face1ed758328d0172611feb8184ed0323,core/src/main/java/com/orientechnologies/orient/core/sql/parser/OrientSqlConstants.java,1,0,1,0,359,546,Bag
f13e93face1ed758328d0172611feb8184ed0323,core/src/main/java/com/orientechnologies/orient/core/sql/parser/OrientSql.java,5151,0,11,133,14703,15794,Bag
f13e93face1ed758328d0172611feb8184ed0323,core/src/main/java/com/orientechnologies/orient/core/sql/parser/OrientSqlTokenManager.java,1827,0,8,0,3971,4004,Bag
f14ba8b2d7fb3dc15617d6d1e9b6b70047b2fbe7,object/src/main/java/com/orientechnologies/orient/object/enhancement/OObjectEntitySerializer.java,367,0,12,40,1122,1450,Bag
f17c7cdff9f1f191e5ef43dbc0704b8ab442f4d9,graphdb/src/test/java/com/orientechnologies/orient/graph/blueprints/EdgeSaveShouldNotReinsertVerticesTest.java,1,0,1,1,27,64,NoBug
f17c7cdff9f1f191e5ef43dbc0704b8ab442f4d9,core/src/main/java/com/orientechnologies/orient/core/record/impl/ODirtyManager.java,44,0,1,14,170,219,NoBug
f1b98e1a3f5006526194c8f3a118fd0ff628a800,core/src/test/java/com/orientechnologies/orient/core/sql/parser/OTraverseStatementTest.java,5,0,1,1,51,68,NoBug
f1b98e1a3f5006526194c8f3a118fd0ff628a800,core/src/main/java/com/orientechnologies/orient/core/sql/parser/OrientSqlTokenManager.java,1597,0,8,0,3560,3591,NoBug
f1c363fbeb9ba563f2d8c5a5d0e2a20e24050de9,tests/src/test/java/com/orientechnologies/orient/test/database/auto/JSONTest.java,36,0,0,53,909,1162,NoBug
f1c363fbeb9ba563f2d8c5a5d0e2a20e24050de9,core/src/main/java/com/orientechnologies/orient/core/serialization/serializer/record/string/ORecordSerializerJSON.java,178,0,0,10,590,749,NoBug
f1e8f8049bd85035ddc3e1922bfd8d944a15dfdb,server/src/main/java/com/orientechnologies/orient/server/distributed/ODistributedStorage.java,185,0,1,83,1151,1587,Bag
f1e8f8049bd85035ddc3e1922bfd8d944a15dfdb,distributed/src/test/java/com/orientechnologies/orient/server/distributed/asynch/TestAsyncReplMode2ServersOverflow.java,5,0,0,1,42,57,NoBug
f20227c60791db9798df8f3aea6fb27a0ec5b13c,core/src/main/java/com/orientechnologies/orient/core/sql/executor/OResultInternal.java,43,0,1,20,209,239,Bag
f20227c60791db9798df8f3aea6fb27a0ec5b13c,core/src/main/java/com/orientechnologies/orient/core/record/impl/ODocument.java,667,0,55,41,2311,3169,Bag
f26e3919be05f50799d741ff30f6467c46e47781,core/src/main/java/com/orientechnologies/orient/core/sql/executor/FetchFromIndexStep.java,108,0,1,7,517,587,NoBug
f26e3919be05f50799d741ff30f6467c46e47781,core/src/test/java/com/orientechnologies/orient/core/sql/executor/OSelectStatementExecutionTest.java,250,0,1,119,2836,3213,NoBug
f29fec1d1bdbcde4cb59132dcdc1546c50513c66,server/src/main/java/com/orientechnologies/orient/server/network/protocol/http/OHttpResponse.java,92,0,3,35,471,608,NoBug
f29fec1d1bdbcde4cb59132dcdc1546c50513c66,server/src/main/java/com/orientechnologies/orient/server/network/protocol/http/command/post/OServerCommandPostCommand.java,20,0,0,3,97,150,NoBug
f29fec1d1bdbcde4cb59132dcdc1546c50513c66,core/src/main/java/com/orientechnologies/orient/core/config/OGlobalConfiguration.java,33,0,3,14,662,1090,NoBug
f2c3273e9f37bffc0c99099735b1a09364360430,core/src/main/java/com/orientechnologies/orient/core/config/OGlobalConfiguration.java,38,0,3,11,531,801,Bag
f2c3273e9f37bffc0c99099735b1a09364360430,core/src/main/java/com/orientechnologies/orient/core/sql/parser/OrientSqlTreeConstants.java,1,0,0,1,234,240,NoBug
f2c3273e9f37bffc0c99099735b1a09364360430,server/src/test/java/com/orientechnologies/orient/core/storage/impl/local/paginated/IndexCrashRestoreMultiValue.java,22,0,1,9,202,263,NoBug
f2c3273e9f37bffc0c99099735b1a09364360430,core/src/main/java/com/orientechnologies/orient/core/storage/impl/local/paginated/OLocalPaginatedStorage.java,30,0,1,10,249,327,NoBug
f2c3273e9f37bffc0c99099735b1a09364360430,core/src/main/java/com/orientechnologies/orient/core/index/hashindex/local/OHashTableDirectory.java,45,0,1,20,498,612,NoBug
f2c3273e9f37bffc0c99099735b1a09364360430,core/src/main/java/com/orientechnologies/orient/core/index/sbtree/local/OSBTree.java,186,0,1,26,1535,1958,NoBug
f2c3273e9f37bffc0c99099735b1a09364360430,core/src/main/java/com/orientechnologies/orient/core/index/hashindex/local/OLocalHashTable.java,179,0,1,23,1433,1852,NoBug
f2c3273e9f37bffc0c99099735b1a09364360430,core/src/main/java/com/orientechnologies/orient/core/index/sbtreebonsai/local/OSBTreeBonsaiLocal.java,110,0,4,25,1145,1428,NoBug
f2c3273e9f37bffc0c99099735b1a09364360430,core/src/main/java/com/orientechnologies/orient/core/storage/impl/local/OAbstractPaginatedStorage.java,308,0,3,76,2026,2650,Bag
f2c3273e9f37bffc0c99099735b1a09364360430,core/src/main/java/com/orientechnologies/orient/core/index/hashindex/local/OLocalHashTable20.java,207,0,1,23,1673,2171,NoBug
f2c3273e9f37bffc0c99099735b1a09364360430,core/src/main/java/com/orientechnologies/orient/core/storage/impl/local/paginated/base/ODurableComponent.java,15,0,1,5,129,213,NoBug
f2c3273e9f37bffc0c99099735b1a09364360430,core/src/main/java/com/orientechnologies/orient/core/db/record/ridbag/sbtree/OIndexRIDContainer.java,13,0,3,19,184,256,NoBug
f2c3273e9f37bffc0c99099735b1a09364360430,core/src/main/java/com/orientechnologies/orient/core/storage/impl/local/paginated/atomicoperations/OAtomicOperation.java,58,0,1,21,348,489,NoBug
f2c3273e9f37bffc0c99099735b1a09364360430,core/src/main/java/com/orientechnologies/orient/core/storage/impl/local/paginated/atomicoperations/OAtomicOperationsMangerMXBean.java,1,0,1,3,6,12,NoBug
f2c3273e9f37bffc0c99099735b1a09364360430,core/src/main/java/com/orientechnologies/orient/core/index/OIndexAbstract.java,103,0,3,54,932,1184,Bag
f2c3273e9f37bffc0c99099735b1a09364360430,core/src/main/java/com/orientechnologies/orient/core/engine/local/OEngineLocalPaginated.java,4,0,1,5,49,88,NoBug
f2c3273e9f37bffc0c99099735b1a09364360430,core/src/test/java/com/orientechnologies/orient/core/ridbag/ConcurrencySBTreeBonsaiLocalTest.java,9,0,0,2,76,93,NoBug
f2c3273e9f37bffc0c99099735b1a09364360430,core/src/main/java/com/orientechnologies/orient/core/storage/impl/local/paginated/atomicoperations/OAtomicOperationsManager.java,35,0,1,12,213,292,NoBug
f2c3273e9f37bffc0c99099735b1a09364360430,core/src/main/java/com/orientechnologies/orient/core/storage/impl/local/paginated/OPaginatedCluster.java,120,0,2,44,1451,1767,NoBug
f2c3273e9f37bffc0c99099735b1a09364360430,core/src/main/java/com/orientechnologies/orient/core/storage/impl/local/paginated/OClusterPositionMap.java,42,0,1,19,424,524,NoBug
f3037a5423fac7a154c4e964d4d0f58fd4230345,tests/src/test/java/com/orientechnologies/orient/test/database/auto/NonBlockingQueryTest.java,4,0,0,6,72,86,Bag
f3037a5423fac7a154c4e964d4d0f58fd4230345,core/src/main/java/com/orientechnologies/orient/core/db/document/ODatabaseDocumentTx.java,405,0,77,91,2127,3136,Bag
f34f03d28049a0981ca7e2decc93f544313d2c8e,core/src/main/java/com/orientechnologies/orient/core/sql/functions/misc/OSQLMethodInclude.java,12,0,1,3,61,121,NoBug
f34f03d28049a0981ca7e2decc93f544313d2c8e,tests/src/test/java/com/orientechnologies/orient/test/database/auto/SQLSelectTest.java,125,0,1,87,1254,1709,Bag
f3608ba8ffbfc3ad3d60f844ff45b2aa3bb8b807,core/src/main/java/com/orientechnologies/orient/core/serialization/serializer/record/string/ORecordSerializerCSVAbstract.java,192,0,0,7,661,873,Bag
f3608ba8ffbfc3ad3d60f844ff45b2aa3bb8b807,core/src/main/java/com/orientechnologies/orient/core/serialization/serializer/record/string/ORecordSerializerJSON.java,179,0,0,11,602,767,Bag
f3608ba8ffbfc3ad3d60f844ff45b2aa3bb8b807,core/src/main/java/com/orientechnologies/orient/core/serialization/serializer/record/string/ORecordSerializerSchemaAware2CSV.java,171,0,0,8,433,578,Bag
f3ef57b6670c3d42ad0f3248c972f8076e6a3ebc,core/src/main/java/com/orientechnologies/orient/core/record/impl/ODocument.java,639,0,55,36,2187,3012,Bag
f3ef57b6670c3d42ad0f3248c972f8076e6a3ebc,tests/src/test/java/com/orientechnologies/orient/test/database/auto/SQLInsertTest.java,19,0,1,24,443,592,Bag
f3ef57b6670c3d42ad0f3248c972f8076e6a3ebc,core/src/main/java/com/orientechnologies/orient/core/sql/filter/OSQLTarget.java,45,0,1,11,204,285,NoBug
f426125219187319e7bc221053a7185337d409bb,core/src/main/java/com/orientechnologies/orient/core/storage/impl/local/paginated/atomicoperations/OAtomicOperationsManager.java,73,0,5,13,439,628,Bag
f4ccd6b0c2e1e33dd9420915e3b4916f9fbebc30,jdbc/src/test/java/com/orientechnologies/orient/jdbc/OrientJdbcResultSetTest.java,3,0,0,5,45,61,NoBug
f4ccd6b0c2e1e33dd9420915e3b4916f9fbebc30,jdbc/src/main/java/com/orientechnologies/orient/jdbc/OrientJdbcResultSetMetaData.java,45,0,1,25,247,329,NoBug
f4ccd6b0c2e1e33dd9420915e3b4916f9fbebc30,jdbc/src/test/java/com/orientechnologies/orient/jdbc/OrientDbCreationHelper.java,9,0,0,6,155,205,NoBug
f4ccd6b0c2e1e33dd9420915e3b4916f9fbebc30,jdbc/src/test/java/com/orientechnologies/orient/jdbc/OrientJdbcResultSetMetaDataTest.java,1,0,0,6,88,143,NoBug
f5244a4115b695fc4deb5e13a95808de71bbc115,core/src/main/java/com/orientechnologies/orient/core/record/ORecordInternal.java,1,0,7,9,66,126,NoBug
f5244a4115b695fc4deb5e13a95808de71bbc115,distributed/src/main/java/com/orientechnologies/orient/server/hazelcast/OHazelcastPlugin.java,169,0,6,47,1026,1413,NoBug
f5244a4115b695fc4deb5e13a95808de71bbc115,distributed/src/test/java/com/orientechnologies/orient/server/distributed/TestDistributeConfigSerialization.java,2,0,0,2,33,41,NoBug
f5342a06d22fef67a4b57022c3752e261fc4ba08,core/src/main/java/com/orientechnologies/orient/core/sql/functions/math/OSQLFunctionMax.java,20,0,1,6,67,119,Bag
f5342a06d22fef67a4b57022c3752e261fc4ba08,core/src/main/java/com/orientechnologies/orient/core/sql/functions/math/OSQLFunctionMin.java,20,0,1,6,67,120,Bag
f5342a06d22fef67a4b57022c3752e261fc4ba08,core/src/test/java/com/orientechnologies/orient/core/sql/OCommandExecutorSQLSelectTest.java,30,0,1,69,853,1083,Bag
f577e77e665919fb3e86277f2c54e4de4ca5ecf1,server/src/main/java/com/orientechnologies/orient/server/distributed/ODistributedResponseManager.java,125,0,5,14,559,800,Bag
f577e77e665919fb3e86277f2c54e4de4ca5ecf1,core/src/main/java/com/orientechnologies/orient/core/metadata/schema/OClassImpl.java,334,0,6,111,2214,2770,Bag
f64d252ebd92bb97deb08f27eb4a1386e3d823ce,distributed/src/main/java/com/orientechnologies/orient/server/hazelcast/OHazelcastPlugin.java,253,0,6,55,1462,2057,NoBug
f64d252ebd92bb97deb08f27eb4a1386e3d823ce,server/src/main/java/com/orientechnologies/orient/server/distributed/ODistributedStartupException.java,6,0,1,3,19,51,NoBug
f64fd86486d43e3667a3a53fa815e23c0a8270b4,tests/src/test/java/com/orientechnologies/orient/test/internal/index/IndexUniqueTest.java,16,0,0,5,109,140,Bag
f64fd86486d43e3667a3a53fa815e23c0a8270b4,core/src/main/java/com/orientechnologies/orient/core/index/OClassIndexManager.java,119,0,1,16,499,645,Bag
f665c6c66be2ddce02d4b1fd2c876f9f43a1a8e0,core/src/test/java/com/orientechnologies/orient/core/sql/OCommandExecutorSQLSelectTest.java,13,0,0,35,426,552,Bag
f665c6c66be2ddce02d4b1fd2c876f9f43a1a8e0,core/src/main/java/com/orientechnologies/orient/core/sql/parser/OrientSql.java,3923,0,12,114,11774,12662,Bag
f665c6c66be2ddce02d4b1fd2c876f9f43a1a8e0,core/src/main/java/com/orientechnologies/orient/core/sql/parser/OBaseExpression.java,12,0,1,5,57,78,NoBug
f665c6c66be2ddce02d4b1fd2c876f9f43a1a8e0,core/src/test/java/com/orientechnologies/orient/core/sql/parser/OSelectStatementTest.java,7,0,0,43,319,430,NoBug
f67daf45b4566b23618ed59a69edbdac7019253a,core/src/main/java/com/orientechnologies/orient/core/sql/parser/OInputParameter.java,15,0,1,6,125,148,Bag
f67daf45b4566b23618ed59a69edbdac7019253a,tests/src/test/java/com/orientechnologies/orient/test/database/auto/SQLSelectTest.java,125,0,1,93,1370,1855,Bag
f6b0636eed025d637fdcdc122574396edf9617ae,server/src/main/java/com/orientechnologies/orient/server/network/protocol/binary/OAbstractCommandResultListener.java,6,0,1,4,37,73,NoBug
f70744d6a6f96fc2c42d0fd018eadeba38328af9,graphdb/src/test/java/com/orientechnologies/orient/graph/blueprints/GraphGetVertices.java,4,0,1,1,74,150,Bag
f70744d6a6f96fc2c42d0fd018eadeba38328af9,graphdb/src/main/java/com/tinkerpop/blueprints/impls/orient/OrientBaseGraph.java,162,0,68,12,997,1850,Bag
f7728e8158f45d0f658955bf379cb70687426c99,server/src/main/java/com/orientechnologies/orient/server/network/protocol/http/command/get/OServerCommandGetFileDownload.java,11,0,1,2,90,132,NoBug
f7728e8158f45d0f658955bf379cb70687426c99,core/src/main/java/com/orientechnologies/orient/core/record/impl/ODocument.java,563,0,52,34,1935,2741,NoBug
f7728e8158f45d0f658955bf379cb70687426c99,server/src/main/java/com/orientechnologies/orient/server/network/protocol/http/command/post/OServerCommandPostImportDatabase.java,11,0,1,3,82,115,NoBug
f7728e8158f45d0f658955bf379cb70687426c99,core/src/main/java/com/orientechnologies/orient/core/sql/filter/OSQLFilterCondition.java,133,0,1,13,366,490,NoBug
f7748791c90eb1a6cb4d90deabc1f92601fff5f5,core/src/main/java/com/orientechnologies/orient/core/sql/functions/ODefaultSQLFunctionFactory.java,4,0,1,4,81,116,Bag
f7748791c90eb1a6cb4d90deabc1f92601fff5f5,core/src/main/java/com/orientechnologies/orient/core/sql/functions/coll/OSQLFunctionDifference.java,13,0,1,5,93,139,Bag
f7748791c90eb1a6cb4d90deabc1f92601fff5f5,core/src/test/java/com/orientechnologies/orient/core/sql/functions/coll/SQLFunctionDifferenceTest.java,6,0,1,3,64,106,Bag
f7af114d0a8d8ddcf319fee7066a51dc977c46a0,tests/src/test/java/com/orientechnologies/orient/test/database/auto/TraverseTest.java,11,0,0,21,222,275,Bag
f7f8c716bc3c9c94e4b757d8fae95b072d756db2,core/src/test/java/com/orientechnologies/orient/core/sql/functions/coll/SQLFunctionSymmetricDifferenceTest.java,6,0,1,3,64,105,NoBug
f7f8c716bc3c9c94e4b757d8fae95b072d756db2,core/src/test/java/com/orientechnologies/orient/core/sql/functions/coll/SQLFunctionDifferenceTest.java,2,0,1,1,29,66,NoBug
f7f8c716bc3c9c94e4b757d8fae95b072d756db2,core/src/main/java/com/orientechnologies/orient/core/sql/functions/coll/OSQLFunctionDifference.java,6,0,1,5,47,89,NoBug
f7f8c716bc3c9c94e4b757d8fae95b072d756db2,core/src/main/java/com/orientechnologies/orient/core/sql/functions/ODefaultSQLFunctionFactory.java,4,0,1,4,82,117,Bag
f7f8c716bc3c9c94e4b757d8fae95b072d756db2,core/src/main/java/com/orientechnologies/orient/core/sql/functions/coll/OSQLFunctionSymmetricDifference.java,13,0,1,5,87,133,NoBug
f7fa3f1dc00f3da0842b9da6ed2e5f30c4d1ad79,server/src/main/java/com/orientechnologies/orient/server/network/protocol/binary/OAbstractCommandResultListener.java,5,0,1,4,37,73,Bag
f88936fe0ec3687c5f5f97e57a5298e8cccc6851,core/src/main/java/com/orientechnologies/orient/core/sql/query/OSQLAsynchQuery.java,2,0,3,6,42,90,NoBug
f8cba3c3709c585b8a8d382982d68ff6179282e3,lucene/src/test/java/com/orientechnologies/lucene/test/GraphEmbeddedTest.java,2,0,1,3,38,75,Bag
f8cba3c3709c585b8a8d382982d68ff6179282e3,graphdb/src/main/java/com/tinkerpop/blueprints/impls/orient/OrientBaseGraph.java,236,0,76,13,1259,2198,Bag
f9609a5f1d133559ab8ca8943b2674ce3cab806d,server/src/main/java/com/orientechnologies/orient/server/network/protocol/binary/ONetworkProtocolBinary.java,374,0,2,15,2158,2802,NoBug
f9714a3a282f126631b979603ae07999d7c51a01,graphdb/src/main/java/com/tinkerpop/blueprints/impls/orient/OrientTransactionalGraph.java,20,0,4,3,128,214,NoBug
f9714a3a282f126631b979603ae07999d7c51a01,graphdb/src/main/java/com/orientechnologies/orient/graph/sql/OGraphCommandExecutorSQLFactory.java,35,0,6,10,196,297,NoBug
f9714a3a282f126631b979603ae07999d7c51a01,graphdb/src/test/java/com/orientechnologies/orient/graph/blueprints/NestedTxTest.java,2,0,1,1,63,80,NoBug
f97cccb32860eedf8cda7b54983761290488a305,distributed/src/test/java/com/orientechnologies/orient/server/distributed/DistributedIndexes.java,4,0,1,2,99,145,NoBug
f9b6f5b76bb25c3e1febcfe5cb006c2671ca5656,graphdb/src/main/java/com/orientechnologies/orient/graph/batch/OGraphBatchInsert.java,57,0,21,1,350,566,NoBug
f9db1c0eb8d3eaa776502265d5b499569054071c,graphdb/src/main/java/com/orientechnologies/orient/graph/sql/functions/OSQLFunctionAstar.java,55,0,1,5,259,346,Bag
f9f2209d60c0916162a4e910c23a44c7b8291d6f,graphdb/src/test/java/com/orientechnologies/orient/graph/blueprints/BlueprintsTest.java,8,0,0,13,140,182,NoBug
f9f2209d60c0916162a4e910c23a44c7b8291d6f,graphdb/src/main/java/com/tinkerpop/blueprints/impls/orient/OrientGraphQuery.java,63,0,9,2,272,422,NoBug
fa33c8cae82f2ab92ce37190e39624e89f3d2c4d,core/src/main/java/com/orientechnologies/common/log/OLogManager.java,50,0,3,28,231,325,Bag
fa39e130744473b38fd2ac3c128c7a2dd1ff8de9,tests/src/test/java/com/orientechnologies/orient/test/database/auto/SQLSelectTest.java,116,0,1,83,1191,1621,Bag
fa39e130744473b38fd2ac3c128c7a2dd1ff8de9,core/src/main/java/com/orientechnologies/orient/core/record/impl/ODocument.java,497,0,50,34,1749,2510,Bag
fa39e130744473b38fd2ac3c128c7a2dd1ff8de9,core/src/main/java/com/orientechnologies/orient/core/sql/functions/misc/OSQLMethodExclude.java,12,0,1,3,66,125,Bag
fa5599d13aa3ef97cd2ddd319e266dd334b9a398,core/src/test/java/com/orientechnologies/orient/core/sql/OCommandExecutorSQLSelectTest.java,38,0,2,90,1186,1543,NoBug
fa5599d13aa3ef97cd2ddd319e266dd334b9a398,core/src/main/java/com/orientechnologies/orient/core/sql/parser/OInputParameter.java,19,0,1,9,153,179,NoBug
fa7d5c3b04dd95177f06628827c28294c06bb714,core/src/main/java/com/orientechnologies/orient/core/storage/impl/local/paginated/wal/OLogSegment.java,65,0,0,0,467,588,Bag
fa7d5c3b04dd95177f06628827c28294c06bb714,core/src/main/java/com/orientechnologies/orient/core/storage/impl/local/paginated/OLocalPaginatedStorage.java,43,0,1,11,357,461,Bag
fa7d5c3b04dd95177f06628827c28294c06bb714,core/src/main/java/com/orientechnologies/orient/core/storage/impl/local/paginated/wal/ODiskWriteAheadLog.java,98,0,1,37,681,892,Bag
fa7d5c3b04dd95177f06628827c28294c06bb714,core/src/main/java/com/orientechnologies/orient/core/storage/impl/local/OAbstractPaginatedStorage.java,470,0,7,102,3121,4142,Bag
fa7d5c3b04dd95177f06628827c28294c06bb714,core/src/main/java/com/orientechnologies/orient/core/config/OGlobalConfiguration.java,39,0,3,14,687,1071,Bag
fad816fe14820c1468f7bb3b0799eaf5ace26283,core/src/main/java/com/orientechnologies/orient/core/record/impl/ODocumentHelper.java,401,0,4,18,1202,1509,NoBug
fad816fe14820c1468f7bb3b0799eaf5ace26283,tests/src/test/java/com/orientechnologies/orient/test/database/auto/SQLSelectTest.java,125,0,1,93,1370,1855,NoBug
fc62b9e2ad896783cae212f9ef0f23dd8a6cdb7f,core/src/test/java/com/orientechnologies/orient/core/record/impl/DefaultValueTest.java,1,0,0,5,64,86,NoBug
fc62b9e2ad896783cae212f9ef0f23dd8a6cdb7f,core/src/main/java/com/orientechnologies/orient/core/serialization/serializer/record/string/ORecordSerializerJSON.java,179,0,0,11,594,759,NoBug
fc62b9e2ad896783cae212f9ef0f23dd8a6cdb7f,core/src/test/java/com/orientechnologies/orient/core/record/impl/DefaultValueTest.java,1,0,0,5,64,86,NoBug
fc62b9e2ad896783cae212f9ef0f23dd8a6cdb7f,core/src/main/java/com/orientechnologies/orient/core/sql/OCommandExecutorSQLAlterProperty.java,32,0,2,4,143,203,NoBug
fc62b9e2ad896783cae212f9ef0f23dd8a6cdb7f,core/src/main/java/com/orientechnologies/orient/core/sql/OSQLHelper.java,93,0,2,10,282,404,NoBug
fc8a99336dd78317bfb271a7b6a1b086cfa0abe9,graphdb/src/main/java/com/tinkerpop/blueprints/impls/orient/OrientBaseGraph.java,162,0,68,12,998,1851,Bag
fc8a99336dd78317bfb271a7b6a1b086cfa0abe9,graphdb/src/test/java/com/orientechnologies/orient/graph/blueprints/GraphGetVertices.java,5,0,1,1,82,161,NoBug
fdc4bd6aac49739d48c5ec95b3cc1c6fabc99b78,core/src/test/java/com/orientechnologies/orient/core/sql/parser/OUpdateStatementTest.java,5,0,0,10,89,118,Bag
fdc4bd6aac49739d48c5ec95b3cc1c6fabc99b78,core/src/main/java/com/orientechnologies/orient/core/sql/parser/OrientSql.java,4916,0,11,130,14412,15501,Bag
fdc4bd6aac49739d48c5ec95b3cc1c6fabc99b78,core/src/test/java/com/orientechnologies/orient/core/sql/OCommandExecutorSQLUpdateTest.java,1,0,1,12,267,366,Bag
fdc4bd6aac49739d48c5ec95b3cc1c6fabc99b78,core/src/main/java/com/orientechnologies/orient/core/sql/parser/OUpdateStatement.java,19,0,0,4,87,108,Bag
fdc4bd6aac49739d48c5ec95b3cc1c6fabc99b78,core/src/test/java/com/orientechnologies/orient/core/sql/OCommandExecutorSQLScriptTest.java,2,0,0,12,121,154,Bag
fdc4bd6aac49739d48c5ec95b3cc1c6fabc99b78,core/src/main/java/com/orientechnologies/orient/core/sql/functions/text/OSQLMethodToJSON.java,9,0,1,3,41,79,NoBug
fe51dbda6cb54f9efee0a940f3c93cd5db560dfc,core/src/main/java/com/orientechnologies/orient/core/sql/parser/OMatchStatement.java,251,0,4,49,1125,1446,Bag
fe51dbda6cb54f9efee0a940f3c93cd5db560dfc,core/src/main/java/com/orientechnologies/common/profiler/AtomicLongOProfilerHookValue.java,1,0,1,2,12,20,NoBug
fe51dbda6cb54f9efee0a940f3c93cd5db560dfc,core/src/main/java/com/orientechnologies/orient/core/storage/impl/local/OAbstractPaginatedStorage.java,492,0,8,102,3168,4245,NoBug
fe908a5f0ac2bbe16a32f7b73a05b6471afc7ee4,core/src/main/java/com/orientechnologies/orient/core/index/OCompositeIndexCursor.java,6,0,1,2,29,61,NoBug
fe908a5f0ac2bbe16a32f7b73a05b6471afc7ee4,core/src/main/java/com/orientechnologies/orient/core/sql/OCommandExecutorSQLSelect.java,525,0,4,18,1887,2447,NoBug
fe908a5f0ac2bbe16a32f7b73a05b6471afc7ee4,tests/src/test/java/com/orientechnologies/orient/test/database/auto/IndexTest.java,156,0,0,61,1428,1871,NoBug
fe908a5f0ac2bbe16a32f7b73a05b6471afc7ee4,core/src/main/java/com/orientechnologies/orient/core/index/OIndexAbstract.java,104,0,3,54,932,1184,NoBug
ff2a881b4ee693ef0a408fc036637e905b630a50,core/src/main/java/com/orientechnologies/orient/core/sql/ORuntimeResult.java,72,0,2,8,207,289,Bag
ff5405b7a93397f7f737414cfe77fba48396d0d8,core/src/main/java/com/orientechnologies/orient/core/conflict/OAutoMergeRecordConflictStrategy.java,4,0,1,2,31,69,NoBug
ff5405b7a93397f7f737414cfe77fba48396d0d8,core/src/main/java/com/orientechnologies/orient/core/serialization/serializer/record/OSerializationSetThreadLocal.java,3,0,1,6,52,96,NoBug
ff5405b7a93397f7f737414cfe77fba48396d0d8,core/src/main/java/com/orientechnologies/orient/core/db/document/ODatabaseDocumentTx.java,404,0,77,88,2099,3096,Bag
ff5405b7a93397f7f737414cfe77fba48396d0d8,core/src/main/java/com/orientechnologies/orient/core/record/impl/ODocument.java,493,0,50,34,1747,2506,Bag
ff5405b7a93397f7f737414cfe77fba48396d0d8,tests/src/test/java/com/orientechnologies/orient/test/database/auto/DatabaseConflictStrategyAutoMergeTest.java,22,0,0,2,173,202,NoBug
ff5405b7a93397f7f737414cfe77fba48396d0d8,core/src/main/java/com/orientechnologies/orient/core/serialization/serializer/record/ORecordSaveThreadLocal.java,1,0,1,3,32,66,NoBug
ff547b5e2f7c0b123c62ecb5240b5e359411fc06,core/src/main/java/com/orientechnologies/orient/core/sql/OCommandExecutorSQLAlterProperty.java,32,0,2,4,136,195,NoBug
ff547b5e2f7c0b123c62ecb5240b5e359411fc06,core/src/main/java/com/orientechnologies/orient/core/metadata/schema/OPropertyImpl.java,153,0,9,53,1136,1464,NoBug
ff547b5e2f7c0b123c62ecb5240b5e359411fc06,core/src/main/java/com/orientechnologies/orient/core/metadata/schema/OType.java,224,0,10,10,546,757,NoBug
ff547b5e2f7c0b123c62ecb5240b5e359411fc06,core/src/test/java/com/orientechnologies/orient/core/metadata/schema/SaveLinkedTypeAnyTest.java,1,0,1,4,51,70,NoBug
ff547b5e2f7c0b123c62ecb5240b5e359411fc06,core/src/main/java/com/orientechnologies/orient/core/serialization/serializer/record/binary/ORecordSerializerBinaryV0.java,171,0,0,10,844,1016,NoBug
ff6f06a1daf0593f38b5e50561d0b40d87e44d89,tests/src/test/java/com/orientechnologies/orient/test/database/auto/SQLSelectGroupByTest.java,9,0,0,8,87,125,NoBug
ff6f06a1daf0593f38b5e50561d0b40d87e44d89,core/src/main/java/com/orientechnologies/orient/core/sql/OCommandExecutorSQLSelect.java,510,0,4,18,1861,2414,NoBug
ff95edf2adf836fc17f8f593e8fd1295f40d5464,core/src/main/java/com/orientechnologies/orient/core/metadata/schema/OPropertyImpl.java,141,0,9,50,1099,1424,NoBug
ff95edf2adf836fc17f8f593e8fd1295f40d5464,core/src/test/java/com/orientechnologies/orient/core/metadata/schema/AlterPropertyTest.java,3,0,0,7,71,90,NoBug
ff95edf2adf836fc17f8f593e8fd1295f40d5464,core/src/main/java/com/orientechnologies/orient/core/metadata/schema/OClassImpl.java,297,0,5,106,2094,2637,Bag
ffabef132bab167fb076b4a34d6bebf4c0afc926,graphdb/src/test/java/com/orientechnologies/orient/graph/sql/SQLMoveVertexCommandTest.java,10,0,0,9,194,296,Bag
ffabef132bab167fb076b4a34d6bebf4c0afc926,graphdb/src/main/java/com/tinkerpop/blueprints/impls/orient/OrientVertex.java,219,0,28,5,703,1186,Bag
